
UPDATE `featuretype` SET `id` = 'MONETARY' WHERE (`id` = 'TYPE_MONETARY');
UPDATE `featuretype` SET `id` = 'NON_MONETARY' WHERE (`id` = 'TYPE_NON_MONETARY');

INSERT INTO `actiontype` (`id`, `description`, `createdts`, `lastmodifiedts`, `synctimestamp`, `softdeleteflag`) VALUES ('MONETARY', 'Monetary', '2019-11-18 16:10:25', '2019-11-18 16:10:25', '2019-11-18 16:10:25', '0');
INSERT INTO `actiontype` (`id`, `description`, `createdts`, `lastmodifiedts`, `synctimestamp`, `softdeleteflag`) VALUES ('NON_MONETARY', 'Non Monetary', '2019-11-18 16:10:25', '2019-11-18 16:10:25', '2019-11-18 16:10:25', '0');

INSERT INTO `limittype` (`id`, `description`) VALUES ('PER_TRANSACTION_LIMIT', 'Per transaction limits');
INSERT INTO `limittype` (`id`, `description`) VALUES ('DAILY_LIMIT', 'Daily limit');
INSERT INTO `limittype` (`id`, `description`) VALUES ('WEEKLY_LIMIT', 'Weekly limit');

INSERT INTO `limitsubtype` (`id`, `name`, `LimitType_id`) VALUES ('MIN_TRANSACTION_LIMIT', 'Min transaction limit', 'PER_TRANSACTION_LIMIT');
INSERT INTO `limitsubtype` (`id`, `name`, `LimitType_id`) VALUES ('MAX_TRANSACTION_LIMIT', 'Max transaction limit', 'PER_TRANSACTION_LIMIT');
INSERT INTO `limitsubtype` (`id`, `name`, `LimitType_id`) VALUES ('MAX_DAILY_LIMIT', 'Max daily limit', 'DAILY_LIMIT');
INSERT INTO `limitsubtype` (`id`, `name`, `LimitType_id`) VALUES ('MAX_WEEKLY_LIMIT', 'Max weekly limit', 'WEEKLY_LIMIT');

INSERT INTO `membergrouptype` (`id`, `description`) VALUES ('TYPE_ID_CAMPAIGN', 'Campaign');
INSERT INTO `membergrouptype` (`id`, `description`) VALUES ('TYPE_ID_MICRO_BUSINESS', 'Micro Business');
INSERT INTO `membergrouptype` (`id`, `description`) VALUES ('TYPE_ID_PROSPECT', 'Prospect');
INSERT INTO `membergrouptype` (`id`, `description`) VALUES ('TYPE_ID_RETAIL', 'Retail');
INSERT INTO `membergrouptype` (`id`, `description`) VALUES ('TYPE_ID_SMALL_BUSINESS', 'Small Business');

-- Shift the foreign key
ALTER TABLE `membergroup` 
ADD CONSTRAINT `FK_MemberGroup_Type_id`
  FOREIGN KEY (`Type_id`)
  REFERENCES `membergrouptype` (`id`)
  ON DELETE NO ACTION
  ON UPDATE NO ACTION;

INSERT INTO `limitsubtype` (`id`, `name`, `LimitType_id`) VALUES ('PRE_APPROVED_TRANSACTION_LIMIT', 'Pre approved trasaction limit', 'PER_TRANSACTION_LIMIT');
INSERT INTO `limitsubtype` (`id`, `name`, `LimitType_id`) VALUES ('AUTO_DENIED_TRANSACTION_LIMIT', 'Auto denied transaction limit', 'PER_TRANSACTION_LIMIT');
INSERT INTO `limitsubtype` (`id`, `name`, `LimitType_id`) VALUES ('PRE_APPROVED_DAILY_LIMIT', 'Pre approved daily limit', 'DAILY_LIMIT');
INSERT INTO `limitsubtype` (`id`, `name`, `LimitType_id`) VALUES ('AUTO_DENIED_DAILY_LIMIT', 'Auto denied daily limit', 'DAILY_LIMIT');
INSERT INTO `limitsubtype` (`id`, `name`, `LimitType_id`) VALUES ('PRE_APPROVED_WEEKLY_LIMIT', 'Pre approved weekly limit', 'WEEKLY_LIMIT');
INSERT INTO `limitsubtype` (`id`, `name`, `LimitType_id`) VALUES ('AUTO_DENIED_WEEKLY_LIMIT', 'Auto denied weekly limit', 'WEEKLY_LIMIT');

INSERT INTO `statustype` (`id`, `Description`, `createdby`, `modifiedby`) VALUES ('STID_FEATURE', 'Featrues and actions', 'Dev', 'Dev');
INSERT INTO `status` (`id`, `Type_id`, `Description`, `createdby`, `modifiedby`) VALUES ('SID_FEATURE_ACTIVE', 'STID_FEATURE', 'Active', 'Dev', 'Dev');
INSERT INTO `status` (`id`, `Type_id`, `Description`, `createdby`, `modifiedby`) VALUES ('SID_FEATURE_INACTIVE', 'STID_FEATURE', 'Inactive', 'Dev', 'Dev');
INSERT INTO `status` (`id`, `Type_id`, `Description`, `createdby`, `modifiedby`) VALUES ('SID_FEATURE_DOWN', 'STID_FEATURE', 'Down', 'Dev', 'Dev');

-- Features and actions data
INSERT INTO `feature` (`id`, `name`, `description`, `Type_id`, `Status_id`) VALUES ('MESSAGES', 'Customer requests and messages', 'Customer requests and messages', 'NON_MONETARY', 'SID_FEATURE_ACTIVE');
INSERT INTO `feature` (`id`, `name`, `description`, `Type_id`, `Status_id`) VALUES ('P2P', 'Person to Person Transfer', 'Send money to anyone using their mobile number or email id', 'MONETARY', 'SID_FEATURE_ACTIVE');
INSERT INTO `feature` (`id`, `name`, `description`, `Type_id`, `Status_id`) VALUES ('BILL_PAY', 'Bill Payment Service', 'Pay your bills instantly', 'MONETARY', 'SID_FEATURE_ACTIVE');
INSERT INTO `feature` (`id`, `name`, `description`, `Type_id`, `Status_id`) VALUES ('CARD_MANAGEMENT', 'Manage Debit and Credit Cards', 'View card information, activate or deactivate a card, request replacement for a card, report a lost or stolen card, cancel the usage of a card, and request a new PIN for a card', 'MONETARY', 'SID_FEATURE_ACTIVE');
INSERT INTO `feature` (`id`, `name`, `description`, `Type_id`, `Status_id`) VALUES ('TRANSFER_BETWEEN_OWN_ACCOUNT', 'Transfer between Customer''s Accounts', 'Fund Transfer between different eligible accounts of a member', 'MONETARY', 'SID_FEATURE_ACTIVE');
INSERT INTO `feature` (`id`, `name`, `description`, `Type_id`, `Status_id`) VALUES ('RDC', 'Remote Deposit Capture', 'Check Deposit be capturing image of the check from the MB or Tablet App', 'MONETARY', 'SID_FEATURE_ACTIVE');
INSERT INTO `feature` (`id`, `name`, `description`, `Type_id`, `Status_id`) VALUES ('INTRA_BANK_FUND_TRANSFER', 'Intra Bank Fund Transfer', 'Fund Transfer to other members of the Credit Union. Member to member Transfer', 'MONETARY', 'SID_FEATURE_ACTIVE');
INSERT INTO `feature` (`id`, `name`, `description`, `Type_id`, `Status_id`) VALUES ('INTERNATIONAL_WIRE_TRANSFER', 'International Wire Transfer', 'International Wire Transfer', 'MONETARY', 'SID_FEATURE_ACTIVE');
INSERT INTO `feature` (`id`, `name`, `description`, `Type_id`, `Status_id`) VALUES ('INTERNATIONAL_ACCOUNT_TO_ACCOUNT_FUND_TRANSFER', 'International Account to Account Fund Transfer ', 'Fund Transfer to Accounts in International Banks and Credit Unions', 'MONETARY', 'SID_FEATURE_ACTIVE');
INSERT INTO `feature` (`id`, `name`, `description`, `Type_id`, `Status_id`) VALUES ('INTER_BANK_ACCOUNT_TO_ACCOUNT_FUND_TRANSFER', 'Interbank Account to Account Fund Transfer', 'Fund Transfer to Accounts in other domestic Banks and Credit Unions', 'MONETARY', 'SID_FEATURE_ACTIVE');
INSERT INTO `feature` (`id`, `name`, `description`, `Type_id`, `Status_id`) VALUES ('DOMESTIC_WIRE_TRANSFER', 'Domestic Wire Transfer', 'Wire Transfers within the country', 'MONETARY', 'SID_FEATURE_ACTIVE');
INSERT INTO `feature` (`id`, `name`, `description`, `Type_id`, `Status_id`) VALUES ('CHECK_MANAGEMENT', 'Check Management', 'Manage issued Check Payments', 'MONETARY', 'SID_FEATURE_ACTIVE');
INSERT INTO `feature` (`id`, `name`, `description`, `Type_id`, `Status_id`) VALUES ('ALERT_MANAGEMENT', 'Alert Management', 'Manage Alerts', 'NON_MONETARY', 'SID_FEATURE_ACTIVE');
INSERT INTO `feature` (`id`, `name`, `description`, `Type_id`, `Status_id`) VALUES ('ACH_PAYMENT', 'ACH Payment', 'Automated Clearing House Payment Service', 'MONETARY', 'SID_FEATURE_ACTIVE');
INSERT INTO `feature` (`id`, `name`, `description`, `Type_id`, `Status_id`) VALUES ('ACH_COLLECTION', 'ACH Collection', 'Automated Clearing House Collection Service', 'MONETARY', 'SID_FEATURE_ACTIVE');
INSERT INTO `feature` (`id`, `name`, `description`, `Type_id`, `Status_id`) VALUES ('ACCOUNT_SETTINGS', 'Account Settings', 'Manage Account Settings', 'NON_MONETARY', 'SID_FEATURE_ACTIVE');
INSERT INTO `feature` (`id`, `name`, `description`, `Type_id`, `Status_id`) VALUES ('LOGIN', 'Login', 'Login', 'NON_MONETARY', 'SID_FEATURE_ACTIVE');
INSERT INTO `feature` (`id`, `name`, `description`, `Type_id`, `Status_id`) VALUES ('USER_MANAGEMENT', 'User Management', 'Manage the Business Online access of the other user', 'NON_MONETARY', 'SID_FEATURE_ACTIVE');
UPDATE `feature` SET `id` = 'INTERNATIONAL_ACCOUNT_FUND_TRANSFER' WHERE (`id` = 'INTERNATIONAL_ACCOUNT_TO_ACCOUNT_FUND_TRANSFER');
UPDATE `feature` SET `id` = 'INTER_BANK_ACCOUNT_FUND_TRANSFER' WHERE (`id` = 'INTER_BANK_ACCOUNT_TO_ACCOUNT_FUND_TRANSFER');

-- actions
INSERT INTO `featureaction` (`id`, `Feature_id`, `Type_id`, `name`, `description`, `isAccountLevel`, `isMFAApplicable`) VALUES ('BILL_PAY_CREATE_TRANSACTION', 'BILL_PAY', 'MONETARY', 'Bill Payment Service', 'Bill Payment Service', '1', '0');
INSERT INTO `featureaction` (`id`, `Feature_id`, `Type_id`, `name`, `description`, `isAccountLevel`, `isMFAApplicable`) VALUES ('BILL_PAY_VIEW_TRANSACTION', 'BILL_PAY', 'NON_MONETARY', 'View Bill Payments', 'View Bill Payments', '1', '0');
INSERT INTO `featureaction` (`id`, `Feature_id`, `Type_id`, `name`, `description`, `isAccountLevel`, `isMFAApplicable`) VALUES ('BILL_PAY_APPROVE_TRANSACTION', 'BILL_PAY', 'NON_MONETARY', 'Approve Bill Payments', 'Approve Bill Payments', '1', '0');
INSERT INTO `featureaction` (`id`, `Feature_id`, `Type_id`, `name`, `description`, `isAccountLevel`, `isMFAApplicable`) VALUES ('BILL_PAY_SELF_APPROVAL', 'BILL_PAY', 'NON_MONETARY', 'Approve self-initiated Bill Payments', 'Approve self-initiated Bill Payments', '1', '0');
INSERT INTO `featureaction` (`id`, `Feature_id`, `Type_id`, `name`, `description`, `isAccountLevel`, `isMFAApplicable`) VALUES ('BILL_PAY_MANAGE_PAYEES', 'BILL_PAY', 'NON_MONETARY', 'Manage Payees for Bill Payments', 'Manage Payees for Bill Payments', '1', '0');
INSERT INTO `featureaction` (`id`, `Feature_id`, `Type_id`, `name`, `description`, `isAccountLevel`, `isMFAApplicable`) VALUES ('BILL_PAY_BULK', 'BILL_PAY', 'NON_MONETARY', 'Bulk Bill Pay', 'Bulk Bill Pay', '1', '0');
INSERT INTO `featureaction` (`id`, `Feature_id`, `Type_id`, `name`, `description`, `isAccountLevel`, `isMFAApplicable`) VALUES ('BILL_PAY_ACTIVATE_OR_DEACTIVATE', 'BILL_PAY', 'NON_MONETARY', 'Activate or Deactivate Bill Pay', 'Activate or Deactivate Bill Pay', '0', '0');

INSERT INTO `featureaction` (`id`, `Feature_id`, `Type_id`, `name`, `description`, `isAccountLevel`, `isMFAApplicable`) VALUES ('P2P_CREATE_TRANSACTION', 'P2P', 'MONETARY', 'Person to Person Transfer', 'Person to Person Transfer', '1', '0');
INSERT INTO `featureaction` (`id`, `Feature_id`, `Type_id`, `name`, `description`, `isAccountLevel`, `isMFAApplicable`) VALUES ('P2P_VIEW_TRANSACTION', 'P2P', 'NON_MONETARY', 'View history of Person to Person Transfers', 'View history of Person to Person Transfers', '1', '0');
INSERT INTO `featureaction` (`id`, `Feature_id`, `Type_id`, `name`, `description`, `isAccountLevel`, `isMFAApplicable`) VALUES ('P2P_APPROVE_TRANSACTION', 'P2P', 'NON_MONETARY', 'Approve Person to Person Transfers', 'Approve Person to Person Transfers', '1', '0');
INSERT INTO `featureaction` (`id`, `Feature_id`, `Type_id`, `name`, `description`, `isAccountLevel`, `isMFAApplicable`) VALUES ('P2P_SELF_APPROVAL', 'P2P', 'NON_MONETARY', 'Approve self-initiated Person to Person Transfers', 'Approve self-initiated Person to Person Transfers', '1', '0');
INSERT INTO `featureaction` (`id`, `Feature_id`, `Type_id`, `name`, `description`, `isAccountLevel`, `isMFAApplicable`) VALUES ('P2P_MANAGE_PAYEES', 'P2P', 'NON_MONETARY', 'Manage Payees for Person to Person Transfers', 'Manage Payees for Person to Person Transfers', '1', '0');

INSERT INTO `featureaction` (`id`, `Feature_id`, `Type_id`, `name`, `description`, `isAccountLevel`, `isMFAApplicable`) VALUES ('DOMESTIC_WIRE_TRANSFER_CREATE', 'DOMESTIC_WIRE_TRANSFER', 'MONETARY', 'Wire Transfers within the country', 'Wire Transfers within the country', '1', '0');
INSERT INTO `featureaction` (`id`, `Feature_id`, `Type_id`, `name`, `description`, `isAccountLevel`, `isMFAApplicable`) VALUES ('DOMESTIC_WIRE_TRANSFER_VIEW', 'DOMESTIC_WIRE_TRANSFER', 'NON_MONETARY', 'View history of domestic wire transfers', 'View history of domestic wire transfers', '1', '0');
INSERT INTO `featureaction` (`id`, `Feature_id`, `Type_id`, `name`, `description`, `isAccountLevel`, `isMFAApplicable`) VALUES ('DOMESTIC_WIRE_TRANSFER_APPROVE', 'DOMESTIC_WIRE_TRANSFER', 'NON_MONETARY', 'Approve domestic wire transfers', 'Approve domestic wire transfers', '1', '0');
INSERT INTO `featureaction` (`id`, `Feature_id`, `Type_id`, `name`, `description`, `isAccountLevel`, `isMFAApplicable`) VALUES ('DOMESTIC_WIRE_TRANSFER_SELF_APPROVAL', 'DOMESTIC_WIRE_TRANSFER', 'NON_MONETARY', 'Approve self-initiated domestic wire transfers', 'Approve self-initiated domestic wire transfers', '1', '0');
INSERT INTO `featureaction` (`id`, `Feature_id`, `Type_id`, `name`, `description`, `isAccountLevel`, `isMFAApplicable`) VALUES ('DOMESTIC_WIRE_TRANSFER_MANAGE_PAYEES', 'DOMESTIC_WIRE_TRANSFER', 'NON_MONETARY', 'Manage Payees for domestic wire transfers', 'Manage Payees for domestic wire transfers', '1', '0');

INSERT INTO `limittype` (`id`, `description`, `createdts`, `lastmodifiedts`, `synctimestamp`, `softdeleteflag`) VALUES ('MAX_TRANSACTION_LIMIT', 'Max transaction limit', '2019-12-02 13:10:16', '2019-12-02 13:10:16', '2019-12-02 13:10:16', '0');
INSERT INTO `limittype` (`id`, `description`, `createdts`, `lastmodifiedts`, `synctimestamp`, `softdeleteflag`) VALUES ('MIN_TRANSACTION_LIMIT', 'Min transaction limit', '2019-12-02 13:10:16', '2019-12-02 13:10:16', '2019-12-02 13:10:16', '0');

UPDATE `limitsubtype` SET `LimitType_id` = 'MAX_TRANSACTION_LIMIT' WHERE (`id` = 'AUTO_DENIED_TRANSACTION_LIMIT');
UPDATE `limitsubtype` SET `LimitType_id` = 'MAX_TRANSACTION_LIMIT' WHERE (`id` = 'MAX_TRANSACTION_LIMIT');
UPDATE `limitsubtype` SET `LimitType_id` = 'MAX_TRANSACTION_LIMIT' WHERE (`id` = 'MIN_TRANSACTION_LIMIT');
UPDATE `limitsubtype` SET `LimitType_id` = 'MAX_TRANSACTION_LIMIT' WHERE (`id` = 'PRE_APPROVED_TRANSACTION_LIMIT');
DELETE FROM `limittype` WHERE (`id` = 'PER_TRANSACTION_LIMIT');

DELETE FROM `limitsubtype` WHERE (`id` = 'MAX_WEEKLY_LIMIT');
DELETE FROM `limitsubtype` WHERE (`id` = 'MAX_TRANSACTION_LIMIT');
DELETE FROM `limitsubtype` WHERE (`id` = 'MIN_TRANSACTION_LIMIT');
DELETE FROM `limitsubtype` WHERE (`id` = 'MAX_DAILY_LIMIT');

INSERT INTO `featureaction` (`id`, `Feature_id`, `Type_id`, `name`, `description`, `isAccountLevel`, `isMFAApplicable`) VALUES ('ACCOUNT_SETTINGS', 'ACCOUNT_SETTINGS', 'NON_MONETARY', 'Manage Account Settings', 'Manage Account Settings', '0', '0');
INSERT INTO `featureaction` (`id`, `Feature_id`, `Type_id`, `name`, `description`, `isAccountLevel`, `isMFAApplicable`) VALUES ('ACH_COLLECTION_CREATE_TRANSACTION', 'ACH_COLLECTION', 'MONETARY', 'Automated Clearing House Collection Service', 'Automated Clearing House Collection Service', '1', '0');
INSERT INTO `featureaction` (`id`, `Feature_id`, `Type_id`, `name`, `description`, `isAccountLevel`, `isMFAApplicable`) VALUES ('ACH_COLLECTION_VIEW', 'ACH_COLLECTION', 'NON_MONETARY', 'View history of Automated Clearing House Collections', 'View history of Automated Clearing House Collections', '1', '0');
INSERT INTO `featureaction` (`id`, `Feature_id`, `Type_id`, `name`, `description`, `isAccountLevel`, `isMFAApplicable`) VALUES ('ACH_COLLECTION_APPROVE', 'ACH_COLLECTION', 'NON_MONETARY', 'Approve Automated Clearing House Collections', 'Approve Automated Clearing House Collections', '1', '0');
INSERT INTO `featureaction` (`id`, `Feature_id`, `Type_id`, `name`, `description`, `isAccountLevel`, `isMFAApplicable`) VALUES ('ACH_COLLECTION_SELF_APPROVE', 'ACH_COLLECTION', 'NON_MONETARY', 'Approve self-initiated Automated Clearing House Collections', 'Approve self-initiated Automated Clearing House Collections', '1', '0');
INSERT INTO `featureaction` (`id`, `Feature_id`, `Type_id`, `name`, `description`, `isAccountLevel`, `isMFAApplicable`) VALUES ('ACH_COLLECTION_MANAGE_PAYEE', 'ACH_COLLECTION', 'NON_MONETARY', 'Manage Templates for Automated Clearing House Collections', 'Manage Templates for Automated Clearing House Collections', '1', '0');
UPDATE `featureaction` SET `id` = 'ACH_COLLECTION_SELF_APPROVAL' WHERE (`id` = 'ACH_COLLECTION_SELF_APPROVE');
UPDATE `featureaction` SET `id` = 'ACH_COLLECTION_APPROVE_TRANSACTION' WHERE (`id` = 'ACH_COLLECTION_APPROVE');
INSERT INTO `featureaction` (`id`, `Feature_id`, `Type_id`, `name`, `description`, `isAccountLevel`, `isMFAApplicable`) VALUES ('ACH_PAYMENT_CREATE_TRANSACTION', 'ACH_PAYMENT', 'MONETARY', 'Automated Clearing House Payment Service', 'Automated Clearing House Payment Service', '1', '0');
INSERT INTO `featureaction` (`id`, `Feature_id`, `Type_id`, `name`, `description`, `isAccountLevel`, `isMFAApplicable`) VALUES ('ACH_PAYMENT_APPROVE_TRANSACTION', 'ACH_PAYMENT', 'NON_MONETARY', 'Approve Automated Clearing House Payments', 'Approve Automated Clearing House Payments', '1', '0');
INSERT INTO `featureaction` (`id`, `Feature_id`, `Type_id`, `name`, `description`, `isAccountLevel`, `isMFAApplicable`) VALUES ('ACH_PAYMENT_MANAGE_PAYEES', 'ACH_PAYMENT', 'NON_MONETARY', 'Manage Templates for Automated Clearing House Payments', 'Manage Templates for Automated Clearing House Payments', '1', '0');
INSERT INTO `featureaction` (`id`, `Feature_id`, `Type_id`, `name`, `description`, `isAccountLevel`, `isMFAApplicable`) VALUES ('ACH_PAYMENT_SELF_APPROVAL', 'ACH_PAYMENT', 'NON_MONETARY', 'Approve self-initiated Automated Clearing House Payments', 'Approve self-initiated Automated Clearing House Payments', '1', '0');
INSERT INTO `featureaction` (`id`, `Feature_id`, `Type_id`, `name`, `description`, `isAccountLevel`, `isMFAApplicable`) VALUES ('ACH_PAYMENT_VIEW_TRANSACTION', 'ACH_PAYMENT', 'NON_MONETARY', 'View history of Automated Clearing House Payments', 'View history of Automated Clearing House Payments', '1', '0');
INSERT INTO `featureaction` (`id`, `Feature_id`, `Type_id`, `name`, `description`, `isAccountLevel`, `isMFAApplicable`) VALUES ('ALERT_MANAGEMENT', 'ALERT_MANAGEMENT', 'NON_MONETARY', 'Alert Management', 'Alert Management', '0', '0');
INSERT INTO `featureaction` (`id`, `Feature_id`, `Type_id`, `name`, `description`, `isAccountLevel`, `isMFAApplicable`) VALUES ('CARD_MANAGEMENT', 'CARD_MANAGEMENT', 'NON_MONETARY', 'Card Management', 'Manage Debit and Credit Cards', '0', '0');
INSERT INTO `featureaction` (`id`, `Feature_id`, `Type_id`, `name`, `description`, `isAccountLevel`, `isMFAApplicable`) VALUES ('CARD_MANAGEMENT_LOCK_CARD', 'CARD_MANAGEMENT', 'NON_MONETARY', 'Card Management – Lock Card', 'Temporarily lock or disable any debit or credit card', '0', '0');
INSERT INTO `featureaction` (`id`, `Feature_id`, `Type_id`, `name`, `description`, `isAccountLevel`, `isMFAApplicable`) VALUES ('CARD_MANAGEMENT_UNLOCK_CARD', 'CARD_MANAGEMENT', 'NON_MONETARY', 'Card Management – Unlock Card', 'Unlock a temporarily locked card', '0', '0');
INSERT INTO `featureaction` (`id`, `Feature_id`, `Type_id`, `name`, `description`, `isAccountLevel`, `isMFAApplicable`) VALUES ('CARD_MANAGEMENT_REPLACE_CARD', 'CARD_MANAGEMENT', 'NON_MONETARY', 'Card Management – Replace Card', 'Request a replacement for any of the saved debit or credit card', '0', '0');
INSERT INTO `featureaction` (`id`, `Feature_id`, `Type_id`, `name`, `description`, `isAccountLevel`, `isMFAApplicable`) VALUES ('CARD_MANAGEMENT_REPORT_CARD_STOLEN', 'CARD_MANAGEMENT', 'NON_MONETARY', 'Card Management – Report Card Lost or Stolen', 'Report a lost or stolen card, and block it to prevent any fraudulent transactions', '0', '0');
INSERT INTO `featureaction` (`id`, `Feature_id`, `Type_id`, `name`, `description`, `isAccountLevel`, `isMFAApplicable`) VALUES ('CARD_MANAGEMENT_CHANGE_PIN', 'CARD_MANAGEMENT', 'NON_MONETARY', 'Card Management – Change PIN', 'Change debit card pin online or raise a request to change credit card pin', '0', '0');
INSERT INTO `featureaction` (`id`, `Feature_id`, `Type_id`, `name`, `description`, `isAccountLevel`, `isMFAApplicable`) VALUES ('CARD_MANAGEMENT_CANCEL_CARD', 'CARD_MANAGEMENT', 'NON_MONETARY', 'Card Management – Cancel Card', 'Stop or cancel the use of any of the saved cards', '0', '0');
INSERT INTO `featureaction` (`id`, `Feature_id`, `Type_id`, `name`, `description`, `isAccountLevel`, `isMFAApplicable`) VALUES ('CHECK_MANAGEMENT', 'CHECK_MANAGEMENT', 'NON_MONETARY', 'Check Management', 'Manage issued Check Payments', '0', '0');
INSERT INTO `featureaction` (`id`, `Feature_id`, `Type_id`, `name`, `description`, `isAccountLevel`, `isMFAApplicable`) VALUES ('RDC', 'RDC', 'MONETARY', 'RDC', 'Check Deposit be capturing image of the check from the MB or Tablet App', '1', '0');
INSERT INTO `featureaction` (`id`, `Feature_id`, `Type_id`, `name`, `description`, `isAccountLevel`, `isMFAApplicable`) VALUES ('INTERNATIONAL_ACCOUNT_FUND_TRANSFER_CREATE', 'INTERNATIONAL_ACCOUNT_FUND_TRANSFER', 'MONETARY', 'Fund Transfer to Accounts in International Banks and Credit Unions', 'Fund Transfer to Accounts in International Banks and Credit Unions', '1', '0');
INSERT INTO `featureaction` (`id`, `Feature_id`, `Type_id`, `name`, `description`, `isAccountLevel`, `isMFAApplicable`) VALUES ('INTERNATIONAL_ACCOUNT_FUND_TRANSFER_APPROVE', 'INTERNATIONAL_ACCOUNT_FUND_TRANSFER', 'NON_MONETARY', 'Approve fund transfers to Accounts in International Banks and Credit Unions', 'Approve fund transfers to Accounts in International Banks and Credit Unions', '1', '0');
INSERT INTO `featureaction` (`id`, `Feature_id`, `Type_id`, `name`, `description`, `isAccountLevel`, `isMFAApplicable`) VALUES ('INTERNATIONAL_ACCOUNT_FUND_TRANSFER_SELF_APPROVE', 'INTERNATIONAL_ACCOUNT_FUND_TRANSFER', 'NON_MONETARY', 'Approve self-initiated fund transfers to Accounts in International Banks and Credit Unions', 'Approve self-initiated fund transfers to Accounts in International Banks and Credit Unions', '1', '0');
INSERT INTO `featureaction` (`id`, `Feature_id`, `Type_id`, `name`, `description`, `isAccountLevel`, `isMFAApplicable`) VALUES ('INTERNATIONAL_ACCOUNT_FUND_TRANSFER_MANAGE_PAYEES', 'INTERNATIONAL_ACCOUNT_FUND_TRANSFER', 'NON_MONETARY', 'Manage Payees for fund transfers to Accounts in International Banks and Credit Unions', 'Manage Payees for fund transfers to Accounts in International Banks and Credit Unions', '1', '0');
INSERT INTO `featureaction` (`id`, `Feature_id`, `Type_id`, `name`, `description`, `isAccountLevel`, `isMFAApplicable`) VALUES ('INTERNATIONAL_ACCOUNT_FUND_TRANSFER_VIEW', 'INTERNATIONAL_ACCOUNT_FUND_TRANSFER', 'NON_MONETARY', 'View history of fund transfers to Accounts in International Banks and Credit Unions', 'View history of fund transfers to Accounts in International Banks and Credit Unions', '1', '0');
INSERT INTO `featureaction` (`id`, `Feature_id`, `Type_id`, `name`, `description`, `isAccountLevel`, `isMFAApplicable`) VALUES ('INTERNATIONAL_WIRE_TRANSFER_CREATE', 'INTERNATIONAL_WIRE_TRANSFER', 'MONETARY', 'International Wire Transfers ', 'International Wire Transfers', '1', '0');
INSERT INTO `featureaction` (`id`, `Feature_id`, `Type_id`, `name`, `description`, `isAccountLevel`, `isMFAApplicable`) VALUES ('INTERNATIONAL_WIRE_TRANSFER_APPROVE', 'INTERNATIONAL_WIRE_TRANSFER', 'NON_MONETARY', 'Approve international wire transfers', 'Approve international wire transfers', '1', '0');
INSERT INTO `featureaction` (`id`, `Feature_id`, `Type_id`, `name`, `description`, `isAccountLevel`, `isMFAApplicable`) VALUES ('INTERNATIONAL_WIRE_TRANSFER_SELF_APPROVE', 'INTERNATIONAL_WIRE_TRANSFER', 'NON_MONETARY', 'Approve self-initiated international wire transfers', 'Approve self-initiated international wire transfers', '1', '0');
INSERT INTO `featureaction` (`id`, `Feature_id`, `Type_id`, `name`, `description`, `isAccountLevel`, `isMFAApplicable`) VALUES ('INTERNATIONAL_WIRE_TRANSFER_VIEW', 'INTERNATIONAL_WIRE_TRANSFER', 'NON_MONETARY', 'View history of international wire transfers', 'View history of international wire transfers', '1', '0');
INSERT INTO `featureaction` (`id`, `Feature_id`, `Type_id`, `name`, `description`, `isAccountLevel`, `isMFAApplicable`) VALUES ('INTERNATIONAL_WIRE_TRANSFER_MANAGE_PAYEES', 'INTERNATIONAL_WIRE_TRANSFER', 'NON_MONETARY', 'Manage Payees for international wire transfers', 'Manage Payees for international wire transfers', '1', '0');
INSERT INTO `featureaction` (`id`, `Feature_id`, `Type_id`, `name`, `description`, `isAccountLevel`, `isMFAApplicable`) VALUES ('INTER_BANK_ACCOUNT_FUND_TRANSFER_CREATE', 'INTER_BANK_ACCOUNT_FUND_TRANSFER', 'MONETARY', 'Fund Transfer to Accounts in other domestic Banks and Credit Unions', 'Fund Transfer to Accounts in other domestic Banks and Credit Unions', '1', '0');
INSERT INTO `featureaction` (`id`, `Feature_id`, `Type_id`, `name`, `description`, `isAccountLevel`, `isMFAApplicable`) VALUES ('INTER_BANK_ACCOUNT_FUND_TRANSFER_APPROVE', 'INTER_BANK_ACCOUNT_FUND_TRANSFER', 'NON_MONETARY', 'Approve fund transfers to Accounts in other domestic Banks and Credit Unions', 'Approve fund transfers to Accounts in other domestic Banks and Credit Unions', '1', '0');
INSERT INTO `featureaction` (`id`, `Feature_id`, `Type_id`, `name`, `description`, `isAccountLevel`, `isMFAApplicable`) VALUES ('INTER_BANK_ACCOUNT_FUND_TRANSFER_MANAGE_PAYEE', 'INTER_BANK_ACCOUNT_FUND_TRANSFER', 'NON_MONETARY', 'Manage Payees for fund transfer to Accounts in other domestic Banks and Credit Unions', 'Manage Payees for fund transfer to Accounts in other domestic Banks and Credit Unions', '1', '0');
INSERT INTO `featureaction` (`id`, `Feature_id`, `Type_id`, `name`, `description`, `isAccountLevel`, `isMFAApplicable`) VALUES ('INTER_BANK_ACCOUNT_FUND_TRANSFER_SELF_APPROVE', 'INTER_BANK_ACCOUNT_FUND_TRANSFER', 'NON_MONETARY', 'Approve self-initiated fund transfer to Accounts in other domestic Banks and Credit Unions', 'Approve self-initiated fund transfer to Accounts in other domestic Banks and Credit Unions', '1', '0');
INSERT INTO `featureaction` (`id`, `Feature_id`, `Type_id`, `name`, `description`, `isAccountLevel`, `isMFAApplicable`) VALUES ('INTER_BANK_ACCOUNT_FUND_TRANSFER_VIEW', 'INTER_BANK_ACCOUNT_FUND_TRANSFER', 'NON_MONETARY', 'View history of fund transfers to Accounts in other domestic Banks and Credit Unions', 'View history of fund transfers to Accounts in other domestic Banks and Credit Unions', '1', '0');
INSERT INTO `featureaction` (`id`, `Feature_id`, `Type_id`, `name`, `description`, `isAccountLevel`, `isMFAApplicable`) VALUES ('INTRA_BANK_FUND_TRANSFER_CREATE', 'INTRA_BANK_FUND_TRANSFER', 'MONETARY', 'Intra Bank Fund Transfer - Create', 'Fund Transfer to other members of the Credit Union. Member to member Transfer', '1', '0');
INSERT INTO `featureaction` (`id`, `Feature_id`, `Type_id`, `name`, `description`, `isAccountLevel`, `isMFAApplicable`) VALUES ('INTRA_BANK_FUND_TRANSFER_APPROVE', 'INTRA_BANK_FUND_TRANSFER', 'NON_MONETARY', 'Intra Bank Fund Transfer - Approve', 'Approve fund transfers to Other Members of the Credit Union / Bank. Member to Member Transfer', '1', '0');
INSERT INTO `featureaction` (`id`, `Feature_id`, `Type_id`, `name`, `description`, `isAccountLevel`, `isMFAApplicable`) VALUES ('INTRA_BANK_FUND_TRANSFER_SELF_APPROVE', 'INTRA_BANK_FUND_TRANSFER', 'NON_MONETARY', 'Intra Bank Fund Transfer - Self Approval', 'Approve self-initiated fund transfers to Other Members of the Credit Union / Bank. Member to Member Transfer', '1', '0');
INSERT INTO `featureaction` (`id`, `Feature_id`, `Type_id`, `name`, `description`, `isAccountLevel`, `isMFAApplicable`) VALUES ('INTRA_BANK_FUND_TRANSFER_MANAGE_PAYEES', 'INTRA_BANK_FUND_TRANSFER', 'NON_MONETARY', 'Intra Bank Fund Transfer - Manage Payees', 'Manage Payees for fund transfers to Other Members of the Credit Union / Bank. Member to Member Transfer', '1', '0');
INSERT INTO `featureaction` (`id`, `Feature_id`, `Type_id`, `name`, `description`, `isAccountLevel`, `isMFAApplicable`) VALUES ('INTRA_BANK_FUND_TRANSFER_VIEW', 'INTRA_BANK_FUND_TRANSFER', 'NON_MONETARY', 'Intra Bank Fund Transfer - View Transactions', 'View history of fund transfers to Other Members of the Credit Union / Bank. Member to Member Transfer', '1', '0');
UPDATE `featureaction` SET `id` = 'ACH_COLLECTION_APPROVE' WHERE (`id` = 'ACH_COLLECTION_APPROVE_TRANSACTION');
UPDATE `featureaction` SET `id` = 'ACH_COLLECTION_CREATE' WHERE (`id` = 'ACH_COLLECTION_CREATE_TRANSACTION');
UPDATE `featureaction` SET `id` = 'ACH_PAYMENT_APPROVE' WHERE (`id` = 'ACH_PAYMENT_APPROVE_TRANSACTION');
UPDATE `featureaction` SET `id` = 'ACH_PAYMENT_CREATE' WHERE (`id` = 'ACH_PAYMENT_CREATE_TRANSACTION');
UPDATE `featureaction` SET `id` = 'ACH_PAYMENT_VIEW' WHERE (`id` = 'ACH_PAYMENT_VIEW_TRANSACTION');
UPDATE `featureaction` SET `id` = 'BILL_PAY_APPROVE' WHERE (`id` = 'BILL_PAY_APPROVE_TRANSACTION');
UPDATE `featureaction` SET `id` = 'BILL_PAY_CREATE' WHERE (`id` = 'BILL_PAY_CREATE_TRANSACTION');
UPDATE `featureaction` SET `id` = 'BILL_PAY_VIEW' WHERE (`id` = 'BILL_PAY_VIEW_TRANSACTION');
UPDATE `featureaction` SET `id` = 'DOMESTIC_WIRE_TRANSFER_APPROVE' WHERE (`id` = 'DOMESTIC_WIRE_TRANSFER_APPROVE');
UPDATE `featureaction` SET `id` = 'INTERNATIONAL_ACCOUNT_FUND_TRANSFER_SELF_APPROVAL' WHERE (`id` = 'INTERNATIONAL_ACCOUNT_FUND_TRANSFER_SELF_APPROVE');
UPDATE `featureaction` SET `id` = 'INTERNATIONAL_WIRE_TRANSFER_SELF_APPROVAL' WHERE (`id` = 'INTERNATIONAL_WIRE_TRANSFER_SELF_APPROVE');
UPDATE `featureaction` SET `id` = 'INTER_BANK_ACCOUNT_FUND_TRANSFER_SELF_APPROVAL' WHERE (`id` = 'INTER_BANK_ACCOUNT_FUND_TRANSFER_SELF_APPROVE');
UPDATE `featureaction` SET `id` = 'INTRA_BANK_FUND_TRANSFER_SELF_APPROVAL' WHERE (`id` = 'INTRA_BANK_FUND_TRANSFER_SELF_APPROVE');
UPDATE `featureaction` SET `id` = 'P2P_APPROVE' WHERE (`id` = 'P2P_APPROVE_TRANSACTION');
UPDATE `featureaction` SET `id` = 'P2P_CREATE' WHERE (`id` = 'P2P_CREATE_TRANSACTION');
UPDATE `featureaction` SET `id` = 'P2P_VIEW' WHERE (`id` = 'P2P_VIEW_TRANSACTION');
INSERT INTO `featureaction` (`id`, `Feature_id`, `Type_id`, `name`, `description`, `isAccountLevel`, `isMFAApplicable`) VALUES ('LOGIN', 'LOGIN', 'NON_MONETARY', 'Login', 'Login', '0', '1');
INSERT INTO `featureaction` (`id`, `Feature_id`, `Type_id`, `name`, `description`, `isAccountLevel`, `isMFAApplicable`) VALUES ('MESSAGES_CREATE', 'MESSAGES', 'NON_MONETARY', 'Create Message', 'Create Message', '0', '0');
INSERT INTO `featureaction` (`id`, `Feature_id`, `Type_id`, `name`, `description`, `isAccountLevel`, `isMFAApplicable`) VALUES ('MESSAGES_DELETE', 'MESSAGES', 'NON_MONETARY', 'Delete Message', 'Delete Message', '0', '0');
INSERT INTO `featureaction` (`id`, `Feature_id`, `Type_id`, `name`, `description`, `isAccountLevel`, `isMFAApplicable`) VALUES ('MESSAGES_VIEW', 'MESSAGES', 'NON_MONETARY', 'View Message', 'View Message', '0', '0');
INSERT INTO `featureaction` (`id`, `Feature_id`, `Type_id`, `name`, `description`, `isAccountLevel`, `isMFAApplicable`) VALUES ('MESSAGES_REPLY', 'MESSAGES', 'NON_MONETARY', 'Reply Message', 'Reply Message', '0', '0');
INSERT INTO `featureaction` (`id`, `Feature_id`, `Type_id`, `name`, `description`, `isAccountLevel`, `isMFAApplicable`) VALUES ('TRANSFER_BETWEEN_OWN_ACCOUNT_CREATE', 'TRANSFER_BETWEEN_OWN_ACCOUNT', 'MONETARY', 'Transfer between Customer''s Accounts - Create Transaction', 'Fund Transfer between different eligible accounts of a member', '1', '0');
INSERT INTO `featureaction` (`id`, `Feature_id`, `Type_id`, `name`, `description`, `isAccountLevel`, `isMFAApplicable`) VALUES ('TRANSFER_BETWEEN_OWN_ACCOUNT_APPROVE', 'TRANSFER_BETWEEN_OWN_ACCOUNT', 'NON_MONETARY', 'Transfer between Customer''s Accounts - Approve Transactions', 'Approve fund transfers between different eligible accounts of a member', '1', '0');
INSERT INTO `featureaction` (`id`, `Feature_id`, `Type_id`, `name`, `description`, `isAccountLevel`, `isMFAApplicable`) VALUES ('TRANSFER_BETWEEN_OWN_ACCOUNT_MANAGE_PAYEES', 'TRANSFER_BETWEEN_OWN_ACCOUNT', 'NON_MONETARY', 'Transfer between Customer''s Accounts - Manage Payees', 'Manage Payees for fund transfers between different eligible accounts of a member', '1', '0');
INSERT INTO `featureaction` (`id`, `Feature_id`, `Type_id`, `name`, `description`, `isAccountLevel`, `isMFAApplicable`) VALUES ('TRANSFER_BETWEEN_OWN_ACCOUNT_SELF_APPROVAL', 'TRANSFER_BETWEEN_OWN_ACCOUNT', 'NON_MONETARY', 'Transfer between Customer''s Accounts - Self Approval', 'Approve self-initiated fund transfers between different eligible accounts of a member', '1', '0');
INSERT INTO `featureaction` (`id`, `Feature_id`, `Type_id`, `name`, `description`, `isAccountLevel`, `isMFAApplicable`) VALUES ('TRANSFER_BETWEEN_OWN_ACCOUNT_VIEW', 'TRANSFER_BETWEEN_OWN_ACCOUNT', 'NON_MONETARY', 'Transfer between Customer''s Accounts - View Transactions', 'View history of fund transfers between different eligible accounts of a member', '1', '0');
INSERT INTO `featureaction` (`id`, `Feature_id`, `Type_id`, `name`, `description`, `isAccountLevel`, `isMFAApplicable`) VALUES ('USER_MANAGEMENT', 'USER_MANAGEMENT', 'NON_MONETARY', 'User Management', 'Manage the Business Online access of the other user', '0', '0');

INSERT INTO `feature` (`id`, `name`, `description`, `Type_id`, `Status_id`) VALUES ('DISPUTE_TRANSACTIONS', 'Dispute Transactions', 'Dispute Transactions', 'NON_MONETARY', 'SID_FEATURE_ACTIVE');
INSERT INTO `featureaction` (`id`, `Feature_id`, `Type_id`, `name`, `description`, `isAccountLevel`, `isMFAApplicable`) VALUES ('DISPUTE_TRANSACTIONS', 'DISPUTE_TRANSACTIONS', 'NON_MONETARY', 'Dispute Transactions', 'Dispute Transactions', '0', '0');

INSERT INTO `feature` (`id`, `name`, `description`, `Type_id`, `Status_id`) VALUES ('MANAGE_E_STATEMENTS', 'Manage E-statements', 'Manage E-statements', 'NON_MONETARY', 'SID_FEATURE_ACTIVE');
INSERT INTO `feature` (`id`, `name`, `description`, `Type_id`, `Status_id`) VALUES ('USERNAME_UPDATE', 'Username Update', 'Username Update', 'NON_MONETARY', 'SID_FEATURE_ACTIVE');
INSERT INTO `featureaction` (`id`, `Feature_id`, `Type_id`, `name`, `description`, `isAccountLevel`, `isMFAApplicable`) VALUES ('MANAGE_E_STATEMENTS', 'MANAGE_E_STATEMENTS', 'NON_MONETARY', 'Manage E-statements', 'Manage E-statements', '0', '0');
INSERT INTO `featureaction` (`id`, `Feature_id`, `Type_id`, `name`, `description`, `isAccountLevel`, `isMFAApplicable`) VALUES ('USERNAME_UPDATE', 'USERNAME_UPDATE', 'NON_MONETARY', 'Username Update', 'Username Update', '0', '0');
INSERT INTO `feature` (`id`, `name`, `description`, `Type_id`, `Status_id`) VALUES ('PASSWORD_UPDATE', 'Password Update', 'Password Update', 'NON_MONETARY', 'SID_FEATURE_ACTIVE');
INSERT INTO `featureaction` (`id`, `Feature_id`, `Type_id`, `name`, `description`, `isAccountLevel`, `isMFAApplicable`) VALUES ('PASSWORD_UPDATE', 'PASSWORD_UPDATE', 'NON_MONETARY', 'Password Update', 'Password Update', '0', '0');
INSERT INTO `feature` (`id`, `name`, `description`, `Type_id`, `Status_id`) VALUES ('FEEDBACK', 'Feedback', 'Feedback', 'NON_MONETARY', 'SID_FEATURE_ACTIVE');
INSERT INTO `featureaction` (`id`, `Feature_id`, `Type_id`, `name`, `description`, `isAccountLevel`, `isMFAApplicable`) VALUES ('FEEDBACK_SUBMIT', 'FEEDBACK', 'NON_MONETARY', 'Submit Feedback', 'Submit Feedback', '0', '0');
INSERT INTO `feature` (`id`, `name`, `description`, `Type_id`, `Status_id`) VALUES ('RESET_SECURITY_QUESTIONS', 'Reset Security Questions', 'Reset Security Questions', 'NON_MONETARY', 'SID_FEATURE_ACTIVE');
INSERT INTO `featureaction` (`id`, `Feature_id`, `Type_id`, `name`, `description`, `isAccountLevel`, `isMFAApplicable`) VALUES ('RESET_SECURITY_QUESTIONS', 'RESET_SECURITY_QUESTIONS', 'NON_MONETARY', 'Reset Security Questions', 'Reset Security Questions', '0', '0');
INSERT INTO `feature` (`id`, `name`, `description`, `Type_id`, `Status_id`) VALUES ('PROFILE_SETTINGS', 'Profile Settings', 'Profile Settings', 'NON_MONETARY', 'SID_FEATURE_ACTIVE');
INSERT INTO `featureaction` (`id`, `Feature_id`, `Type_id`, `name`, `description`, `isAccountLevel`, `isMFAApplicable`) VALUES ('PROFILE_SETTINGS_VIEW', 'PROFILE_SETTINGS', 'NON_MONETARY', 'View Profile Settings', 'View Profile Settings', '0', '0');
INSERT INTO `featureaction` (`id`, `Feature_id`, `Type_id`, `name`, `description`, `isAccountLevel`, `isMFAApplicable`) VALUES ('PROFILE_SETTINGS_UPDATE', 'PROFILE_SETTINGS', 'NON_MONETARY', 'Update Profile Settings', 'Update Profile Settings', '0', '0');
INSERT INTO `feature` (`id`, `name`, `description`, `Type_id`, `Status_id`) VALUES ('NOTIFICATION', 'Notification', 'Notification', 'NON_MONETARY', 'SID_FEATURE_ACTIVE');
INSERT INTO `featureaction` (`id`, `Feature_id`, `Type_id`, `name`, `description`, `isAccountLevel`, `isMFAApplicable`) VALUES ('NOTIFICATION_VIEW', 'NOTIFICATION', 'NON_MONETARY', 'View Notification', 'View Notification', '0', '0');
INSERT INTO `featureaction` (`id`, `Feature_id`, `Type_id`, `name`, `description`, `isAccountLevel`, `isMFAApplicable`) VALUES ('NOTIFICATION_UPDATE', 'NOTIFICATION', 'NON_MONETARY', 'Update Notification', 'Update Notification', '0', '0');
INSERT INTO `feature` (`id`, `name`, `description`, `Type_id`, `Status_id`) VALUES ('PAYEE_MANAGEMENT', 'Payee Management', 'Payee Management', 'NON_MONETARY', 'SID_FEATURE_ACTIVE');
INSERT INTO `featureaction` (`id`, `Feature_id`, `Type_id`, `name`, `description`, `isAccountLevel`, `isMFAApplicable`) VALUES ('PAYEE_MANAGEMENT_VIEW', 'PAYEE_MANAGEMENT', 'NON_MONETARY', 'View Payee', 'View Payee', '0', '0');
INSERT INTO `featureaction` (`id`, `Feature_id`, `Type_id`, `name`, `description`, `isAccountLevel`, `isMFAApplicable`) VALUES ('PAYEE_MANAGEMENT_CREATE', 'PAYEE_MANAGEMENT', 'NON_MONETARY', 'Create Payee', 'Create Payee', '0', '0');
INSERT INTO `featureaction` (`id`, `Feature_id`, `Type_id`, `name`, `description`, `isAccountLevel`, `isMFAApplicable`) VALUES ('PAYEE_MANAGEMENT_EDIT', 'PAYEE_MANAGEMENT', 'NON_MONETARY', 'Edit Payee', 'Edit Payee', '0', '0');
INSERT INTO `featureaction` (`id`, `Feature_id`, `Type_id`, `name`, `description`, `isAccountLevel`, `isMFAApplicable`) VALUES ('PAYEE_MANAGEMENT_DELETE', 'PAYEE_MANAGEMENT', 'NON_MONETARY', 'Delete Payee', 'Delete Payee', '0', '0');
INSERT INTO `feature` (`id`, `name`, `description`, `Type_id`, `Status_id`) VALUES ('APPLICANT_MANAGEMENT', 'Applicant', 'Applicant', 'NON_MONETARY', 'SID_FEATURE_ACTIVE');
INSERT INTO `feature` (`id`, `name`, `description`, `Type_id`, `Status_id`) VALUES ('TRANSACTION_MANAGEMENT', 'Transaction management', 'Transaction management', 'NON_MONETARY', 'SID_FEATURE_ACTIVE');
INSERT INTO `feature` (`id`, `name`, `description`, `Type_id`, `Status_id`) VALUES ('RECIPIENT_MANAGEMENT', 'Recipient Management', 'Recipient Management', 'NON_MONETARY', 'SID_FEATURE_ACTIVE');
INSERT INTO `featureaction` (`id`, `Feature_id`, `Type_id`, `name`, `description`, `isAccountLevel`, `isMFAApplicable`) VALUES ('APPLICANT_MANAGEMENT_CREATE', 'APPLICANT_MANAGEMENT', 'NON_MONETARY', 'Create Applicant', 'Create Applicant', '0', '0');
INSERT INTO `featureaction` (`id`, `Feature_id`, `Type_id`, `name`, `description`, `isAccountLevel`, `isMFAApplicable`) VALUES ('TRANSACTION_MANAGEMENT_DELETE', 'TRANSACTION_MANAGEMENT', 'NON_MONETARY', 'Delete Transaction', 'Delete Transaction', '0', '0');
INSERT INTO `featureaction` (`id`, `Feature_id`, `Type_id`, `name`, `description`, `isAccountLevel`, `isMFAApplicable`) VALUES ('RECIPIENT_MANAGEMENT_VIEW', 'RECIPIENT_MANAGEMENT', 'NON_MONETARY', 'View Recipient', 'View Recipient', '0', '0');

UPDATE `featureaction` SET `isMFAApplicable` = '1', `MFA_id` = '1043829291' WHERE (`id` = 'INTRA_BANK_FUND_TRANSFER_CREATE');
UPDATE `featureaction` SET `isMFAApplicable` = '1', `MFA_id` = '1069008617' WHERE (`id` = 'USERNAME_UPDATE');
UPDATE `featureaction` SET `isMFAApplicable` = '1', `MFA_id` = '1261437124' WHERE (`id` = 'CARD_MANAGEMENT_REPLACE_CARD');
UPDATE `featureaction` SET `isMFAApplicable` = '1', `MFA_id` = '1263952855' WHERE (`id` = 'DOMESTIC_WIRE_TRANSFER_CREATE');
UPDATE `featureaction` SET `isMFAApplicable` = '1', `MFA_id` = '1318584743' WHERE (`id` = 'CARD_MANAGEMENT_UNLOCK_CARD');
UPDATE `featureaction` SET `isMFAApplicable` = '1', `MFA_id` = '1333023862' WHERE (`id` = 'INTER_BANK_ACCOUNT_FUND_TRANSFER_CREATE');
UPDATE `featureaction` SET `isMFAApplicable` = '1', `MFA_id` = '1339866089' WHERE (`id` = 'INTERNATIONAL_WIRE_TRANSFER_CREATE');
UPDATE `featureaction` SET `isMFAApplicable` = '1', `MFA_id` = '1425773498' WHERE (`id` = 'CARD_MANAGEMENT_CHANGE_PIN');
UPDATE `featureaction` SET `isMFAApplicable` = '1', `MFA_id` = '1452783723' WHERE (`id` = 'BILL_PAY_CREATE');
UPDATE `featureaction` SET `isMFAApplicable` = '1', `MFA_id` = '1518695287' WHERE (`id` = 'CARD_MANAGEMENT_CANCEL_CARD');
UPDATE `featureaction` SET `isMFAApplicable` = '1', `MFA_id` = '1588624560' WHERE (`id` = 'CARD_MANAGEMENT_LOCK_CARD');
UPDATE `featureaction` SET `isMFAApplicable` = '1', `MFA_id` = '1692872967' WHERE (`id` = 'PASSWORD_UPDATE');
UPDATE `featureaction` SET `isMFAApplicable` = '1', `MFA_id` = '1710928803' WHERE (`id` = 'INTERNATIONAL_ACCOUNT_FUND_TRANSFER_CREATE');
UPDATE `featureaction` SET `isMFAApplicable` = '1', `MFA_id` = '1745986962' WHERE (`id` = 'TRANSFER_BETWEEN_OWN_ACCOUNT_CREATE');
UPDATE `featureaction` SET `MFA_id` = '1815885335' WHERE (`id` = 'LOGIN');
UPDATE `featureaction` SET `isMFAApplicable` = '1', `MFA_id` = '1868396778' WHERE (`id` = 'P2P_CREATE');

INSERT INTO `actionlimit` (`Action_id`, `LimitType_id`, `value`) VALUES ('INTRA_BANK_FUND_TRANSFER_CREATE', 'MAX_TRANSACTION_LIMIT', '100000.00');
INSERT INTO `actionlimit` (`Action_id`, `LimitType_id`, `value`) VALUES ('INTRA_BANK_FUND_TRANSFER_CREATE', 'MIN_TRANSACTION_LIMIT', '1.00');
INSERT INTO `actionlimit` (`Action_id`, `LimitType_id`, `value`) VALUES ('TRANSFER_BETWEEN_OWN_ACCOUNT_CREATE', 'MAX_TRANSACTION_LIMIT', '100000.00');
INSERT INTO `actionlimit` (`Action_id`, `LimitType_id`, `value`) VALUES ('TRANSFER_BETWEEN_OWN_ACCOUNT_CREATE', 'MIN_TRANSACTION_LIMIT', '1.00');
INSERT INTO `actionlimit` (`Action_id`, `LimitType_id`, `value`) VALUES ('DOMESTIC_WIRE_TRANSFER_CREATE', 'MAX_TRANSACTION_LIMIT', '100000.00');
INSERT INTO `actionlimit` (`Action_id`, `LimitType_id`, `value`) VALUES ('DOMESTIC_WIRE_TRANSFER_CREATE', 'MIN_TRANSACTION_LIMIT', '1.00');
INSERT INTO `actionlimit` (`Action_id`, `LimitType_id`, `value`) VALUES ('INTERNATIONAL_WIRE_TRANSFER_CREATE', 'MAX_TRANSACTION_LIMIT', '100000.00');
INSERT INTO `actionlimit` (`Action_id`, `LimitType_id`, `value`) VALUES ('INTERNATIONAL_WIRE_TRANSFER_CREATE', 'MIN_TRANSACTION_LIMIT', '1.00');
INSERT INTO `actionlimit` (`Action_id`, `LimitType_id`, `value`) VALUES ('P2P_CREATE', 'MAX_TRANSACTION_LIMIT', '100000.00');
INSERT INTO `actionlimit` (`Action_id`, `LimitType_id`, `value`) VALUES ('P2P_CREATE', 'MIN_TRANSACTION_LIMIT', '1.00');
INSERT INTO `actionlimit` (`Action_id`, `LimitType_id`, `value`) VALUES ('INTERNATIONAL_ACCOUNT_FUND_TRANSFER_CREATE', 'MAX_TRANSACTION_LIMIT', '100000.00');
INSERT INTO `actionlimit` (`Action_id`, `LimitType_id`, `value`) VALUES ('INTERNATIONAL_ACCOUNT_FUND_TRANSFER_CREATE', 'MIN_TRANSACTION_LIMIT', '1.00');
INSERT INTO `actionlimit` (`Action_id`, `LimitType_id`, `value`) VALUES ('INTER_BANK_ACCOUNT_FUND_TRANSFER_CREATE', 'MAX_TRANSACTION_LIMIT', '100000.00');
INSERT INTO `actionlimit` (`Action_id`, `LimitType_id`, `value`) VALUES ('INTER_BANK_ACCOUNT_FUND_TRANSFER_CREATE', 'MIN_TRANSACTION_LIMIT', '1.00');
INSERT INTO `actionlimit` (`Action_id`, `LimitType_id`, `value`) VALUES ('RDC', 'MAX_TRANSACTION_LIMIT', '100000.00');
INSERT INTO `actionlimit` (`Action_id`, `LimitType_id`, `value`) VALUES ('RDC', 'MIN_TRANSACTION_LIMIT', '1.00');
INSERT INTO `actionlimit` (`Action_id`, `LimitType_id`, `value`) VALUES ('BILL_PAY_CREATE', 'MAX_TRANSACTION_LIMIT', '10000.00');
INSERT INTO `actionlimit` (`Action_id`, `LimitType_id`, `value`) VALUES ('BILL_PAY_CREATE', 'MIN_TRANSACTION_LIMIT', '1.00');
INSERT INTO `actionlimit` (`Action_id`, `LimitType_id`, `value`) VALUES ('ACH_PAYMENT_CREATE', 'MAX_TRANSACTION_LIMIT', '5000.00');
INSERT INTO `actionlimit` (`Action_id`, `LimitType_id`, `value`) VALUES ('ACH_PAYMENT_CREATE', 'MIN_TRANSACTION_LIMIT', '1.00');
INSERT INTO `actionlimit` (`Action_id`, `LimitType_id`, `value`) VALUES ('ACH_COLLECTION_CREATE', 'MAX_TRANSACTION_LIMIT', '5000.00');
INSERT INTO `actionlimit` (`Action_id`, `LimitType_id`, `value`) VALUES ('ACH_COLLECTION_CREATE', 'MIN_TRANSACTION_LIMIT', '1.00');

INSERT INTO `groupactionlimit` (`id`, `Group_id`, `Action_id`, `LimitType_id`, `value`, `createdby`, `createdts`, `lastmodifiedts`, `synctimestamp`, `softdeleteflag`) VALUES ('02efaf15-1c55-4b2e-9bc8-cf4c7f507a72', 'DEFAULT_EUROPE_GROUP', 'TRANSFER_BETWEEN_OWN_ACCOUNT_CREATE', 'MAX_TRANSACTION_LIMIT', '100000.00', 'Kony Dev', CURRENT_TIMESTAMP, CURRENT_TIMESTAMP, CURRENT_TIMESTAMP, '0');
INSERT INTO `groupactionlimit` (`id`, `Group_id`, `Action_id`, `LimitType_id`, `value`, `createdby`, `createdts`, `lastmodifiedts`, `synctimestamp`, `softdeleteflag`) VALUES ('12dc8ba7-5c5a-4e0d-988a-565ad0adb4c3', 'DEFAULT_EUROPE_GROUP', 'TRANSFER_BETWEEN_OWN_ACCOUNT_CREATE', 'DAILY_LIMIT', '200000.00', 'Kony Dev', CURRENT_TIMESTAMP, CURRENT_TIMESTAMP, CURRENT_TIMESTAMP, '0');
INSERT INTO `groupactionlimit` (`id`, `Group_id`, `Action_id`, `LimitType_id`, `value`, `createdby`, `createdts`, `lastmodifiedts`, `synctimestamp`, `softdeleteflag`) VALUES ('5fa52ecc-e0ad-41cf-8aec-db717029f5fa', 'DEFAULT_EUROPE_GROUP', 'TRANSFER_BETWEEN_OWN_ACCOUNT_CREATE', 'WEEKLY_LIMIT', '1000000.00', 'Kony Dev', CURRENT_TIMESTAMP, CURRENT_TIMESTAMP, CURRENT_TIMESTAMP, '0');
INSERT INTO `groupactionlimit` (`id`, `Group_id`, `Action_id`, `LimitType_id`, `value`, `createdby`, `createdts`, `lastmodifiedts`, `synctimestamp`, `softdeleteflag`) VALUES ('4acad3e9-4ebd-43d8-af46-0989d2c036c7', 'DEFAULT_EUROPE_GROUP', 'INTER_BANK_ACCOUNT_FUND_TRANSFER_CREATE', 'MAX_TRANSACTION_LIMIT', '100000.00', 'Kony Dev', CURRENT_TIMESTAMP, CURRENT_TIMESTAMP, CURRENT_TIMESTAMP, '0');
INSERT INTO `groupactionlimit` (`id`, `Group_id`, `Action_id`, `LimitType_id`, `value`, `createdby`, `createdts`, `lastmodifiedts`, `synctimestamp`, `softdeleteflag`) VALUES ('896f6254-effe-43b1-9410-5647a4fed952', 'DEFAULT_EUROPE_GROUP', 'INTER_BANK_ACCOUNT_FUND_TRANSFER_CREATE', 'DAILY_LIMIT', '200000.00', 'Kony Dev', CURRENT_TIMESTAMP, CURRENT_TIMESTAMP, CURRENT_TIMESTAMP, '0');
INSERT INTO `groupactionlimit` (`id`, `Group_id`, `Action_id`, `LimitType_id`, `value`, `createdby`, `createdts`, `lastmodifiedts`, `synctimestamp`, `softdeleteflag`) VALUES ('cdfbc221-4545-48cf-9c50-7fb999015f8f', 'DEFAULT_EUROPE_GROUP', 'INTER_BANK_ACCOUNT_FUND_TRANSFER_CREATE', 'WEEKLY_LIMIT', '1000000.00', 'Kony Dev', CURRENT_TIMESTAMP, CURRENT_TIMESTAMP, CURRENT_TIMESTAMP, '0');
INSERT INTO `groupactionlimit` (`id`, `Group_id`, `Action_id`, `LimitType_id`, `value`, `createdby`, `createdts`, `lastmodifiedts`, `synctimestamp`, `softdeleteflag`) VALUES ('5a3bdd94-54ef-4f06-ad51-1f5e62baba15', 'DEFAULT_EUROPE_GROUP', 'INTERNATIONAL_ACCOUNT_FUND_TRANSFER_CREATE', 'MAX_TRANSACTION_LIMIT', '100000.00', 'Kony Dev', CURRENT_TIMESTAMP, CURRENT_TIMESTAMP, CURRENT_TIMESTAMP, '0');
INSERT INTO `groupactionlimit` (`id`, `Group_id`, `Action_id`, `LimitType_id`, `value`, `createdby`, `createdts`, `lastmodifiedts`, `synctimestamp`, `softdeleteflag`) VALUES ('376440fe-f820-41f1-9e5f-18dcc7cde18a', 'DEFAULT_EUROPE_GROUP', 'INTERNATIONAL_ACCOUNT_FUND_TRANSFER_CREATE', 'DAILY_LIMIT', '200000.00', 'Kony Dev', CURRENT_TIMESTAMP, CURRENT_TIMESTAMP, CURRENT_TIMESTAMP, '0');
INSERT INTO `groupactionlimit` (`id`, `Group_id`, `Action_id`, `LimitType_id`, `value`, `createdby`, `createdts`, `lastmodifiedts`, `synctimestamp`, `softdeleteflag`) VALUES ('a36b90c6-2730-4bc9-b48c-9594bc12da2b', 'DEFAULT_EUROPE_GROUP', 'INTERNATIONAL_ACCOUNT_FUND_TRANSFER_CREATE', 'WEEKLY_LIMIT', '1000000.00', 'Kony Dev', CURRENT_TIMESTAMP, CURRENT_TIMESTAMP, CURRENT_TIMESTAMP, '0');
INSERT INTO `groupactionlimit` (`id`, `Group_id`, `Action_id`, `LimitType_id`, `value`, `createdby`, `createdts`, `lastmodifiedts`, `synctimestamp`, `softdeleteflag`) VALUES ('f73f90a4-798b-4e28-8c85-e2c843bbc501', 'DEFAULT_EUROPE_GROUP', 'BILL_PAY_CREATE', 'MAX_TRANSACTION_LIMIT', '100000.00', 'Kony Dev', CURRENT_TIMESTAMP, CURRENT_TIMESTAMP, CURRENT_TIMESTAMP, '0');
INSERT INTO `groupactionlimit` (`id`, `Group_id`, `Action_id`, `LimitType_id`, `value`, `createdby`, `createdts`, `lastmodifiedts`, `synctimestamp`, `softdeleteflag`) VALUES ('a5fa3498-ee16-45e4-aa20-8a91721517b5', 'DEFAULT_EUROPE_GROUP', 'BILL_PAY_CREATE', 'DAILY_LIMIT', '200000.00', 'Kony Dev', CURRENT_TIMESTAMP, CURRENT_TIMESTAMP, CURRENT_TIMESTAMP, '0');
INSERT INTO `groupactionlimit` (`id`, `Group_id`, `Action_id`, `LimitType_id`, `value`, `createdby`, `createdts`, `lastmodifiedts`, `synctimestamp`, `softdeleteflag`) VALUES ('d3435206-70d7-46f2-9d1d-c907cf327cfa', 'DEFAULT_EUROPE_GROUP', 'BILL_PAY_CREATE', 'WEEKLY_LIMIT', '1000000.00', 'Kony Dev', CURRENT_TIMESTAMP, CURRENT_TIMESTAMP, CURRENT_TIMESTAMP, '0');
INSERT INTO `groupactionlimit` (`id`, `Group_id`, `Action_id`, `LimitType_id`, `value`, `createdby`, `createdts`, `lastmodifiedts`, `synctimestamp`, `softdeleteflag`) VALUES ('ca9129cd-ec9e-427f-a02c-e003d614cf17', 'DEFAULT_EUROPE_GROUP', 'P2P_CREATE', 'MAX_TRANSACTION_LIMIT', '100000.00', 'Kony Dev', CURRENT_TIMESTAMP, CURRENT_TIMESTAMP, CURRENT_TIMESTAMP, '0');
INSERT INTO `groupactionlimit` (`id`, `Group_id`, `Action_id`, `LimitType_id`, `value`, `createdby`, `createdts`, `lastmodifiedts`, `synctimestamp`, `softdeleteflag`) VALUES ('9dafde6e-426b-475c-9b0d-918b1a72adf1', 'DEFAULT_EUROPE_GROUP', 'P2P_CREATE', 'DAILY_LIMIT', '200000.00', 'Kony Dev', CURRENT_TIMESTAMP, CURRENT_TIMESTAMP, CURRENT_TIMESTAMP, '0');
INSERT INTO `groupactionlimit` (`id`, `Group_id`, `Action_id`, `LimitType_id`, `value`, `createdby`, `createdts`, `lastmodifiedts`, `synctimestamp`, `softdeleteflag`) VALUES ('53d5506f-2e94-40a6-99a0-862b9cf4f027', 'DEFAULT_EUROPE_GROUP', 'P2P_CREATE', 'WEEKLY_LIMIT', '1000000.00', 'Kony Dev', CURRENT_TIMESTAMP, CURRENT_TIMESTAMP, CURRENT_TIMESTAMP, '0');
INSERT INTO `groupactionlimit` (`id`, `Group_id`, `Action_id`, `LimitType_id`, `value`, `createdby`, `modifiedby`, `createdts`, `lastmodifiedts`, `synctimestamp`, `softdeleteflag`) VALUES ('86d290df-f56f-4d44-a289-baece80bfbd4', 'DEFAULT_GROUP', 'INTRA_BANK_FUND_TRANSFER_CREATE', 'MAX_TRANSACTION_LIMIT', '100000.00', 'Kony user', 'Kony user', CURRENT_TIMESTAMP, CURRENT_TIMESTAMP, CURRENT_TIMESTAMP, '0');
INSERT INTO `groupactionlimit` (`id`, `Group_id`, `Action_id`, `LimitType_id`, `value`, `createdby`, `modifiedby`, `createdts`, `lastmodifiedts`, `synctimestamp`, `softdeleteflag`) VALUES ('c2bcad9a-ab1a-48da-aace-20eff88a290c', 'DEFAULT_GROUP', 'INTRA_BANK_FUND_TRANSFER_CREATE', 'DAILY_LIMIT', '200000.00', 'Kony user', 'Kony user', CURRENT_TIMESTAMP, CURRENT_TIMESTAMP, CURRENT_TIMESTAMP, '0');
INSERT INTO `groupactionlimit` (`id`, `Group_id`, `Action_id`, `LimitType_id`, `value`, `createdby`, `modifiedby`, `createdts`, `lastmodifiedts`, `synctimestamp`, `softdeleteflag`) VALUES ('5a1577cc-fd67-4803-8d40-4459ca1cd407', 'DEFAULT_GROUP', 'INTRA_BANK_FUND_TRANSFER_CREATE', 'WEEKLY_LIMIT', '1000000.00', 'Kony user', 'Kony user', CURRENT_TIMESTAMP, CURRENT_TIMESTAMP, CURRENT_TIMESTAMP, '0');
INSERT INTO `groupactionlimit` (`id`, `Group_id`, `Action_id`, `LimitType_id`, `value`, `createdby`, `createdts`, `lastmodifiedts`, `synctimestamp`, `softdeleteflag`) VALUES ('7b229e28-3169-497e-a5a1-bffbe9bacc99', 'DEFAULT_GROUP', 'PAYEE_MANAGEMENT_VIEW', NULL, NULL, 'UID11', CURRENT_TIMESTAMP, CURRENT_TIMESTAMP, CURRENT_TIMESTAMP, '0');
INSERT INTO `groupactionlimit` (`id`, `Group_id`, `Action_id`, `LimitType_id`, `value`, `createdby`, `createdts`, `lastmodifiedts`, `synctimestamp`, `softdeleteflag`) VALUES ('6645c7ef-1239-436b-b89b-37a3d6f4c3be', 'DEFAULT_GROUP', 'PAYEE_MANAGEMENT_CREATE', NULL, NULL, 'UID11', CURRENT_TIMESTAMP, CURRENT_TIMESTAMP, CURRENT_TIMESTAMP, '0');
INSERT INTO `groupactionlimit` (`id`, `Group_id`, `Action_id`, `LimitType_id`, `value`, `createdby`, `createdts`, `lastmodifiedts`, `synctimestamp`, `softdeleteflag`) VALUES ('1088a2e2-13dc-4509-baf5-161ca893f182', 'DEFAULT_GROUP', 'PAYEE_MANAGEMENT_EDIT', NULL, NULL, 'UID11', CURRENT_TIMESTAMP, CURRENT_TIMESTAMP, CURRENT_TIMESTAMP, '0');
INSERT INTO `groupactionlimit` (`id`, `Group_id`, `Action_id`, `LimitType_id`, `value`, `createdby`, `createdts`, `lastmodifiedts`, `synctimestamp`, `softdeleteflag`) VALUES ('b2235f76-c3af-401a-ad73-d17ef5572d7e', 'DEFAULT_GROUP', 'PAYEE_MANAGEMENT_DELETE', NULL, NULL, 'UID11', CURRENT_TIMESTAMP, CURRENT_TIMESTAMP, CURRENT_TIMESTAMP, '0');
INSERT INTO `groupactionlimit` (`id`, `Group_id`, `Action_id`, `LimitType_id`, `value`, `createdby`, `createdts`, `lastmodifiedts`, `synctimestamp`, `softdeleteflag`) VALUES ('e61a2dfa-00cc-49ff-88b5-d2ec2a1f442c', 'DEFAULT_GROUP', 'RESET_SECURITY_QUESTIONS', NULL, NULL, 'UID11', CURRENT_TIMESTAMP, CURRENT_TIMESTAMP, CURRENT_TIMESTAMP, '0');
INSERT INTO `groupactionlimit` (`id`, `Group_id`, `Action_id`, `LimitType_id`, `value`, `createdby`, `modifiedby`, `createdts`, `lastmodifiedts`, `synctimestamp`, `softdeleteflag`) VALUES ('0d3531d8-ec78-47ae-8295-38eccf2561ba', 'DEFAULT_GROUP', 'TRANSFER_BETWEEN_OWN_ACCOUNT_CREATE', 'MAX_TRANSACTION_LIMIT', '100000.00', 'Kony user', 'Kony user', CURRENT_TIMESTAMP, CURRENT_TIMESTAMP, CURRENT_TIMESTAMP, '0');
INSERT INTO `groupactionlimit` (`id`, `Group_id`, `Action_id`, `LimitType_id`, `value`, `createdby`, `modifiedby`, `createdts`, `lastmodifiedts`, `synctimestamp`, `softdeleteflag`) VALUES ('e817fdac-c275-4c54-becd-4f63fbbe219b', 'DEFAULT_GROUP', 'TRANSFER_BETWEEN_OWN_ACCOUNT_CREATE', 'DAILY_LIMIT', '200000.00', 'Kony user', 'Kony user', CURRENT_TIMESTAMP, CURRENT_TIMESTAMP, CURRENT_TIMESTAMP, '0');
INSERT INTO `groupactionlimit` (`id`, `Group_id`, `Action_id`, `LimitType_id`, `value`, `createdby`, `modifiedby`, `createdts`, `lastmodifiedts`, `synctimestamp`, `softdeleteflag`) VALUES ('7f151974-c86c-4eab-b270-dd7e96343f7c', 'DEFAULT_GROUP', 'TRANSFER_BETWEEN_OWN_ACCOUNT_CREATE', 'WEEKLY_LIMIT', '1000000.00', 'Kony user', 'Kony user', CURRENT_TIMESTAMP, CURRENT_TIMESTAMP, CURRENT_TIMESTAMP, '0');
INSERT INTO `groupactionlimit` (`id`, `Group_id`, `Action_id`, `LimitType_id`, `value`, `createdby`, `modifiedby`, `createdts`, `lastmodifiedts`, `synctimestamp`, `softdeleteflag`) VALUES ('7a783e08-8dcc-4474-8095-8c1d658ed729', 'DEFAULT_GROUP', 'INTER_BANK_ACCOUNT_FUND_TRANSFER_CREATE', 'MAX_TRANSACTION_LIMIT', '100000.00', 'Kony user', 'Kony user', CURRENT_TIMESTAMP, CURRENT_TIMESTAMP, CURRENT_TIMESTAMP, '0');
INSERT INTO `groupactionlimit` (`id`, `Group_id`, `Action_id`, `LimitType_id`, `value`, `createdby`, `modifiedby`, `createdts`, `lastmodifiedts`, `synctimestamp`, `softdeleteflag`) VALUES ('42478ab2-c623-432c-8f12-9a5c10ff8945', 'DEFAULT_GROUP', 'INTER_BANK_ACCOUNT_FUND_TRANSFER_CREATE', 'DAILY_LIMIT', '200000.00', 'Kony user', 'Kony user', CURRENT_TIMESTAMP, CURRENT_TIMESTAMP, CURRENT_TIMESTAMP, '0');
INSERT INTO `groupactionlimit` (`id`, `Group_id`, `Action_id`, `LimitType_id`, `value`, `createdby`, `modifiedby`, `createdts`, `lastmodifiedts`, `synctimestamp`, `softdeleteflag`) VALUES ('e5cc89d5-dc12-4ac4-8f95-4ea754a1f516', 'DEFAULT_GROUP', 'INTER_BANK_ACCOUNT_FUND_TRANSFER_CREATE', 'WEEKLY_LIMIT', '1000000.00', 'Kony user', 'Kony user', CURRENT_TIMESTAMP, CURRENT_TIMESTAMP, CURRENT_TIMESTAMP, '0');
INSERT INTO `groupactionlimit` (`id`, `Group_id`, `Action_id`, `LimitType_id`, `value`, `createdby`, `modifiedby`, `createdts`, `lastmodifiedts`, `synctimestamp`, `softdeleteflag`) VALUES ('2be089f9-bce4-4222-b83e-2d6c8aeab4ad', 'DEFAULT_GROUP', 'INTERNATIONAL_ACCOUNT_FUND_TRANSFER_CREATE', 'MAX_TRANSACTION_LIMIT', '100000.00', 'Kony user', 'Kony user', CURRENT_TIMESTAMP, CURRENT_TIMESTAMP, CURRENT_TIMESTAMP, '0');
INSERT INTO `groupactionlimit` (`id`, `Group_id`, `Action_id`, `LimitType_id`, `value`, `createdby`, `modifiedby`, `createdts`, `lastmodifiedts`, `synctimestamp`, `softdeleteflag`) VALUES ('d645f61a-bd2c-412a-b056-bdacc8990923', 'DEFAULT_GROUP', 'INTERNATIONAL_ACCOUNT_FUND_TRANSFER_CREATE', 'DAILY_LIMIT', '200000.00', 'Kony user', 'Kony user', CURRENT_TIMESTAMP, CURRENT_TIMESTAMP, CURRENT_TIMESTAMP, '0');
INSERT INTO `groupactionlimit` (`id`, `Group_id`, `Action_id`, `LimitType_id`, `value`, `createdby`, `modifiedby`, `createdts`, `lastmodifiedts`, `synctimestamp`, `softdeleteflag`) VALUES ('3c51800c-e693-4e9b-ada7-44c152f4d737', 'DEFAULT_GROUP', 'INTERNATIONAL_ACCOUNT_FUND_TRANSFER_CREATE', 'WEEKLY_LIMIT', '1000000.00', 'Kony user', 'Kony user', CURRENT_TIMESTAMP, CURRENT_TIMESTAMP, CURRENT_TIMESTAMP, '0');
INSERT INTO `groupactionlimit` (`id`, `Group_id`, `Action_id`, `LimitType_id`, `value`, `createdby`, `createdts`, `lastmodifiedts`, `synctimestamp`, `softdeleteflag`) VALUES ('0942c1cf-10c9-41ef-a969-b86ed78adbb5', 'DEFAULT_GROUP', 'ALERT_MANAGEMENT', NULL, NULL, 'Dev', CURRENT_TIMESTAMP, CURRENT_TIMESTAMP, CURRENT_TIMESTAMP, '0');
INSERT INTO `groupactionlimit` (`id`, `Group_id`, `Action_id`, `LimitType_id`, `value`, `createdby`, `modifiedby`, `createdts`, `lastmodifiedts`, `synctimestamp`, `softdeleteflag`) VALUES ('b763284a-04a4-4450-80fd-3484cbe21d02', 'DEFAULT_GROUP', 'DOMESTIC_WIRE_TRANSFER_CREATE', 'MAX_TRANSACTION_LIMIT', '100000.00', 'Kony user', 'Kony user', CURRENT_TIMESTAMP, CURRENT_TIMESTAMP, CURRENT_TIMESTAMP, '0');
INSERT INTO `groupactionlimit` (`id`, `Group_id`, `Action_id`, `LimitType_id`, `value`, `createdby`, `modifiedby`, `createdts`, `lastmodifiedts`, `synctimestamp`, `softdeleteflag`) VALUES ('2810b122-f062-493a-95ec-f400695a2605', 'DEFAULT_GROUP', 'DOMESTIC_WIRE_TRANSFER_CREATE', 'DAILY_LIMIT', '200000.00', 'Kony user', 'Kony user', CURRENT_TIMESTAMP, CURRENT_TIMESTAMP, CURRENT_TIMESTAMP, '0');
INSERT INTO `groupactionlimit` (`id`, `Group_id`, `Action_id`, `LimitType_id`, `value`, `createdby`, `modifiedby`, `createdts`, `lastmodifiedts`, `synctimestamp`, `softdeleteflag`) VALUES ('db3f8444-52e5-4886-936e-b984d78c1604', 'DEFAULT_GROUP', 'DOMESTIC_WIRE_TRANSFER_CREATE', 'WEEKLY_LIMIT', '1000000.00', 'Kony user', 'Kony user', CURRENT_TIMESTAMP, CURRENT_TIMESTAMP, CURRENT_TIMESTAMP, '0');
INSERT INTO `groupactionlimit` (`id`, `Group_id`, `Action_id`, `LimitType_id`, `value`, `createdby`, `modifiedby`, `createdts`, `lastmodifiedts`, `synctimestamp`, `softdeleteflag`) VALUES ('8601b53e-34a5-43fe-ad15-b41d4653ab2e', 'DEFAULT_GROUP', 'INTERNATIONAL_WIRE_TRANSFER_CREATE', 'MAX_TRANSACTION_LIMIT', '100000.00', 'Kony user', 'Kony user', CURRENT_TIMESTAMP, CURRENT_TIMESTAMP, CURRENT_TIMESTAMP, '0');
INSERT INTO `groupactionlimit` (`id`, `Group_id`, `Action_id`, `LimitType_id`, `value`, `createdby`, `modifiedby`, `createdts`, `lastmodifiedts`, `synctimestamp`, `softdeleteflag`) VALUES ('a536d2f2-5231-45cd-b9e8-9984fa28b46a', 'DEFAULT_GROUP', 'INTERNATIONAL_WIRE_TRANSFER_CREATE', 'DAILY_LIMIT', '200000.00', 'Kony user', 'Kony user', CURRENT_TIMESTAMP, CURRENT_TIMESTAMP, CURRENT_TIMESTAMP, '0');
INSERT INTO `groupactionlimit` (`id`, `Group_id`, `Action_id`, `LimitType_id`, `value`, `createdby`, `modifiedby`, `createdts`, `lastmodifiedts`, `synctimestamp`, `softdeleteflag`) VALUES ('b079e053-ff25-4aac-8198-32f366a5a0e4', 'DEFAULT_GROUP', 'INTERNATIONAL_WIRE_TRANSFER_CREATE', 'WEEKLY_LIMIT', '1000000.00', 'Kony user', 'Kony user', CURRENT_TIMESTAMP, CURRENT_TIMESTAMP, CURRENT_TIMESTAMP, '0');
INSERT INTO `groupactionlimit` (`id`, `Group_id`, `Action_id`, `LimitType_id`, `value`, `createdby`, `modifiedby`, `createdts`, `lastmodifiedts`, `synctimestamp`, `softdeleteflag`) VALUES ('4f59eb37-3eb9-4393-9e4d-7e9043d85fd2', 'DEFAULT_GROUP', 'BILL_PAY_CREATE', 'MAX_TRANSACTION_LIMIT', '100000.00', 'Kony user', 'Kony user', CURRENT_TIMESTAMP, CURRENT_TIMESTAMP, CURRENT_TIMESTAMP, '0');
INSERT INTO `groupactionlimit` (`id`, `Group_id`, `Action_id`, `LimitType_id`, `value`, `createdby`, `modifiedby`, `createdts`, `lastmodifiedts`, `synctimestamp`, `softdeleteflag`) VALUES ('32eaa4fb-ff2d-4224-b038-131201ab3386', 'DEFAULT_GROUP', 'BILL_PAY_CREATE', 'DAILY_LIMIT', '200000.00', 'Kony user', 'Kony user', CURRENT_TIMESTAMP, CURRENT_TIMESTAMP, CURRENT_TIMESTAMP, '0');
INSERT INTO `groupactionlimit` (`id`, `Group_id`, `Action_id`, `LimitType_id`, `value`, `createdby`, `modifiedby`, `createdts`, `lastmodifiedts`, `synctimestamp`, `softdeleteflag`) VALUES ('613236de-e5d7-49e6-99c5-30d5a2f557e4', 'DEFAULT_GROUP', 'BILL_PAY_CREATE', 'WEEKLY_LIMIT', '1000000.00', 'Kony user', 'Kony user', CURRENT_TIMESTAMP, CURRENT_TIMESTAMP, CURRENT_TIMESTAMP, '0');
INSERT INTO `groupactionlimit` (`id`, `Group_id`, `Action_id`, `LimitType_id`, `value`, `createdby`, `createdts`, `lastmodifiedts`, `synctimestamp`, `softdeleteflag`) VALUES ('f01a0b01-87bd-4d84-8f35-d8787fafc2fa', 'DEFAULT_GROUP', 'CARD_MANAGEMENT_LOCK_CARD', NULL, NULL, 'UID11', CURRENT_TIMESTAMP, CURRENT_TIMESTAMP, CURRENT_TIMESTAMP, '0');
INSERT INTO `groupactionlimit` (`id`, `Group_id`, `Action_id`, `LimitType_id`, `value`, `createdby`, `createdts`, `lastmodifiedts`, `synctimestamp`, `softdeleteflag`) VALUES ('c19d2e42-65d6-46bb-b578-a879c0353a49', 'DEFAULT_GROUP', 'CARD_MANAGEMENT_UNLOCK_CARD', NULL, NULL, 'UID11', CURRENT_TIMESTAMP, CURRENT_TIMESTAMP, CURRENT_TIMESTAMP, '0');
INSERT INTO `groupactionlimit` (`id`, `Group_id`, `Action_id`, `LimitType_id`, `value`, `createdby`, `createdts`, `lastmodifiedts`, `synctimestamp`, `softdeleteflag`) VALUES ('b5e33c97-3b38-4832-a0dd-0f1c7454ad64', 'DEFAULT_GROUP', 'CARD_MANAGEMENT_REPLACE_CARD', NULL, NULL, 'UID11', CURRENT_TIMESTAMP, CURRENT_TIMESTAMP, CURRENT_TIMESTAMP, '0');
INSERT INTO `groupactionlimit` (`id`, `Group_id`, `Action_id`, `LimitType_id`, `value`, `createdby`, `createdts`, `lastmodifiedts`, `synctimestamp`, `softdeleteflag`) VALUES ('15eb591a-6f33-49f8-94d5-d28d5b15bb53', 'DEFAULT_GROUP', 'CARD_MANAGEMENT_CHANGE_PIN', NULL, NULL, 'UID11', CURRENT_TIMESTAMP, CURRENT_TIMESTAMP, CURRENT_TIMESTAMP, '0');
INSERT INTO `groupactionlimit` (`id`, `Group_id`, `Action_id`, `LimitType_id`, `value`, `createdby`, `modifiedby`, `createdts`, `lastmodifiedts`, `synctimestamp`, `softdeleteflag`) VALUES ('b5fc8e1b-8880-4c0b-829b-8cb338d50412', 'DEFAULT_GROUP', 'P2P_CREATE', 'MAX_TRANSACTION_LIMIT', '100000.00', 'Kony user', 'Kony user', CURRENT_TIMESTAMP, CURRENT_TIMESTAMP, CURRENT_TIMESTAMP, '0');
INSERT INTO `groupactionlimit` (`id`, `Group_id`, `Action_id`, `LimitType_id`, `value`, `createdby`, `modifiedby`, `createdts`, `lastmodifiedts`, `synctimestamp`, `softdeleteflag`) VALUES ('667190d7-4e78-4d40-81e0-828079205923', 'DEFAULT_GROUP', 'P2P_CREATE', 'DAILY_LIMIT', '200000.00', 'Kony user', 'Kony user', CURRENT_TIMESTAMP, CURRENT_TIMESTAMP, CURRENT_TIMESTAMP, '0');
INSERT INTO `groupactionlimit` (`id`, `Group_id`, `Action_id`, `LimitType_id`, `value`, `createdby`, `modifiedby`, `createdts`, `lastmodifiedts`, `synctimestamp`, `softdeleteflag`) VALUES ('c69a10b6-dca6-4936-a8ef-c82d83486038', 'DEFAULT_GROUP', 'P2P_CREATE', 'WEEKLY_LIMIT', '1000000.00', 'Kony user', 'Kony user', CURRENT_TIMESTAMP, CURRENT_TIMESTAMP, CURRENT_TIMESTAMP, '0');
INSERT INTO `groupactionlimit` (`id`, `Group_id`, `Action_id`, `LimitType_id`, `value`, `createdby`, `createdts`, `lastmodifiedts`, `synctimestamp`, `softdeleteflag`) VALUES ('d4dfa493-7f59-4cbe-b2d4-a91a98cc0ef3', 'DEFAULT_GROUP', 'MESSAGES_CREATE', NULL, NULL, 'UID11', CURRENT_TIMESTAMP, CURRENT_TIMESTAMP, CURRENT_TIMESTAMP, '0');
INSERT INTO `groupactionlimit` (`id`, `Group_id`, `Action_id`, `LimitType_id`, `value`, `createdby`, `createdts`, `lastmodifiedts`, `synctimestamp`, `softdeleteflag`) VALUES ('907b617c-2961-4834-981d-3b176c3a996b', 'DEFAULT_GROUP', 'FEEDBACK_SUBMIT', NULL, NULL, 'UID11', CURRENT_TIMESTAMP, CURRENT_TIMESTAMP, CURRENT_TIMESTAMP, '0');
INSERT INTO `groupactionlimit` (`id`, `Group_id`, `Action_id`, `LimitType_id`, `value`, `createdby`, `createdts`, `lastmodifiedts`, `synctimestamp`, `softdeleteflag`) VALUES ('e68e161e-b923-4b37-9a2c-c4813c7d7541', 'DEFAULT_GROUP', 'PROFILE_SETTINGS_VIEW', NULL, NULL, 'UID11', CURRENT_TIMESTAMP, CURRENT_TIMESTAMP, CURRENT_TIMESTAMP, '0');
INSERT INTO `groupactionlimit` (`id`, `Group_id`, `Action_id`, `LimitType_id`, `value`, `createdby`, `createdts`, `lastmodifiedts`, `synctimestamp`, `softdeleteflag`) VALUES ('e58fcae0-3279-47f7-bcaf-750da3c059d2', 'DEFAULT_GROUP', 'PROFILE_SETTINGS_UPDATE', NULL, NULL, 'UID11', CURRENT_TIMESTAMP, CURRENT_TIMESTAMP, CURRENT_TIMESTAMP, '0');
INSERT INTO `groupactionlimit` (`id`, `Group_id`, `Action_id`, `LimitType_id`, `value`, `createdby`, `modifiedby`, `createdts`, `lastmodifiedts`, `synctimestamp`, `softdeleteflag`) VALUES ('f6141a3c-ee80-41d9-aee8-6e41df3743e6', 'DEFAULT_GROUP', 'RDC', 'MAX_TRANSACTION_LIMIT', '100000.00', 'Kony user', 'Kony user', CURRENT_TIMESTAMP, CURRENT_TIMESTAMP, CURRENT_TIMESTAMP, '0');
INSERT INTO `groupactionlimit` (`id`, `Group_id`, `Action_id`, `LimitType_id`, `value`, `createdby`, `modifiedby`, `createdts`, `lastmodifiedts`, `synctimestamp`, `softdeleteflag`) VALUES ('a5235367-7e9c-4451-972a-e4871d9a8a29', 'DEFAULT_GROUP', 'RDC', 'DAILY_LIMIT', '200000.00', 'Kony user', 'Kony user', CURRENT_TIMESTAMP, CURRENT_TIMESTAMP, CURRENT_TIMESTAMP, '0');
INSERT INTO `groupactionlimit` (`id`, `Group_id`, `Action_id`, `LimitType_id`, `value`, `createdby`, `modifiedby`, `createdts`, `lastmodifiedts`, `synctimestamp`, `softdeleteflag`) VALUES ('67716c82-b566-4754-8cbd-c24a4181d2fb', 'DEFAULT_GROUP', 'RDC', 'WEEKLY_LIMIT', '1000000.00', 'Kony user', 'Kony user', CURRENT_TIMESTAMP, CURRENT_TIMESTAMP, CURRENT_TIMESTAMP, '0');
INSERT INTO `groupactionlimit` (`id`, `Group_id`, `Action_id`, `LimitType_id`, `value`, `createdby`, `createdts`, `lastmodifiedts`, `synctimestamp`, `softdeleteflag`) VALUES ('497288ab-4983-4ec2-b686-055535904609', 'DEFAULT_GROUP', 'MESSAGES_VIEW', NULL, NULL, 'UID11', CURRENT_TIMESTAMP, CURRENT_TIMESTAMP, CURRENT_TIMESTAMP, '0');
INSERT INTO `groupactionlimit` (`id`, `Group_id`, `Action_id`, `LimitType_id`, `value`, `createdby`, `createdts`, `lastmodifiedts`, `synctimestamp`, `softdeleteflag`) VALUES ('d7e69a56-c108-495c-9167-add7f2c8f7bc', 'DEFAULT_GROUP', 'MESSAGES_DELETE', NULL, NULL, 'UID11', CURRENT_TIMESTAMP, CURRENT_TIMESTAMP, CURRENT_TIMESTAMP, '0');
INSERT INTO `groupactionlimit` (`id`, `Group_id`, `Action_id`, `LimitType_id`, `value`, `createdby`, `createdts`, `lastmodifiedts`, `synctimestamp`, `softdeleteflag`) VALUES ('01a5fcee-64f8-455a-bce5-c7ffd1f63f5b', 'DEFAULT_GROUP', 'MESSAGES_REPLY', NULL, NULL, 'UID11', CURRENT_TIMESTAMP, CURRENT_TIMESTAMP, CURRENT_TIMESTAMP, '0');
INSERT INTO `groupactionlimit` (`id`, `Group_id`, `Action_id`, `LimitType_id`, `value`, `createdby`, `createdts`, `lastmodifiedts`, `synctimestamp`, `softdeleteflag`) VALUES ('e4a3aa08-805c-4d56-baea-e06b0294d090', 'DEFAULT_GROUP', 'NOTIFICATION_VIEW', NULL, NULL, 'UID11', CURRENT_TIMESTAMP, CURRENT_TIMESTAMP, CURRENT_TIMESTAMP, '0');
INSERT INTO `groupactionlimit` (`id`, `Group_id`, `Action_id`, `LimitType_id`, `value`, `createdby`, `createdts`, `lastmodifiedts`, `synctimestamp`, `softdeleteflag`) VALUES ('43b1a415-183d-42a6-9e1a-287762207a20', 'DEFAULT_GROUP', 'NOTIFICATION_UPDATE', NULL, NULL, 'UID11', CURRENT_TIMESTAMP, CURRENT_TIMESTAMP, CURRENT_TIMESTAMP, '0');
INSERT INTO `groupactionlimit` (`id`, `Group_id`, `Action_id`, `LimitType_id`, `value`, `createdby`, `createdts`, `lastmodifiedts`, `synctimestamp`, `softdeleteflag`) VALUES ('1ef4e3fd-223e-478a-acc6-495a74aabe05', 'DEFAULT_GROUP', 'BILL_PAY_BULK', NULL, NULL, 'UID11', CURRENT_TIMESTAMP, CURRENT_TIMESTAMP, CURRENT_TIMESTAMP, '0');
INSERT INTO `groupactionlimit` (`id`, `Group_id`, `Action_id`, `LimitType_id`, `value`, `createdby`, `createdts`, `lastmodifiedts`, `synctimestamp`, `softdeleteflag`) VALUES ('d171762c-0040-4f47-bb16-868e06637ad7', 'DEFAULT_GROUP', 'BILL_PAY_ACTIVATE_OR_DEACTIVATE', NULL, NULL, 'UID11', CURRENT_TIMESTAMP, CURRENT_TIMESTAMP, CURRENT_TIMESTAMP, '0');
INSERT INTO `groupactionlimit` (`id`, `Group_id`, `Action_id`, `LimitType_id`, `value`, `createdby`, `createdts`, `lastmodifiedts`, `synctimestamp`, `softdeleteflag`) VALUES ('c8c3f69e-ccb6-4cf5-95e5-b8eeed6b6016', 'DEFAULT_GROUP', 'APPLICANT_MANAGEMENT_CREATE', NULL, NULL, 'UID11', CURRENT_TIMESTAMP, CURRENT_TIMESTAMP, CURRENT_TIMESTAMP, '0');
INSERT INTO `groupactionlimit` (`id`, `Group_id`, `Action_id`, `LimitType_id`, `value`, `createdby`, `createdts`, `lastmodifiedts`, `synctimestamp`, `softdeleteflag`) VALUES ('eda1b96d-bb79-45d3-a2be-f0971270d5a3', 'DEFAULT_GROUP', 'TRANSACTION_MANAGEMENT_DELETE', NULL, NULL, 'UID11', CURRENT_TIMESTAMP, CURRENT_TIMESTAMP, CURRENT_TIMESTAMP, '0');
INSERT INTO `groupactionlimit` (`id`, `Group_id`, `Action_id`, `LimitType_id`, `value`, `createdby`, `createdts`, `lastmodifiedts`, `synctimestamp`, `softdeleteflag`) VALUES ('96fe60e6-3c6b-48d5-a6b6-3584302e9288', 'DEFAULT_GROUP', 'RECIPIENT_MANAGEMENT_VIEW', NULL, NULL, 'UID11', CURRENT_TIMESTAMP, CURRENT_TIMESTAMP, CURRENT_TIMESTAMP, '0');
INSERT INTO `groupactionlimit` (`id`, `Group_id`, `Action_id`, `LimitType_id`, `value`, `createdby`, `createdts`, `lastmodifiedts`, `synctimestamp`, `softdeleteflag`) VALUES ('7e1a1914-90f6-4bcd-99ad-7caa52b477ee', 'GID_BANKING_CUSTOMERS', 'INTRA_BANK_FUND_TRANSFER_CREATE', 'MAX_TRANSACTION_LIMIT', '100000.00', 'UID11', CURRENT_TIMESTAMP, CURRENT_TIMESTAMP, CURRENT_TIMESTAMP, '0');
INSERT INTO `groupactionlimit` (`id`, `Group_id`, `Action_id`, `LimitType_id`, `value`, `createdby`, `createdts`, `lastmodifiedts`, `synctimestamp`, `softdeleteflag`) VALUES ('f6c1ed03-1331-4546-ae04-b8dcdbd60178', 'GID_BANKING_CUSTOMERS', 'INTRA_BANK_FUND_TRANSFER_CREATE', 'DAILY_LIMIT', '200000.00', 'UID11', CURRENT_TIMESTAMP, CURRENT_TIMESTAMP, CURRENT_TIMESTAMP, '0');
INSERT INTO `groupactionlimit` (`id`, `Group_id`, `Action_id`, `LimitType_id`, `value`, `createdby`, `createdts`, `lastmodifiedts`, `synctimestamp`, `softdeleteflag`) VALUES ('99cb01d4-eebe-4061-a45f-758caa131d23', 'GID_BANKING_CUSTOMERS', 'INTRA_BANK_FUND_TRANSFER_CREATE', 'WEEKLY_LIMIT', '1000000.00', 'UID11', CURRENT_TIMESTAMP, CURRENT_TIMESTAMP, CURRENT_TIMESTAMP, '0');
INSERT INTO `groupactionlimit` (`id`, `Group_id`, `Action_id`, `LimitType_id`, `value`, `createdby`, `createdts`, `lastmodifiedts`, `synctimestamp`, `softdeleteflag`) VALUES ('24f61d9b-8533-4e0d-84a3-32661b00d356', 'GID_BANKING_CUSTOMERS', 'TRANSFER_BETWEEN_OWN_ACCOUNT_CREATE', 'MAX_TRANSACTION_LIMIT', '100000.00', 'UID11', CURRENT_TIMESTAMP, CURRENT_TIMESTAMP, CURRENT_TIMESTAMP, '0');
INSERT INTO `groupactionlimit` (`id`, `Group_id`, `Action_id`, `LimitType_id`, `value`, `createdby`, `createdts`, `lastmodifiedts`, `synctimestamp`, `softdeleteflag`) VALUES ('2fee3a22-843f-48b8-b349-d9feb3e41264', 'GID_BANKING_CUSTOMERS', 'TRANSFER_BETWEEN_OWN_ACCOUNT_CREATE', 'DAILY_LIMIT', '200000.00', 'UID11', CURRENT_TIMESTAMP, CURRENT_TIMESTAMP, CURRENT_TIMESTAMP, '0');
INSERT INTO `groupactionlimit` (`id`, `Group_id`, `Action_id`, `LimitType_id`, `value`, `createdby`, `createdts`, `lastmodifiedts`, `synctimestamp`, `softdeleteflag`) VALUES ('03f9e1f0-4506-4ce5-b12a-ade34b117c3a', 'GID_BANKING_CUSTOMERS', 'TRANSFER_BETWEEN_OWN_ACCOUNT_CREATE', 'WEEKLY_LIMIT', '1000000.00', 'UID11', CURRENT_TIMESTAMP, CURRENT_TIMESTAMP, CURRENT_TIMESTAMP, '0');
INSERT INTO `groupactionlimit` (`id`, `Group_id`, `Action_id`, `LimitType_id`, `value`, `createdby`, `createdts`, `lastmodifiedts`, `synctimestamp`, `softdeleteflag`) VALUES ('255d8e8d-91e0-4910-a7b5-19f4244708c9', 'GID_CREDITCARD_CUSTOMERS', 'RDC', 'MAX_TRANSACTION_LIMIT', '100000.00', 'UID11', CURRENT_TIMESTAMP, CURRENT_TIMESTAMP, CURRENT_TIMESTAMP, '0');
INSERT INTO `groupactionlimit` (`id`, `Group_id`, `Action_id`, `LimitType_id`, `value`, `createdby`, `createdts`, `lastmodifiedts`, `synctimestamp`, `softdeleteflag`) VALUES ('046407e9-0ac3-472d-81f1-fa31f5208bd1', 'GID_CREDITCARD_CUSTOMERS', 'RDC', 'DAILY_LIMIT', '200000.00', 'UID11', CURRENT_TIMESTAMP, CURRENT_TIMESTAMP, CURRENT_TIMESTAMP, '0');
INSERT INTO `groupactionlimit` (`id`, `Group_id`, `Action_id`, `LimitType_id`, `value`, `createdby`, `createdts`, `lastmodifiedts`, `synctimestamp`, `softdeleteflag`) VALUES ('3fe26db8-93ac-43ea-91bc-5576c5a7afc6', 'GID_CREDITCARD_CUSTOMERS', 'RDC', 'WEEKLY_LIMIT', '1000000.00', 'UID11', CURRENT_TIMESTAMP, CURRENT_TIMESTAMP, CURRENT_TIMESTAMP, '0');
INSERT INTO `groupactionlimit` (`id`, `Group_id`, `Action_id`, `LimitType_id`, `value`, `createdby`, `createdts`, `lastmodifiedts`, `synctimestamp`, `softdeleteflag`) VALUES ('d4009721-cc75-4359-bf91-01130d8e8013', 'GID_HNW_CUSTOMERS', 'INTRA_BANK_FUND_TRANSFER_CREATE', 'MAX_TRANSACTION_LIMIT', '100000.00', 'UID11', CURRENT_TIMESTAMP, CURRENT_TIMESTAMP, CURRENT_TIMESTAMP, '0');
INSERT INTO `groupactionlimit` (`id`, `Group_id`, `Action_id`, `LimitType_id`, `value`, `createdby`, `createdts`, `lastmodifiedts`, `synctimestamp`, `softdeleteflag`) VALUES ('e07b3be2-c42f-4d7f-baca-831c5f0347ce', 'GID_HNW_CUSTOMERS', 'INTRA_BANK_FUND_TRANSFER_CREATE', 'DAILY_LIMIT', '200000.00', 'UID11', CURRENT_TIMESTAMP, CURRENT_TIMESTAMP, CURRENT_TIMESTAMP, '0');
INSERT INTO `groupactionlimit` (`id`, `Group_id`, `Action_id`, `LimitType_id`, `value`, `createdby`, `createdts`, `lastmodifiedts`, `synctimestamp`, `softdeleteflag`) VALUES ('7c47da2c-d5d4-4ecd-ae6c-88c63b3b79da', 'GID_HNW_CUSTOMERS', 'INTRA_BANK_FUND_TRANSFER_CREATE', 'WEEKLY_LIMIT', '1000000.00', 'UID11', CURRENT_TIMESTAMP, CURRENT_TIMESTAMP, CURRENT_TIMESTAMP, '0');
INSERT INTO `groupactionlimit` (`id`, `Group_id`, `Action_id`, `LimitType_id`, `value`, `createdby`, `createdts`, `lastmodifiedts`, `synctimestamp`, `softdeleteflag`) VALUES ('5a549a79-f61a-4c5a-970b-f0ddc5705ebe', 'GID_HNW_CUSTOMERS', 'TRANSFER_BETWEEN_OWN_ACCOUNT_CREATE', 'MAX_TRANSACTION_LIMIT', '100000.00', 'UID11', CURRENT_TIMESTAMP, CURRENT_TIMESTAMP, CURRENT_TIMESTAMP, '0');
INSERT INTO `groupactionlimit` (`id`, `Group_id`, `Action_id`, `LimitType_id`, `value`, `createdby`, `createdts`, `lastmodifiedts`, `synctimestamp`, `softdeleteflag`) VALUES ('748b3e81-9a70-4276-966f-d2fe9718985e', 'GID_HNW_CUSTOMERS', 'TRANSFER_BETWEEN_OWN_ACCOUNT_CREATE', 'DAILY_LIMIT', '200000.00', 'UID11', CURRENT_TIMESTAMP, CURRENT_TIMESTAMP, CURRENT_TIMESTAMP, '0');
INSERT INTO `groupactionlimit` (`id`, `Group_id`, `Action_id`, `LimitType_id`, `value`, `createdby`, `createdts`, `lastmodifiedts`, `synctimestamp`, `softdeleteflag`) VALUES ('b2b1572e-e13a-4b35-b665-79e3b08ae0c6', 'GID_HNW_CUSTOMERS', 'TRANSFER_BETWEEN_OWN_ACCOUNT_CREATE', 'WEEKLY_LIMIT', '1000000.00', 'UID11', CURRENT_TIMESTAMP, CURRENT_TIMESTAMP, CURRENT_TIMESTAMP, '0');
INSERT INTO `groupactionlimit` (`id`, `Group_id`, `Action_id`, `LimitType_id`, `value`, `createdby`, `createdts`, `lastmodifiedts`, `synctimestamp`, `softdeleteflag`) VALUES ('526f0eab-4e5d-49cc-9026-f38c44995b4f', 'GID_HNW_CUSTOMERS', 'INTER_BANK_ACCOUNT_FUND_TRANSFER_CREATE', 'MAX_TRANSACTION_LIMIT', '100000.00', 'UID11', CURRENT_TIMESTAMP, CURRENT_TIMESTAMP, CURRENT_TIMESTAMP, '0');
INSERT INTO `groupactionlimit` (`id`, `Group_id`, `Action_id`, `LimitType_id`, `value`, `createdby`, `createdts`, `lastmodifiedts`, `synctimestamp`, `softdeleteflag`) VALUES ('5f8d2cb3-298d-41e6-b91a-8e082e7bec26', 'GID_HNW_CUSTOMERS', 'INTER_BANK_ACCOUNT_FUND_TRANSFER_CREATE', 'DAILY_LIMIT', '200000.00', 'UID11', CURRENT_TIMESTAMP, CURRENT_TIMESTAMP, CURRENT_TIMESTAMP, '0');
INSERT INTO `groupactionlimit` (`id`, `Group_id`, `Action_id`, `LimitType_id`, `value`, `createdby`, `createdts`, `lastmodifiedts`, `synctimestamp`, `softdeleteflag`) VALUES ('dd244ef6-000e-421e-9997-11cf2480d9d1', 'GID_HNW_CUSTOMERS', 'INTER_BANK_ACCOUNT_FUND_TRANSFER_CREATE', 'WEEKLY_LIMIT', '1000000.00', 'UID11', CURRENT_TIMESTAMP, CURRENT_TIMESTAMP, CURRENT_TIMESTAMP, '0');
INSERT INTO `groupactionlimit` (`id`, `Group_id`, `Action_id`, `LimitType_id`, `value`, `createdby`, `createdts`, `lastmodifiedts`, `synctimestamp`, `softdeleteflag`) VALUES ('bc4b2740-f9e9-4872-85c2-048ae813a8ea', 'GID_HNW_CUSTOMERS', 'INTERNATIONAL_ACCOUNT_FUND_TRANSFER_CREATE', 'MAX_TRANSACTION_LIMIT', '100000.00', 'UID11', CURRENT_TIMESTAMP, CURRENT_TIMESTAMP, CURRENT_TIMESTAMP, '0');
INSERT INTO `groupactionlimit` (`id`, `Group_id`, `Action_id`, `LimitType_id`, `value`, `createdby`, `createdts`, `lastmodifiedts`, `synctimestamp`, `softdeleteflag`) VALUES ('9874209b-86f5-44d7-8c77-604bf19cb9fa', 'GID_HNW_CUSTOMERS', 'INTERNATIONAL_ACCOUNT_FUND_TRANSFER_CREATE', 'DAILY_LIMIT', '200000.00', 'UID11', CURRENT_TIMESTAMP, CURRENT_TIMESTAMP, CURRENT_TIMESTAMP, '0');
INSERT INTO `groupactionlimit` (`id`, `Group_id`, `Action_id`, `LimitType_id`, `value`, `createdby`, `createdts`, `lastmodifiedts`, `synctimestamp`, `softdeleteflag`) VALUES ('1607e1e7-c2f0-4429-b602-d9af99c8acfe', 'GID_HNW_CUSTOMERS', 'INTERNATIONAL_ACCOUNT_FUND_TRANSFER_CREATE', 'WEEKLY_LIMIT', '1000000.00', 'UID11', CURRENT_TIMESTAMP, CURRENT_TIMESTAMP, CURRENT_TIMESTAMP, '0');
INSERT INTO `groupactionlimit` (`id`, `Group_id`, `Action_id`, `LimitType_id`, `value`, `createdby`, `createdts`, `lastmodifiedts`, `synctimestamp`, `softdeleteflag`) VALUES ('33b8118a-d7f2-418e-838a-5802aeab5c62', 'GID_HNW_CUSTOMERS', 'DOMESTIC_WIRE_TRANSFER_CREATE', 'MAX_TRANSACTION_LIMIT', '100000.00', 'UID11', CURRENT_TIMESTAMP, CURRENT_TIMESTAMP, CURRENT_TIMESTAMP, '0');
INSERT INTO `groupactionlimit` (`id`, `Group_id`, `Action_id`, `LimitType_id`, `value`, `createdby`, `createdts`, `lastmodifiedts`, `synctimestamp`, `softdeleteflag`) VALUES ('e8803d43-2090-46eb-9179-1388f100b3e6', 'GID_HNW_CUSTOMERS', 'DOMESTIC_WIRE_TRANSFER_CREATE', 'DAILY_LIMIT', '200000.00', 'UID11', CURRENT_TIMESTAMP, CURRENT_TIMESTAMP, CURRENT_TIMESTAMP, '0');
INSERT INTO `groupactionlimit` (`id`, `Group_id`, `Action_id`, `LimitType_id`, `value`, `createdby`, `createdts`, `lastmodifiedts`, `synctimestamp`, `softdeleteflag`) VALUES ('a9c4f535-6acf-4c62-98a3-62a29e693e8c', 'GID_HNW_CUSTOMERS', 'DOMESTIC_WIRE_TRANSFER_CREATE', 'WEEKLY_LIMIT', '1000000.00', 'UID11', CURRENT_TIMESTAMP, CURRENT_TIMESTAMP, CURRENT_TIMESTAMP, '0');
INSERT INTO `groupactionlimit` (`id`, `Group_id`, `Action_id`, `LimitType_id`, `value`, `createdby`, `createdts`, `lastmodifiedts`, `synctimestamp`, `softdeleteflag`) VALUES ('241e7fc9-ee44-4ba2-8e90-87e732c87653', 'GID_HNW_CUSTOMERS', 'INTERNATIONAL_WIRE_TRANSFER_CREATE', 'MAX_TRANSACTION_LIMIT', '100000.00', 'UID11', CURRENT_TIMESTAMP, CURRENT_TIMESTAMP, CURRENT_TIMESTAMP, '0');
INSERT INTO `groupactionlimit` (`id`, `Group_id`, `Action_id`, `LimitType_id`, `value`, `createdby`, `createdts`, `lastmodifiedts`, `synctimestamp`, `softdeleteflag`) VALUES ('044c4824-6a09-40e2-ad16-77e30b594017', 'GID_HNW_CUSTOMERS', 'INTERNATIONAL_WIRE_TRANSFER_CREATE', 'DAILY_LIMIT', '200000.00', 'UID11', CURRENT_TIMESTAMP, CURRENT_TIMESTAMP, CURRENT_TIMESTAMP, '0');
INSERT INTO `groupactionlimit` (`id`, `Group_id`, `Action_id`, `LimitType_id`, `value`, `createdby`, `createdts`, `lastmodifiedts`, `synctimestamp`, `softdeleteflag`) VALUES ('75a2531d-5d68-4424-ac1e-90c4232d12aa', 'GID_HNW_CUSTOMERS', 'INTERNATIONAL_WIRE_TRANSFER_CREATE', 'WEEKLY_LIMIT', '1000000.00', 'UID11', CURRENT_TIMESTAMP, CURRENT_TIMESTAMP, CURRENT_TIMESTAMP, '0');
INSERT INTO `groupactionlimit` (`id`, `Group_id`, `Action_id`, `LimitType_id`, `value`, `createdby`, `createdts`, `lastmodifiedts`, `synctimestamp`, `softdeleteflag`) VALUES ('e88036dc-6fd7-4619-abaa-eefda5d756b0', 'GID_HNW_CUSTOMERS', 'BILL_PAY_CREATE', 'MAX_TRANSACTION_LIMIT', '100000.00', 'UID11', CURRENT_TIMESTAMP, CURRENT_TIMESTAMP, CURRENT_TIMESTAMP, '0');
INSERT INTO `groupactionlimit` (`id`, `Group_id`, `Action_id`, `LimitType_id`, `value`, `createdby`, `createdts`, `lastmodifiedts`, `synctimestamp`, `softdeleteflag`) VALUES ('b5e321be-9982-434d-adc4-dca7324be7bc', 'GID_HNW_CUSTOMERS', 'BILL_PAY_CREATE', 'DAILY_LIMIT', '200000.00', 'UID11', CURRENT_TIMESTAMP, CURRENT_TIMESTAMP, CURRENT_TIMESTAMP, '0');
INSERT INTO `groupactionlimit` (`id`, `Group_id`, `Action_id`, `LimitType_id`, `value`, `createdby`, `createdts`, `lastmodifiedts`, `synctimestamp`, `softdeleteflag`) VALUES ('730b6824-f930-42e8-920c-1df96f0d97c9', 'GID_HNW_CUSTOMERS', 'BILL_PAY_CREATE', 'WEEKLY_LIMIT', '1000000.00', 'UID11', CURRENT_TIMESTAMP, CURRENT_TIMESTAMP, CURRENT_TIMESTAMP, '0');
INSERT INTO `groupactionlimit` (`id`, `Group_id`, `Action_id`, `LimitType_id`, `value`, `createdby`, `createdts`, `lastmodifiedts`, `synctimestamp`, `softdeleteflag`) VALUES ('6bd28234-35c6-443b-bbfc-9912b7ae987d', 'GID_LOAN_CUSTOMERS', 'INTRA_BANK_FUND_TRANSFER_CREATE', 'MAX_TRANSACTION_LIMIT', '100000.00', 'UID11', CURRENT_TIMESTAMP, CURRENT_TIMESTAMP, CURRENT_TIMESTAMP, '0');
INSERT INTO `groupactionlimit` (`id`, `Group_id`, `Action_id`, `LimitType_id`, `value`, `createdby`, `createdts`, `lastmodifiedts`, `synctimestamp`, `softdeleteflag`) VALUES ('755434a8-2aa0-4733-b0d7-92615e03b02a', 'GID_LOAN_CUSTOMERS', 'INTRA_BANK_FUND_TRANSFER_CREATE', 'DAILY_LIMIT', '200000.00', 'UID11', CURRENT_TIMESTAMP, CURRENT_TIMESTAMP, CURRENT_TIMESTAMP, '0');
INSERT INTO `groupactionlimit` (`id`, `Group_id`, `Action_id`, `LimitType_id`, `value`, `createdby`, `createdts`, `lastmodifiedts`, `synctimestamp`, `softdeleteflag`) VALUES ('628e2dac-7f6b-485b-9b5d-626b80e22f19', 'GID_LOAN_CUSTOMERS', 'INTRA_BANK_FUND_TRANSFER_CREATE', 'WEEKLY_LIMIT', '1000000.00', 'UID11', CURRENT_TIMESTAMP, CURRENT_TIMESTAMP, CURRENT_TIMESTAMP, '0');
INSERT INTO `groupactionlimit` (`id`, `Group_id`, `Action_id`, `LimitType_id`, `value`, `createdby`, `createdts`, `lastmodifiedts`, `synctimestamp`, `softdeleteflag`) VALUES ('e904353f-393f-4ef0-9ed6-dafec4f3761e', 'GID_LOAN_CUSTOMERS', 'DOMESTIC_WIRE_TRANSFER_CREATE', 'MAX_TRANSACTION_LIMIT', '100000.00', 'UID11', CURRENT_TIMESTAMP, CURRENT_TIMESTAMP, CURRENT_TIMESTAMP, '0');
INSERT INTO `groupactionlimit` (`id`, `Group_id`, `Action_id`, `LimitType_id`, `value`, `createdby`, `createdts`, `lastmodifiedts`, `synctimestamp`, `softdeleteflag`) VALUES ('ffcd5c34-a36c-46a4-8e26-916b9d379ce1', 'GID_LOAN_CUSTOMERS', 'DOMESTIC_WIRE_TRANSFER_CREATE', 'DAILY_LIMIT', '200000.00', 'UID11', CURRENT_TIMESTAMP, CURRENT_TIMESTAMP, CURRENT_TIMESTAMP, '0');
INSERT INTO `groupactionlimit` (`id`, `Group_id`, `Action_id`, `LimitType_id`, `value`, `createdby`, `createdts`, `lastmodifiedts`, `synctimestamp`, `softdeleteflag`) VALUES ('1c4f0bee-be1f-4e37-ba79-af7d86dec81e', 'GID_LOAN_CUSTOMERS', 'DOMESTIC_WIRE_TRANSFER_CREATE', 'WEEKLY_LIMIT', '1000000.00', 'UID11', CURRENT_TIMESTAMP, CURRENT_TIMESTAMP, CURRENT_TIMESTAMP, '0');
INSERT INTO `groupactionlimit` (`id`, `Group_id`, `Action_id`, `LimitType_id`, `value`, `createdby`, `createdts`, `lastmodifiedts`, `synctimestamp`, `softdeleteflag`) VALUES ('61292fcc-0f9e-43a0-a34d-54c603dcd795', 'GID_LOAN_CUSTOMERS', 'RDC', 'MAX_TRANSACTION_LIMIT', '100000.00', 'UID11', CURRENT_TIMESTAMP, CURRENT_TIMESTAMP, CURRENT_TIMESTAMP, '0');
INSERT INTO `groupactionlimit` (`id`, `Group_id`, `Action_id`, `LimitType_id`, `value`, `createdby`, `createdts`, `lastmodifiedts`, `synctimestamp`, `softdeleteflag`) VALUES ('93235008-c24e-4394-bd63-d072e594ffa9', 'GID_LOAN_CUSTOMERS', 'RDC', 'DAILY_LIMIT', '200000.00', 'UID11', CURRENT_TIMESTAMP, CURRENT_TIMESTAMP, CURRENT_TIMESTAMP, '0');
INSERT INTO `groupactionlimit` (`id`, `Group_id`, `Action_id`, `LimitType_id`, `value`, `createdby`, `createdts`, `lastmodifiedts`, `synctimestamp`, `softdeleteflag`) VALUES ('7525e4c4-7ccb-412f-8f27-8f269f1f0d19', 'GID_LOAN_CUSTOMERS', 'RDC', 'WEEKLY_LIMIT', '1000000.00', 'UID11', CURRENT_TIMESTAMP, CURRENT_TIMESTAMP, CURRENT_TIMESTAMP, '0');
INSERT INTO `groupactionlimit` (`id`, `Group_id`, `Action_id`, `LimitType_id`, `value`, `createdby`, `createdts`, `lastmodifiedts`, `synctimestamp`, `softdeleteflag`) VALUES ('40e3f438-ddbf-4ef8-ad78-374313ce89a7', 'GID_PRIORITY_MEMBERS', 'INTRA_BANK_FUND_TRANSFER_CREATE', 'MAX_TRANSACTION_LIMIT', '100000.00', 'UID11', CURRENT_TIMESTAMP, CURRENT_TIMESTAMP, CURRENT_TIMESTAMP, '0');
INSERT INTO `groupactionlimit` (`id`, `Group_id`, `Action_id`, `LimitType_id`, `value`, `createdby`, `createdts`, `lastmodifiedts`, `synctimestamp`, `softdeleteflag`) VALUES ('616a84cd-9dcc-4775-9aaf-92d2e9cf832d', 'GID_PRIORITY_MEMBERS', 'INTRA_BANK_FUND_TRANSFER_CREATE', 'DAILY_LIMIT', '200000.00', 'UID11', CURRENT_TIMESTAMP, CURRENT_TIMESTAMP, CURRENT_TIMESTAMP, '0');
INSERT INTO `groupactionlimit` (`id`, `Group_id`, `Action_id`, `LimitType_id`, `value`, `createdby`, `createdts`, `lastmodifiedts`, `synctimestamp`, `softdeleteflag`) VALUES ('fe451583-652f-4bd3-972f-841b3329de5a', 'GID_PRIORITY_MEMBERS', 'INTRA_BANK_FUND_TRANSFER_CREATE', 'WEEKLY_LIMIT', '1000000.00', 'UID11', CURRENT_TIMESTAMP, CURRENT_TIMESTAMP, CURRENT_TIMESTAMP, '0');
INSERT INTO `groupactionlimit` (`id`, `Group_id`, `Action_id`, `LimitType_id`, `value`, `createdby`, `createdts`, `lastmodifiedts`, `synctimestamp`, `softdeleteflag`) VALUES ('2f37ca04-66f3-4530-b98c-78ec6c18d50f', 'GID_PRIORITY_MEMBERS', 'TRANSFER_BETWEEN_OWN_ACCOUNT_CREATE', 'MAX_TRANSACTION_LIMIT', '100000.00', 'UID11', CURRENT_TIMESTAMP, CURRENT_TIMESTAMP, CURRENT_TIMESTAMP, '0');
INSERT INTO `groupactionlimit` (`id`, `Group_id`, `Action_id`, `LimitType_id`, `value`, `createdby`, `createdts`, `lastmodifiedts`, `synctimestamp`, `softdeleteflag`) VALUES ('2e02d362-1fa8-4e25-8beb-5bbbda64d2a8', 'GID_PRIORITY_MEMBERS', 'TRANSFER_BETWEEN_OWN_ACCOUNT_CREATE', 'DAILY_LIMIT', '200000.00', 'UID11', CURRENT_TIMESTAMP, CURRENT_TIMESTAMP, CURRENT_TIMESTAMP, '0');
INSERT INTO `groupactionlimit` (`id`, `Group_id`, `Action_id`, `LimitType_id`, `value`, `createdby`, `createdts`, `lastmodifiedts`, `synctimestamp`, `softdeleteflag`) VALUES ('f6437fd4-53af-40ec-87b6-2c3b3b31c29b', 'GID_PRIORITY_MEMBERS', 'TRANSFER_BETWEEN_OWN_ACCOUNT_CREATE', 'WEEKLY_LIMIT', '1000000.00', 'UID11', CURRENT_TIMESTAMP, CURRENT_TIMESTAMP, CURRENT_TIMESTAMP, '0');
INSERT INTO `groupactionlimit` (`id`, `Group_id`, `Action_id`, `LimitType_id`, `value`, `createdby`, `createdts`, `lastmodifiedts`, `synctimestamp`, `softdeleteflag`) VALUES ('f50f4acb-306b-44f8-a7ba-1663a5df1c87', 'GID_PRIORITY_MEMBERS', 'INTER_BANK_ACCOUNT_FUND_TRANSFER_CREATE', 'MAX_TRANSACTION_LIMIT', '100000.00', 'UID11', CURRENT_TIMESTAMP, CURRENT_TIMESTAMP, CURRENT_TIMESTAMP, '0');
INSERT INTO `groupactionlimit` (`id`, `Group_id`, `Action_id`, `LimitType_id`, `value`, `createdby`, `createdts`, `lastmodifiedts`, `synctimestamp`, `softdeleteflag`) VALUES ('6a309434-c468-484a-b585-d0b53b809a2f', 'GID_PRIORITY_MEMBERS', 'INTER_BANK_ACCOUNT_FUND_TRANSFER_CREATE', 'DAILY_LIMIT', '200000.00', 'UID11', CURRENT_TIMESTAMP, CURRENT_TIMESTAMP, CURRENT_TIMESTAMP, '0');
INSERT INTO `groupactionlimit` (`id`, `Group_id`, `Action_id`, `LimitType_id`, `value`, `createdby`, `createdts`, `lastmodifiedts`, `synctimestamp`, `softdeleteflag`) VALUES ('36ad5746-a992-4cd4-940c-44c3799454d1', 'GID_PRIORITY_MEMBERS', 'INTER_BANK_ACCOUNT_FUND_TRANSFER_CREATE', 'WEEKLY_LIMIT', '1000000.00', 'UID11', CURRENT_TIMESTAMP, CURRENT_TIMESTAMP, CURRENT_TIMESTAMP, '0');
INSERT INTO `groupactionlimit` (`id`, `Group_id`, `Action_id`, `LimitType_id`, `value`, `createdby`, `createdts`, `lastmodifiedts`, `synctimestamp`, `softdeleteflag`) VALUES ('8336b18e-ee82-413e-aed4-690223a44222', 'GID_PRIORITY_MEMBERS', 'INTERNATIONAL_ACCOUNT_FUND_TRANSFER_CREATE', 'MAX_TRANSACTION_LIMIT', '100000.00', 'UID11', CURRENT_TIMESTAMP, CURRENT_TIMESTAMP, CURRENT_TIMESTAMP, '0');
INSERT INTO `groupactionlimit` (`id`, `Group_id`, `Action_id`, `LimitType_id`, `value`, `createdby`, `createdts`, `lastmodifiedts`, `synctimestamp`, `softdeleteflag`) VALUES ('3c1be81e-68fe-4dde-ab72-90f614a7b86f', 'GID_PRIORITY_MEMBERS', 'INTERNATIONAL_ACCOUNT_FUND_TRANSFER_CREATE', 'DAILY_LIMIT', '200000.00', 'UID11', CURRENT_TIMESTAMP, CURRENT_TIMESTAMP, CURRENT_TIMESTAMP, '0');
INSERT INTO `groupactionlimit` (`id`, `Group_id`, `Action_id`, `LimitType_id`, `value`, `createdby`, `createdts`, `lastmodifiedts`, `synctimestamp`, `softdeleteflag`) VALUES ('79a9a8c8-12ed-4333-a6b8-f9d050533228', 'GID_PRIORITY_MEMBERS', 'INTERNATIONAL_ACCOUNT_FUND_TRANSFER_CREATE', 'WEEKLY_LIMIT', '1000000.00', 'UID11', CURRENT_TIMESTAMP, CURRENT_TIMESTAMP, CURRENT_TIMESTAMP, '0');
INSERT INTO `groupactionlimit` (`id`, `Group_id`, `Action_id`, `LimitType_id`, `value`, `createdby`, `createdts`, `lastmodifiedts`, `synctimestamp`, `softdeleteflag`) VALUES ('a40d5e4d-4e5e-4c1c-a1be-2aa97a86942f', 'GID_PRIORITY_MEMBERS', 'DOMESTIC_WIRE_TRANSFER_CREATE', 'MAX_TRANSACTION_LIMIT', '100000.00', 'UID11', CURRENT_TIMESTAMP, CURRENT_TIMESTAMP, CURRENT_TIMESTAMP, '0');
INSERT INTO `groupactionlimit` (`id`, `Group_id`, `Action_id`, `LimitType_id`, `value`, `createdby`, `createdts`, `lastmodifiedts`, `synctimestamp`, `softdeleteflag`) VALUES ('6b390b48-2094-4908-8d14-e484ac9704c9', 'GID_PRIORITY_MEMBERS', 'DOMESTIC_WIRE_TRANSFER_CREATE', 'DAILY_LIMIT', '200000.00', 'UID11', CURRENT_TIMESTAMP, CURRENT_TIMESTAMP, CURRENT_TIMESTAMP, '0');
INSERT INTO `groupactionlimit` (`id`, `Group_id`, `Action_id`, `LimitType_id`, `value`, `createdby`, `createdts`, `lastmodifiedts`, `synctimestamp`, `softdeleteflag`) VALUES ('5cb8697f-2ae0-478e-b23a-66800f2f90d3', 'GID_PRIORITY_MEMBERS', 'DOMESTIC_WIRE_TRANSFER_CREATE', 'WEEKLY_LIMIT', '1000000.00', 'UID11', CURRENT_TIMESTAMP, CURRENT_TIMESTAMP, CURRENT_TIMESTAMP, '0');
INSERT INTO `groupactionlimit` (`id`, `Group_id`, `Action_id`, `LimitType_id`, `value`, `createdby`, `createdts`, `lastmodifiedts`, `synctimestamp`, `softdeleteflag`) VALUES ('2a17f967-5ba9-47c0-ba8d-4ed723ef2d1b', 'GID_PRIORITY_MEMBERS', 'INTERNATIONAL_WIRE_TRANSFER_CREATE', 'MAX_TRANSACTION_LIMIT', '100000.00', 'UID11', CURRENT_TIMESTAMP, CURRENT_TIMESTAMP, CURRENT_TIMESTAMP, '0');
INSERT INTO `groupactionlimit` (`id`, `Group_id`, `Action_id`, `LimitType_id`, `value`, `createdby`, `createdts`, `lastmodifiedts`, `synctimestamp`, `softdeleteflag`) VALUES ('155e4c86-4329-4380-afa8-4104cda600a7', 'GID_PRIORITY_MEMBERS', 'INTERNATIONAL_WIRE_TRANSFER_CREATE', 'DAILY_LIMIT', '200000.00', 'UID11', CURRENT_TIMESTAMP, CURRENT_TIMESTAMP, CURRENT_TIMESTAMP, '0');
INSERT INTO `groupactionlimit` (`id`, `Group_id`, `Action_id`, `LimitType_id`, `value`, `createdby`, `createdts`, `lastmodifiedts`, `synctimestamp`, `softdeleteflag`) VALUES ('b4f14ceb-09f1-4ad0-a8a9-9e3b2dfddd08', 'GID_PRIORITY_MEMBERS', 'INTERNATIONAL_WIRE_TRANSFER_CREATE', 'WEEKLY_LIMIT', '1000000.00', 'UID11', CURRENT_TIMESTAMP, CURRENT_TIMESTAMP, CURRENT_TIMESTAMP, '0');
INSERT INTO `groupactionlimit` (`id`, `Group_id`, `Action_id`, `LimitType_id`, `value`, `createdby`, `createdts`, `lastmodifiedts`, `synctimestamp`, `softdeleteflag`) VALUES ('b4e48b2e-7dac-4157-bdd0-b5afd26bae7c', 'GID_PRIORITY_MEMBERS', 'BILL_PAY_CREATE', 'MAX_TRANSACTION_LIMIT', '100000.00', 'UID11', CURRENT_TIMESTAMP, CURRENT_TIMESTAMP, CURRENT_TIMESTAMP, '0');
INSERT INTO `groupactionlimit` (`id`, `Group_id`, `Action_id`, `LimitType_id`, `value`, `createdby`, `createdts`, `lastmodifiedts`, `synctimestamp`, `softdeleteflag`) VALUES ('3d7b308d-2702-43a8-ab17-ca1309603dfe', 'GID_PRIORITY_MEMBERS', 'BILL_PAY_CREATE', 'DAILY_LIMIT', '200000.00', 'UID11', CURRENT_TIMESTAMP, CURRENT_TIMESTAMP, CURRENT_TIMESTAMP, '0');
INSERT INTO `groupactionlimit` (`id`, `Group_id`, `Action_id`, `LimitType_id`, `value`, `createdby`, `createdts`, `lastmodifiedts`, `synctimestamp`, `softdeleteflag`) VALUES ('431d13a3-5f64-41e0-bd41-c37b3146dc85', 'GID_PRIORITY_MEMBERS', 'BILL_PAY_CREATE', 'WEEKLY_LIMIT', '1000000.00', 'UID11', CURRENT_TIMESTAMP, CURRENT_TIMESTAMP, CURRENT_TIMESTAMP, '0');
INSERT INTO `groupactionlimit` (`id`, `Group_id`, `Action_id`, `LimitType_id`, `value`, `createdby`, `createdts`, `lastmodifiedts`, `synctimestamp`, `softdeleteflag`) VALUES ('d3eebde0-d42f-4382-b71a-afabf22f24df', 'GID_PRIORITY_MEMBERS', 'P2P_CREATE', 'MAX_TRANSACTION_LIMIT', '100000.00', 'UID11', CURRENT_TIMESTAMP, CURRENT_TIMESTAMP, CURRENT_TIMESTAMP, '0');
INSERT INTO `groupactionlimit` (`id`, `Group_id`, `Action_id`, `LimitType_id`, `value`, `createdby`, `createdts`, `lastmodifiedts`, `synctimestamp`, `softdeleteflag`) VALUES ('c514258d-a267-4d1c-82c3-232b5d470728', 'GID_PRIORITY_MEMBERS', 'P2P_CREATE', 'DAILY_LIMIT', '200000.00', 'UID11', CURRENT_TIMESTAMP, CURRENT_TIMESTAMP, CURRENT_TIMESTAMP, '0');
INSERT INTO `groupactionlimit` (`id`, `Group_id`, `Action_id`, `LimitType_id`, `value`, `createdby`, `createdts`, `lastmodifiedts`, `synctimestamp`, `softdeleteflag`) VALUES ('3845421c-6a74-4cc3-81fc-6228709b7ba7', 'GID_PRIORITY_MEMBERS', 'P2P_CREATE', 'WEEKLY_LIMIT', '1000000.00', 'UID11', CURRENT_TIMESTAMP, CURRENT_TIMESTAMP, CURRENT_TIMESTAMP, '0');
INSERT INTO `groupactionlimit` (`id`, `Group_id`, `Action_id`, `LimitType_id`, `value`, `createdby`, `createdts`, `lastmodifiedts`, `synctimestamp`, `softdeleteflag`) VALUES ('21093386-40aa-4372-866d-107f3b344eee', 'GID_PRIORITY_MEMBERS', 'RDC', 'MAX_TRANSACTION_LIMIT', '100000.00', 'UID11', CURRENT_TIMESTAMP, CURRENT_TIMESTAMP, CURRENT_TIMESTAMP, '0');
INSERT INTO `groupactionlimit` (`id`, `Group_id`, `Action_id`, `LimitType_id`, `value`, `createdby`, `createdts`, `lastmodifiedts`, `synctimestamp`, `softdeleteflag`) VALUES ('604bf980-6238-4e49-880b-5b886942baaf', 'GID_PRIORITY_MEMBERS', 'RDC', 'DAILY_LIMIT', '200000.00', 'UID11', CURRENT_TIMESTAMP, CURRENT_TIMESTAMP, CURRENT_TIMESTAMP, '0');
INSERT INTO `groupactionlimit` (`id`, `Group_id`, `Action_id`, `LimitType_id`, `value`, `createdby`, `createdts`, `lastmodifiedts`, `synctimestamp`, `softdeleteflag`) VALUES ('debcd98b-bb61-4d4d-8ae9-75a52801e917', 'GID_PRIORITY_MEMBERS', 'RDC', 'WEEKLY_LIMIT', '1000000.00', 'UID11', CURRENT_TIMESTAMP, CURRENT_TIMESTAMP, CURRENT_TIMESTAMP, '0');
INSERT INTO `groupactionlimit` (`id`, `Group_id`, `Action_id`, `LimitType_id`, `value`, `createdby`, `createdts`, `lastmodifiedts`, `synctimestamp`, `softdeleteflag`) VALUES ('50c16346-101d-422e-b008-ec7d7a293d5c', 'GROUP_ADMINISTRATOR', 'INTRA_BANK_FUND_TRANSFER_CREATE', 'MAX_TRANSACTION_LIMIT', '100000.00', 'UID11', CURRENT_TIMESTAMP, CURRENT_TIMESTAMP, CURRENT_TIMESTAMP, '0');
INSERT INTO `groupactionlimit` (`id`, `Group_id`, `Action_id`, `LimitType_id`, `value`, `createdby`, `createdts`, `lastmodifiedts`, `synctimestamp`, `softdeleteflag`) VALUES ('68486b7b-8989-4dc9-87ca-b9c2ed9b4ea6', 'GROUP_ADMINISTRATOR', 'INTRA_BANK_FUND_TRANSFER_CREATE', 'DAILY_LIMIT', '200000.00', 'UID11', CURRENT_TIMESTAMP, CURRENT_TIMESTAMP, CURRENT_TIMESTAMP, '0');
INSERT INTO `groupactionlimit` (`id`, `Group_id`, `Action_id`, `LimitType_id`, `value`, `createdby`, `createdts`, `lastmodifiedts`, `synctimestamp`, `softdeleteflag`) VALUES ('8170fe80-f6b7-492c-8047-6a1b363d8b6f', 'GROUP_ADMINISTRATOR', 'INTRA_BANK_FUND_TRANSFER_CREATE', 'WEEKLY_LIMIT', '1000000.00', 'UID11', CURRENT_TIMESTAMP, CURRENT_TIMESTAMP, CURRENT_TIMESTAMP, '0');
INSERT INTO `groupactionlimit` (`id`, `Group_id`, `Action_id`, `LimitType_id`, `value`, `createdby`, `createdts`, `lastmodifiedts`, `synctimestamp`, `softdeleteflag`) VALUES ('7ee23ffe-b62f-4025-88ba-bc287d627fa5', 'GROUP_ADMINISTRATOR', 'PAYEE_MANAGEMENT_VIEW', NULL, NULL, 'UID11', CURRENT_TIMESTAMP, CURRENT_TIMESTAMP, CURRENT_TIMESTAMP, '0');
INSERT INTO `groupactionlimit` (`id`, `Group_id`, `Action_id`, `LimitType_id`, `value`, `createdby`, `createdts`, `lastmodifiedts`, `synctimestamp`, `softdeleteflag`) VALUES ('4bc5a552-5482-47a8-8f3e-6503584ef46b', 'GROUP_ADMINISTRATOR', 'PAYEE_MANAGEMENT_CREATE', NULL, NULL, 'UID11', CURRENT_TIMESTAMP, CURRENT_TIMESTAMP, CURRENT_TIMESTAMP, '0');
INSERT INTO `groupactionlimit` (`id`, `Group_id`, `Action_id`, `LimitType_id`, `value`, `createdby`, `createdts`, `lastmodifiedts`, `synctimestamp`, `softdeleteflag`) VALUES ('81ae6627-0b60-4290-ab84-25d0aed9968a', 'GROUP_ADMINISTRATOR', 'PAYEE_MANAGEMENT_EDIT', NULL, NULL, 'UID11', CURRENT_TIMESTAMP, CURRENT_TIMESTAMP, CURRENT_TIMESTAMP, '0');
INSERT INTO `groupactionlimit` (`id`, `Group_id`, `Action_id`, `LimitType_id`, `value`, `createdby`, `createdts`, `lastmodifiedts`, `synctimestamp`, `softdeleteflag`) VALUES ('826a83b9-7c42-4064-aa1b-958ad847aa0e', 'GROUP_ADMINISTRATOR', 'PAYEE_MANAGEMENT_DELETE', NULL, NULL, 'UID11', CURRENT_TIMESTAMP, CURRENT_TIMESTAMP, CURRENT_TIMESTAMP, '0');
INSERT INTO `groupactionlimit` (`id`, `Group_id`, `Action_id`, `LimitType_id`, `value`, `createdby`, `createdts`, `lastmodifiedts`, `synctimestamp`, `softdeleteflag`) VALUES ('8c7fb5db-f223-49a4-8a90-abcca84aa4a4', 'GROUP_ADMINISTRATOR', 'RESET_SECURITY_QUESTIONS', NULL, NULL, 'UID11', CURRENT_TIMESTAMP, CURRENT_TIMESTAMP, CURRENT_TIMESTAMP, '0');
INSERT INTO `groupactionlimit` (`id`, `Group_id`, `Action_id`, `LimitType_id`, `value`, `createdby`, `createdts`, `lastmodifiedts`, `synctimestamp`, `softdeleteflag`) VALUES ('fe7fe4a4-7d97-4d77-946e-4c4e3b7b1887', 'GROUP_ADMINISTRATOR', 'TRANSFER_BETWEEN_OWN_ACCOUNT_CREATE', 'MAX_TRANSACTION_LIMIT', '100000.00', 'UID11', CURRENT_TIMESTAMP, CURRENT_TIMESTAMP, CURRENT_TIMESTAMP, '0');
INSERT INTO `groupactionlimit` (`id`, `Group_id`, `Action_id`, `LimitType_id`, `value`, `createdby`, `createdts`, `lastmodifiedts`, `synctimestamp`, `softdeleteflag`) VALUES ('7b8e8294-a1aa-4482-968f-1d3917894d28', 'GROUP_ADMINISTRATOR', 'TRANSFER_BETWEEN_OWN_ACCOUNT_CREATE', 'DAILY_LIMIT', '200000.00', 'UID11', CURRENT_TIMESTAMP, CURRENT_TIMESTAMP, CURRENT_TIMESTAMP, '0');
INSERT INTO `groupactionlimit` (`id`, `Group_id`, `Action_id`, `LimitType_id`, `value`, `createdby`, `createdts`, `lastmodifiedts`, `synctimestamp`, `softdeleteflag`) VALUES ('fc705cc9-72d9-4de3-acb5-a513aaa701ad', 'GROUP_ADMINISTRATOR', 'TRANSFER_BETWEEN_OWN_ACCOUNT_CREATE', 'WEEKLY_LIMIT', '1000000.00', 'UID11', CURRENT_TIMESTAMP, CURRENT_TIMESTAMP, CURRENT_TIMESTAMP, '0');
INSERT INTO `groupactionlimit` (`id`, `Group_id`, `Action_id`, `LimitType_id`, `value`, `createdby`, `createdts`, `lastmodifiedts`, `synctimestamp`, `softdeleteflag`) VALUES ('25d8df6c-94e6-4852-b88d-503857954bd3', 'GROUP_ADMINISTRATOR', 'DOMESTIC_WIRE_TRANSFER_CREATE', 'MAX_TRANSACTION_LIMIT', '100000.00', 'UID11', CURRENT_TIMESTAMP, CURRENT_TIMESTAMP, CURRENT_TIMESTAMP, '0');
INSERT INTO `groupactionlimit` (`id`, `Group_id`, `Action_id`, `LimitType_id`, `value`, `createdby`, `createdts`, `lastmodifiedts`, `synctimestamp`, `softdeleteflag`) VALUES ('0b5c5191-f139-40a6-aa6c-2561f2827a8a', 'GROUP_ADMINISTRATOR', 'DOMESTIC_WIRE_TRANSFER_CREATE', 'DAILY_LIMIT', '200000.00', 'UID11', CURRENT_TIMESTAMP, CURRENT_TIMESTAMP, CURRENT_TIMESTAMP, '0');
INSERT INTO `groupactionlimit` (`id`, `Group_id`, `Action_id`, `LimitType_id`, `value`, `createdby`, `createdts`, `lastmodifiedts`, `synctimestamp`, `softdeleteflag`) VALUES ('6dade60c-42d6-4f95-a8c6-15384b1831d8', 'GROUP_ADMINISTRATOR', 'DOMESTIC_WIRE_TRANSFER_CREATE', 'WEEKLY_LIMIT', '1000000.00', 'UID11', CURRENT_TIMESTAMP, CURRENT_TIMESTAMP, CURRENT_TIMESTAMP, '0');
INSERT INTO `groupactionlimit` (`id`, `Group_id`, `Action_id`, `LimitType_id`, `value`, `createdby`, `createdts`, `lastmodifiedts`, `synctimestamp`, `softdeleteflag`) VALUES ('cf1ba42e-4ce4-4d0e-9e30-abee4826927a', 'GROUP_ADMINISTRATOR', 'INTERNATIONAL_WIRE_TRANSFER_CREATE', 'MAX_TRANSACTION_LIMIT', '100000.00', 'UID11', CURRENT_TIMESTAMP, CURRENT_TIMESTAMP, CURRENT_TIMESTAMP, '0');
INSERT INTO `groupactionlimit` (`id`, `Group_id`, `Action_id`, `LimitType_id`, `value`, `createdby`, `createdts`, `lastmodifiedts`, `synctimestamp`, `softdeleteflag`) VALUES ('ca0f0772-fc96-4ef8-86f4-6fc30cfbdc79', 'GROUP_ADMINISTRATOR', 'INTERNATIONAL_WIRE_TRANSFER_CREATE', 'DAILY_LIMIT', '200000.00', 'UID11', CURRENT_TIMESTAMP, CURRENT_TIMESTAMP, CURRENT_TIMESTAMP, '0');
INSERT INTO `groupactionlimit` (`id`, `Group_id`, `Action_id`, `LimitType_id`, `value`, `createdby`, `createdts`, `lastmodifiedts`, `synctimestamp`, `softdeleteflag`) VALUES ('97568b84-bf5c-418e-8076-6a819758fce6', 'GROUP_ADMINISTRATOR', 'INTERNATIONAL_WIRE_TRANSFER_CREATE', 'WEEKLY_LIMIT', '1000000.00', 'UID11', CURRENT_TIMESTAMP, CURRENT_TIMESTAMP, CURRENT_TIMESTAMP, '0');
INSERT INTO `groupactionlimit` (`id`, `Group_id`, `Action_id`, `LimitType_id`, `value`, `createdby`, `createdts`, `lastmodifiedts`, `synctimestamp`, `softdeleteflag`) VALUES ('6b5403b5-36f3-4d5e-b3f1-12d4e43da9df', 'GROUP_ADMINISTRATOR', 'BILL_PAY_CREATE', 'MAX_TRANSACTION_LIMIT', '100000.00', 'UID11', CURRENT_TIMESTAMP, CURRENT_TIMESTAMP, CURRENT_TIMESTAMP, '0');
INSERT INTO `groupactionlimit` (`id`, `Group_id`, `Action_id`, `LimitType_id`, `value`, `createdby`, `createdts`, `lastmodifiedts`, `synctimestamp`, `softdeleteflag`) VALUES ('ed5d1dd9-ad27-4737-a17f-9c07b5146226', 'GROUP_ADMINISTRATOR', 'BILL_PAY_CREATE', 'DAILY_LIMIT', '200000.00', 'UID11', CURRENT_TIMESTAMP, CURRENT_TIMESTAMP, CURRENT_TIMESTAMP, '0');
INSERT INTO `groupactionlimit` (`id`, `Group_id`, `Action_id`, `LimitType_id`, `value`, `createdby`, `createdts`, `lastmodifiedts`, `synctimestamp`, `softdeleteflag`) VALUES ('4954862c-68fb-4400-9b64-137aef543a50', 'GROUP_ADMINISTRATOR', 'BILL_PAY_CREATE', 'WEEKLY_LIMIT', '1000000.00', 'UID11', CURRENT_TIMESTAMP, CURRENT_TIMESTAMP, CURRENT_TIMESTAMP, '0');
INSERT INTO `groupactionlimit` (`id`, `Group_id`, `Action_id`, `LimitType_id`, `value`, `createdby`, `createdts`, `lastmodifiedts`, `synctimestamp`, `softdeleteflag`) VALUES ('7dbcf8af-dbe5-4b0f-88bd-ace120eb9002', 'GROUP_ADMINISTRATOR', 'INTRA_BANK_FUND_TRANSFER_VIEW', NULL, NULL, 'UID11', CURRENT_TIMESTAMP, CURRENT_TIMESTAMP, CURRENT_TIMESTAMP, '0');
INSERT INTO `groupactionlimit` (`id`, `Group_id`, `Action_id`, `LimitType_id`, `value`, `createdby`, `createdts`, `lastmodifiedts`, `synctimestamp`, `softdeleteflag`) VALUES ('3e88b0fb-51bf-4b05-9243-7e3b5956f93d', 'GROUP_ADMINISTRATOR', 'INTRA_BANK_FUND_TRANSFER_APPROVE', NULL, NULL, 'UID11', CURRENT_TIMESTAMP, CURRENT_TIMESTAMP, CURRENT_TIMESTAMP, '0');
INSERT INTO `groupactionlimit` (`id`, `Group_id`, `Action_id`, `LimitType_id`, `value`, `createdby`, `createdts`, `lastmodifiedts`, `synctimestamp`, `softdeleteflag`) VALUES ('c16707a5-1e59-451f-8a39-56897d10a23a', 'GROUP_ADMINISTRATOR', 'INTRA_BANK_FUND_TRANSFER_SELF_APPROVAL', NULL, NULL, 'UID11', CURRENT_TIMESTAMP, CURRENT_TIMESTAMP, CURRENT_TIMESTAMP, '0');
INSERT INTO `groupactionlimit` (`id`, `Group_id`, `Action_id`, `LimitType_id`, `value`, `createdby`, `createdts`, `lastmodifiedts`, `synctimestamp`, `softdeleteflag`) VALUES ('31ba906c-1aa1-4223-97fe-58138855eb60', 'GROUP_ADMINISTRATOR', 'INTRA_BANK_FUND_TRANSFER_MANAGE_PAYEES', NULL, NULL, 'UID11', CURRENT_TIMESTAMP, CURRENT_TIMESTAMP, CURRENT_TIMESTAMP, '0');
INSERT INTO `groupactionlimit` (`id`, `Group_id`, `Action_id`, `LimitType_id`, `value`, `createdby`, `createdts`, `lastmodifiedts`, `synctimestamp`, `softdeleteflag`) VALUES ('014a33fe-c942-4aaa-8246-d171ff7ac7a3', 'GROUP_ADMINISTRATOR', 'TRANSFER_BETWEEN_OWN_ACCOUNT_APPROVE', NULL, NULL, 'UID11', CURRENT_TIMESTAMP, CURRENT_TIMESTAMP, CURRENT_TIMESTAMP, '0');
INSERT INTO `groupactionlimit` (`id`, `Group_id`, `Action_id`, `LimitType_id`, `value`, `createdby`, `createdts`, `lastmodifiedts`, `synctimestamp`, `softdeleteflag`) VALUES ('8fe2941c-9d2e-455e-af61-2668c6643b84', 'GROUP_ADMINISTRATOR', 'TRANSFER_BETWEEN_OWN_ACCOUNT_SELF_APPROVAL', NULL, NULL, 'UID11', CURRENT_TIMESTAMP, CURRENT_TIMESTAMP, CURRENT_TIMESTAMP, '0');
INSERT INTO `groupactionlimit` (`id`, `Group_id`, `Action_id`, `LimitType_id`, `value`, `createdby`, `createdts`, `lastmodifiedts`, `synctimestamp`, `softdeleteflag`) VALUES ('bfcac774-08e1-460f-90fe-613f9a623f08', 'GROUP_ADMINISTRATOR', 'TRANSFER_BETWEEN_OWN_ACCOUNT_MANAGE_PAYEES', NULL, NULL, 'UID11', CURRENT_TIMESTAMP, CURRENT_TIMESTAMP, CURRENT_TIMESTAMP, '0');
INSERT INTO `groupactionlimit` (`id`, `Group_id`, `Action_id`, `LimitType_id`, `value`, `createdby`, `createdts`, `lastmodifiedts`, `synctimestamp`, `softdeleteflag`) VALUES ('1646a862-dc41-44a4-af4b-d940637bf56a', 'GROUP_ADMINISTRATOR', 'DOMESTIC_WIRE_TRANSFER_VIEW', NULL, NULL, 'UID11', CURRENT_TIMESTAMP, CURRENT_TIMESTAMP, CURRENT_TIMESTAMP, '0');
INSERT INTO `groupactionlimit` (`id`, `Group_id`, `Action_id`, `LimitType_id`, `value`, `createdby`, `createdts`, `lastmodifiedts`, `synctimestamp`, `softdeleteflag`) VALUES ('9a802fe2-3373-46d1-b864-e9707c8a50c1', 'GROUP_ADMINISTRATOR', 'DOMESTIC_WIRE_TRANSFER_APPROVE', NULL, NULL, 'UID11', CURRENT_TIMESTAMP, CURRENT_TIMESTAMP, CURRENT_TIMESTAMP, '0');
INSERT INTO `groupactionlimit` (`id`, `Group_id`, `Action_id`, `LimitType_id`, `value`, `createdby`, `createdts`, `lastmodifiedts`, `synctimestamp`, `softdeleteflag`) VALUES ('f7d861c4-d43e-42ef-b5d2-ad79abc80d6b', 'GROUP_ADMINISTRATOR', 'DOMESTIC_WIRE_TRANSFER_SELF_APPROVAL', NULL, NULL, 'UID11', CURRENT_TIMESTAMP, CURRENT_TIMESTAMP, CURRENT_TIMESTAMP, '0');
INSERT INTO `groupactionlimit` (`id`, `Group_id`, `Action_id`, `LimitType_id`, `value`, `createdby`, `createdts`, `lastmodifiedts`, `synctimestamp`, `softdeleteflag`) VALUES ('4171ef9b-5a35-498c-a75b-b6f06f4ebe2e', 'GROUP_ADMINISTRATOR', 'DOMESTIC_WIRE_TRANSFER_MANAGE_PAYEES', NULL, NULL, 'UID11', CURRENT_TIMESTAMP, CURRENT_TIMESTAMP, CURRENT_TIMESTAMP, '0');
INSERT INTO `groupactionlimit` (`id`, `Group_id`, `Action_id`, `LimitType_id`, `value`, `createdby`, `createdts`, `lastmodifiedts`, `synctimestamp`, `softdeleteflag`) VALUES ('b71af006-110d-42ea-9c3e-5e29220639f4', 'GROUP_ADMINISTRATOR', 'INTERNATIONAL_WIRE_TRANSFER_VIEW', NULL, NULL, 'UID11', CURRENT_TIMESTAMP, CURRENT_TIMESTAMP, CURRENT_TIMESTAMP, '0');
INSERT INTO `groupactionlimit` (`id`, `Group_id`, `Action_id`, `LimitType_id`, `value`, `createdby`, `createdts`, `lastmodifiedts`, `synctimestamp`, `softdeleteflag`) VALUES ('72807c52-d849-488b-85ed-677e65349d3f', 'GROUP_ADMINISTRATOR', 'INTERNATIONAL_WIRE_TRANSFER_APPROVE', NULL, NULL, 'UID11', CURRENT_TIMESTAMP, CURRENT_TIMESTAMP, CURRENT_TIMESTAMP, '0');
INSERT INTO `groupactionlimit` (`id`, `Group_id`, `Action_id`, `LimitType_id`, `value`, `createdby`, `createdts`, `lastmodifiedts`, `synctimestamp`, `softdeleteflag`) VALUES ('9e791855-8169-49e2-901f-546fa1077d04', 'GROUP_ADMINISTRATOR', 'INTERNATIONAL_WIRE_TRANSFER_SELF_APPROVAL', NULL, NULL, 'UID11', CURRENT_TIMESTAMP, CURRENT_TIMESTAMP, CURRENT_TIMESTAMP, '0');
INSERT INTO `groupactionlimit` (`id`, `Group_id`, `Action_id`, `LimitType_id`, `value`, `createdby`, `createdts`, `lastmodifiedts`, `synctimestamp`, `softdeleteflag`) VALUES ('99afa1cb-61c9-446b-9d93-916286093358', 'GROUP_ADMINISTRATOR', 'INTERNATIONAL_WIRE_TRANSFER_MANAGE_PAYEES', NULL, NULL, 'UID11', CURRENT_TIMESTAMP, CURRENT_TIMESTAMP, CURRENT_TIMESTAMP, '0');
INSERT INTO `groupactionlimit` (`id`, `Group_id`, `Action_id`, `LimitType_id`, `value`, `createdby`, `createdts`, `lastmodifiedts`, `synctimestamp`, `softdeleteflag`) VALUES ('93a4887d-5eee-443e-be2a-c5033cb95c83', 'GROUP_ADMINISTRATOR', 'BILL_PAY_VIEW', NULL, NULL, 'UID11', CURRENT_TIMESTAMP, CURRENT_TIMESTAMP, CURRENT_TIMESTAMP, '0');
INSERT INTO `groupactionlimit` (`id`, `Group_id`, `Action_id`, `LimitType_id`, `value`, `createdby`, `createdts`, `lastmodifiedts`, `synctimestamp`, `softdeleteflag`) VALUES ('44502b51-fbcb-42a0-babd-81a52c48ef66', 'GROUP_ADMINISTRATOR', 'BILL_PAY_APPROVE', NULL, NULL, 'UID11', CURRENT_TIMESTAMP, CURRENT_TIMESTAMP, CURRENT_TIMESTAMP, '0');
INSERT INTO `groupactionlimit` (`id`, `Group_id`, `Action_id`, `LimitType_id`, `value`, `createdby`, `createdts`, `lastmodifiedts`, `synctimestamp`, `softdeleteflag`) VALUES ('3c1175c6-4906-40ef-b3d1-368b967bfa51', 'GROUP_ADMINISTRATOR', 'BILL_PAY_SELF_APPROVAL', NULL, NULL, 'UID11', CURRENT_TIMESTAMP, CURRENT_TIMESTAMP, CURRENT_TIMESTAMP, '0');
INSERT INTO `groupactionlimit` (`id`, `Group_id`, `Action_id`, `LimitType_id`, `value`, `createdby`, `createdts`, `lastmodifiedts`, `synctimestamp`, `softdeleteflag`) VALUES ('6080505f-4b4f-413c-89a6-e2b94d816af6', 'GROUP_ADMINISTRATOR', 'BILL_PAY_MANAGE_PAYEES', NULL, NULL, 'UID11', CURRENT_TIMESTAMP, CURRENT_TIMESTAMP, CURRENT_TIMESTAMP, '0');
INSERT INTO `groupactionlimit` (`id`, `Group_id`, `Action_id`, `LimitType_id`, `value`, `createdts`, `lastmodifiedts`, `synctimestamp`, `softdeleteflag`) VALUES ('30b6433c-1115-4cb1-8600-3d815b3e19f2', 'GROUP_ADMINISTRATOR', 'USER_MANAGEMENT', NULL, NULL, CURRENT_TIMESTAMP, CURRENT_TIMESTAMP, CURRENT_TIMESTAMP, '0');
INSERT INTO `groupactionlimit` (`id`, `Group_id`, `Action_id`, `LimitType_id`, `value`, `createdby`, `createdts`, `lastmodifiedts`, `synctimestamp`, `softdeleteflag`) VALUES ('baff4c11-0113-4620-8eee-dbe0b0d5a7ae', 'GROUP_ADMINISTRATOR', 'CARD_MANAGEMENT', NULL, NULL, 'UID11', CURRENT_TIMESTAMP, CURRENT_TIMESTAMP, CURRENT_TIMESTAMP, '0');
INSERT INTO `groupactionlimit` (`id`, `Group_id`, `Action_id`, `LimitType_id`, `value`, `createdby`, `createdts`, `lastmodifiedts`, `synctimestamp`, `softdeleteflag`) VALUES ('ea88e0f2-30bc-45a8-9bea-5c0b6c87eaea', 'GROUP_ADMINISTRATOR', 'CHECK_MANAGEMENT', NULL, NULL, 'UID11', CURRENT_TIMESTAMP, CURRENT_TIMESTAMP, CURRENT_TIMESTAMP, '0');
INSERT INTO `groupactionlimit` (`id`, `Group_id`, `Action_id`, `LimitType_id`, `value`, `createdby`, `createdts`, `lastmodifiedts`, `synctimestamp`, `softdeleteflag`) VALUES ('f4a57315-e79a-4f0d-8bb2-4500399d4647', 'GROUP_ADMINISTRATOR', 'DISPUTE_TRANSACTIONS', NULL, NULL, 'UID11', CURRENT_TIMESTAMP, CURRENT_TIMESTAMP, CURRENT_TIMESTAMP, '0');
INSERT INTO `groupactionlimit` (`id`, `Group_id`, `Action_id`, `LimitType_id`, `value`, `createdby`, `createdts`, `lastmodifiedts`, `synctimestamp`, `softdeleteflag`) VALUES ('f833b0bd-e4fe-4d87-afef-3c1dac4d927a', 'GROUP_ADMINISTRATOR', 'ACCOUNT_SETTINGS', NULL, NULL, 'UID11', CURRENT_TIMESTAMP, CURRENT_TIMESTAMP, CURRENT_TIMESTAMP, '0');
INSERT INTO `groupactionlimit` (`id`, `Group_id`, `Action_id`, `LimitType_id`, `value`, `createdby`, `createdts`, `lastmodifiedts`, `synctimestamp`, `softdeleteflag`) VALUES ('5137b809-e274-4991-a137-5f762850e26a', 'GROUP_ADMINISTRATOR', 'MANAGE_E_STATEMENTS', NULL, NULL, 'UID11', CURRENT_TIMESTAMP, CURRENT_TIMESTAMP, CURRENT_TIMESTAMP, '0');
INSERT INTO `groupactionlimit` (`id`, `Group_id`, `Action_id`, `LimitType_id`, `value`, `createdby`, `createdts`, `lastmodifiedts`, `synctimestamp`, `softdeleteflag`) VALUES ('bb7f4f2d-e8e4-4094-90f8-2f05d7ec4eac', 'GROUP_ADMINISTRATOR', 'ALERT_MANAGEMENT', NULL, NULL, 'UID11', CURRENT_TIMESTAMP, CURRENT_TIMESTAMP, CURRENT_TIMESTAMP, '0');
INSERT INTO `groupactionlimit` (`id`, `Group_id`, `Action_id`, `LimitType_id`, `value`, `createdby`, `createdts`, `lastmodifiedts`, `synctimestamp`, `softdeleteflag`) VALUES ('d67201f6-4f8e-4a6e-a001-3a6503d73438', 'GROUP_ADMINISTRATOR', 'TRANSFER_BETWEEN_OWN_ACCOUNT_VIEW', NULL, NULL, 'UID11', CURRENT_TIMESTAMP, CURRENT_TIMESTAMP, CURRENT_TIMESTAMP, '0');
INSERT INTO `groupactionlimit` (`id`, `Group_id`, `Action_id`, `LimitType_id`, `value`, `createdby`, `createdts`, `lastmodifiedts`, `synctimestamp`, `softdeleteflag`) VALUES ('985055bf-47d8-4b87-854a-1ed353db4841', 'GROUP_ADMINISTRATOR', 'ACH_PAYMENT_CREATE', 'MAX_TRANSACTION_LIMIT', '100000.00', 'UID11', CURRENT_TIMESTAMP, CURRENT_TIMESTAMP, CURRENT_TIMESTAMP, '0');
INSERT INTO `groupactionlimit` (`id`, `Group_id`, `Action_id`, `LimitType_id`, `value`, `createdby`, `createdts`, `lastmodifiedts`, `synctimestamp`, `softdeleteflag`) VALUES ('fba42034-1b6c-47fd-bbad-bd51b7c730cf', 'GROUP_ADMINISTRATOR', 'ACH_PAYMENT_CREATE', 'DAILY_LIMIT', '200000.00', 'UID11', CURRENT_TIMESTAMP, CURRENT_TIMESTAMP, CURRENT_TIMESTAMP, '0');
INSERT INTO `groupactionlimit` (`id`, `Group_id`, `Action_id`, `LimitType_id`, `value`, `createdby`, `createdts`, `lastmodifiedts`, `synctimestamp`, `softdeleteflag`) VALUES ('87f1842c-20cc-4075-8ea7-fce04b8f64a4', 'GROUP_ADMINISTRATOR', 'ACH_PAYMENT_CREATE', 'WEEKLY_LIMIT', '1000000.00', 'UID11', CURRENT_TIMESTAMP, CURRENT_TIMESTAMP, CURRENT_TIMESTAMP, '0');
INSERT INTO `groupactionlimit` (`id`, `Group_id`, `Action_id`, `LimitType_id`, `value`, `createdby`, `createdts`, `lastmodifiedts`, `synctimestamp`, `softdeleteflag`) VALUES ('5343127e-5c42-47f0-8b81-c8145218f4f0', 'GROUP_ADMINISTRATOR', 'ACH_COLLECTION_CREATE', 'MAX_TRANSACTION_LIMIT', '100000.00', 'UID11', CURRENT_TIMESTAMP, CURRENT_TIMESTAMP, CURRENT_TIMESTAMP, '0');
INSERT INTO `groupactionlimit` (`id`, `Group_id`, `Action_id`, `LimitType_id`, `value`, `createdby`, `createdts`, `lastmodifiedts`, `synctimestamp`, `softdeleteflag`) VALUES ('d9fece91-7195-47ad-bce9-2007610615ba', 'GROUP_ADMINISTRATOR', 'ACH_COLLECTION_CREATE', 'DAILY_LIMIT', '200000.00', 'UID11', CURRENT_TIMESTAMP, CURRENT_TIMESTAMP, CURRENT_TIMESTAMP, '0');
INSERT INTO `groupactionlimit` (`id`, `Group_id`, `Action_id`, `LimitType_id`, `value`, `createdby`, `createdts`, `lastmodifiedts`, `synctimestamp`, `softdeleteflag`) VALUES ('14ee68c2-ce72-4b16-aa35-ad1404aa2f33', 'GROUP_ADMINISTRATOR', 'ACH_COLLECTION_CREATE', 'WEEKLY_LIMIT', '1000000.00', 'UID11', CURRENT_TIMESTAMP, CURRENT_TIMESTAMP, CURRENT_TIMESTAMP, '0');
INSERT INTO `groupactionlimit` (`id`, `Group_id`, `Action_id`, `LimitType_id`, `value`, `createdby`, `createdts`, `lastmodifiedts`, `synctimestamp`, `softdeleteflag`) VALUES ('bd1c6306-7283-460b-b425-d75a8dc64163', 'GROUP_ADMINISTRATOR', 'ACH_PAYMENT_VIEW', NULL, NULL, 'UID11', CURRENT_TIMESTAMP, CURRENT_TIMESTAMP, CURRENT_TIMESTAMP, '0');
INSERT INTO `groupactionlimit` (`id`, `Group_id`, `Action_id`, `LimitType_id`, `value`, `createdby`, `createdts`, `lastmodifiedts`, `synctimestamp`, `softdeleteflag`) VALUES ('99f64597-c01c-4db4-881a-6bc5228898ed', 'GROUP_ADMINISTRATOR', 'ACH_PAYMENT_APPROVE', NULL, NULL, 'UID11', CURRENT_TIMESTAMP, CURRENT_TIMESTAMP, CURRENT_TIMESTAMP, '0');
INSERT INTO `groupactionlimit` (`id`, `Group_id`, `Action_id`, `LimitType_id`, `value`, `createdby`, `createdts`, `lastmodifiedts`, `synctimestamp`, `softdeleteflag`) VALUES ('6b6a3488-8bf6-43f7-862d-48cd619ba5d9', 'GROUP_ADMINISTRATOR', 'ACH_PAYMENT_SELF_APPROVAL', NULL, NULL, 'UID11', CURRENT_TIMESTAMP, CURRENT_TIMESTAMP, CURRENT_TIMESTAMP, '0');
INSERT INTO `groupactionlimit` (`id`, `Group_id`, `Action_id`, `LimitType_id`, `value`, `createdby`, `createdts`, `lastmodifiedts`, `synctimestamp`, `softdeleteflag`) VALUES ('7fc9eae7-f194-4e71-bf2a-c07e487990e4', 'GROUP_ADMINISTRATOR', 'ACH_PAYMENT_MANAGE_PAYEES', NULL, NULL, 'UID11', CURRENT_TIMESTAMP, CURRENT_TIMESTAMP, CURRENT_TIMESTAMP, '0');
INSERT INTO `groupactionlimit` (`id`, `Group_id`, `Action_id`, `LimitType_id`, `value`, `createdby`, `createdts`, `lastmodifiedts`, `synctimestamp`, `softdeleteflag`) VALUES ('a69606ab-1747-474d-ba63-414408fe03a4', 'GROUP_ADMINISTRATOR', 'ACH_COLLECTION_VIEW', NULL, NULL, 'UID11', CURRENT_TIMESTAMP, CURRENT_TIMESTAMP, CURRENT_TIMESTAMP, '0');
INSERT INTO `groupactionlimit` (`id`, `Group_id`, `Action_id`, `LimitType_id`, `value`, `createdby`, `createdts`, `lastmodifiedts`, `synctimestamp`, `softdeleteflag`) VALUES ('2ed73aa6-b6b5-4424-a540-974799b05792', 'GROUP_ADMINISTRATOR', 'ACH_COLLECTION_APPROVE', NULL, NULL, 'UID11', CURRENT_TIMESTAMP, CURRENT_TIMESTAMP, CURRENT_TIMESTAMP, '0');
INSERT INTO `groupactionlimit` (`id`, `Group_id`, `Action_id`, `LimitType_id`, `value`, `createdby`, `createdts`, `lastmodifiedts`, `synctimestamp`, `softdeleteflag`) VALUES ('df111844-ce13-4d4a-8eb7-3419ad29fb34', 'GROUP_ADMINISTRATOR', 'ACH_COLLECTION_SELF_APPROVAL', NULL, NULL, 'UID11', CURRENT_TIMESTAMP, CURRENT_TIMESTAMP, CURRENT_TIMESTAMP, '0');
INSERT INTO `groupactionlimit` (`id`, `Group_id`, `Action_id`, `LimitType_id`, `value`, `createdby`, `createdts`, `lastmodifiedts`, `synctimestamp`, `softdeleteflag`) VALUES ('4c8f2a1c-525a-4e32-985c-8183886f98b0', 'GROUP_ADMINISTRATOR', 'ACH_COLLECTION_MANAGE_PAYEE', NULL, NULL, 'UID11', CURRENT_TIMESTAMP, CURRENT_TIMESTAMP, CURRENT_TIMESTAMP, '0');
INSERT INTO `groupactionlimit` (`id`, `Group_id`, `Action_id`, `LimitType_id`, `value`, `createdby`, `createdts`, `lastmodifiedts`, `synctimestamp`, `softdeleteflag`) VALUES ('cf264593-0de4-4bed-9be7-c89cfbe02b4b', 'GROUP_ADMINISTRATOR', 'INTER_BANK_ACCOUNT_FUND_TRANSFER_CREATE', 'MAX_TRANSACTION_LIMIT', '100000.00', 'UID11', CURRENT_TIMESTAMP, CURRENT_TIMESTAMP, CURRENT_TIMESTAMP, '0');
INSERT INTO `groupactionlimit` (`id`, `Group_id`, `Action_id`, `LimitType_id`, `value`, `createdby`, `createdts`, `lastmodifiedts`, `synctimestamp`, `softdeleteflag`) VALUES ('e6e5e0d3-f84d-4f75-8122-b3ac48a96967', 'GROUP_ADMINISTRATOR', 'INTER_BANK_ACCOUNT_FUND_TRANSFER_CREATE', 'DAILY_LIMIT', '200000.00', 'UID11', CURRENT_TIMESTAMP, CURRENT_TIMESTAMP, CURRENT_TIMESTAMP, '0');
INSERT INTO `groupactionlimit` (`id`, `Group_id`, `Action_id`, `LimitType_id`, `value`, `createdby`, `createdts`, `lastmodifiedts`, `synctimestamp`, `softdeleteflag`) VALUES ('5a503c22-16a1-4bcb-955d-7e2ea58bed58', 'GROUP_ADMINISTRATOR', 'INTER_BANK_ACCOUNT_FUND_TRANSFER_CREATE', 'WEEKLY_LIMIT', '1000000.00', 'UID11', CURRENT_TIMESTAMP, CURRENT_TIMESTAMP, CURRENT_TIMESTAMP, '0');
INSERT INTO `groupactionlimit` (`id`, `Group_id`, `Action_id`, `LimitType_id`, `value`, `createdby`, `createdts`, `lastmodifiedts`, `synctimestamp`, `softdeleteflag`) VALUES ('74182057-271c-4bfe-8823-b8d6303f25d5', 'GROUP_ADMINISTRATOR', 'INTERNATIONAL_ACCOUNT_FUND_TRANSFER_CREATE', 'MAX_TRANSACTION_LIMIT', '100000.00', 'UID11', CURRENT_TIMESTAMP, CURRENT_TIMESTAMP, CURRENT_TIMESTAMP, '0');
INSERT INTO `groupactionlimit` (`id`, `Group_id`, `Action_id`, `LimitType_id`, `value`, `createdby`, `createdts`, `lastmodifiedts`, `synctimestamp`, `softdeleteflag`) VALUES ('93cd4e57-bc4c-47ff-b4bf-ea1616ef2692', 'GROUP_ADMINISTRATOR', 'INTERNATIONAL_ACCOUNT_FUND_TRANSFER_CREATE', 'DAILY_LIMIT', '200000.00', 'UID11', CURRENT_TIMESTAMP, CURRENT_TIMESTAMP, CURRENT_TIMESTAMP, '0');
INSERT INTO `groupactionlimit` (`id`, `Group_id`, `Action_id`, `LimitType_id`, `value`, `createdby`, `createdts`, `lastmodifiedts`, `synctimestamp`, `softdeleteflag`) VALUES ('89d1550a-2199-4a1d-95b3-a8165b7b2148', 'GROUP_ADMINISTRATOR', 'INTERNATIONAL_ACCOUNT_FUND_TRANSFER_CREATE', 'WEEKLY_LIMIT', '1000000.00', 'UID11', CURRENT_TIMESTAMP, CURRENT_TIMESTAMP, CURRENT_TIMESTAMP, '0');
INSERT INTO `groupactionlimit` (`id`, `Group_id`, `Action_id`, `LimitType_id`, `value`, `createdby`, `createdts`, `lastmodifiedts`, `synctimestamp`, `softdeleteflag`) VALUES ('d63f28a8-0ab8-40b1-9e95-f2619465e3b7', 'GROUP_ADMINISTRATOR', 'INTER_BANK_ACCOUNT_FUND_TRANSFER_VIEW', NULL, NULL, 'UID11', CURRENT_TIMESTAMP, CURRENT_TIMESTAMP, CURRENT_TIMESTAMP, '0');
INSERT INTO `groupactionlimit` (`id`, `Group_id`, `Action_id`, `LimitType_id`, `value`, `createdby`, `createdts`, `lastmodifiedts`, `synctimestamp`, `softdeleteflag`) VALUES ('a414a810-8f93-4c8d-926c-3b54619256ef', 'GROUP_ADMINISTRATOR', 'INTER_BANK_ACCOUNT_FUND_TRANSFER_APPROVE', NULL, NULL, 'UID11', CURRENT_TIMESTAMP, CURRENT_TIMESTAMP, CURRENT_TIMESTAMP, '0');
INSERT INTO `groupactionlimit` (`id`, `Group_id`, `Action_id`, `LimitType_id`, `value`, `createdby`, `createdts`, `lastmodifiedts`, `synctimestamp`, `softdeleteflag`) VALUES ('7ac72cd1-505c-4f23-ac6e-ed770c5fa4f5', 'GROUP_ADMINISTRATOR', 'INTER_BANK_ACCOUNT_FUND_TRANSFER_SELF_APPROVAL', NULL, NULL, 'UID11', CURRENT_TIMESTAMP, CURRENT_TIMESTAMP, CURRENT_TIMESTAMP, '0');
INSERT INTO `groupactionlimit` (`id`, `Group_id`, `Action_id`, `LimitType_id`, `value`, `createdby`, `createdts`, `lastmodifiedts`, `synctimestamp`, `softdeleteflag`) VALUES ('0e1ddb03-6cb5-4b19-84d5-e750151a9f47', 'GROUP_ADMINISTRATOR', 'INTER_BANK_ACCOUNT_FUND_TRANSFER_MANAGE_PAYEE', NULL, NULL, 'UID11', CURRENT_TIMESTAMP, CURRENT_TIMESTAMP, CURRENT_TIMESTAMP, '0');
INSERT INTO `groupactionlimit` (`id`, `Group_id`, `Action_id`, `LimitType_id`, `value`, `createdby`, `createdts`, `lastmodifiedts`, `synctimestamp`, `softdeleteflag`) VALUES ('52fd5b5c-b2c8-4b27-b32c-14e046e3e451', 'GROUP_ADMINISTRATOR', 'INTERNATIONAL_ACCOUNT_FUND_TRANSFER_VIEW', NULL, NULL, 'UID11', CURRENT_TIMESTAMP, CURRENT_TIMESTAMP, CURRENT_TIMESTAMP, '0');
INSERT INTO `groupactionlimit` (`id`, `Group_id`, `Action_id`, `LimitType_id`, `value`, `createdby`, `createdts`, `lastmodifiedts`, `synctimestamp`, `softdeleteflag`) VALUES ('4806d7a4-6881-4c13-bca0-76f616313133', 'GROUP_ADMINISTRATOR', 'INTERNATIONAL_ACCOUNT_FUND_TRANSFER_APPROVE', NULL, NULL, 'UID11', CURRENT_TIMESTAMP, CURRENT_TIMESTAMP, CURRENT_TIMESTAMP, '0');
INSERT INTO `groupactionlimit` (`id`, `Group_id`, `Action_id`, `LimitType_id`, `value`, `createdby`, `createdts`, `lastmodifiedts`, `synctimestamp`, `softdeleteflag`) VALUES ('af60f422-d019-4ec9-aa7f-75ea2ef423e0', 'GROUP_ADMINISTRATOR', 'INTERNATIONAL_ACCOUNT_FUND_TRANSFER_SELF_APPROVAL', NULL, NULL, 'UID11', CURRENT_TIMESTAMP, CURRENT_TIMESTAMP, CURRENT_TIMESTAMP, '0');
INSERT INTO `groupactionlimit` (`id`, `Group_id`, `Action_id`, `LimitType_id`, `value`, `createdby`, `createdts`, `lastmodifiedts`, `synctimestamp`, `softdeleteflag`) VALUES ('a7ba6e10-95a5-45a0-90a7-96beefcca14f', 'GROUP_ADMINISTRATOR', 'INTERNATIONAL_ACCOUNT_FUND_TRANSFER_MANAGE_PAYEES', NULL, NULL, 'UID11', CURRENT_TIMESTAMP, CURRENT_TIMESTAMP, CURRENT_TIMESTAMP, '0');
INSERT INTO `groupactionlimit` (`id`, `Group_id`, `Action_id`, `LimitType_id`, `value`, `createdby`, `createdts`, `lastmodifiedts`, `synctimestamp`, `softdeleteflag`) VALUES ('8d33af71-1274-40fc-ae49-cf3942b8bceb', 'GROUP_ADMINISTRATOR', 'CARD_MANAGEMENT_LOCK_CARD', NULL, NULL, 'UID11', CURRENT_TIMESTAMP, CURRENT_TIMESTAMP, CURRENT_TIMESTAMP, '0');
INSERT INTO `groupactionlimit` (`id`, `Group_id`, `Action_id`, `LimitType_id`, `value`, `createdby`, `createdts`, `lastmodifiedts`, `synctimestamp`, `softdeleteflag`) VALUES ('fd73fc56-b14f-47ff-a5e8-10b348dc79f6', 'GROUP_ADMINISTRATOR', 'CARD_MANAGEMENT_UNLOCK_CARD', NULL, NULL, 'UID11', CURRENT_TIMESTAMP, CURRENT_TIMESTAMP, CURRENT_TIMESTAMP, '0');
INSERT INTO `groupactionlimit` (`id`, `Group_id`, `Action_id`, `LimitType_id`, `value`, `createdby`, `createdts`, `lastmodifiedts`, `synctimestamp`, `softdeleteflag`) VALUES ('85ecacfd-0098-4c6e-b5a3-780101035d9a', 'GROUP_ADMINISTRATOR', 'CARD_MANAGEMENT_REPLACE_CARD', NULL, NULL, 'UID11', CURRENT_TIMESTAMP, CURRENT_TIMESTAMP, CURRENT_TIMESTAMP, '0');
INSERT INTO `groupactionlimit` (`id`, `Group_id`, `Action_id`, `LimitType_id`, `value`, `createdby`, `createdts`, `lastmodifiedts`, `synctimestamp`, `softdeleteflag`) VALUES ('aef95bb9-5cc5-4db3-ba23-59f4e3a818b6', 'GROUP_ADMINISTRATOR', 'CARD_MANAGEMENT_CHANGE_PIN', NULL, NULL, 'UID11', CURRENT_TIMESTAMP, CURRENT_TIMESTAMP, CURRENT_TIMESTAMP, '0');
INSERT INTO `groupactionlimit` (`id`, `Group_id`, `Action_id`, `LimitType_id`, `value`, `createdby`, `createdts`, `lastmodifiedts`, `synctimestamp`, `softdeleteflag`) VALUES ('153a571a-1bf3-4b07-ade4-f0a86e8e937c', 'GROUP_ADMINISTRATOR', 'MESSAGES_CREATE', NULL, NULL, 'UID11', CURRENT_TIMESTAMP, CURRENT_TIMESTAMP, CURRENT_TIMESTAMP, '0');
INSERT INTO `groupactionlimit` (`id`, `Group_id`, `Action_id`, `LimitType_id`, `value`, `createdby`, `createdts`, `lastmodifiedts`, `synctimestamp`, `softdeleteflag`) VALUES ('3d0b4e82-93cd-4d99-94e7-fb400e35ddf0', 'GROUP_ADMINISTRATOR', 'FEEDBACK_SUBMIT', NULL, NULL, 'UID11', CURRENT_TIMESTAMP, CURRENT_TIMESTAMP, CURRENT_TIMESTAMP, '0');
INSERT INTO `groupactionlimit` (`id`, `Group_id`, `Action_id`, `LimitType_id`, `value`, `createdby`, `createdts`, `lastmodifiedts`, `synctimestamp`, `softdeleteflag`) VALUES ('634e7109-f2fd-4b84-8573-ce50664648f7', 'GROUP_ADMINISTRATOR', 'PROFILE_SETTINGS_VIEW', NULL, NULL, 'UID11', CURRENT_TIMESTAMP, CURRENT_TIMESTAMP, CURRENT_TIMESTAMP, '0');
INSERT INTO `groupactionlimit` (`id`, `Group_id`, `Action_id`, `LimitType_id`, `value`, `createdby`, `createdts`, `lastmodifiedts`, `synctimestamp`, `softdeleteflag`) VALUES ('92840273-677b-4b55-892d-0ef4528bbbbf', 'GROUP_ADMINISTRATOR', 'PROFILE_SETTINGS_UPDATE', NULL, NULL, 'UID11', CURRENT_TIMESTAMP, CURRENT_TIMESTAMP, CURRENT_TIMESTAMP, '0');
INSERT INTO `groupactionlimit` (`id`, `Group_id`, `Action_id`, `LimitType_id`, `value`, `createdby`, `createdts`, `lastmodifiedts`, `synctimestamp`, `softdeleteflag`) VALUES ('984dc807-ddee-45ea-ac4e-e14f65b9f1cd', 'GROUP_ADMINISTRATOR', 'MESSAGES_VIEW', NULL, NULL, 'UID11', CURRENT_TIMESTAMP, CURRENT_TIMESTAMP, CURRENT_TIMESTAMP, '0');
INSERT INTO `groupactionlimit` (`id`, `Group_id`, `Action_id`, `LimitType_id`, `value`, `createdby`, `createdts`, `lastmodifiedts`, `synctimestamp`, `softdeleteflag`) VALUES ('5fd3aac2-dad9-4ecc-ac14-4a464971ec1c', 'GROUP_ADMINISTRATOR', 'MESSAGES_DELETE', NULL, NULL, 'UID11', CURRENT_TIMESTAMP, CURRENT_TIMESTAMP, CURRENT_TIMESTAMP, '0');
INSERT INTO `groupactionlimit` (`id`, `Group_id`, `Action_id`, `LimitType_id`, `value`, `createdby`, `createdts`, `lastmodifiedts`, `synctimestamp`, `softdeleteflag`) VALUES ('0a7f05fe-3cae-4cdf-8913-592d690dcca0', 'GROUP_ADMINISTRATOR', 'MESSAGES_REPLY', NULL, NULL, 'UID11', CURRENT_TIMESTAMP, CURRENT_TIMESTAMP, CURRENT_TIMESTAMP, '0');
INSERT INTO `groupactionlimit` (`id`, `Group_id`, `Action_id`, `LimitType_id`, `value`, `createdby`, `createdts`, `lastmodifiedts`, `synctimestamp`, `softdeleteflag`) VALUES ('0ad090d1-3838-47f6-9319-c1d5aaddb38f', 'GROUP_ADMINISTRATOR', 'NOTIFICATION_VIEW', NULL, NULL, 'UID11', CURRENT_TIMESTAMP, CURRENT_TIMESTAMP, CURRENT_TIMESTAMP, '0');
INSERT INTO `groupactionlimit` (`id`, `Group_id`, `Action_id`, `LimitType_id`, `value`, `createdby`, `createdts`, `lastmodifiedts`, `synctimestamp`, `softdeleteflag`) VALUES ('5e5d0dcd-9dd0-4994-bd4c-0893ef7d2d0a', 'GROUP_ADMINISTRATOR', 'NOTIFICATION_UPDATE', NULL, NULL, 'UID11', CURRENT_TIMESTAMP, CURRENT_TIMESTAMP, CURRENT_TIMESTAMP, '0');
INSERT INTO `groupactionlimit` (`id`, `Group_id`, `Action_id`, `LimitType_id`, `value`, `createdby`, `createdts`, `lastmodifiedts`, `synctimestamp`, `softdeleteflag`) VALUES ('8ce9d092-6e7a-4621-b36c-3b72ab3e7d82', 'GROUP_ADMINISTRATOR', 'BILL_PAY_BULK', NULL, NULL, 'UID11', CURRENT_TIMESTAMP, CURRENT_TIMESTAMP, CURRENT_TIMESTAMP, '0');
INSERT INTO `groupactionlimit` (`id`, `Group_id`, `Action_id`, `LimitType_id`, `value`, `createdby`, `createdts`, `lastmodifiedts`, `synctimestamp`, `softdeleteflag`) VALUES ('7e56a37b-f2bc-4b1f-9e35-477134bf4c2b', 'GROUP_ADMINISTRATOR', 'BILL_PAY_ACTIVATE_OR_DEACTIVATE', NULL, NULL, 'UID11', CURRENT_TIMESTAMP, CURRENT_TIMESTAMP, CURRENT_TIMESTAMP, '0');
INSERT INTO `groupactionlimit` (`id`, `Group_id`, `Action_id`, `LimitType_id`, `value`, `createdby`, `createdts`, `lastmodifiedts`, `synctimestamp`, `softdeleteflag`) VALUES ('91180bee-5d24-4d8e-be82-b296c8c8404d', 'GROUP_ADMINISTRATOR', 'APPLICANT_MANAGEMENT_CREATE', NULL, NULL, 'UID11', CURRENT_TIMESTAMP, CURRENT_TIMESTAMP, CURRENT_TIMESTAMP, '0');
INSERT INTO `groupactionlimit` (`id`, `Group_id`, `Action_id`, `LimitType_id`, `value`, `createdby`, `createdts`, `lastmodifiedts`, `synctimestamp`, `softdeleteflag`) VALUES ('e1225d4c-84bb-4d60-9ad1-42c2d609254f', 'GROUP_ADMINISTRATOR', 'TRANSACTION_MANAGEMENT_DELETE', NULL, NULL, 'UID11', CURRENT_TIMESTAMP, CURRENT_TIMESTAMP, CURRENT_TIMESTAMP, '0');
INSERT INTO `groupactionlimit` (`id`, `Group_id`, `Action_id`, `LimitType_id`, `value`, `createdby`, `createdts`, `lastmodifiedts`, `synctimestamp`, `softdeleteflag`) VALUES ('df9adf34-85a9-4875-8451-65c217cad36b', 'GROUP_ADMINISTRATOR', 'RECIPIENT_MANAGEMENT_VIEW', NULL, NULL, 'UID11', CURRENT_TIMESTAMP, CURRENT_TIMESTAMP, CURRENT_TIMESTAMP, '0');
INSERT INTO `groupactionlimit` (`id`, `Group_id`, `Action_id`, `LimitType_id`, `value`, `createdby`, `createdts`, `lastmodifiedts`, `synctimestamp`, `softdeleteflag`) VALUES ('2d6b7576-c247-4d3f-8385-7bf15b53dfe0', 'GROUP_AUTHORIZER', 'INTRA_BANK_FUND_TRANSFER_CREATE', 'MAX_TRANSACTION_LIMIT', '100000.00', 'UID11', CURRENT_TIMESTAMP, CURRENT_TIMESTAMP, CURRENT_TIMESTAMP, '0');
INSERT INTO `groupactionlimit` (`id`, `Group_id`, `Action_id`, `LimitType_id`, `value`, `createdby`, `createdts`, `lastmodifiedts`, `synctimestamp`, `softdeleteflag`) VALUES ('d9bb5583-0a83-4a38-bb6a-b992737a09f1', 'GROUP_AUTHORIZER', 'INTRA_BANK_FUND_TRANSFER_CREATE', 'DAILY_LIMIT', '200000.00', 'UID11', CURRENT_TIMESTAMP, CURRENT_TIMESTAMP, CURRENT_TIMESTAMP, '0');
INSERT INTO `groupactionlimit` (`id`, `Group_id`, `Action_id`, `LimitType_id`, `value`, `createdby`, `createdts`, `lastmodifiedts`, `synctimestamp`, `softdeleteflag`) VALUES ('adf8a47d-0901-4324-aeed-7dbde7da35c1', 'GROUP_AUTHORIZER', 'INTRA_BANK_FUND_TRANSFER_CREATE', 'WEEKLY_LIMIT', '1000000.00', 'UID11', CURRENT_TIMESTAMP, CURRENT_TIMESTAMP, CURRENT_TIMESTAMP, '0');
INSERT INTO `groupactionlimit` (`id`, `Group_id`, `Action_id`, `LimitType_id`, `value`, `createdby`, `createdts`, `lastmodifiedts`, `synctimestamp`, `softdeleteflag`) VALUES ('1bc13cdb-c875-4f21-8acb-a435622943ea', 'GROUP_AUTHORIZER', 'PAYEE_MANAGEMENT_VIEW', NULL, NULL, 'UID11', CURRENT_TIMESTAMP, CURRENT_TIMESTAMP, CURRENT_TIMESTAMP, '0');
INSERT INTO `groupactionlimit` (`id`, `Group_id`, `Action_id`, `LimitType_id`, `value`, `createdby`, `createdts`, `lastmodifiedts`, `synctimestamp`, `softdeleteflag`) VALUES ('b5adee51-3b5e-4354-b889-52bd5f0a07ec', 'GROUP_AUTHORIZER', 'PAYEE_MANAGEMENT_CREATE', NULL, NULL, 'UID11', CURRENT_TIMESTAMP, CURRENT_TIMESTAMP, CURRENT_TIMESTAMP, '0');
INSERT INTO `groupactionlimit` (`id`, `Group_id`, `Action_id`, `LimitType_id`, `value`, `createdby`, `createdts`, `lastmodifiedts`, `synctimestamp`, `softdeleteflag`) VALUES ('fa553e95-d32e-40b3-a5a1-157a6b4656a8', 'GROUP_AUTHORIZER', 'PAYEE_MANAGEMENT_EDIT', NULL, NULL, 'UID11', CURRENT_TIMESTAMP, CURRENT_TIMESTAMP, CURRENT_TIMESTAMP, '0');
INSERT INTO `groupactionlimit` (`id`, `Group_id`, `Action_id`, `LimitType_id`, `value`, `createdby`, `createdts`, `lastmodifiedts`, `synctimestamp`, `softdeleteflag`) VALUES ('cf8d1e2e-96f1-4421-9096-50439b84a5b4', 'GROUP_AUTHORIZER', 'PAYEE_MANAGEMENT_DELETE', NULL, NULL, 'UID11', CURRENT_TIMESTAMP, CURRENT_TIMESTAMP, CURRENT_TIMESTAMP, '0');
INSERT INTO `groupactionlimit` (`id`, `Group_id`, `Action_id`, `LimitType_id`, `value`, `createdby`, `createdts`, `lastmodifiedts`, `synctimestamp`, `softdeleteflag`) VALUES ('94e4d902-8df3-4226-8e8d-f393955a1e27', 'GROUP_AUTHORIZER', 'RESET_SECURITY_QUESTIONS', NULL, NULL, 'UID11', CURRENT_TIMESTAMP, CURRENT_TIMESTAMP, CURRENT_TIMESTAMP, '0');
INSERT INTO `groupactionlimit` (`id`, `Group_id`, `Action_id`, `LimitType_id`, `value`, `createdby`, `createdts`, `lastmodifiedts`, `synctimestamp`, `softdeleteflag`) VALUES ('1c72ed68-ca3d-4a23-8b94-543c508e8c23', 'GROUP_AUTHORIZER', 'TRANSFER_BETWEEN_OWN_ACCOUNT_CREATE', 'MAX_TRANSACTION_LIMIT', '100000.00', 'UID11', CURRENT_TIMESTAMP, CURRENT_TIMESTAMP, CURRENT_TIMESTAMP, '0');
INSERT INTO `groupactionlimit` (`id`, `Group_id`, `Action_id`, `LimitType_id`, `value`, `createdby`, `createdts`, `lastmodifiedts`, `synctimestamp`, `softdeleteflag`) VALUES ('6ba3ea97-3c29-4467-a04c-562e2d23edce', 'GROUP_AUTHORIZER', 'TRANSFER_BETWEEN_OWN_ACCOUNT_CREATE', 'DAILY_LIMIT', '200000.00', 'UID11', CURRENT_TIMESTAMP, CURRENT_TIMESTAMP, CURRENT_TIMESTAMP, '0');
INSERT INTO `groupactionlimit` (`id`, `Group_id`, `Action_id`, `LimitType_id`, `value`, `createdby`, `createdts`, `lastmodifiedts`, `synctimestamp`, `softdeleteflag`) VALUES ('36317d17-97a6-42e9-a14d-04ab39413f3b', 'GROUP_AUTHORIZER', 'TRANSFER_BETWEEN_OWN_ACCOUNT_CREATE', 'WEEKLY_LIMIT', '1000000.00', 'UID11', CURRENT_TIMESTAMP, CURRENT_TIMESTAMP, CURRENT_TIMESTAMP, '0');
INSERT INTO `groupactionlimit` (`id`, `Group_id`, `Action_id`, `LimitType_id`, `value`, `createdby`, `createdts`, `lastmodifiedts`, `synctimestamp`, `softdeleteflag`) VALUES ('dcccd655-f7af-4963-9f10-e96b2266bf56', 'GROUP_AUTHORIZER', 'DOMESTIC_WIRE_TRANSFER_CREATE', 'MAX_TRANSACTION_LIMIT', '100000.00', 'UID11', CURRENT_TIMESTAMP, CURRENT_TIMESTAMP, CURRENT_TIMESTAMP, '0');
INSERT INTO `groupactionlimit` (`id`, `Group_id`, `Action_id`, `LimitType_id`, `value`, `createdby`, `createdts`, `lastmodifiedts`, `synctimestamp`, `softdeleteflag`) VALUES ('d50184e8-b2c5-4952-926e-a44c36e7b56d', 'GROUP_AUTHORIZER', 'DOMESTIC_WIRE_TRANSFER_CREATE', 'DAILY_LIMIT', '200000.00', 'UID11', CURRENT_TIMESTAMP, CURRENT_TIMESTAMP, CURRENT_TIMESTAMP, '0');
INSERT INTO `groupactionlimit` (`id`, `Group_id`, `Action_id`, `LimitType_id`, `value`, `createdby`, `createdts`, `lastmodifiedts`, `synctimestamp`, `softdeleteflag`) VALUES ('8389d56d-9780-471a-9206-26062b7ae530', 'GROUP_AUTHORIZER', 'DOMESTIC_WIRE_TRANSFER_CREATE', 'WEEKLY_LIMIT', '1000000.00', 'UID11', CURRENT_TIMESTAMP, CURRENT_TIMESTAMP, CURRENT_TIMESTAMP, '0');
INSERT INTO `groupactionlimit` (`id`, `Group_id`, `Action_id`, `LimitType_id`, `value`, `createdby`, `createdts`, `lastmodifiedts`, `synctimestamp`, `softdeleteflag`) VALUES ('d7f7591d-fd57-4886-a967-255a77902961', 'GROUP_AUTHORIZER', 'INTERNATIONAL_WIRE_TRANSFER_CREATE', 'MAX_TRANSACTION_LIMIT', '100000.00', 'UID11', CURRENT_TIMESTAMP, CURRENT_TIMESTAMP, CURRENT_TIMESTAMP, '0');
INSERT INTO `groupactionlimit` (`id`, `Group_id`, `Action_id`, `LimitType_id`, `value`, `createdby`, `createdts`, `lastmodifiedts`, `synctimestamp`, `softdeleteflag`) VALUES ('72d1adba-a4ea-419a-ab3b-a83889c9ca08', 'GROUP_AUTHORIZER', 'INTERNATIONAL_WIRE_TRANSFER_CREATE', 'DAILY_LIMIT', '200000.00', 'UID11', CURRENT_TIMESTAMP, CURRENT_TIMESTAMP, CURRENT_TIMESTAMP, '0');
INSERT INTO `groupactionlimit` (`id`, `Group_id`, `Action_id`, `LimitType_id`, `value`, `createdby`, `createdts`, `lastmodifiedts`, `synctimestamp`, `softdeleteflag`) VALUES ('344edf84-f4f1-4cc6-a694-2357c0c62c21', 'GROUP_AUTHORIZER', 'INTERNATIONAL_WIRE_TRANSFER_CREATE', 'WEEKLY_LIMIT', '1000000.00', 'UID11', CURRENT_TIMESTAMP, CURRENT_TIMESTAMP, CURRENT_TIMESTAMP, '0');
INSERT INTO `groupactionlimit` (`id`, `Group_id`, `Action_id`, `LimitType_id`, `value`, `createdby`, `createdts`, `lastmodifiedts`, `synctimestamp`, `softdeleteflag`) VALUES ('3a0c6a53-5300-476e-8bb5-246690d7bde3', 'GROUP_AUTHORIZER', 'BILL_PAY_CREATE', 'MAX_TRANSACTION_LIMIT', '100000.00', 'UID11', CURRENT_TIMESTAMP, CURRENT_TIMESTAMP, CURRENT_TIMESTAMP, '0');
INSERT INTO `groupactionlimit` (`id`, `Group_id`, `Action_id`, `LimitType_id`, `value`, `createdby`, `createdts`, `lastmodifiedts`, `synctimestamp`, `softdeleteflag`) VALUES ('3e89567b-4d20-4d70-8af7-409fb58faab3', 'GROUP_AUTHORIZER', 'BILL_PAY_CREATE', 'DAILY_LIMIT', '200000.00', 'UID11', CURRENT_TIMESTAMP, CURRENT_TIMESTAMP, CURRENT_TIMESTAMP, '0');
INSERT INTO `groupactionlimit` (`id`, `Group_id`, `Action_id`, `LimitType_id`, `value`, `createdby`, `createdts`, `lastmodifiedts`, `synctimestamp`, `softdeleteflag`) VALUES ('25bbc780-a450-4a16-b04d-b56d057faba3', 'GROUP_AUTHORIZER', 'BILL_PAY_CREATE', 'WEEKLY_LIMIT', '1000000.00', 'UID11', CURRENT_TIMESTAMP, CURRENT_TIMESTAMP, CURRENT_TIMESTAMP, '0');
INSERT INTO `groupactionlimit` (`id`, `Group_id`, `Action_id`, `LimitType_id`, `value`, `createdby`, `createdts`, `lastmodifiedts`, `synctimestamp`, `softdeleteflag`) VALUES ('84eaa91c-e497-4c7f-8335-6fcd1a8eb994', 'GROUP_AUTHORIZER', 'INTRA_BANK_FUND_TRANSFER_VIEW', NULL, NULL, 'UID11', CURRENT_TIMESTAMP, CURRENT_TIMESTAMP, CURRENT_TIMESTAMP, '0');
INSERT INTO `groupactionlimit` (`id`, `Group_id`, `Action_id`, `LimitType_id`, `value`, `createdby`, `createdts`, `lastmodifiedts`, `synctimestamp`, `softdeleteflag`) VALUES ('14fca8e9-7439-4f15-9144-a901ae032078', 'GROUP_AUTHORIZER', 'INTRA_BANK_FUND_TRANSFER_APPROVE', NULL, NULL, 'UID11', CURRENT_TIMESTAMP, CURRENT_TIMESTAMP, CURRENT_TIMESTAMP, '0');
INSERT INTO `groupactionlimit` (`id`, `Group_id`, `Action_id`, `LimitType_id`, `value`, `createdby`, `createdts`, `lastmodifiedts`, `synctimestamp`, `softdeleteflag`) VALUES ('82148a83-6341-4bba-922b-d357cb699dd7', 'GROUP_AUTHORIZER', 'INTRA_BANK_FUND_TRANSFER_MANAGE_PAYEES', NULL, NULL, 'UID11', CURRENT_TIMESTAMP, CURRENT_TIMESTAMP, CURRENT_TIMESTAMP, '0');
INSERT INTO `groupactionlimit` (`id`, `Group_id`, `Action_id`, `LimitType_id`, `value`, `createdby`, `createdts`, `lastmodifiedts`, `synctimestamp`, `softdeleteflag`) VALUES ('ee2139ca-c83d-4c6c-92d2-21513d1caa7d', 'GROUP_AUTHORIZER', 'TRANSFER_BETWEEN_OWN_ACCOUNT_APPROVE', NULL, NULL, 'UID11', CURRENT_TIMESTAMP, CURRENT_TIMESTAMP, CURRENT_TIMESTAMP, '0');
INSERT INTO `groupactionlimit` (`id`, `Group_id`, `Action_id`, `LimitType_id`, `value`, `createdby`, `createdts`, `lastmodifiedts`, `synctimestamp`, `softdeleteflag`) VALUES ('fc401e46-ec59-4bab-890b-ad017a6d8a66', 'GROUP_AUTHORIZER', 'TRANSFER_BETWEEN_OWN_ACCOUNT_MANAGE_PAYEES', NULL, NULL, 'UID11', CURRENT_TIMESTAMP, CURRENT_TIMESTAMP, CURRENT_TIMESTAMP, '0');
INSERT INTO `groupactionlimit` (`id`, `Group_id`, `Action_id`, `LimitType_id`, `value`, `createdby`, `createdts`, `lastmodifiedts`, `synctimestamp`, `softdeleteflag`) VALUES ('c5d3488d-6e04-4e7f-9a2d-72e41d21fab5', 'GROUP_AUTHORIZER', 'DOMESTIC_WIRE_TRANSFER_VIEW', NULL, NULL, 'UID11', CURRENT_TIMESTAMP, CURRENT_TIMESTAMP, CURRENT_TIMESTAMP, '0');
INSERT INTO `groupactionlimit` (`id`, `Group_id`, `Action_id`, `LimitType_id`, `value`, `createdby`, `createdts`, `lastmodifiedts`, `synctimestamp`, `softdeleteflag`) VALUES ('10640b4e-6109-4b93-bbcf-91e39cc71287', 'GROUP_AUTHORIZER', 'DOMESTIC_WIRE_TRANSFER_APPROVE', NULL, NULL, 'UID11', CURRENT_TIMESTAMP, CURRENT_TIMESTAMP, CURRENT_TIMESTAMP, '0');
INSERT INTO `groupactionlimit` (`id`, `Group_id`, `Action_id`, `LimitType_id`, `value`, `createdby`, `createdts`, `lastmodifiedts`, `synctimestamp`, `softdeleteflag`) VALUES ('b76a2b3c-07b5-494e-8e29-4063b2c60997', 'GROUP_AUTHORIZER', 'DOMESTIC_WIRE_TRANSFER_MANAGE_PAYEES', NULL, NULL, 'UID11', CURRENT_TIMESTAMP, CURRENT_TIMESTAMP, CURRENT_TIMESTAMP, '0');
INSERT INTO `groupactionlimit` (`id`, `Group_id`, `Action_id`, `LimitType_id`, `value`, `createdby`, `createdts`, `lastmodifiedts`, `synctimestamp`, `softdeleteflag`) VALUES ('b31ce843-4da8-46c7-8146-ce6e5f37a9b5', 'GROUP_AUTHORIZER', 'INTERNATIONAL_WIRE_TRANSFER_VIEW', NULL, NULL, 'UID11', CURRENT_TIMESTAMP, CURRENT_TIMESTAMP, CURRENT_TIMESTAMP, '0');
INSERT INTO `groupactionlimit` (`id`, `Group_id`, `Action_id`, `LimitType_id`, `value`, `createdby`, `createdts`, `lastmodifiedts`, `synctimestamp`, `softdeleteflag`) VALUES ('4f5ebaca-eede-42ab-96e5-ed33667ddba5', 'GROUP_AUTHORIZER', 'INTERNATIONAL_WIRE_TRANSFER_APPROVE', NULL, NULL, 'UID11', CURRENT_TIMESTAMP, CURRENT_TIMESTAMP, CURRENT_TIMESTAMP, '0');
INSERT INTO `groupactionlimit` (`id`, `Group_id`, `Action_id`, `LimitType_id`, `value`, `createdby`, `createdts`, `lastmodifiedts`, `synctimestamp`, `softdeleteflag`) VALUES ('562258a5-1cf4-40c9-aeaf-c6da883e1ed3', 'GROUP_AUTHORIZER', 'INTERNATIONAL_WIRE_TRANSFER_MANAGE_PAYEES', NULL, NULL, 'UID11', CURRENT_TIMESTAMP, CURRENT_TIMESTAMP, CURRENT_TIMESTAMP, '0');
INSERT INTO `groupactionlimit` (`id`, `Group_id`, `Action_id`, `LimitType_id`, `value`, `createdby`, `createdts`, `lastmodifiedts`, `synctimestamp`, `softdeleteflag`) VALUES ('a52140d9-aebe-48d1-b2d6-1b107e3e6798', 'GROUP_AUTHORIZER', 'BILL_PAY_VIEW', NULL, NULL, 'UID11', CURRENT_TIMESTAMP, CURRENT_TIMESTAMP, CURRENT_TIMESTAMP, '0');
INSERT INTO `groupactionlimit` (`id`, `Group_id`, `Action_id`, `LimitType_id`, `value`, `createdby`, `createdts`, `lastmodifiedts`, `synctimestamp`, `softdeleteflag`) VALUES ('0bd96a2c-9eeb-44a3-a79f-81dd2799c49e', 'GROUP_AUTHORIZER', 'BILL_PAY_APPROVE', NULL, NULL, 'UID11', CURRENT_TIMESTAMP, CURRENT_TIMESTAMP, CURRENT_TIMESTAMP, '0');
INSERT INTO `groupactionlimit` (`id`, `Group_id`, `Action_id`, `LimitType_id`, `value`, `createdby`, `createdts`, `lastmodifiedts`, `synctimestamp`, `softdeleteflag`) VALUES ('c5f6efe5-d169-482e-bfd1-8ac625221361', 'GROUP_AUTHORIZER', 'BILL_PAY_MANAGE_PAYEES', NULL, NULL, 'UID11', CURRENT_TIMESTAMP, CURRENT_TIMESTAMP, CURRENT_TIMESTAMP, '0');
INSERT INTO `groupactionlimit` (`id`, `Group_id`, `Action_id`, `LimitType_id`, `value`, `createdby`, `createdts`, `lastmodifiedts`, `synctimestamp`, `softdeleteflag`) VALUES ('0f6a6a5a-94d8-483a-9322-3ac6291eb715', 'GROUP_AUTHORIZER', 'TRANSFER_BETWEEN_OWN_ACCOUNT_VIEW', NULL, NULL, 'UID11', CURRENT_TIMESTAMP, CURRENT_TIMESTAMP, CURRENT_TIMESTAMP, '0');
INSERT INTO `groupactionlimit` (`id`, `Group_id`, `Action_id`, `LimitType_id`, `value`, `createdby`, `createdts`, `lastmodifiedts`, `synctimestamp`, `softdeleteflag`) VALUES ('a8b4482e-f17e-4233-8fbb-7d912d1b71c9', 'GROUP_AUTHORIZER', 'ACH_PAYMENT_CREATE', 'MAX_TRANSACTION_LIMIT', '100000.00', 'UID11', CURRENT_TIMESTAMP, CURRENT_TIMESTAMP, CURRENT_TIMESTAMP, '0');
INSERT INTO `groupactionlimit` (`id`, `Group_id`, `Action_id`, `LimitType_id`, `value`, `createdby`, `createdts`, `lastmodifiedts`, `synctimestamp`, `softdeleteflag`) VALUES ('cfefb858-08e5-4f12-b91b-d06ec749401f', 'GROUP_AUTHORIZER', 'ACH_PAYMENT_CREATE', 'DAILY_LIMIT', '200000.00', 'UID11', CURRENT_TIMESTAMP, CURRENT_TIMESTAMP, CURRENT_TIMESTAMP, '0');
INSERT INTO `groupactionlimit` (`id`, `Group_id`, `Action_id`, `LimitType_id`, `value`, `createdby`, `createdts`, `lastmodifiedts`, `synctimestamp`, `softdeleteflag`) VALUES ('36959f2d-c0ea-4a4d-acff-c781968b96cb', 'GROUP_AUTHORIZER', 'ACH_PAYMENT_CREATE', 'WEEKLY_LIMIT', '1000000.00', 'UID11', CURRENT_TIMESTAMP, CURRENT_TIMESTAMP, CURRENT_TIMESTAMP, '0');
INSERT INTO `groupactionlimit` (`id`, `Group_id`, `Action_id`, `LimitType_id`, `value`, `createdby`, `createdts`, `lastmodifiedts`, `synctimestamp`, `softdeleteflag`) VALUES ('b8e2fa17-0399-419f-ac91-004905588217', 'GROUP_AUTHORIZER', 'ACH_COLLECTION_CREATE', 'MAX_TRANSACTION_LIMIT', '100000.00', 'UID11', CURRENT_TIMESTAMP, CURRENT_TIMESTAMP, CURRENT_TIMESTAMP, '0');
INSERT INTO `groupactionlimit` (`id`, `Group_id`, `Action_id`, `LimitType_id`, `value`, `createdby`, `createdts`, `lastmodifiedts`, `synctimestamp`, `softdeleteflag`) VALUES ('a05a76de-aec1-46e8-a38b-9e07573db7a1', 'GROUP_AUTHORIZER', 'ACH_COLLECTION_CREATE', 'DAILY_LIMIT', '200000.00', 'UID11', CURRENT_TIMESTAMP, CURRENT_TIMESTAMP, CURRENT_TIMESTAMP, '0');
INSERT INTO `groupactionlimit` (`id`, `Group_id`, `Action_id`, `LimitType_id`, `value`, `createdby`, `createdts`, `lastmodifiedts`, `synctimestamp`, `softdeleteflag`) VALUES ('c68293b9-f372-4000-9bda-c6cee796379a', 'GROUP_AUTHORIZER', 'ACH_COLLECTION_CREATE', 'WEEKLY_LIMIT', '1000000.00', 'UID11', CURRENT_TIMESTAMP, CURRENT_TIMESTAMP, CURRENT_TIMESTAMP, '0');
INSERT INTO `groupactionlimit` (`id`, `Group_id`, `Action_id`, `LimitType_id`, `value`, `createdby`, `createdts`, `lastmodifiedts`, `synctimestamp`, `softdeleteflag`) VALUES ('f2387fcf-288e-4f48-b5df-a987e8536a0b', 'GROUP_AUTHORIZER', 'ACH_PAYMENT_VIEW', NULL, NULL, 'UID11', CURRENT_TIMESTAMP, CURRENT_TIMESTAMP, CURRENT_TIMESTAMP, '0');
INSERT INTO `groupactionlimit` (`id`, `Group_id`, `Action_id`, `LimitType_id`, `value`, `createdby`, `createdts`, `lastmodifiedts`, `synctimestamp`, `softdeleteflag`) VALUES ('37ee5803-885f-4a83-be1d-a73f560bd576', 'GROUP_AUTHORIZER', 'ACH_PAYMENT_APPROVE', NULL, NULL, 'UID11', CURRENT_TIMESTAMP, CURRENT_TIMESTAMP, CURRENT_TIMESTAMP, '0');
INSERT INTO `groupactionlimit` (`id`, `Group_id`, `Action_id`, `LimitType_id`, `value`, `createdby`, `createdts`, `lastmodifiedts`, `synctimestamp`, `softdeleteflag`) VALUES ('707ea619-165a-42b7-9ae5-b95cd82bae8e', 'GROUP_AUTHORIZER', 'ACH_PAYMENT_MANAGE_PAYEES', NULL, NULL, 'UID11', CURRENT_TIMESTAMP, CURRENT_TIMESTAMP, CURRENT_TIMESTAMP, '0');
INSERT INTO `groupactionlimit` (`id`, `Group_id`, `Action_id`, `LimitType_id`, `value`, `createdby`, `createdts`, `lastmodifiedts`, `synctimestamp`, `softdeleteflag`) VALUES ('2e975cbc-8799-4bbc-9621-1a58b9a656d4', 'GROUP_AUTHORIZER', 'ACH_COLLECTION_VIEW', NULL, NULL, 'UID11', CURRENT_TIMESTAMP, CURRENT_TIMESTAMP, CURRENT_TIMESTAMP, '0');
INSERT INTO `groupactionlimit` (`id`, `Group_id`, `Action_id`, `LimitType_id`, `value`, `createdby`, `createdts`, `lastmodifiedts`, `synctimestamp`, `softdeleteflag`) VALUES ('1f28b5cd-b880-4cbf-b952-af5db7efda5f', 'GROUP_AUTHORIZER', 'ACH_COLLECTION_APPROVE', NULL, NULL, 'UID11', CURRENT_TIMESTAMP, CURRENT_TIMESTAMP, CURRENT_TIMESTAMP, '0');
INSERT INTO `groupactionlimit` (`id`, `Group_id`, `Action_id`, `LimitType_id`, `value`, `createdby`, `createdts`, `lastmodifiedts`, `synctimestamp`, `softdeleteflag`) VALUES ('9f6365eb-7967-4099-90ea-06ca378251ac', 'GROUP_AUTHORIZER', 'ACH_COLLECTION_MANAGE_PAYEE', NULL, NULL, 'UID11', CURRENT_TIMESTAMP, CURRENT_TIMESTAMP, CURRENT_TIMESTAMP, '0');
INSERT INTO `groupactionlimit` (`id`, `Group_id`, `Action_id`, `LimitType_id`, `value`, `createdby`, `createdts`, `lastmodifiedts`, `synctimestamp`, `softdeleteflag`) VALUES ('a9587b2f-b97d-4681-a5bb-35701cd66669', 'GROUP_AUTHORIZER', 'INTER_BANK_ACCOUNT_FUND_TRANSFER_CREATE', 'MAX_TRANSACTION_LIMIT', '100000.00', 'UID11', CURRENT_TIMESTAMP, CURRENT_TIMESTAMP, CURRENT_TIMESTAMP, '0');
INSERT INTO `groupactionlimit` (`id`, `Group_id`, `Action_id`, `LimitType_id`, `value`, `createdby`, `createdts`, `lastmodifiedts`, `synctimestamp`, `softdeleteflag`) VALUES ('2e7d9d8e-434c-4761-bba9-8f5131d1e9c7', 'GROUP_AUTHORIZER', 'INTER_BANK_ACCOUNT_FUND_TRANSFER_CREATE', 'DAILY_LIMIT', '200000.00', 'UID11', CURRENT_TIMESTAMP, CURRENT_TIMESTAMP, CURRENT_TIMESTAMP, '0');
INSERT INTO `groupactionlimit` (`id`, `Group_id`, `Action_id`, `LimitType_id`, `value`, `createdby`, `createdts`, `lastmodifiedts`, `synctimestamp`, `softdeleteflag`) VALUES ('93556e39-125b-4e8b-adbf-0bcaef3aaaa7', 'GROUP_AUTHORIZER', 'INTER_BANK_ACCOUNT_FUND_TRANSFER_CREATE', 'WEEKLY_LIMIT', '1000000.00', 'UID11', CURRENT_TIMESTAMP, CURRENT_TIMESTAMP, CURRENT_TIMESTAMP, '0');
INSERT INTO `groupactionlimit` (`id`, `Group_id`, `Action_id`, `LimitType_id`, `value`, `createdby`, `createdts`, `lastmodifiedts`, `synctimestamp`, `softdeleteflag`) VALUES ('876e88d6-31d7-4ceb-8cb2-bc55b8e3755a', 'GROUP_AUTHORIZER', 'INTERNATIONAL_ACCOUNT_FUND_TRANSFER_CREATE', 'MAX_TRANSACTION_LIMIT', '100000.00', 'UID11', CURRENT_TIMESTAMP, CURRENT_TIMESTAMP, CURRENT_TIMESTAMP, '0');
INSERT INTO `groupactionlimit` (`id`, `Group_id`, `Action_id`, `LimitType_id`, `value`, `createdby`, `createdts`, `lastmodifiedts`, `synctimestamp`, `softdeleteflag`) VALUES ('3556e210-e05f-4904-ac9f-0d63bd5521ae', 'GROUP_AUTHORIZER', 'INTERNATIONAL_ACCOUNT_FUND_TRANSFER_CREATE', 'DAILY_LIMIT', '200000.00', 'UID11', CURRENT_TIMESTAMP, CURRENT_TIMESTAMP, CURRENT_TIMESTAMP, '0');
INSERT INTO `groupactionlimit` (`id`, `Group_id`, `Action_id`, `LimitType_id`, `value`, `createdby`, `createdts`, `lastmodifiedts`, `synctimestamp`, `softdeleteflag`) VALUES ('8e5754ab-0863-4779-8bca-cd242ab98a75', 'GROUP_AUTHORIZER', 'INTERNATIONAL_ACCOUNT_FUND_TRANSFER_CREATE', 'WEEKLY_LIMIT', '1000000.00', 'UID11', CURRENT_TIMESTAMP, CURRENT_TIMESTAMP, CURRENT_TIMESTAMP, '0');
INSERT INTO `groupactionlimit` (`id`, `Group_id`, `Action_id`, `LimitType_id`, `value`, `createdby`, `createdts`, `lastmodifiedts`, `synctimestamp`, `softdeleteflag`) VALUES ('b15fa805-ce0f-43d4-86c2-794e32a8db5e', 'GROUP_AUTHORIZER', 'INTER_BANK_ACCOUNT_FUND_TRANSFER_VIEW', NULL, NULL, 'UID11', CURRENT_TIMESTAMP, CURRENT_TIMESTAMP, CURRENT_TIMESTAMP, '0');
INSERT INTO `groupactionlimit` (`id`, `Group_id`, `Action_id`, `LimitType_id`, `value`, `createdby`, `createdts`, `lastmodifiedts`, `synctimestamp`, `softdeleteflag`) VALUES ('c8d071ac-6378-4603-a9b0-e77de246852d', 'GROUP_AUTHORIZER', 'INTER_BANK_ACCOUNT_FUND_TRANSFER_APPROVE', NULL, NULL, 'UID11', CURRENT_TIMESTAMP, CURRENT_TIMESTAMP, CURRENT_TIMESTAMP, '0');
INSERT INTO `groupactionlimit` (`id`, `Group_id`, `Action_id`, `LimitType_id`, `value`, `createdby`, `createdts`, `lastmodifiedts`, `synctimestamp`, `softdeleteflag`) VALUES ('de8d8d35-2760-43fa-b05d-1e246f714ab5', 'GROUP_AUTHORIZER', 'INTER_BANK_ACCOUNT_FUND_TRANSFER_MANAGE_PAYEE', NULL, NULL, 'UID11', CURRENT_TIMESTAMP, CURRENT_TIMESTAMP, CURRENT_TIMESTAMP, '0');
INSERT INTO `groupactionlimit` (`id`, `Group_id`, `Action_id`, `LimitType_id`, `value`, `createdby`, `createdts`, `lastmodifiedts`, `synctimestamp`, `softdeleteflag`) VALUES ('5a8f94a1-9e46-4939-96ba-bc8500e1a7fb', 'GROUP_AUTHORIZER', 'INTERNATIONAL_ACCOUNT_FUND_TRANSFER_VIEW', NULL, NULL, 'UID11', CURRENT_TIMESTAMP, CURRENT_TIMESTAMP, CURRENT_TIMESTAMP, '0');
INSERT INTO `groupactionlimit` (`id`, `Group_id`, `Action_id`, `LimitType_id`, `value`, `createdby`, `createdts`, `lastmodifiedts`, `synctimestamp`, `softdeleteflag`) VALUES ('e97c0ead-9053-4934-ae2b-e00681bd1e08', 'GROUP_AUTHORIZER', 'INTERNATIONAL_ACCOUNT_FUND_TRANSFER_APPROVE', NULL, NULL, 'UID11', CURRENT_TIMESTAMP, CURRENT_TIMESTAMP, CURRENT_TIMESTAMP, '0');
INSERT INTO `groupactionlimit` (`id`, `Group_id`, `Action_id`, `LimitType_id`, `value`, `createdby`, `createdts`, `lastmodifiedts`, `synctimestamp`, `softdeleteflag`) VALUES ('5898f48d-c8ee-4776-bbcc-bdb8e3abe032', 'GROUP_AUTHORIZER', 'INTERNATIONAL_ACCOUNT_FUND_TRANSFER_MANAGE_PAYEES', NULL, NULL, 'UID11', CURRENT_TIMESTAMP, CURRENT_TIMESTAMP, CURRENT_TIMESTAMP, '0');
INSERT INTO `groupactionlimit` (`id`, `Group_id`, `Action_id`, `LimitType_id`, `value`, `createdby`, `createdts`, `lastmodifiedts`, `synctimestamp`, `softdeleteflag`) VALUES ('8f213e2b-e27b-47e5-9c46-aad45118c0a1', 'GROUP_AUTHORIZER', 'CARD_MANAGEMENT_LOCK_CARD', NULL, NULL, 'UID11', CURRENT_TIMESTAMP, CURRENT_TIMESTAMP, CURRENT_TIMESTAMP, '0');
INSERT INTO `groupactionlimit` (`id`, `Group_id`, `Action_id`, `LimitType_id`, `value`, `createdby`, `createdts`, `lastmodifiedts`, `synctimestamp`, `softdeleteflag`) VALUES ('e374c213-2a53-4fcc-8539-69729fccad13', 'GROUP_AUTHORIZER', 'CARD_MANAGEMENT_UNLOCK_CARD', NULL, NULL, 'UID11', CURRENT_TIMESTAMP, CURRENT_TIMESTAMP, CURRENT_TIMESTAMP, '0');
INSERT INTO `groupactionlimit` (`id`, `Group_id`, `Action_id`, `LimitType_id`, `value`, `createdby`, `createdts`, `lastmodifiedts`, `synctimestamp`, `softdeleteflag`) VALUES ('d832eb18-0cdd-497e-91f2-5bcacc0451f3', 'GROUP_AUTHORIZER', 'CARD_MANAGEMENT_REPLACE_CARD', NULL, NULL, 'UID11', CURRENT_TIMESTAMP, CURRENT_TIMESTAMP, CURRENT_TIMESTAMP, '0');
INSERT INTO `groupactionlimit` (`id`, `Group_id`, `Action_id`, `LimitType_id`, `value`, `createdby`, `createdts`, `lastmodifiedts`, `synctimestamp`, `softdeleteflag`) VALUES ('f2b9e1cb-4345-42a7-a759-3ffc8db25f9e', 'GROUP_AUTHORIZER', 'CARD_MANAGEMENT_CHANGE_PIN', NULL, NULL, 'UID11', CURRENT_TIMESTAMP, CURRENT_TIMESTAMP, CURRENT_TIMESTAMP, '0');
INSERT INTO `groupactionlimit` (`id`, `Group_id`, `Action_id`, `LimitType_id`, `value`, `createdby`, `createdts`, `lastmodifiedts`, `synctimestamp`, `softdeleteflag`) VALUES ('f8f288d0-1903-4e65-bb3f-9916776194a5', 'GROUP_AUTHORIZER', 'MESSAGES_CREATE', NULL, NULL, 'UID11', CURRENT_TIMESTAMP, CURRENT_TIMESTAMP, CURRENT_TIMESTAMP, '0');
INSERT INTO `groupactionlimit` (`id`, `Group_id`, `Action_id`, `LimitType_id`, `value`, `createdby`, `createdts`, `lastmodifiedts`, `synctimestamp`, `softdeleteflag`) VALUES ('e62278c7-9222-430f-a495-219a1ebc7655', 'GROUP_AUTHORIZER', 'FEEDBACK_SUBMIT', NULL, NULL, 'UID11', CURRENT_TIMESTAMP, CURRENT_TIMESTAMP, CURRENT_TIMESTAMP, '0');
INSERT INTO `groupactionlimit` (`id`, `Group_id`, `Action_id`, `LimitType_id`, `value`, `createdby`, `createdts`, `lastmodifiedts`, `synctimestamp`, `softdeleteflag`) VALUES ('4e5ff5d1-e360-4b2f-8fd7-4bfe34ed64ec', 'GROUP_AUTHORIZER', 'PROFILE_SETTINGS_VIEW', NULL, NULL, 'UID11', CURRENT_TIMESTAMP, CURRENT_TIMESTAMP, CURRENT_TIMESTAMP, '0');
INSERT INTO `groupactionlimit` (`id`, `Group_id`, `Action_id`, `LimitType_id`, `value`, `createdby`, `createdts`, `lastmodifiedts`, `synctimestamp`, `softdeleteflag`) VALUES ('fcd59252-2a64-48d9-82f0-384683a1f369', 'GROUP_AUTHORIZER', 'PROFILE_SETTINGS_UPDATE', NULL, NULL, 'UID11', CURRENT_TIMESTAMP, CURRENT_TIMESTAMP, CURRENT_TIMESTAMP, '0');
INSERT INTO `groupactionlimit` (`id`, `Group_id`, `Action_id`, `LimitType_id`, `value`, `createdby`, `createdts`, `lastmodifiedts`, `synctimestamp`, `softdeleteflag`) VALUES ('713a125e-104e-44df-bcf0-d964749ba42d', 'GROUP_AUTHORIZER', 'MESSAGES_VIEW', NULL, NULL, 'UID11', CURRENT_TIMESTAMP, CURRENT_TIMESTAMP, CURRENT_TIMESTAMP, '0');
INSERT INTO `groupactionlimit` (`id`, `Group_id`, `Action_id`, `LimitType_id`, `value`, `createdby`, `createdts`, `lastmodifiedts`, `synctimestamp`, `softdeleteflag`) VALUES ('47b09f68-8850-45b7-a5da-5c6f0eef9082', 'GROUP_AUTHORIZER', 'MESSAGES_DELETE', NULL, NULL, 'UID11', CURRENT_TIMESTAMP, CURRENT_TIMESTAMP, CURRENT_TIMESTAMP, '0');
INSERT INTO `groupactionlimit` (`id`, `Group_id`, `Action_id`, `LimitType_id`, `value`, `createdby`, `createdts`, `lastmodifiedts`, `synctimestamp`, `softdeleteflag`) VALUES ('bc18f663-bf13-40c6-948c-f6c2006aa3dc', 'GROUP_AUTHORIZER', 'MESSAGES_REPLY', NULL, NULL, 'UID11', CURRENT_TIMESTAMP, CURRENT_TIMESTAMP, CURRENT_TIMESTAMP, '0');
INSERT INTO `groupactionlimit` (`id`, `Group_id`, `Action_id`, `LimitType_id`, `value`, `createdby`, `createdts`, `lastmodifiedts`, `synctimestamp`, `softdeleteflag`) VALUES ('41a8cd14-5ce4-47ad-a5de-fe77d2662c23', 'GROUP_AUTHORIZER', 'NOTIFICATION_VIEW', NULL, NULL, 'UID11', CURRENT_TIMESTAMP, CURRENT_TIMESTAMP, CURRENT_TIMESTAMP, '0');
INSERT INTO `groupactionlimit` (`id`, `Group_id`, `Action_id`, `LimitType_id`, `value`, `createdby`, `createdts`, `lastmodifiedts`, `synctimestamp`, `softdeleteflag`) VALUES ('0cb8bff1-f209-4b38-a195-37c61534b97c', 'GROUP_AUTHORIZER', 'NOTIFICATION_UPDATE', NULL, NULL, 'UID11', CURRENT_TIMESTAMP, CURRENT_TIMESTAMP, CURRENT_TIMESTAMP, '0');
INSERT INTO `groupactionlimit` (`id`, `Group_id`, `Action_id`, `LimitType_id`, `value`, `createdby`, `createdts`, `lastmodifiedts`, `synctimestamp`, `softdeleteflag`) VALUES ('3b7cab69-b3c9-4115-bb19-1f382745ba1f', 'GROUP_AUTHORIZER', 'BILL_PAY_BULK', NULL, NULL, 'UID11', CURRENT_TIMESTAMP, CURRENT_TIMESTAMP, CURRENT_TIMESTAMP, '0');
INSERT INTO `groupactionlimit` (`id`, `Group_id`, `Action_id`, `LimitType_id`, `value`, `createdby`, `createdts`, `lastmodifiedts`, `synctimestamp`, `softdeleteflag`) VALUES ('e17ac682-d084-4846-afca-9d57ca0c3e5f', 'GROUP_AUTHORIZER', 'BILL_PAY_ACTIVATE_OR_DEACTIVATE', NULL, NULL, 'UID11', CURRENT_TIMESTAMP, CURRENT_TIMESTAMP, CURRENT_TIMESTAMP, '0');
INSERT INTO `groupactionlimit` (`id`, `Group_id`, `Action_id`, `LimitType_id`, `value`, `createdby`, `createdts`, `lastmodifiedts`, `synctimestamp`, `softdeleteflag`) VALUES ('edaa14cb-3cbb-4fe0-877a-476147500793', 'GROUP_AUTHORIZER', 'APPLICANT_MANAGEMENT_CREATE', NULL, NULL, 'UID11', CURRENT_TIMESTAMP, CURRENT_TIMESTAMP, CURRENT_TIMESTAMP, '0');
INSERT INTO `groupactionlimit` (`id`, `Group_id`, `Action_id`, `LimitType_id`, `value`, `createdby`, `createdts`, `lastmodifiedts`, `synctimestamp`, `softdeleteflag`) VALUES ('c6ffbb50-2628-4c96-a756-345256b9995c', 'GROUP_AUTHORIZER', 'TRANSACTION_MANAGEMENT_DELETE', NULL, NULL, 'UID11', CURRENT_TIMESTAMP, CURRENT_TIMESTAMP, CURRENT_TIMESTAMP, '0');
INSERT INTO `groupactionlimit` (`id`, `Group_id`, `Action_id`, `LimitType_id`, `value`, `createdby`, `createdts`, `lastmodifiedts`, `synctimestamp`, `softdeleteflag`) VALUES ('597fdf9c-9518-411c-9873-65e07baaf31a', 'GROUP_AUTHORIZER', 'RECIPIENT_MANAGEMENT_VIEW', NULL, NULL, 'UID11', CURRENT_TIMESTAMP, CURRENT_TIMESTAMP, CURRENT_TIMESTAMP, '0');
INSERT INTO `groupactionlimit` (`id`, `Group_id`, `Action_id`, `LimitType_id`, `value`, `createdby`, `createdts`, `lastmodifiedts`, `synctimestamp`, `softdeleteflag`) VALUES ('3995f04e-4cd2-4dff-a678-4b4d4c794867', 'GROUP_CREATOR', 'INTRA_BANK_FUND_TRANSFER_CREATE', 'MAX_TRANSACTION_LIMIT', '100000.00', 'UID11', CURRENT_TIMESTAMP, CURRENT_TIMESTAMP, CURRENT_TIMESTAMP, '0');
INSERT INTO `groupactionlimit` (`id`, `Group_id`, `Action_id`, `LimitType_id`, `value`, `createdby`, `createdts`, `lastmodifiedts`, `synctimestamp`, `softdeleteflag`) VALUES ('9a3b3ec4-f431-49b5-8eb2-35e786b4f24c', 'GROUP_CREATOR', 'INTRA_BANK_FUND_TRANSFER_CREATE', 'DAILY_LIMIT', '200000.00', 'UID11', CURRENT_TIMESTAMP, CURRENT_TIMESTAMP, CURRENT_TIMESTAMP, '0');
INSERT INTO `groupactionlimit` (`id`, `Group_id`, `Action_id`, `LimitType_id`, `value`, `createdby`, `createdts`, `lastmodifiedts`, `synctimestamp`, `softdeleteflag`) VALUES ('4c749673-891b-4a3c-8e51-f61f5e260c84', 'GROUP_CREATOR', 'INTRA_BANK_FUND_TRANSFER_CREATE', 'WEEKLY_LIMIT', '1000000.00', 'UID11', CURRENT_TIMESTAMP, CURRENT_TIMESTAMP, CURRENT_TIMESTAMP, '0');
INSERT INTO `groupactionlimit` (`id`, `Group_id`, `Action_id`, `LimitType_id`, `value`, `createdby`, `createdts`, `lastmodifiedts`, `synctimestamp`, `softdeleteflag`) VALUES ('4171e2cb-c96d-48b3-892c-5142ffd2783c', 'GROUP_CREATOR', 'PAYEE_MANAGEMENT_VIEW', NULL, NULL, 'UID11', CURRENT_TIMESTAMP, CURRENT_TIMESTAMP, CURRENT_TIMESTAMP, '0');
INSERT INTO `groupactionlimit` (`id`, `Group_id`, `Action_id`, `LimitType_id`, `value`, `createdby`, `createdts`, `lastmodifiedts`, `synctimestamp`, `softdeleteflag`) VALUES ('42e3fed2-c317-49b3-89e4-5f7a558e283b', 'GROUP_CREATOR', 'PAYEE_MANAGEMENT_CREATE', NULL, NULL, 'UID11', CURRENT_TIMESTAMP, CURRENT_TIMESTAMP, CURRENT_TIMESTAMP, '0');
INSERT INTO `groupactionlimit` (`id`, `Group_id`, `Action_id`, `LimitType_id`, `value`, `createdby`, `createdts`, `lastmodifiedts`, `synctimestamp`, `softdeleteflag`) VALUES ('582a65af-7ef4-4ed1-b465-ca880534c7f4', 'GROUP_CREATOR', 'PAYEE_MANAGEMENT_EDIT', NULL, NULL, 'UID11', CURRENT_TIMESTAMP, CURRENT_TIMESTAMP, CURRENT_TIMESTAMP, '0');
INSERT INTO `groupactionlimit` (`id`, `Group_id`, `Action_id`, `LimitType_id`, `value`, `createdby`, `createdts`, `lastmodifiedts`, `synctimestamp`, `softdeleteflag`) VALUES ('a234db5f-aecf-49b1-95d5-c6877762e2fc', 'GROUP_CREATOR', 'PAYEE_MANAGEMENT_DELETE', NULL, NULL, 'UID11', CURRENT_TIMESTAMP, CURRENT_TIMESTAMP, CURRENT_TIMESTAMP, '0');
INSERT INTO `groupactionlimit` (`id`, `Group_id`, `Action_id`, `LimitType_id`, `value`, `createdby`, `createdts`, `lastmodifiedts`, `synctimestamp`, `softdeleteflag`) VALUES ('3a6e01b2-06f9-4724-aa95-7c227ccffb5f', 'GROUP_CREATOR', 'RESET_SECURITY_QUESTIONS', NULL, NULL, 'UID11', CURRENT_TIMESTAMP, CURRENT_TIMESTAMP, CURRENT_TIMESTAMP, '0');
INSERT INTO `groupactionlimit` (`id`, `Group_id`, `Action_id`, `LimitType_id`, `value`, `createdby`, `createdts`, `lastmodifiedts`, `synctimestamp`, `softdeleteflag`) VALUES ('4de857e1-05ef-4ffd-b484-6ce0ff1fddcf', 'GROUP_CREATOR', 'TRANSFER_BETWEEN_OWN_ACCOUNT_CREATE', 'MAX_TRANSACTION_LIMIT', '100000.00', 'UID11', CURRENT_TIMESTAMP, CURRENT_TIMESTAMP, CURRENT_TIMESTAMP, '0');
INSERT INTO `groupactionlimit` (`id`, `Group_id`, `Action_id`, `LimitType_id`, `value`, `createdby`, `createdts`, `lastmodifiedts`, `synctimestamp`, `softdeleteflag`) VALUES ('681ae3f0-a1cb-4e89-a972-4d43ee8688d9', 'GROUP_CREATOR', 'TRANSFER_BETWEEN_OWN_ACCOUNT_CREATE', 'DAILY_LIMIT', '200000.00', 'UID11', CURRENT_TIMESTAMP, CURRENT_TIMESTAMP, CURRENT_TIMESTAMP, '0');
INSERT INTO `groupactionlimit` (`id`, `Group_id`, `Action_id`, `LimitType_id`, `value`, `createdby`, `createdts`, `lastmodifiedts`, `synctimestamp`, `softdeleteflag`) VALUES ('d0009aee-495c-4887-8015-7fa6b30901c2', 'GROUP_CREATOR', 'TRANSFER_BETWEEN_OWN_ACCOUNT_CREATE', 'WEEKLY_LIMIT', '1000000.00', 'UID11', CURRENT_TIMESTAMP, CURRENT_TIMESTAMP, CURRENT_TIMESTAMP, '0');
INSERT INTO `groupactionlimit` (`id`, `Group_id`, `Action_id`, `LimitType_id`, `value`, `createdby`, `createdts`, `lastmodifiedts`, `synctimestamp`, `softdeleteflag`) VALUES ('f75b4d18-16ef-449b-8a7a-ec4540db549d', 'GROUP_CREATOR', 'DOMESTIC_WIRE_TRANSFER_CREATE', 'MAX_TRANSACTION_LIMIT', '100000.00', 'UID11', CURRENT_TIMESTAMP, CURRENT_TIMESTAMP, CURRENT_TIMESTAMP, '0');
INSERT INTO `groupactionlimit` (`id`, `Group_id`, `Action_id`, `LimitType_id`, `value`, `createdby`, `createdts`, `lastmodifiedts`, `synctimestamp`, `softdeleteflag`) VALUES ('8ad8905f-d190-4ed6-9446-311908237c5b', 'GROUP_CREATOR', 'DOMESTIC_WIRE_TRANSFER_CREATE', 'DAILY_LIMIT', '200000.00', 'UID11', CURRENT_TIMESTAMP, CURRENT_TIMESTAMP, CURRENT_TIMESTAMP, '0');
INSERT INTO `groupactionlimit` (`id`, `Group_id`, `Action_id`, `LimitType_id`, `value`, `createdby`, `createdts`, `lastmodifiedts`, `synctimestamp`, `softdeleteflag`) VALUES ('666563b8-3837-4c05-8533-f2bc3e0c3c9c', 'GROUP_CREATOR', 'DOMESTIC_WIRE_TRANSFER_CREATE', 'WEEKLY_LIMIT', '1000000.00', 'UID11', CURRENT_TIMESTAMP, CURRENT_TIMESTAMP, CURRENT_TIMESTAMP, '0');
INSERT INTO `groupactionlimit` (`id`, `Group_id`, `Action_id`, `LimitType_id`, `value`, `createdby`, `createdts`, `lastmodifiedts`, `synctimestamp`, `softdeleteflag`) VALUES ('26e5f823-eae7-40a2-aa87-69019c033345', 'GROUP_CREATOR', 'INTERNATIONAL_WIRE_TRANSFER_CREATE', 'MAX_TRANSACTION_LIMIT', '100000.00', 'UID11', CURRENT_TIMESTAMP, CURRENT_TIMESTAMP, CURRENT_TIMESTAMP, '0');
INSERT INTO `groupactionlimit` (`id`, `Group_id`, `Action_id`, `LimitType_id`, `value`, `createdby`, `createdts`, `lastmodifiedts`, `synctimestamp`, `softdeleteflag`) VALUES ('5e3ae861-1145-4d98-a5b1-5ac0f438f27a', 'GROUP_CREATOR', 'INTERNATIONAL_WIRE_TRANSFER_CREATE', 'DAILY_LIMIT', '200000.00', 'UID11', CURRENT_TIMESTAMP, CURRENT_TIMESTAMP, CURRENT_TIMESTAMP, '0');
INSERT INTO `groupactionlimit` (`id`, `Group_id`, `Action_id`, `LimitType_id`, `value`, `createdby`, `createdts`, `lastmodifiedts`, `synctimestamp`, `softdeleteflag`) VALUES ('6277e9e3-68da-4ffd-8a10-e48d03dbeab6', 'GROUP_CREATOR', 'INTERNATIONAL_WIRE_TRANSFER_CREATE', 'WEEKLY_LIMIT', '1000000.00', 'UID11', CURRENT_TIMESTAMP, CURRENT_TIMESTAMP, CURRENT_TIMESTAMP, '0');
INSERT INTO `groupactionlimit` (`id`, `Group_id`, `Action_id`, `LimitType_id`, `value`, `createdby`, `createdts`, `lastmodifiedts`, `synctimestamp`, `softdeleteflag`) VALUES ('c7aa5328-acfe-43ee-a871-02d382f10713', 'GROUP_CREATOR', 'BILL_PAY_CREATE', 'MAX_TRANSACTION_LIMIT', '100000.00', 'UID11', CURRENT_TIMESTAMP, CURRENT_TIMESTAMP, CURRENT_TIMESTAMP, '0');
INSERT INTO `groupactionlimit` (`id`, `Group_id`, `Action_id`, `LimitType_id`, `value`, `createdby`, `createdts`, `lastmodifiedts`, `synctimestamp`, `softdeleteflag`) VALUES ('2170f33b-7a98-4532-b98c-00ee006d0135', 'GROUP_CREATOR', 'BILL_PAY_CREATE', 'DAILY_LIMIT', '200000.00', 'UID11', CURRENT_TIMESTAMP, CURRENT_TIMESTAMP, CURRENT_TIMESTAMP, '0');
INSERT INTO `groupactionlimit` (`id`, `Group_id`, `Action_id`, `LimitType_id`, `value`, `createdby`, `createdts`, `lastmodifiedts`, `synctimestamp`, `softdeleteflag`) VALUES ('9508ec5f-4b5f-407f-b6bc-37434cee7ace', 'GROUP_CREATOR', 'BILL_PAY_CREATE', 'WEEKLY_LIMIT', '1000000.00', 'UID11', CURRENT_TIMESTAMP, CURRENT_TIMESTAMP, CURRENT_TIMESTAMP, '0');
INSERT INTO `groupactionlimit` (`id`, `Group_id`, `Action_id`, `LimitType_id`, `value`, `createdby`, `createdts`, `lastmodifiedts`, `synctimestamp`, `softdeleteflag`) VALUES ('e67b9c69-aeb8-4d48-8056-b1c0c0aa10e6', 'GROUP_CREATOR', 'INTRA_BANK_FUND_TRANSFER_VIEW', NULL, NULL, 'UID11', CURRENT_TIMESTAMP, CURRENT_TIMESTAMP, CURRENT_TIMESTAMP, '0');
INSERT INTO `groupactionlimit` (`id`, `Group_id`, `Action_id`, `LimitType_id`, `value`, `createdby`, `createdts`, `lastmodifiedts`, `synctimestamp`, `softdeleteflag`) VALUES ('3c16f30c-a887-4657-b654-282601871724', 'GROUP_CREATOR', 'INTRA_BANK_FUND_TRANSFER_MANAGE_PAYEES', NULL, NULL, 'UID11', CURRENT_TIMESTAMP, CURRENT_TIMESTAMP, CURRENT_TIMESTAMP, '0');
INSERT INTO `groupactionlimit` (`id`, `Group_id`, `Action_id`, `LimitType_id`, `value`, `createdby`, `createdts`, `lastmodifiedts`, `synctimestamp`, `softdeleteflag`) VALUES ('9825e9db-d9ff-4af5-b8d4-20f2ec7ba246', 'GROUP_CREATOR', 'TRANSFER_BETWEEN_OWN_ACCOUNT_MANAGE_PAYEES', NULL, NULL, 'UID11', CURRENT_TIMESTAMP, CURRENT_TIMESTAMP, CURRENT_TIMESTAMP, '0');
INSERT INTO `groupactionlimit` (`id`, `Group_id`, `Action_id`, `LimitType_id`, `value`, `createdby`, `createdts`, `lastmodifiedts`, `synctimestamp`, `softdeleteflag`) VALUES ('16ed1893-74fd-4fe5-a0fa-f2679f9b7fd5', 'GROUP_CREATOR', 'DOMESTIC_WIRE_TRANSFER_VIEW', NULL, NULL, 'UID11', CURRENT_TIMESTAMP, CURRENT_TIMESTAMP, CURRENT_TIMESTAMP, '0');
INSERT INTO `groupactionlimit` (`id`, `Group_id`, `Action_id`, `LimitType_id`, `value`, `createdby`, `createdts`, `lastmodifiedts`, `synctimestamp`, `softdeleteflag`) VALUES ('22fed91c-175d-4fcb-9077-4cdeb2766ef7', 'GROUP_CREATOR', 'DOMESTIC_WIRE_TRANSFER_MANAGE_PAYEES', NULL, NULL, 'UID11', CURRENT_TIMESTAMP, CURRENT_TIMESTAMP, CURRENT_TIMESTAMP, '0');
INSERT INTO `groupactionlimit` (`id`, `Group_id`, `Action_id`, `LimitType_id`, `value`, `createdby`, `createdts`, `lastmodifiedts`, `synctimestamp`, `softdeleteflag`) VALUES ('a2659e31-8da2-4a75-ac81-876931fe2e19', 'GROUP_CREATOR', 'INTERNATIONAL_WIRE_TRANSFER_VIEW', NULL, NULL, 'UID11', CURRENT_TIMESTAMP, CURRENT_TIMESTAMP, CURRENT_TIMESTAMP, '0');
INSERT INTO `groupactionlimit` (`id`, `Group_id`, `Action_id`, `LimitType_id`, `value`, `createdby`, `createdts`, `lastmodifiedts`, `synctimestamp`, `softdeleteflag`) VALUES ('5e828932-b7cd-4113-ab14-2eb0095b9c85', 'GROUP_CREATOR', 'INTERNATIONAL_WIRE_TRANSFER_MANAGE_PAYEES', NULL, NULL, 'UID11', CURRENT_TIMESTAMP, CURRENT_TIMESTAMP, CURRENT_TIMESTAMP, '0');
INSERT INTO `groupactionlimit` (`id`, `Group_id`, `Action_id`, `LimitType_id`, `value`, `createdby`, `createdts`, `lastmodifiedts`, `synctimestamp`, `softdeleteflag`) VALUES ('56eb0086-f153-4a9b-9385-95591928775c', 'GROUP_CREATOR', 'BILL_PAY_VIEW', NULL, NULL, 'UID11', CURRENT_TIMESTAMP, CURRENT_TIMESTAMP, CURRENT_TIMESTAMP, '0');
INSERT INTO `groupactionlimit` (`id`, `Group_id`, `Action_id`, `LimitType_id`, `value`, `createdby`, `createdts`, `lastmodifiedts`, `synctimestamp`, `softdeleteflag`) VALUES ('6bbd29a5-66d8-4b6a-8aac-9ddff406a524', 'GROUP_CREATOR', 'BILL_PAY_MANAGE_PAYEES', NULL, NULL, 'UID11', CURRENT_TIMESTAMP, CURRENT_TIMESTAMP, CURRENT_TIMESTAMP, '0');
INSERT INTO `groupactionlimit` (`id`, `Group_id`, `Action_id`, `LimitType_id`, `value`, `createdby`, `createdts`, `lastmodifiedts`, `synctimestamp`, `softdeleteflag`) VALUES ('054d4f69-3e4a-4c18-ac56-85845e34715f', 'GROUP_CREATOR', 'TRANSFER_BETWEEN_OWN_ACCOUNT_VIEW', NULL, NULL, 'UID11', CURRENT_TIMESTAMP, CURRENT_TIMESTAMP, CURRENT_TIMESTAMP, '0');
INSERT INTO `groupactionlimit` (`id`, `Group_id`, `Action_id`, `LimitType_id`, `value`, `createdby`, `createdts`, `lastmodifiedts`, `synctimestamp`, `softdeleteflag`) VALUES ('1fa51be5-4f35-4c9b-9889-12c1684eb381', 'GROUP_CREATOR', 'ACH_PAYMENT_CREATE', 'MAX_TRANSACTION_LIMIT', '100000.00', 'UID11', CURRENT_TIMESTAMP, CURRENT_TIMESTAMP, CURRENT_TIMESTAMP, '0');
INSERT INTO `groupactionlimit` (`id`, `Group_id`, `Action_id`, `LimitType_id`, `value`, `createdby`, `createdts`, `lastmodifiedts`, `synctimestamp`, `softdeleteflag`) VALUES ('0ce76fd8-f888-4fab-a8fa-934487988840', 'GROUP_CREATOR', 'ACH_PAYMENT_CREATE', 'DAILY_LIMIT', '200000.00', 'UID11', CURRENT_TIMESTAMP, CURRENT_TIMESTAMP, CURRENT_TIMESTAMP, '0');
INSERT INTO `groupactionlimit` (`id`, `Group_id`, `Action_id`, `LimitType_id`, `value`, `createdby`, `createdts`, `lastmodifiedts`, `synctimestamp`, `softdeleteflag`) VALUES ('17474da9-eedc-4f8a-8668-6b6204d8171d', 'GROUP_CREATOR', 'ACH_PAYMENT_CREATE', 'WEEKLY_LIMIT', '1000000.00', 'UID11', CURRENT_TIMESTAMP, CURRENT_TIMESTAMP, CURRENT_TIMESTAMP, '0');
INSERT INTO `groupactionlimit` (`id`, `Group_id`, `Action_id`, `LimitType_id`, `value`, `createdby`, `createdts`, `lastmodifiedts`, `synctimestamp`, `softdeleteflag`) VALUES ('cbd784ba-339f-4986-b185-ceb47ad95e16', 'GROUP_CREATOR', 'ACH_COLLECTION_CREATE', 'MAX_TRANSACTION_LIMIT', '100000.00', 'UID11', CURRENT_TIMESTAMP, CURRENT_TIMESTAMP, CURRENT_TIMESTAMP, '0');
INSERT INTO `groupactionlimit` (`id`, `Group_id`, `Action_id`, `LimitType_id`, `value`, `createdby`, `createdts`, `lastmodifiedts`, `synctimestamp`, `softdeleteflag`) VALUES ('63bf97a9-da7a-468c-987e-0f33c25c6722', 'GROUP_CREATOR', 'ACH_COLLECTION_CREATE', 'DAILY_LIMIT', '200000.00', 'UID11', CURRENT_TIMESTAMP, CURRENT_TIMESTAMP, CURRENT_TIMESTAMP, '0');
INSERT INTO `groupactionlimit` (`id`, `Group_id`, `Action_id`, `LimitType_id`, `value`, `createdby`, `createdts`, `lastmodifiedts`, `synctimestamp`, `softdeleteflag`) VALUES ('5fbae484-cc3a-41c5-b8f6-3edf93f0c23e', 'GROUP_CREATOR', 'ACH_COLLECTION_CREATE', 'WEEKLY_LIMIT', '1000000.00', 'UID11', CURRENT_TIMESTAMP, CURRENT_TIMESTAMP, CURRENT_TIMESTAMP, '0');
INSERT INTO `groupactionlimit` (`id`, `Group_id`, `Action_id`, `LimitType_id`, `value`, `createdby`, `createdts`, `lastmodifiedts`, `synctimestamp`, `softdeleteflag`) VALUES ('c941d1f8-d40e-46ed-a881-968ec3edd567', 'GROUP_CREATOR', 'ACH_PAYMENT_VIEW', NULL, NULL, 'UID11', CURRENT_TIMESTAMP, CURRENT_TIMESTAMP, CURRENT_TIMESTAMP, '0');
INSERT INTO `groupactionlimit` (`id`, `Group_id`, `Action_id`, `LimitType_id`, `value`, `createdby`, `createdts`, `lastmodifiedts`, `synctimestamp`, `softdeleteflag`) VALUES ('3e852f6a-436a-411d-89ff-4436cb86879b', 'GROUP_CREATOR', 'ACH_PAYMENT_MANAGE_PAYEES', NULL, NULL, 'UID11', CURRENT_TIMESTAMP, CURRENT_TIMESTAMP, CURRENT_TIMESTAMP, '0');
INSERT INTO `groupactionlimit` (`id`, `Group_id`, `Action_id`, `LimitType_id`, `value`, `createdby`, `createdts`, `lastmodifiedts`, `synctimestamp`, `softdeleteflag`) VALUES ('6feab160-da00-456a-ad04-afbabd817611', 'GROUP_CREATOR', 'ACH_COLLECTION_VIEW', NULL, NULL, 'UID11', CURRENT_TIMESTAMP, CURRENT_TIMESTAMP, CURRENT_TIMESTAMP, '0');
INSERT INTO `groupactionlimit` (`id`, `Group_id`, `Action_id`, `LimitType_id`, `value`, `createdby`, `createdts`, `lastmodifiedts`, `synctimestamp`, `softdeleteflag`) VALUES ('29aedcb5-6a95-448c-b0d9-b010d7cc152d', 'GROUP_CREATOR', 'ACH_COLLECTION_MANAGE_PAYEE', NULL, NULL, 'UID11', CURRENT_TIMESTAMP, CURRENT_TIMESTAMP, CURRENT_TIMESTAMP, '0');
INSERT INTO `groupactionlimit` (`id`, `Group_id`, `Action_id`, `LimitType_id`, `value`, `createdby`, `createdts`, `lastmodifiedts`, `synctimestamp`, `softdeleteflag`) VALUES ('8ce0ea7c-9676-4412-b902-92213882b6ee', 'GROUP_CREATOR', 'INTER_BANK_ACCOUNT_FUND_TRANSFER_CREATE', 'MAX_TRANSACTION_LIMIT', '100000.00', 'UID11', CURRENT_TIMESTAMP, CURRENT_TIMESTAMP, CURRENT_TIMESTAMP, '0');
INSERT INTO `groupactionlimit` (`id`, `Group_id`, `Action_id`, `LimitType_id`, `value`, `createdby`, `createdts`, `lastmodifiedts`, `synctimestamp`, `softdeleteflag`) VALUES ('7e942da6-da5d-4a54-9aaa-68d19e810eca', 'GROUP_CREATOR', 'INTER_BANK_ACCOUNT_FUND_TRANSFER_CREATE', 'DAILY_LIMIT', '200000.00', 'UID11', CURRENT_TIMESTAMP, CURRENT_TIMESTAMP, CURRENT_TIMESTAMP, '0');
INSERT INTO `groupactionlimit` (`id`, `Group_id`, `Action_id`, `LimitType_id`, `value`, `createdby`, `createdts`, `lastmodifiedts`, `synctimestamp`, `softdeleteflag`) VALUES ('ab39ceaf-b3ea-4053-9f0b-5aa6b28dd34b', 'GROUP_CREATOR', 'INTER_BANK_ACCOUNT_FUND_TRANSFER_CREATE', 'WEEKLY_LIMIT', '1000000.00', 'UID11', CURRENT_TIMESTAMP, CURRENT_TIMESTAMP, CURRENT_TIMESTAMP, '0');
INSERT INTO `groupactionlimit` (`id`, `Group_id`, `Action_id`, `LimitType_id`, `value`, `createdby`, `createdts`, `lastmodifiedts`, `synctimestamp`, `softdeleteflag`) VALUES ('9e68031e-c1fc-4ded-ab65-c0702a086351', 'GROUP_CREATOR', 'INTERNATIONAL_ACCOUNT_FUND_TRANSFER_CREATE', 'MAX_TRANSACTION_LIMIT', '100000.00', 'UID11', CURRENT_TIMESTAMP, CURRENT_TIMESTAMP, CURRENT_TIMESTAMP, '0');
INSERT INTO `groupactionlimit` (`id`, `Group_id`, `Action_id`, `LimitType_id`, `value`, `createdby`, `createdts`, `lastmodifiedts`, `synctimestamp`, `softdeleteflag`) VALUES ('fff3ab18-e95e-4c2c-ac42-f750e1087efc', 'GROUP_CREATOR', 'INTERNATIONAL_ACCOUNT_FUND_TRANSFER_CREATE', 'DAILY_LIMIT', '200000.00', 'UID11', CURRENT_TIMESTAMP, CURRENT_TIMESTAMP, CURRENT_TIMESTAMP, '0');
INSERT INTO `groupactionlimit` (`id`, `Group_id`, `Action_id`, `LimitType_id`, `value`, `createdby`, `createdts`, `lastmodifiedts`, `synctimestamp`, `softdeleteflag`) VALUES ('9ea53708-b54c-4998-a854-033fee3a0bad', 'GROUP_CREATOR', 'INTERNATIONAL_ACCOUNT_FUND_TRANSFER_CREATE', 'WEEKLY_LIMIT', '1000000.00', 'UID11', CURRENT_TIMESTAMP, CURRENT_TIMESTAMP, CURRENT_TIMESTAMP, '0');
INSERT INTO `groupactionlimit` (`id`, `Group_id`, `Action_id`, `LimitType_id`, `value`, `createdby`, `createdts`, `lastmodifiedts`, `synctimestamp`, `softdeleteflag`) VALUES ('8edce9dc-76a2-4154-8441-68b2a6f7b531', 'GROUP_CREATOR', 'INTER_BANK_ACCOUNT_FUND_TRANSFER_VIEW', NULL, NULL, 'UID11', CURRENT_TIMESTAMP, CURRENT_TIMESTAMP, CURRENT_TIMESTAMP, '0');
INSERT INTO `groupactionlimit` (`id`, `Group_id`, `Action_id`, `LimitType_id`, `value`, `createdby`, `createdts`, `lastmodifiedts`, `synctimestamp`, `softdeleteflag`) VALUES ('5f0e2552-600b-417e-b2e9-69bb4b895e14', 'GROUP_CREATOR', 'INTER_BANK_ACCOUNT_FUND_TRANSFER_MANAGE_PAYEE', NULL, NULL, 'UID11', CURRENT_TIMESTAMP, CURRENT_TIMESTAMP, CURRENT_TIMESTAMP, '0');
INSERT INTO `groupactionlimit` (`id`, `Group_id`, `Action_id`, `LimitType_id`, `value`, `createdby`, `createdts`, `lastmodifiedts`, `synctimestamp`, `softdeleteflag`) VALUES ('470ab922-e9a9-45c7-a2a8-07304ccf9969', 'GROUP_CREATOR', 'INTERNATIONAL_ACCOUNT_FUND_TRANSFER_VIEW', NULL, NULL, 'UID11', CURRENT_TIMESTAMP, CURRENT_TIMESTAMP, CURRENT_TIMESTAMP, '0');
INSERT INTO `groupactionlimit` (`id`, `Group_id`, `Action_id`, `LimitType_id`, `value`, `createdby`, `createdts`, `lastmodifiedts`, `synctimestamp`, `softdeleteflag`) VALUES ('dad3b0ee-64a7-4ece-a85f-e719894a9cc5', 'GROUP_CREATOR', 'INTERNATIONAL_ACCOUNT_FUND_TRANSFER_MANAGE_PAYEES', NULL, NULL, 'UID11', CURRENT_TIMESTAMP, CURRENT_TIMESTAMP, CURRENT_TIMESTAMP, '0');
INSERT INTO `groupactionlimit` (`id`, `Group_id`, `Action_id`, `LimitType_id`, `value`, `createdby`, `createdts`, `lastmodifiedts`, `synctimestamp`, `softdeleteflag`) VALUES ('3d7c885d-d38b-4560-a93b-20f0868741d7', 'GROUP_CREATOR', 'CARD_MANAGEMENT_LOCK_CARD', NULL, NULL, 'UID11', CURRENT_TIMESTAMP, CURRENT_TIMESTAMP, CURRENT_TIMESTAMP, '0');
INSERT INTO `groupactionlimit` (`id`, `Group_id`, `Action_id`, `LimitType_id`, `value`, `createdby`, `createdts`, `lastmodifiedts`, `synctimestamp`, `softdeleteflag`) VALUES ('2a602037-046a-40eb-8064-9b115a55a4e4', 'GROUP_CREATOR', 'CARD_MANAGEMENT_UNLOCK_CARD', NULL, NULL, 'UID11', CURRENT_TIMESTAMP, CURRENT_TIMESTAMP, CURRENT_TIMESTAMP, '0');
INSERT INTO `groupactionlimit` (`id`, `Group_id`, `Action_id`, `LimitType_id`, `value`, `createdby`, `createdts`, `lastmodifiedts`, `synctimestamp`, `softdeleteflag`) VALUES ('1b352c99-119d-4a6a-9461-ba1522874b88', 'GROUP_CREATOR', 'CARD_MANAGEMENT_REPLACE_CARD', NULL, NULL, 'UID11', CURRENT_TIMESTAMP, CURRENT_TIMESTAMP, CURRENT_TIMESTAMP, '0');
INSERT INTO `groupactionlimit` (`id`, `Group_id`, `Action_id`, `LimitType_id`, `value`, `createdby`, `createdts`, `lastmodifiedts`, `synctimestamp`, `softdeleteflag`) VALUES ('8091fb53-7f0f-414e-8860-693949308ca3', 'GROUP_CREATOR', 'CARD_MANAGEMENT_CHANGE_PIN', NULL, NULL, 'UID11', CURRENT_TIMESTAMP, CURRENT_TIMESTAMP, CURRENT_TIMESTAMP, '0');
INSERT INTO `groupactionlimit` (`id`, `Group_id`, `Action_id`, `LimitType_id`, `value`, `createdby`, `createdts`, `lastmodifiedts`, `synctimestamp`, `softdeleteflag`) VALUES ('9f32fa40-384c-4e3f-8cbe-020f0609e3ac', 'GROUP_CREATOR', 'MESSAGES_CREATE', NULL, NULL, 'UID11', CURRENT_TIMESTAMP, CURRENT_TIMESTAMP, CURRENT_TIMESTAMP, '0');
INSERT INTO `groupactionlimit` (`id`, `Group_id`, `Action_id`, `LimitType_id`, `value`, `createdby`, `createdts`, `lastmodifiedts`, `synctimestamp`, `softdeleteflag`) VALUES ('3167abd3-694e-4646-89c9-4d5c88292f8b', 'GROUP_CREATOR', 'FEEDBACK_SUBMIT', NULL, NULL, 'UID11', CURRENT_TIMESTAMP, CURRENT_TIMESTAMP, CURRENT_TIMESTAMP, '0');
INSERT INTO `groupactionlimit` (`id`, `Group_id`, `Action_id`, `LimitType_id`, `value`, `createdby`, `createdts`, `lastmodifiedts`, `synctimestamp`, `softdeleteflag`) VALUES ('0e40c74f-e7e9-4c8c-9934-fc004c735e50', 'GROUP_CREATOR', 'PROFILE_SETTINGS_VIEW', NULL, NULL, 'UID11', CURRENT_TIMESTAMP, CURRENT_TIMESTAMP, CURRENT_TIMESTAMP, '0');
INSERT INTO `groupactionlimit` (`id`, `Group_id`, `Action_id`, `LimitType_id`, `value`, `createdby`, `createdts`, `lastmodifiedts`, `synctimestamp`, `softdeleteflag`) VALUES ('c42fdd82-bf6d-4231-9985-031815e9f3b4', 'GROUP_CREATOR', 'PROFILE_SETTINGS_UPDATE', NULL, NULL, 'UID11', CURRENT_TIMESTAMP, CURRENT_TIMESTAMP, CURRENT_TIMESTAMP, '0');
INSERT INTO `groupactionlimit` (`id`, `Group_id`, `Action_id`, `LimitType_id`, `value`, `createdby`, `createdts`, `lastmodifiedts`, `synctimestamp`, `softdeleteflag`) VALUES ('89f4fab5-706f-426e-874f-d2af9d06d3e8', 'GROUP_CREATOR', 'MESSAGES_VIEW', NULL, NULL, 'UID11', CURRENT_TIMESTAMP, CURRENT_TIMESTAMP, CURRENT_TIMESTAMP, '0');
INSERT INTO `groupactionlimit` (`id`, `Group_id`, `Action_id`, `LimitType_id`, `value`, `createdby`, `createdts`, `lastmodifiedts`, `synctimestamp`, `softdeleteflag`) VALUES ('ce9c32de-23d7-49bf-8c9c-568ee2433337', 'GROUP_CREATOR', 'MESSAGES_DELETE', NULL, NULL, 'UID11', CURRENT_TIMESTAMP, CURRENT_TIMESTAMP, CURRENT_TIMESTAMP, '0');
INSERT INTO `groupactionlimit` (`id`, `Group_id`, `Action_id`, `LimitType_id`, `value`, `createdby`, `createdts`, `lastmodifiedts`, `synctimestamp`, `softdeleteflag`) VALUES ('2329bdc5-773b-4257-b41e-a94c1a57bb00', 'GROUP_CREATOR', 'MESSAGES_REPLY', NULL, NULL, 'UID11', CURRENT_TIMESTAMP, CURRENT_TIMESTAMP, CURRENT_TIMESTAMP, '0');
INSERT INTO `groupactionlimit` (`id`, `Group_id`, `Action_id`, `LimitType_id`, `value`, `createdby`, `createdts`, `lastmodifiedts`, `synctimestamp`, `softdeleteflag`) VALUES ('103a76d3-6f52-4eef-9fe7-4a77f8efe051', 'GROUP_CREATOR', 'NOTIFICATION_VIEW', NULL, NULL, 'UID11', CURRENT_TIMESTAMP, CURRENT_TIMESTAMP, CURRENT_TIMESTAMP, '0');
INSERT INTO `groupactionlimit` (`id`, `Group_id`, `Action_id`, `LimitType_id`, `value`, `createdby`, `createdts`, `lastmodifiedts`, `synctimestamp`, `softdeleteflag`) VALUES ('604ea616-25f9-4ce1-8b0d-880482ebd8cf', 'GROUP_CREATOR', 'NOTIFICATION_UPDATE', NULL, NULL, 'UID11', CURRENT_TIMESTAMP, CURRENT_TIMESTAMP, CURRENT_TIMESTAMP, '0');
INSERT INTO `groupactionlimit` (`id`, `Group_id`, `Action_id`, `LimitType_id`, `value`, `createdby`, `createdts`, `lastmodifiedts`, `synctimestamp`, `softdeleteflag`) VALUES ('3b7de563-6fcb-45e5-9bc7-2d6402db2e61', 'GROUP_CREATOR', 'BILL_PAY_BULK', NULL, NULL, 'UID11', CURRENT_TIMESTAMP, CURRENT_TIMESTAMP, CURRENT_TIMESTAMP, '0');
INSERT INTO `groupactionlimit` (`id`, `Group_id`, `Action_id`, `LimitType_id`, `value`, `createdby`, `createdts`, `lastmodifiedts`, `synctimestamp`, `softdeleteflag`) VALUES ('b343e004-b92d-483f-8d0a-7e446f3fab6b', 'GROUP_CREATOR', 'BILL_PAY_ACTIVATE_OR_DEACTIVATE', NULL, NULL, 'UID11', CURRENT_TIMESTAMP, CURRENT_TIMESTAMP, CURRENT_TIMESTAMP, '0');
INSERT INTO `groupactionlimit` (`id`, `Group_id`, `Action_id`, `LimitType_id`, `value`, `createdby`, `createdts`, `lastmodifiedts`, `synctimestamp`, `softdeleteflag`) VALUES ('eab72972-d52e-47b6-b4db-bece9b1293d7', 'GROUP_CREATOR', 'APPLICANT_MANAGEMENT_CREATE', NULL, NULL, 'UID11', CURRENT_TIMESTAMP, CURRENT_TIMESTAMP, CURRENT_TIMESTAMP, '0');
INSERT INTO `groupactionlimit` (`id`, `Group_id`, `Action_id`, `LimitType_id`, `value`, `createdby`, `createdts`, `lastmodifiedts`, `synctimestamp`, `softdeleteflag`) VALUES ('21a129c0-c77f-49de-a7a3-235f4ac396a8', 'GROUP_CREATOR', 'TRANSACTION_MANAGEMENT_DELETE', NULL, NULL, 'UID11', CURRENT_TIMESTAMP, CURRENT_TIMESTAMP, CURRENT_TIMESTAMP, '0');
INSERT INTO `groupactionlimit` (`id`, `Group_id`, `Action_id`, `LimitType_id`, `value`, `createdby`, `createdts`, `lastmodifiedts`, `synctimestamp`, `softdeleteflag`) VALUES ('a13a086b-581b-4b05-bad6-9042b81e5dc8', 'GROUP_CREATOR', 'RECIPIENT_MANAGEMENT_VIEW', NULL, NULL, 'UID11', CURRENT_TIMESTAMP, CURRENT_TIMESTAMP, CURRENT_TIMESTAMP, '0');
INSERT INTO `groupactionlimit` (`id`, `Group_id`, `Action_id`, `LimitType_id`, `value`, `createdby`, `modifiedby`, `createdts`, `lastmodifiedts`, `synctimestamp`, `softdeleteflag`) VALUES ('a980fdd5-259c-42bc-8e91-7ad44c1411b9', 'GROUP_MICRO_ADMINISTRATOR', 'INTRA_BANK_FUND_TRANSFER_CREATE', 'MAX_TRANSACTION_LIMIT', '100000.00', 'Kony User', 'Kony User', CURRENT_TIMESTAMP, CURRENT_TIMESTAMP, CURRENT_TIMESTAMP, '0');
INSERT INTO `groupactionlimit` (`id`, `Group_id`, `Action_id`, `LimitType_id`, `value`, `createdby`, `modifiedby`, `createdts`, `lastmodifiedts`, `synctimestamp`, `softdeleteflag`) VALUES ('60b85eb6-6bf9-4b93-b631-7043fe49a865', 'GROUP_MICRO_ADMINISTRATOR', 'INTRA_BANK_FUND_TRANSFER_CREATE', 'DAILY_LIMIT', '200000.00', 'Kony User', 'Kony User', CURRENT_TIMESTAMP, CURRENT_TIMESTAMP, CURRENT_TIMESTAMP, '0');
INSERT INTO `groupactionlimit` (`id`, `Group_id`, `Action_id`, `LimitType_id`, `value`, `createdby`, `modifiedby`, `createdts`, `lastmodifiedts`, `synctimestamp`, `softdeleteflag`) VALUES ('6c97d61d-ec3a-4415-85cd-37c8b69a6b24', 'GROUP_MICRO_ADMINISTRATOR', 'INTRA_BANK_FUND_TRANSFER_CREATE', 'WEEKLY_LIMIT', '1000000.00', 'Kony User', 'Kony User', CURRENT_TIMESTAMP, CURRENT_TIMESTAMP, CURRENT_TIMESTAMP, '0');
INSERT INTO `groupactionlimit` (`id`, `Group_id`, `Action_id`, `LimitType_id`, `value`, `createdby`, `createdts`, `lastmodifiedts`, `synctimestamp`, `softdeleteflag`) VALUES ('ce87e5c1-3a22-4728-bee6-a5496707f0f1', 'GROUP_MICRO_ADMINISTRATOR', 'PAYEE_MANAGEMENT_VIEW', NULL, NULL, 'UID11', CURRENT_TIMESTAMP, CURRENT_TIMESTAMP, CURRENT_TIMESTAMP, '0');
INSERT INTO `groupactionlimit` (`id`, `Group_id`, `Action_id`, `LimitType_id`, `value`, `createdby`, `createdts`, `lastmodifiedts`, `synctimestamp`, `softdeleteflag`) VALUES ('98f57a10-3437-417a-8571-1be19aebda99', 'GROUP_MICRO_ADMINISTRATOR', 'PAYEE_MANAGEMENT_CREATE', NULL, NULL, 'UID11', CURRENT_TIMESTAMP, CURRENT_TIMESTAMP, CURRENT_TIMESTAMP, '0');
INSERT INTO `groupactionlimit` (`id`, `Group_id`, `Action_id`, `LimitType_id`, `value`, `createdby`, `createdts`, `lastmodifiedts`, `synctimestamp`, `softdeleteflag`) VALUES ('45d79c84-fb79-4f0d-8726-653814b53b3e', 'GROUP_MICRO_ADMINISTRATOR', 'PAYEE_MANAGEMENT_EDIT', NULL, NULL, 'UID11', CURRENT_TIMESTAMP, CURRENT_TIMESTAMP, CURRENT_TIMESTAMP, '0');
INSERT INTO `groupactionlimit` (`id`, `Group_id`, `Action_id`, `LimitType_id`, `value`, `createdby`, `createdts`, `lastmodifiedts`, `synctimestamp`, `softdeleteflag`) VALUES ('77e621c4-413d-41f1-be4f-184190ee72ec', 'GROUP_MICRO_ADMINISTRATOR', 'PAYEE_MANAGEMENT_DELETE', NULL, NULL, 'UID11', CURRENT_TIMESTAMP, CURRENT_TIMESTAMP, CURRENT_TIMESTAMP, '0');
INSERT INTO `groupactionlimit` (`id`, `Group_id`, `Action_id`, `LimitType_id`, `value`, `createdby`, `createdts`, `lastmodifiedts`, `synctimestamp`, `softdeleteflag`) VALUES ('511fe097-f2fe-4b51-af06-cfdd088a3360', 'GROUP_MICRO_ADMINISTRATOR', 'RESET_SECURITY_QUESTIONS', NULL, NULL, 'UID11', CURRENT_TIMESTAMP, CURRENT_TIMESTAMP, CURRENT_TIMESTAMP, '0');
INSERT INTO `groupactionlimit` (`id`, `Group_id`, `Action_id`, `LimitType_id`, `value`, `createdby`, `modifiedby`, `createdts`, `lastmodifiedts`, `synctimestamp`, `softdeleteflag`) VALUES ('fdf40acd-a59d-44ec-90b3-71efc0218779', 'GROUP_MICRO_ADMINISTRATOR', 'TRANSFER_BETWEEN_OWN_ACCOUNT_CREATE', 'MAX_TRANSACTION_LIMIT', '100000.00', 'Kony User', 'Kony User', CURRENT_TIMESTAMP, CURRENT_TIMESTAMP, CURRENT_TIMESTAMP, '0');
INSERT INTO `groupactionlimit` (`id`, `Group_id`, `Action_id`, `LimitType_id`, `value`, `createdby`, `modifiedby`, `createdts`, `lastmodifiedts`, `synctimestamp`, `softdeleteflag`) VALUES ('2c565d84-235a-429e-a51c-07270ee25f87', 'GROUP_MICRO_ADMINISTRATOR', 'TRANSFER_BETWEEN_OWN_ACCOUNT_CREATE', 'DAILY_LIMIT', '200000.00', 'Kony User', 'Kony User', CURRENT_TIMESTAMP, CURRENT_TIMESTAMP, CURRENT_TIMESTAMP, '0');
INSERT INTO `groupactionlimit` (`id`, `Group_id`, `Action_id`, `LimitType_id`, `value`, `createdby`, `modifiedby`, `createdts`, `lastmodifiedts`, `synctimestamp`, `softdeleteflag`) VALUES ('1d759c5f-5096-47f9-8643-b4757fcf284e', 'GROUP_MICRO_ADMINISTRATOR', 'TRANSFER_BETWEEN_OWN_ACCOUNT_CREATE', 'WEEKLY_LIMIT', '1000000.00', 'Kony User', 'Kony User', CURRENT_TIMESTAMP, CURRENT_TIMESTAMP, CURRENT_TIMESTAMP, '0');
INSERT INTO `groupactionlimit` (`id`, `Group_id`, `Action_id`, `LimitType_id`, `value`, `createdby`, `modifiedby`, `createdts`, `lastmodifiedts`, `synctimestamp`, `softdeleteflag`) VALUES ('b78c051e-759a-4a16-978b-e91a60409066', 'GROUP_MICRO_ADMINISTRATOR', 'INTER_BANK_ACCOUNT_FUND_TRANSFER_CREATE', 'MAX_TRANSACTION_LIMIT', '100000.00', 'Kony User', 'Kony User', CURRENT_TIMESTAMP, CURRENT_TIMESTAMP, CURRENT_TIMESTAMP, '0');
INSERT INTO `groupactionlimit` (`id`, `Group_id`, `Action_id`, `LimitType_id`, `value`, `createdby`, `modifiedby`, `createdts`, `lastmodifiedts`, `synctimestamp`, `softdeleteflag`) VALUES ('08e77103-53db-4bd6-b4ae-8c6f79ce7e65', 'GROUP_MICRO_ADMINISTRATOR', 'INTER_BANK_ACCOUNT_FUND_TRANSFER_CREATE', 'DAILY_LIMIT', '200000.00', 'Kony User', 'Kony User', CURRENT_TIMESTAMP, CURRENT_TIMESTAMP, CURRENT_TIMESTAMP, '0');
INSERT INTO `groupactionlimit` (`id`, `Group_id`, `Action_id`, `LimitType_id`, `value`, `createdby`, `modifiedby`, `createdts`, `lastmodifiedts`, `synctimestamp`, `softdeleteflag`) VALUES ('5d5bb968-8793-4f83-8a0a-2fb2b99eebc0', 'GROUP_MICRO_ADMINISTRATOR', 'INTER_BANK_ACCOUNT_FUND_TRANSFER_CREATE', 'WEEKLY_LIMIT', '1000000.00', 'Kony User', 'Kony User', CURRENT_TIMESTAMP, CURRENT_TIMESTAMP, CURRENT_TIMESTAMP, '0');
INSERT INTO `groupactionlimit` (`id`, `Group_id`, `Action_id`, `LimitType_id`, `value`, `createdts`, `lastmodifiedts`, `synctimestamp`, `softdeleteflag`) VALUES ('dc752a49-2ae6-4735-a7a8-521415155c12', 'GROUP_MICRO_ADMINISTRATOR', 'USER_MANAGEMENT', NULL, NULL, CURRENT_TIMESTAMP, CURRENT_TIMESTAMP, CURRENT_TIMESTAMP, '0');
INSERT INTO `groupactionlimit` (`id`, `Group_id`, `Action_id`, `LimitType_id`, `value`, `createdby`, `modifiedby`, `createdts`, `lastmodifiedts`, `synctimestamp`, `softdeleteflag`) VALUES ('a4e0d887-248e-4ab0-8a88-ea22a03ca2df', 'GROUP_MICRO_ADMINISTRATOR', 'INTERNATIONAL_ACCOUNT_FUND_TRANSFER_CREATE', 'MAX_TRANSACTION_LIMIT', '100000.00', 'Kony User', 'Kony User', CURRENT_TIMESTAMP, CURRENT_TIMESTAMP, CURRENT_TIMESTAMP, '0');
INSERT INTO `groupactionlimit` (`id`, `Group_id`, `Action_id`, `LimitType_id`, `value`, `createdby`, `modifiedby`, `createdts`, `lastmodifiedts`, `synctimestamp`, `softdeleteflag`) VALUES ('3b409961-0620-49db-b708-f7c1dc72e854', 'GROUP_MICRO_ADMINISTRATOR', 'INTERNATIONAL_ACCOUNT_FUND_TRANSFER_CREATE', 'DAILY_LIMIT', '200000.00', 'Kony User', 'Kony User', CURRENT_TIMESTAMP, CURRENT_TIMESTAMP, CURRENT_TIMESTAMP, '0');
INSERT INTO `groupactionlimit` (`id`, `Group_id`, `Action_id`, `LimitType_id`, `value`, `createdby`, `modifiedby`, `createdts`, `lastmodifiedts`, `synctimestamp`, `softdeleteflag`) VALUES ('fcc713e1-98c2-4e49-97e4-73a285c84162', 'GROUP_MICRO_ADMINISTRATOR', 'INTERNATIONAL_ACCOUNT_FUND_TRANSFER_CREATE', 'WEEKLY_LIMIT', '1000000.00', 'Kony User', 'Kony User', CURRENT_TIMESTAMP, CURRENT_TIMESTAMP, CURRENT_TIMESTAMP, '0');
INSERT INTO `groupactionlimit` (`id`, `Group_id`, `Action_id`, `LimitType_id`, `value`, `createdby`, `modifiedby`, `createdts`, `lastmodifiedts`, `synctimestamp`, `softdeleteflag`) VALUES ('67a19a74-239e-4759-af13-8d6f602f9ed2', 'GROUP_MICRO_ADMINISTRATOR', 'DOMESTIC_WIRE_TRANSFER_CREATE', 'MAX_TRANSACTION_LIMIT', '100000.00', 'Kony User', 'Kony User', CURRENT_TIMESTAMP, CURRENT_TIMESTAMP, CURRENT_TIMESTAMP, '0');
INSERT INTO `groupactionlimit` (`id`, `Group_id`, `Action_id`, `LimitType_id`, `value`, `createdby`, `modifiedby`, `createdts`, `lastmodifiedts`, `synctimestamp`, `softdeleteflag`) VALUES ('7e8f6975-912a-492c-b27c-483956c7d04c', 'GROUP_MICRO_ADMINISTRATOR', 'DOMESTIC_WIRE_TRANSFER_CREATE', 'DAILY_LIMIT', '200000.00', 'Kony User', 'Kony User', CURRENT_TIMESTAMP, CURRENT_TIMESTAMP, CURRENT_TIMESTAMP, '0');
INSERT INTO `groupactionlimit` (`id`, `Group_id`, `Action_id`, `LimitType_id`, `value`, `createdby`, `modifiedby`, `createdts`, `lastmodifiedts`, `synctimestamp`, `softdeleteflag`) VALUES ('2d9ff3b3-e264-44ca-9fd7-ea1d5bfbf1f2', 'GROUP_MICRO_ADMINISTRATOR', 'DOMESTIC_WIRE_TRANSFER_CREATE', 'WEEKLY_LIMIT', '1000000.00', 'Kony User', 'Kony User', CURRENT_TIMESTAMP, CURRENT_TIMESTAMP, CURRENT_TIMESTAMP, '0');
INSERT INTO `groupactionlimit` (`id`, `Group_id`, `Action_id`, `LimitType_id`, `value`, `createdby`, `modifiedby`, `createdts`, `lastmodifiedts`, `synctimestamp`, `softdeleteflag`) VALUES ('6ef63830-01e0-40ad-b8f9-6ffb015b0800', 'GROUP_MICRO_ADMINISTRATOR', 'INTERNATIONAL_WIRE_TRANSFER_CREATE', 'MAX_TRANSACTION_LIMIT', '100000.00', 'Kony User', 'Kony User', CURRENT_TIMESTAMP, CURRENT_TIMESTAMP, CURRENT_TIMESTAMP, '0');
INSERT INTO `groupactionlimit` (`id`, `Group_id`, `Action_id`, `LimitType_id`, `value`, `createdby`, `modifiedby`, `createdts`, `lastmodifiedts`, `synctimestamp`, `softdeleteflag`) VALUES ('415bbe70-7721-4cb1-95fb-72c547ba3685', 'GROUP_MICRO_ADMINISTRATOR', 'INTERNATIONAL_WIRE_TRANSFER_CREATE', 'DAILY_LIMIT', '200000.00', 'Kony User', 'Kony User', CURRENT_TIMESTAMP, CURRENT_TIMESTAMP, CURRENT_TIMESTAMP, '0');
INSERT INTO `groupactionlimit` (`id`, `Group_id`, `Action_id`, `LimitType_id`, `value`, `createdby`, `modifiedby`, `createdts`, `lastmodifiedts`, `synctimestamp`, `softdeleteflag`) VALUES ('ecad3bfa-8ac2-4db9-a256-0eee802db4e8', 'GROUP_MICRO_ADMINISTRATOR', 'INTERNATIONAL_WIRE_TRANSFER_CREATE', 'WEEKLY_LIMIT', '1000000.00', 'Kony User', 'Kony User', CURRENT_TIMESTAMP, CURRENT_TIMESTAMP, CURRENT_TIMESTAMP, '0');
INSERT INTO `groupactionlimit` (`id`, `Group_id`, `Action_id`, `LimitType_id`, `value`, `createdby`, `modifiedby`, `createdts`, `lastmodifiedts`, `synctimestamp`, `softdeleteflag`) VALUES ('b62efc84-d61d-4b8b-ab0f-eedd9db13e4d', 'GROUP_MICRO_ADMINISTRATOR', 'BILL_PAY_CREATE', 'MAX_TRANSACTION_LIMIT', '100000.00', 'Kony User', 'Kony User', CURRENT_TIMESTAMP, CURRENT_TIMESTAMP, CURRENT_TIMESTAMP, '0');
INSERT INTO `groupactionlimit` (`id`, `Group_id`, `Action_id`, `LimitType_id`, `value`, `createdby`, `modifiedby`, `createdts`, `lastmodifiedts`, `synctimestamp`, `softdeleteflag`) VALUES ('2d44070a-5e21-427e-a500-994e8ec3926f', 'GROUP_MICRO_ADMINISTRATOR', 'BILL_PAY_CREATE', 'DAILY_LIMIT', '200000.00', 'Kony User', 'Kony User', CURRENT_TIMESTAMP, CURRENT_TIMESTAMP, CURRENT_TIMESTAMP, '0');
INSERT INTO `groupactionlimit` (`id`, `Group_id`, `Action_id`, `LimitType_id`, `value`, `createdby`, `modifiedby`, `createdts`, `lastmodifiedts`, `synctimestamp`, `softdeleteflag`) VALUES ('258e8214-fdec-40c4-8b1d-88387f331419', 'GROUP_MICRO_ADMINISTRATOR', 'BILL_PAY_CREATE', 'WEEKLY_LIMIT', '1000000.00', 'Kony User', 'Kony User', CURRENT_TIMESTAMP, CURRENT_TIMESTAMP, CURRENT_TIMESTAMP, '0');
INSERT INTO `groupactionlimit` (`id`, `Group_id`, `Action_id`, `LimitType_id`, `value`, `createdby`, `createdts`, `lastmodifiedts`, `synctimestamp`, `softdeleteflag`) VALUES ('696ccba1-77f9-4c1f-919c-e6ae84532920', 'GROUP_MICRO_ADMINISTRATOR', 'CARD_MANAGEMENT_LOCK_CARD', NULL, NULL, 'UID11', CURRENT_TIMESTAMP, CURRENT_TIMESTAMP, CURRENT_TIMESTAMP, '0');
INSERT INTO `groupactionlimit` (`id`, `Group_id`, `Action_id`, `LimitType_id`, `value`, `createdby`, `createdts`, `lastmodifiedts`, `synctimestamp`, `softdeleteflag`) VALUES ('107af29a-f323-494a-9109-ce64aa3a1875', 'GROUP_MICRO_ADMINISTRATOR', 'CARD_MANAGEMENT_UNLOCK_CARD', NULL, NULL, 'UID11', CURRENT_TIMESTAMP, CURRENT_TIMESTAMP, CURRENT_TIMESTAMP, '0');
INSERT INTO `groupactionlimit` (`id`, `Group_id`, `Action_id`, `LimitType_id`, `value`, `createdby`, `createdts`, `lastmodifiedts`, `synctimestamp`, `softdeleteflag`) VALUES ('cb5094ba-15c8-4c91-aff4-8e7827118a55', 'GROUP_MICRO_ADMINISTRATOR', 'CARD_MANAGEMENT_REPLACE_CARD', NULL, NULL, 'UID11', CURRENT_TIMESTAMP, CURRENT_TIMESTAMP, CURRENT_TIMESTAMP, '0');
INSERT INTO `groupactionlimit` (`id`, `Group_id`, `Action_id`, `LimitType_id`, `value`, `createdby`, `createdts`, `lastmodifiedts`, `synctimestamp`, `softdeleteflag`) VALUES ('0a69f829-b916-411d-adda-9e784a5b5d49', 'GROUP_MICRO_ADMINISTRATOR', 'CARD_MANAGEMENT_CHANGE_PIN', NULL, NULL, 'UID11', CURRENT_TIMESTAMP, CURRENT_TIMESTAMP, CURRENT_TIMESTAMP, '0');
INSERT INTO `groupactionlimit` (`id`, `Group_id`, `Action_id`, `LimitType_id`, `value`, `createdby`, `modifiedby`, `createdts`, `lastmodifiedts`, `synctimestamp`, `softdeleteflag`) VALUES ('43995baa-b914-47e9-826f-9ebb6c4f0ce9', 'GROUP_MICRO_ADMINISTRATOR', 'P2P_CREATE', 'MAX_TRANSACTION_LIMIT', '100000.00', 'Kony User', 'Kony User', CURRENT_TIMESTAMP, CURRENT_TIMESTAMP, CURRENT_TIMESTAMP, '0');
INSERT INTO `groupactionlimit` (`id`, `Group_id`, `Action_id`, `LimitType_id`, `value`, `createdby`, `modifiedby`, `createdts`, `lastmodifiedts`, `synctimestamp`, `softdeleteflag`) VALUES ('6458d32f-4a14-474f-8202-c03e30ea0445', 'GROUP_MICRO_ADMINISTRATOR', 'P2P_CREATE', 'DAILY_LIMIT', '200000.00', 'Kony User', 'Kony User', CURRENT_TIMESTAMP, CURRENT_TIMESTAMP, CURRENT_TIMESTAMP, '0');
INSERT INTO `groupactionlimit` (`id`, `Group_id`, `Action_id`, `LimitType_id`, `value`, `createdby`, `modifiedby`, `createdts`, `lastmodifiedts`, `synctimestamp`, `softdeleteflag`) VALUES ('2c0376c8-875f-42a9-8756-2187ca6c3c70', 'GROUP_MICRO_ADMINISTRATOR', 'P2P_CREATE', 'WEEKLY_LIMIT', '1000000.00', 'Kony User', 'Kony User', CURRENT_TIMESTAMP, CURRENT_TIMESTAMP, CURRENT_TIMESTAMP, '0');
INSERT INTO `groupactionlimit` (`id`, `Group_id`, `Action_id`, `LimitType_id`, `value`, `createdby`, `createdts`, `lastmodifiedts`, `synctimestamp`, `softdeleteflag`) VALUES ('7088553b-3c8a-42cd-bffa-b773cf5ff5de', 'GROUP_MICRO_ADMINISTRATOR', 'MESSAGES_CREATE', NULL, NULL, 'UID11', CURRENT_TIMESTAMP, CURRENT_TIMESTAMP, CURRENT_TIMESTAMP, '0');
INSERT INTO `groupactionlimit` (`id`, `Group_id`, `Action_id`, `LimitType_id`, `value`, `createdby`, `createdts`, `lastmodifiedts`, `synctimestamp`, `softdeleteflag`) VALUES ('935708a7-72f3-4729-8275-f2bf83aa6ac9', 'GROUP_MICRO_ADMINISTRATOR', 'FEEDBACK_SUBMIT', NULL, NULL, 'UID11', CURRENT_TIMESTAMP, CURRENT_TIMESTAMP, CURRENT_TIMESTAMP, '0');
INSERT INTO `groupactionlimit` (`id`, `Group_id`, `Action_id`, `LimitType_id`, `value`, `createdby`, `createdts`, `lastmodifiedts`, `synctimestamp`, `softdeleteflag`) VALUES ('00ab0c51-ee33-4402-ba2a-474a949fa77a', 'GROUP_MICRO_ADMINISTRATOR', 'PROFILE_SETTINGS_VIEW', NULL, NULL, 'UID11', CURRENT_TIMESTAMP, CURRENT_TIMESTAMP, CURRENT_TIMESTAMP, '0');
INSERT INTO `groupactionlimit` (`id`, `Group_id`, `Action_id`, `LimitType_id`, `value`, `createdby`, `createdts`, `lastmodifiedts`, `synctimestamp`, `softdeleteflag`) VALUES ('88f939c0-f4c6-49fe-91e4-c8f1d33fd2c8', 'GROUP_MICRO_ADMINISTRATOR', 'PROFILE_SETTINGS_UPDATE', NULL, NULL, 'UID11', CURRENT_TIMESTAMP, CURRENT_TIMESTAMP, CURRENT_TIMESTAMP, '0');
INSERT INTO `groupactionlimit` (`id`, `Group_id`, `Action_id`, `LimitType_id`, `value`, `createdby`, `createdts`, `lastmodifiedts`, `synctimestamp`, `softdeleteflag`) VALUES ('398eb336-1fb6-4c2c-90fa-f90cb2aa0e64', 'GROUP_MICRO_ADMINISTRATOR', 'MESSAGES_VIEW', NULL, NULL, 'UID11', CURRENT_TIMESTAMP, CURRENT_TIMESTAMP, CURRENT_TIMESTAMP, '0');
INSERT INTO `groupactionlimit` (`id`, `Group_id`, `Action_id`, `LimitType_id`, `value`, `createdby`, `createdts`, `lastmodifiedts`, `synctimestamp`, `softdeleteflag`) VALUES ('05863b41-808c-4033-895a-24a0a2480b48', 'GROUP_MICRO_ADMINISTRATOR', 'MESSAGES_DELETE', NULL, NULL, 'UID11', CURRENT_TIMESTAMP, CURRENT_TIMESTAMP, CURRENT_TIMESTAMP, '0');
INSERT INTO `groupactionlimit` (`id`, `Group_id`, `Action_id`, `LimitType_id`, `value`, `createdby`, `createdts`, `lastmodifiedts`, `synctimestamp`, `softdeleteflag`) VALUES ('8f6f5832-a4e9-486b-8d23-22a71952bd1b', 'GROUP_MICRO_ADMINISTRATOR', 'MESSAGES_REPLY', NULL, NULL, 'UID11', CURRENT_TIMESTAMP, CURRENT_TIMESTAMP, CURRENT_TIMESTAMP, '0');
INSERT INTO `groupactionlimit` (`id`, `Group_id`, `Action_id`, `LimitType_id`, `value`, `createdby`, `createdts`, `lastmodifiedts`, `synctimestamp`, `softdeleteflag`) VALUES ('cdb5a9eb-d7f1-4a00-80f8-0c8fb65fd43f', 'GROUP_MICRO_ADMINISTRATOR', 'NOTIFICATION_UPDATE', NULL, NULL, 'UID11', CURRENT_TIMESTAMP, CURRENT_TIMESTAMP, CURRENT_TIMESTAMP, '0');
INSERT INTO `groupactionlimit` (`id`, `Group_id`, `Action_id`, `LimitType_id`, `value`, `createdby`, `createdts`, `lastmodifiedts`, `synctimestamp`, `softdeleteflag`) VALUES ('05f3636c-c32d-4c83-8c96-b36562681845', 'GROUP_MICRO_ADMINISTRATOR', 'BILL_PAY_BULK', NULL, NULL, 'UID11', CURRENT_TIMESTAMP, CURRENT_TIMESTAMP, CURRENT_TIMESTAMP, '0');
INSERT INTO `groupactionlimit` (`id`, `Group_id`, `Action_id`, `LimitType_id`, `value`, `createdby`, `createdts`, `lastmodifiedts`, `synctimestamp`, `softdeleteflag`) VALUES ('faa1a8fb-e64c-457f-80ea-3b0640d6d2a7', 'GROUP_MICRO_ADMINISTRATOR', 'BILL_PAY_ACTIVATE_OR_DEACTIVATE', NULL, NULL, 'UID11', CURRENT_TIMESTAMP, CURRENT_TIMESTAMP, CURRENT_TIMESTAMP, '0');
INSERT INTO `groupactionlimit` (`id`, `Group_id`, `Action_id`, `LimitType_id`, `value`, `createdby`, `createdts`, `lastmodifiedts`, `synctimestamp`, `softdeleteflag`) VALUES ('5fdce86b-256d-41dc-9957-e64ed44ec200', 'GROUP_MICRO_ADMINISTRATOR', 'APPLICANT_MANAGEMENT_CREATE', NULL, NULL, 'UID11', CURRENT_TIMESTAMP, CURRENT_TIMESTAMP, CURRENT_TIMESTAMP, '0');
INSERT INTO `groupactionlimit` (`id`, `Group_id`, `Action_id`, `LimitType_id`, `value`, `createdby`, `createdts`, `lastmodifiedts`, `synctimestamp`, `softdeleteflag`) VALUES ('66773553-afc9-410f-90d1-3a3ca6ecfd01', 'GROUP_MICRO_ADMINISTRATOR', 'TRANSACTION_MANAGEMENT_DELETE', NULL, NULL, 'UID11', CURRENT_TIMESTAMP, CURRENT_TIMESTAMP, CURRENT_TIMESTAMP, '0');
INSERT INTO `groupactionlimit` (`id`, `Group_id`, `Action_id`, `LimitType_id`, `value`, `createdby`, `createdts`, `lastmodifiedts`, `synctimestamp`, `softdeleteflag`) VALUES ('4772e408-db9b-4ee7-8287-45e8ef18bc4c', 'GROUP_MICRO_ADMINISTRATOR', 'RECIPIENT_MANAGEMENT_VIEW', NULL, NULL, 'UID11', CURRENT_TIMESTAMP, CURRENT_TIMESTAMP, CURRENT_TIMESTAMP, '0');
INSERT INTO `groupactionlimit` (`id`, `Group_id`, `Action_id`, `LimitType_id`, `value`, `createdby`, `modifiedby`, `createdts`, `lastmodifiedts`, `synctimestamp`, `softdeleteflag`) VALUES ('e3c186e5-b634-4487-bbc6-d5dd1bc89dec', 'GROUP_MICRO_CREATOR', 'INTRA_BANK_FUND_TRANSFER_CREATE', 'MAX_TRANSACTION_LIMIT', '100000.00', 'Kony User', 'Kony User', CURRENT_TIMESTAMP, CURRENT_TIMESTAMP, CURRENT_TIMESTAMP, '0');
INSERT INTO `groupactionlimit` (`id`, `Group_id`, `Action_id`, `LimitType_id`, `value`, `createdby`, `modifiedby`, `createdts`, `lastmodifiedts`, `synctimestamp`, `softdeleteflag`) VALUES ('c1392964-5b03-4b89-8c16-564aa329969b', 'GROUP_MICRO_CREATOR', 'INTRA_BANK_FUND_TRANSFER_CREATE', 'DAILY_LIMIT', '200000.00', 'Kony User', 'Kony User', CURRENT_TIMESTAMP, CURRENT_TIMESTAMP, CURRENT_TIMESTAMP, '0');
INSERT INTO `groupactionlimit` (`id`, `Group_id`, `Action_id`, `LimitType_id`, `value`, `createdby`, `modifiedby`, `createdts`, `lastmodifiedts`, `synctimestamp`, `softdeleteflag`) VALUES ('f6b72f30-2366-4055-b616-7ad9427bf55e', 'GROUP_MICRO_CREATOR', 'INTRA_BANK_FUND_TRANSFER_CREATE', 'WEEKLY_LIMIT', '1000000.00', 'Kony User', 'Kony User', CURRENT_TIMESTAMP, CURRENT_TIMESTAMP, CURRENT_TIMESTAMP, '0');
INSERT INTO `groupactionlimit` (`id`, `Group_id`, `Action_id`, `LimitType_id`, `value`, `createdby`, `createdts`, `lastmodifiedts`, `synctimestamp`, `softdeleteflag`) VALUES ('e8dc6ce7-203d-48b0-a5bb-655e95dcd303', 'GROUP_MICRO_CREATOR', 'PAYEE_MANAGEMENT_VIEW', NULL, NULL, 'UID11', CURRENT_TIMESTAMP, CURRENT_TIMESTAMP, CURRENT_TIMESTAMP, '0');
INSERT INTO `groupactionlimit` (`id`, `Group_id`, `Action_id`, `LimitType_id`, `value`, `createdby`, `createdts`, `lastmodifiedts`, `synctimestamp`, `softdeleteflag`) VALUES ('680fe6dd-276b-43ea-9717-8d85100267f7', 'GROUP_MICRO_CREATOR', 'PAYEE_MANAGEMENT_CREATE', NULL, NULL, 'UID11', CURRENT_TIMESTAMP, CURRENT_TIMESTAMP, CURRENT_TIMESTAMP, '0');
INSERT INTO `groupactionlimit` (`id`, `Group_id`, `Action_id`, `LimitType_id`, `value`, `createdby`, `createdts`, `lastmodifiedts`, `synctimestamp`, `softdeleteflag`) VALUES ('9720d28b-639d-42d5-85ec-043a11b7cc44', 'GROUP_MICRO_CREATOR', 'PAYEE_MANAGEMENT_EDIT', NULL, NULL, 'UID11', CURRENT_TIMESTAMP, CURRENT_TIMESTAMP, CURRENT_TIMESTAMP, '0');
INSERT INTO `groupactionlimit` (`id`, `Group_id`, `Action_id`, `LimitType_id`, `value`, `createdby`, `createdts`, `lastmodifiedts`, `synctimestamp`, `softdeleteflag`) VALUES ('d4f040cc-6651-4290-9198-25f36ad8ecf1', 'GROUP_MICRO_CREATOR', 'PAYEE_MANAGEMENT_DELETE', NULL, NULL, 'UID11', CURRENT_TIMESTAMP, CURRENT_TIMESTAMP, CURRENT_TIMESTAMP, '0');
INSERT INTO `groupactionlimit` (`id`, `Group_id`, `Action_id`, `LimitType_id`, `value`, `createdby`, `createdts`, `lastmodifiedts`, `synctimestamp`, `softdeleteflag`) VALUES ('bbe6c06d-65fe-492d-99ee-4d70f5ec93dd', 'GROUP_MICRO_CREATOR', 'RESET_SECURITY_QUESTIONS', NULL, NULL, 'UID11', CURRENT_TIMESTAMP, CURRENT_TIMESTAMP, CURRENT_TIMESTAMP, '0');
INSERT INTO `groupactionlimit` (`id`, `Group_id`, `Action_id`, `LimitType_id`, `value`, `createdby`, `modifiedby`, `createdts`, `lastmodifiedts`, `synctimestamp`, `softdeleteflag`) VALUES ('68017a44-b53e-4615-92f8-6ddd925d062b', 'GROUP_MICRO_CREATOR', 'TRANSFER_BETWEEN_OWN_ACCOUNT_CREATE', 'MAX_TRANSACTION_LIMIT', '100000.00', 'Kony User', 'Kony User', CURRENT_TIMESTAMP, CURRENT_TIMESTAMP, CURRENT_TIMESTAMP, '0');
INSERT INTO `groupactionlimit` (`id`, `Group_id`, `Action_id`, `LimitType_id`, `value`, `createdby`, `modifiedby`, `createdts`, `lastmodifiedts`, `synctimestamp`, `softdeleteflag`) VALUES ('39e27f19-c298-464c-9a69-a3cfa336b4cf', 'GROUP_MICRO_CREATOR', 'TRANSFER_BETWEEN_OWN_ACCOUNT_CREATE', 'DAILY_LIMIT', '200000.00', 'Kony User', 'Kony User', CURRENT_TIMESTAMP, CURRENT_TIMESTAMP, CURRENT_TIMESTAMP, '0');
INSERT INTO `groupactionlimit` (`id`, `Group_id`, `Action_id`, `LimitType_id`, `value`, `createdby`, `modifiedby`, `createdts`, `lastmodifiedts`, `synctimestamp`, `softdeleteflag`) VALUES ('c5626886-9455-4ecf-9c5a-820f13e12cab', 'GROUP_MICRO_CREATOR', 'TRANSFER_BETWEEN_OWN_ACCOUNT_CREATE', 'WEEKLY_LIMIT', '1000000.00', 'Kony User', 'Kony User', CURRENT_TIMESTAMP, CURRENT_TIMESTAMP, CURRENT_TIMESTAMP, '0');
INSERT INTO `groupactionlimit` (`id`, `Group_id`, `Action_id`, `LimitType_id`, `value`, `createdby`, `modifiedby`, `createdts`, `lastmodifiedts`, `synctimestamp`, `softdeleteflag`) VALUES ('ebd64ba0-e112-4ea6-ae5f-0f72d7a9f2f8', 'GROUP_MICRO_CREATOR', 'INTER_BANK_ACCOUNT_FUND_TRANSFER_CREATE', 'MAX_TRANSACTION_LIMIT', '100000.00', 'Kony User', 'Kony User', CURRENT_TIMESTAMP, CURRENT_TIMESTAMP, CURRENT_TIMESTAMP, '0');
INSERT INTO `groupactionlimit` (`id`, `Group_id`, `Action_id`, `LimitType_id`, `value`, `createdby`, `modifiedby`, `createdts`, `lastmodifiedts`, `synctimestamp`, `softdeleteflag`) VALUES ('46ddb4a6-d1e1-4492-8dbd-de676f1a1dbb', 'GROUP_MICRO_CREATOR', 'INTER_BANK_ACCOUNT_FUND_TRANSFER_CREATE', 'DAILY_LIMIT', '200000.00', 'Kony User', 'Kony User', CURRENT_TIMESTAMP, CURRENT_TIMESTAMP, CURRENT_TIMESTAMP, '0');
INSERT INTO `groupactionlimit` (`id`, `Group_id`, `Action_id`, `LimitType_id`, `value`, `createdby`, `modifiedby`, `createdts`, `lastmodifiedts`, `synctimestamp`, `softdeleteflag`) VALUES ('06a1599b-ad5e-4278-8b23-473e2acf502a', 'GROUP_MICRO_CREATOR', 'INTER_BANK_ACCOUNT_FUND_TRANSFER_CREATE', 'WEEKLY_LIMIT', '1000000.00', 'Kony User', 'Kony User', CURRENT_TIMESTAMP, CURRENT_TIMESTAMP, CURRENT_TIMESTAMP, '0');
INSERT INTO `groupactionlimit` (`id`, `Group_id`, `Action_id`, `LimitType_id`, `value`, `createdby`, `modifiedby`, `createdts`, `lastmodifiedts`, `synctimestamp`, `softdeleteflag`) VALUES ('0424d6c3-5f6b-4834-8f3a-cbae658fdfec', 'GROUP_MICRO_CREATOR', 'INTERNATIONAL_ACCOUNT_FUND_TRANSFER_CREATE', 'MAX_TRANSACTION_LIMIT', '100000.00', 'Kony User', 'Kony User', CURRENT_TIMESTAMP, CURRENT_TIMESTAMP, CURRENT_TIMESTAMP, '0');
INSERT INTO `groupactionlimit` (`id`, `Group_id`, `Action_id`, `LimitType_id`, `value`, `createdby`, `modifiedby`, `createdts`, `lastmodifiedts`, `synctimestamp`, `softdeleteflag`) VALUES ('ae2f3d49-f8a5-4e71-9a7c-d06cd59e6245', 'GROUP_MICRO_CREATOR', 'INTERNATIONAL_ACCOUNT_FUND_TRANSFER_CREATE', 'DAILY_LIMIT', '200000.00', 'Kony User', 'Kony User', CURRENT_TIMESTAMP, CURRENT_TIMESTAMP, CURRENT_TIMESTAMP, '0');
INSERT INTO `groupactionlimit` (`id`, `Group_id`, `Action_id`, `LimitType_id`, `value`, `createdby`, `modifiedby`, `createdts`, `lastmodifiedts`, `synctimestamp`, `softdeleteflag`) VALUES ('7c659173-851b-4880-b338-f18be513a70a', 'GROUP_MICRO_CREATOR', 'INTERNATIONAL_ACCOUNT_FUND_TRANSFER_CREATE', 'WEEKLY_LIMIT', '1000000.00', 'Kony User', 'Kony User', CURRENT_TIMESTAMP, CURRENT_TIMESTAMP, CURRENT_TIMESTAMP, '0');
INSERT INTO `groupactionlimit` (`id`, `Group_id`, `Action_id`, `LimitType_id`, `value`, `createdby`, `modifiedby`, `createdts`, `lastmodifiedts`, `synctimestamp`, `softdeleteflag`) VALUES ('23d2abc5-7051-425b-b702-99a54d705419', 'GROUP_MICRO_CREATOR', 'DOMESTIC_WIRE_TRANSFER_CREATE', 'MAX_TRANSACTION_LIMIT', '100000.00', 'Kony User', 'Kony User', CURRENT_TIMESTAMP, CURRENT_TIMESTAMP, CURRENT_TIMESTAMP, '0');
INSERT INTO `groupactionlimit` (`id`, `Group_id`, `Action_id`, `LimitType_id`, `value`, `createdby`, `modifiedby`, `createdts`, `lastmodifiedts`, `synctimestamp`, `softdeleteflag`) VALUES ('a30724d8-c40c-4275-a952-5a4b8cded4de', 'GROUP_MICRO_CREATOR', 'DOMESTIC_WIRE_TRANSFER_CREATE', 'DAILY_LIMIT', '200000.00', 'Kony User', 'Kony User', CURRENT_TIMESTAMP, CURRENT_TIMESTAMP, CURRENT_TIMESTAMP, '0');
INSERT INTO `groupactionlimit` (`id`, `Group_id`, `Action_id`, `LimitType_id`, `value`, `createdby`, `modifiedby`, `createdts`, `lastmodifiedts`, `synctimestamp`, `softdeleteflag`) VALUES ('53e632f5-48ba-4b80-bd34-4f8a64e6ed62', 'GROUP_MICRO_CREATOR', 'DOMESTIC_WIRE_TRANSFER_CREATE', 'WEEKLY_LIMIT', '1000000.00', 'Kony User', 'Kony User', CURRENT_TIMESTAMP, CURRENT_TIMESTAMP, CURRENT_TIMESTAMP, '0');
INSERT INTO `groupactionlimit` (`id`, `Group_id`, `Action_id`, `LimitType_id`, `value`, `createdby`, `modifiedby`, `createdts`, `lastmodifiedts`, `synctimestamp`, `softdeleteflag`) VALUES ('3c42f44f-bad8-48d5-a73b-3bb8059d8bf0', 'GROUP_MICRO_CREATOR', 'INTERNATIONAL_WIRE_TRANSFER_CREATE', 'MAX_TRANSACTION_LIMIT', '100000.00', 'Kony User', 'Kony User', CURRENT_TIMESTAMP, CURRENT_TIMESTAMP, CURRENT_TIMESTAMP, '0');
INSERT INTO `groupactionlimit` (`id`, `Group_id`, `Action_id`, `LimitType_id`, `value`, `createdby`, `modifiedby`, `createdts`, `lastmodifiedts`, `synctimestamp`, `softdeleteflag`) VALUES ('f6f98ea4-28b0-4f90-8f9f-555bec2e6573', 'GROUP_MICRO_CREATOR', 'INTERNATIONAL_WIRE_TRANSFER_CREATE', 'DAILY_LIMIT', '200000.00', 'Kony User', 'Kony User', CURRENT_TIMESTAMP, CURRENT_TIMESTAMP, CURRENT_TIMESTAMP, '0');
INSERT INTO `groupactionlimit` (`id`, `Group_id`, `Action_id`, `LimitType_id`, `value`, `createdby`, `modifiedby`, `createdts`, `lastmodifiedts`, `synctimestamp`, `softdeleteflag`) VALUES ('bb83cc2a-b89b-4375-a7fb-1950dc5a4b8a', 'GROUP_MICRO_CREATOR', 'INTERNATIONAL_WIRE_TRANSFER_CREATE', 'WEEKLY_LIMIT', '1000000.00', 'Kony User', 'Kony User', CURRENT_TIMESTAMP, CURRENT_TIMESTAMP, CURRENT_TIMESTAMP, '0');
INSERT INTO `groupactionlimit` (`id`, `Group_id`, `Action_id`, `LimitType_id`, `value`, `createdby`, `modifiedby`, `createdts`, `lastmodifiedts`, `synctimestamp`, `softdeleteflag`) VALUES ('298e9dae-d73a-44ef-8a06-150b56449aaf', 'GROUP_MICRO_CREATOR', 'BILL_PAY_CREATE', 'MAX_TRANSACTION_LIMIT', '100000.00', 'Kony User', 'Kony User', CURRENT_TIMESTAMP, CURRENT_TIMESTAMP, CURRENT_TIMESTAMP, '0');
INSERT INTO `groupactionlimit` (`id`, `Group_id`, `Action_id`, `LimitType_id`, `value`, `createdby`, `modifiedby`, `createdts`, `lastmodifiedts`, `synctimestamp`, `softdeleteflag`) VALUES ('4083e6ba-eaa6-4f15-8931-e21e3ccc43ec', 'GROUP_MICRO_CREATOR', 'BILL_PAY_CREATE', 'DAILY_LIMIT', '200000.00', 'Kony User', 'Kony User', CURRENT_TIMESTAMP, CURRENT_TIMESTAMP, CURRENT_TIMESTAMP, '0');
INSERT INTO `groupactionlimit` (`id`, `Group_id`, `Action_id`, `LimitType_id`, `value`, `createdby`, `modifiedby`, `createdts`, `lastmodifiedts`, `synctimestamp`, `softdeleteflag`) VALUES ('8f491388-35a8-40bf-ab75-79b22b31e11a', 'GROUP_MICRO_CREATOR', 'BILL_PAY_CREATE', 'WEEKLY_LIMIT', '1000000.00', 'Kony User', 'Kony User', CURRENT_TIMESTAMP, CURRENT_TIMESTAMP, CURRENT_TIMESTAMP, '0');
INSERT INTO `groupactionlimit` (`id`, `Group_id`, `Action_id`, `LimitType_id`, `value`, `createdby`, `createdts`, `lastmodifiedts`, `synctimestamp`, `softdeleteflag`) VALUES ('7cca431d-5adb-4474-8052-45cfe22e1b97', 'GROUP_MICRO_CREATOR', 'CARD_MANAGEMENT_LOCK_CARD', NULL, NULL, 'UID11', CURRENT_TIMESTAMP, CURRENT_TIMESTAMP, CURRENT_TIMESTAMP, '0');
INSERT INTO `groupactionlimit` (`id`, `Group_id`, `Action_id`, `LimitType_id`, `value`, `createdby`, `createdts`, `lastmodifiedts`, `synctimestamp`, `softdeleteflag`) VALUES ('32cb6ca8-eafc-4ae7-a3d1-5138ef2e4163', 'GROUP_MICRO_CREATOR', 'CARD_MANAGEMENT_UNLOCK_CARD', NULL, NULL, 'UID11', CURRENT_TIMESTAMP, CURRENT_TIMESTAMP, CURRENT_TIMESTAMP, '0');
INSERT INTO `groupactionlimit` (`id`, `Group_id`, `Action_id`, `LimitType_id`, `value`, `createdby`, `createdts`, `lastmodifiedts`, `synctimestamp`, `softdeleteflag`) VALUES ('c5fdc547-d134-41b4-81fc-a1c2fc7155ba', 'GROUP_MICRO_CREATOR', 'CARD_MANAGEMENT_REPLACE_CARD', NULL, NULL, 'UID11', CURRENT_TIMESTAMP, CURRENT_TIMESTAMP, CURRENT_TIMESTAMP, '0');
INSERT INTO `groupactionlimit` (`id`, `Group_id`, `Action_id`, `LimitType_id`, `value`, `createdby`, `createdts`, `lastmodifiedts`, `synctimestamp`, `softdeleteflag`) VALUES ('4e4003e9-7d17-4fa1-9b09-13ec64422c23', 'GROUP_MICRO_CREATOR', 'CARD_MANAGEMENT_CHANGE_PIN', NULL, NULL, 'UID11', CURRENT_TIMESTAMP, CURRENT_TIMESTAMP, CURRENT_TIMESTAMP, '0');
INSERT INTO `groupactionlimit` (`id`, `Group_id`, `Action_id`, `LimitType_id`, `value`, `createdby`, `modifiedby`, `createdts`, `lastmodifiedts`, `synctimestamp`, `softdeleteflag`) VALUES ('e8c3c0e8-4f75-42ef-8c35-50ced1a85168', 'GROUP_MICRO_CREATOR', 'P2P_CREATE', 'MAX_TRANSACTION_LIMIT', '100000.00', 'Kony User', 'Kony User', CURRENT_TIMESTAMP, CURRENT_TIMESTAMP, CURRENT_TIMESTAMP, '0');
INSERT INTO `groupactionlimit` (`id`, `Group_id`, `Action_id`, `LimitType_id`, `value`, `createdby`, `modifiedby`, `createdts`, `lastmodifiedts`, `synctimestamp`, `softdeleteflag`) VALUES ('ce2b7b8e-41b8-4eef-949d-dffa4afbf568', 'GROUP_MICRO_CREATOR', 'P2P_CREATE', 'DAILY_LIMIT', '200000.00', 'Kony User', 'Kony User', CURRENT_TIMESTAMP, CURRENT_TIMESTAMP, CURRENT_TIMESTAMP, '0');
INSERT INTO `groupactionlimit` (`id`, `Group_id`, `Action_id`, `LimitType_id`, `value`, `createdby`, `modifiedby`, `createdts`, `lastmodifiedts`, `synctimestamp`, `softdeleteflag`) VALUES ('3dac72b5-5ffb-482d-8170-d5e27224fe9f', 'GROUP_MICRO_CREATOR', 'P2P_CREATE', 'WEEKLY_LIMIT', '1000000.00', 'Kony User', 'Kony User', CURRENT_TIMESTAMP, CURRENT_TIMESTAMP, CURRENT_TIMESTAMP, '0');
INSERT INTO `groupactionlimit` (`id`, `Group_id`, `Action_id`, `LimitType_id`, `value`, `createdby`, `createdts`, `lastmodifiedts`, `synctimestamp`, `softdeleteflag`) VALUES ('f05244d9-3ef1-4105-a74b-149c8b8223c3', 'GROUP_MICRO_CREATOR', 'MESSAGES_CREATE', NULL, NULL, 'UID11', CURRENT_TIMESTAMP, CURRENT_TIMESTAMP, CURRENT_TIMESTAMP, '0');
INSERT INTO `groupactionlimit` (`id`, `Group_id`, `Action_id`, `LimitType_id`, `value`, `createdby`, `createdts`, `lastmodifiedts`, `synctimestamp`, `softdeleteflag`) VALUES ('07a9e2c0-01c3-484b-829b-fdf7f55cf5fe', 'GROUP_MICRO_CREATOR', 'FEEDBACK_SUBMIT', NULL, NULL, 'UID11', CURRENT_TIMESTAMP, CURRENT_TIMESTAMP, CURRENT_TIMESTAMP, '0');
INSERT INTO `groupactionlimit` (`id`, `Group_id`, `Action_id`, `LimitType_id`, `value`, `createdby`, `createdts`, `lastmodifiedts`, `synctimestamp`, `softdeleteflag`) VALUES ('cee4dd66-b3f7-48f4-b1a5-f84996a76113', 'GROUP_MICRO_CREATOR', 'PROFILE_SETTINGS_VIEW', NULL, NULL, 'UID11', CURRENT_TIMESTAMP, CURRENT_TIMESTAMP, CURRENT_TIMESTAMP, '0');
INSERT INTO `groupactionlimit` (`id`, `Group_id`, `Action_id`, `LimitType_id`, `value`, `createdby`, `createdts`, `lastmodifiedts`, `synctimestamp`, `softdeleteflag`) VALUES ('f97f892e-cae4-46f9-ae9b-d8d5f9d12b4c', 'GROUP_MICRO_CREATOR', 'PROFILE_SETTINGS_UPDATE', NULL, NULL, 'UID11', CURRENT_TIMESTAMP, CURRENT_TIMESTAMP, CURRENT_TIMESTAMP, '0');
INSERT INTO `groupactionlimit` (`id`, `Group_id`, `Action_id`, `LimitType_id`, `value`, `createdby`, `createdts`, `lastmodifiedts`, `synctimestamp`, `softdeleteflag`) VALUES ('638740da-90a8-4fc1-9bb7-491764409b3d', 'GROUP_MICRO_CREATOR', 'MESSAGES_VIEW', NULL, NULL, 'UID11', CURRENT_TIMESTAMP, CURRENT_TIMESTAMP, CURRENT_TIMESTAMP, '0');
INSERT INTO `groupactionlimit` (`id`, `Group_id`, `Action_id`, `LimitType_id`, `value`, `createdby`, `createdts`, `lastmodifiedts`, `synctimestamp`, `softdeleteflag`) VALUES ('9f4e3d61-3969-4007-a47a-c22c6318e016', 'GROUP_MICRO_CREATOR', 'MESSAGES_DELETE', NULL, NULL, 'UID11', CURRENT_TIMESTAMP, CURRENT_TIMESTAMP, CURRENT_TIMESTAMP, '0');
INSERT INTO `groupactionlimit` (`id`, `Group_id`, `Action_id`, `LimitType_id`, `value`, `createdby`, `createdts`, `lastmodifiedts`, `synctimestamp`, `softdeleteflag`) VALUES ('a95ded79-409f-49a2-8634-f1046a4d6d6c', 'GROUP_MICRO_CREATOR', 'MESSAGES_REPLY', NULL, NULL, 'UID11', CURRENT_TIMESTAMP, CURRENT_TIMESTAMP, CURRENT_TIMESTAMP, '0');
INSERT INTO `groupactionlimit` (`id`, `Group_id`, `Action_id`, `LimitType_id`, `value`, `createdby`, `createdts`, `lastmodifiedts`, `synctimestamp`, `softdeleteflag`) VALUES ('9bf05869-4b66-42da-be5a-0b7fe8d770a7', 'GROUP_MICRO_CREATOR', 'NOTIFICATION_VIEW', NULL, NULL, 'UID11', CURRENT_TIMESTAMP, CURRENT_TIMESTAMP, CURRENT_TIMESTAMP, '0');
INSERT INTO `groupactionlimit` (`id`, `Group_id`, `Action_id`, `LimitType_id`, `value`, `createdby`, `createdts`, `lastmodifiedts`, `synctimestamp`, `softdeleteflag`) VALUES ('c0ca3fd0-a608-4d35-b8a5-ccbaea5fde96', 'GROUP_MICRO_CREATOR', 'NOTIFICATION_UPDATE', NULL, NULL, 'UID11', CURRENT_TIMESTAMP, CURRENT_TIMESTAMP, CURRENT_TIMESTAMP, '0');
INSERT INTO `groupactionlimit` (`id`, `Group_id`, `Action_id`, `LimitType_id`, `value`, `createdby`, `createdts`, `lastmodifiedts`, `synctimestamp`, `softdeleteflag`) VALUES ('a9c0ac5e-2b92-4387-96f9-6621e284a1db', 'GROUP_MICRO_CREATOR', 'BILL_PAY_BULK', NULL, NULL, 'UID11', CURRENT_TIMESTAMP, CURRENT_TIMESTAMP, CURRENT_TIMESTAMP, '0');
INSERT INTO `groupactionlimit` (`id`, `Group_id`, `Action_id`, `LimitType_id`, `value`, `createdby`, `createdts`, `lastmodifiedts`, `synctimestamp`, `softdeleteflag`) VALUES ('8220736f-f79f-4a49-8768-361dff540521', 'GROUP_MICRO_CREATOR', 'BILL_PAY_ACTIVATE_OR_DEACTIVATE', NULL, NULL, 'UID11', CURRENT_TIMESTAMP, CURRENT_TIMESTAMP, CURRENT_TIMESTAMP, '0');
INSERT INTO `groupactionlimit` (`id`, `Group_id`, `Action_id`, `LimitType_id`, `value`, `createdby`, `createdts`, `lastmodifiedts`, `synctimestamp`, `softdeleteflag`) VALUES ('118d860b-a5f8-41fc-8208-27b2f1e46120', 'GROUP_MICRO_CREATOR', 'APPLICANT_MANAGEMENT_CREATE', NULL, NULL, 'UID11', CURRENT_TIMESTAMP, CURRENT_TIMESTAMP, CURRENT_TIMESTAMP, '0');
INSERT INTO `groupactionlimit` (`id`, `Group_id`, `Action_id`, `LimitType_id`, `value`, `createdby`, `createdts`, `lastmodifiedts`, `synctimestamp`, `softdeleteflag`) VALUES ('c150150a-19bd-4ca0-9ad8-44528b8d8afe', 'GROUP_MICRO_CREATOR', 'TRANSACTION_MANAGEMENT_DELETE', NULL, NULL, 'UID11', CURRENT_TIMESTAMP, CURRENT_TIMESTAMP, CURRENT_TIMESTAMP, '0');
INSERT INTO `groupactionlimit` (`id`, `Group_id`, `Action_id`, `LimitType_id`, `value`, `createdby`, `createdts`, `lastmodifiedts`, `synctimestamp`, `softdeleteflag`) VALUES ('3c6efbd0-1225-4aab-b3b4-47a970cfb31f', 'GROUP_MICRO_CREATOR', 'RECIPIENT_MANAGEMENT_VIEW', NULL, NULL, 'UID11', CURRENT_TIMESTAMP, CURRENT_TIMESTAMP, CURRENT_TIMESTAMP, '0');
INSERT INTO `groupactionlimit` (`id`, `Group_id`, `Action_id`, `LimitType_id`, `value`, `createdby`, `createdts`, `lastmodifiedts`, `synctimestamp`, `softdeleteflag`) VALUES ('9bda49bc-c7d0-49af-b8d8-20561b532e13', 'GROUP_MICRO_VIEWER', 'PAYEE_MANAGEMENT_VIEW', NULL, NULL, 'UID11', CURRENT_TIMESTAMP, CURRENT_TIMESTAMP, CURRENT_TIMESTAMP, '0');
INSERT INTO `groupactionlimit` (`id`, `Group_id`, `Action_id`, `LimitType_id`, `value`, `createdby`, `createdts`, `lastmodifiedts`, `synctimestamp`, `softdeleteflag`) VALUES ('a7b7532c-bac6-44dd-b741-575ecc868057', 'GROUP_MICRO_VIEWER', 'PAYEE_MANAGEMENT_CREATE', NULL, NULL, 'UID11', CURRENT_TIMESTAMP, CURRENT_TIMESTAMP, CURRENT_TIMESTAMP, '0');
INSERT INTO `groupactionlimit` (`id`, `Group_id`, `Action_id`, `LimitType_id`, `value`, `createdby`, `createdts`, `lastmodifiedts`, `synctimestamp`, `softdeleteflag`) VALUES ('5e607952-4caf-4215-9407-205809df3fe1', 'GROUP_MICRO_VIEWER', 'PAYEE_MANAGEMENT_EDIT', NULL, NULL, 'UID11', CURRENT_TIMESTAMP, CURRENT_TIMESTAMP, CURRENT_TIMESTAMP, '0');
INSERT INTO `groupactionlimit` (`id`, `Group_id`, `Action_id`, `LimitType_id`, `value`, `createdby`, `createdts`, `lastmodifiedts`, `synctimestamp`, `softdeleteflag`) VALUES ('e29d778e-1019-484d-bf0a-fa45568179ea', 'GROUP_MICRO_VIEWER', 'PAYEE_MANAGEMENT_DELETE', NULL, NULL, 'UID11', CURRENT_TIMESTAMP, CURRENT_TIMESTAMP, CURRENT_TIMESTAMP, '0');
INSERT INTO `groupactionlimit` (`id`, `Group_id`, `Action_id`, `LimitType_id`, `value`, `createdby`, `createdts`, `lastmodifiedts`, `synctimestamp`, `softdeleteflag`) VALUES ('acb6d576-69e0-43ee-a61f-5cfda7e913a8', 'GROUP_MICRO_VIEWER', 'RESET_SECURITY_QUESTIONS', NULL, NULL, 'UID11', CURRENT_TIMESTAMP, CURRENT_TIMESTAMP, CURRENT_TIMESTAMP, '0');
INSERT INTO `groupactionlimit` (`id`, `Group_id`, `Action_id`, `LimitType_id`, `value`, `createdby`, `createdts`, `lastmodifiedts`, `synctimestamp`, `softdeleteflag`) VALUES ('bf3d80aa-cf29-4684-a55e-cde8353f0009', 'GROUP_MICRO_VIEWER', 'CARD_MANAGEMENT_LOCK_CARD', NULL, NULL, 'UID11', CURRENT_TIMESTAMP, CURRENT_TIMESTAMP, CURRENT_TIMESTAMP, '0');
INSERT INTO `groupactionlimit` (`id`, `Group_id`, `Action_id`, `LimitType_id`, `value`, `createdby`, `createdts`, `lastmodifiedts`, `synctimestamp`, `softdeleteflag`) VALUES ('bf22d4bd-91c2-4b7a-88a7-8db92145208d', 'GROUP_MICRO_VIEWER', 'CARD_MANAGEMENT_UNLOCK_CARD', NULL, NULL, 'UID11', CURRENT_TIMESTAMP, CURRENT_TIMESTAMP, CURRENT_TIMESTAMP, '0');
INSERT INTO `groupactionlimit` (`id`, `Group_id`, `Action_id`, `LimitType_id`, `value`, `createdby`, `createdts`, `lastmodifiedts`, `synctimestamp`, `softdeleteflag`) VALUES ('3b4b1f69-cc70-46f8-a6e4-628fdc9f4a99', 'GROUP_MICRO_VIEWER', 'CARD_MANAGEMENT_REPLACE_CARD', NULL, NULL, 'UID11', CURRENT_TIMESTAMP, CURRENT_TIMESTAMP, CURRENT_TIMESTAMP, '0');
INSERT INTO `groupactionlimit` (`id`, `Group_id`, `Action_id`, `LimitType_id`, `value`, `createdby`, `createdts`, `lastmodifiedts`, `synctimestamp`, `softdeleteflag`) VALUES ('5a0d1fb3-e495-4d6a-a96a-2436945e879f', 'GROUP_MICRO_VIEWER', 'CARD_MANAGEMENT_CHANGE_PIN', NULL, NULL, 'UID11', CURRENT_TIMESTAMP, CURRENT_TIMESTAMP, CURRENT_TIMESTAMP, '0');
INSERT INTO `groupactionlimit` (`id`, `Group_id`, `Action_id`, `LimitType_id`, `value`, `createdby`, `createdts`, `lastmodifiedts`, `synctimestamp`, `softdeleteflag`) VALUES ('f75fddf0-9f33-42e5-963c-c737f240e75f', 'GROUP_MICRO_VIEWER', 'MESSAGES_CREATE', NULL, NULL, 'UID11', CURRENT_TIMESTAMP, CURRENT_TIMESTAMP, CURRENT_TIMESTAMP, '0');
INSERT INTO `groupactionlimit` (`id`, `Group_id`, `Action_id`, `LimitType_id`, `value`, `createdby`, `createdts`, `lastmodifiedts`, `synctimestamp`, `softdeleteflag`) VALUES ('221cdb12-360c-43ce-939c-2a70e98db8e9', 'GROUP_MICRO_VIEWER', 'FEEDBACK_SUBMIT', NULL, NULL, 'UID11', CURRENT_TIMESTAMP, CURRENT_TIMESTAMP, CURRENT_TIMESTAMP, '0');
INSERT INTO `groupactionlimit` (`id`, `Group_id`, `Action_id`, `LimitType_id`, `value`, `createdby`, `createdts`, `lastmodifiedts`, `synctimestamp`, `softdeleteflag`) VALUES ('4466bbd0-4dc3-4e40-a36d-f1584c477698', 'GROUP_MICRO_VIEWER', 'PROFILE_SETTINGS_VIEW', NULL, NULL, 'UID11', CURRENT_TIMESTAMP, CURRENT_TIMESTAMP, CURRENT_TIMESTAMP, '0');
INSERT INTO `groupactionlimit` (`id`, `Group_id`, `Action_id`, `LimitType_id`, `value`, `createdby`, `createdts`, `lastmodifiedts`, `synctimestamp`, `softdeleteflag`) VALUES ('97d4a00a-42ac-455d-8601-e0d3200af70b', 'GROUP_MICRO_VIEWER', 'PROFILE_SETTINGS_UPDATE', NULL, NULL, 'UID11', CURRENT_TIMESTAMP, CURRENT_TIMESTAMP, CURRENT_TIMESTAMP, '0');
INSERT INTO `groupactionlimit` (`id`, `Group_id`, `Action_id`, `LimitType_id`, `value`, `createdby`, `createdts`, `lastmodifiedts`, `synctimestamp`, `softdeleteflag`) VALUES ('320b5887-8379-42c5-b8e5-41c577ad3024', 'GROUP_MICRO_VIEWER', 'MESSAGES_VIEW', NULL, NULL, 'UID11', CURRENT_TIMESTAMP, CURRENT_TIMESTAMP, CURRENT_TIMESTAMP, '0');
INSERT INTO `groupactionlimit` (`id`, `Group_id`, `Action_id`, `LimitType_id`, `value`, `createdby`, `createdts`, `lastmodifiedts`, `synctimestamp`, `softdeleteflag`) VALUES ('619c2262-aa5f-4bf7-adf7-012f8866dc6d', 'GROUP_MICRO_VIEWER', 'MESSAGES_DELETE', NULL, NULL, 'UID11', CURRENT_TIMESTAMP, CURRENT_TIMESTAMP, CURRENT_TIMESTAMP, '0');
INSERT INTO `groupactionlimit` (`id`, `Group_id`, `Action_id`, `LimitType_id`, `value`, `createdby`, `createdts`, `lastmodifiedts`, `synctimestamp`, `softdeleteflag`) VALUES ('c668c5f5-7023-4d98-8e0b-3e9c9fa96c2c', 'GROUP_MICRO_VIEWER', 'MESSAGES_REPLY', NULL, NULL, 'UID11', CURRENT_TIMESTAMP, CURRENT_TIMESTAMP, CURRENT_TIMESTAMP, '0');
INSERT INTO `groupactionlimit` (`id`, `Group_id`, `Action_id`, `LimitType_id`, `value`, `createdby`, `createdts`, `lastmodifiedts`, `synctimestamp`, `softdeleteflag`) VALUES ('c32d1f5a-d464-489a-b2fe-ee2899ab3478', 'GROUP_MICRO_VIEWER', 'NOTIFICATION_VIEW', NULL, NULL, 'UID11', CURRENT_TIMESTAMP, CURRENT_TIMESTAMP, CURRENT_TIMESTAMP, '0');
INSERT INTO `groupactionlimit` (`id`, `Group_id`, `Action_id`, `LimitType_id`, `value`, `createdby`, `createdts`, `lastmodifiedts`, `synctimestamp`, `softdeleteflag`) VALUES ('1fc623e6-818e-4dc1-b18c-fc19a2e07cf3', 'GROUP_MICRO_VIEWER', 'NOTIFICATION_UPDATE', NULL, NULL, 'UID11', CURRENT_TIMESTAMP, CURRENT_TIMESTAMP, CURRENT_TIMESTAMP, '0');
INSERT INTO `groupactionlimit` (`id`, `Group_id`, `Action_id`, `LimitType_id`, `value`, `createdby`, `createdts`, `lastmodifiedts`, `synctimestamp`, `softdeleteflag`) VALUES ('3a73fb5a-ff70-458a-a52a-4b71d6694dd8', 'GROUP_MICRO_VIEWER', 'BILL_PAY_BULK', NULL, NULL, 'UID11', CURRENT_TIMESTAMP, CURRENT_TIMESTAMP, CURRENT_TIMESTAMP, '0');
INSERT INTO `groupactionlimit` (`id`, `Group_id`, `Action_id`, `LimitType_id`, `value`, `createdby`, `createdts`, `lastmodifiedts`, `synctimestamp`, `softdeleteflag`) VALUES ('c85a5fa6-d7a1-4714-8bc9-12a14f345810', 'GROUP_MICRO_VIEWER', 'BILL_PAY_ACTIVATE_OR_DEACTIVATE', NULL, NULL, 'UID11', CURRENT_TIMESTAMP, CURRENT_TIMESTAMP, CURRENT_TIMESTAMP, '0');
INSERT INTO `groupactionlimit` (`id`, `Group_id`, `Action_id`, `LimitType_id`, `value`, `createdby`, `createdts`, `lastmodifiedts`, `synctimestamp`, `softdeleteflag`) VALUES ('c06826c6-a590-4c0c-95dc-fcbb571d2ffb', 'GROUP_MICRO_VIEWER', 'APPLICANT_MANAGEMENT_CREATE', NULL, NULL, 'UID11', CURRENT_TIMESTAMP, CURRENT_TIMESTAMP, CURRENT_TIMESTAMP, '0');
INSERT INTO `groupactionlimit` (`id`, `Group_id`, `Action_id`, `LimitType_id`, `value`, `createdby`, `createdts`, `lastmodifiedts`, `synctimestamp`, `softdeleteflag`) VALUES ('95806cda-83e7-42de-88fd-6cc4e91eb263', 'GROUP_MICRO_VIEWER', 'TRANSACTION_MANAGEMENT_DELETE', NULL, NULL, 'UID11', CURRENT_TIMESTAMP, CURRENT_TIMESTAMP, CURRENT_TIMESTAMP, '0');
INSERT INTO `groupactionlimit` (`id`, `Group_id`, `Action_id`, `LimitType_id`, `value`, `createdby`, `createdts`, `lastmodifiedts`, `synctimestamp`, `softdeleteflag`) VALUES ('8c3c774b-1022-4040-8929-53eb39a491e0', 'GROUP_MICRO_VIEWER', 'RECIPIENT_MANAGEMENT_VIEW', NULL, NULL, 'UID11', CURRENT_TIMESTAMP, CURRENT_TIMESTAMP, CURRENT_TIMESTAMP, '0');
INSERT INTO `groupactionlimit` (`id`, `Group_id`, `Action_id`, `LimitType_id`, `value`, `createdby`, `createdts`, `lastmodifiedts`, `synctimestamp`, `softdeleteflag`) VALUES ('421913f5-6e27-4371-ac5a-6177b65a558e', 'GROUP_PLATINUM', 'INTRA_BANK_FUND_TRANSFER_CREATE', 'MAX_TRANSACTION_LIMIT', '100000.00', 'UID11', CURRENT_TIMESTAMP, CURRENT_TIMESTAMP, CURRENT_TIMESTAMP, '0');
INSERT INTO `groupactionlimit` (`id`, `Group_id`, `Action_id`, `LimitType_id`, `value`, `createdby`, `createdts`, `lastmodifiedts`, `synctimestamp`, `softdeleteflag`) VALUES ('341f1ce3-0e56-49fc-b588-148c72a294d5', 'GROUP_PLATINUM', 'INTRA_BANK_FUND_TRANSFER_CREATE', 'DAILY_LIMIT', '200000.00', 'UID11', CURRENT_TIMESTAMP, CURRENT_TIMESTAMP, CURRENT_TIMESTAMP, '0');
INSERT INTO `groupactionlimit` (`id`, `Group_id`, `Action_id`, `LimitType_id`, `value`, `createdby`, `createdts`, `lastmodifiedts`, `synctimestamp`, `softdeleteflag`) VALUES ('89136e50-b4d6-4e7e-8761-a9f29b89ab8c', 'GROUP_PLATINUM', 'INTRA_BANK_FUND_TRANSFER_CREATE', 'WEEKLY_LIMIT', '1000000.00', 'UID11', CURRENT_TIMESTAMP, CURRENT_TIMESTAMP, CURRENT_TIMESTAMP, '0');
INSERT INTO `groupactionlimit` (`id`, `Group_id`, `Action_id`, `LimitType_id`, `value`, `createdby`, `createdts`, `lastmodifiedts`, `synctimestamp`, `softdeleteflag`) VALUES ('2bfc16cc-47de-447a-9eb9-04d539d3b406', 'GROUP_PLATINUM', 'TRANSFER_BETWEEN_OWN_ACCOUNT_CREATE', 'MAX_TRANSACTION_LIMIT', '100000.00', 'UID11', CURRENT_TIMESTAMP, CURRENT_TIMESTAMP, CURRENT_TIMESTAMP, '0');
INSERT INTO `groupactionlimit` (`id`, `Group_id`, `Action_id`, `LimitType_id`, `value`, `createdby`, `createdts`, `lastmodifiedts`, `synctimestamp`, `softdeleteflag`) VALUES ('00eda4fb-142c-4a9f-bddf-72335efed720', 'GROUP_PLATINUM', 'TRANSFER_BETWEEN_OWN_ACCOUNT_CREATE', 'DAILY_LIMIT', '200000.00', 'UID11', CURRENT_TIMESTAMP, CURRENT_TIMESTAMP, CURRENT_TIMESTAMP, '0');
INSERT INTO `groupactionlimit` (`id`, `Group_id`, `Action_id`, `LimitType_id`, `value`, `createdby`, `createdts`, `lastmodifiedts`, `synctimestamp`, `softdeleteflag`) VALUES ('d2b4137b-4b05-4cf2-957c-24477d43a778', 'GROUP_PLATINUM', 'TRANSFER_BETWEEN_OWN_ACCOUNT_CREATE', 'WEEKLY_LIMIT', '1000000.00', 'UID11', CURRENT_TIMESTAMP, CURRENT_TIMESTAMP, CURRENT_TIMESTAMP, '0');
INSERT INTO `groupactionlimit` (`id`, `Group_id`, `Action_id`, `LimitType_id`, `value`, `createdby`, `createdts`, `lastmodifiedts`, `synctimestamp`, `softdeleteflag`) VALUES ('efece238-3ce9-4023-9096-c9a787cb5ce1', 'GROUP_PLATINUM', 'RDC', 'MAX_TRANSACTION_LIMIT', '100000.00', 'UID11', CURRENT_TIMESTAMP, CURRENT_TIMESTAMP, CURRENT_TIMESTAMP, '0');
INSERT INTO `groupactionlimit` (`id`, `Group_id`, `Action_id`, `LimitType_id`, `value`, `createdby`, `createdts`, `lastmodifiedts`, `synctimestamp`, `softdeleteflag`) VALUES ('3ff476a7-fc64-4fc3-94a4-dd1271e66da8', 'GROUP_PLATINUM', 'RDC', 'DAILY_LIMIT', '200000.00', 'UID11', CURRENT_TIMESTAMP, CURRENT_TIMESTAMP, CURRENT_TIMESTAMP, '0');
INSERT INTO `groupactionlimit` (`id`, `Group_id`, `Action_id`, `LimitType_id`, `value`, `createdby`, `createdts`, `lastmodifiedts`, `synctimestamp`, `softdeleteflag`) VALUES ('95c9e23d-af14-488c-af51-f81e41ba7547', 'GROUP_PLATINUM', 'RDC', 'WEEKLY_LIMIT', '1000000.00', 'UID11', CURRENT_TIMESTAMP, CURRENT_TIMESTAMP, CURRENT_TIMESTAMP, '0');
INSERT INTO `groupactionlimit` (`id`, `Group_id`, `Action_id`, `LimitType_id`, `value`, `createdby`, `createdts`, `lastmodifiedts`, `synctimestamp`, `softdeleteflag`) VALUES ('647c5d59-916f-437c-accc-d5f79babe933', 'GROUP_TESTING', 'INTRA_BANK_FUND_TRANSFER_CREATE', 'MAX_TRANSACTION_LIMIT', '100000.00', 'UID11', CURRENT_TIMESTAMP, CURRENT_TIMESTAMP, CURRENT_TIMESTAMP, '0');
INSERT INTO `groupactionlimit` (`id`, `Group_id`, `Action_id`, `LimitType_id`, `value`, `createdby`, `createdts`, `lastmodifiedts`, `synctimestamp`, `softdeleteflag`) VALUES ('adc8982e-03c9-4ad2-bd8b-595ecfb47b9f', 'GROUP_TESTING', 'INTRA_BANK_FUND_TRANSFER_CREATE', 'DAILY_LIMIT', '200000.00', 'UID11', CURRENT_TIMESTAMP, CURRENT_TIMESTAMP, CURRENT_TIMESTAMP, '0');
INSERT INTO `groupactionlimit` (`id`, `Group_id`, `Action_id`, `LimitType_id`, `value`, `createdby`, `createdts`, `lastmodifiedts`, `synctimestamp`, `softdeleteflag`) VALUES ('41195b1f-3ea2-4920-966f-daee0c88e803', 'GROUP_TESTING', 'INTRA_BANK_FUND_TRANSFER_CREATE', 'WEEKLY_LIMIT', '1000000.00', 'UID11', CURRENT_TIMESTAMP, CURRENT_TIMESTAMP, CURRENT_TIMESTAMP, '0');
INSERT INTO `groupactionlimit` (`id`, `Group_id`, `Action_id`, `LimitType_id`, `value`, `createdby`, `createdts`, `lastmodifiedts`, `synctimestamp`, `softdeleteflag`) VALUES ('1312e428-ad1b-4200-ac2c-fcef7573ebc3', 'GROUP_TESTING', 'TRANSFER_BETWEEN_OWN_ACCOUNT_CREATE', 'MAX_TRANSACTION_LIMIT', '100000.00', 'UID11', CURRENT_TIMESTAMP, CURRENT_TIMESTAMP, CURRENT_TIMESTAMP, '0');
INSERT INTO `groupactionlimit` (`id`, `Group_id`, `Action_id`, `LimitType_id`, `value`, `createdby`, `createdts`, `lastmodifiedts`, `synctimestamp`, `softdeleteflag`) VALUES ('a2750cf6-7acd-4c8f-8063-f075284cfc3a', 'GROUP_TESTING', 'TRANSFER_BETWEEN_OWN_ACCOUNT_CREATE', 'DAILY_LIMIT', '200000.00', 'UID11', CURRENT_TIMESTAMP, CURRENT_TIMESTAMP, CURRENT_TIMESTAMP, '0');
INSERT INTO `groupactionlimit` (`id`, `Group_id`, `Action_id`, `LimitType_id`, `value`, `createdby`, `createdts`, `lastmodifiedts`, `synctimestamp`, `softdeleteflag`) VALUES ('78d943f6-cb3a-491c-983f-6524d6cff7d3', 'GROUP_TESTING', 'TRANSFER_BETWEEN_OWN_ACCOUNT_CREATE', 'WEEKLY_LIMIT', '1000000.00', 'UID11', CURRENT_TIMESTAMP, CURRENT_TIMESTAMP, CURRENT_TIMESTAMP, '0');
INSERT INTO `groupactionlimit` (`id`, `Group_id`, `Action_id`, `LimitType_id`, `value`, `createdby`, `createdts`, `lastmodifiedts`, `synctimestamp`, `softdeleteflag`) VALUES ('6d43c7b1-7717-42eb-ae34-a4c17fc60a09', 'GROUP_TESTING', 'INTER_BANK_ACCOUNT_FUND_TRANSFER_CREATE', 'MAX_TRANSACTION_LIMIT', '100000.00', 'UID11', CURRENT_TIMESTAMP, CURRENT_TIMESTAMP, CURRENT_TIMESTAMP, '0');
INSERT INTO `groupactionlimit` (`id`, `Group_id`, `Action_id`, `LimitType_id`, `value`, `createdby`, `createdts`, `lastmodifiedts`, `synctimestamp`, `softdeleteflag`) VALUES ('0b9d9fc8-57e7-492c-8a1f-890013596f78', 'GROUP_TESTING', 'INTER_BANK_ACCOUNT_FUND_TRANSFER_CREATE', 'DAILY_LIMIT', '200000.00', 'UID11', CURRENT_TIMESTAMP, CURRENT_TIMESTAMP, CURRENT_TIMESTAMP, '0');
INSERT INTO `groupactionlimit` (`id`, `Group_id`, `Action_id`, `LimitType_id`, `value`, `createdby`, `createdts`, `lastmodifiedts`, `synctimestamp`, `softdeleteflag`) VALUES ('36c109a3-a1a5-46d6-8c87-0eb99d8ac8d2', 'GROUP_TESTING', 'INTER_BANK_ACCOUNT_FUND_TRANSFER_CREATE', 'WEEKLY_LIMIT', '1000000.00', 'UID11', CURRENT_TIMESTAMP, CURRENT_TIMESTAMP, CURRENT_TIMESTAMP, '0');
INSERT INTO `groupactionlimit` (`id`, `Group_id`, `Action_id`, `LimitType_id`, `value`, `createdby`, `createdts`, `lastmodifiedts`, `synctimestamp`, `softdeleteflag`) VALUES ('c475a3ca-c0ea-47d9-8607-a91d90456447', 'GROUP_TESTING', 'INTERNATIONAL_ACCOUNT_FUND_TRANSFER_CREATE', 'MAX_TRANSACTION_LIMIT', '100000.00', 'UID11', CURRENT_TIMESTAMP, CURRENT_TIMESTAMP, CURRENT_TIMESTAMP, '0');
INSERT INTO `groupactionlimit` (`id`, `Group_id`, `Action_id`, `LimitType_id`, `value`, `createdby`, `createdts`, `lastmodifiedts`, `synctimestamp`, `softdeleteflag`) VALUES ('6e8d4c58-99d1-4d59-b0d5-8413ec52a863', 'GROUP_TESTING', 'INTERNATIONAL_ACCOUNT_FUND_TRANSFER_CREATE', 'DAILY_LIMIT', '200000.00', 'UID11', CURRENT_TIMESTAMP, CURRENT_TIMESTAMP, CURRENT_TIMESTAMP, '0');
INSERT INTO `groupactionlimit` (`id`, `Group_id`, `Action_id`, `LimitType_id`, `value`, `createdby`, `createdts`, `lastmodifiedts`, `synctimestamp`, `softdeleteflag`) VALUES ('f2213133-0d59-40a3-b20b-58a50e2e09d9', 'GROUP_TESTING', 'INTERNATIONAL_ACCOUNT_FUND_TRANSFER_CREATE', 'WEEKLY_LIMIT', '1000000.00', 'UID11', CURRENT_TIMESTAMP, CURRENT_TIMESTAMP, CURRENT_TIMESTAMP, '0');
INSERT INTO `groupactionlimit` (`id`, `Group_id`, `Action_id`, `LimitType_id`, `value`, `createdby`, `createdts`, `lastmodifiedts`, `synctimestamp`, `softdeleteflag`) VALUES ('9c23463d-2add-46e2-9460-8ab7391b4fff', 'GROUP_TESTING', 'DOMESTIC_WIRE_TRANSFER_CREATE', 'MAX_TRANSACTION_LIMIT', '100000.00', 'UID11', CURRENT_TIMESTAMP, CURRENT_TIMESTAMP, CURRENT_TIMESTAMP, '0');
INSERT INTO `groupactionlimit` (`id`, `Group_id`, `Action_id`, `LimitType_id`, `value`, `createdby`, `createdts`, `lastmodifiedts`, `synctimestamp`, `softdeleteflag`) VALUES ('bc29ec5f-91d0-416b-b08d-df509dbb4586', 'GROUP_TESTING', 'DOMESTIC_WIRE_TRANSFER_CREATE', 'DAILY_LIMIT', '200000.00', 'UID11', CURRENT_TIMESTAMP, CURRENT_TIMESTAMP, CURRENT_TIMESTAMP, '0');
INSERT INTO `groupactionlimit` (`id`, `Group_id`, `Action_id`, `LimitType_id`, `value`, `createdby`, `createdts`, `lastmodifiedts`, `synctimestamp`, `softdeleteflag`) VALUES ('5cce8af5-79d5-4910-905c-eca4c0e283d0', 'GROUP_TESTING', 'DOMESTIC_WIRE_TRANSFER_CREATE', 'WEEKLY_LIMIT', '1000000.00', 'UID11', CURRENT_TIMESTAMP, CURRENT_TIMESTAMP, CURRENT_TIMESTAMP, '0');
INSERT INTO `groupactionlimit` (`id`, `Group_id`, `Action_id`, `LimitType_id`, `value`, `createdby`, `createdts`, `lastmodifiedts`, `synctimestamp`, `softdeleteflag`) VALUES ('f6393872-917f-481f-b63d-48a203e2839c', 'GROUP_TESTING', 'INTERNATIONAL_WIRE_TRANSFER_CREATE', 'MAX_TRANSACTION_LIMIT', '100000.00', 'UID11', CURRENT_TIMESTAMP, CURRENT_TIMESTAMP, CURRENT_TIMESTAMP, '0');
INSERT INTO `groupactionlimit` (`id`, `Group_id`, `Action_id`, `LimitType_id`, `value`, `createdby`, `createdts`, `lastmodifiedts`, `synctimestamp`, `softdeleteflag`) VALUES ('3c80f629-c874-48fa-b771-0a32738d4910', 'GROUP_TESTING', 'INTERNATIONAL_WIRE_TRANSFER_CREATE', 'DAILY_LIMIT', '200000.00', 'UID11', CURRENT_TIMESTAMP, CURRENT_TIMESTAMP, CURRENT_TIMESTAMP, '0');
INSERT INTO `groupactionlimit` (`id`, `Group_id`, `Action_id`, `LimitType_id`, `value`, `createdby`, `createdts`, `lastmodifiedts`, `synctimestamp`, `softdeleteflag`) VALUES ('a97218cd-0e49-43fc-b3fa-f6bef7bacc60', 'GROUP_TESTING', 'INTERNATIONAL_WIRE_TRANSFER_CREATE', 'WEEKLY_LIMIT', '1000000.00', 'UID11', CURRENT_TIMESTAMP, CURRENT_TIMESTAMP, CURRENT_TIMESTAMP, '0');
INSERT INTO `groupactionlimit` (`id`, `Group_id`, `Action_id`, `LimitType_id`, `value`, `createdby`, `createdts`, `lastmodifiedts`, `synctimestamp`, `softdeleteflag`) VALUES ('4312f4d4-5636-47d3-9398-28aa010bd0bf', 'GROUP_TESTING', 'BILL_PAY_CREATE', 'MAX_TRANSACTION_LIMIT', '100000.00', 'UID11', CURRENT_TIMESTAMP, CURRENT_TIMESTAMP, CURRENT_TIMESTAMP, '0');
INSERT INTO `groupactionlimit` (`id`, `Group_id`, `Action_id`, `LimitType_id`, `value`, `createdby`, `createdts`, `lastmodifiedts`, `synctimestamp`, `softdeleteflag`) VALUES ('1cd517a2-a7e0-45a3-ac83-48909086684b', 'GROUP_TESTING', 'BILL_PAY_CREATE', 'DAILY_LIMIT', '200000.00', 'UID11', CURRENT_TIMESTAMP, CURRENT_TIMESTAMP, CURRENT_TIMESTAMP, '0');
INSERT INTO `groupactionlimit` (`id`, `Group_id`, `Action_id`, `LimitType_id`, `value`, `createdby`, `createdts`, `lastmodifiedts`, `synctimestamp`, `softdeleteflag`) VALUES ('c75e7142-92a1-452f-99ec-62e6f1afca90', 'GROUP_TESTING', 'BILL_PAY_CREATE', 'WEEKLY_LIMIT', '1000000.00', 'UID11', CURRENT_TIMESTAMP, CURRENT_TIMESTAMP, CURRENT_TIMESTAMP, '0');
INSERT INTO `groupactionlimit` (`id`, `Group_id`, `Action_id`, `LimitType_id`, `value`, `createdby`, `createdts`, `lastmodifiedts`, `synctimestamp`, `softdeleteflag`) VALUES ('1c7e0062-38c3-448f-80fc-7f721021cff1', 'GROUP_TESTING', 'P2P_CREATE', 'MAX_TRANSACTION_LIMIT', '100000.00', 'UID11', CURRENT_TIMESTAMP, CURRENT_TIMESTAMP, CURRENT_TIMESTAMP, '0');
INSERT INTO `groupactionlimit` (`id`, `Group_id`, `Action_id`, `LimitType_id`, `value`, `createdby`, `createdts`, `lastmodifiedts`, `synctimestamp`, `softdeleteflag`) VALUES ('68a56906-3700-4c93-8ea3-e903e0ffdb37', 'GROUP_TESTING', 'P2P_CREATE', 'DAILY_LIMIT', '200000.00', 'UID11', CURRENT_TIMESTAMP, CURRENT_TIMESTAMP, CURRENT_TIMESTAMP, '0');
INSERT INTO `groupactionlimit` (`id`, `Group_id`, `Action_id`, `LimitType_id`, `value`, `createdby`, `createdts`, `lastmodifiedts`, `synctimestamp`, `softdeleteflag`) VALUES ('b9b5b467-e350-419d-9f30-f475a676820c', 'GROUP_TESTING', 'P2P_CREATE', 'WEEKLY_LIMIT', '1000000.00', 'UID11', CURRENT_TIMESTAMP, CURRENT_TIMESTAMP, CURRENT_TIMESTAMP, '0');
INSERT INTO `groupactionlimit` (`id`, `Group_id`, `Action_id`, `LimitType_id`, `value`, `createdby`, `createdts`, `lastmodifiedts`, `synctimestamp`, `softdeleteflag`) VALUES ('edfe5040-72d1-49fe-b51b-bdd26e797385', 'GROUP_TESTING', 'RDC', 'MAX_TRANSACTION_LIMIT', '100000.00', 'UID11', CURRENT_TIMESTAMP, CURRENT_TIMESTAMP, CURRENT_TIMESTAMP, '0');
INSERT INTO `groupactionlimit` (`id`, `Group_id`, `Action_id`, `LimitType_id`, `value`, `createdby`, `createdts`, `lastmodifiedts`, `synctimestamp`, `softdeleteflag`) VALUES ('ca02c7a9-2eb6-4878-871d-70c907b7420a', 'GROUP_TESTING', 'RDC', 'DAILY_LIMIT', '200000.00', 'UID11', CURRENT_TIMESTAMP, CURRENT_TIMESTAMP, CURRENT_TIMESTAMP, '0');
INSERT INTO `groupactionlimit` (`id`, `Group_id`, `Action_id`, `LimitType_id`, `value`, `createdby`, `createdts`, `lastmodifiedts`, `synctimestamp`, `softdeleteflag`) VALUES ('ba0f541e-3dac-46d7-8206-0835462b1f96', 'GROUP_TESTING', 'RDC', 'WEEKLY_LIMIT', '1000000.00', 'UID11', CURRENT_TIMESTAMP, CURRENT_TIMESTAMP, CURRENT_TIMESTAMP, '0');
INSERT INTO `groupactionlimit` (`id`, `Group_id`, `Action_id`, `LimitType_id`, `value`, `createdby`, `createdts`, `lastmodifiedts`, `synctimestamp`, `softdeleteflag`) VALUES ('e93940eb-4d40-4194-b511-99f35ddf22e9', 'GROUP_VIEWER', 'PAYEE_MANAGEMENT_VIEW', NULL, NULL, 'UID11', CURRENT_TIMESTAMP, CURRENT_TIMESTAMP, CURRENT_TIMESTAMP, '0');
INSERT INTO `groupactionlimit` (`id`, `Group_id`, `Action_id`, `LimitType_id`, `value`, `createdby`, `createdts`, `lastmodifiedts`, `synctimestamp`, `softdeleteflag`) VALUES ('b49b5dcd-514a-4caf-9207-39fde42b0889', 'GROUP_VIEWER', 'PAYEE_MANAGEMENT_CREATE', NULL, NULL, 'UID11', CURRENT_TIMESTAMP, CURRENT_TIMESTAMP, CURRENT_TIMESTAMP, '0');
INSERT INTO `groupactionlimit` (`id`, `Group_id`, `Action_id`, `LimitType_id`, `value`, `createdby`, `createdts`, `lastmodifiedts`, `synctimestamp`, `softdeleteflag`) VALUES ('195ae82d-a9fe-4c6b-b355-2582d2f8d84d', 'GROUP_VIEWER', 'PAYEE_MANAGEMENT_EDIT', NULL, NULL, 'UID11', CURRENT_TIMESTAMP, CURRENT_TIMESTAMP, CURRENT_TIMESTAMP, '0');
INSERT INTO `groupactionlimit` (`id`, `Group_id`, `Action_id`, `LimitType_id`, `value`, `createdby`, `createdts`, `lastmodifiedts`, `synctimestamp`, `softdeleteflag`) VALUES ('d23fbc59-0140-471d-8863-bd8d92891d57', 'GROUP_VIEWER', 'PAYEE_MANAGEMENT_DELETE', NULL, NULL, 'UID11', CURRENT_TIMESTAMP, CURRENT_TIMESTAMP, CURRENT_TIMESTAMP, '0');
INSERT INTO `groupactionlimit` (`id`, `Group_id`, `Action_id`, `LimitType_id`, `value`, `createdby`, `createdts`, `lastmodifiedts`, `synctimestamp`, `softdeleteflag`) VALUES ('30fa24cc-ce66-43c1-8903-d7ff0a02be3f', 'GROUP_VIEWER', 'RESET_SECURITY_QUESTIONS', NULL, NULL, 'UID11', CURRENT_TIMESTAMP, CURRENT_TIMESTAMP, CURRENT_TIMESTAMP, '0');
INSERT INTO `groupactionlimit` (`id`, `Group_id`, `Action_id`, `LimitType_id`, `value`, `createdby`, `createdts`, `lastmodifiedts`, `synctimestamp`, `softdeleteflag`) VALUES ('93ae3901-f209-4886-a5ce-976b6ce13e1b', 'GROUP_VIEWER', 'CARD_MANAGEMENT_LOCK_CARD', NULL, NULL, 'UID11', CURRENT_TIMESTAMP, CURRENT_TIMESTAMP, CURRENT_TIMESTAMP, '0');
INSERT INTO `groupactionlimit` (`id`, `Group_id`, `Action_id`, `LimitType_id`, `value`, `createdby`, `createdts`, `lastmodifiedts`, `synctimestamp`, `softdeleteflag`) VALUES ('352a9da2-0d89-4efb-b31c-0471833f9310', 'GROUP_VIEWER', 'CARD_MANAGEMENT_UNLOCK_CARD', NULL, NULL, 'UID11', CURRENT_TIMESTAMP, CURRENT_TIMESTAMP, CURRENT_TIMESTAMP, '0');
INSERT INTO `groupactionlimit` (`id`, `Group_id`, `Action_id`, `LimitType_id`, `value`, `createdby`, `createdts`, `lastmodifiedts`, `synctimestamp`, `softdeleteflag`) VALUES ('8a747120-59c5-41a2-993c-84eb79a69c9f', 'GROUP_VIEWER', 'CARD_MANAGEMENT_REPLACE_CARD', NULL, NULL, 'UID11', CURRENT_TIMESTAMP, CURRENT_TIMESTAMP, CURRENT_TIMESTAMP, '0');
INSERT INTO `groupactionlimit` (`id`, `Group_id`, `Action_id`, `LimitType_id`, `value`, `createdby`, `createdts`, `lastmodifiedts`, `synctimestamp`, `softdeleteflag`) VALUES ('39d9abc9-d536-463f-a876-3b0f64cedb6b', 'GROUP_VIEWER', 'CARD_MANAGEMENT_CHANGE_PIN', NULL, NULL, 'UID11', CURRENT_TIMESTAMP, CURRENT_TIMESTAMP, CURRENT_TIMESTAMP, '0');
INSERT INTO `groupactionlimit` (`id`, `Group_id`, `Action_id`, `LimitType_id`, `value`, `createdby`, `createdts`, `lastmodifiedts`, `synctimestamp`, `softdeleteflag`) VALUES ('659f93bf-fa77-4f12-984a-11cad7cc850f', 'GROUP_VIEWER', 'MESSAGES_CREATE', NULL, NULL, 'UID11', CURRENT_TIMESTAMP, CURRENT_TIMESTAMP, CURRENT_TIMESTAMP, '0');
INSERT INTO `groupactionlimit` (`id`, `Group_id`, `Action_id`, `LimitType_id`, `value`, `createdby`, `createdts`, `lastmodifiedts`, `synctimestamp`, `softdeleteflag`) VALUES ('cd52d317-8b69-474e-b299-4337227d9b57', 'GROUP_VIEWER', 'FEEDBACK_SUBMIT', NULL, NULL, 'UID11', CURRENT_TIMESTAMP, CURRENT_TIMESTAMP, CURRENT_TIMESTAMP, '0');
INSERT INTO `groupactionlimit` (`id`, `Group_id`, `Action_id`, `LimitType_id`, `value`, `createdby`, `createdts`, `lastmodifiedts`, `synctimestamp`, `softdeleteflag`) VALUES ('77300eae-a250-4f34-b032-d4e4a0b678e4', 'GROUP_VIEWER', 'PROFILE_SETTINGS_VIEW', NULL, NULL, 'UID11', CURRENT_TIMESTAMP, CURRENT_TIMESTAMP, CURRENT_TIMESTAMP, '0');
INSERT INTO `groupactionlimit` (`id`, `Group_id`, `Action_id`, `LimitType_id`, `value`, `createdby`, `createdts`, `lastmodifiedts`, `synctimestamp`, `softdeleteflag`) VALUES ('537d1b61-41d3-4072-8b37-4240002c9598', 'GROUP_VIEWER', 'PROFILE_SETTINGS_UPDATE', NULL, NULL, 'UID11', CURRENT_TIMESTAMP, CURRENT_TIMESTAMP, CURRENT_TIMESTAMP, '0');
INSERT INTO `groupactionlimit` (`id`, `Group_id`, `Action_id`, `LimitType_id`, `value`, `createdby`, `createdts`, `lastmodifiedts`, `synctimestamp`, `softdeleteflag`) VALUES ('ef0f1305-67e3-41c7-b624-8a28277a988e', 'GROUP_VIEWER', 'MESSAGES_VIEW', NULL, NULL, 'UID11', CURRENT_TIMESTAMP, CURRENT_TIMESTAMP, CURRENT_TIMESTAMP, '0');
INSERT INTO `groupactionlimit` (`id`, `Group_id`, `Action_id`, `LimitType_id`, `value`, `createdby`, `createdts`, `lastmodifiedts`, `synctimestamp`, `softdeleteflag`) VALUES ('6a17b7bf-114b-4bfd-88ce-532f7b475925', 'GROUP_VIEWER', 'MESSAGES_DELETE', NULL, NULL, 'UID11', CURRENT_TIMESTAMP, CURRENT_TIMESTAMP, CURRENT_TIMESTAMP, '0');
INSERT INTO `groupactionlimit` (`id`, `Group_id`, `Action_id`, `LimitType_id`, `value`, `createdby`, `createdts`, `lastmodifiedts`, `synctimestamp`, `softdeleteflag`) VALUES ('4ffcdf72-7e29-4217-a19b-e4252159e7fb', 'GROUP_VIEWER', 'MESSAGES_REPLY', NULL, NULL, 'UID11', CURRENT_TIMESTAMP, CURRENT_TIMESTAMP, CURRENT_TIMESTAMP, '0');
INSERT INTO `groupactionlimit` (`id`, `Group_id`, `Action_id`, `LimitType_id`, `value`, `createdby`, `createdts`, `lastmodifiedts`, `synctimestamp`, `softdeleteflag`) VALUES ('13c8a0db-a807-4f5d-9d5c-c23bdfe6dfa3', 'GROUP_VIEWER', 'NOTIFICATION_VIEW', NULL, NULL, 'UID11', CURRENT_TIMESTAMP, CURRENT_TIMESTAMP, CURRENT_TIMESTAMP, '0');
INSERT INTO `groupactionlimit` (`id`, `Group_id`, `Action_id`, `LimitType_id`, `value`, `createdby`, `createdts`, `lastmodifiedts`, `synctimestamp`, `softdeleteflag`) VALUES ('fa9db000-d682-4cbf-9422-62514f709102', 'GROUP_VIEWER', 'NOTIFICATION_UPDATE', NULL, NULL, 'UID11', CURRENT_TIMESTAMP, CURRENT_TIMESTAMP, CURRENT_TIMESTAMP, '0');
INSERT INTO `groupactionlimit` (`id`, `Group_id`, `Action_id`, `LimitType_id`, `value`, `createdby`, `createdts`, `lastmodifiedts`, `synctimestamp`, `softdeleteflag`) VALUES ('f8772463-9b38-4f60-8048-32ab2be836bc', 'GROUP_VIEWER', 'BILL_PAY_BULK', NULL, NULL, 'UID11', CURRENT_TIMESTAMP, CURRENT_TIMESTAMP, CURRENT_TIMESTAMP, '0');
INSERT INTO `groupactionlimit` (`id`, `Group_id`, `Action_id`, `LimitType_id`, `value`, `createdby`, `createdts`, `lastmodifiedts`, `synctimestamp`, `softdeleteflag`) VALUES ('45975987-1e24-420d-b24e-05926d468a7c', 'GROUP_VIEWER', 'BILL_PAY_ACTIVATE_OR_DEACTIVATE', NULL, NULL, 'UID11', CURRENT_TIMESTAMP, CURRENT_TIMESTAMP, CURRENT_TIMESTAMP, '0');
INSERT INTO `groupactionlimit` (`id`, `Group_id`, `Action_id`, `LimitType_id`, `value`, `createdby`, `createdts`, `lastmodifiedts`, `synctimestamp`, `softdeleteflag`) VALUES ('17ca4464-2a6d-4df2-985a-82e1be6ce75b', 'GROUP_VIEWER', 'APPLICANT_MANAGEMENT_CREATE', NULL, NULL, 'UID11', CURRENT_TIMESTAMP, CURRENT_TIMESTAMP, CURRENT_TIMESTAMP, '0');
INSERT INTO `groupactionlimit` (`id`, `Group_id`, `Action_id`, `LimitType_id`, `value`, `createdby`, `createdts`, `lastmodifiedts`, `synctimestamp`, `softdeleteflag`) VALUES ('33b72178-d3ab-4c5b-b568-f1f55488a44b', 'GROUP_VIEWER', 'TRANSACTION_MANAGEMENT_DELETE', NULL, NULL, 'UID11', CURRENT_TIMESTAMP, CURRENT_TIMESTAMP, CURRENT_TIMESTAMP, '0');
INSERT INTO `groupactionlimit` (`id`, `Group_id`, `Action_id`, `LimitType_id`, `value`, `createdby`, `createdts`, `lastmodifiedts`, `synctimestamp`, `softdeleteflag`) VALUES ('4f44aad4-be5b-4da8-a1d1-88a4c177173a', 'GROUP_VIEWER', 'RECIPIENT_MANAGEMENT_VIEW', NULL, NULL, 'UID11', CURRENT_TIMESTAMP, CURRENT_TIMESTAMP, CURRENT_TIMESTAMP, '0');

INSERT INTO `service_permission_mapper` (`id`, `service_name`, `object_name`, `operation`, `user_type`, `permissions`) VALUES ('d8d1052a-eb2d-4bd3-b269-623b4d4af047', 'CustomerManagementObjService ', 'CustomerRequest', 'assignRequests', 'TYPE_ID_CUSTOMER360', 'UpdateMessages,assignRequests');

DELETE FROM `mfa` WHERE (`id` = '1397871175');
DELETE FROM `mfa` WHERE (`id` = '1468107479');
DELETE FROM `mfa` WHERE (`id` = '1472980002');

INSERT INTO `service_permission_mapper` (`id`, `service_name`, `object_name`, `operation`, `user_type`, `permissions`) VALUES ('0a2892c5-b3f3-4f44-881b-3b2oo2d2afe9','MFAObjService','mfaconfigandscenarios','getMFAFeature','TYPE_ID_CUSTOMER360','ViewMFAConfig');
INSERT INTO `service_permission_mapper` (`id`, `service_name`, `object_name`, `operation`, `user_type`, `permissions`) VALUES ('ffcb0286-2abc-403e-bd6f-xsdjhsyuernbf', 'CustomerGroupsAndEntitlObjSvc', 'GroupFeatures', 'getGroupFeaturesAndActions', 'TYPE_ID_CUSTOMER360', 'ViewGroup');
INSERT INTO `service_permission_mapper` (`id`, `service_name`, `object_name`, `operation`, `user_type`, `permissions`) VALUES ('ffcb0286-2abc-403e-bd6f-xsdjhsysdfrew', 'CustomerGroupsAndEntitlObjSvc', 'GroupFeatures', 'getGroupFeaturesAndActionsForEdit', 'TYPE_ID_CUSTOMER360', 'ViewGroup');
INSERT INTO `service_permission_mapper` (`id`, `service_name`, `object_name`, `operation`, `user_type`, `permissions`) VALUES ('0a2892c5-b3f3-4f44-881b-3b2pp2d2afe9','FeatureObjService','feature','getFeatureActions','TYPE_ID_CUSTOMER360','ViewFeatureConfig');
INSERT INTO `service_permission_mapper` (`id`, `service_name`, `object_name`, `operation`, `user_type`, `permissions`) VALUES ('0a2892c5-b3f3-4f44-881b-3e2pp2d2afe9','FeatureObjService','feature','getAllFeatures','TYPE_ID_CUSTOMER360','ViewFeatureConfig');
INSERT INTO `service_permission_mapper` (`id`, `service_name`, `object_name`, `operation`, `user_type`, `permissions`) VALUES ('0a2892c5-b3f3-4f44-881b-3l2pp2d2afe9','FeatureObjService','feature','editFeatureAndActionLimits','TYPE_ID_CUSTOMER360','UpdateFeatureConfig');
