REPLACE INTO `querydefinition` (`id`, `QueryType_id`, `Name`, `createdts`, `lastmodifiedts`, `synctimestamp`, `softdeleteflag`) VALUES ('MORTGAGE_APPLICATION', 'APPLICATION', 'Mortgage Application', '2019-03-06 15:37:23', '2019-03-06 15:37:23', '2019-03-06 15:37:23', '0');
REPLACE INTO `querysection` (`id`, `Name`, `QueryDefinition_id`, `Parent_id`, `ApplicantAllowedTo`, `IndCoApplicantAllowedTo`, `JointCoApplicantAllowedTo`, `Sequence`, `createdts`, `lastmodifiedts`, `synctimestamp`, `softdeleteflag`, `abstractname`) VALUES ('MORTGAGE_CONSENT_GENERAL', 'Consent & Submit', 'MORTGAGE_APPLICATION', 'GENERAL', 'E', 'E', 'E', '6', '2018-09-11 04:48:18', '2018-12-31 10:13:34', '2018-12-31 10:13:34', '0', 'Consent');
REPLACE INTO `querysection` (`id`, `Name`, `QueryDefinition_id`, `Parent_id`, `ApplicantAllowedTo`, `IndCoApplicantAllowedTo`, `JointCoApplicantAllowedTo`, `Sequence`, `createdts`, `lastmodifiedts`, `synctimestamp`, `softdeleteflag`, `abstractname`) VALUES ('MORTGAGE_INCOME_APPLICANT', 'Income', 'MORTGAGE_APPLICATION', 'APPLICANT', 'E', 'E', 'E', '3', '2018-08-27 06:12:18', '2019-02-20 12:10:54', '2019-02-20 12:10:54', '0', 'Income');
REPLACE INTO `querysection` (`id`, `Name`, `QueryDefinition_id`, `Parent_id`, `ApplicantAllowedTo`, `IndCoApplicantAllowedTo`, `JointCoApplicantAllowedTo`, `Sequence`, `createdts`, `lastmodifiedts`, `synctimestamp`, `softdeleteflag`, `abstractname`) VALUES ('MORTGAGE_INFO_APPLICANT', 'Personal Info', 'MORTGAGE_APPLICATION', 'APPLICANT', 'E', 'E', 'E', '2', '2018-08-27 06:12:18', '2019-02-20 12:10:54', '2019-02-20 12:10:54', '0', 'PersonalInfo');
REPLACE INTO `querysectionquestion` (`id`, `QueryDefinition_id`, `QuerySection_id`, `QuestionDefinition_id`, `ParentQuestionOptionValue`, `Sequence`, `IsRequired`, `createdts`, `lastmodifiedts`, `synctimestamp`, `softdeleteflag`, `abstractName`, `ParentQuerySectionQuestion_AbstractName`) VALUES ('MA_PREVADDCITY', 'MORTGAGE_APPLICATION', 'MORTGAGE_INFO_APPLICANT', 'MORTGAGE_PREV_ADD_CITY', 'Less than two years', '8', '0', '2018-11-05 12:29:00', '2019-01-11 21:17:24', '2019-01-11 21:17:24', '0', 'PreviousAddressCity', 'CurrentAddressDuration');
REPLACE INTO `querysectionquestion` (`id`, `QueryDefinition_id`, `QuerySection_id`, `QuestionDefinition_id`, `ParentQuestionOptionValue`, `Sequence`, `IsRequired`, `createdts`, `lastmodifiedts`, `synctimestamp`, `softdeleteflag`, `abstractName`, `ParentQuerySectionQuestion_AbstractName`) VALUES ('MA_PREVADDCOUNTRY', 'MORTGAGE_APPLICATION', 'MORTGAGE_INFO_APPLICANT', 'MORTGAGE_PREV_ADD_COUNTRY', 'Less than two years', '8', '0', '2018-11-05 12:29:00', '2019-01-11 21:17:24', '2019-01-11 21:17:24', '0', 'PreviousAddressCountry', 'CurrentAddressDuration');
REPLACE INTO `querysectionquestion` (`id`, `QueryDefinition_id`, `QuerySection_id`, `QuestionDefinition_id`, `ParentQuestionOptionValue`, `Sequence`, `IsRequired`, `createdts`, `lastmodifiedts`, `synctimestamp`, `softdeleteflag`, `abstractName`, `ParentQuerySectionQuestion_AbstractName`) VALUES ('MA_PREVADDLINE1', 'MORTGAGE_APPLICATION', 'MORTGAGE_INFO_APPLICANT', 'MORTGAGE_PREV_ADDLINE1', 'Less than two years', '8', '0', '2018-11-05 12:29:00', '2019-01-11 21:17:24', '2019-01-11 21:17:24', '0', 'PreviousAddressLine1', 'CurrentAddressDuration');
REPLACE INTO `querysectionquestion` (`id`, `QueryDefinition_id`, `QuerySection_id`, `QuestionDefinition_id`, `ParentQuestionOptionValue`, `Sequence`, `IsRequired`, `createdts`, `lastmodifiedts`, `synctimestamp`, `softdeleteflag`, `abstractName`, `ParentQuerySectionQuestion_AbstractName`) VALUES ('MA_PREVADDLINE2', 'MORTGAGE_APPLICATION', 'MORTGAGE_INFO_APPLICANT', 'MORTGAGE_PREV_ADDLINE2', 'Less than two years', '8', '0', '2018-11-05 12:29:00', '2019-01-11 21:17:24', '2019-01-11 21:17:24', '0', 'PreviousAddressLine2', 'CurrentAddressDuration');
REPLACE INTO `querysectionquestion` (`id`, `QueryDefinition_id`, `QuerySection_id`, `QuestionDefinition_id`, `ParentQuestionOptionValue`, `Sequence`, `IsRequired`, `createdts`, `lastmodifiedts`, `synctimestamp`, `softdeleteflag`, `abstractName`, `ParentQuerySectionQuestion_AbstractName`) VALUES ('MA_PREVADDSTATE', 'MORTGAGE_APPLICATION', 'MORTGAGE_INFO_APPLICANT', 'MORTGAGE_PREV_ADD_STATE', 'Less than two years', '8', '0', '2018-11-05 12:29:00', '2019-01-11 21:17:24', '2019-01-11 21:17:24', '0', 'PreviousAddressState', 'CurrentAddressDuration');
REPLACE INTO `querysectionquestion` (`id`, `QueryDefinition_id`, `QuerySection_id`, `QuestionDefinition_id`, `ParentQuestionOptionValue`, `Sequence`, `IsRequired`, `createdts`, `lastmodifiedts`, `synctimestamp`, `softdeleteflag`, `abstractName`, `ParentQuerySectionQuestion_AbstractName`) VALUES ('MA_PREVADDZIP', 'MORTGAGE_APPLICATION', 'MORTGAGE_INFO_APPLICANT', 'MORTGAGE_PREV_ADD_ZIP', 'Less than two years', '8', '0', '2018-11-05 12:29:00', '2019-01-11 21:17:24', '2019-01-11 21:17:24', '0', 'PreviousAddressZip', 'CurrentAddressDuration');
REPLACE INTO `querysectionquestion` (`id`, `QueryDefinition_id`, `QuerySection_id`, `QuestionDefinition_id`, `Sequence`, `IsRequired`, `createdts`, `lastmodifiedts`, `synctimestamp`, `softdeleteflag`, `abstractName`) VALUES ('MA_CURRADDCITY', 'MORTGAGE_APPLICATION', 'MORTGAGE_INFO_APPLICANT', 'MORTGAGE_CURR_ADD_CITY', '8', '0', '2018-11-05 12:01:00', '2018-11-13 05:52:55', '2018-11-13 05:52:55', '0', 'CurrentAddressCity');
REPLACE INTO `querysectionquestion` (`id`, `QueryDefinition_id`, `QuerySection_id`, `QuestionDefinition_id`, `Sequence`, `IsRequired`, `createdts`, `lastmodifiedts`, `synctimestamp`, `softdeleteflag`, `abstractName`) VALUES ('MA_CURRADDCOUNTRY', 'MORTGAGE_APPLICATION', 'MORTGAGE_INFO_APPLICANT', 'MORTGAGE_CURR_ADD_COUNTRY', '8', '0', '2018-11-05 12:01:00', '2018-11-13 05:51:59', '2018-11-13 05:51:59', '0', 'CurrentAddressCountry');
REPLACE INTO `querysectionquestion` (`id`, `QueryDefinition_id`, `QuerySection_id`, `QuestionDefinition_id`, `Sequence`, `IsRequired`, `createdts`, `lastmodifiedts`, `synctimestamp`, `softdeleteflag`, `abstractName`) VALUES ('MA_CURRADDDURATI', 'MORTGAGE_APPLICATION', 'MORTGAGE_INFO_APPLICANT', 'MORTGAGE_CURR_ADD_DURATION', '8', '1', '2018-08-06 09:25:00', '2018-11-13 05:55:14', '2018-11-13 05:55:14', '0', 'CurrentAddressDuration');
REPLACE INTO `querysectionquestion` (`id`, `QueryDefinition_id`, `QuerySection_id`, `QuestionDefinition_id`, `Sequence`, `IsRequired`, `createdts`, `lastmodifiedts`, `synctimestamp`, `softdeleteflag`, `abstractName`) VALUES ('MA_CURRADDLINE1', 'MORTGAGE_APPLICATION', 'MORTGAGE_INFO_APPLICANT', 'MORTGAGE_CURR_ADDLINE1', '8', '0', '2018-11-05 12:19:00', '2018-11-13 05:49:42', '2018-11-13 05:49:42', '0', 'CurrentAddressLine1');
REPLACE INTO `querysectionquestion` (`id`, `QueryDefinition_id`, `QuerySection_id`, `QuestionDefinition_id`, `Sequence`, `IsRequired`, `createdts`, `lastmodifiedts`, `synctimestamp`, `softdeleteflag`, `abstractName`) VALUES ('MA_CURRADDLINE2', 'MORTGAGE_APPLICATION', 'MORTGAGE_INFO_APPLICANT', 'MORTGAGE_CURR_ADDLINE2', '8', '0', '2018-11-05 12:22:00', '2018-11-13 05:50:20', '2018-11-13 05:50:20', '0', 'CurrentAddressLine2');
REPLACE INTO `querysectionquestion` (`id`, `QueryDefinition_id`, `QuerySection_id`, `QuestionDefinition_id`, `Sequence`, `IsRequired`, `createdts`, `lastmodifiedts`, `synctimestamp`, `softdeleteflag`, `abstractName`) VALUES ('MA_CURRADDSTATE', 'MORTGAGE_APPLICATION', 'MORTGAGE_INFO_APPLICANT', 'MORTGAGE_CURR_ADD_STATE', '8', '0', '2018-11-05 12:01:00', '2018-11-13 05:52:21', '2018-11-13 05:52:21', '0', 'CurrentAddressState');
REPLACE INTO `querysectionquestion` (`id`, `QueryDefinition_id`, `QuerySection_id`, `QuestionDefinition_id`, `Sequence`, `IsRequired`, `createdts`, `lastmodifiedts`, `synctimestamp`, `softdeleteflag`, `abstractName`) VALUES ('MA_CURRADDTYPE', 'MORTGAGE_APPLICATION', 'MORTGAGE_INFO_APPLICANT', 'MORTGAGE_CURR_ADD_TYPE', '8', '1', '2018-08-06 09:25:00', '2018-11-13 05:53:35', '2018-11-13 05:53:35', '0', 'CurrentAddressType');
REPLACE INTO `querysectionquestion` (`id`, `QueryDefinition_id`, `QuerySection_id`, `QuestionDefinition_id`, `Sequence`, `IsRequired`, `createdts`, `lastmodifiedts`, `synctimestamp`, `softdeleteflag`, `abstractName`) VALUES ('MA_CURRADDZIP', 'MORTGAGE_APPLICATION', 'MORTGAGE_INFO_APPLICANT', 'MORTGAGE_CURR_ADD_ZIP', '8', '0', '2018-11-05 12:12:00', '2018-11-13 05:51:32', '2018-11-13 05:51:32', '0', 'CurrentAddressZip');
REPLACE INTO `querysectionquestion` (`id`, `QueryDefinition_id`, `QuerySection_id`, `QuestionDefinition_id`, `Sequence`, `IsRequired`, `createdts`, `lastmodifiedts`, `synctimestamp`, `softdeleteflag`, `abstractName`) VALUES ('MA_DL', 'MORTGAGE_APPLICATION', 'MORTGAGE_INFO_APPLICANT', 'MORTGAGE_DL', '8', '1', '2018-09-14 14:10:00', '2018-11-13 05:45:44', '2018-11-13 05:45:44', '0', 'DriversLicense');
REPLACE INTO `querysectionquestion` (`id`, `QueryDefinition_id`, `QuerySection_id`, `QuestionDefinition_id`, `Sequence`, `IsRequired`, `createdts`, `lastmodifiedts`, `synctimestamp`, `softdeleteflag`, `abstractName`) VALUES ('MA_DOB', 'MORTGAGE_APPLICATION', 'MORTGAGE_INFO_APPLICANT', 'MORTGAGE_DOB', '8', '1', '2018-08-06 09:25:00', '2018-11-13 05:43:26', '2018-11-13 05:43:26', '0', 'DOB');
REPLACE INTO `querysectionquestion` (`id`, `QueryDefinition_id`, `QuerySection_id`, `QuestionDefinition_id`, `Sequence`, `IsRequired`, `createdts`, `lastmodifiedts`, `synctimestamp`, `softdeleteflag`, `abstractName`) VALUES ('MA_EMAIL', 'MORTGAGE_APPLICATION', 'MORTGAGE_INFO_APPLICANT', 'MORTGAGE_EMAIL_ADDRESS', '8', '1', '2018-08-20 09:40:00', '2018-11-13 05:44:36', '2018-11-13 05:44:36', '0', 'Email');
REPLACE INTO `querysectionquestion` (`id`, `QueryDefinition_id`, `QuerySection_id`, `QuestionDefinition_id`, `Sequence`, `IsRequired`, `createdts`, `lastmodifiedts`, `synctimestamp`, `softdeleteflag`, `abstractName`) VALUES ('MA_FIRSTNAME', 'MORTGAGE_APPLICATION', 'MORTGAGE_INFO_APPLICANT', 'MORTGAGE_FIRST_NAME', '8', '1', '2018-08-06 09:25:00', '2018-11-13 05:40:51', '2018-11-13 05:40:51', '0', 'FirstName');
REPLACE INTO `querysectionquestion` (`id`, `QueryDefinition_id`, `QuerySection_id`, `QuestionDefinition_id`, `Sequence`, `IsRequired`, `createdts`, `lastmodifiedts`, `synctimestamp`, `softdeleteflag`, `abstractName`) VALUES ('MA_HOMENUMBER', 'MORTGAGE_APPLICATION', 'MORTGAGE_INFO_APPLICANT', 'MORTGAGE_HOME_NUMBER', '8', '1', '2018-08-06 09:25:00', '2018-11-13 05:46:11', '2018-11-13 05:46:11', '0', 'HomeNumber');
REPLACE INTO `querysectionquestion` (`id`, `QueryDefinition_id`, `QuerySection_id`, `QuestionDefinition_id`, `Sequence`, `IsRequired`, `createdts`, `lastmodifiedts`, `synctimestamp`, `softdeleteflag`, `abstractName`) VALUES ('MA_LASTNAME', 'MORTGAGE_APPLICATION', 'MORTGAGE_INFO_APPLICANT', 'MORTGAGE_LAST_NAME', '8', '0', '2018-11-05 10:40:00', '2018-11-13 05:42:06', '2018-11-13 05:42:06', '0', 'LastName');
REPLACE INTO `querysectionquestion` (`id`, `QueryDefinition_id`, `QuerySection_id`, `QuestionDefinition_id`, `Sequence`, `IsRequired`, `createdts`, `lastmodifiedts`, `synctimestamp`, `softdeleteflag`, `abstractName`) VALUES ('MA_MIDDLENAME', 'MORTGAGE_APPLICATION', 'MORTGAGE_INFO_APPLICANT', 'MORTGAGE_MIDDLE_NAME', '8', '0', '2018-11-05 10:40:00', '2018-11-13 05:41:22', '2018-11-13 05:41:22', '0', 'MiddleName');
REPLACE INTO `querysectionquestion` (`id`, `QueryDefinition_id`, `QuerySection_id`, `QuestionDefinition_id`, `Sequence`, `IsRequired`, `createdts`, `lastmodifiedts`, `synctimestamp`, `softdeleteflag`, `abstractName`) VALUES ('MA_MOBILENUMBER', 'MORTGAGE_APPLICATION', 'MORTGAGE_INFO_APPLICANT', 'MORTGAGE_MOBILE_NUMBER', '8', '1', '2018-08-06 09:25:00', '2018-11-13 05:48:45', '2018-11-13 05:48:45', '0', 'MobileNumber');
REPLACE INTO `querysectionquestion` (`id`, `QueryDefinition_id`, `QuerySection_id`, `QuestionDefinition_id`, `Sequence`, `IsRequired`, `createdts`, `lastmodifiedts`, `synctimestamp`, `softdeleteflag`, `abstractName`) VALUES ('MA_OFFICENUMBER', 'MORTGAGE_APPLICATION', 'MORTGAGE_INFO_APPLICANT', 'MORTGAGE_OFFICE_NUMBER', '8', '1', '2018-08-06 09:25:00', '2018-11-06 05:53:00', '2018-11-06 05:53:00', '0', 'OfficeNumber');
REPLACE INTO `querysectionquestion` (`id`, `QueryDefinition_id`, `QuerySection_id`, `QuestionDefinition_id`, `Sequence`, `IsRequired`, `createdts`, `lastmodifiedts`, `synctimestamp`, `softdeleteflag`, `abstractName`) VALUES ('MA_PRIMARYCONTACT', 'MORTGAGE_APPLICATION', 'MORTGAGE_INFO_APPLICANT', 'MORTGAGE_PRIMARY_CONTACT', '8', '1', '2018-08-20 07:47:00', '2018-11-13 08:30:04', '2018-11-13 08:30:04', '0', 'PrimaryContact');
REPLACE INTO `querysectionquestion` (`id`, `QueryDefinition_id`, `QuerySection_id`, `QuestionDefinition_id`, `Sequence`, `IsRequired`, `createdts`, `lastmodifiedts`, `synctimestamp`, `softdeleteflag`, `abstractName`) VALUES ('MA_SCANDOCUMENT', 'MORTGAGE_APPLICATION', 'MORTGAGE_INFO_APPLICANT', 'MORTGAGE_SCAN_DOCUMENT', '8', '1', '2018-08-06 09:25:00', '2018-11-13 08:30:05', '2018-11-13 08:30:05', '0', 'ScanDocument');
REPLACE INTO `querysectionquestion` (`id`, `QueryDefinition_id`, `QuerySection_id`, `QuestionDefinition_id`, `Sequence`, `IsRequired`, `createdts`, `lastmodifiedts`, `synctimestamp`, `softdeleteflag`, `abstractName`) VALUES ('MA_SSN', 'MORTGAGE_APPLICATION', 'MORTGAGE_INFO_APPLICANT', 'MORTGAGE_SSN', '8', '1', '2018-08-06 09:25:00', '2018-11-13 05:45:14', '2018-11-13 05:45:14', '0', 'SSN');
REPLACE INTO `querysectionquestion` (`id`, `QueryDefinition_id`, `QuerySection_id`, `QuestionDefinition_id`, `Sequence`, `IsRequired`, `createdts`, `lastmodifiedts`, `synctimestamp`, `softdeleteflag`, `abstractName`) VALUES ('MA_SUFFIX', 'MORTGAGE_APPLICATION', 'MORTGAGE_INFO_APPLICANT', 'MORTGAGE_SUFFIX', '8', '1', '2018-08-06 09:25:00', '2018-11-13 05:42:40', '2018-11-13 05:42:40', '0', 'Suffix');
REPLACE INTO `querysectionquestion` (`id`, `QueryDefinition_id`, `QuerySection_id`, `QuestionDefinition_id`, `IsRequired`, `createdts`, `lastmodifiedts`, `synctimestamp`, `softdeleteflag`, `abstractName`) VALUES ('MA_ADDINCOME1', 'MORTGAGE_APPLICATION', 'MORTGAGE_INCOME_APPLICANT', 'MORTGAGE_ADD_INCOME1', '0', '2018-11-14 07:01:28', '2018-11-14 10:07:05', '2018-11-14 10:07:05', '0', 'AddIncome1');
REPLACE INTO `querysectionquestion` (`id`, `QueryDefinition_id`, `QuerySection_id`, `QuestionDefinition_id`, `IsRequired`, `createdts`, `lastmodifiedts`, `synctimestamp`, `softdeleteflag`, `abstractName`) VALUES ('MA_ADDINCOME2', 'MORTGAGE_APPLICATION', 'MORTGAGE_INCOME_APPLICANT', 'MORTGAGE_ADD_INCOME2', '0', '2018-11-14 07:01:28', '2018-11-14 10:07:05', '2018-11-14 10:07:05', '0', 'AddIncome2');
REPLACE INTO `querysectionquestion` (`id`, `QueryDefinition_id`, `QuerySection_id`, `QuestionDefinition_id`, `IsRequired`, `createdts`, `lastmodifiedts`, `synctimestamp`, `softdeleteflag`, `abstractName`) VALUES ('MA_ADDINCOME3', 'MORTGAGE_APPLICATION', 'MORTGAGE_INCOME_APPLICANT', 'MORTGAGE_ADD_INCOME3', '0', '2018-11-14 07:01:28', '2018-11-14 10:07:05', '2018-11-14 10:07:05', '0', 'AddIncome3');
REPLACE INTO `querysectionquestion` (`id`, `QueryDefinition_id`, `QuerySection_id`, `QuestionDefinition_id`, `IsRequired`, `createdts`, `lastmodifiedts`, `synctimestamp`, `softdeleteflag`, `abstractName`) VALUES ('MA_ADDINCOME4', 'MORTGAGE_APPLICATION', 'MORTGAGE_INCOME_APPLICANT', 'MORTGAGE_ADD_INCOME4', '0', '2018-11-14 07:01:28', '2018-11-14 10:07:05', '2018-11-14 10:07:05', '0', 'AddIncome4');
REPLACE INTO `querysectionquestion` (`id`, `QueryDefinition_id`, `QuerySection_id`, `QuestionDefinition_id`, `IsRequired`, `createdts`, `lastmodifiedts`, `synctimestamp`, `softdeleteflag`, `abstractName`) VALUES ('MA_ADDINCOME5', 'MORTGAGE_APPLICATION', 'MORTGAGE_INCOME_APPLICANT', 'MORTGAGE_ADD_INCOME5', '0', '2018-11-14 07:01:28', '2018-11-14 10:07:05', '2018-11-14 10:07:05', '0', 'AddIncome5');
REPLACE INTO `querysectionquestion` (`id`, `QueryDefinition_id`, `QuerySection_id`, `QuestionDefinition_id`, `IsRequired`, `createdts`, `lastmodifiedts`, `synctimestamp`, `softdeleteflag`, `abstractName`) VALUES ('MA_ADDINCOME6', 'MORTGAGE_APPLICATION', 'MORTGAGE_INCOME_APPLICANT', 'MORTGAGE_ADD_INCOME6', '0', '2018-11-14 07:01:28', '2018-11-14 10:07:05', '2018-11-14 10:07:05', '0', 'AddIncome6');
REPLACE INTO `querysectionquestion` (`id`, `QueryDefinition_id`, `QuerySection_id`, `QuestionDefinition_id`, `IsRequired`, `createdts`, `lastmodifiedts`, `synctimestamp`, `softdeleteflag`, `abstractName`) VALUES ('MA_ADDINCOME7', 'MORTGAGE_APPLICATION', 'MORTGAGE_INCOME_APPLICANT', 'MORTGAGE_ADD_INCOME7', '0', '2018-11-14 07:01:28', '2018-11-14 10:07:05', '2018-11-14 10:07:05', '0', 'AddIncome7');
REPLACE INTO `querysectionquestion` (`id`, `QueryDefinition_id`, `QuerySection_id`, `QuestionDefinition_id`, `IsRequired`, `createdts`, `lastmodifiedts`, `synctimestamp`, `softdeleteflag`, `abstractName`) VALUES ('MA_ADDINCOME_ALIMONY', 'MORTGAGE_APPLICATION', 'MORTGAGE_INCOME_APPLICANT', 'MORTGAGE_ADD_INCOME_ALIMONY', '0', '2018-11-14 07:51:08', '2019-01-31 11:48:32', '2019-01-31 11:48:32', '0', 'AddIncomeALIMONY');
REPLACE INTO `querysectionquestion` (`id`, `QueryDefinition_id`, `QuerySection_id`, `QuestionDefinition_id`, `IsRequired`, `createdts`, `lastmodifiedts`, `synctimestamp`, `softdeleteflag`, `abstractName`) VALUES ('MA_ADDINCOME_ANNUITY', 'MORTGAGE_APPLICATION', 'MORTGAGE_INCOME_APPLICANT', 'MORTGAGE_ADD_INCOME_ANNUITY', '0', '2018-11-14 07:51:08', '2019-01-25 12:24:14', '2019-01-25 12:24:14', '0', 'AddIncomeANNUITY');
REPLACE INTO `querysectionquestion` (`id`, `QueryDefinition_id`, `QuerySection_id`, `QuestionDefinition_id`, `IsRequired`, `createdts`, `lastmodifiedts`, `synctimestamp`, `softdeleteflag`, `abstractName`) VALUES ('MA_ADDINCOME_INTEREST', 'MORTGAGE_APPLICATION', 'MORTGAGE_INCOME_APPLICANT', 'MORTGAGE_ADD_INCOME_INTEREST', '0', '2018-11-14 07:51:08', '2019-01-25 12:37:38', '2019-01-25 12:37:38', '0', 'AddIncomeINTERESTSDIVIDENDS');
REPLACE INTO `querysectionquestion` (`id`, `QueryDefinition_id`, `QuerySection_id`, `QuestionDefinition_id`, `Sequence`, `IsRequired`, `createdts`, `lastmodifiedts`, `synctimestamp`, `softdeleteflag`, `abstractName`) VALUES ('MA_ADDINCOME_OTHER', 'MORTGAGE_APPLICATION', 'MORTGAGE_INCOME_APPLICANT', 'MORTGAGE_ADD_INCOME_OTHER', '0', '1', '2018-11-14 07:51:09', '2019-01-31 11:46:34', '2019-01-31 11:46:34', '0', 'AddIncomeOTHER');
REPLACE INTO `querysectionquestion` (`id`, `QueryDefinition_id`, `QuerySection_id`, `QuestionDefinition_id`, `IsRequired`, `createdts`, `lastmodifiedts`, `synctimestamp`, `softdeleteflag`, `abstractName`) VALUES ('MA_ADDINCOME_OTHERDESC', 'MORTGAGE_APPLICATION', 'MORTGAGE_INCOME_APPLICANT', 'MORTGAGE_ADD_INCOME_OTHER_DESCRIPTION', '0', '2018-11-14 07:51:09', '2018-11-14 10:07:05', '2018-11-14 10:07:05', '0', 'AddIncomeOtherDesc');
REPLACE INTO `querysectionquestion` (`id`, `QueryDefinition_id`, `QuerySection_id`, `QuestionDefinition_id`, `Sequence`, `IsRequired`, `createdts`, `lastmodifiedts`, `synctimestamp`, `softdeleteflag`, `abstractName`) VALUES ('MA_ADDINCOME_OTHERNAME', 'MORTGAGE_APPLICATION', 'MORTGAGE_INCOME_APPLICANT', 'MA_ADD_INCOME_OTHER_NAME', '0', '1', '2018-11-11 05:57:56', '2018-11-11 05:57:56', '2018-11-11 05:57:56', '0', 'AddIncomeOtherName');
REPLACE INTO `querysectionquestion` (`id`, `QueryDefinition_id`, `QuerySection_id`, `QuestionDefinition_id`, `Sequence`, `IsRequired`, `createdts`, `lastmodifiedts`, `synctimestamp`, `softdeleteflag`, `abstractName`) VALUES ('MA_ADDINCOME_PENSION', 'MORTGAGE_APPLICATION', 'MORTGAGE_INCOME_APPLICANT', 'MORTGAGE_ADD_INCOME_PENSION', '8', '0', '2018-11-14 07:51:09', '2019-01-25 12:28:25', '2019-01-25 12:28:25', '0', 'AddIncomePENSION');
REPLACE INTO `querysectionquestion` (`id`, `QueryDefinition_id`, `QuerySection_id`, `QuestionDefinition_id`, `Sequence`, `IsRequired`, `createdts`, `lastmodifiedts`, `synctimestamp`, `softdeleteflag`, `abstractName`) VALUES ('MA_ADDINCOME_RENTAL', 'MORTGAGE_APPLICATION', 'MORTGAGE_INCOME_APPLICANT', 'MORTGAGE_ADD_INCOME_RENTAL', '0', '1', '2018-11-14 07:51:09', '2019-01-25 12:28:51', '2019-01-25 12:28:51', '0', 'AddIncomeRENTAL');
REPLACE INTO `querysectionquestion` (`id`, `QueryDefinition_id`, `QuerySection_id`, `QuestionDefinition_id`, `IsRequired`, `createdts`, `lastmodifiedts`, `synctimestamp`, `softdeleteflag`, `abstractName`) VALUES ('MA_ADDINCOME_SOCIALSECURITY', 'MORTGAGE_APPLICATION', 'MORTGAGE_INCOME_APPLICANT', 'MORTGAGE_ADD_INCOME_SOCIAL_SECURITY', '0', '2018-11-14 07:51:10', '2019-01-25 12:31:49', '2019-01-25 12:31:49', '0', 'AddIncomeSOCIALSECURITY');
REPLACE INTO `querysectionquestion` (`id`, `QueryDefinition_id`, `QuerySection_id`, `QuestionDefinition_id`, `ParentQuestionOptionValue`, `Sequence`, `IsRequired`, `createdts`, `lastmodifiedts`, `synctimestamp`, `softdeleteflag`, `abstractName`, `ParentQuerySectionQuestion_AbstractName`) VALUES ('MA_APP_INCOME_AMOUNT', 'MORTGAGE_APPLICATION', 'MORTGAGE_INCOME_APPLICANT', 'MORTGAGE_APPLICANT_INCOME_AMOUNT', 'Full-Time Employed', '0', '1', '2006-08-18 09:25:00', '2019-01-23 19:49:59', '2019-01-23 19:49:59', '0', 'FullTimeIncomeAmount', 'EmploymentStatus');
REPLACE INTO `querysectionquestion` (`id`, `QueryDefinition_id`, `QuerySection_id`, `QuestionDefinition_id`, `ParentQuestionOptionValue`, `Sequence`, `IsRequired`, `createdts`, `lastmodifiedts`, `synctimestamp`, `softdeleteflag`, `abstractName`, `ParentQuerySectionQuestion_AbstractName`) VALUES ('MA_APP_INCOME_MILITARY_AMOUNT', 'MORTGAGE_APPLICATION', 'MORTGAGE_INCOME_APPLICANT', 'MORTGAGE_APPLICANT_INCOME_MILITARY_AMOUNT', 'Military', '0', '1', '2006-08-18 09:25:00', '2019-01-23 19:49:59', '2019-01-23 19:49:59', '0', 'MilitaryIncomeAmount', 'EmploymentStatus');
REPLACE INTO `querysectionquestion` (`id`, `QueryDefinition_id`, `QuerySection_id`, `QuestionDefinition_id`, `ParentQuestionOptionValue`, `Sequence`, `IsRequired`, `createdts`, `lastmodifiedts`, `synctimestamp`, `softdeleteflag`, `abstractName`, `ParentQuerySectionQuestion_AbstractName`) VALUES ('MA_APP_INCOME_MILITARY_PPT', 'MORTGAGE_APPLICATION', 'MORTGAGE_INCOME_APPLICANT', 'MORTGAGE_APPLICANT_INCOME_MILITARY_PPT', 'Military', '0', '1', '2006-08-18 09:25:00', '2019-01-23 19:49:59', '2019-01-23 19:49:59', '0', 'MilitaryIncomePayPeriod', 'EmploymentStatus');
REPLACE INTO `querysectionquestion` (`id`, `QueryDefinition_id`, `QuerySection_id`, `QuestionDefinition_id`, `ParentQuestionOptionValue`, `Sequence`, `IsRequired`, `createdts`, `lastmodifiedts`, `synctimestamp`, `softdeleteflag`, `abstractName`, `ParentQuerySectionQuestion_AbstractName`) VALUES ('MA_APP_INCOME_OTHER_AMOUNT', 'MORTGAGE_APPLICATION', 'MORTGAGE_INCOME_APPLICANT', 'MORTGAGE_APPLICANT_INCOME_OTHER_AMOUNT', 'Other', '0', '1', '2006-08-18 09:25:00', '2019-01-23 19:49:59', '2019-01-23 19:49:59', '0', 'OtherIncomeAmount', 'EmploymentStatus');
REPLACE INTO `querysectionquestion` (`id`, `QueryDefinition_id`, `QuerySection_id`, `QuestionDefinition_id`, `ParentQuestionOptionValue`, `Sequence`, `IsRequired`, `createdts`, `lastmodifiedts`, `synctimestamp`, `softdeleteflag`, `abstractName`, `ParentQuerySectionQuestion_AbstractName`) VALUES ('MA_APP_INCOME_OTHER_PPT', 'MORTGAGE_APPLICATION', 'MORTGAGE_INCOME_APPLICANT', 'MORTGAGE_APPLICANT_INCOME_OTHER_PPT', 'Other', '0', '1', '2006-08-18 09:25:00', '2019-01-23 19:49:59', '2019-01-23 19:49:59', '0', 'OtherIncomePayPeriod', 'EmploymentStatus');
REPLACE INTO `querysectionquestion` (`id`, `QueryDefinition_id`, `QuerySection_id`, `QuestionDefinition_id`, `ParentQuestionOptionValue`, `Sequence`, `IsRequired`, `createdts`, `lastmodifiedts`, `synctimestamp`, `softdeleteflag`, `abstractName`, `ParentQuerySectionQuestion_AbstractName`) VALUES ('MA_APP_INCOME_PPT', 'MORTGAGE_APPLICATION', 'MORTGAGE_INCOME_APPLICANT', 'MORTGAGE_APPLICANT_INCOME_PPT', 'Full-Time Employed', '0', '1', '2006-08-18 09:25:00', '2019-01-23 19:47:26', '2019-01-23 19:47:26', '0', 'FullTimeIncomePayPeriod', 'EmploymentStatus');
REPLACE INTO `querysectionquestion` (`id`, `QueryDefinition_id`, `QuerySection_id`, `QuestionDefinition_id`, `ParentQuestionOptionValue`, `Sequence`, `IsRequired`, `createdts`, `lastmodifiedts`, `synctimestamp`, `softdeleteflag`, `abstractName`, `ParentQuerySectionQuestion_AbstractName`) VALUES ('MA_APP_INCOME_PT_AMOUNT', 'MORTGAGE_APPLICATION', 'MORTGAGE_INCOME_APPLICANT', 'MORTGAGE_APPLICANT_INCOME_PT_AMOUNT', 'Part-Time Employed', '0', '1', '2006-08-18 09:25:00', '2019-01-23 19:49:59', '2019-01-23 19:49:59', '0', 'PartTimeIncomeAmount', 'EmploymentStatus');
REPLACE INTO `querysectionquestion` (`id`, `QueryDefinition_id`, `QuerySection_id`, `QuestionDefinition_id`, `ParentQuestionOptionValue`, `Sequence`, `IsRequired`, `createdts`, `lastmodifiedts`, `synctimestamp`, `softdeleteflag`, `abstractName`, `ParentQuerySectionQuestion_AbstractName`) VALUES ('MA_APP_INCOME_PT_PPT', 'MORTGAGE_APPLICATION', 'MORTGAGE_INCOME_APPLICANT', 'MORTGAGE_APPLICANT_INCOME_PT_PPT', 'Part-Time Employed', '0', '1', '2006-08-18 09:25:00', '2018-12-27 14:52:15', '2018-12-27 14:52:15', '0', 'PartTimeIncomePayPeriod', 'EmploymentStatus');
REPLACE INTO `querysectionquestion` (`id`, `QueryDefinition_id`, `QuerySection_id`, `QuestionDefinition_id`, `ParentQuestionOptionValue`, `Sequence`, `IsRequired`, `createdts`, `lastmodifiedts`, `synctimestamp`, `softdeleteflag`, `abstractName`, `ParentQuerySectionQuestion_AbstractName`) VALUES ('MA_APP_INCOME_SE_AMOUNT', 'MORTGAGE_APPLICATION', 'MORTGAGE_INCOME_APPLICANT', 'MORTGAGE_APPLICANT_INCOME_SE_AMOUNT', 'Self Employed', '0', '1', '2006-08-18 09:25:00', '2019-01-23 19:49:59', '2019-01-23 19:49:59', '0', 'BusinessIncomeAmount', 'EmploymentStatus');
REPLACE INTO `querysectionquestion` (`id`, `QueryDefinition_id`, `QuerySection_id`, `QuestionDefinition_id`, `ParentQuestionOptionValue`, `Sequence`, `IsRequired`, `createdts`, `lastmodifiedts`, `synctimestamp`, `softdeleteflag`, `abstractName`, `ParentQuerySectionQuestion_AbstractName`) VALUES ('MA_APP_INCOME_SE_PPT', 'MORTGAGE_APPLICATION', 'MORTGAGE_INCOME_APPLICANT', 'MORTGAGE_APPLICANT_INCOME_SE_PPT', 'Self Employed', '0', '1', '2006-08-18 09:25:00', '2018-12-27 14:52:15', '2018-12-27 14:52:15', '0', 'BusinessIncomePayPeriod', 'EmploymentStatus');
REPLACE INTO `querysectionquestion` (`id`, `QueryDefinition_id`, `QuerySection_id`, `QuestionDefinition_id`, `ParentQuerySectionQuestion_id`, `ParentQuestionOptionValue`, `Sequence`, `IsRequired`, `createdts`, `lastmodifiedts`, `synctimestamp`, `softdeleteflag`, `abstractName`, `ParentQuerySectionQuestion_AbstractName`) VALUES ('MA_BUSINESSSTARTDATE', 'MORTGAGE_APPLICATION', 'MORTGAGE_INCOME_APPLICANT', 'MORTGAGE_BUSINESS_START_DATE', 'MORTGAGE_APPLICATION_INCOME_EMPLOYMENT_STATUS', 'Self Employed', '8', '1', '2018-08-06 09:25:00', '2019-01-29 16:52:58', '2019-01-29 16:52:58', '0', 'BusinessStartDate', 'EmploymentStatus');
REPLACE INTO `querysectionquestion` (`id`, `QueryDefinition_id`, `QuerySection_id`, `QuestionDefinition_id`, `ParentQuerySectionQuestion_id`, `ParentQuestionOptionValue`, `Sequence`, `IsRequired`, `createdts`, `lastmodifiedts`, `synctimestamp`, `softdeleteflag`, `abstractName`, `ParentQuerySectionQuestion_AbstractName`) VALUES ('MA_BUSINESS_INCOME_HOURLY', 'MORTGAGE_APPLICATION', 'MORTGAGE_INCOME_APPLICANT', 'MORTGAGE_INCOME_BUSINESS_HOURS_WORKED', 'MA_BUSINESSINCOME', 'Hourly', '3', '1', '2018-09-11 10:20:00', '2019-01-22 19:06:04', '2019-01-22 19:06:04', '0', 'BusinessIncomeHours', 'BusinessIncomePayPeriod');
REPLACE INTO `querysectionquestion` (`id`, `QueryDefinition_id`, `QuerySection_id`, `QuestionDefinition_id`, `ParentQuerySectionQuestion_id`, `ParentQuestionOptionValue`, `Sequence`, `IsRequired`, `createdts`, `lastmodifiedts`, `synctimestamp`, `softdeleteflag`, `abstractName`, `ParentQuerySectionQuestion_AbstractName`) VALUES ('MA_FULLTIMEPREVINCOME', 'MORTGAGE_APPLICATION', 'MORTGAGE_INCOME_APPLICANT', 'MORTGAGE_FULLTIME_PREV_INCOME_INPUT', 'MORTGAGE_APPLICATION_INCOME_EMPLOYMENT_STATUS', 'Part-Time Employed', '8', '0', '2018-11-12 08:19:19', '2018-11-16 14:07:34', '2018-11-16 14:07:34', '0', 'FullTimePreviousIncomeInput', 'PrevEmployerChallenge');
REPLACE INTO `querysectionquestion` (`id`, `QueryDefinition_id`, `QuerySection_id`, `QuestionDefinition_id`, `ParentQuerySectionQuestion_id`, `ParentQuestionOptionValue`, `Sequence`, `IsRequired`, `createdts`, `lastmodifiedts`, `synctimestamp`, `softdeleteflag`, `abstractName`, `ParentQuerySectionQuestion_AbstractName`) VALUES ('MA_FULLTIME_INCOME_HOURLY', 'MORTGAGE_APPLICATION', 'MORTGAGE_INCOME_APPLICANT', 'MORTGAGE_INCOME_HOURS_WORKED', 'MA_FULLTIMEINCOME', 'Hourly', '3', '1', '2019-01-11 21:17:23', '2019-01-22 19:06:04', '2019-01-22 19:06:04', '0', 'FullTimeIncomeHours', 'FullTimeIncomePayPeriod');
REPLACE INTO `querysectionquestion` (`id`, `QueryDefinition_id`, `QuerySection_id`, `QuestionDefinition_id`, `ParentQuerySectionQuestion_id`, `ParentQuestionOptionValue`, `Sequence`, `IsRequired`, `createdts`, `lastmodifiedts`, `synctimestamp`, `softdeleteflag`, `abstractName`, `ParentQuerySectionQuestion_AbstractName`) VALUES ('MA_INCOMEBUSINESSADDRESSCITY', 'MORTGAGE_APPLICATION', 'MORTGAGE_INCOME_APPLICANT', 'MORTGAGE_BUSINESS_ADDRESS CITY', 'MORTGAGE_APPLICATION_INCOME_EMPLOYMENT_STATUS', 'Self Employed', '8', '0', '2018-11-12 07:51:42', '2019-01-29 16:52:59', '2019-01-29 16:52:59', '0', 'BusinessAddressCity', 'EmploymentStatus');
REPLACE INTO `querysectionquestion` (`id`, `QueryDefinition_id`, `QuerySection_id`, `QuestionDefinition_id`, `ParentQuerySectionQuestion_id`, `ParentQuestionOptionValue`, `Sequence`, `IsRequired`, `createdts`, `lastmodifiedts`, `synctimestamp`, `softdeleteflag`, `abstractName`, `ParentQuerySectionQuestion_AbstractName`) VALUES ('MA_INCOMEBUSINESSADDRESSCOUNTRY', 'MORTGAGE_APPLICATION', 'MORTGAGE_INCOME_APPLICANT', 'MORTGAGE_BUSINESS_ADDRESS COUNTRY', 'MORTGAGE_APPLICATION_INCOME_EMPLOYMENT_STATUS', 'Self Employed', '8', '0', '2018-11-12 07:51:42', '2019-01-29 16:52:59', '2019-01-29 16:52:59', '0', 'BusinessAddressCountry', 'EmploymentStatus');
REPLACE INTO `querysectionquestion` (`id`, `QueryDefinition_id`, `QuerySection_id`, `QuestionDefinition_id`, `ParentQuerySectionQuestion_id`, `ParentQuestionOptionValue`, `Sequence`, `IsRequired`, `createdts`, `lastmodifiedts`, `synctimestamp`, `softdeleteflag`, `abstractName`, `ParentQuerySectionQuestion_AbstractName`) VALUES ('MA_INCOMEBUSINESSADDRESSLINE1', 'MORTGAGE_APPLICATION', 'MORTGAGE_INCOME_APPLICANT', 'MORTGAGE_BUSINESS_ADDRESS LINE1', 'MORTGAGE_APPLICATION_INCOME_EMPLOYMENT_STATUS', 'Self Employed', '8', '1', '2018-08-06 09:25:00', '2019-01-29 16:52:59', '2019-01-29 16:52:59', '0', 'BusinessAddressLine1', 'EmploymentStatus');
REPLACE INTO `querysectionquestion` (`id`, `QueryDefinition_id`, `QuerySection_id`, `QuestionDefinition_id`, `ParentQuerySectionQuestion_id`, `ParentQuestionOptionValue`, `Sequence`, `IsRequired`, `createdts`, `lastmodifiedts`, `synctimestamp`, `softdeleteflag`, `abstractName`, `ParentQuerySectionQuestion_AbstractName`) VALUES ('MA_INCOMEBUSINESSADDRESSLINE2', 'MORTGAGE_APPLICATION', 'MORTGAGE_INCOME_APPLICANT', 'MORTGAGE_BUSINESS_ADDRESS LINE2', 'MORTGAGE_APPLICATION_INCOME_EMPLOYMENT_STATUS', 'Self Employed', '8', '1', '2018-08-06 09:25:00', '2019-01-29 16:52:59', '2019-01-29 16:52:59', '0', 'BusinessAddressLine2', 'EmploymentStatus');
REPLACE INTO `querysectionquestion` (`id`, `QueryDefinition_id`, `QuerySection_id`, `QuestionDefinition_id`, `ParentQuerySectionQuestion_id`, `ParentQuestionOptionValue`, `Sequence`, `IsRequired`, `createdts`, `lastmodifiedts`, `synctimestamp`, `softdeleteflag`, `abstractName`, `ParentQuerySectionQuestion_AbstractName`) VALUES ('MA_INCOMEBUSINESSADDRESSSTATE', 'MORTGAGE_APPLICATION', 'MORTGAGE_INCOME_APPLICANT', 'MORTGAGE_BUSINESS_ADDRESS STATE', 'MORTGAGE_APPLICATION_INCOME_EMPLOYMENT_STATUS', 'Self Employed', '8', '0', '2018-11-12 07:51:42', '2019-01-29 16:52:59', '2019-01-29 16:52:59', '0', 'BusinessAddressState', 'EmploymentStatus');
REPLACE INTO `querysectionquestion` (`id`, `QueryDefinition_id`, `QuerySection_id`, `QuestionDefinition_id`, `ParentQuerySectionQuestion_id`, `ParentQuestionOptionValue`, `Sequence`, `IsRequired`, `createdts`, `lastmodifiedts`, `synctimestamp`, `softdeleteflag`, `abstractName`, `ParentQuerySectionQuestion_AbstractName`) VALUES ('MA_INCOMEBUSINESSADDRESSZIPCODE', 'MORTGAGE_APPLICATION', 'MORTGAGE_INCOME_APPLICANT', 'MORTGAGE_BUSINESS_ADDRESS ZIP', 'MORTGAGE_APPLICATION_INCOME_EMPLOYMENT_STATUS', 'Self Employed', '8', '0', '2018-11-12 07:51:43', '2019-01-29 16:52:59', '2019-01-29 16:52:59', '0', 'BusinessAddressZipCode', 'EmploymentStatus');
REPLACE INTO `querysectionquestion` (`id`, `QueryDefinition_id`, `QuerySection_id`, `QuestionDefinition_id`, `ParentQuerySectionQuestion_id`, `ParentQuestionOptionValue`, `Sequence`, `IsRequired`, `createdts`, `lastmodifiedts`, `synctimestamp`, `softdeleteflag`, `abstractName`, `ParentQuerySectionQuestion_AbstractName`) VALUES ('MA_INCOMEBUSINESSNAME', 'MORTGAGE_APPLICATION', 'MORTGAGE_INCOME_APPLICANT', 'MORTGAGE_BUSINESS_NAME', 'MORTGAGE_APPLICATION_INCOME_EMPLOYMENT_STATUS', 'Self Employed', '8', '1', '2018-08-06 09:25:00', '2019-01-29 16:52:59', '2019-01-29 16:52:59', '0', 'BusinessName', 'EmploymentStatus');
REPLACE INTO `querysectionquestion` (`id`, `QueryDefinition_id`, `QuerySection_id`, `QuestionDefinition_id`, `ParentQuerySectionQuestion_id`, `ParentQuestionOptionValue`, `Sequence`, `IsRequired`, `createdts`, `lastmodifiedts`, `synctimestamp`, `softdeleteflag`, `abstractName`, `ParentQuerySectionQuestion_AbstractName`) VALUES ('MA_INCOMECURREMPLOYER', 'MORTGAGE_APPLICATION', 'MORTGAGE_INCOME_APPLICANT', 'MORTGAGE_CURRENT_EMPLOYER', 'MORTGAGE_APPLICATION_INCOME_EMPLOYMENT_STATUS', 'Full-Time Employed', '8', '1', '2018-08-06 09:25:00', '2018-11-16 14:04:05', '2018-11-16 14:04:05', '0', 'Employer', 'EmploymentStatus');
REPLACE INTO `querysectionquestion` (`id`, `QueryDefinition_id`, `QuerySection_id`, `QuestionDefinition_id`, `ParentQuerySectionQuestion_id`, `ParentQuestionOptionValue`, `Sequence`, `IsRequired`, `createdts`, `lastmodifiedts`, `synctimestamp`, `softdeleteflag`, `abstractName`, `ParentQuerySectionQuestion_AbstractName`) VALUES ('MA_INCOMECURREMPLOYERPT', 'MORTGAGE_APPLICATION', 'MORTGAGE_INCOME_APPLICANT', 'MORTGAGE_CURRENT_EMPLOYER_PT', 'MORTGAGE_APPLICATION_INCOME_EMPLOYMENT_STATUS', 'Part-Time Employed', '8', '1', '2018-08-06 09:25:00', '2018-11-16 14:07:34', '2018-11-16 14:07:34', '0', 'EmployerPt', 'EmploymentStatus');
REPLACE INTO `querysectionquestion` (`id`, `QueryDefinition_id`, `QuerySection_id`, `QuestionDefinition_id`, `ParentQuerySectionQuestion_id`, `ParentQuestionOptionValue`, `Sequence`, `IsRequired`, `createdts`, `lastmodifiedts`, `synctimestamp`, `softdeleteflag`, `abstractName`, `ParentQuerySectionQuestion_AbstractName`) VALUES ('MA_INCOMEDESIGNATION', 'MORTGAGE_APPLICATION', 'MORTGAGE_INCOME_APPLICANT', 'MORTGAGE_CURRENT_DESIGNATION', 'MORTGAGE_APPLICATION_INCOME_EMPLOYMENT_STATUS', 'Full-Time Employed', '8', '1', '2018-08-06 09:25:00', '2018-11-16 14:04:05', '2018-11-16 14:04:05', '0', 'Designation', 'EmploymentStatus');
REPLACE INTO `querysectionquestion` (`id`, `QueryDefinition_id`, `QuerySection_id`, `QuestionDefinition_id`, `ParentQuerySectionQuestion_id`, `ParentQuestionOptionValue`, `Sequence`, `IsRequired`, `createdts`, `lastmodifiedts`, `synctimestamp`, `softdeleteflag`, `abstractName`, `ParentQuerySectionQuestion_AbstractName`) VALUES ('MA_INCOMEDESIGNATIONPT', 'MORTGAGE_APPLICATION', 'MORTGAGE_INCOME_APPLICANT', 'MORTGAGE_CURRENT_DESIGNATION_PT', 'MORTGAGE_APPLICATION_INCOME_EMPLOYMENT_STATUS', 'Part-Time Employed', '8', '1', '2018-08-06 09:25:00', '2018-11-16 14:07:34', '2018-11-16 14:07:34', '0', 'DesignationPt', 'EmploymentStatus');
REPLACE INTO `querysectionquestion` (`id`, `QueryDefinition_id`, `QuerySection_id`, `QuestionDefinition_id`, `ParentQuerySectionQuestion_id`, `ParentQuestionOptionValue`, `Sequence`, `IsRequired`, `createdts`, `lastmodifiedts`, `synctimestamp`, `softdeleteflag`, `abstractName`, `ParentQuerySectionQuestion_AbstractName`) VALUES ('MA_INCOMEEMPLOYERADDRESSCITY', 'MORTGAGE_APPLICATION', 'MORTGAGE_INCOME_APPLICANT', 'MORTGAGE_PREV_ADD_CITY_FT', 'MORTGAGE_APPLICATION_INCOME_EMPLOYMENT_STATUS', 'Full-Time Employed', '8', '1', '2018-08-06 09:25:00', '2018-11-16 14:04:05', '2018-11-16 14:04:05', '0', 'EmpAddressCity', 'EmploymentStatus');
REPLACE INTO `querysectionquestion` (`id`, `QueryDefinition_id`, `QuerySection_id`, `QuestionDefinition_id`, `ParentQuerySectionQuestion_id`, `ParentQuestionOptionValue`, `Sequence`, `IsRequired`, `createdts`, `lastmodifiedts`, `synctimestamp`, `softdeleteflag`, `abstractName`, `ParentQuerySectionQuestion_AbstractName`) VALUES ('MA_INCOMEEMPLOYERADDRESSCITYPT', 'MORTGAGE_APPLICATION', 'MORTGAGE_INCOME_APPLICANT', 'MORTGAGE_CURR_ADD_CITY_PT', 'MORTGAGE_APPLICATION_INCOME_EMPLOYMENT_STATUS', 'Part-Time Employed', '8', '1', '2018-08-06 09:25:00', '2018-11-16 14:07:34', '2018-11-16 14:07:34', '0', 'EmpAddressCityPt', 'EmploymentStatus');
REPLACE INTO `querysectionquestion` (`id`, `QueryDefinition_id`, `QuerySection_id`, `QuestionDefinition_id`, `ParentQuerySectionQuestion_id`, `ParentQuestionOptionValue`, `Sequence`, `IsRequired`, `createdts`, `lastmodifiedts`, `synctimestamp`, `softdeleteflag`, `abstractName`, `ParentQuerySectionQuestion_AbstractName`) VALUES ('MA_INCOMEEMPLOYERADDRESSCOUNTRY', 'MORTGAGE_APPLICATION', 'MORTGAGE_INCOME_APPLICANT', 'MORTGAGE_CURR_ADD_COUNTRY_FT', 'MORTGAGE_APPLICATION_INCOME_EMPLOYMENT_STATUS', 'Full-Time Employed', '8', '1', '2018-08-06 09:25:00', '2018-11-16 14:04:05', '2018-11-16 14:04:05', '0', 'EmpAddressCountry', 'EmploymentStatus');
REPLACE INTO `querysectionquestion` (`id`, `QueryDefinition_id`, `QuerySection_id`, `QuestionDefinition_id`, `ParentQuerySectionQuestion_id`, `ParentQuestionOptionValue`, `Sequence`, `IsRequired`, `createdts`, `lastmodifiedts`, `synctimestamp`, `softdeleteflag`, `abstractName`, `ParentQuerySectionQuestion_AbstractName`) VALUES ('MA_INCOMEEMPLOYERADDRESSCOUNTRYPT', 'MORTGAGE_APPLICATION', 'MORTGAGE_INCOME_APPLICANT', 'MORTGAGE_CURR_ADD_COUNTRY_PT', 'MORTGAGE_APPLICATION_INCOME_EMPLOYMENT_STATUS', 'Part-Time Employed', '8', '1', '2018-08-06 09:25:00', '2018-11-16 14:07:34', '2018-11-16 14:07:34', '0', 'EmpAddressCountryPt', 'EmploymentStatus');
REPLACE INTO `querysectionquestion` (`id`, `QueryDefinition_id`, `QuerySection_id`, `QuestionDefinition_id`, `ParentQuerySectionQuestion_id`, `ParentQuestionOptionValue`, `Sequence`, `IsRequired`, `createdts`, `lastmodifiedts`, `synctimestamp`, `softdeleteflag`, `abstractName`, `ParentQuerySectionQuestion_AbstractName`) VALUES ('MA_INCOMEEMPLOYERADDRESSLINE1', 'MORTGAGE_APPLICATION', 'MORTGAGE_INCOME_APPLICANT', 'MORTGAGE_CURR_ADD_ADDLINE1_FT', 'MORTGAGE_APPLICATION_INCOME_EMPLOYMENT_STATUS', 'Full-Time Employed', '8', '1', '2018-08-06 09:25:00', '2018-11-16 14:04:05', '2018-11-16 14:04:05', '0', 'EmpAddressLine1', 'EmploymentStatus');
REPLACE INTO `querysectionquestion` (`id`, `QueryDefinition_id`, `QuerySection_id`, `QuestionDefinition_id`, `ParentQuerySectionQuestion_id`, `ParentQuestionOptionValue`, `Sequence`, `IsRequired`, `createdts`, `lastmodifiedts`, `synctimestamp`, `softdeleteflag`, `abstractName`, `ParentQuerySectionQuestion_AbstractName`) VALUES ('MA_INCOMEEMPLOYERADDRESSLINE1PT', 'MORTGAGE_APPLICATION', 'MORTGAGE_INCOME_APPLICANT', 'MORTGAGE_CURR_ADD_ADDLINE1_PT', 'MORTGAGE_APPLICATION_INCOME_EMPLOYMENT_STATUS', 'Part-Time Employed', '8', '1', '2018-08-06 09:25:00', '2018-11-16 14:07:34', '2018-11-16 14:07:34', '0', 'EmpAddressLine1Pt', 'EmploymentStatus');
REPLACE INTO `querysectionquestion` (`id`, `QueryDefinition_id`, `QuerySection_id`, `QuestionDefinition_id`, `ParentQuerySectionQuestion_id`, `ParentQuestionOptionValue`, `Sequence`, `IsRequired`, `createdts`, `lastmodifiedts`, `synctimestamp`, `softdeleteflag`, `abstractName`, `ParentQuerySectionQuestion_AbstractName`) VALUES ('MA_INCOMEEMPLOYERADDRESSLINE2', 'MORTGAGE_APPLICATION', 'MORTGAGE_INCOME_APPLICANT', 'MORTGAGE_CURR_ADD_ADDLINE2_FT', 'MORTGAGE_APPLICATION_INCOME_EMPLOYMENT_STATUS', 'Full-Time Employed', '8', '1', '2018-08-06 09:25:00', '2018-11-16 14:04:05', '2018-11-16 14:04:05', '0', 'EmpAddressLine2', 'EmploymentStatus');
REPLACE INTO `querysectionquestion` (`id`, `QueryDefinition_id`, `QuerySection_id`, `QuestionDefinition_id`, `ParentQuerySectionQuestion_id`, `ParentQuestionOptionValue`, `Sequence`, `IsRequired`, `createdts`, `lastmodifiedts`, `synctimestamp`, `softdeleteflag`, `abstractName`, `ParentQuerySectionQuestion_AbstractName`) VALUES ('MA_INCOMEEMPLOYERADDRESSLINE2PT', 'MORTGAGE_APPLICATION', 'MORTGAGE_INCOME_APPLICANT', 'MORTGAGE_CURR_ADD_ADDLINE2_PT', 'MORTGAGE_APPLICATION_INCOME_EMPLOYMENT_STATUS', 'Part-Time Employed', '8', '1', '2018-08-06 09:25:00', '2018-11-16 14:07:34', '2018-11-16 14:07:34', '0', 'EmpAddressLine2Pt', 'EmploymentStatus');
REPLACE INTO `querysectionquestion` (`id`, `QueryDefinition_id`, `QuerySection_id`, `QuestionDefinition_id`, `ParentQuerySectionQuestion_id`, `ParentQuestionOptionValue`, `Sequence`, `IsRequired`, `createdts`, `lastmodifiedts`, `synctimestamp`, `softdeleteflag`, `abstractName`, `ParentQuerySectionQuestion_AbstractName`) VALUES ('MA_INCOMEEMPLOYERADDRESSPREVLINE1', 'MORTGAGE_APPLICATION', 'MORTGAGE_INCOME_APPLICANT', 'MORTGAGE_PREV_ADD_ADDLINE1_FT', 'MORTGAGE_APPLICATION_INCOME_EMPLOYMENT_STATUS', 'Yes', '8', '1', '2018-08-06 09:25:00', '2019-01-11 21:17:25', '2019-01-11 21:17:25', '0', 'PrevEmpLine1', 'PrevEmployerChallenge');
REPLACE INTO `querysectionquestion` (`id`, `QueryDefinition_id`, `QuerySection_id`, `QuestionDefinition_id`, `ParentQuerySectionQuestion_id`, `ParentQuestionOptionValue`, `Sequence`, `IsRequired`, `createdts`, `lastmodifiedts`, `synctimestamp`, `softdeleteflag`, `abstractName`, `ParentQuerySectionQuestion_AbstractName`) VALUES ('MA_INCOMEEMPLOYERADDRESSPREVLINE2', 'MORTGAGE_APPLICATION', 'MORTGAGE_INCOME_APPLICANT', 'MORTGAGE_PREV_ADD_ADDLINE2_FT', 'MORTGAGE_APPLICATION_INCOME_EMPLOYMENT_STATUS', 'Yes', '8', '1', '2018-08-06 09:25:00', '2019-01-11 21:17:25', '2019-01-11 21:17:25', '0', 'PrevEmpLine2', 'PrevEmployerChallenge');
REPLACE INTO `querysectionquestion` (`id`, `QueryDefinition_id`, `QuerySection_id`, `QuestionDefinition_id`, `ParentQuerySectionQuestion_id`, `ParentQuestionOptionValue`, `Sequence`, `IsRequired`, `createdts`, `lastmodifiedts`, `synctimestamp`, `softdeleteflag`, `abstractName`, `ParentQuerySectionQuestion_AbstractName`) VALUES ('MA_INCOMEEMPLOYERADDRESSSTATE', 'MORTGAGE_APPLICATION', 'MORTGAGE_INCOME_APPLICANT', 'MORTGAGE_CURR_ADD_STATE_FT', 'MORTGAGE_APPLICATION_INCOME_EMPLOYMENT_STATUS', 'Full-Time Employed', '8', '1', '2018-08-06 09:25:00', '2018-11-16 14:04:05', '2018-11-16 14:04:05', '0', 'EmpAddressState', 'EmploymentStatus');
REPLACE INTO `querysectionquestion` (`id`, `QueryDefinition_id`, `QuerySection_id`, `QuestionDefinition_id`, `ParentQuerySectionQuestion_id`, `ParentQuestionOptionValue`, `Sequence`, `IsRequired`, `createdts`, `lastmodifiedts`, `synctimestamp`, `softdeleteflag`, `abstractName`, `ParentQuerySectionQuestion_AbstractName`) VALUES ('MA_INCOMEEMPLOYERADDRESSSTATEPT', 'MORTGAGE_APPLICATION', 'MORTGAGE_INCOME_APPLICANT', 'MORTGAGE_CURR_ADD_STATE_PT', 'MORTGAGE_APPLICATION_INCOME_EMPLOYMENT_STATUS', 'Part-Time Employed', '8', '1', '2018-08-06 09:25:00', '2018-11-16 14:07:34', '2018-11-16 14:07:34', '0', 'EmpAddressStatePt', 'EmploymentStatus');
REPLACE INTO `querysectionquestion` (`id`, `QueryDefinition_id`, `QuerySection_id`, `QuestionDefinition_id`, `ParentQuerySectionQuestion_id`, `ParentQuestionOptionValue`, `Sequence`, `IsRequired`, `createdts`, `lastmodifiedts`, `synctimestamp`, `softdeleteflag`, `abstractName`, `ParentQuerySectionQuestion_AbstractName`) VALUES ('MA_INCOMEEMPLOYERADDRESSZIPCODE', 'MORTGAGE_APPLICATION', 'MORTGAGE_INCOME_APPLICANT', 'MORTGAGE_INCOME_FULLTIME_ZIP', 'MORTGAGE_APPLICATION_INCOME_EMPLOYMENT_STATUS', 'Full-Time Employed', '8', '1', '2018-08-06 09:25:00', '2018-11-16 14:04:05', '2018-11-16 14:04:05', '0', 'EmpAddressPincode', 'EmploymentStatus');
REPLACE INTO `querysectionquestion` (`id`, `QueryDefinition_id`, `QuerySection_id`, `QuestionDefinition_id`, `ParentQuerySectionQuestion_id`, `ParentQuestionOptionValue`, `Sequence`, `IsRequired`, `createdts`, `lastmodifiedts`, `synctimestamp`, `softdeleteflag`, `abstractName`, `ParentQuerySectionQuestion_AbstractName`) VALUES ('MA_INCOMEEMPLOYERADDRESSZIPCODEPT', 'MORTGAGE_APPLICATION', 'MORTGAGE_INCOME_APPLICANT', 'MORTGAGE_INCOME_PARTTIME_ZIP', 'MORTGAGE_APPLICATION_INCOME_EMPLOYMENT_STATUS', 'Part-Time Employed', '8', '1', '2018-08-06 09:25:00', '2018-11-16 14:07:34', '2018-11-16 14:07:34', '0', 'EmpAddressPinCodePt', 'EmploymentStatus');
REPLACE INTO `querysectionquestion` (`id`, `QueryDefinition_id`, `QuerySection_id`, `QuestionDefinition_id`, `ParentQuestionOptionValue`, `Sequence`, `IsRequired`, `createdts`, `lastmodifiedts`, `synctimestamp`, `softdeleteflag`, `abstractName`) VALUES ('MA_INCOMEEMPLOYMENTSTATUS', 'MORTGAGE_APPLICATION', 'MORTGAGE_INCOME_APPLICANT', 'MORTGAGE_EMPLOYMENT_STATUS', '', '8', '1', '2018-08-06 09:25:00', '2018-11-13 05:59:42', '2018-11-13 05:59:42', '0', 'EmploymentStatus');
REPLACE INTO `querysectionquestion` (`id`, `QueryDefinition_id`, `QuerySection_id`, `QuestionDefinition_id`, `Sequence`, `IsRequired`, `createdts`, `lastmodifiedts`, `synctimestamp`, `softdeleteflag`, `abstractName`) VALUES ('MA_INCOMEHOUSINGRENT', 'MORTGAGE_APPLICATION', 'MORTGAGE_INCOME_APPLICANT', 'MORTGAGE_HOUSINGRENT', '8', '1', '2018-10-29 15:02:00', '2018-11-13 05:59:02', '2018-11-13 05:59:02', '0', 'HousingRent');
REPLACE INTO `querysectionquestion` (`id`, `QueryDefinition_id`, `QuerySection_id`, `QuestionDefinition_id`, `ParentQuerySectionQuestion_id`, `ParentQuestionOptionValue`, `Sequence`, `IsRequired`, `createdts`, `lastmodifiedts`, `synctimestamp`, `softdeleteflag`, `abstractName`, `ParentQuerySectionQuestion_AbstractName`) VALUES ('MA_INCOMEMILITARYDESIG', 'MORTGAGE_APPLICATION', 'MORTGAGE_INCOME_APPLICANT', 'MORTGAGE_MILITARY_DESIGNATION', 'MORTGAGE_APPLICATION_INCOME_EMPLOYMENT_STATUS', 'Military', '8', '1', '2018-10-03 08:57:00', '2018-11-15 16:22:20', '2018-11-15 16:22:20', '0', 'MilitaryDesignation', 'EmploymentStatus');
REPLACE INTO `querysectionquestion` (`id`, `QueryDefinition_id`, `QuerySection_id`, `QuestionDefinition_id`, `ParentQuerySectionQuestion_id`, `ParentQuestionOptionValue`, `Sequence`, `IsRequired`, `createdts`, `lastmodifiedts`, `synctimestamp`, `softdeleteflag`, `abstractName`, `ParentQuerySectionQuestion_AbstractName`) VALUES ('MA_INCOMEPREVEMPLOYERADDRESSADDLINE1PT', 'MORTGAGE_APPLICATION', 'MORTGAGE_INCOME_APPLICANT', 'MORTGAGE_PREV_ADD_ADDLINE1_PT', 'MORTGAGE_APPLICATION_INCOME_EMPLOYMENT_STATUS', 'Yes', '8', '1', '2018-08-06 09:25:00', '2019-01-11 21:17:25', '2019-01-11 21:17:25', '0', 'PrevEmpAddressLine1Pt', 'PrevEmployerChallengePt');
REPLACE INTO `querysectionquestion` (`id`, `QueryDefinition_id`, `QuerySection_id`, `QuestionDefinition_id`, `ParentQuerySectionQuestion_id`, `ParentQuestionOptionValue`, `Sequence`, `IsRequired`, `createdts`, `lastmodifiedts`, `synctimestamp`, `softdeleteflag`, `abstractName`, `ParentQuerySectionQuestion_AbstractName`) VALUES ('MA_INCOMEPREVEMPLOYERADDRESSADDLINE2PT', 'MORTGAGE_APPLICATION', 'MORTGAGE_INCOME_APPLICANT', 'MORTGAGE_PREV_ADD_ADDLINE2_PT', 'MORTGAGE_APPLICATION_INCOME_EMPLOYMENT_STATUS', 'Yes', '8', '1', '2018-08-06 09:25:00', '2019-01-11 21:17:25', '2019-01-11 21:17:25', '0', 'PrevEmpAddressLine2Pt', 'PrevEmployerChallengePt');
REPLACE INTO `querysectionquestion` (`id`, `QueryDefinition_id`, `QuerySection_id`, `QuestionDefinition_id`, `ParentQuerySectionQuestion_id`, `ParentQuestionOptionValue`, `Sequence`, `IsRequired`, `createdts`, `lastmodifiedts`, `synctimestamp`, `softdeleteflag`, `abstractName`, `ParentQuerySectionQuestion_AbstractName`) VALUES ('MA_INCOMEPREVEMPLOYERADDRESSCITY', 'MORTGAGE_APPLICATION', 'MORTGAGE_INCOME_APPLICANT', 'MORTGAGE_PREV_ADD_CITY_FT', 'MORTGAGE_APPLICATION_INCOME_EMPLOYMENT_STATUS', 'Yes', '8', '1', '2018-08-06 09:25:00', '2019-01-11 21:17:25', '2019-01-11 21:17:25', '0', 'PrevEmpCity', 'PrevEmployerChallenge');
REPLACE INTO `querysectionquestion` (`id`, `QueryDefinition_id`, `QuerySection_id`, `QuestionDefinition_id`, `ParentQuerySectionQuestion_id`, `ParentQuestionOptionValue`, `Sequence`, `IsRequired`, `createdts`, `lastmodifiedts`, `synctimestamp`, `softdeleteflag`, `abstractName`, `ParentQuerySectionQuestion_AbstractName`) VALUES ('MA_INCOMEPREVEMPLOYERADDRESSCITYPT', 'MORTGAGE_APPLICATION', 'MORTGAGE_INCOME_APPLICANT', 'MORTGAGE_PREV_ADD_CITY_PT', 'MORTGAGE_APPLICATION_INCOME_EMPLOYMENT_STATUS', 'Yes', '8', '1', '2018-08-06 09:25:00', '2019-01-11 21:17:25', '2019-01-11 21:17:25', '0', 'PrevEmpAddressCityPt', 'PrevEmployerChallengePt');
REPLACE INTO `querysectionquestion` (`id`, `QueryDefinition_id`, `QuerySection_id`, `QuestionDefinition_id`, `ParentQuerySectionQuestion_id`, `ParentQuestionOptionValue`, `Sequence`, `IsRequired`, `createdts`, `lastmodifiedts`, `synctimestamp`, `softdeleteflag`, `abstractName`, `ParentQuerySectionQuestion_AbstractName`) VALUES ('MA_INCOMEPREVEMPLOYERADDRESSCOUNTRY', 'MORTGAGE_APPLICATION', 'MORTGAGE_INCOME_APPLICANT', 'MORTGAGE_PREV_ADD_COUNTRY_FT', 'MORTGAGE_APPLICATION_INCOME_EMPLOYMENT_STATUS', 'Yes', '8', '1', '2018-08-06 09:25:00', '2019-01-11 21:17:25', '2019-01-11 21:17:25', '0', 'PrevEmpCountry', 'PrevEmployerChallenge');
REPLACE INTO `querysectionquestion` (`id`, `QueryDefinition_id`, `QuerySection_id`, `QuestionDefinition_id`, `ParentQuerySectionQuestion_id`, `ParentQuestionOptionValue`, `Sequence`, `IsRequired`, `createdts`, `lastmodifiedts`, `synctimestamp`, `softdeleteflag`, `abstractName`, `ParentQuerySectionQuestion_AbstractName`) VALUES ('MA_INCOMEPREVEMPLOYERADDRESSCOUNTRYPT', 'MORTGAGE_APPLICATION', 'MORTGAGE_INCOME_APPLICANT', 'MORTGAGE_PREV_ADD_COUNTRY_PT', 'MORTGAGE_APPLICATION_INCOME_EMPLOYMENT_STATUS', 'Yes', '8', '1', '2018-08-06 09:25:00', '2019-01-11 21:17:25', '2019-01-11 21:17:25', '0', 'PrevEmpAddressCountryPt', 'PrevEmployerChallengePt');
REPLACE INTO `querysectionquestion` (`id`, `QueryDefinition_id`, `QuerySection_id`, `QuestionDefinition_id`, `ParentQuerySectionQuestion_id`, `ParentQuestionOptionValue`, `Sequence`, `IsRequired`, `createdts`, `lastmodifiedts`, `synctimestamp`, `softdeleteflag`, `abstractName`, `ParentQuerySectionQuestion_AbstractName`) VALUES ('MA_INCOMEPREVEMPLOYERADDRESSSTATE', 'MORTGAGE_APPLICATION', 'MORTGAGE_INCOME_APPLICANT', 'MORTGAGE_PREV_ADD_STATE_FT', 'MORTGAGE_APPLICATION_INCOME_EMPLOYMENT_STATUS', 'Yes', '8', '1', '2018-08-06 09:25:00', '2019-01-11 21:17:25', '2019-01-11 21:17:25', '0', 'PrevEmpState', 'PrevEmployerChallenge');
REPLACE INTO `querysectionquestion` (`id`, `QueryDefinition_id`, `QuerySection_id`, `QuestionDefinition_id`, `ParentQuerySectionQuestion_id`, `ParentQuestionOptionValue`, `Sequence`, `IsRequired`, `createdts`, `lastmodifiedts`, `synctimestamp`, `softdeleteflag`, `abstractName`, `ParentQuerySectionQuestion_AbstractName`) VALUES ('MA_INCOMEPREVEMPLOYERADDRESSSTATEPT', 'MORTGAGE_APPLICATION', 'MORTGAGE_INCOME_APPLICANT', 'MORTGAGE_PREV_ADD_STATE_PT', 'MORTGAGE_APPLICATION_INCOME_EMPLOYMENT_STATUS', 'Yes', '8', '1', '2018-08-06 09:25:00', '2019-01-11 21:17:25', '2019-01-11 21:17:25', '0', 'PrevEmpAddressStatePt', 'PrevEmployerChallengePt');
REPLACE INTO `querysectionquestion` (`id`, `QueryDefinition_id`, `QuerySection_id`, `QuestionDefinition_id`, `ParentQuerySectionQuestion_id`, `ParentQuestionOptionValue`, `Sequence`, `IsRequired`, `createdts`, `lastmodifiedts`, `synctimestamp`, `softdeleteflag`, `abstractName`, `ParentQuerySectionQuestion_AbstractName`) VALUES ('MA_INCOMEPREVEMPLOYERADDRESSZIPCODE', 'MORTGAGE_APPLICATION', 'MORTGAGE_INCOME_APPLICANT', 'MORTGAGE_INCOME_FULLTIME_PREV_ZIP', 'MORTGAGE_APPLICATION_INCOME_EMPLOYMENT_STATUS', 'Yes', '8', '1', '2018-08-06 09:25:00', '2019-01-11 21:17:25', '2019-01-11 21:17:25', '0', 'PrevEmpPincode', 'PrevEmployerChallenge');
REPLACE INTO `querysectionquestion` (`id`, `QueryDefinition_id`, `QuerySection_id`, `QuestionDefinition_id`, `ParentQuerySectionQuestion_id`, `ParentQuestionOptionValue`, `Sequence`, `IsRequired`, `createdts`, `lastmodifiedts`, `synctimestamp`, `softdeleteflag`, `abstractName`, `ParentQuerySectionQuestion_AbstractName`) VALUES ('MA_INCOMEPREVEMPLOYERADDRESSZIPCODEPT', 'MORTGAGE_APPLICATION', 'MORTGAGE_INCOME_APPLICANT', 'MORTGAGE_INCOME_PARTTIME_PREV_ZIP', 'MORTGAGE_APPLICATION_INCOME_EMPLOYMENT_STATUS', 'Yes', '8', '1', '2018-08-06 09:25:00', '2019-01-11 21:17:25', '2019-01-11 21:17:25', '0', 'PrevEmpAddressPinCodePt', 'PrevEmployerChallengePt');
REPLACE INTO `querysectionquestion` (`id`, `QueryDefinition_id`, `QuerySection_id`, `QuestionDefinition_id`, `ParentQuerySectionQuestion_id`, `ParentQuestionOptionValue`, `Sequence`, `IsRequired`, `createdts`, `lastmodifiedts`, `synctimestamp`, `softdeleteflag`, `abstractName`, `ParentQuerySectionQuestion_AbstractName`) VALUES ('MA_INCOMEPREVIOUSEMPLOYER', 'MORTGAGE_APPLICATION', 'MORTGAGE_INCOME_APPLICANT', 'MORTGAGE_PREVIOUS_EMPLOYER', 'MORTGAGE_APPLICATION_INCOME_PREVIOUS_EMPLOYER_CHAL', 'Yes', '8', '1', '2018-08-17 10:55:00', '2018-11-15 16:22:20', '2018-11-15 16:22:20', '0', 'PreviousEmployer', 'PrevEmployerChallenge');
REPLACE INTO `querysectionquestion` (`id`, `QueryDefinition_id`, `QuerySection_id`, `QuestionDefinition_id`, `ParentQuerySectionQuestion_id`, `ParentQuestionOptionValue`, `Sequence`, `IsRequired`, `createdts`, `lastmodifiedts`, `synctimestamp`, `softdeleteflag`, `abstractName`, `ParentQuerySectionQuestion_AbstractName`) VALUES ('MA_INCOMEPREVIOUSEMPLOYERCHAL', 'MORTGAGE_APPLICATION', 'MORTGAGE_INCOME_APPLICANT', 'MORTGAGE_PREV_EMPLOYER_CHALLENGE', 'MORTGAGE_APPLICATION_INCOME_EMPLOYMENT_STATUS', 'Full-Time Employed', '8', '1', '2018-08-17 10:55:00', '2018-12-06 08:24:34', '2018-12-06 08:24:34', '0', 'PrevEmployerChallenge', 'EmploymentStatus');
REPLACE INTO `querysectionquestion` (`id`, `QueryDefinition_id`, `QuerySection_id`, `QuestionDefinition_id`, `ParentQuerySectionQuestion_id`, `ParentQuestionOptionValue`, `Sequence`, `IsRequired`, `createdts`, `lastmodifiedts`, `synctimestamp`, `softdeleteflag`, `abstractName`, `ParentQuerySectionQuestion_AbstractName`) VALUES ('MA_INCOMEPREVIOUSEMPLOYERCHALPT', 'MORTGAGE_APPLICATION', 'MORTGAGE_INCOME_APPLICANT', 'MORTGAGE_PREV_EMPLOYER_CHALLENGE_PT', 'MORTGAGE_APPLICATION_INCOME_EMPLOYMENT_STATUS', 'Part-Time Employed', '8', '1', '2018-08-17 10:55:00', '2018-12-06 08:17:42', '2018-12-06 08:17:42', '0', 'PrevEmployerChallengePt', 'EmploymentStatus');
REPLACE INTO `querysectionquestion` (`id`, `QueryDefinition_id`, `QuerySection_id`, `QuestionDefinition_id`, `ParentQuerySectionQuestion_id`, `ParentQuestionOptionValue`, `Sequence`, `IsRequired`, `createdts`, `lastmodifiedts`, `synctimestamp`, `softdeleteflag`, `abstractName`, `ParentQuerySectionQuestion_AbstractName`) VALUES ('MA_INCOMEPREVIOUSEMPLOYERDESIGNATION', 'MORTGAGE_APPLICATION', 'MORTGAGE_INCOME_APPLICANT', 'MORTGAGE_PREVIOUS_EMPLOYER_DESIGNATION', 'MORTGAGE_APPLICATION_INCOME_PREVIOUS_EMPLOYER_CHAL', 'Yes', '8', '1', '2018-08-17 10:55:00', '2018-11-15 16:22:20', '2018-11-15 16:22:20', '0', 'PreviousEmployerDesignation', 'PrevEmployerChallenge');
REPLACE INTO `querysectionquestion` (`id`, `QueryDefinition_id`, `QuerySection_id`, `QuestionDefinition_id`, `ParentQuerySectionQuestion_id`, `ParentQuestionOptionValue`, `Sequence`, `IsRequired`, `createdts`, `lastmodifiedts`, `synctimestamp`, `softdeleteflag`, `abstractName`, `ParentQuerySectionQuestion_AbstractName`) VALUES ('MA_INCOMEPREVIOUSEMPLOYERDESIGNATIONPT', 'MORTGAGE_APPLICATION', 'MORTGAGE_INCOME_APPLICANT', 'MORTGAGE_PREVIOUS_EMPLOYER_DESIGNATION_PT', 'MORTGAGE_APP_INCOME_PREVIOUS_EMPLOYER_CHAL_PT', 'Yes', '8', '1', '2018-08-17 10:55:00', '2018-11-15 16:22:20', '2018-11-15 16:22:20', '0', 'PreviousEmployerDesignationPt', 'PrevEmployerChallengePt');
REPLACE INTO `querysectionquestion` (`id`, `QueryDefinition_id`, `QuerySection_id`, `QuestionDefinition_id`, `ParentQuerySectionQuestion_id`, `ParentQuestionOptionValue`, `Sequence`, `IsRequired`, `createdts`, `lastmodifiedts`, `synctimestamp`, `softdeleteflag`, `abstractName`, `ParentQuerySectionQuestion_AbstractName`) VALUES ('MA_INCOMEPREVIOUSEMPLOYERPT', 'MORTGAGE_APPLICATION', 'MORTGAGE_INCOME_APPLICANT', 'MORTGAGE_PREVIOUS_EMPLOYER_PT', 'MORTGAGE_APP_INCOME_PREVIOUS_EMPLOYER_CHAL_PT', 'Yes', '8', '1', '2018-08-17 10:55:00', '2018-11-15 16:22:20', '2018-11-15 16:22:20', '0', 'PreviousEmployerPt', 'PrevEmployerChallengePt');
REPLACE INTO `querysectionquestion` (`id`, `QueryDefinition_id`, `QuerySection_id`, `QuestionDefinition_id`, `ParentQuerySectionQuestion_id`, `ParentQuestionOptionValue`, `Sequence`, `IsRequired`, `createdts`, `lastmodifiedts`, `synctimestamp`, `softdeleteflag`, `abstractName`, `ParentQuerySectionQuestion_AbstractName`) VALUES ('MA_INCOMESTARTDATEEMPLOYER', 'MORTGAGE_APPLICATION', 'MORTGAGE_INCOME_APPLICANT', 'MORTGAGE_EMPLOYER_START_DATE', 'MORTGAGE_APPLICATION_INCOME_EMPLOYMENT_STATUS', 'Full-Time Employed', '8', '1', '2018-08-06 09:25:00', '2018-11-16 14:04:05', '2018-11-16 14:04:05', '0', 'EmployerStartDate', 'EmploymentStatus');
REPLACE INTO `querysectionquestion` (`id`, `QueryDefinition_id`, `QuerySection_id`, `QuestionDefinition_id`, `ParentQuerySectionQuestion_id`, `ParentQuestionOptionValue`, `Sequence`, `IsRequired`, `createdts`, `lastmodifiedts`, `synctimestamp`, `softdeleteflag`, `abstractName`, `ParentQuerySectionQuestion_AbstractName`) VALUES ('MA_INCOMESTARTDATEEMPLOYERPT', 'MORTGAGE_APPLICATION', 'MORTGAGE_INCOME_APPLICANT', 'MORTGAGE_EMPLOYER_START_DATE_PT', 'MORTGAGE_APPLICATION_INCOME_EMPLOYMENT_STATUS', 'Part-Time Employed', '8', '1', '2018-08-06 09:25:00', '2018-11-16 14:07:34', '2018-11-16 14:07:34', '0', 'EmployerStartDatePt', 'EmploymentStatus');
REPLACE INTO `querysectionquestion` (`id`, `QueryDefinition_id`, `QuerySection_id`, `QuestionDefinition_id`, `ParentQuerySectionQuestion_id`, `ParentQuestionOptionValue`, `Sequence`, `IsRequired`, `createdts`, `lastmodifiedts`, `synctimestamp`, `softdeleteflag`, `abstractName`, `ParentQuerySectionQuestion_AbstractName`) VALUES ('MA_MILITARYSTARTDATE', 'MORTGAGE_APPLICATION', 'MORTGAGE_INCOME_APPLICANT', 'MORTGAGE_MILITARY_START_DATE', 'MORTGAGE_APPLICATION_INCOME_EMPLOYMENT_STATUS', 'Military', '8', '1', '2018-08-06 09:25:00', '2018-11-15 16:22:20', '2018-11-15 16:22:20', '0', 'MilitaryStartDate', 'EmploymentStatus');
REPLACE INTO `querysectionquestion` (`id`, `QueryDefinition_id`, `QuerySection_id`, `QuestionDefinition_id`, `ParentQuerySectionQuestion_id`, `ParentQuestionOptionValue`, `Sequence`, `IsRequired`, `createdts`, `lastmodifiedts`, `synctimestamp`, `softdeleteflag`, `abstractName`, `ParentQuerySectionQuestion_AbstractName`) VALUES ('MA_MILITARY_INCOME_HOURLY', 'MORTGAGE_APPLICATION', 'MORTGAGE_INCOME_APPLICANT', 'MORTGAGE_INCOME_MILITARY_HOURS_WORKED', 'MA_MILITARYINCOME', 'Houlry', '3', '1', '2019-01-11 21:17:23', '2019-01-22 19:06:04', '2019-01-22 19:06:04', '0', 'MilitaryIncomeHours', 'MilitaryIncomePayPeriod');
REPLACE INTO `querysectionquestion` (`id`, `QueryDefinition_id`, `QuerySection_id`, `QuestionDefinition_id`, `ParentQuestionOptionValue`, `Sequence`, `IsRequired`, `createdts`, `lastmodifiedts`, `synctimestamp`, `softdeleteflag`, `abstractName`) VALUES ('MA_MONTHLYEXPENSES_TOTALMORTGAGE', 'MORTGAGE_APPLICATION', 'MORTGAGE_INCOME_APPLICANT', 'MA_MONTHLYEXPENSES_TOTALMORTGAGE', '', '8', '1', '2018-08-06 09:25:00', '2018-11-13 05:59:42', '2018-11-13 05:59:42', '0', 'MonthlyExpensesTotalMortgage');
REPLACE INTO `querysectionquestion` (`id`, `QueryDefinition_id`, `QuerySection_id`, `QuestionDefinition_id`, `ParentQuestionOptionValue`, `Sequence`, `IsRequired`, `createdts`, `lastmodifiedts`, `synctimestamp`, `softdeleteflag`, `abstractName`) VALUES ('MA_MONTHLYEXPENSES_TOTALRENT', 'MORTGAGE_APPLICATION', 'MORTGAGE_INCOME_APPLICANT', 'MA_MONTHLYEXPENSES_TOTALRENT', '', '8', '1', '2018-08-06 09:25:00', '2018-11-13 05:59:42', '2018-11-13 05:59:42', '0', 'MonthlyExpensesTotalRent');
REPLACE INTO `querysectionquestion` (`id`, `QueryDefinition_id`, `QuerySection_id`, `QuestionDefinition_id`, `ParentQuerySectionQuestion_id`, `ParentQuestionOptionValue`, `Sequence`, `IsRequired`, `createdts`, `lastmodifiedts`, `synctimestamp`, `softdeleteflag`, `abstractName`, `ParentQuerySectionQuestion_AbstractName`) VALUES ('MA_OTHERINCOMEDESCRIPTION', 'MORTGAGE_APPLICATION', 'MORTGAGE_INCOME_APPLICANT', 'MORTGAGE_OTHER_INCOME_DESCRIPTION', 'MORTGAGE_APPLICATION_INCOME_EMPLOYMENT_STATUS', 'Other', '8', '1', '2018-10-03 08:57:00', '2018-11-15 16:22:20', '2018-11-15 16:22:20', '0', 'OtherIncomeDescription', 'EmploymentStatus');
REPLACE INTO `querysectionquestion` (`id`, `QueryDefinition_id`, `QuerySection_id`, `QuestionDefinition_id`, `ParentQuerySectionQuestion_id`, `ParentQuestionOptionValue`, `Sequence`, `IsRequired`, `createdts`, `lastmodifiedts`, `synctimestamp`, `softdeleteflag`, `abstractName`, `ParentQuerySectionQuestion_AbstractName`) VALUES ('MA_OTHER_EMPLOYMENTTYPE_NAME', 'MORTGAGE_APPLICATION', 'MORTGAGE_INCOME_APPLICANT', 'MORTGAGE_OTHER_EMPLOYMENT_NAME', 'MORTGAGE_APPLICATION_INCOME_EMPLOYMENT_STATUS', 'Other', '3', '1', '2018-12-21 10:20:56', '2019-01-23 19:49:59', '2019-01-23 19:49:59', '0', 'OtherEmploymentName', 'EmploymentStatus');
REPLACE INTO `querysectionquestion` (`id`, `QueryDefinition_id`, `QuerySection_id`, `QuestionDefinition_id`, `Sequence`, `IsRequired`, `createdts`, `lastmodifiedts`, `synctimestamp`, `softdeleteflag`, `abstractName`) VALUES ('MA_OTHER_INCOME_CHALLENGE', 'MORTGAGE_APPLICATION', 'MORTGAGE_INCOME_APPLICANT', 'MORTGAGE_OTHER_INCOME_CHALLENGE', '0', '1', '2018-12-28 05:20:55', '2019-01-11 21:17:24', '2019-01-11 21:17:24', '0', 'AddIncomeChallenge');
REPLACE INTO `querysectionquestion` (`id`, `QueryDefinition_id`, `QuerySection_id`, `QuestionDefinition_id`, `ParentQuerySectionQuestion_id`, `ParentQuestionOptionValue`, `Sequence`, `IsRequired`, `createdts`, `lastmodifiedts`, `synctimestamp`, `softdeleteflag`, `abstractName`, `ParentQuerySectionQuestion_AbstractName`) VALUES ('MA_OTHER_INCOME_HOURLY', 'MORTGAGE_APPLICATION', 'MORTGAGE_INCOME_APPLICANT', 'MORTGAGE_INCOME_OTHER_HOURS_WORKED', 'MA_OTHERINCOME', 'Hourly', '3', '1', '2019-01-04 15:33:24', '2019-01-22 19:06:04', '2019-01-22 19:06:04', '0', 'OtherIncomeHours', 'OtherIncomePayPeriod');
REPLACE INTO `querysectionquestion` (`id`, `QueryDefinition_id`, `QuerySection_id`, `QuestionDefinition_id`, `ParentQuerySectionQuestion_id`, `ParentQuestionOptionValue`, `Sequence`, `IsRequired`, `createdts`, `lastmodifiedts`, `synctimestamp`, `softdeleteflag`, `abstractName`, `ParentQuerySectionQuestion_AbstractName`) VALUES ('MA_PARTTIMEPREVINCOME', 'MORTGAGE_APPLICATION', 'MORTGAGE_INCOME_APPLICANT', 'MORTGAGE_PARTTIME_PREV_INCOME_INPUT', 'MORTGAGE_APPLICATION_INCOME_EMPLOYMENT_STATUS', 'Part-Time Employed', '8', '0', '2018-11-12 08:31:35', '2018-11-16 14:07:34', '2018-11-16 14:07:34', '0', 'PartTimePreviousIncomeInput', 'PrevEmployerChallengePt');
REPLACE INTO `querysectionquestion` (`id`, `QueryDefinition_id`, `QuerySection_id`, `QuestionDefinition_id`, `ParentQuerySectionQuestion_id`, `ParentQuestionOptionValue`, `Sequence`, `IsRequired`, `createdts`, `lastmodifiedts`, `synctimestamp`, `softdeleteflag`, `abstractName`, `ParentQuerySectionQuestion_AbstractName`) VALUES ('MA_PARTTIME_INCOME_HOURLY', 'MORTGAGE_APPLICATION', 'MORTGAGE_INCOME_APPLICANT', 'MORTGAGE_INCOME_PARTTIME_HOURS_WORKED', 'MA_PARTTIMEINCOME', 'Hourly', '3', '1', '2019-01-11 21:17:23', '2019-01-22 19:06:04', '2019-01-22 19:06:04', '0', 'PartTimeIncomeHours', 'PartTimeIncomePayPeriod');
REPLACE INTO `querysectionquestion` (`id`, `QueryDefinition_id`, `QuerySection_id`, `QuestionDefinition_id`, `ParentQuerySectionQuestion_id`, `ParentQuestionOptionValue`, `Sequence`, `IsRequired`, `createdts`, `lastmodifiedts`, `synctimestamp`, `softdeleteflag`, `abstractName`, `ParentQuerySectionQuestion_AbstractName`) VALUES ('MA_OTHER_INCOME_START_DATE_APP', 'MORTGAGE_APPLICATION', 'MORTGAGE_INCOME_APPLICANT', 'MORTGAGE_OTHER_INCOME_START_DATE_APP', 'MORTGAGE_APPLICATION_INCOME_EMPLOYMENT_STATUS', 'Other', '0', '1', '2018-11-11 05:57:56', '2019-01-09 22:01:06', '2019-01-09 22:01:06', '0', 'OtherIncomeStartDate', 'EmploymentStatus');
REPLACE INTO `questiondefinition` (`id`, `QueryDefinition_id`, `IsRequired`, `createdts`, `lastmodifiedts`, `synctimestamp`, `softdeleteflag`) VALUES ('MA_ADD_INCOME_OTHER_NAME', 'MORTGAGE_APPLICATION', '1', '2018-11-09 15:39:52', '2018-11-09 15:39:52', '2018-11-09 15:39:52', '0');
REPLACE INTO `questiondefinition` (`id`, `QueryDefinition_id`, `DataType_id`, `IsRequired`, `createdts`, `lastmodifiedts`, `synctimestamp`, `softdeleteflag`) VALUES ('MA_MONTHLYEXPENSES_TOTALMORTGAGE', 'MORTGAGE_APPLICATION', 'temp', '0', '2018-11-12 10:14:28', '2018-11-13 05:59:56', '2018-11-13 05:59:56', '0');
REPLACE INTO `questiondefinition` (`id`, `QueryDefinition_id`, `DataType_id`, `IsRequired`, `createdts`, `lastmodifiedts`, `synctimestamp`, `softdeleteflag`) VALUES ('MA_MONTHLYEXPENSES_TOTALRENT', 'MORTGAGE_APPLICATION', 'temp', '0', '2018-11-12 10:14:28', '2018-11-13 05:59:56', '2018-11-13 05:59:56', '0');
REPLACE INTO `questiondefinition` (`id`, `QueryDefinition_id`, `DataType_id`, `OptionGroup_id`, `IsRequired`, `createdts`, `lastmodifiedts`, `synctimestamp`, `softdeleteflag`) VALUES ('MORTGAGE_ADD_INCOME1', 'MORTGAGE_APPLICATION', 'temp', 'INCOME_OTHER_SOURCES_SELECT', '0', '2018-11-14 07:12:54', '2018-11-14 07:12:54', '2018-11-14 07:12:54', '0');
REPLACE INTO `questiondefinition` (`id`, `QueryDefinition_id`, `DataType_id`, `OptionGroup_id`, `IsRequired`, `createdts`, `lastmodifiedts`, `synctimestamp`, `softdeleteflag`) VALUES ('MORTGAGE_ADD_INCOME2', 'MORTGAGE_APPLICATION', 'temp', 'INCOME_OTHER_SOURCES_SELECT', '0', '2018-11-14 07:12:54', '2018-11-14 07:12:54', '2018-11-14 07:12:54', '0');
REPLACE INTO `questiondefinition` (`id`, `QueryDefinition_id`, `DataType_id`, `OptionGroup_id`, `IsRequired`, `createdts`, `lastmodifiedts`, `synctimestamp`, `softdeleteflag`) VALUES ('MORTGAGE_ADD_INCOME3', 'MORTGAGE_APPLICATION', 'temp', 'INCOME_OTHER_SOURCES_SELECT', '0', '2018-11-14 07:12:54', '2018-11-14 07:12:54', '2018-11-14 07:12:54', '0');
REPLACE INTO `questiondefinition` (`id`, `QueryDefinition_id`, `DataType_id`, `OptionGroup_id`, `IsRequired`, `createdts`, `lastmodifiedts`, `synctimestamp`, `softdeleteflag`) VALUES ('MORTGAGE_ADD_INCOME4', 'MORTGAGE_APPLICATION', 'temp', 'INCOME_OTHER_SOURCES_SELECT', '0', '2018-11-14 07:12:54', '2018-11-14 07:12:54', '2018-11-14 07:12:54', '0');
REPLACE INTO `questiondefinition` (`id`, `QueryDefinition_id`, `DataType_id`, `OptionGroup_id`, `IsRequired`, `createdts`, `lastmodifiedts`, `synctimestamp`, `softdeleteflag`) VALUES ('MORTGAGE_ADD_INCOME5', 'MORTGAGE_APPLICATION', 'temp', 'INCOME_OTHER_SOURCES_SELECT', '0', '2018-11-14 07:12:54', '2018-11-14 07:12:54', '2018-11-14 07:12:54', '0');
REPLACE INTO `questiondefinition` (`id`, `QueryDefinition_id`, `DataType_id`, `OptionGroup_id`, `IsRequired`, `createdts`, `lastmodifiedts`, `synctimestamp`, `softdeleteflag`) VALUES ('MORTGAGE_ADD_INCOME6', 'MORTGAGE_APPLICATION', 'temp', 'INCOME_OTHER_SOURCES_SELECT', '0', '2018-11-14 07:12:54', '2018-11-14 07:12:54', '2018-11-14 07:12:54', '0');
REPLACE INTO `questiondefinition` (`id`, `QueryDefinition_id`, `DataType_id`, `OptionGroup_id`, `IsRequired`, `createdts`, `lastmodifiedts`, `synctimestamp`, `softdeleteflag`) VALUES ('MORTGAGE_ADD_INCOME7', 'MORTGAGE_APPLICATION', 'temp', 'INCOME_OTHER_SOURCES_SELECT', '0', '2018-11-14 07:12:54', '2018-11-14 07:12:54', '2018-11-14 07:12:54', '0');
REPLACE INTO `questiondefinition` (`id`, `QueryDefinition_id`, `DataType_id`, `OptionGroup_id`, `IsRequired`, `createdts`, `lastmodifiedts`, `synctimestamp`, `softdeleteflag`) VALUES ('MORTGAGE_ADD_INCOME_ALIMONY', 'MORTGAGE_APPLICATION', 'temp', 'PAY_PERIOD_ALIMONY_TYPE_SELECT', '0', '2018-11-14 07:51:16', '2018-12-13 15:56:50', '2018-12-13 15:56:50', '0');
REPLACE INTO `questiondefinition` (`id`, `QueryDefinition_id`, `DataType_id`, `OptionGroup_id`, `IsRequired`, `createdts`, `lastmodifiedts`, `synctimestamp`, `softdeleteflag`) VALUES ('MORTGAGE_ADD_INCOME_ANNUITY', 'MORTGAGE_APPLICATION', 'temp', 'PAY_PERIOD_ANNUITY_TYPE_SELECT', '0', '2018-11-14 07:51:16', '2018-12-13 15:58:51', '2018-12-13 15:58:51', '0');
REPLACE INTO `questiondefinition` (`id`, `QueryDefinition_id`, `DataType_id`, `OptionGroup_id`, `IsRequired`, `createdts`, `lastmodifiedts`, `synctimestamp`, `softdeleteflag`) VALUES ('MORTGAGE_ADD_INCOME_INTEREST', 'MORTGAGE_APPLICATION', 'temp', 'PAY_PERIOD_INTERSET_TYPE_SELECT', '0', '2018-11-14 07:51:17', '2018-12-13 16:00:07', '2018-12-13 16:00:07', '0');
REPLACE INTO `questiondefinition` (`id`, `QueryDefinition_id`, `DataType_id`, `OptionGroup_id`, `IsRequired`, `createdts`, `lastmodifiedts`, `synctimestamp`, `softdeleteflag`) VALUES ('MORTGAGE_ADD_INCOME_OTHER', 'MORTGAGE_APPLICATION', 'temp', 'PAY_PERIOD_TYPE_SELECT', '0', '2018-11-14 07:51:17', '2019-02-01 12:04:40', '2019-02-01 12:04:40', '0');
REPLACE INTO `questiondefinition` (`id`, `QueryDefinition_id`, `DataType_id`, `IsRequired`, `createdts`, `lastmodifiedts`, `synctimestamp`, `softdeleteflag`) VALUES ('MORTGAGE_ADD_INCOME_OTHER_DESCRIPTION', 'MORTGAGE_APPLICATION', 'temp', '0', '2018-11-14 07:51:17', '2018-11-14 07:51:17', '2018-11-14 07:51:17', '0');
REPLACE INTO `questiondefinition` (`id`, `QueryDefinition_id`, `DataType_id`, `OptionGroup_id`, `IsRequired`, `createdts`, `lastmodifiedts`, `synctimestamp`, `softdeleteflag`) VALUES ('MORTGAGE_ADD_INCOME_PENSION', 'MORTGAGE_APPLICATION', 'temp', 'PAY_PERIOD_PENSION_TYPE_SELECT', '0', '2018-11-14 07:51:17', '2018-12-13 16:09:39', '2018-12-13 16:09:39', '0');
REPLACE INTO `questiondefinition` (`id`, `QueryDefinition_id`, `DataType_id`, `OptionGroup_id`, `IsRequired`, `createdts`, `lastmodifiedts`, `synctimestamp`, `softdeleteflag`) VALUES ('MORTGAGE_ADD_INCOME_RENTAL', 'MORTGAGE_APPLICATION', 'temp', 'PAY_PERIOD_RENTAL_TYPE_SELECT', '0', '2018-11-14 07:51:17', '2018-12-13 15:52:25', '2018-12-13 15:52:25', '0');
REPLACE INTO `questiondefinition` (`id`, `QueryDefinition_id`, `DataType_id`, `OptionGroup_id`, `IsRequired`, `createdts`, `lastmodifiedts`, `synctimestamp`, `softdeleteflag`) VALUES ('MORTGAGE_ADD_INCOME_SOCIAL_SECURITY', 'MORTGAGE_APPLICATION', 'temp', 'PAY_PERIOD_SOCSECURITY_TYPE_SELECT', '0', '2018-11-14 07:51:17', '2018-12-13 16:11:02', '2018-12-13 16:11:02', '0');
REPLACE INTO `questiondefinition` (`id`, `QueryDefinition_id`, `DataType_id`, `OptionGroup_id`, `Unit`, `Name`, `Label`, `OtherLabel`, `IsRequired`, `createdby`, `modifiedby`, `createdts`, `lastmodifiedts`, `synctimestamp`, `softdeleteflag`) VALUES ('MORTGAGE_APPLICANT_INCOME_AMOUNT', 'MORTGAGE_APPLICATION', '', 'PAY_PERIOD_TYPE_SELECT', '', '', '', '', '1', '', '', '2013-07-17 11:48:00', '2018-10-26 11:36:48', '2018-10-26 11:36:48', '0');
REPLACE INTO `questiondefinition` (`id`, `QueryDefinition_id`, `OptionGroup_id`, `IsRequired`, `createdts`, `lastmodifiedts`, `synctimestamp`, `softdeleteflag`) VALUES ('MORTGAGE_APPLICANT_INCOME_MILITARY_AMOUNT', 'MORTGAGE_APPLICATION', 'PAY_PERIOD_MILITARY_TYPE_SELECT', '1', '2018-11-05 10:08:08', '2019-01-11 21:17:23', '2019-01-11 21:17:23', '0');
REPLACE INTO `questiondefinition` (`id`, `QueryDefinition_id`, `OptionGroup_id`, `IsRequired`, `createdts`, `lastmodifiedts`, `synctimestamp`, `softdeleteflag`) VALUES ('MORTGAGE_APPLICANT_INCOME_MILITARY_PPT', 'MORTGAGE_APPLICATION', 'PAY_PERIOD_MILITARY_TYPE_SELECT', '1', '2018-11-05 10:08:08', '2019-01-11 21:17:23', '2019-01-11 21:17:23', '0');
REPLACE INTO `questiondefinition` (`id`, `QueryDefinition_id`, `OptionGroup_id`, `IsRequired`, `createdts`, `lastmodifiedts`, `synctimestamp`, `softdeleteflag`) VALUES ('MORTGAGE_APPLICANT_INCOME_OTHER_AMOUNT', 'MORTGAGE_APPLICATION', 'PAY_PERIOD_TYPE_SELECT', '1', '2018-11-05 10:08:08', '2018-11-05 10:08:08', '2018-11-05 10:08:08', '0');
REPLACE INTO `questiondefinition` (`id`, `QueryDefinition_id`, `OptionGroup_id`, `IsRequired`, `createdts`, `lastmodifiedts`, `synctimestamp`, `softdeleteflag`) VALUES ('MORTGAGE_APPLICANT_INCOME_OTHER_PPT', 'MORTGAGE_APPLICATION', 'PAY_PERIOD_TYPE_SELECT', '1', '2018-11-05 10:08:08', '2018-11-05 10:08:08', '2018-11-05 10:08:08', '0');
REPLACE INTO `questiondefinition` (`id`, `QueryDefinition_id`, `DataType_id`, `OptionGroup_id`, `Unit`, `Name`, `Label`, `OtherLabel`, `IsRequired`, `createdby`, `modifiedby`, `createdts`, `lastmodifiedts`, `synctimestamp`, `softdeleteflag`) VALUES ('MORTGAGE_APPLICANT_INCOME_PPT', 'MORTGAGE_APPLICATION', '', 'PAY_PERIOD_TYPE_SELECT', '', '', '', '', '1', '', '', '2013-07-17 11:48:00', '2018-10-26 11:36:48', '2018-10-26 11:36:48', '0');
REPLACE INTO `questiondefinition` (`id`, `QueryDefinition_id`, `OptionGroup_id`, `IsRequired`, `createdts`, `lastmodifiedts`, `synctimestamp`, `softdeleteflag`) VALUES ('MORTGAGE_APPLICANT_INCOME_PT_AMOUNT', 'MORTGAGE_APPLICATION', 'PAY_PERIOD_TYPE_SELECT', '1', '2018-11-05 10:08:08', '2018-11-05 10:08:08', '2018-11-05 10:08:08', '0');
REPLACE INTO `questiondefinition` (`id`, `QueryDefinition_id`, `OptionGroup_id`, `IsRequired`, `createdts`, `lastmodifiedts`, `synctimestamp`, `softdeleteflag`) VALUES ('MORTGAGE_APPLICANT_INCOME_PT_PPT', 'MORTGAGE_APPLICATION', 'PAY_PERIOD_TYPE_SELECT', '1', '2018-11-05 10:08:08', '2018-11-05 10:08:08', '2018-11-05 10:08:08', '0');
REPLACE INTO `questiondefinition` (`id`, `QueryDefinition_id`, `OptionGroup_id`, `IsRequired`, `createdts`, `lastmodifiedts`, `synctimestamp`, `softdeleteflag`) VALUES ('MORTGAGE_APPLICANT_INCOME_SE_AMOUNT', 'MORTGAGE_APPLICATION', 'PAY_PERIOD_TYPE_SELECT', '1', '2018-11-05 10:08:08', '2018-11-05 10:08:08', '2018-11-05 10:08:08', '0');
REPLACE INTO `questiondefinition` (`id`, `QueryDefinition_id`, `OptionGroup_id`, `IsRequired`, `createdts`, `lastmodifiedts`, `synctimestamp`, `softdeleteflag`) VALUES ('MORTGAGE_APPLICANT_INCOME_SE_PPT', 'MORTGAGE_APPLICATION', 'PAY_PERIOD_TYPE_SELECT', '1', '2018-11-05 10:08:08', '2018-11-05 10:08:08', '2018-11-05 10:08:08', '0');
REPLACE INTO `questiondefinition` (`id`, `QueryDefinition_id`, `DataType_id`, `IsRequired`, `createdts`, `lastmodifiedts`, `synctimestamp`, `softdeleteflag`) VALUES ('MORTGAGE_BUSINESS_ADDRESS CITY', 'MORTGAGE_APPLICATION', 'temp', '0', '2018-11-12 07:46:30', '2018-11-13 08:01:36', '2018-11-13 08:01:36', '0');
REPLACE INTO `questiondefinition` (`id`, `QueryDefinition_id`, `DataType_id`, `IsRequired`, `createdts`, `lastmodifiedts`, `synctimestamp`, `softdeleteflag`) VALUES ('MORTGAGE_BUSINESS_ADDRESS COUNTRY', 'MORTGAGE_APPLICATION', 'temp', '0', '2018-11-12 07:46:30', '2018-11-13 08:00:45', '2018-11-13 08:00:45', '0');
REPLACE INTO `questiondefinition` (`id`, `QueryDefinition_id`, `DataType_id`, `Unit`, `Name`, `Label`, `OtherLabel`, `IsRequired`, `createdby`, `modifiedby`, `createdts`, `lastmodifiedts`, `synctimestamp`, `softdeleteflag`) VALUES ('MORTGAGE_BUSINESS_ADDRESS LINE1', 'MORTGAGE_APPLICATION', 'temp', 'NULL', '', '', 'What is your business address?', '1', 'NULL', 'NULL', '2018-11-13 07:58:27', '2018-11-13 07:58:27', '2018-11-13 07:58:27', '0');
REPLACE INTO `questiondefinition` (`id`, `QueryDefinition_id`, `DataType_id`, `IsRequired`, `createdts`, `lastmodifiedts`, `synctimestamp`, `softdeleteflag`) VALUES ('MORTGAGE_BUSINESS_ADDRESS LINE2', 'MORTGAGE_APPLICATION', 'temp', '0', '2018-11-12 07:13:14', '2018-11-13 15:51:08', '2018-11-13 15:51:08', '0');
REPLACE INTO `questiondefinition` (`id`, `QueryDefinition_id`, `DataType_id`, `IsRequired`, `createdts`, `lastmodifiedts`, `synctimestamp`, `softdeleteflag`) VALUES ('MORTGAGE_BUSINESS_ADDRESS STATE', 'MORTGAGE_APPLICATION', 'temp', '0', '2018-11-12 07:46:30', '2018-11-13 08:01:09', '2018-11-13 08:01:09', '0');
REPLACE INTO `questiondefinition` (`id`, `QueryDefinition_id`, `DataType_id`, `IsRequired`, `createdts`, `lastmodifiedts`, `synctimestamp`, `softdeleteflag`) VALUES ('MORTGAGE_BUSINESS_ADDRESS ZIP', 'MORTGAGE_APPLICATION', 'temp', '0', '2018-11-12 07:46:30', '2018-11-13 08:00:11', '2018-11-13 08:00:11', '0');
REPLACE INTO `questiondefinition` (`id`, `QueryDefinition_id`, `DataType_id`, `Unit`, `Name`, `Label`, `OtherLabel`, `IsRequired`, `createdby`, `modifiedby`, `createdts`, `lastmodifiedts`, `synctimestamp`, `softdeleteflag`) VALUES ('MORTGAGE_BUSINESS_NAME', 'MORTGAGE_APPLICATION', 'temp', 'NULL', 'Business Name', 'What is your business name?', 'What is your business name?', '1', 'NULL', 'NULL', '2018-11-13 07:58:27', '2018-11-13 07:55:20', '2018-11-13 07:55:20', '0');
REPLACE INTO `questiondefinition` (`id`, `QueryDefinition_id`, `DataType_id`, `Unit`, `Name`, `Label`, `OtherLabel`, `IsRequired`, `createdby`, `modifiedby`, `createdts`, `lastmodifiedts`, `synctimestamp`, `softdeleteflag`) VALUES ('MORTGAGE_BUSINESS_START_DATE', 'MORTGAGE_APPLICATION', 'temp', 'NULL', '', '', '', '1', 'NULL', 'NULL', '2018-11-13 07:58:27', '2018-11-13 07:56:17', '2018-11-13 07:56:17', '0');
REPLACE INTO `questiondefinition` (`id`, `QueryDefinition_id`, `DataType_id`, `Unit`, `Name`, `Label`, `OtherLabel`, `IsRequired`, `createdby`, `modifiedby`, `createdts`, `lastmodifiedts`, `synctimestamp`, `softdeleteflag`) VALUES ('MORTGAGE_CURRENT_DESIGNATION', 'MORTGAGE_APPLICATION', 'temp', 'NULL', 'Designation', 'What is you designation?', 'What is you designation?', '1', 'NULL', 'NULL', '2018-11-13 07:58:27', '2018-11-13 06:15:21', '2018-11-13 06:15:21', '0');
REPLACE INTO `questiondefinition` (`id`, `QueryDefinition_id`, `DataType_id`, `Unit`, `Name`, `Label`, `OtherLabel`, `IsRequired`, `createdts`, `lastmodifiedts`, `synctimestamp`, `softdeleteflag`) VALUES ('MORTGAGE_CURRENT_DESIGNATION_PT', 'MORTGAGE_APPLICATION', 'temp', 'NULL', 'Designation', 'What is you designation?', 'What is you designation?', '1', '2018-10-04 08:41:10', '2018-11-13 07:16:01', '2018-11-13 07:16:01', '0');
REPLACE INTO `questiondefinition` (`id`, `QueryDefinition_id`, `DataType_id`, `Unit`, `Name`, `Label`, `OtherLabel`, `IsRequired`, `createdby`, `modifiedby`, `createdts`, `lastmodifiedts`, `synctimestamp`, `softdeleteflag`) VALUES ('MORTGAGE_CURRENT_EMPLOYER', 'MORTGAGE_APPLICATION', 'temp', 'NULL', 'Employer', 'Who is your current employer?', 'Who is your current employer?', '1', 'NULL', 'NULL', '2018-11-13 07:58:27', '2018-11-13 06:14:40', '2018-11-13 06:14:40', '0');
REPLACE INTO `questiondefinition` (`id`, `QueryDefinition_id`, `DataType_id`, `Unit`, `Name`, `Label`, `OtherLabel`, `IsRequired`, `createdts`, `lastmodifiedts`, `synctimestamp`, `softdeleteflag`) VALUES ('MORTGAGE_CURRENT_EMPLOYER_PT', 'MORTGAGE_APPLICATION', 'temp', 'NULL', '', '', 'Who is your current employer?', '1', '2018-10-04 08:41:10', '2018-11-13 07:15:24', '2018-11-13 07:15:24', '0');
REPLACE INTO `questiondefinition` (`id`, `QueryDefinition_id`, `DataType_id`, `Name`, `Label`, `OtherLabel`, `IsRequired`, `createdts`, `lastmodifiedts`, `synctimestamp`, `softdeleteflag`) VALUES ('MORTGAGE_CURR_ADDLINE1', 'MORTGAGE_APPLICATION', 'temp', '', '', '', '1', '2018-10-04 08:41:10', '2018-11-13 05:49:51', '2018-11-13 05:49:51', '0');
REPLACE INTO `questiondefinition` (`id`, `QueryDefinition_id`, `DataType_id`, `OptionGroup_id`, `Unit`, `Name`, `Label`, `OtherLabel`, `IsRequired`, `createdby`, `modifiedby`, `createdts`, `lastmodifiedts`, `synctimestamp`, `softdeleteflag`) VALUES ('MORTGAGE_CURR_ADDLINE2', 'MORTGAGE_APPLICATION', 'temp', 'CHALLENGE', 'NULL', '', '', '', '1', 'NULL', 'NULL', '2018-11-13 07:58:27', '2018-11-13 05:51:16', '2018-11-13 05:51:16', '0');
REPLACE INTO `questiondefinition` (`id`, `QueryDefinition_id`, `DataType_id`, `IsRequired`, `createdts`, `lastmodifiedts`, `synctimestamp`, `softdeleteflag`) VALUES ('MORTGAGE_CURR_ADD_ADDLINE1_FT', 'MORTGAGE_APPLICATION', 'temp', '0', '2018-11-13 06:26:50', '2018-11-13 06:26:50', '2018-11-13 06:26:50', '0');
REPLACE INTO `questiondefinition` (`id`, `QueryDefinition_id`, `DataType_id`, `Unit`, `Name`, `Label`, `OtherLabel`, `IsRequired`, `createdby`, `modifiedby`, `createdts`, `lastmodifiedts`, `synctimestamp`, `softdeleteflag`) VALUES ('MORTGAGE_CURR_ADD_ADDLINE1_PT', 'MORTGAGE_APPLICATION', 'temp', 'NULL', '', '', '', '1', 'NULL', 'NULL', '2018-11-13 07:58:27', '2018-11-13 06:21:39', '2018-11-13 06:21:39', '0');
REPLACE INTO `questiondefinition` (`id`, `QueryDefinition_id`, `DataType_id`, `IsRequired`, `createdts`, `lastmodifiedts`, `synctimestamp`, `softdeleteflag`) VALUES ('MORTGAGE_CURR_ADD_ADDLINE2_FT', 'MORTGAGE_APPLICATION', 'temp', '0', '2018-11-13 06:26:50', '2018-11-13 06:26:50', '2018-11-13 06:26:50', '0');
REPLACE INTO `questiondefinition` (`id`, `QueryDefinition_id`, `DataType_id`, `OptionGroup_id`, `Unit`, `Name`, `Label`, `OtherLabel`, `IsRequired`, `createdby`, `modifiedby`, `createdts`, `lastmodifiedts`, `synctimestamp`, `softdeleteflag`) VALUES ('MORTGAGE_CURR_ADD_ADDLINE2_PT', 'MORTGAGE_APPLICATION', 'temp', 'CURRENT_ADDRESS_DURATION_SELECT', 'NULL', '', '', '', '1', 'NULL', 'NULL', '2018-11-13 07:58:27', '2018-11-13 07:18:28', '2018-11-13 07:18:28', '0');
REPLACE INTO `questiondefinition` (`id`, `QueryDefinition_id`, `DataType_id`, `OptionGroup_id`, `Unit`, `Name`, `Label`, `OtherLabel`, `IsRequired`, `createdby`, `modifiedby`, `createdts`, `lastmodifiedts`, `synctimestamp`, `softdeleteflag`) VALUES ('MORTGAGE_CURR_ADD_CITY', 'MORTGAGE_APPLICATION', 'temp', 'CURRENT_ADDRESS_DURATION_SELECT', 'NULL', '', '', '', '1', 'NULL', 'NULL', '2018-11-13 07:58:27', '2018-11-13 05:53:09', '2018-11-13 05:53:09', '0');
REPLACE INTO `questiondefinition` (`id`, `QueryDefinition_id`, `DataType_id`, `OptionGroup_id`, `Unit`, `Name`, `Label`, `OtherLabel`, `IsRequired`, `createdby`, `modifiedby`, `createdts`, `lastmodifiedts`, `synctimestamp`, `softdeleteflag`) VALUES ('MORTGAGE_CURR_ADD_CITY_PT', 'MORTGAGE_APPLICATION', 'temp', 'CURRENT_ADDRESS_DURATION_SELECT', 'NULL', '', '', '', '1', 'NULL', 'NULL', '2018-11-13 07:58:27', '2018-11-13 07:21:03', '2018-11-13 07:21:03', '0');
REPLACE INTO `questiondefinition` (`id`, `QueryDefinition_id`, `DataType_id`, `Unit`, `Name`, `Label`, `OtherLabel`, `IsRequired`, `createdby`, `modifiedby`, `createdts`, `lastmodifiedts`, `synctimestamp`, `softdeleteflag`) VALUES ('MORTGAGE_CURR_ADD_COUNTRY', 'MORTGAGE_APPLICATION', 'temp', 'NULL', '', '', '', '1', 'NULL', 'NULL', '2018-11-13 07:58:27', '2018-11-13 06:32:35', '2018-11-13 06:32:35', '0');
REPLACE INTO `questiondefinition` (`id`, `QueryDefinition_id`, `DataType_id`, `IsRequired`, `createdts`, `lastmodifiedts`, `synctimestamp`, `softdeleteflag`) VALUES ('MORTGAGE_CURR_ADD_COUNTRY_FT', 'MORTGAGE_APPLICATION', 'temp', '0', '2018-11-13 06:37:23', '2018-11-13 06:37:57', '2018-11-13 06:37:57', '0');
REPLACE INTO `questiondefinition` (`id`, `QueryDefinition_id`, `DataType_id`, `Unit`, `Name`, `Label`, `OtherLabel`, `IsRequired`, `createdby`, `modifiedby`, `createdts`, `lastmodifiedts`, `synctimestamp`, `softdeleteflag`) VALUES ('MORTGAGE_CURR_ADD_COUNTRY_PT', 'MORTGAGE_APPLICATION', 'temp', 'NULL', '', '', '', '1', 'NULL', 'NULL', '2018-11-13 07:58:27', '2018-11-13 07:20:03', '2018-11-13 07:20:03', '0');
REPLACE INTO `questiondefinition` (`id`, `QueryDefinition_id`, `DataType_id`, `OptionGroup_id`, `IsRequired`, `createdts`, `lastmodifiedts`, `synctimestamp`, `softdeleteflag`) VALUES ('MORTGAGE_CURR_ADD_DURATION', 'MORTGAGE_APPLICATION', 'temp', 'CURRENT_ADDRESS_DURATION_SELECT', '0', '2018-11-12 13:29:11', '2018-11-13 05:55:24', '2018-11-13 05:55:24', '0');
REPLACE INTO `questiondefinition` (`id`, `QueryDefinition_id`, `DataType_id`, `IsRequired`, `createdts`, `lastmodifiedts`, `synctimestamp`, `softdeleteflag`) VALUES ('MORTGAGE_CURR_ADD_STATE', 'MORTGAGE_APPLICATION', 'temp', '0', '2018-11-12 10:14:28', '2018-11-13 05:52:39', '2018-11-13 05:52:39', '0');
REPLACE INTO `questiondefinition` (`id`, `QueryDefinition_id`, `DataType_id`, `IsRequired`, `createdts`, `lastmodifiedts`, `synctimestamp`, `softdeleteflag`) VALUES ('MORTGAGE_CURR_ADD_STATE_FT', 'MORTGAGE_APPLICATION', 'temp', '0', '2018-11-13 06:38:46', '2018-11-13 06:38:46', '2018-11-13 06:38:46', '0');
REPLACE INTO `questiondefinition` (`id`, `QueryDefinition_id`, `DataType_id`, `IsRequired`, `createdts`, `lastmodifiedts`, `synctimestamp`, `softdeleteflag`) VALUES ('MORTGAGE_CURR_ADD_STATE_PT', 'MORTGAGE_APPLICATION', 'temp', '0', '2018-11-12 10:14:28', '2018-11-13 07:20:36', '2018-11-13 07:20:36', '0');
REPLACE INTO `questiondefinition` (`id`, `QueryDefinition_id`, `DataType_id`, `OptionGroup_id`, `Unit`, `Name`, `Label`, `OtherLabel`, `IsRequired`, `createdby`, `modifiedby`, `createdts`, `lastmodifiedts`, `synctimestamp`, `softdeleteflag`) VALUES ('MORTGAGE_CURR_ADD_TYPE', 'MORTGAGE_APPLICATION', 'temp', 'OCCUPY_TYPE_CURR_ADD_SELECT', 'NULL', 'Home Type', 'Home Ownership', 'Home Ownership', '1', 'NULL', 'NULL', '2018-11-13 07:58:27', '2018-11-13 05:53:47', '2018-11-13 05:53:47', '0');
REPLACE INTO `questiondefinition` (`id`, `QueryDefinition_id`, `DataType_id`, `IsRequired`, `createdts`, `lastmodifiedts`, `synctimestamp`, `softdeleteflag`) VALUES ('MORTGAGE_CURR_ADD_ZIP', 'MORTGAGE_APPLICATION', 'temp', '0', '2018-11-12 10:14:28', '2018-11-13 05:51:41', '2018-11-13 05:51:41', '0');
REPLACE INTO `questiondefinition` (`id`, `QueryDefinition_id`, `DataType_id`, `IsRequired`, `createdts`, `lastmodifiedts`, `synctimestamp`, `softdeleteflag`) VALUES ('MORTGAGE_DL', 'MORTGAGE_APPLICATION', 'temp', '1', '2018-09-14 14:04:39', '2018-11-13 05:45:53', '2018-11-13 05:45:53', '0');
REPLACE INTO `questiondefinition` (`id`, `QueryDefinition_id`, `DataType_id`, `Unit`, `Name`, `Label`, `OtherLabel`, `IsRequired`, `createdby`, `modifiedby`, `createdts`, `lastmodifiedts`, `synctimestamp`, `softdeleteflag`) VALUES ('MORTGAGE_DOB', 'MORTGAGE_APPLICATION', 'temp', 'NULL', 'Date of Birth', 'Enter your date of birth', 'Enter your date of birth', '1', 'NULL', 'NULL', '2018-11-13 07:58:27', '2018-11-13 05:43:37', '2018-11-13 05:43:37', '0');
REPLACE INTO `questiondefinition` (`id`, `QueryDefinition_id`, `DataType_id`, `IsRequired`, `createdts`, `lastmodifiedts`, `synctimestamp`, `softdeleteflag`) VALUES ('MORTGAGE_EMAIL_ADDRESS', 'MORTGAGE_APPLICATION', 'temp', '0', '2018-11-12 13:21:50', '2018-11-13 05:44:49', '2018-11-13 05:44:49', '0');
REPLACE INTO `questiondefinition` (`id`, `QueryDefinition_id`, `DataType_id`, `IsRequired`, `createdts`, `lastmodifiedts`, `synctimestamp`, `softdeleteflag`) VALUES ('MORTGAGE_EMPLOYER_START_DATE', 'MORTGAGE_APPLICATION', 'temp', '0', '2018-11-12 10:14:28', '2018-11-13 06:18:43', '2018-11-13 06:18:43', '0');
REPLACE INTO `questiondefinition` (`id`, `QueryDefinition_id`, `DataType_id`, `IsRequired`, `createdts`, `lastmodifiedts`, `synctimestamp`, `softdeleteflag`) VALUES ('MORTGAGE_EMPLOYER_START_DATE_PT', 'MORTGAGE_APPLICATION', 'temp', '0', '2018-11-12 10:14:28', '2018-11-13 07:16:36', '2018-11-13 07:16:36', '0');
REPLACE INTO `questiondefinition` (`id`, `QueryDefinition_id`, `DataType_id`, `OptionGroup_id`, `IsRequired`, `createdts`, `lastmodifiedts`, `synctimestamp`, `softdeleteflag`) VALUES ('MORTGAGE_EMPLOYMENT_STATUS', 'MORTGAGE_APPLICATION', 'temp', 'EMPLOYMENT_TYPE_SELECT', '0', '2018-11-12 10:14:28', '2018-12-04 12:29:02', '2018-12-04 12:29:02', '0');
REPLACE INTO `questiondefinition` (`id`, `QueryDefinition_id`, `DataType_id`, `IsRequired`, `createdts`, `lastmodifiedts`, `synctimestamp`, `softdeleteflag`) VALUES ('MORTGAGE_FIRST_NAME', 'MORTGAGE_APPLICATION', 'temp', '0', '2018-11-12 13:17:57', '2018-11-13 05:41:04', '2018-11-13 05:41:04', '0');
REPLACE INTO `questiondefinition` (`id`, `QueryDefinition_id`, `IsRequired`, `createdts`, `lastmodifiedts`, `synctimestamp`, `softdeleteflag`) VALUES ('MORTGAGE_FULLTIME_PREV_INCOME_INPUT', 'MORTGAGE_APPLICATION', '0', '2018-11-12 08:27:31', '2018-12-19 15:26:48', '2018-12-19 15:26:48', '0');
REPLACE INTO `questiondefinition` (`id`, `QueryDefinition_id`, `DataType_id`, `Unit`, `Name`, `Label`, `OtherLabel`, `IsRequired`, `createdby`, `modifiedby`, `createdts`, `lastmodifiedts`, `synctimestamp`, `softdeleteflag`) VALUES ('MORTGAGE_HOME_NUMBER', 'MORTGAGE_APPLICATION', 'temp', 'NULL', '', '', '', '0', 'NULL', 'NULL', '2018-11-13 07:58:27', '2018-11-13 05:46:21', '2018-11-13 05:46:21', '0');
REPLACE INTO `questiondefinition` (`id`, `QueryDefinition_id`, `IsRequired`, `createdts`, `lastmodifiedts`, `synctimestamp`, `softdeleteflag`) VALUES ('MORTGAGE_HOUSINGRENT', 'MORTGAGE_APPLICATION', '0', '2018-11-12 10:14:28', '2018-12-20 08:05:42', '2018-12-20 08:05:42', '0');
REPLACE INTO `questiondefinition` (`id`, `QueryDefinition_id`, `DataType_id`, `IsRequired`, `createdts`, `lastmodifiedts`, `synctimestamp`, `softdeleteflag`) VALUES ('MORTGAGE_INCOME_BUSINESS_HOURS_WORKED', 'MORTGAGE_APPLICATION', 'TEXT_ENTRY', '1', '2019-01-11 21:17:24', '2019-01-11 21:17:24', '2019-01-11 21:17:24', '0');
REPLACE INTO `questiondefinition` (`id`, `QueryDefinition_id`, `DataType_id`, `IsRequired`, `createdts`, `lastmodifiedts`, `synctimestamp`, `softdeleteflag`) VALUES ('MORTGAGE_INCOME_FULLTIME_PREV_ZIP', 'MORTGAGE_APPLICATION', 'temp', '0', '2018-11-12 14:00:22', '2018-11-13 06:58:54', '2018-11-13 06:58:54', '0');
REPLACE INTO `questiondefinition` (`id`, `QueryDefinition_id`, `DataType_id`, `IsRequired`, `createdts`, `lastmodifiedts`, `synctimestamp`, `softdeleteflag`) VALUES ('MORTGAGE_INCOME_FULLTIME_ZIP', 'MORTGAGE_APPLICATION', 'temp', '0', '2018-11-12 10:14:28', '2018-11-13 06:30:21', '2018-11-13 06:30:21', '0');
REPLACE INTO `questiondefinition` (`id`, `QueryDefinition_id`, `DataType_id`, `IsRequired`, `createdts`, `lastmodifiedts`, `synctimestamp`, `softdeleteflag`) VALUES ('MORTGAGE_INCOME_HOURS_WORKED', 'MORTGAGE_APPLICATION', 'TEXT_ENTRY', '1', '2019-01-11 21:17:23', '2019-01-11 21:17:23', '2019-01-11 21:17:23', '0');
REPLACE INTO `questiondefinition` (`id`, `QueryDefinition_id`, `DataType_id`, `IsRequired`, `createdts`, `lastmodifiedts`, `synctimestamp`, `softdeleteflag`) VALUES ('MORTGAGE_INCOME_MILITARY_HOURS_WORKED', 'MORTGAGE_APPLICATION', 'TEXT_ENTRY', '0', '2019-01-11 21:17:23', '2019-01-11 21:17:23', '2019-01-11 21:17:23', '0');
REPLACE INTO `questiondefinition` (`id`, `QueryDefinition_id`, `DataType_id`, `IsRequired`, `createdts`, `lastmodifiedts`, `synctimestamp`, `softdeleteflag`) VALUES ('MORTGAGE_INCOME_OTHER_HOURS_WORKED', 'MORTGAGE_APPLICATION', 'TEXT_ENTRY', '0', '2019-01-11 21:17:23', '2019-01-11 21:17:23', '2019-01-11 21:17:23', '0');
REPLACE INTO `questiondefinition` (`id`, `QueryDefinition_id`, `DataType_id`, `IsRequired`, `createdts`, `lastmodifiedts`, `synctimestamp`, `softdeleteflag`) VALUES ('MORTGAGE_INCOME_PARTTIME_HOURS_WORKED', 'MORTGAGE_APPLICATION', 'TEXT_ENTRY', '1', '2019-01-11 21:17:23', '2019-01-11 21:17:23', '2019-01-11 21:17:23', '0');
REPLACE INTO `questiondefinition` (`id`, `QueryDefinition_id`, `DataType_id`, `IsRequired`, `createdts`, `lastmodifiedts`, `synctimestamp`, `softdeleteflag`) VALUES ('MORTGAGE_INCOME_PARTTIME_PREV_ZIP', 'MORTGAGE_APPLICATION', 'temp', '0', '2018-11-12 14:00:22', '2018-11-13 07:52:34', '2018-11-13 07:52:34', '0');
REPLACE INTO `questiondefinition` (`id`, `QueryDefinition_id`, `DataType_id`, `IsRequired`, `createdts`, `lastmodifiedts`, `synctimestamp`, `softdeleteflag`) VALUES ('MORTGAGE_INCOME_PARTTIME_ZIP', 'MORTGAGE_APPLICATION', 'temp', '0', '2018-11-12 14:00:22', '2018-11-13 07:19:11', '2018-11-13 07:19:11', '0');
REPLACE INTO `questiondefinition` (`id`, `QueryDefinition_id`, `DataType_id`, `IsRequired`, `createdts`, `lastmodifiedts`, `synctimestamp`, `softdeleteflag`) VALUES ('MORTGAGE_LAST_NAME', 'MORTGAGE_APPLICATION', 'temp', '0', '2018-11-12 13:19:32', '2018-11-13 05:42:16', '2018-11-13 05:42:16', '0');
REPLACE INTO `questiondefinition` (`id`, `QueryDefinition_id`, `DataType_id`, `IsRequired`, `createdts`, `lastmodifiedts`, `synctimestamp`, `softdeleteflag`) VALUES ('MORTGAGE_MIDDLE_NAME', 'MORTGAGE_APPLICATION', 'temp', '0', '2018-11-12 13:19:31', '2018-11-13 05:41:35', '2018-11-13 05:41:35', '0');
REPLACE INTO `questiondefinition` (`id`, `QueryDefinition_id`, `DataType_id`, `IsRequired`, `createdts`, `lastmodifiedts`, `synctimestamp`, `softdeleteflag`) VALUES ('MORTGAGE_MILITARY_DESIGNATION', 'MORTGAGE_APPLICATION', 'temp', '0', '2018-11-12 10:14:28', '2018-11-13 08:02:08', '2018-11-13 08:02:08', '0');
REPLACE INTO `questiondefinition` (`id`, `QueryDefinition_id`, `DataType_id`, `IsRequired`, `createdts`, `lastmodifiedts`, `synctimestamp`, `softdeleteflag`) VALUES ('MORTGAGE_MILITARY_START_DATE', 'MORTGAGE_APPLICATION', 'temp', '0', '2018-11-12 10:14:28', '2018-11-13 08:02:56', '2018-11-13 08:02:56', '0');
REPLACE INTO `questiondefinition` (`id`, `QueryDefinition_id`, `DataType_id`, `Unit`, `Name`, `Label`, `OtherLabel`, `IsRequired`, `createdby`, `modifiedby`, `createdts`, `lastmodifiedts`, `synctimestamp`, `softdeleteflag`) VALUES ('MORTGAGE_MOBILE_NUMBER', 'MORTGAGE_APPLICATION', 'temp', 'NULL', '', '', '', '1', 'NULL', 'NULL', '2018-11-13 07:58:27', '2018-11-13 05:49:17', '2018-11-13 05:49:17', '0');
REPLACE INTO `questiondefinition` (`id`, `QueryDefinition_id`, `DataType_id`, `Unit`, `Name`, `Label`, `OtherLabel`, `IsRequired`, `createdby`, `modifiedby`, `createdts`, `lastmodifiedts`, `synctimestamp`, `softdeleteflag`) VALUES ('MORTGAGE_OFFICE_NUMBER', 'MORTGAGE_APPLICATION', 'temp', 'NULL', '', '', '', '0', 'NULL', 'NULL', '2018-11-13 07:58:27', '2018-11-13 05:48:13', '2018-11-13 05:48:13', '0');
REPLACE INTO `questiondefinition` (`id`, `QueryDefinition_id`, `DataType_id`, `Name`, `Label`, `OtherLabel`, `IsRequired`, `createdts`, `lastmodifiedts`, `synctimestamp`, `softdeleteflag`) VALUES ('MORTGAGE_OTHER_EMPLOYMENT_NAME', 'MORTGAGE_APPLICATION', 'TEXT_ENTRY', 'Designation', 'What is you designation?', 'What is you designation?', '1', '2018-12-21 10:20:50', '2018-12-21 10:20:50', '2018-12-21 10:20:50', '0');
REPLACE INTO `questiondefinition` (`id`, `QueryDefinition_id`, `DataType_id`, `OptionGroup_id`, `Name`, `Label`, `OtherLabel`, `IsRequired`, `createdts`, `lastmodifiedts`, `synctimestamp`, `softdeleteflag`) VALUES ('MORTGAGE_OTHER_INCOME_CHALLENGE', 'MORTGAGE_APPLICATION', 'SINGLE_SELECT', 'CHALLENGE', 'Income from other sources', 'Do you have any other sources of income?', 'Do you have any other sources of income?', '0', '2018-12-28 05:19:56', '2018-12-28 05:19:56', '2018-12-28 05:19:56', '0');
REPLACE INTO `questiondefinition` (`id`, `QueryDefinition_id`, `DataType_id`, `IsRequired`, `createdts`, `lastmodifiedts`, `synctimestamp`, `softdeleteflag`) VALUES ('MORTGAGE_OTHER_INCOME_DESCRIPTION', 'MORTGAGE_APPLICATION', 'temp', '0', '2018-11-12 10:18:20', '2018-11-13 08:04:25', '2018-11-13 08:04:25', '0');
REPLACE INTO `questiondefinition` (`id`, `QueryDefinition_id`, `DataType_id`, `IsRequired`, `createdts`, `lastmodifiedts`, `synctimestamp`, `softdeleteflag`) VALUES ('MORTGAGE_OTHER_INCOME_START_DATE_APP', 'MORTGAGE_APPLICATION', 'DATE_ENTRY', '1', '2019-01-11 21:17:25', '2019-01-11 21:17:25', '2019-01-11 21:17:25', '0');
REPLACE INTO `questiondefinition` (`id`, `QueryDefinition_id`, `IsRequired`, `createdts`, `lastmodifiedts`, `synctimestamp`, `softdeleteflag`) VALUES ('MORTGAGE_PARTTIME_PREV_INCOME_INPUT', 'MORTGAGE_APPLICATION', '0', '2018-11-12 10:16:20', '2018-12-19 15:28:33', '2018-12-19 15:28:33', '0');
REPLACE INTO `questiondefinition` (`id`, `QueryDefinition_id`, `DataType_id`, `IsRequired`, `createdts`, `lastmodifiedts`, `synctimestamp`, `softdeleteflag`) VALUES ('MORTGAGE_PREVIOUS_EMPLOYER', 'MORTGAGE_APPLICATION', 'temp', '0', '2018-11-12 10:14:28', '2018-11-13 06:43:38', '2018-11-13 06:43:38', '0');
REPLACE INTO `questiondefinition` (`id`, `QueryDefinition_id`, `DataType_id`, `IsRequired`, `createdts`, `lastmodifiedts`, `synctimestamp`, `softdeleteflag`) VALUES ('MORTGAGE_PREVIOUS_EMPLOYER_DESIGNATION', 'MORTGAGE_APPLICATION', 'temp', '0', '2018-11-12 10:14:28', '2018-11-13 06:44:50', '2018-11-13 06:44:50', '0');
REPLACE INTO `questiondefinition` (`id`, `QueryDefinition_id`, `DataType_id`, `IsRequired`, `createdts`, `lastmodifiedts`, `synctimestamp`, `softdeleteflag`) VALUES ('MORTGAGE_PREVIOUS_EMPLOYER_DESIGNATION_PT', 'MORTGAGE_APPLICATION', 'temp', '0', '2018-11-12 10:14:28', '2018-11-13 07:23:07', '2018-11-13 07:23:07', '0');
REPLACE INTO `questiondefinition` (`id`, `QueryDefinition_id`, `DataType_id`, `IsRequired`, `createdts`, `lastmodifiedts`, `synctimestamp`, `softdeleteflag`) VALUES ('MORTGAGE_PREVIOUS_EMPLOYER_PT', 'MORTGAGE_APPLICATION', 'temp', '0', '2018-11-12 10:14:28', '2018-11-13 07:22:09', '2018-11-13 07:22:09', '0');
REPLACE INTO `questiondefinition` (`id`, `QueryDefinition_id`, `DataType_id`, `Unit`, `Name`, `Label`, `OtherLabel`, `IsRequired`, `createdby`, `modifiedby`, `createdts`, `lastmodifiedts`, `synctimestamp`, `softdeleteflag`) VALUES ('MORTGAGE_PREV_ADDLINE1', 'MORTGAGE_APPLICATION', 'temp', 'NULL', '', '', 'Previous Employer Address', '1', 'NULL', 'NULL', '2018-08-17 10:23:16', '2018-11-13 06:26:50', '2018-11-13 06:26:50', '0');
REPLACE INTO `questiondefinition` (`id`, `QueryDefinition_id`, `DataType_id`, `Unit`, `Name`, `Label`, `OtherLabel`, `IsRequired`, `createdby`, `modifiedby`, `createdts`, `lastmodifiedts`, `synctimestamp`, `softdeleteflag`) VALUES ('MORTGAGE_PREV_ADDLINE2', 'MORTGAGE_APPLICATION', 'temp', 'NULL', '', '', 'Previous Employer Address', '1', 'NULL', 'NULL', '2018-08-17 10:23:16', '2018-11-13 06:26:50', '2018-11-13 06:26:50', '0');
REPLACE INTO `questiondefinition` (`id`, `QueryDefinition_id`, `DataType_id`, `IsRequired`, `createdts`, `lastmodifiedts`, `synctimestamp`, `softdeleteflag`) VALUES ('MORTGAGE_PREV_ADD_ADDLINE1_FT', 'MORTGAGE_APPLICATION', 'temp', '0', '2018-11-13 06:28:33', '2018-11-13 06:55:29', '2018-11-13 06:55:29', '0');
REPLACE INTO `questiondefinition` (`id`, `QueryDefinition_id`, `DataType_id`, `IsRequired`, `createdts`, `lastmodifiedts`, `synctimestamp`, `softdeleteflag`) VALUES ('MORTGAGE_PREV_ADD_ADDLINE1_PT', 'MORTGAGE_APPLICATION', 'temp', '0', '2018-11-12 10:14:28', '2018-11-13 07:51:09', '2018-11-13 07:51:09', '0');
REPLACE INTO `questiondefinition` (`id`, `QueryDefinition_id`, `DataType_id`, `IsRequired`, `createdts`, `lastmodifiedts`, `synctimestamp`, `softdeleteflag`) VALUES ('MORTGAGE_PREV_ADD_ADDLINE2_FT', 'MORTGAGE_APPLICATION', 'temp', '0', '2018-11-13 06:28:33', '2018-11-13 06:58:00', '2018-11-13 06:58:00', '0');
REPLACE INTO `questiondefinition` (`id`, `QueryDefinition_id`, `DataType_id`, `IsRequired`, `createdts`, `lastmodifiedts`, `synctimestamp`, `softdeleteflag`) VALUES ('MORTGAGE_PREV_ADD_ADDLINE2_PT', 'MORTGAGE_APPLICATION', 'temp', '0', '2018-11-12 10:14:28', '2018-11-13 07:52:10', '2018-11-13 07:52:10', '0');
REPLACE INTO `questiondefinition` (`id`, `QueryDefinition_id`, `DataType_id`, `IsRequired`, `createdts`, `lastmodifiedts`, `synctimestamp`, `softdeleteflag`) VALUES ('MORTGAGE_PREV_ADD_CITY', 'MORTGAGE_APPLICATION', 'temp', '0', '2018-11-12 10:14:28', '2018-11-13 05:58:39', '2018-11-13 05:58:39', '0');
REPLACE INTO `questiondefinition` (`id`, `QueryDefinition_id`, `DataType_id`, `IsRequired`, `createdts`, `lastmodifiedts`, `synctimestamp`, `softdeleteflag`) VALUES ('MORTGAGE_PREV_ADD_CITY_FT', 'MORTGAGE_APPLICATION', 'temp', '0', '2018-11-13 06:40:47', '2018-11-13 07:01:57', '2018-11-13 07:01:57', '0');
REPLACE INTO `questiondefinition` (`id`, `QueryDefinition_id`, `DataType_id`, `IsRequired`, `createdts`, `lastmodifiedts`, `synctimestamp`, `softdeleteflag`) VALUES ('MORTGAGE_PREV_ADD_CITY_PT', 'MORTGAGE_APPLICATION', 'temp', '0', '2018-11-12 10:14:28', '2018-11-13 07:54:48', '2018-11-13 07:54:48', '0');
REPLACE INTO `questiondefinition` (`id`, `QueryDefinition_id`, `DataType_id`, `IsRequired`, `createdts`, `lastmodifiedts`, `synctimestamp`, `softdeleteflag`) VALUES ('MORTGAGE_PREV_ADD_COUNTRY', 'MORTGAGE_APPLICATION', 'temp', '0', '2018-11-12 10:14:28', '2018-11-13 05:57:42', '2018-11-13 05:57:42', '0');
REPLACE INTO `questiondefinition` (`id`, `QueryDefinition_id`, `DataType_id`, `IsRequired`, `createdts`, `lastmodifiedts`, `synctimestamp`, `softdeleteflag`) VALUES ('MORTGAGE_PREV_ADD_COUNTRY_FT', 'MORTGAGE_APPLICATION', 'temp', '0', '2018-11-13 06:37:23', '2018-11-13 06:59:57', '2018-11-13 06:59:57', '0');
REPLACE INTO `questiondefinition` (`id`, `QueryDefinition_id`, `DataType_id`, `IsRequired`, `createdts`, `lastmodifiedts`, `synctimestamp`, `softdeleteflag`) VALUES ('MORTGAGE_PREV_ADD_COUNTRY_PT', 'MORTGAGE_APPLICATION', 'temp', '0', '2018-11-12 10:14:28', '2018-11-13 07:52:57', '2018-11-13 07:52:57', '0');
REPLACE INTO `questiondefinition` (`id`, `QueryDefinition_id`, `DataType_id`, `IsRequired`, `createdts`, `lastmodifiedts`, `synctimestamp`, `softdeleteflag`) VALUES ('MORTGAGE_PREV_ADD_STATE', 'MORTGAGE_APPLICATION', 'temp', '0', '2018-11-12 10:14:28', '2018-11-13 05:58:08', '2018-11-13 05:58:08', '0');
REPLACE INTO `questiondefinition` (`id`, `QueryDefinition_id`, `DataType_id`, `IsRequired`, `createdts`, `lastmodifiedts`, `synctimestamp`, `softdeleteflag`) VALUES ('MORTGAGE_PREV_ADD_STATE_FT', 'MORTGAGE_APPLICATION', 'temp', '0', '2018-11-13 06:38:46', '2018-11-13 07:01:18', '2018-11-13 07:01:18', '0');
REPLACE INTO `questiondefinition` (`id`, `QueryDefinition_id`, `DataType_id`, `IsRequired`, `createdts`, `lastmodifiedts`, `synctimestamp`, `softdeleteflag`) VALUES ('MORTGAGE_PREV_ADD_STATE_PT', 'MORTGAGE_APPLICATION', 'temp', '0', '2018-11-12 10:14:28', '2018-11-13 07:53:55', '2018-11-13 07:53:55', '0');
REPLACE INTO `questiondefinition` (`id`, `QueryDefinition_id`, `DataType_id`, `IsRequired`, `createdts`, `lastmodifiedts`, `synctimestamp`, `softdeleteflag`) VALUES ('MORTGAGE_PREV_ADD_ZIP', 'MORTGAGE_APPLICATION', 'temp', '0', '2018-11-12 14:00:53', '2018-11-13 05:57:13', '2018-11-13 05:57:13', '0');
REPLACE INTO `questiondefinition` (`id`, `QueryDefinition_id`, `DataType_id`, `OptionGroup_id`, `IsRequired`, `createdts`, `lastmodifiedts`, `synctimestamp`, `softdeleteflag`) VALUES ('MORTGAGE_PREV_EMPLOYER_CHALLENGE', 'MORTGAGE_APPLICATION', '', 'CHALLENGE', '0', '2018-11-12 10:14:28', '2018-12-28 06:17:23', '2018-12-28 06:17:23', '0');
REPLACE INTO `questiondefinition` (`id`, `QueryDefinition_id`, `DataType_id`, `OptionGroup_id`, `IsRequired`, `createdts`, `lastmodifiedts`, `synctimestamp`, `softdeleteflag`) VALUES ('MORTGAGE_PREV_EMPLOYER_CHALLENGE_PT', 'MORTGAGE_APPLICATION', '', 'CHALLENGE', '0', '2018-11-12 10:14:28', '2018-12-28 06:17:23', '2018-12-28 06:17:23', '0');
REPLACE INTO `questiondefinition` (`id`, `QueryDefinition_id`, `DataType_id`, `Unit`, `Name`, `Label`, `OtherLabel`, `IsRequired`, `createdby`, `modifiedby`, `createdts`, `lastmodifiedts`, `synctimestamp`, `softdeleteflag`) VALUES ('MORTGAGE_PRIMARY_CONTACT', 'MORTGAGE_APPLICATION', 'temp', 'NULL', '', '', '', '1', 'NULL', 'NULL', '2018-08-20 07:46:45', '2018-11-13 08:40:44', '2018-11-13 08:40:44', '0');
REPLACE INTO `questiondefinition` (`id`, `QueryDefinition_id`, `DataType_id`, `OptionGroup_id`, `Unit`, `Name`, `Label`, `OtherLabel`, `IsRequired`, `createdby`, `modifiedby`, `createdts`, `lastmodifiedts`, `synctimestamp`, `softdeleteflag`) VALUES ('MORTGAGE_SCAN_DOCUMENT', 'MORTGAGE_APPLICATION', 'temp', 'DOCUMENT_SCAN_OPTIONS', 'NULL', '', '', '', '1', 'NULL', 'NULL', '2018-11-13 07:58:27', '2018-11-13 10:32:27', '2018-11-13 10:32:27', '0');
REPLACE INTO `questiondefinition` (`id`, `QueryDefinition_id`, `DataType_id`, `Unit`, `Name`, `Label`, `OtherLabel`, `IsRequired`, `createdby`, `modifiedby`, `createdts`, `lastmodifiedts`, `synctimestamp`, `softdeleteflag`) VALUES ('MORTGAGE_SSN', 'MORTGAGE_APPLICATION', 'temp', 'NULL', '', '', '', '1', 'NULL', 'NULL', '2018-11-13 07:58:27', '2018-11-13 05:45:26', '2018-11-13 05:45:26', '0');
REPLACE INTO `questiondefinition` (`id`, `QueryDefinition_id`, `DataType_id`, `OptionGroup_id`, `Unit`, `Name`, `Label`, `OtherLabel`, `IsRequired`, `createdby`, `modifiedby`, `createdts`, `lastmodifiedts`, `synctimestamp`, `softdeleteflag`) VALUES ('MORTGAGE_SUFFIX', 'MORTGAGE_APPLICATION', 'temp', 'SUFFIX_TYPE_SELECT', 'NULL', 'Suffix', 'Suffix', 'Suffix', '1', 'NULL', 'NULL', '2018-11-13 07:58:27', '2018-11-13 05:43:01', '2018-11-13 05:43:01', '0');

REPLACE INTO `querysection` (`id`, `Name`, `QueryDefinition_id`, `Parent_id`, `ApplicantAllowedTo`, `IndCoApplicantAllowedTo`, `JointCoApplicantAllowedTo`, `Sequence`, `abstractname`) VALUES ('MORTGAGE_LEGAL_DECLARATIONS_APPLICANT', 'Legal Declarations', 'MORTGAGE_APPLICATION', 'APPLICANT', 'E', 'E', 'E', '5', 'LegalDeclarations');
REPLACE INTO `querysection` (`id`, `Name`, `QueryDefinition_id`, `Parent_id`, `ApplicantAllowedTo`, `IndCoApplicantAllowedTo`, `JointCoApplicantAllowedTo`, `Sequence`, `abstractname`) VALUES ('MORTGAGE_LEGAL_DECLARATIONS_COAPPLICANT', 'Legal Declarations', 'MORTGAGE_APPLICATION', 'COAPPLICANT', 'E', 'E', 'E', '7', 'CoAppLegalDeclarations');
REPLACE INTO `optiongroup` (`id`, `Name`) VALUES ('MORTGAGE_TYPE_OF_PROPERTY', 'Choices for property');
REPLACE INTO `optiongroup` (`id`, `Name`) VALUES ('MORTGAGE_TITLE_OF_PROPERTY', 'Choices for title of property ');
REPLACE INTO `optiongroup` (`id`, `Name`) VALUES ('MORTGAGE_BANKRUPTCY_TYPES', 'Types of bankruptcy');
REPLACE INTO `optionitem` (`id`, `OptionGroup_id`, `DefaultValue`) VALUES ('MORTGAGE_TYPE_OF_PROPERTY_1', 'MORTGAGE_TYPE_OF_PROPERTY', 'Primary Residence');
REPLACE INTO `optionitem` (`id`, `OptionGroup_id`, `DefaultValue`) VALUES ('MORTGAGE_TYPE_OF_PROPERTY_2', 'MORTGAGE_TYPE_OF_PROPERTY', 'FHA Secondary Residence');
REPLACE INTO `optionitem` (`id`, `OptionGroup_id`, `DefaultValue`) VALUES ('MORTGAGE_TYPE_OF_PROPERTY_3', 'MORTGAGE_TYPE_OF_PROPERTY', 'Second Home');
REPLACE INTO `optionitem` (`id`, `OptionGroup_id`, `DefaultValue`) VALUES ('MORTGAGE_TYPE_OF_PROPERTY_4', 'MORTGAGE_TYPE_OF_PROPERTY', 'Investment Property');
REPLACE INTO `optionitem` (`id`, `OptionGroup_id`, `DefaultValue`) VALUES ('MORTGAGE_TITLE_OF_PROPERTY_1', 'MORTGAGE_TITLE_OF_PROPERTY', 'By yourself');
REPLACE INTO `optionitem` (`id`, `OptionGroup_id`, `DefaultValue`) VALUES ('MORTGAGE_TITLE_OF_PROPERTY_2', 'MORTGAGE_TITLE_OF_PROPERTY', 'Jointly with your spouse');
REPLACE INTO `optionitem` (`id`, `OptionGroup_id`, `DefaultValue`) VALUES ('MORTGAGE_TITLE_OF_PROPERTY_3', 'MORTGAGE_TITLE_OF_PROPERTY', 'Jointly with another person');
REPLACE INTO `optionitem` (`id`, `OptionGroup_id`, `DefaultValue`) VALUES ('MORTGAGE_BANKRUPTCY_TYPES_1', 'MORTGAGE_BANKRUPTCY_TYPES', 'Chapter 7');
REPLACE INTO `optionitem` (`id`, `OptionGroup_id`, `DefaultValue`) VALUES ('MORTGAGE_BANKRUPTCY_TYPES_2', 'MORTGAGE_BANKRUPTCY_TYPES', 'Chapter 11');
REPLACE INTO `optionitem` (`id`, `OptionGroup_id`, `DefaultValue`) VALUES ('MORTGAGE_BANKRUPTCY_TYPES_3', 'MORTGAGE_BANKRUPTCY_TYPES', 'Chapter 12');
REPLACE INTO `optionitem` (`id`, `OptionGroup_id`, `DefaultValue`) VALUES ('MORTGAGE_BANKRUPTCY_TYPES_4', 'MORTGAGE_BANKRUPTCY_TYPES', 'Chapter 13');
REPLACE INTO `questiondefinition` (`id`, `QueryDefinition_id`, `OptionGroup_id`) VALUES ('MORTGAGE_PRIMARY_RESIDENT', 'MORTGAGE_APPLICATION', 'CHALLENGE');
REPLACE INTO `questiondefinition` (`id`, `QueryDefinition_id`, `OptionGroup_id`) VALUES ('MORTGAGE_RELATION_WITH_SELLER', 'MORTGAGE_APPLICATION', 'CHALLENGE');
REPLACE INTO `questiondefinition` (`id`, `QueryDefinition_id`, `OptionGroup_id`) VALUES ('MORTGAGE_BORROWING_MONEY', 'MORTGAGE_APPLICATION', 'CHALLENGE');
REPLACE INTO `questiondefinition` (`id`, `QueryDefinition_id`, `OptionGroup_id`) VALUES ('MORTGAGE_ANY_OTHER_MORT_LOAN', 'MORTGAGE_APPLICATION', 'CHALLENGE');
REPLACE INTO `questiondefinition` (`id`, `QueryDefinition_id`, `OptionGroup_id`) VALUES ('MORTGAGE_NEW_CREDIT', 'MORTGAGE_APPLICATION', 'CHALLENGE');
REPLACE INTO `questiondefinition` (`id`, `QueryDefinition_id`, `OptionGroup_id`) VALUES ('MORTGAGE_PROPERTY_LIEN', 'MORTGAGE_APPLICATION', 'CHALLENGE');
REPLACE INTO `questiondefinition` (`id`, `QueryDefinition_id`, `OptionGroup_id`) VALUES ('MORTGAGE_GUARANTOR_OF_ANY_LOAN', 'MORTGAGE_APPLICATION', 'CHALLENGE');
REPLACE INTO `questiondefinition` (`id`, `QueryDefinition_id`, `OptionGroup_id`) VALUES ('MORTGAGE_OUTSTANDING_JUDGEMENTS', 'MORTGAGE_APPLICATION', 'CHALLENGE');
REPLACE INTO `questiondefinition` (`id`, `QueryDefinition_id`, `OptionGroup_id`) VALUES ('MORTGAGE_DELINQUENT', 'MORTGAGE_APPLICATION', 'CHALLENGE');
REPLACE INTO `questiondefinition` (`id`, `QueryDefinition_id`, `OptionGroup_id`) VALUES ('MORTGAGE_FINANCIAL_LIABILITY', 'MORTGAGE_APPLICATION', 'CHALLENGE');
REPLACE INTO `questiondefinition` (`id`, `QueryDefinition_id`, `OptionGroup_id`) VALUES ('MORTGAGE_FORE_CLOSURE_IN_PAST', 'MORTGAGE_APPLICATION', 'CHALLENGE');
REPLACE INTO `questiondefinition` (`id`, `QueryDefinition_id`, `OptionGroup_id`) VALUES ('MORTGAGE_PRE_FORECLOSURE_SALE', 'MORTGAGE_APPLICATION', 'CHALLENGE');
REPLACE INTO `questiondefinition` (`id`, `QueryDefinition_id`, `OptionGroup_id`) VALUES ('MORTGAGE_PPROPERTY_FORECLOSED_IN_PAST', 'MORTGAGE_APPLICATION', 'CHALLENGE');
REPLACE INTO `questiondefinition` (`id`, `QueryDefinition_id`, `OptionGroup_id`) VALUES ('MORTGAGE_DECLARED_BANKRUPTCY_IN_PAST', 'MORTGAGE_APPLICATION', 'CHALLENGE');
REPLACE INTO `questiondefinition` (`id`, `QueryDefinition_id`) VALUES ('OTHER_MORTGAGE_LOAN_AMOUNT', 'MORTGAGE_APPLICATION');
REPLACE INTO `questiondefinition` (`id`, `QueryDefinition_id`, `OptionGroup_id`) VALUES ('MORTGAGE_TYPE_OF_PROPERTY', 'MORTGAGE_APPLICATION', 'MORTGAGE_TYPE_OF_PROPERTY');
REPLACE INTO `questiondefinition` (`id`, `QueryDefinition_id`, `OptionGroup_id`) VALUES ('MORTGAGE_TITLE_OF_PROPERTY', 'MORTGAGE_APPLICATION', 'MORTGAGE_TITLE_OF_PROPERTY');
REPLACE INTO `questiondefinition` (`id`, `QueryDefinition_id`, `OptionGroup_id`) VALUES ('MORTGAGE_BANKRUPTCY_TYPE', 'MORTGAGE_APPLICATION', 'MORTGAGE_BANKRUPTCY_TYPES');
REPLACE INTO `querysectionquestion` (`id`, `QueryDefinition_id`, `QuerySection_id`, `QuestionDefinition_id`, `abstractName`) VALUES ('MA_PRIMARY_RESIDENT', 'MORTGAGE_APPLICATION', 'MORTGAGE_LEGAL_DECLARATIONS_APPLICANT', 'MORTGAGE_PRIMARY_RESIDENT', 'PrimaryResidentChallenge');
REPLACE INTO `querysectionquestion` (`id`, `QueryDefinition_id`, `QuerySection_id`, `QuestionDefinition_id`, `abstractName`) VALUES ('MA_RELATION_WITH_SELLER', 'MORTGAGE_APPLICATION', 'MORTGAGE_LEGAL_DECLARATIONS_APPLICANT', 'MORTGAGE_RELATION_WITH_SELLER', 'RelationWithSellerChallenge');
REPLACE INTO `querysectionquestion` (`id`, `QueryDefinition_id`, `QuerySection_id`, `QuestionDefinition_id`, `abstractName`) VALUES ('MA_BORROWING_MONEY', 'MORTGAGE_APPLICATION', 'MORTGAGE_LEGAL_DECLARATIONS_APPLICANT', 'MORTGAGE_BORROWING_MONEY', 'BorrowingMoneyChallenge');
REPLACE INTO `querysectionquestion` (`id`, `QueryDefinition_id`, `QuerySection_id`, `QuestionDefinition_id`, `abstractName`) VALUES ('MA_ANY_OTHER_MORT_LOAN', 'MORTGAGE_APPLICATION', 'MORTGAGE_LEGAL_DECLARATIONS_APPLICANT', 'MORTGAGE_ANY_OTHER_MORT_LOAN', 'AnyOtherMortgageLoanChallenge');
REPLACE INTO `querysectionquestion` (`id`, `QueryDefinition_id`, `QuerySection_id`, `QuestionDefinition_id`, `abstractName`) VALUES ('MA_NEW_CREDIT', 'MORTGAGE_APPLICATION', 'MORTGAGE_LEGAL_DECLARATIONS_APPLICANT', 'MORTGAGE_NEW_CREDIT', 'NewCreditChallenge');
REPLACE INTO `querysectionquestion` (`id`, `QueryDefinition_id`, `QuerySection_id`, `QuestionDefinition_id`, `abstractName`) VALUES ('MA_PROPERTY_LIEN', 'MORTGAGE_APPLICATION', 'MORTGAGE_LEGAL_DECLARATIONS_APPLICANT', 'MORTGAGE_PROPERTY_LIEN', 'PropertyLienChallenge');
REPLACE INTO `querysectionquestion` (`id`, `QueryDefinition_id`, `QuerySection_id`, `QuestionDefinition_id`, `abstractName`) VALUES ('MA_GUARANTOR_OF_ANY_LOAN', 'MORTGAGE_APPLICATION', 'MORTGAGE_LEGAL_DECLARATIONS_APPLICANT', 'MORTGAGE_GUARANTOR_OF_ANY_LOAN', 'GuarantorOfAnyLoanChallenge');
REPLACE INTO `querysectionquestion` (`id`, `QueryDefinition_id`, `QuerySection_id`, `QuestionDefinition_id`, `abstractName`) VALUES ('MA_OUTSTANDING_JUDGEMENTS', 'MORTGAGE_APPLICATION', 'MORTGAGE_LEGAL_DECLARATIONS_APPLICANT', 'MORTGAGE_OUTSTANDING_JUDGEMENTS', 'OutsandingJudgementsChallenge');
REPLACE INTO `querysectionquestion` (`id`, `QueryDefinition_id`, `QuerySection_id`, `QuestionDefinition_id`, `abstractName`) VALUES ('MA_DELINQUENT', 'MORTGAGE_APPLICATION', 'MORTGAGE_LEGAL_DECLARATIONS_APPLICANT', 'MORTGAGE_DELINQUENT', 'DelinquentChallenge');
REPLACE INTO `querysectionquestion` (`id`, `QueryDefinition_id`, `QuerySection_id`, `QuestionDefinition_id`, `abstractName`) VALUES ('MA_FINANCIAL_LIABILITY', 'MORTGAGE_APPLICATION', 'MORTGAGE_LEGAL_DECLARATIONS_APPLICANT', 'MORTGAGE_FINANCIAL_LIABILITY', 'FinancialLiabilityChallenge');
REPLACE INTO `querysectionquestion` (`id`, `QueryDefinition_id`, `QuerySection_id`, `QuestionDefinition_id`, `abstractName`) VALUES ('MA_FORE_CLOSURE_IN_PAST', 'MORTGAGE_APPLICATION', 'MORTGAGE_LEGAL_DECLARATIONS_APPLICANT', 'MORTGAGE_FORE_CLOSURE_IN_PAST', 'ForeclosureInPastChallenge');
REPLACE INTO `querysectionquestion` (`id`, `QueryDefinition_id`, `QuerySection_id`, `QuestionDefinition_id`, `abstractName`) VALUES ('MA_PRE_FORECLOSURE_SALE', 'MORTGAGE_APPLICATION', 'MORTGAGE_LEGAL_DECLARATIONS_APPLICANT', 'MORTGAGE_PRE_FORECLOSURE_SALE', 'PreForeclosureSaleChallenge');
REPLACE INTO `querysectionquestion` (`id`, `QueryDefinition_id`, `QuerySection_id`, `QuestionDefinition_id`, `abstractName`) VALUES ('MA_PPROPERTY_FORECLOSED_IN_PAST', 'MORTGAGE_APPLICATION', 'MORTGAGE_LEGAL_DECLARATIONS_APPLICANT', 'MORTGAGE_PPROPERTY_FORECLOSED_IN_PAST', 'PropertyForeclosedInPastChallenge');
REPLACE INTO `querysectionquestion` (`id`, `QueryDefinition_id`, `QuerySection_id`, `QuestionDefinition_id`, `abstractName`) VALUES ('MA_DECLARED_BANKRUPTCY_IN_PAST', 'MORTGAGE_APPLICATION', 'MORTGAGE_LEGAL_DECLARATIONS_APPLICANT', 'MORTGAGE_DECLARED_BANKRUPTCY_IN_PAST', 'DeclaredBankruptcyInPastChallenge');
REPLACE INTO `querysectionquestion` (`id`, `QueryDefinition_id`, `QuerySection_id`, `QuestionDefinition_id`, `abstractName`) VALUES ('MA_OTHER_MORTGAGE_LOAN_AMOUNT', 'MORTGAGE_APPLICATION', 'MORTGAGE_LEGAL_DECLARATIONS_APPLICANT', 'OTHER_MORTGAGE_LOAN_AMOUNT', 'OtherMortgageLoanAmount');
REPLACE INTO `querysectionquestion` (`id`, `QueryDefinition_id`, `QuerySection_id`, `QuestionDefinition_id`, `abstractName`) VALUES ('MA_TYPE_OF_PROPERTY', 'MORTGAGE_APPLICATION', 'MORTGAGE_LEGAL_DECLARATIONS_APPLICANT', 'MORTGAGE_TYPE_OF_PROPERTY', 'TypeOfProperty');
REPLACE INTO `querysectionquestion` (`id`, `QueryDefinition_id`, `QuerySection_id`, `QuestionDefinition_id`, `abstractName`) VALUES ('MA_TITLE_OF_PROPERTY', 'MORTGAGE_APPLICATION', 'MORTGAGE_LEGAL_DECLARATIONS_APPLICANT', 'MORTGAGE_TITLE_OF_PROPERTY', 'TitleOfProperty');
REPLACE INTO `querysectionquestion` (`id`, `QueryDefinition_id`, `QuerySection_id`, `QuestionDefinition_id`, `abstractName`) VALUES ('MA_BANKRUPTCY_TYPE', 'MORTGAGE_APPLICATION', 'MORTGAGE_LEGAL_DECLARATIONS_APPLICANT', 'MORTGAGE_BANKRUPTCY_TYPE', 'BankruptcyType');
REPLACE INTO `querysectionquestion` (`id`, `QueryDefinition_id`, `QuerySection_id`, `QuestionDefinition_id`, `Sequence`, `IsRequired`, `abstractName`) VALUES ('MA_CITIZENSHIPSTATUS', 'MORTGAGE_APPLICATION', 'MORTGAGE_INFO_APPLICANT', 'MORTGAGE_CITIZENSHIPSTATUS', '8', '1', 'CitizenshipStatus');
REPLACE INTO `querysectionquestion` (`id`, `QueryDefinition_id`, `QuerySection_id`, `QuestionDefinition_id`, `Sequence`, `IsRequired`, `abstractName`) VALUES ('MA_MARITALSTATUS', 'MORTGAGE_APPLICATION', 'MORTGAGE_INFO_APPLICANT', 'MORTGAGE_MARITALSTATUS', '8', '1', 'MaritalStatus');
REPLACE INTO `querysectionquestion` (`id`, `QueryDefinition_id`, `QuerySection_id`, `QuestionDefinition_id`, `abstractName`) VALUES ('MA_DEPENDENTS', 'MORTGAGE_APPLICATION', 'MORTGAGE_INFO_APPLICANT', 'MORTGAGE_DEPENDENTS', 'NoOfDependents');
REPLACE INTO `querysectionquestion` (`id`, `QueryDefinition_id`, `QuerySection_id`, `QuestionDefinition_id`, `Sequence`, `IsRequired`, `createdts`, `lastmodifiedts`, `synctimestamp`, `softdeleteflag`, `abstractName`) VALUES ('MA_MAILINGADDCITY', 'MORTGAGE_APPLICATION', 'MORTGAGE_INFO_APPLICANT', 'MORTGAGE_MAILING_ADD_CITY', '8', '0', '2018-11-05 12:01:00', '2018-11-13 05:52:55', '2018-11-13 05:52:55', '0', 'MailingAddressCity');
REPLACE INTO `querysectionquestion` (`id`, `QueryDefinition_id`, `QuerySection_id`, `QuestionDefinition_id`, `Sequence`, `IsRequired`, `createdts`, `lastmodifiedts`, `synctimestamp`, `softdeleteflag`, `abstractName`) VALUES ('MA_MAILINGADDCOUNTRY', 'MORTGAGE_APPLICATION', 'MORTGAGE_INFO_APPLICANT', 'MORTGAGE_MAILING_ADD_COUNTRY', '8', '0', '2018-11-05 12:01:00', '2018-11-13 05:51:59', '2018-11-13 05:51:59', '0', 'MailingAddressCountry');
REPLACE INTO `querysectionquestion` (`id`, `QueryDefinition_id`, `QuerySection_id`, `QuestionDefinition_id`, `Sequence`, `IsRequired`, `createdts`, `lastmodifiedts`, `synctimestamp`, `softdeleteflag`, `abstractName`) VALUES ('MA_MAILINGADDLINE1', 'MORTGAGE_APPLICATION', 'MORTGAGE_INFO_APPLICANT', 'MORTGAGE_MAILING_ADDLINE1', '8', '0', '2018-11-05 12:19:00', '2018-11-13 05:49:42', '2018-11-13 05:49:42', '0', 'MailingAddressLine1');
REPLACE INTO `querysectionquestion` (`id`, `QueryDefinition_id`, `QuerySection_id`, `QuestionDefinition_id`, `Sequence`, `IsRequired`, `createdts`, `lastmodifiedts`, `synctimestamp`, `softdeleteflag`, `abstractName`) VALUES ('MA_MAILINGADDLINE2', 'MORTGAGE_APPLICATION', 'MORTGAGE_INFO_APPLICANT', 'MORTGAGE_MAILING_ADDLINE2', '8', '0', '2018-11-05 12:22:00', '2018-11-13 05:50:20', '2018-11-13 05:50:20', '0', 'MailingAddressLine2');
REPLACE INTO `querysectionquestion` (`id`, `QueryDefinition_id`, `QuerySection_id`, `QuestionDefinition_id`, `Sequence`, `IsRequired`, `createdts`, `lastmodifiedts`, `synctimestamp`, `softdeleteflag`, `abstractName`) VALUES ('MA_MAILINGADDSTATE', 'MORTGAGE_APPLICATION', 'MORTGAGE_INFO_APPLICANT', 'MORTGAGE_MAILING_ADD_STATE', '8', '0', '2018-11-05 12:01:00', '2018-11-13 05:52:21', '2018-11-13 05:52:21', '0', 'MailingAddressState');
REPLACE INTO `querysectionquestion` (`id`, `QueryDefinition_id`, `QuerySection_id`, `QuestionDefinition_id`, `Sequence`, `IsRequired`, `createdts`, `lastmodifiedts`, `synctimestamp`, `softdeleteflag`, `abstractName`) VALUES ('MA_MAILINGADDZIP', 'MORTGAGE_APPLICATION', 'MORTGAGE_INFO_APPLICANT', 'MORTGAGE_MAILING_ADD_ZIP', '8', '0', '2018-11-05 12:12:00', '2018-11-13 05:51:32', '2018-11-13 05:51:32', '0', 'MailingAddressZip');
REPLACE INTO `querysectionquestion` (`id`, `QueryDefinition_id`, `QuerySection_id`, `QuestionDefinition_id`, `abstractName`) VALUES ('MA_US_ARMEDFORCE', 'MORTGAGE_APPLICATION', 'MORTGAGE_INFO_APPLICANT', 'MORTGAGE_ARMEDFORCE', 'Us_ArmedForce');
REPLACE INTO `querysectionquestion` (`id`, `QueryDefinition_id`, `QuerySection_id`, `QuestionDefinition_id`, `abstractName`) VALUES ('MA_CURR_ONSERVICE', 'MORTGAGE_APPLICATION', 'MORTGAGE_INFO_APPLICANT', 'MORTGAGE_CURR_ONSERVICE', 'Curr_OnService');
REPLACE INTO `querysectionquestion` (`id`, `QueryDefinition_id`, `QuerySection_id`, `QuestionDefinition_id`, `ParentQuestionOptionValue`, `abstractName`) VALUES ('MA_EXP_DOS', 'MORTGAGE_APPLICATION', 'MORTGAGE_INFO_APPLICANT', 'MORTGAGE_EXP_DOS', 'Yes', 'Exp_DOS');
REPLACE INTO `querysectionquestion` (`id`, `QueryDefinition_id`, `QuerySection_id`, `QuestionDefinition_id`, `abstractName`) VALUES ('MA_NONACTIVE_RESERVE_NATIONALGAURD', 'MORTGAGE_APPLICATION', 'MORTGAGE_INFO_APPLICANT', 'MORTGAGE_NONACTIVE_RESERVE_NATIONALGAURD', 'NonActiveMemResorNationalGaurd');
REPLACE INTO `querysectionquestion` (`id`, `QueryDefinition_id`, `QuerySection_id`, `QuestionDefinition_id`, `abstractName`) VALUES ('MA_SURVIVING_SPOUSE', 'MORTGAGE_APPLICATION', 'MORTGAGE_INFO_APPLICANT', 'MORTGAGE_SURVIVING_SPOUSE', 'SurvivingSpouse');
REPLACE INTO `questiondefinition` (`id`, `QueryDefinition_id`, `DataType_id`, `IsRequired`) VALUES ('MORTGAGE_CITIZENSHIPSTATUS', 'MORTGAGE_APPLICATION', 'temp', '1');
REPLACE INTO `questiondefinition` (`id`, `QueryDefinition_id`, `DataType_id`, `IsRequired`) VALUES ('MORTGAGE_MARITALSTATUS', 'MORTGAGE_APPLICATION', 'temp', '1');
REPLACE INTO `questiondefinition` (`id`, `QueryDefinition_id`, `DataType_id`, `IsRequired`) VALUES ('MORTGAGE_DEPENDENTS', 'MORTGAGE_APPLICATION', 'temp', '1');
REPLACE INTO `questiondefinition` (`id`, `QueryDefinition_id`, `DataType_id`, `IsRequired`) VALUES ('MORTGAGE_MAILING_ADD_CITY', 'MORTGAGE_APPLICATION', 'temp', '1');
REPLACE INTO `questiondefinition` (`id`, `QueryDefinition_id`, `DataType_id`, `IsRequired`) VALUES ('MORTGAGE_MAILING_ADD_COUNTRY', 'MORTGAGE_APPLICATION', 'temp', '1');
REPLACE INTO `questiondefinition` (`id`, `QueryDefinition_id`, `DataType_id`, `IsRequired`) VALUES ('MORTGAGE_MAILING_ADDLINE1', 'MORTGAGE_APPLICATION', 'temp', '1');
REPLACE INTO `questiondefinition` (`id`, `QueryDefinition_id`, `DataType_id`, `IsRequired`) VALUES ('MORTGAGE_MAILING_ADDLINE2', 'MORTGAGE_APPLICATION', 'temp', '1');
REPLACE INTO `questiondefinition` (`id`, `QueryDefinition_id`, `DataType_id`, `IsRequired`) VALUES ('MORTGAGE_MAILING_ADD_STATE', 'MORTGAGE_APPLICATION', 'temp', '1');
REPLACE INTO `questiondefinition` (`id`, `QueryDefinition_id`, `DataType_id`, `IsRequired`) VALUES ('MORTGAGE_MAILING_ADD_ZIP', 'MORTGAGE_APPLICATION', 'temp', '1');
REPLACE INTO `questiondefinition` (`id`, `QueryDefinition_id`, `DataType_id`, `IsRequired`) VALUES ('MORTGAGE_ARMEDFORCE', 'MORTGAGE_APPLICATION', 'temp', '1');
REPLACE INTO `questiondefinition` (`id`, `QueryDefinition_id`, `DataType_id`, `IsRequired`) VALUES ('MORTGAGE_CURR_ONSERVICE', 'MORTGAGE_APPLICATION', 'temp', '1');
REPLACE INTO `questiondefinition` (`id`, `QueryDefinition_id`, `DataType_id`, `IsRequired`) VALUES ('MORTGAGE_EXP_DOS', 'MORTGAGE_APPLICATION', 'temp', '1');
REPLACE INTO `questiondefinition` (`id`, `QueryDefinition_id`, `DataType_id`, `IsRequired`) VALUES ('MORTGAGE_NONACTIVE_RESERVE_NATIONALGAURD', 'MORTGAGE_APPLICATION', 'temp', '1');
REPLACE INTO `questiondefinition` (`id`, `QueryDefinition_id`, `DataType_id`, `IsRequired`) VALUES ('MORTGAGE_SURVIVING_SPOUSE', 'MORTGAGE_APPLICATION', 'temp', '1');
REPLACE INTO `querysection` (`id`, `Name`, `QueryDefinition_id`, `Parent_id`, `ApplicantAllowedTo`, `IndCoApplicantAllowedTo`, `JointCoApplicantAllowedTo`, `Sequence`) VALUES ('MORTGAGE_APPLICATION_CAFLAGS_GENERAL', 'CAFLAGS', 'MORTGAGE_APPLICATION', 'GENERAL', 'E', 'E', 'E', '0');
REPLACE INTO `querysection` (`id`, `Name`, `QueryDefinition_id`, `Parent_id`, `ApplicantAllowedTo`, `IndCoApplicantAllowedTo`, `JointCoApplicantAllowedTo`, `Sequence`) VALUES ('MORTGAGE_COAPPLICANT_AGENT', 'Co-applicant and Agent Info', 'MORTGAGE_APPLICATION', 'APPLICANT', 'E', 'E', 'E', '0');
REPLACE INTO `optiongroup` VALUES ('MORTGAGE_LOAN_PURPOSE','Choices for Mortgage Loan Purpose',NULL,NULL,NULL,'2019-04-04 11:12:57','2019-04-04 11:12:57',0);
REPLACE INTO `optionitem` VALUES ('MORTGAGE_PURPOSE_SELECT_1','MORTGAGE_LOAN_PURPOSE',NULL,NULL,'Purchase',1,NULL,NULL,'2019-04-04 15:23:20','2019-04-04 15:23:20','2019-04-04 15:23:20',0);
REPLACE INTO `optionitem` VALUES ('MORTGAGE_PURPOSE_SELECT_2','MORTGAGE_LOAN_PURPOSE',NULL,NULL,'Refinance',2,NULL,NULL,'2018-04-04 15:23:20','2019-04-04 15:23:20','2019-04-04 15:23:20',0);
REPLACE INTO `optionitem` VALUES ('MORTGAGE_PURPOSE_SELECT_3','MORTGAGE_LOAN_PURPOSE',NULL,NULL,'Construction',3,NULL,NULL,'2019-04-04 15:23:20','2019-04-04 15:23:20','2019-04-04 15:23:20',0);
REPLACE INTO `optionitem` VALUES ('MORTGAGE_PURPOSE_SELECT_4','MORTGAGE_LOAN_PURPOSE',NULL,NULL,'Other',4,NULL,NULL,'2019-04-04 15:23:20','2019-04-04 15:23:20','2019-04-04 15:23:20',0);
REPLACE INTO `optiongroup` VALUES ('MORTGAGE_REFINANCE_TYPE','Choices for Mortgage Refinance Type',NULL,NULL,NULL,'2019-04-04 11:12:57','2019-04-04 11:12:57',0);
REPLACE INTO `optionitem` VALUES ('REFINANCE_TYPE_1','MORTGAGE_REFINANCE_TYPE',NULL,NULL,'Better rate',1,NULL,NULL,'2019-04-04 15:23:20','2019-04-04 15:23:20','2019-04-04 15:23:20',0);
REPLACE INTO `optionitem` VALUES ('REFINANCE_TYPE_2','MORTGAGE_REFINANCE_TYPE',NULL,NULL,'Better term',2,NULL,NULL,'2018-04-04 15:23:20','2019-04-04 15:23:20','2019-04-04 15:23:20',0);
REPLACE INTO `optionitem` VALUES ('REFINANCE_TYPE_3','MORTGAGE_REFINANCE_TYPE',NULL,NULL,'Cash out',3,NULL,NULL,'2019-04-04 15:23:20','2019-04-04 15:23:20','2019-04-04 15:23:20',0);
REPLACE INTO `optionitem` VALUES ('REFINANCE_TYPE_4','MORTGAGE_REFINANCE_TYPE',NULL,NULL,'Debt Consolidation',4,NULL,NULL,'2019-04-04 15:23:20','2019-04-04 15:23:20','2019-04-04 15:23:20',0);
REPLACE INTO `optionitem` VALUES ('REFINANCE_TYPE_5','MORTGAGE_REFINANCE_TYPE',NULL,NULL,'Home Improvement',4,NULL,NULL,'2019-04-04 15:23:20','2019-04-04 15:23:20','2019-04-04 15:23:20',0);
REPLACE INTO `optiongroup` VALUES ('MORTGAGE_PURCHASE_PLAN','Choices for Mortgage Purchase Plan',NULL,NULL,NULL,'2019-04-04 11:12:57','2019-04-04 11:12:57',0);
REPLACE INTO `optionitem` VALUES ('PURCHASE_PLAN_1','MORTGAGE_PURCHASE_PLAN',NULL,NULL,'Immediately',1,NULL,NULL,'2019-04-04 15:23:20','2019-04-04 15:23:20','2019-04-04 15:23:20',0);
REPLACE INTO `optionitem` VALUES ('PURCHASE_PLAN_2','MORTGAGE_PURCHASE_PLAN',NULL,NULL,'ASAP',2,NULL,NULL,'2018-04-04 15:23:20','2019-04-04 15:23:20','2019-04-04 15:23:20',0);
REPLACE INTO `optionitem` VALUES ('PURCHASE_PLAN_3','MORTGAGE_PURCHASE_PLAN',NULL,NULL,'Within 30 days',3,NULL,NULL,'2019-04-04 15:23:20','2019-04-04 15:23:20','2019-04-04 15:23:20',0);
REPLACE INTO `optionitem` VALUES ('PURCHASE_PLAN_4','MORTGAGE_PURCHASE_PLAN',NULL,NULL,'2 to 3 months',4,NULL,NULL,'2019-04-04 15:23:20','2019-04-04 15:23:20','2019-04-04 15:23:20',0);
REPLACE INTO `optionitem` VALUES ('PURCHASE_PLAN_5','MORTGAGE_PURCHASE_PLAN',NULL,NULL,'3 to 6 months',5,NULL,NULL,'2019-04-04 15:23:20','2019-04-04 15:23:20','2019-04-04 15:23:20',0);
REPLACE INTO `optionitem` VALUES ('PURCHASE_PLAN_6','MORTGAGE_PURCHASE_PLAN',NULL,NULL,'6+ months',6,NULL,NULL,'2019-04-04 15:23:20','2019-04-04 15:23:20','2019-04-04 15:23:20',0);
REPLACE INTO `optionitem` VALUES ('PURCHASE_PLAN_7','MORTGAGE_PURCHASE_PLAN',NULL,NULL,'No time frame',7,NULL,NULL,'2019-04-04 15:23:20','2019-04-04 15:23:20','2019-04-04 15:23:20',0);
REPLACE INTO `optiongroup` VALUES ('MORTGAGE_LOAN_PROPERTY_TYPE','Choices for Mortgage Loan Property Type',NULL,NULL,NULL,'2019-04-04 11:12:57','2019-04-04 11:12:57',0);
REPLACE INTO `optionitem` VALUES ('MORTGAGE_PROPERTY_TYPE_1','MORTGAGE_LOAN_PROPERTY_TYPE',NULL,NULL,'Single Family',1,NULL,NULL,'2019-04-04 15:23:20','2019-04-04 15:23:20','2019-04-04 15:23:20',0);
REPLACE INTO `optionitem` VALUES ('MORTGAGE_PROPERTY_TYPE_2','MORTGAGE_LOAN_PROPERTY_TYPE',NULL,NULL,'Multi-Family',2,NULL,NULL,'2018-04-04 15:23:20','2019-04-04 15:23:20','2019-04-04 15:23:20',0);
REPLACE INTO `optionitem` VALUES ('MORTGAGE_PROPERTY_TYPE_3','MORTGAGE_LOAN_PROPERTY_TYPE',NULL,NULL,'Condominium',3,NULL,NULL,'2019-04-04 15:23:20','2019-04-04 15:23:20','2019-04-04 15:23:20',0);
REPLACE INTO `optionitem` VALUES ('MORTGAGE_PROPERTY_TYPE_4','MORTGAGE_LOAN_PROPERTY_TYPE',NULL,NULL,'Townhouse',4,NULL,NULL,'2019-04-04 15:23:20','2019-04-04 15:23:20','2019-04-04 15:23:20',0);
REPLACE INTO `optionitem` VALUES ('MORTGAGE_PROPERTY_TYPE_5','MORTGAGE_LOAN_PROPERTY_TYPE',NULL,NULL,'Manufactured Home',5,NULL,NULL,'2019-04-04 15:23:20','2019-04-04 15:23:20','2019-04-04 15:23:20',0);
REPLACE INTO `optiongroup` VALUES ('MORTGAGE_LOAN_OCCUPANCY','Choices for Mortgage Loan Property Usage',NULL,NULL,NULL,'2019-04-04 11:12:57','2019-04-04 11:12:57',0);
REPLACE INTO `optionitem` VALUES ('MORTGAGE_OCCUPANCY_1','MORTGAGE_LOAN_OCCUPANCY',NULL,NULL,'Primary Residence',1,NULL,NULL,'2019-04-04 15:23:20','2019-04-04 15:23:20','2019-04-04 15:23:20',0);
REPLACE INTO `optionitem` VALUES ('MORTGAGE_OCCUPANCY_2','MORTGAGE_LOAN_OCCUPANCY',NULL,NULL,'Second Home',2,NULL,NULL,'2018-04-04 15:23:20','2019-04-04 15:23:20','2019-04-04 15:23:20',0);
REPLACE INTO `optionitem` VALUES ('MORTGAGE_OCCUPANCY_3','MORTGAGE_LOAN_OCCUPANCY',NULL,NULL,'Investment Property',3,NULL,NULL,'2019-04-04 15:23:20','2019-04-04 15:23:20','2019-04-04 15:23:20',0);
REPLACE INTO `optionitem` VALUES ('MORTGAGE_OCCUPANCY_4','MORTGAGE_LOAN_OCCUPANCY',NULL,NULL,'FHA Secondary Residence',4,NULL,NULL,'2019-04-04 15:23:20','2019-04-04 15:23:20','2019-04-04 15:23:20',0);
REPLACE INTO `questiondefinition` (`id`, `QueryDefinition_id`, `DataType_id`, `OptionGroup_id`, `Name`, `Label`, `OtherLabel`, `IsRequired`, `createdts`, `lastmodifiedts`, `synctimestamp`, `softdeleteflag`) VALUES ('MORTGAGE_PURCHASED_HOME', 'MORTGAGE_APPLICATION', 'SINGLE_SELECT', 'CHALLENGE', 'Identified home to purchase?', 'Have you identified the home to purchase?', 'Have you identified the home to purchase?', '0', '2019-04-04 05:19:56', '2018-12-28 05:19:56', '2018-12-28 05:19:56', '0');
REPLACE INTO `questiondefinition` (`id`, `QueryDefinition_id`, `DataType_id`, `OptionGroup_id`, `Name`, `Label`, `OtherLabel`, `IsRequired`, `createdts`, `lastmodifiedts`, `synctimestamp`, `softdeleteflag`) VALUES ('MORTGAGE_MIXED_USE', 'MORTGAGE_APPLICATION', 'SINGLE_SELECT', 'CHALLENGE', 'Mixed-Use Property?', 'Mixed-Use Property(Optional)', 'Mixed-Use Property(Optional)', '0', '2019-04-04 05:19:56', '2018-12-28 05:19:56', '2018-12-28 05:19:56', '0');
REPLACE INTO `questiondefinition` (`id`, `QueryDefinition_id`, `DataType_id`, `OptionGroup_id`, `Name`, `Label`, `OtherLabel`, `IsRequired`, `createdts`, `lastmodifiedts`, `synctimestamp`, `softdeleteflag`) VALUES ('MORTGAGE_PURPOSE_OF_LOAN', 'MORTGAGE_APPLICATION', 'SINGLE_SELECT', 'MORTGAGE_LOAN_PURPOSE', 'Purpose of loan?', 'What is the purpose of loan?', 'What is the purpose of loan?', '0', '2019-04-04 05:19:56', '2018-12-28 05:19:56', '2018-12-28 05:19:56', '0');
REPLACE INTO `questiondefinition` (`id`, `QueryDefinition_id`, `DataType_id`, `OptionGroup_id`, `Name`, `Label`, `OtherLabel`, `IsRequired`, `createdts`, `lastmodifiedts`, `synctimestamp`, `softdeleteflag`) VALUES ('MORTGAGE_REFINANCE_TYPES', 'MORTGAGE_APPLICATION', 'SINGLE_SELECT', 'MORTGAGE_REFINANCE_TYPE', 'Refinance Types?', 'What is the refinance type?', 'What is the refinance type?', '0', '2019-04-04 05:19:56', '2018-12-28 05:19:56', '2018-12-28 05:19:56', '0');
REPLACE INTO `questiondefinition` (`id`, `QueryDefinition_id`, `DataType_id`, `Name`, `Label`, `OtherLabel`, `IsRequired`, `createdts`, `lastmodifiedts`, `synctimestamp`, `softdeleteflag`) VALUES ('MORTGAGE_BALANCE', 'MORTGAGE_APPLICATION', 'SINGLE_SELECT', 'Mortgage balance?', 'What is the mortgage balance?', 'What is the mortgage balance?', '0', '2019-04-04 05:19:56', '2018-12-28 05:19:56', '2018-12-28 05:19:56', '0');
REPLACE INTO `questiondefinition` (`id`, `QueryDefinition_id`, `DataType_id`, `Name`, `Label`, `OtherLabel`, `IsRequired`, `createdts`, `lastmodifiedts`, `synctimestamp`, `softdeleteflag`) VALUES ('MORTGAGE_PROPERTY_VALUE', 'MORTGAGE_APPLICATION', 'SINGLE_SELECT', 'property value?', 'What is the property value?', 'What is the property value?', '0', '2019-04-04 05:19:56', '2018-12-28 05:19:56', '2018-12-28 05:19:56', '0');
REPLACE INTO `questiondefinition` (`id`, `QueryDefinition_id`, `DataType_id`, `Name`, `Label`, `OtherLabel`, `IsRequired`, `createdts`, `lastmodifiedts`, `synctimestamp`, `softdeleteflag`) VALUES ('MORTGAGE_REQUIRED_LOAN_AMOUNT', 'MORTGAGE_APPLICATION', 'SINGLE_SELECT', 'Required loan amount?', 'What is the required loan amount?', 'What is the required loan amount?', '0', '2019-04-04 05:19:56', '2018-12-28 05:19:56', '2018-12-28 05:19:56', '0');
REPLACE INTO `questiondefinition` (`id`, `QueryDefinition_id`, `DataType_id`, `OptionGroup_id`, `Name`, `Label`, `OtherLabel`, `IsRequired`, `createdts`, `lastmodifiedts`, `synctimestamp`, `softdeleteflag`) VALUES ('MORTGAGE_PURCHASE_PLAN', 'MORTGAGE_APPLICATION', 'SINGLE_SELECT', 'MORTGAGE_PURCHASE_PLAN', 'Purchase Plan?', 'When do you plan to purchase?', 'When do you plan to purchase?', '0', '2019-04-04 05:19:56', '2018-12-28 05:19:56', '2018-12-28 05:19:56', '0');
REPLACE INTO `questiondefinition` (`id`, `QueryDefinition_id`, `DataType_id`, `OptionGroup_id`, `Name`, `Label`, `OtherLabel`, `IsRequired`, `createdts`, `lastmodifiedts`, `synctimestamp`, `softdeleteflag`) VALUES ('MORTGAGE_PROPERTY_USAGE', 'MORTGAGE_APPLICATION', 'SINGLE_SELECT', 'MORTGAGE_LOAN_OCCUPANCY', 'Property usage', 'Property usage', 'Property usage', '0', '2019-04-04 05:19:56', '2018-12-28 05:19:56', '2018-12-28 05:19:56', '0');
REPLACE INTO `questiondefinition` (`id`, `QueryDefinition_id`, `DataType_id`, `OptionGroup_id`, `Name`, `Label`, `OtherLabel`, `IsRequired`, `createdts`, `lastmodifiedts`, `synctimestamp`, `softdeleteflag`) VALUES ('MORTGAGE_PROPERTY_TYPE', 'MORTGAGE_APPLICATION', 'SINGLE_SELECT', 'MORTGAGE_LOAN_PROPERTY_TYPE', 'Property type', 'Property type(Optional)', 'Property type(Optional)', '0', '2019-04-04 05:19:56', '2018-12-28 05:19:56', '2018-12-28 05:19:56', '0');
REPLACE INTO `questiondefinition` (`id`, `QueryDefinition_id`, `DataType_id`, `Name`, `Label`, `OtherLabel`, `IsRequired`, `createdts`, `lastmodifiedts`, `synctimestamp`, `softdeleteflag`) VALUES ('MORTGAGE_NUMBER_OF_UNITS', 'MORTGAGE_APPLICATION', 'SINGLE_SELECT', 'Number of Units', 'Number of Units(Optional)', 'Number of Units(Optional)', '0', '2019-04-04 05:19:56', '2018-12-28 05:19:56', '2018-12-28 05:19:56', '0');
REPLACE INTO `questiondefinition` (`id`, `QueryDefinition_id`, `DataType_id`, `IsRequired`, `createdby`, `modifiedby`, `createdts`, `lastmodifiedts`, `synctimestamp`, `softdeleteflag`) VALUES ('MORTGAGE_PROPERTY_ADD_ADDLINE1', 'MORTGAGE_APPLICATION', 'temp', '1', 'NULL', 'NULL', '2018-11-13 07:58:27', '2018-11-13 05:53:09', '2018-11-13 05:53:09', '0');
REPLACE INTO `questiondefinition` (`id`, `QueryDefinition_id`, `DataType_id`, `IsRequired`, `createdby`, `modifiedby`, `createdts`, `lastmodifiedts`, `synctimestamp`, `softdeleteflag`) VALUES ('MORTGAGE_PROPERTY_ADD_ADDLINE2', 'MORTGAGE_APPLICATION', 'temp', '1', 'NULL', 'NULL', '2018-11-13 07:58:27', '2018-11-13 05:53:09', '2018-11-13 05:53:09', '0');
REPLACE INTO `questiondefinition` (`id`, `QueryDefinition_id`, `DataType_id`, `IsRequired`, `createdby`, `modifiedby`, `createdts`, `lastmodifiedts`, `synctimestamp`, `softdeleteflag`) VALUES ('MORTGAGE_PROPERTY_ADD_CITY', 'MORTGAGE_APPLICATION', 'temp', '1', 'NULL', 'NULL', '2018-11-13 07:58:27', '2018-11-13 05:53:09', '2018-11-13 05:53:09', '0');
REPLACE INTO `questiondefinition` (`id`, `QueryDefinition_id`, `DataType_id`, `IsRequired`, `createdby`, `modifiedby`, `createdts`, `lastmodifiedts`, `synctimestamp`, `softdeleteflag`) VALUES ('MORTGAGE_PROPERTY_ADD_COUNTRY', 'MORTGAGE_APPLICATION', 'temp', '1', 'NULL', 'NULL', '2018-11-13 07:58:27', '2018-11-13 05:53:09', '2018-11-13 05:53:09', '0');
REPLACE INTO `questiondefinition` (`id`, `QueryDefinition_id`, `DataType_id`, `IsRequired`, `createdby`, `modifiedby`, `createdts`, `lastmodifiedts`, `synctimestamp`, `softdeleteflag`) VALUES ('MORTGAGE_PROPERTY_ADD_STATE', 'MORTGAGE_APPLICATION', 'temp', '1', 'NULL', 'NULL', '2018-11-13 07:58:27', '2018-11-13 05:53:09', '2018-11-13 05:53:09', '0');
REPLACE INTO `questiondefinition` (`id`, `QueryDefinition_id`, `DataType_id`, `IsRequired`, `createdby`, `modifiedby`, `createdts`, `lastmodifiedts`, `synctimestamp`, `softdeleteflag`) VALUES ('MORTGAGE_PROPERTY_ADD_ZIP', 'MORTGAGE_APPLICATION', 'temp', '1', 'NULL', 'NULL', '2018-11-13 07:58:27', '2018-11-13 05:53:09', '2018-11-13 05:53:09', '0');
REPLACE INTO `questiondefinition` (`id`, `QueryDefinition_id`, `DataType_id`, `Name`, `Label`, `OtherLabel`, `IsRequired`, `createdts`, `lastmodifiedts`, `synctimestamp`, `softdeleteflag`) VALUES ('MORTGAGE_PURCHASE_PRICE', 'MORTGAGE_APPLICATION', 'TEXT_ENTRY', 'Purchase Price', 'What is the purchase price or estimated purchase price of the property', 'What is the purchase price or estimated purchase price of the property', '0', '2019-04-04 05:19:56', '2018-12-28 05:19:56', '2018-12-28 05:19:56', '0');
REPLACE INTO `questiondefinition` (`id`, `QueryDefinition_id`, `DataType_id`, `Name`, `Label`, `OtherLabel`, `IsRequired`, `createdts`, `lastmodifiedts`, `synctimestamp`, `softdeleteflag`) VALUES ('MORTGAGE_ESTIMATED_LOANAMOUNT', 'MORTGAGE_APPLICATION', 'TEXT_ENTRY', 'Estimated loan amount', 'Estimated loan amount', 'Estimated loan amount', '0', '2019-04-04 05:19:56', '2018-12-28 05:19:56', '2018-12-28 05:19:56', '0');
REPLACE INTO `querysection` (`id`, `Name`, `QueryDefinition_id`, `Parent_id`, `ApplicantAllowedTo`, `IndCoApplicantAllowedTo`, `JointCoApplicantAllowedTo`, `Sequence`, `createdts`, `lastmodifiedts`, `synctimestamp`, `softdeleteflag`, `abstractname`) VALUES ('MORTGAGE_LOAN_PROPERTY_INFO', 'Loan&PropertyInfo', 'MORTGAGE_APPLICATION', 'APPLICANT', 'E', 'E', 'E', '2', '2018-08-27 06:12:18', '2019-02-20 12:10:54', '2019-02-20 12:10:54', '0', 'Loan&PropertyInfo');
REPLACE INTO `querysection` (`id`, `Name`, `QueryDefinition_id`, `Parent_id`, `ApplicantAllowedTo`, `IndCoApplicantAllowedTo`, `JointCoApplicantAllowedTo`, `Sequence`, `createdts`, `lastmodifiedts`, `synctimestamp`, `softdeleteflag`, `abstractname`) VALUES ('MORTGAGE_OFFICER_SELECTION', 'LoanOfficerSelection', 'MORTGAGE_APPLICATION', 'APPLICANT', 'E', 'E', 'E', '2', '2018-08-27 06:12:18', '2019-02-20 12:10:54', '2019-02-20 12:10:54', '0', 'LoanOfficerSelection');
REPLACE INTO `querysectionquestion` (`id`, `QueryDefinition_id`, `QuerySection_id`, `QuestionDefinition_id`, `IsRequired`, `createdts`, `lastmodifiedts`, `synctimestamp`, `softdeleteflag`, `abstractName`) VALUES ('MA_PURCHASEDHOME', 'MORTGAGE_APPLICATION', 'MORTGAGE_LOAN_PROPERTY_INFO', 'MORTGAGE_PURCHASED_HOME', '0', '2018-11-05 12:29:00', '2019-01-11 21:17:24', '2019-01-11 21:17:24', '0', 'IdentifiedHomeToPurchase');
REPLACE INTO `querysectionquestion` (`id`, `QueryDefinition_id`, `QuerySection_id`, `QuestionDefinition_id`, `IsRequired`, `createdts`, `lastmodifiedts`, `synctimestamp`, `softdeleteflag`, `abstractName`) VALUES ('MA_MIXEDUSE', 'MORTGAGE_APPLICATION', 'MORTGAGE_LOAN_PROPERTY_INFO', 'MORTGAGE_MIXED_USE', '0', '2018-11-05 12:29:00', '2019-01-11 21:17:24', '2019-01-11 21:17:24', '0', 'MixedUseProperty');
REPLACE INTO `querysectionquestion` (`id`, `QueryDefinition_id`, `QuerySection_id`, `QuestionDefinition_id`, `IsRequired`, `createdts`, `lastmodifiedts`, `synctimestamp`, `softdeleteflag`, `abstractName`) VALUES ('MA_PURPOSEOFLOAN', 'MORTGAGE_APPLICATION', 'MORTGAGE_LOAN_PROPERTY_INFO', 'MORTGAGE_PURPOSE_OF_LOAN', '0', '2018-11-05 12:29:00', '2019-01-11 21:17:24', '2019-01-11 21:17:24', '0', 'LoanPurpose');
REPLACE INTO `querysectionquestion` (`id`, `QueryDefinition_id`, `QuerySection_id`, `QuestionDefinition_id`, `IsRequired`, `createdts`, `lastmodifiedts`, `synctimestamp`, `softdeleteflag`, `abstractName`) VALUES ('MA_REFINANCETYPES', 'MORTGAGE_APPLICATION', 'MORTGAGE_LOAN_PROPERTY_INFO', 'MORTGAGE_REFINANCE_TYPES', '0', '2018-11-05 12:29:00', '2019-01-11 21:17:24', '2019-01-11 21:17:24', '0', 'RefinanceType');
REPLACE INTO `querysectionquestion` (`id`, `QueryDefinition_id`, `QuerySection_id`, `QuestionDefinition_id`, `IsRequired`, `createdts`, `lastmodifiedts`, `synctimestamp`, `softdeleteflag`, `abstractName`) VALUES ('MA_BALANCE', 'MORTGAGE_APPLICATION', 'MORTGAGE_LOAN_PROPERTY_INFO', 'MORTGAGE_BALANCE', '0', '2018-11-05 12:29:00', '2019-01-11 21:17:24', '2019-01-11 21:17:24', '0', 'MortgageBalance');
REPLACE INTO `querysectionquestion` (`id`, `QueryDefinition_id`, `QuerySection_id`, `QuestionDefinition_id`, `IsRequired`, `createdts`, `lastmodifiedts`, `synctimestamp`, `softdeleteflag`, `abstractName`) VALUES ('MA_PROPERTYVALUE', 'MORTGAGE_APPLICATION', 'MORTGAGE_LOAN_PROPERTY_INFO', 'MORTGAGE_PROPERTY_VALUE', '0', '2018-11-05 12:29:00', '2019-01-11 21:17:24', '2019-01-11 21:17:24', '0', 'PropertyValue');
REPLACE INTO `querysectionquestion` (`id`, `QueryDefinition_id`, `QuerySection_id`, `QuestionDefinition_id`, `IsRequired`, `createdts`, `lastmodifiedts`, `synctimestamp`, `softdeleteflag`, `abstractName`) VALUES ('MA_REQUIREDLOANAMOUNT', 'MORTGAGE_APPLICATION', 'MORTGAGE_LOAN_PROPERTY_INFO', 'MORTGAGE_REQUIRED_LOAN_AMOUNT', '0', '2018-11-05 12:29:00', '2019-01-11 21:17:24', '2019-01-11 21:17:24', '0', 'RequiredLoanAmount');
REPLACE INTO `querysectionquestion` (`id`, `QueryDefinition_id`, `QuerySection_id`, `QuestionDefinition_id`, `IsRequired`, `createdts`, `lastmodifiedts`, `synctimestamp`, `softdeleteflag`, `abstractName`) VALUES ('MA_PURCHASEPLAN', 'MORTGAGE_APPLICATION', 'MORTGAGE_LOAN_PROPERTY_INFO', 'MORTGAGE_PURCHASE_PLAN', '0', '2018-11-05 12:29:00', '2019-01-11 21:17:24', '2019-01-11 21:17:24', '0', 'PurchasePlan');
REPLACE INTO `querysectionquestion` (`id`, `QueryDefinition_id`, `QuerySection_id`, `QuestionDefinition_id`, `IsRequired`, `createdts`, `lastmodifiedts`, `synctimestamp`, `softdeleteflag`, `abstractName`) VALUES ('MA_PROPERTYUSAGE', 'MORTGAGE_APPLICATION', 'MORTGAGE_LOAN_PROPERTY_INFO', 'MORTGAGE_PROPERTY_USAGE', '0', '2018-11-05 12:29:00', '2019-01-11 21:17:24', '2019-01-11 21:17:24', '0', 'PropertyUsage');
REPLACE INTO `querysectionquestion` (`id`, `QueryDefinition_id`, `QuerySection_id`, `QuestionDefinition_id`, `IsRequired`, `createdts`, `lastmodifiedts`, `synctimestamp`, `softdeleteflag`, `abstractName`) VALUES ('MA_PROPERTYTYPE', 'MORTGAGE_APPLICATION', 'MORTGAGE_LOAN_PROPERTY_INFO', 'MORTGAGE_PROPERTY_TYPE', '0', '2018-11-05 12:29:00', '2019-01-11 21:17:24', '2019-01-11 21:17:24', '0', 'PropertyType');
REPLACE INTO `querysectionquestion` (`id`, `QueryDefinition_id`, `QuerySection_id`, `QuestionDefinition_id`, `IsRequired`, `createdts`, `lastmodifiedts`, `synctimestamp`, `softdeleteflag`, `abstractName`) VALUES ('MA_UNITS', 'MORTGAGE_APPLICATION', 'MORTGAGE_LOAN_PROPERTY_INFO', 'MORTGAGE_NUMBER_OF_UNITS', '0', '2018-11-05 12:29:00', '2019-01-11 21:17:24', '2019-01-11 21:17:24', '0', 'NumberOfUnits');
REPLACE INTO `querysectionquestion` (`id`, `QueryDefinition_id`, `QuerySection_id`, `QuestionDefinition_id`, `IsRequired`, `createdts`, `lastmodifiedts`, `synctimestamp`, `softdeleteflag`, `abstractName`) VALUES ('MA_PROPERTYADDADDLINE1', 'MORTGAGE_APPLICATION', 'MORTGAGE_LOAN_PROPERTY_INFO', 'MORTGAGE_PROPERTY_ADD_ADDLINE1', '0', '2018-11-05 12:29:00', '2019-01-11 21:17:24', '2019-01-11 21:17:24', '0', 'PropertyAddressLine1');
REPLACE INTO `querysectionquestion` (`id`, `QueryDefinition_id`, `QuerySection_id`, `QuestionDefinition_id`, `IsRequired`, `createdts`, `lastmodifiedts`, `synctimestamp`, `softdeleteflag`, `abstractName`) VALUES ('MA_PROPERTYADDADDLINE2', 'MORTGAGE_APPLICATION', 'MORTGAGE_LOAN_PROPERTY_INFO', 'MORTGAGE_PROPERTY_ADD_ADDLINE2', '0', '2018-11-05 12:29:00', '2019-01-11 21:17:24', '2019-01-11 21:17:24', '0', 'PropertyAddressLine2');
REPLACE INTO `querysectionquestion` (`id`, `QueryDefinition_id`, `QuerySection_id`, `QuestionDefinition_id`, `IsRequired`, `createdts`, `lastmodifiedts`, `synctimestamp`, `softdeleteflag`, `abstractName`) VALUES ('MA_PROPERTYADDADDCITY', 'MORTGAGE_APPLICATION', 'MORTGAGE_LOAN_PROPERTY_INFO', 'MORTGAGE_PROPERTY_ADD_CITY', '0', '2018-11-05 12:29:00', '2019-01-11 21:17:24', '2019-01-11 21:17:24', '0', 'PropertyAddressCity');
REPLACE INTO `querysectionquestion` (`id`, `QueryDefinition_id`, `QuerySection_id`, `QuestionDefinition_id`, `IsRequired`, `createdts`, `lastmodifiedts`, `synctimestamp`, `softdeleteflag`, `abstractName`) VALUES ('MA_PROPERTYADDADDCOUNTRY', 'MORTGAGE_APPLICATION', 'MORTGAGE_LOAN_PROPERTY_INFO', 'MORTGAGE_PROPERTY_ADD_COUNTRY', '0', '2018-11-05 12:29:00', '2019-01-11 21:17:24', '2019-01-11 21:17:24', '0', 'PropertyAddressCountry');
REPLACE INTO `querysectionquestion` (`id`, `QueryDefinition_id`, `QuerySection_id`, `QuestionDefinition_id`, `IsRequired`, `createdts`, `lastmodifiedts`, `synctimestamp`, `softdeleteflag`, `abstractName`) VALUES ('MA_PROPERTYADDADDSTATE', 'MORTGAGE_APPLICATION', 'MORTGAGE_LOAN_PROPERTY_INFO', 'MORTGAGE_PROPERTY_ADD_STATE', '0', '2018-11-05 12:29:00', '2019-01-11 21:17:24', '2019-01-11 21:17:24', '0', 'PropertyAddressState');
REPLACE INTO `querysectionquestion` (`id`, `QueryDefinition_id`, `QuerySection_id`, `QuestionDefinition_id`, `IsRequired`, `createdts`, `lastmodifiedts`, `synctimestamp`, `softdeleteflag`, `abstractName`) VALUES ('MA_PROPERTYADDADDZIP', 'MORTGAGE_APPLICATION', 'MORTGAGE_LOAN_PROPERTY_INFO', 'MORTGAGE_PROPERTY_ADD_ZIP', '0', '2018-11-05 12:29:00', '2019-01-11 21:17:24', '2019-01-11 21:17:24', '0', 'PropertyAddressZip');
REPLACE INTO `querysection` (`id`, `Name`, `QueryDefinition_id`, `Parent_id`, `ApplicantAllowedTo`, `IndCoApplicantAllowedTo`, `JointCoApplicantAllowedTo`, `Sequence`) VALUES ('MORTGAGE_APPLICATION_CAFLAGS_GENERAL', 'CAFLAGS', 'MORTGAGE_APPLICATION', 'GENERAL', 'E', 'E', 'E', '0');
REPLACE INTO `querysection` (`id`, `Name`, `QueryDefinition_id`, `Parent_id`, `ApplicantAllowedTo`, `IndCoApplicantAllowedTo`, `JointCoApplicantAllowedTo`, `Sequence`) VALUES ('MORTGAGE_COAPPLICANT_AGENT', 'Co-applicant and Agent Info', 'MORTGAGE_APPLICATION', 'APPLICANT', 'E', 'E', 'E', '0');
REPLACE INTO `optiongroup` (`id`, `Name`) VALUES ('COAPPLICANT_APPLY_CREDIT_CHALLENGE', 'Choices for applying credit');
REPLACE INTO `optiongroup` (`id`, `Name`) VALUES ('COAPPLICANT_APPLY_MORTGAGE_CHALLENGE', 'Choices for Coborrower mortgage challenge');
REPLACE INTO `optionitem` (`id`, `OptionGroup_id`, `DefaultValue`, `Sequence`) VALUES ('COAPPLICANT_APPLY_CREDIT_CHALLENGE_SELECT_1', 'COAPPLICANT_APPLY_CREDIT_CHALLENGE', 'Joint financial information', '1');
REPLACE INTO `optionitem` (`id`, `OptionGroup_id`, `DefaultValue`, `Sequence`) VALUES ('COAPPLICANT_APPLY_CREDIT_CHALLENGE_SELECT_2', 'COAPPLICANT_APPLY_CREDIT_CHALLENGE', 'Separate financial information', '2');
REPLACE INTO `optionitem` (`id`, `OptionGroup_id`, `DefaultValue`, `Sequence`) VALUES ('COAPPLICANT_INVITE_MORTGAGE_CHALLENGE_SELECT_1', 'COAPPLICANT_APPLY_MORTGAGE_CHALLENGE', 'Individually', '1');
REPLACE INTO `optionitem` (`id`, `OptionGroup_id`, `DefaultValue`, `Sequence`) VALUES ('COAPPLICANT_INVITE_MORTGAGE_CHALLENGE_SELECT_2', 'COAPPLICANT_APPLY_MORTGAGE_CHALLENGE', 'Jointly With Co-Applicant', '2');
UPDATE `questiondefinition` SET `OptionGroup_id`='COAPPLICANT_APPLY_MORTGAGE_CHALLENGE' WHERE `id`='MORTGAGE_COBORROWER';
UPDATE `questiondefinition` SET `OptionGroup_id`='COAPPLICANT_APPLY_CREDIT_CHALLENGE' WHERE `id`='MORTGAGE_NEW_CREDIT';
REPLACE INTO `questiondefinition` (`id`, `QueryDefinition_id`, `DataType_id`, `OptionGroup_id`, `Name`) VALUES ('MORTGAGE_WOULDYOULIKETOPROVIDEAGENTDETAILS', 'MORTGAGE_APPLICATION', 'SINGLE_SELECT', 'CHALLENGE', 'Would you like to provide agent details if you are working with any?');
REPLACE INTO `questiondefinition` (`id`, `QueryDefinition_id`) VALUES ('MORTGAGE_AGENT_FIRST_NAME_INVITE', 'MORTGAGE_APPLICATION');
REPLACE INTO `questiondefinition` (`id`, `QueryDefinition_id`) VALUES ('MORTGAGE_AGENT_LAST_NAME_INVITE', 'MORTGAGE_APPLICATION');
REPLACE INTO `questiondefinition` (`id`, `QueryDefinition_id`) VALUES ('MORTGAGE_AGENT_MOBILENUMBER_INVITE', 'MORTGAGE_APPLICATION');
REPLACE INTO `questiondefinition` (`id`, `QueryDefinition_id`) VALUES ('MORTGAGE_AGENT_EMAIL_INVITE', 'MORTGAGE_APPLICATION');
REPLACE INTO `querysectionquestion` (`id`, `QueryDefinition_id`, `QuerySection_id`, `QuestionDefinition_id`, `abstractName`) VALUES ('MA_COBORROWER', 'MORTGAGE_APPLICATION', 'MORTGAGE_COAPPLICANT_AGENT', 'MORTGAGE_COBORROWER', 'LoanCoborrower');
UPDATE `querysectionquestion` SET `ParentQuestionOptionValue`='Jointly With Co-Applicant', `ParentQuerySectionQuestion_AbstractName`='LoanCoborrower' WHERE `id`='MA_NEW_CREDIT';
REPLACE INTO `querysectionquestion` (`id`, `QueryDefinition_id`, `QuerySection_id`, `QuestionDefinition_id`, `ParentQuestionOptionValue`, `abstractName`) VALUES ('MA_COBORROWER_INVITE_CHALLENGE', 'MORTGAGE_APPLICATION', 'MORTGAGE_APPLICATION_CAFLAGS_GENERAL', 'MORTGAGE_COAPPLICANT_INVITE_CHALLENGE', '', 'CoApplicantInviteChallenge');
REPLACE INTO `querysectionquestion` (`id`, `QueryDefinition_id`, `QuerySection_id`, `QuestionDefinition_id`, `ParentQuestionOptionValue`, `abstractName`, `ParentQuerySectionQuestion_AbstractName`) VALUES ('MA_COAPPLICANTEMAIL', 'MORTGAGE_APPLICATION', 'MORTGAGE_APPLICATION_CAFLAGS_GENERAL', 'MORTGAGE_COAPPLICANT_EMAIL_INVITE', 'Invite Co-Applicant', 'CoApplicantEmail', 'CoApplicantInviteChallenge');
REPLACE INTO `querysectionquestion` (`id`, `QueryDefinition_id`, `QuerySection_id`, `QuestionDefinition_id`, `ParentQuestionOptionValue`, `abstractName`, `ParentQuerySectionQuestion_AbstractName`) VALUES ('MA_COAPPLICANTFIRSTNAME', 'MORTGAGE_APPLICATION', 'MORTGAGE_APPLICATION_CAFLAGS_GENERAL', 'MORTGAGE_COAPPLICANT_FIRST_NAME_INVITE', 'Invite Co-Applicant', 'CoApplicantFirstName', 'CoApplicantInviteChallenge');
REPLACE INTO `querysectionquestion` (`id`, `QueryDefinition_id`, `QuerySection_id`, `QuestionDefinition_id`, `ParentQuestionOptionValue`, `abstractName`, `ParentQuerySectionQuestion_AbstractName`) VALUES ('MA_COAPPLICANTLASTNAME', 'MORTGAGE_APPLICATION', 'MORTGAGE_APPLICATION_CAFLAGS_GENERAL', 'MORTGAGE_COAPPLICANT_LAST_NAME_INVITE', 'Invite Co-Applicant', 'CoApplicantLastName', 'CoApplicantInviteChallenge');
REPLACE INTO `querysectionquestion` (`id`, `QueryDefinition_id`, `QuerySection_id`, `QuestionDefinition_id`, `ParentQuestionOptionValue`, `abstractName`, `ParentQuerySectionQuestion_AbstractName`) VALUES ('MA_COAPPLICANTMOBILENUMBER', 'MORTGAGE_APPLICATION', 'MORTGAGE_APPLICATION_CAFLAGS_GENERAL', 'MORTGAGE_COAPPLICANTMOBILENUMBER_INVITE', 'Invite Co-Applicant', 'CoApplicantMobileNumber', 'CoApplicantInviteChallenge');
REPLACE INTO `querysectionquestion` (`id`, `QueryDefinition_id`, `QuerySection_id`, `QuestionDefinition_id`, `abstractName`) VALUES ('MA_WOULD_YOU_LIKE_TO_PROVIDE_AGENT_DETAILS', 'MORTGAGE_APPLICATION', 'MORTGAGE_COAPPLICANT_AGENT', 'MORTGAGE_WOULDYOULIKETOPROVIDEAGENTDETAILS', 'AgentDetailsChallenge');
REPLACE INTO `querysectionquestion` (`id`, `QueryDefinition_id`, `QuerySection_id`, `QuestionDefinition_id`, `ParentQuestionOptionValue`, `abstractName`, `ParentQuerySectionQuestion_AbstractName`) VALUES ('MA_AGENT_FIRST_NAME', 'MORTGAGE_APPLICATION', 'MORTGAGE_COAPPLICANT_AGENT', 'MORTGAGE_AGENT_FIRST_NAME_INVITE', 'Yes', 'AgentFirstName', 'AgentDetailsChallenge');
REPLACE INTO `querysectionquestion` (`id`, `QueryDefinition_id`, `QuerySection_id`, `QuestionDefinition_id`, `ParentQuestionOptionValue`, `abstractName`, `ParentQuerySectionQuestion_AbstractName`) VALUES ('MA_AGENT_LAST_NAME', 'MORTGAGE_APPLICATION', 'MORTGAGE_COAPPLICANT_AGENT', 'MORTGAGE_AGENT_LAST_NAME_INVITE', 'Yes', 'AgentLastName', 'AgentDetailsChallenge');
REPLACE INTO `querysectionquestion` (`id`, `QueryDefinition_id`, `QuerySection_id`, `QuestionDefinition_id`, `ParentQuestionOptionValue`, `abstractName`, `ParentQuerySectionQuestion_AbstractName`) VALUES ('MA_AGENT_MOBILENUMBER', 'MORTGAGE_APPLICATION', 'MORTGAGE_COAPPLICANT_AGENT', 'MORTGAGE_AGENT_MOBILENUMBER_INVITE', 'Yes', 'AgentMobileNumber', 'AgentDetailsChallenge');
REPLACE INTO `querysectionquestion` (`id`, `QueryDefinition_id`, `QuerySection_id`, `QuestionDefinition_id`, `ParentQuestionOptionValue`, `abstractName`, `ParentQuerySectionQuestion_AbstractName`) VALUES ('MA_AGENT_EMAIL', 'MORTGAGE_APPLICATION', 'MORTGAGE_COAPPLICANT_AGENT', 'MORTGAGE_AGENT_EMAIL_INVITE', 'Yes', 'AgentEmail', 'AgentDetailsChallenge');
REPLACE INTO `questiondefinition` (`id`, `QueryDefinition_id`, `DataType_id`, `OptionGroup_id`) VALUES ('MORTGAGE_LIABILITIES_CHALLENGE', 'MORTGAGE_APPLICATION', 'SINGLE_SELECT', 'CHALLENGE');
REPLACE INTO `querysection` (`id`, `Name`, `QueryDefinition_id`, `Parent_id`, `ApplicantAllowedTo`, `IndCoApplicantAllowedTo`, `JointCoApplicantAllowedTo`, `abstractname`) VALUES ('MORTGAGE_LIABILITIES_EXPENSES_APPLICANT', 'LiabilitiesAndExpenses', 'MORTGAGE_APPLICATION', 'APPLICANT', 'E', 'E', 'E', 'LiabilitiesAndExpenses');
REPLACE INTO `querysectionquestion` (`id`, `QueryDefinition_id`, `QuerySection_id`, `QuestionDefinition_id`, `abstractName`) VALUES ('MA_LIABILITIES_CHALLENGE', 'MORTGAGE_APPLICATION', 'MORTGAGE_LIABILITIES_EXPENSES_APPLICANT', 'MORTGAGE_LIABILITIES_CHALLENGE', 'LiabilitiesChallenge');
REPLACE INTO `optiongroup` (`id`, `Name`) VALUES ('MORTGAGE_ACCOUNT_TYPE', 'Choices for account type');
REPLACE INTO `optionitem` (`id`, `OptionGroup_id`, `DefaultValue`, `Sequence`) VALUES ('MORTGAGE_ACCOUNT_TYPE_1', 'MORTGAGE_ACCOUNT_TYPE', 'Account Type 1', '1');
REPLACE INTO `optionitem` (`id`, `OptionGroup_id`, `DefaultValue`, `Sequence`, `createdts`, `lastmodifiedts`, `synctimestamp`, `softdeleteflag`) VALUES ('MORTGAGE_ACCOUNT_TYPE_2', 'MORTGAGE_ACCOUNT_TYPE', 'Account Type 2', '2', '2019-04-12 12:06:37', '2019-04-12 12:06:37', '2019-04-12 12:06:37', '0');
REPLACE INTO `optionitem` (`id`, `OptionGroup_id`, `DefaultValue`, `Sequence`) VALUES ('MORTGAGE_ACCOUNT_TYPE_3', 'MORTGAGE_ACCOUNT_TYPE', 'Account Type 3', '3');
REPLACE INTO `questiondefinition` (`id`, `QueryDefinition_id`, `DataType_id`, `OptionGroup_id`) VALUES ('MORTGAGE_ACCOUNT_TYPE', 'MORTGAGE_APPLICATION', 'SINGLE_SELECT', 'MORTGAGE_ACCOUNT_TYPE');
REPLACE INTO `querysectionquestion` (`id`, `QueryDefinition_id`, `QuerySection_id`, `QuestionDefinition_id`, `ParentQuestionOptionValue`, `abstractName`, `ParentQuerySectionQuestion_AbstractName`) VALUES ('MA_ACCOUNT_TYPE', 'MORTGAGE_APPLICATION', 'MORTGAGE_LIABILITIES_EXPENSES_APPLICANT', 'MORTGAGE_ACCOUNT_TYPE', 'Yes', 'AccountType', 'LiabilitiesChallenge');
REPLACE INTO `questiondefinition` (`id`, `QueryDefinition_id`, `DataType_id`) VALUES ('MORTGAGE_COMPANY_NAME', 'MORTGAGE_APPLICATION', 'TEXT_ENTRY');
REPLACE INTO `querysectionquestion` (`id`, `QueryDefinition_id`, `QuerySection_id`, `QuestionDefinition_id`, `ParentQuestionOptionValue`, `abstractName`, `ParentQuerySectionQuestion_AbstractName`) VALUES ('MA_COMPANY_NAME', 'MORTGAGE_APPLICATION', 'MORTGAGE_LIABILITIES_EXPENSES_APPLICANT', 'MORTGAGE_COMPANY_NAME', 'Yes', 'CompanyName', 'LiabilitiesChallenge');
REPLACE INTO `questiondefinition` (`id`, `QueryDefinition_id`, `DataType_id`) VALUES ('MORTGAGE_ACCOUNT_NUMBER', 'MORTGAGE_APPLICATION', 'TEXT_ENTRY');
REPLACE INTO `querysectionquestion` (`id`, `QueryDefinition_id`, `QuerySection_id`, `QuestionDefinition_id`, `ParentQuestionOptionValue`, `abstractName`, `ParentQuerySectionQuestion_AbstractName`) VALUES ('MA_ACCOUNT_NUMBER', 'MORTGAGE_APPLICATION', 'MORTGAGE_LIABILITIES_EXPENSES_APPLICANT', 'MORTGAGE_ACCOUNT_NUMBER', 'Yes', 'AccountNumber', 'LiabilitiesChallenge');
REPLACE INTO `questiondefinition` (`id`, `QueryDefinition_id`, `DataType_id`) VALUES ('MORTGAGE_UNPAID_BALANCE', 'MORTGAGE_APPLICATION', 'TEXT_ENTRY');
REPLACE INTO `querysectionquestion` (`id`, `QueryDefinition_id`, `QuerySection_id`, `QuestionDefinition_id`, `ParentQuestionOptionValue`, `abstractName`, `ParentQuerySectionQuestion_AbstractName`) VALUES ('MA_UNPAID_BALANCE', 'MORTGAGE_APPLICATION', 'MORTGAGE_LIABILITIES_EXPENSES_APPLICANT', 'MORTGAGE_UNPAID_BALANCE', 'Yes', 'UnpaidBalance', 'LiabilitiesChallenge');
REPLACE INTO `questiondefinition` (`id`, `QueryDefinition_id`, `DataType_id`) VALUES ('MORTGAGE_MONTHLY_PAYMENT', 'MORTGAGE_APPLICATION', 'TEXT_ENTRY');
REPLACE INTO `querysectionquestion` (`id`, `QueryDefinition_id`, `QuerySection_id`, `QuestionDefinition_id`, `ParentQuestionOptionValue`, `abstractName`, `ParentQuerySectionQuestion_AbstractName`) VALUES ('MA_MONTHLY_PAYMENT', 'MORTGAGE_APPLICATION', 'MORTGAGE_LIABILITIES_EXPENSES_APPLICANT', 'MORTGAGE_MONTHLY_PAYMENT', 'Yes','MonthlyPayment', 'LiabilitiesChallenge');
REPLACE INTO `questiondefinition` (`id`, `QueryDefinition_id`, `DataType_id`, `OptionGroup_id`) VALUES ('MORTGAGE_PAIDOFF_CHALLENGE', 'MORTGAGE_APPLICATION', 'SINGLE_SELECT', 'CHALLENGE');
REPLACE INTO `querysectionquestion` (`id`, `QueryDefinition_id`, `QuerySection_id`, `QuestionDefinition_id`, `ParentQuestionOptionValue`,  `abstractName`, `ParentQuerySectionQuestion_AbstractName`) VALUES ('MA_PAIDOFF_CHALLENGE', 'MORTGAGE_APPLICATION', 'MORTGAGE_LIABILITIES_EXPENSES_APPLICANT', 'MORTGAGE_PAIDOFF_CHALLENGE', 'Yes', 'PaidOffChallenge', 'LiabilitiesChallenge');
REPLACE INTO `questiondefinition` (`id`, `QueryDefinition_id`, `DataType_id`, `OptionGroup_id`) VALUES ('MORTGAGE_EXPENSES_CHALLENGE', 'MORTGAGE_APPLICATION', 'SINGLE_SELECT', 'CHALLENGE');
REPLACE INTO `querysectionquestion` (`id`, `QueryDefinition_id`, `QuerySection_id`, `QuestionDefinition_id`, `abstractName`) VALUES ('MA_EXPENSES_CHALLENGE', 'MORTGAGE_APPLICATION', 'MORTGAGE_LIABILITIES_EXPENSES_APPLICANT', 'MORTGAGE_EXPENSES_CHALLENGE', 'ExpensesChallenge');
REPLACE INTO `optiongroup` (`id`, `Name`) VALUES ('MORTGAGE_EXPENSES_TYPE', 'Choices for expense type');
REPLACE INTO `optionitem` (`id`, `OptionGroup_id`, `DefaultValue`, `Sequence`) VALUES ('MORTGAGE_EXPENSE_TYPE_1', 'MORTGAGE_EXPENSES_TYPE', 'Expense Type 1', '1');
REPLACE INTO `optionitem` (`id`, `OptionGroup_id`, `DefaultValue`, `Sequence`) VALUES ('MORTGAGE_EXPENSE_TYPE_2', 'MORTGAGE_EXPENSES_TYPE', 'Expense Type 2', '2');
REPLACE INTO `optionitem` (`id`, `OptionGroup_id`, `DefaultValue`, `Sequence`) VALUES ('MORTGAGE_EXPENSE_TYPE_3', 'MORTGAGE_EXPENSES_TYPE', 'Expense Type 3', '3');
REPLACE INTO `questiondefinition` (`id`, `QueryDefinition_id`, `DataType_id`, `OptionGroup_id`) VALUES ('MORTGAGE_EXPENSES_TYPE', 'MORTGAGE_APPLICATION', 'SINGLE_SELECT', 'MORTGAGE_EXPENSES_TYPE');
REPLACE INTO `querysectionquestion` (`id`, `QueryDefinition_id`, `QuerySection_id`, `QuestionDefinition_id`, `ParentQuestionOptionValue`, `abstractName`, `ParentQuerySectionQuestion_AbstractName`) VALUES ('MA_EXPENSE_TYPE', 'MORTGAGE_APPLICATION', 'MORTGAGE_LIABILITIES_EXPENSES_APPLICANT', 'MORTGAGE_EXPENSES_TYPE', 'Yes', 'ExpenseType', 'ExpensesChallenge');
REPLACE INTO `questiondefinition` (`id`, `QueryDefinition_id`, `DataType_id`) VALUES ('MORTGAGE_EXPENSES_MONTHLY_PAYMENT', 'MORTGAGE_APPLICATION', 'TEXT_ENTRY');
REPLACE INTO `querysectionquestion` (`id`, `QueryDefinition_id`, `QuerySection_id`, `QuestionDefinition_id`, `ParentQuestionOptionValue`, `abstractName`, `ParentQuerySectionQuestion_AbstractName`) VALUES ('MA_EXPENSES_MONTHLY_PAYMENT', 'MORTGAGE_APPLICATION', 'MORTGAGE_LIABILITIES_EXPENSES_APPLICANT', 'MORTGAGE_EXPENSES_MONTHLY_PAYMENT', 'Yes', 'ExpensesMonthlyPayment', 'ExpensesChallenge');
REPLACE INTO `querysection` (`id`, `Name`, `QueryDefinition_id`, `Parent_id`, `ApplicantAllowedTo`, `IndCoApplicantAllowedTo`, `JointCoApplicantAllowedTo`, `abstractname`) VALUES ('MORTGAGE_LIABILITIES_EXPENSES_COAPPLICANT', 'LiabilitiesAndExpenses', 'MORTGAGE_APPLICATION', 'COAPPLICANT', 'E', 'E', 'E', 'CoAppLiabilitiesAndExpenses');
REPLACE INTO `querysectionquestion` (`id`, `QueryDefinition_id`, `QuerySection_id`, `QuestionDefinition_id`, `abstractName`) VALUES ('MA_COAPP_LIABILITIES_CHALLENGE', 'MORTGAGE_APPLICATION', 'MORTGAGE_LIABILITIES_EXPENSES_COAPPLICANT', 'MORTGAGE_LIABILITIES_CHALLENGE', 'CoAppLiabilitiesChallenge');
REPLACE INTO `querysectionquestion` (`id`, `QueryDefinition_id`, `QuerySection_id`, `QuestionDefinition_id`, `ParentQuestionOptionValue`, `abstractName`, `ParentQuerySectionQuestion_AbstractName`) VALUES ('MA_COAPP_ACCOUNT_TYPE', 'MORTGAGE_APPLICATION', 'MORTGAGE_LIABILITIES_EXPENSES_COAPPLICANT', 'MORTGAGE_ACCOUNT_TYPE', 'Yes', 'CoAppAccountType', 'CoAppLiabilitiesChallenge');
REPLACE INTO `querysectionquestion` (`id`, `QueryDefinition_id`, `QuerySection_id`, `QuestionDefinition_id`, `ParentQuestionOptionValue`, `abstractName`, `ParentQuerySectionQuestion_AbstractName`) VALUES ('MA_COAPP_COMPANY_NAME', 'MORTGAGE_APPLICATION', 'MORTGAGE_LIABILITIES_EXPENSES_COAPPLICANT', 'MORTGAGE_COMPANY_NAME', 'Yes', 'CoAppCompanyName', 'CoAppLiabilitiesChallenge');
REPLACE INTO `querysectionquestion` (`id`, `QueryDefinition_id`, `QuerySection_id`, `QuestionDefinition_id`, `ParentQuestionOptionValue`, `abstractName`, `ParentQuerySectionQuestion_AbstractName`) VALUES ('MA_COAPP_ACCOUNT_NUMBER', 'MORTGAGE_APPLICATION', 'MORTGAGE_LIABILITIES_EXPENSES_COAPPLICANT', 'MORTGAGE_ACCOUNT_NUMBER', 'Yes', 'CoAppAccountNumber', 'CoAppLiabilitiesChallenge');
REPLACE INTO `querysectionquestion` (`id`, `QueryDefinition_id`, `QuerySection_id`, `QuestionDefinition_id`, `ParentQuestionOptionValue`, `abstractName`, `ParentQuerySectionQuestion_AbstractName`) VALUES ('MA_COAPP_UNPAID_BALANCE', 'MORTGAGE_APPLICATION', 'MORTGAGE_LIABILITIES_EXPENSES_COAPPLICANT', 'MORTGAGE_UNPAID_BALANCE', 'Yes', 'CoAppUnpaidBalance', 'CoAppLiabilitiesChallenge');
REPLACE INTO `querysectionquestion` (`id`, `QueryDefinition_id`, `QuerySection_id`, `QuestionDefinition_id`, `ParentQuestionOptionValue`, `abstractName`, `ParentQuerySectionQuestion_AbstractName`) VALUES ('MA_COAPP_MONTHLY_PAYMENT', 'MORTGAGE_APPLICATION', 'MORTGAGE_LIABILITIES_EXPENSES_COAPPLICANT', 'MORTGAGE_MONTHLY_PAYMENT', 'Yes','CoAppMonthlyPayment', 'CoAppLiabilitiesChallenge');
REPLACE INTO `querysectionquestion` (`id`, `QueryDefinition_id`, `QuerySection_id`, `QuestionDefinition_id`, `ParentQuestionOptionValue`,  `abstractName`, `ParentQuerySectionQuestion_AbstractName`) VALUES ('MA_COAPP_PAIDOFF_CHALLENGE', 'MORTGAGE_APPLICATION', 'MORTGAGE_LIABILITIES_EXPENSES_COAPPLICANT', 'MORTGAGE_PAIDOFF_CHALLENGE', 'Yes', 'CoAppPaidOffChallenge', 'CoAppLiabilitiesChallenge');
REPLACE INTO `querysectionquestion` (`id`, `QueryDefinition_id`, `QuerySection_id`, `QuestionDefinition_id`, `abstractName`) VALUES ('MA_COAPP_EXPENSES_CHALLENGE', 'MORTGAGE_APPLICATION', 'MORTGAGE_LIABILITIES_EXPENSES_COAPPLICANT', 'MORTGAGE_EXPENSES_CHALLENGE', 'CoAppExpensesChallenge');
REPLACE INTO `querysectionquestion` (`id`, `QueryDefinition_id`, `QuerySection_id`, `QuestionDefinition_id`, `ParentQuestionOptionValue`, `abstractName`, `ParentQuerySectionQuestion_AbstractName`) VALUES ('MA_COAPP_EXPENSE_TYPE', 'MORTGAGE_APPLICATION', 'MORTGAGE_LIABILITIES_EXPENSES_COAPPLICANT', 'MORTGAGE_EXPENSES_TYPE', 'Yes', 'CoAppExpenseType', 'CoAppExpensesChallenge');
REPLACE INTO `querysectionquestion` (`id`, `QueryDefinition_id`, `QuerySection_id`, `QuestionDefinition_id`, `ParentQuestionOptionValue`, `abstractName`, `ParentQuerySectionQuestion_AbstractName`) VALUES ('MA_COAPP_EXPENSES_MONTHLY_PAYMENT', 'MORTGAGE_APPLICATION', 'MORTGAGE_LIABILITIES_EXPENSES_COAPPLICANT', 'MORTGAGE_EXPENSES_MONTHLY_PAYMENT', 'Yes', 'CoAppExpensesMonthlyPayment', 'CoAppExpensesChallenge');
REPLACE INTO `optiongroup` VALUES ('REAL_ESTATE_PROPERTY_STATUS','Choices for Real Estate property status',NULL,NULL,NULL,'2019-04-04 11:12:57','2019-04-04 11:12:57',0);
REPLACE INTO `optionitem` VALUES ('REAL_ESTATE_PROPERTY_STATUS_SELECT_1','REAL_ESTATE_PROPERTY_STATUS',NULL,NULL,'Sold',1,NULL,NULL,'2019-04-04 15:23:20','2019-04-04 15:23:20','2019-04-04 15:23:20',0);
REPLACE INTO `optionitem` VALUES ('REAL_ESTATE_PROPERTY_STATUS_SELECT_2','REAL_ESTATE_PROPERTY_STATUS',NULL,NULL,'Pending Sale',2,NULL,NULL,'2018-04-04 15:23:20','2019-04-04 15:23:20','2019-04-04 15:23:20',0);
REPLACE INTO `optionitem` VALUES ('REAL_ESTATE_PROPERTY_STATUS_SELECT_3','REAL_ESTATE_PROPERTY_STATUS',NULL,NULL,'Retained or Rental',3,NULL,NULL,'2019-04-04 15:23:20','2019-04-04 15:23:20','2019-04-04 15:23:20',0);
REPLACE INTO `optiongroup` VALUES ('REAL_ESTATE_PROPERTY_USAGE','Choices for Real Estate property types',NULL,NULL,NULL,'2019-04-04 11:12:57','2019-04-04 11:12:57',0);
REPLACE INTO `optionitem` VALUES ('REAL_ESTATE_PROPERTY_USAGE_SELECT_1','REAL_ESTATE_PROPERTY_USAGE',NULL,NULL,'Primary',1,NULL,NULL,'2019-04-04 15:23:20','2019-04-04 15:23:20','2019-04-04 15:23:20',0);
REPLACE INTO `optionitem` VALUES ('REAL_ESTATE_PROPERTY_USAGE_SELECT_2','REAL_ESTATE_PROPERTY_USAGE',NULL,NULL,'Second Home',2,NULL,NULL,'2018-04-04 15:23:20','2019-04-04 15:23:20','2019-04-04 15:23:20',0);
REPLACE INTO `optionitem` VALUES ('REAL_ESTATE_PROPERTY_USAGE_SELECT_3','REAL_ESTATE_PROPERTY_USAGE',NULL,NULL,'Investment',3,NULL,NULL,'2019-04-04 15:23:20','2019-04-04 15:23:20','2019-04-04 15:23:20',0);
REPLACE INTO `optiongroup` VALUES ('REAL_ESTATE_PROPERTY_MORTGAGE_TYPE','Choices for types mortgage on a real estate property',NULL,NULL,NULL,'2019-04-04 11:12:57','2019-04-04 11:12:57',0);
REPLACE INTO `optionitem` VALUES ('REAL_ESTATE_PROPERTY_MORTGAGE_TYPE_SELECT_1','REAL_ESTATE_PROPERTY_MORTGAGE_TYPE',NULL,NULL,'FHA',1,NULL,NULL,'2019-04-04 15:23:20','2019-04-04 15:23:20','2019-04-04 15:23:20',0);
REPLACE INTO `optionitem` VALUES ('REAL_ESTATE_PROPERTY_MORTGAGE_TYPE_SELECT_2','REAL_ESTATE_PROPERTY_MORTGAGE_TYPE',NULL,NULL,'VA',2,NULL,NULL,'2018-04-04 15:23:20','2019-04-04 15:23:20','2019-04-04 15:23:20',0);
REPLACE INTO `optionitem` VALUES ('REAL_ESTATE_PROPERTY_MORTGAGE_TYPE_SELECT_3','REAL_ESTATE_PROPERTY_MORTGAGE_TYPE',NULL,NULL,'Conventional',3,NULL,NULL,'2019-04-04 15:23:20','2019-04-04 15:23:20','2019-04-04 15:23:20',0);
REPLACE INTO `optionitem` VALUES ('REAL_ESTATE_PROPERTY_MORTGAGE_TYPE_SELECT_4','REAL_ESTATE_PROPERTY_MORTGAGE_TYPE',NULL,NULL,'USDA-RD',4,NULL,NULL,'2019-04-04 15:23:20','2019-04-04 15:23:20','2019-04-04 15:23:20',0);
REPLACE INTO `optionitem` VALUES ('REAL_ESTATE_PROPERTY_MORTGAGE_TYPE_SELECT_5','REAL_ESTATE_PROPERTY_MORTGAGE_TYPE',NULL,NULL,'Other',5,NULL,NULL,'2019-04-04 15:23:20','2019-04-04 15:23:20','2019-04-04 15:23:20',0);
REPLACE INTO `optiongroup` VALUES ('GIFTED_ASSET_TYPE','Choices for types of gifts',NULL,NULL,NULL,'2019-04-04 11:12:57','2019-04-04 11:12:57',0);
REPLACE INTO `optionitem` VALUES ('GIFTED_ASSET_TYPE_SELECT_1','GIFTED_ASSET_TYPE',NULL,NULL,'Cash Gift',1,NULL,NULL,'2019-04-04 15:23:20','2019-04-04 15:23:20','2019-04-04 15:23:20',0);
REPLACE INTO `optionitem` VALUES ('GIFTED_ASSET_TYPE_SELECT_2','GIFTED_ASSET_TYPE',NULL,NULL,'Gift of Equity',2,NULL,NULL,'2018-04-04 15:23:20','2019-04-04 15:23:20','2019-04-04 15:23:20',0);
REPLACE INTO `optionitem` VALUES ('GIFTED_ASSET_TYPE_SELECT_3','GIFTED_ASSET_TYPE',NULL,NULL,'Grant',3,NULL,NULL,'2019-04-04 15:23:20','2019-04-04 15:23:20','2019-04-04 15:23:20',0);
REPLACE INTO `optiongroup` VALUES ('GIFTED_ASSET_SOURCE','Choices for Gift sources',NULL,NULL,NULL,'2019-04-04 11:12:57','2019-04-04 11:12:57',0);
REPLACE INTO `optionitem` VALUES ('GIFTED_ASSET_SOURCE_SELECT_1','GIFTED_ASSET_SOURCE',NULL,NULL,'Relative',1,NULL,NULL,'2019-04-04 15:23:20','2019-04-04 15:23:20','2019-04-04 15:23:20',0);
REPLACE INTO `optionitem` VALUES ('GIFTED_ASSET_SOURCE_SELECT_2','GIFTED_ASSET_SOURCE',NULL,NULL,'Unmarried Partner',2,NULL,NULL,'2018-04-04 15:23:20','2019-04-04 15:23:20','2019-04-04 15:23:20',0);
REPLACE INTO `optionitem` VALUES ('GIFTED_ASSET_SOURCE_SELECT_3','GIFTED_ASSET_SOURCE',NULL,NULL,'Employer',3,NULL,NULL,'2019-04-04 15:23:20','2019-04-04 15:23:20','2019-04-04 15:23:20',0);
REPLACE INTO `optionitem` VALUES ('GIFTED_ASSET_SOURCE_SELECT_4','GIFTED_ASSET_SOURCE',NULL,NULL,'Religious Nonprofit',4,NULL,NULL,'2019-04-04 15:23:20','2019-04-04 15:23:20','2019-04-04 15:23:20',0);
REPLACE INTO `optionitem` VALUES ('GIFTED_ASSET_SOURCE_SELECT_5','GIFTED_ASSET_SOURCE',NULL,NULL,'Community Nonprofit',5,NULL,NULL,'2019-04-04 15:23:20','2019-04-04 15:23:20','2019-04-04 15:23:20',0);
REPLACE INTO `optionitem` VALUES ('GIFTED_ASSET_SOURCE_SELECT_6','GIFTED_ASSET_SOURCE',NULL,NULL,'Federal Agency',6,NULL,NULL,'2019-04-04 15:23:20','2019-04-04 15:23:20','2019-04-04 15:23:20',0);
REPLACE INTO `optionitem` VALUES ('GIFTED_ASSET_SOURCE_SELECT_7','GIFTED_ASSET_SOURCE',NULL,NULL,'State Agency',7,NULL,NULL,'2019-04-04 15:23:20','2019-04-04 15:23:20','2019-04-04 15:23:20',0);
REPLACE INTO `optionitem` VALUES ('GIFTED_ASSET_SOURCE_SELECT_8','GIFTED_ASSET_SOURCE',NULL,NULL,'Local Agency',8,NULL,NULL,'2019-04-04 15:23:20','2019-04-04 15:23:20','2019-04-04 15:23:20',0);
REPLACE INTO `optionitem` VALUES ('GIFTED_ASSET_SOURCE_SELECT_9','GIFTED_ASSET_SOURCE',NULL,NULL,'Other',9,NULL,NULL,'2019-04-04 15:23:20','2019-04-04 15:23:20','2019-04-04 15:23:20',0);
REPLACE INTO `optiongroup` VALUES ('OTHER_ASSET_TYPE','Choices for other assets',NULL,NULL,NULL,'2019-04-04 11:12:57','2019-04-04 11:12:57',0);
REPLACE INTO `optionitem` VALUES ('OTHER_ASSET_TYPE_SELECT_1','OTHER_ASSET_TYPE',NULL,NULL,'Earnest Money',1,NULL,NULL,'2019-04-04 15:23:20','2019-04-04 15:23:20','2019-04-04 15:23:20',0);
REPLACE INTO `optionitem` VALUES ('OTHER_ASSET_TYPE_SELECT_2','OTHER_ASSET_TYPE',NULL,NULL,'Proceeds from Sale of Non-Real Estate Asset',2,NULL,NULL,'2018-04-04 15:23:20','2019-04-04 15:23:20','2019-04-04 15:23:20',0);
REPLACE INTO `optionitem` VALUES ('OTHER_ASSET_TYPE_SELECT_3','OTHER_ASSET_TYPE',NULL,NULL,'Proceeds from Real Estate Property to be sold on or before closing',3,NULL,NULL,'2019-04-04 15:23:20','2019-04-04 15:23:20','2019-04-04 15:23:20',0);
REPLACE INTO `optionitem` VALUES ('OTHER_ASSET_TYPE_SELECT_4','OTHER_ASSET_TYPE',NULL,NULL,'Sweat Equity',4,NULL,NULL,'2019-04-04 15:23:20','2019-04-04 15:23:20','2019-04-04 15:23:20',0);
REPLACE INTO `optionitem` VALUES ('OTHER_ASSET_TYPE_SELECT_5','OTHER_ASSET_TYPE',NULL,NULL,'Employer Assistance',5,NULL,NULL,'2019-04-04 15:23:20','2019-04-04 15:23:20','2019-04-04 15:23:20',0);
REPLACE INTO `optionitem` VALUES ('OTHER_ASSET_TYPE_SELECT_6','OTHER_ASSET_TYPE',NULL,NULL,'Rent Credit',6,NULL,NULL,'2019-04-04 15:23:20','2019-04-04 15:23:20','2019-04-04 15:23:20',0);
REPLACE INTO `optionitem` VALUES ('OTHER_ASSET_TYPE_SELECT_7','OTHER_ASSET_TYPE',NULL,NULL,'Secured Borrower Funds',7,NULL,NULL,'2019-04-04 15:23:20','2019-04-04 15:23:20','2019-04-04 15:23:20',0);
REPLACE INTO `optionitem` VALUES ('OTHER_ASSET_TYPE_SELECT_8','OTHER_ASSET_TYPE',NULL,NULL,'Trade Equity',8,NULL,NULL,'2019-04-04 15:23:20','2019-04-04 15:23:20','2019-04-04 15:23:20',0);
REPLACE INTO `optionitem` VALUES ('OTHER_ASSET_TYPE_SELECT_9','OTHER_ASSET_TYPE',NULL,NULL,'Unsecured Borrower Funds',9,NULL,NULL,'2019-04-04 15:23:20','2019-04-04 15:23:20','2019-04-04 15:23:20',0);
REPLACE INTO `optionitem` VALUES ('OTHER_ASSET_TYPE_SELECT_10','OTHER_ASSET_TYPE',NULL,NULL,'Other',10,NULL,NULL,'2019-04-04 15:23:20','2019-04-04 15:23:20','2019-04-04 15:23:20',0);
REPLACE INTO `questiondefinition` (`id`, `QueryDefinition_id`, `DataType_id`, `OptionGroup_id`, `Name`, `Label`, `OtherLabel`, `IsRequired`, `createdts`, `lastmodifiedts`, `synctimestamp`, `softdeleteflag`) VALUES ('REAL_ESTATE_PROPERTY_STATUS_Q', 'MORTGAGE_APPLICATION', 'SINGLE_SELECT', 'REAL_ESTATE_PROPERTY_STATUS', 'What is the status of property?', 'What is the status of property?', 'What is the status of property?', '1', '2019-04-04 05:19:56', '2018-12-28 05:19:56', '2018-12-28 05:19:56', '0');
REPLACE INTO `questiondefinition` (`id`, `QueryDefinition_id`, `DataType_id`, `OptionGroup_id`, `Name`, `Label`, `OtherLabel`, `IsRequired`, `createdts`, `lastmodifiedts`, `synctimestamp`, `softdeleteflag`) VALUES ('REAL_ESTATE_PROPERTY_MARKET_VALUE_Q', 'MORTGAGE_APPLICATION', 'SINGLE_SELECT',NULL, 'What is the market value of property?', 'What is the market value of property?', 'What is the market value of property?', '1', '2019-04-04 05:19:56', '2018-12-28 05:19:56', '2018-12-28 05:19:56', '0');
REPLACE INTO `questiondefinition` (`id`, `QueryDefinition_id`, `DataType_id`, `OptionGroup_id`, `Name`, `Label`, `OtherLabel`, `IsRequired`, `createdts`, `lastmodifiedts`, `synctimestamp`, `softdeleteflag`) VALUES ('REAL_ESTATE_PROPERTY_USAGE_Q', 'MORTGAGE_APPLICATION', 'SINGLE_SELECT','REAL_ESTATE_PROPERTY_USAGE', 'How is the property used?', 'How is the property used?', 'How is the property used?', '1', '2019-04-04 05:19:56', '2018-12-28 05:19:56', '2018-12-28 05:19:56', '0');
REPLACE INTO `questiondefinition` (`id`, `QueryDefinition_id`, `DataType_id`, `OptionGroup_id`, `Name`, `Label`, `OtherLabel`, `IsRequired`, `createdts`, `lastmodifiedts`, `synctimestamp`, `softdeleteflag`) VALUES ('PROPERTY_MONTHLY_RENTAL_INCOME_Q', 'MORTGAGE_APPLICATION', 'SINGLE_SELECT',NULL, 'If you are paying monthly insurance, taxes, association dues, etc. enter here.', 'If you are paying monthly insurance, taxes, association dues, etc. enter here.', 'If you are paying monthly insurance, taxes, association dues, etc. enter here.', '1', '2019-04-04 05:19:56', '2018-12-28 05:19:56', '2018-12-28 05:19:56', '0');
REPLACE INTO `questiondefinition` (`id`, `QueryDefinition_id`, `DataType_id`, `OptionGroup_id`, `Name`, `Label`, `OtherLabel`, `IsRequired`, `createdts`, `lastmodifiedts`, `synctimestamp`, `softdeleteflag`) VALUES ('MONTHLY_PROPERTY_PAYMENTS_Q', 'MORTGAGE_APPLICATION', 'SINGLE_SELECT',NULL, 'Monthly Rental Income?', 'Monthly Rental Income?', 'Monthly Rental Income?', '0', '2019-04-04 05:19:56', '2018-12-28 05:19:56', '2018-12-28 05:19:56', '0');
REPLACE INTO `questiondefinition` (`id`, `QueryDefinition_id`, `DataType_id`, `IsRequired`, `createdby`, `modifiedby`, `createdts`, `lastmodifiedts`, `synctimestamp`, `softdeleteflag`) VALUES ('MORTGAGE_ASSET_PROPERTY_ADD_ADDLINE1', 'MORTGAGE_APPLICATION', 'temp', '1', 'NULL', 'NULL', '2018-11-13 07:58:27', '2018-11-13 05:53:09', '2018-11-13 05:53:09', '0');
REPLACE INTO `questiondefinition` (`id`, `QueryDefinition_id`, `DataType_id`, `IsRequired`, `createdby`, `modifiedby`, `createdts`, `lastmodifiedts`, `synctimestamp`, `softdeleteflag`) VALUES ('MORTGAGE_ASSET_PROPERTY_ADD_ADDLINE2', 'MORTGAGE_APPLICATION', 'temp', '1', 'NULL', 'NULL', '2018-11-13 07:58:27', '2018-11-13 05:53:09', '2018-11-13 05:53:09', '0');
REPLACE INTO `questiondefinition` (`id`, `QueryDefinition_id`, `DataType_id`, `IsRequired`, `createdby`, `modifiedby`, `createdts`, `lastmodifiedts`, `synctimestamp`, `softdeleteflag`) VALUES ('MORTGAGE_ASSET_PROPERTY_ADD_CITY', 'MORTGAGE_APPLICATION', 'temp', '1', 'NULL', 'NULL', '2018-11-13 07:58:27', '2018-11-13 05:53:09', '2018-11-13 05:53:09', '0');
REPLACE INTO `questiondefinition` (`id`, `QueryDefinition_id`, `DataType_id`, `IsRequired`, `createdby`, `modifiedby`, `createdts`, `lastmodifiedts`, `synctimestamp`, `softdeleteflag`) VALUES ('MORTGAGE_ASSET_PROPERTY_ADD_COUNTRY', 'MORTGAGE_APPLICATION', 'temp', '1', 'NULL', 'NULL', '2018-11-13 07:58:27', '2018-11-13 05:53:09', '2018-11-13 05:53:09', '0');
REPLACE INTO `questiondefinition` (`id`, `QueryDefinition_id`, `DataType_id`, `IsRequired`, `createdby`, `modifiedby`, `createdts`, `lastmodifiedts`, `synctimestamp`, `softdeleteflag`) VALUES ('MORTGAGE_ASSET_PROPERTY_ADD_STATE', 'MORTGAGE_APPLICATION', 'temp', '1', 'NULL', 'NULL', '2018-11-13 07:58:27', '2018-11-13 05:53:09', '2018-11-13 05:53:09', '0');
REPLACE INTO `questiondefinition` (`id`, `QueryDefinition_id`, `DataType_id`, `IsRequired`, `createdby`, `modifiedby`, `createdts`, `lastmodifiedts`, `synctimestamp`, `softdeleteflag`) VALUES ('MORTGAGE_ASSET_PROPERTY_ADD_ZIP', 'MORTGAGE_APPLICATION', 'temp', '1', 'NULL', 'NULL', '2018-11-13 07:58:27', '2018-11-13 05:53:09', '2018-11-13 05:53:09', '0');
REPLACE INTO `questiondefinition` (`id`, `QueryDefinition_id`, `DataType_id`, `IsRequired`, `createdby`, `modifiedby`, `createdts`, `lastmodifiedts`, `synctimestamp`, `softdeleteflag`) VALUES ('MORTGAGE_ASSET_ONGOING_MORTGAGE', 'MORTGAGE_APPLICATION', 'temp', '1', 'NULL', 'NULL', '2018-11-13 07:58:27', '2018-11-13 05:53:09', '2018-11-13 05:53:09', '0');
REPLACE INTO `questiondefinition` (`id`, `QueryDefinition_id`, `DataType_id`, `IsRequired`, `createdby`, `modifiedby`, `createdts`, `lastmodifiedts`, `synctimestamp`, `softdeleteflag`) VALUES ('MORTGAGE_ASSET_CREDITOR_NAME', 'MORTGAGE_APPLICATION', 'temp', '1', 'NULL', 'NULL', '2018-11-13 07:58:27', '2018-11-13 05:53:09', '2018-11-13 05:53:09', '0');
REPLACE INTO `questiondefinition` (`id`, `QueryDefinition_id`, `DataType_id`, `IsRequired`, `createdby`, `modifiedby`, `createdts`, `lastmodifiedts`, `synctimestamp`, `softdeleteflag`) VALUES ('MORTGAGE_ASSET_CREDITOR_ACCOUNT_NUMBER', 'MORTGAGE_APPLICATION', 'temp', '1', 'NULL', 'NULL', '2018-11-13 07:58:27', '2018-11-13 05:53:09', '2018-11-13 05:53:09', '0');
REPLACE INTO `questiondefinition` (`id`, `QueryDefinition_id`, `DataType_id`, `IsRequired`, `createdby`, `modifiedby`, `createdts`, `lastmodifiedts`, `synctimestamp`, `softdeleteflag`) VALUES ('MORTGAGE_ASSET_CREDITOR_MONTHLY_PAYMENT', 'MORTGAGE_APPLICATION', 'temp', '1', 'NULL', 'NULL', '2018-11-13 07:58:27', '2018-11-13 05:53:09', '2018-11-13 05:53:09', '0');
REPLACE INTO `questiondefinition` (`id`, `QueryDefinition_id`, `DataType_id`, `IsRequired`, `createdby`, `modifiedby`, `createdts`, `lastmodifiedts`, `synctimestamp`, `softdeleteflag`) VALUES ('MORTGAGE_ASSET_CREDITOR_UNPAID_BALANCE', 'MORTGAGE_APPLICATION', 'temp', '1', 'NULL', 'NULL', '2018-11-13 07:58:27', '2018-11-13 05:53:09', '2018-11-13 05:53:09', '0');
REPLACE INTO `questiondefinition` (`id`, `QueryDefinition_id`, `DataType_id`, `IsRequired`, `createdby`, `modifiedby`, `createdts`, `lastmodifiedts`, `synctimestamp`, `softdeleteflag`) VALUES ('MORTGAGE_ASSET_CREDITOR_TO_BE_PAID', 'MORTGAGE_APPLICATION', 'temp', '1', 'NULL', 'NULL', '2018-11-13 07:58:27', '2018-11-13 05:53:09', '2018-11-13 05:53:09', '0');
REPLACE INTO `questiondefinition` (`id`, `QueryDefinition_id`, `DataType_id`, `OptionGroup_id`, `Name`, `Label`, `OtherLabel`, `IsRequired`, `createdts`, `lastmodifiedts`, `synctimestamp`, `softdeleteflag`) VALUES ('REAL_ESTATE_PROPERTY_MORTGAGE_TYPE_Q', 'MORTGAGE_APPLICATION', 'SINGLE_SELECT','REAL_ESTATE_PROPERTY_MORTGAGE_TYPE', 'Mortgage type?', 'Mortgage type?', 'Mortgage type?', '0', '2019-04-04 05:19:56', '2018-12-28 05:19:56', '2018-12-28 05:19:56', '0');
REPLACE INTO `questiondefinition` (`id`, `QueryDefinition_id`, `DataType_id`, `IsRequired`, `createdby`, `modifiedby`, `createdts`, `lastmodifiedts`, `synctimestamp`, `softdeleteflag`) VALUES ('PROPERTY_MORTGAGE_CREDIT_LIMIT_Q', 'MORTGAGE_APPLICATION', 'temp', '1', 'NULL', 'NULL', '2018-11-13 07:58:27', '2018-11-13 05:53:09', '2018-11-13 05:53:09', '0');
REPLACE INTO `questiondefinition` (`id`, `QueryDefinition_id`, `DataType_id`, `IsRequired`, `createdby`, `modifiedby`, `createdts`, `lastmodifiedts`, `synctimestamp`, `softdeleteflag`) VALUES ('DONT_HAVE_ANY_PROPERTY_Q', 'MORTGAGE_APPLICATION', 'temp', '1', 'NULL', 'NULL', '2018-11-13 07:58:27', '2018-11-13 05:53:09', '2018-11-13 05:53:09', '0');
REPLACE INTO `questiondefinition` (`id`, `QueryDefinition_id`, `DataType_id`, `OptionGroup_id`, `Name`, `Label`, `OtherLabel`, `IsRequired`, `createdts`, `lastmodifiedts`, `synctimestamp`, `softdeleteflag`) VALUES ('REAL_ESTATE_GIFT_TYPE_Q', 'MORTGAGE_APPLICATION', 'SINGLE_SELECT', 'GIFTED_ASSET_TYPE', 'What is the asset type?', 'What is the asset type?', 'What is the asset type?', '1', '2019-04-04 05:19:56', '2018-12-28 05:19:56', '2018-12-28 05:19:56', '0');
REPLACE INTO `questiondefinition` (`id`, `QueryDefinition_id`, `DataType_id`, `OptionGroup_id`, `Name`, `Label`, `OtherLabel`, `IsRequired`, `createdts`, `lastmodifiedts`, `synctimestamp`, `softdeleteflag`) VALUES ('REAL_ESTATE_GIFT_SOURCE_Q', 'MORTGAGE_APPLICATION', 'SINGLE_SELECT', 'GIFTED_ASSET_SOURCE', 'What is the asset source?', 'What is the asset type?', 'What is the asset type?', '1', '2019-04-04 05:19:56', '2018-12-28 05:19:56', '2018-12-28 05:19:56', '0');
REPLACE INTO `questiondefinition` (`id`, `QueryDefinition_id`, `DataType_id`, `IsRequired`, `createdby`, `modifiedby`, `createdts`, `lastmodifiedts`, `synctimestamp`, `softdeleteflag`) VALUES ('GIFTED_ASSET_VALUE_Q', 'MORTGAGE_APPLICATION', 'temp', '1', 'NULL', 'NULL', '2018-11-13 07:58:27', '2018-11-13 05:53:09', '2018-11-13 05:53:09', '0');
REPLACE INTO `questiondefinition` (`id`, `QueryDefinition_id`, `DataType_id`, `IsRequired`, `createdby`, `modifiedby`, `createdts`, `lastmodifiedts`, `synctimestamp`, `softdeleteflag`) VALUES ('GIFTED_ASSET_VALUE_STATUS_Q', 'MORTGAGE_APPLICATION', 'temp', '1', 'NULL', 'NULL', '2018-11-13 07:58:27', '2018-11-13 05:53:09', '2018-11-13 05:53:09', '0');
REPLACE INTO `questiondefinition` (`id`, `QueryDefinition_id`, `DataType_id`, `IsRequired`, `createdby`, `modifiedby`, `createdts`, `lastmodifiedts`, `synctimestamp`, `softdeleteflag`) VALUES ('NO_GIFTS_FLAG_Q', 'MORTGAGE_APPLICATION', 'temp', '1', 'NULL', 'NULL', '2018-11-13 07:58:27', '2018-11-13 05:53:09', '2018-11-13 05:53:09', '0');
REPLACE INTO `questiondefinition` (`id`, `QueryDefinition_id`, `DataType_id`, `OptionGroup_id`, `Name`, `Label`, `OtherLabel`, `IsRequired`, `createdts`, `lastmodifiedts`, `synctimestamp`, `softdeleteflag`) VALUES ('OTHER_ASSET_TYPE_Q', 'MORTGAGE_APPLICATION', 'SINGLE_SELECT', 'OTHER_ASSET_TYPE', 'What is the asset source?', 'What is the asset type?', 'What is the asset type?', '1', '2019-04-04 05:19:56', '2018-12-28 05:19:56', '2018-12-28 05:19:56', '0');
REPLACE INTO `questiondefinition` (`id`, `QueryDefinition_id`, `DataType_id`, `IsRequired`, `createdby`, `modifiedby`, `createdts`, `lastmodifiedts`, `synctimestamp`, `softdeleteflag`) VALUES ('OTHER_ASSET_VALUE_Q', 'MORTGAGE_APPLICATION', 'temp', '1', 'NULL', 'NULL', '2018-11-13 07:58:27', '2018-11-13 05:53:09', '2018-11-13 05:53:09', '0');
REPLACE INTO `questiondefinition` (`id`, `QueryDefinition_id`, `DataType_id`, `IsRequired`, `createdby`, `modifiedby`, `createdts`, `lastmodifiedts`, `synctimestamp`, `softdeleteflag`) VALUES ('NO_OTHER_ASSET_FLAG_Q', 'MORTGAGE_APPLICATION', 'temp', '1', 'NULL', 'NULL', '2018-11-13 07:58:27', '2018-11-13 05:53:09', '2018-11-13 05:53:09', '0');
REPLACE INTO `querysection` (`id`, `Name`, `QueryDefinition_id`, `Parent_id`, `ApplicantAllowedTo`, `IndCoApplicantAllowedTo`, `JointCoApplicantAllowedTo`, `Sequence`, `createdts`, `lastmodifiedts`, `synctimestamp`, `softdeleteflag`, `abstractname`) VALUES ('MORTGAGE_LOAN_REAL_ESTATE_ASSETS_SECTION', 'RealEstateAssets', 'MORTGAGE_APPLICATION', 'APPLICANT', 'E', 'E', 'E', '1', '2018-08-27 06:12:18', '2019-02-20 12:10:54', '2019-02-20 12:10:54', '0', 'RealEstateAssets');
REPLACE INTO `querysection` (`id`, `Name`, `QueryDefinition_id`, `Parent_id`, `ApplicantAllowedTo`, `IndCoApplicantAllowedTo`, `JointCoApplicantAllowedTo`, `Sequence`, `createdts`, `lastmodifiedts`, `synctimestamp`, `softdeleteflag`, `abstractname`) VALUES ('MORTGAGE_LOAN_GIFTS_SECTION', 'GiftsAndGrants', 'MORTGAGE_APPLICATION', 'APPLICANT', 'E', 'E', 'E', '1', '2018-08-27 06:12:18', '2019-02-20 12:10:54', '2019-02-20 12:10:54', '0', 'GiftsAndGrants');
REPLACE INTO `querysection` (`id`, `Name`, `QueryDefinition_id`, `Parent_id`, `ApplicantAllowedTo`, `IndCoApplicantAllowedTo`, `JointCoApplicantAllowedTo`, `Sequence`, `createdts`, `lastmodifiedts`, `synctimestamp`, `softdeleteflag`, `abstractname`) VALUES ('MORTGAGE_LOAN_OTHER_ASSETS_SECTION', 'OtherAssets', 'MORTGAGE_APPLICATION', 'APPLICANT', 'E', 'E', 'E', '1', '2018-08-27 06:12:18', '2019-02-20 12:10:54', '2019-02-20 12:10:54', '0', 'OtherAssets');
REPLACE INTO `querysectionquestion` (`id`, `QueryDefinition_id`, `QuerySection_id`, `QuestionDefinition_id`, `IsRequired`, `createdts`, `lastmodifiedts`, `synctimestamp`, `softdeleteflag`, `abstractName`) VALUES ('MA_REAL_ESTATE_ASSET_PROP_STAT', 'MORTGAGE_APPLICATION', 'MORTGAGE_LOAN_REAL_ESTATE_ASSETS_SECTION', 'REAL_ESTATE_PROPERTY_STATUS_Q', '1', '2018-11-05 12:29:00', '2019-01-11 21:17:24', '2019-01-11 21:17:24', '0', 'RealEstatePropertyStatus');
REPLACE INTO `querysectionquestion` (`id`, `QueryDefinition_id`, `QuerySection_id`, `QuestionDefinition_id`, `IsRequired`, `createdts`, `lastmodifiedts`, `synctimestamp`, `softdeleteflag`, `abstractName`) VALUES ('MA_REAL_ESTATE_ASSET_PROP_VAL', 'MORTGAGE_APPLICATION', 'MORTGAGE_LOAN_REAL_ESTATE_ASSETS_SECTION', 'REAL_ESTATE_PROPERTY_MARKET_VALUE_Q', '1', '2018-11-05 12:29:00', '2019-01-11 21:17:24', '2019-01-11 21:17:24', '0', 'RealEstatePropertyValue');
REPLACE INTO `querysectionquestion` (`id`, `QueryDefinition_id`, `QuerySection_id`, `QuestionDefinition_id`, `IsRequired`, `createdts`, `lastmodifiedts`, `synctimestamp`, `softdeleteflag`, `abstractName`) VALUES ('MA_REAL_ESTATE_ASSET_PROP_USAGE', 'MORTGAGE_APPLICATION', 'MORTGAGE_LOAN_REAL_ESTATE_ASSETS_SECTION', 'REAL_ESTATE_PROPERTY_USAGE_Q', '1', '2018-11-05 12:29:00', '2019-01-11 21:17:24', '2019-01-11 21:17:24', '0', 'RealEstatePropertyUsage');
REPLACE INTO `querysectionquestion` (`id`, `QueryDefinition_id`, `QuerySection_id`, `QuestionDefinition_id`, `IsRequired`, `createdts`, `lastmodifiedts`, `synctimestamp`, `softdeleteflag`, `abstractName`) VALUES ('MA_REAL_ESTATE_ASSET_PROP_MONTHLY_RENTAL', 'MORTGAGE_APPLICATION', 'MORTGAGE_LOAN_REAL_ESTATE_ASSETS_SECTION', 'PROPERTY_MONTHLY_RENTAL_INCOME_Q', '1', '2018-11-05 12:29:00', '2019-01-11 21:17:24', '2019-01-11 21:17:24', '0', 'RealEstatePropertyMonthlyRental');
REPLACE INTO `querysectionquestion` (`id`, `QueryDefinition_id`, `QuerySection_id`, `QuestionDefinition_id`, `IsRequired`, `createdts`, `lastmodifiedts`, `synctimestamp`, `softdeleteflag`, `abstractName`) VALUES ('MA_REAL_ESTATE_ASSET_PROP_MONTHLY_PROP_PAY', 'MORTGAGE_APPLICATION', 'MORTGAGE_LOAN_REAL_ESTATE_ASSETS_SECTION', 'MONTHLY_PROPERTY_PAYMENTS_Q', '1', '2018-11-05 12:29:00', '2019-01-11 21:17:24', '2019-01-11 21:17:24', '0', 'RealEstatePropertyMonthlyPropertyPayments');
REPLACE INTO `querysectionquestion` (`id`, `QueryDefinition_id`, `QuerySection_id`, `QuestionDefinition_id`, `IsRequired`, `createdts`, `lastmodifiedts`, `synctimestamp`, `softdeleteflag`, `abstractName`) VALUES ('MA_REAL_ESTATE_ASSET_PROP_ADD_LINE_1', 'MORTGAGE_APPLICATION', 'MORTGAGE_LOAN_REAL_ESTATE_ASSETS_SECTION', 'MORTGAGE_ASSET_PROPERTY_ADD_ADDLINE1', '1', '2018-11-05 12:29:00', '2019-01-11 21:17:24', '2019-01-11 21:17:24', '0', 'RealEstatePropertyAddressLineOne');

REPLACE INTO `querysectionquestion` (`id`, `QueryDefinition_id`, `QuerySection_id`, `QuestionDefinition_id`, `IsRequired`, `createdts`, `lastmodifiedts`, `synctimestamp`, `softdeleteflag`, `abstractName`) VALUES ('MA_REAL_ESTATE_ASSET_PROP_ADD_LINE_2', 'MORTGAGE_APPLICATION', 'MORTGAGE_LOAN_REAL_ESTATE_ASSETS_SECTION', 'MORTGAGE_ASSET_PROPERTY_ADD_ADDLINE2', '1', '2018-11-05 12:29:00', '2019-01-11 21:17:24', '2019-01-11 21:17:24', '0', 'RealEstatePropertyAddressLineTwo');

REPLACE INTO `querysectionquestion` (`id`, `QueryDefinition_id`, `QuerySection_id`, `QuestionDefinition_id`, `IsRequired`, `createdts`, `lastmodifiedts`, `synctimestamp`, `softdeleteflag`, `abstractName`) VALUES ('MA_REAL_ESTATE_ASSET_PROP_ADD_CITY', 'MORTGAGE_APPLICATION', 'MORTGAGE_LOAN_REAL_ESTATE_ASSETS_SECTION', 'MORTGAGE_ASSET_PROPERTY_ADD_CITY', '1', '2018-11-05 12:29:00', '2019-01-11 21:17:24', '2019-01-11 21:17:24', '0', 'RealEstatePropertyAddressCity');

REPLACE INTO `querysectionquestion` (`id`, `QueryDefinition_id`, `QuerySection_id`, `QuestionDefinition_id`, `IsRequired`, `createdts`, `lastmodifiedts`, `synctimestamp`, `softdeleteflag`, `abstractName`) VALUES ('MA_REAL_ESTATE_ASSET_PROP_ADD_COUNTRY', 'MORTGAGE_APPLICATION', 'MORTGAGE_LOAN_REAL_ESTATE_ASSETS_SECTION', 'MORTGAGE_ASSET_PROPERTY_ADD_COUNTRY', '1', '2018-11-05 12:29:00', '2019-01-11 21:17:24', '2019-01-11 21:17:24', '0', 'RealEstatePropertyAddressCountry');

REPLACE INTO `querysectionquestion` (`id`, `QueryDefinition_id`, `QuerySection_id`, `QuestionDefinition_id`, `IsRequired`, `createdts`, `lastmodifiedts`, `synctimestamp`, `softdeleteflag`, `abstractName`) VALUES ('MA_REAL_ESTATE_ASSET_PROP_ADD_STATE', 'MORTGAGE_APPLICATION', 'MORTGAGE_LOAN_REAL_ESTATE_ASSETS_SECTION', 'MORTGAGE_ASSET_PROPERTY_ADD_STATE', '1', '2018-11-05 12:29:00', '2019-01-11 21:17:24', '2019-01-11 21:17:24', '0', 'RealEstatePropertyAddressState');

REPLACE INTO `querysectionquestion` (`id`, `QueryDefinition_id`, `QuerySection_id`, `QuestionDefinition_id`, `IsRequired`, `createdts`, `lastmodifiedts`, `synctimestamp`, `softdeleteflag`, `abstractName`) VALUES ('MA_REAL_ESTATE_ASSET_PROP_ADD_ZIP', 'MORTGAGE_APPLICATION', 'MORTGAGE_LOAN_REAL_ESTATE_ASSETS_SECTION', 'MORTGAGE_ASSET_PROPERTY_ADD_ZIP', '1', '2018-11-05 12:29:00', '2019-01-11 21:17:24', '2019-01-11 21:17:24', '0', 'RealEstatePropertyAddressZip');

REPLACE INTO `querysectionquestion` (`id`, `QueryDefinition_id`, `QuerySection_id`, `QuestionDefinition_id`, `IsRequired`, `createdts`, `lastmodifiedts`, `synctimestamp`, `softdeleteflag`, `abstractName`) VALUES ('MA_REAL_ESTATE_ASSET_PROP_ONGOING_MORT', 'MORTGAGE_APPLICATION', 'MORTGAGE_LOAN_REAL_ESTATE_ASSETS_SECTION', 'MORTGAGE_ASSET_ONGOING_MORTGAGE', '1', '2018-11-05 12:29:00', '2019-01-11 21:17:24', '2019-01-11 21:17:24', '0', 'RealEstatePropertyOngoingMortgageFlag');

REPLACE INTO `querysectionquestion` (`id`, `QueryDefinition_id`, `QuerySection_id`, `QuestionDefinition_id`, `IsRequired`, `createdts`, `lastmodifiedts`, `synctimestamp`, `softdeleteflag`, `abstractName`) VALUES ('MA_REAL_ESTATE_ASSET_CREDITOR_NAME', 'MORTGAGE_APPLICATION', 'MORTGAGE_LOAN_REAL_ESTATE_ASSETS_SECTION', 'MORTGAGE_ASSET_CREDITOR_NAME', '1', '2018-11-05 12:29:00', '2019-01-11 21:17:24', '2019-01-11 21:17:24', '0', 'RealEstatePropertyCreditorName');

REPLACE INTO `querysectionquestion` (`id`, `QueryDefinition_id`, `QuerySection_id`, `QuestionDefinition_id`, `IsRequired`, `createdts`, `lastmodifiedts`, `synctimestamp`, `softdeleteflag`, `abstractName`) VALUES ('MA_REAL_ESTATE_ASSET_CREDITOR_ACC_NUM', 'MORTGAGE_APPLICATION', 'MORTGAGE_LOAN_REAL_ESTATE_ASSETS_SECTION', 'MORTGAGE_ASSET_CREDITOR_ACCOUNT_NUMBER', '1', '2018-11-05 12:29:00', '2019-01-11 21:17:24', '2019-01-11 21:17:24', '0', 'RealEstatePropertyCreditorAccNumber');

REPLACE INTO `querysectionquestion` (`id`, `QueryDefinition_id`, `QuerySection_id`, `QuestionDefinition_id`, `IsRequired`, `createdts`, `lastmodifiedts`, `synctimestamp`, `softdeleteflag`, `abstractName`) VALUES ('MA_REAL_ESTATE_ASSET_CREDITOR_MONTHLY_PAY', 'MORTGAGE_APPLICATION', 'MORTGAGE_LOAN_REAL_ESTATE_ASSETS_SECTION', 'MORTGAGE_ASSET_CREDITOR_MONTHLY_PAYMENT', '1', '2018-11-05 12:29:00', '2019-01-11 21:17:24', '2019-01-11 21:17:24', '0', 'RealEstatePropertyCreditorMonthlyPay');
REPLACE INTO `querysectionquestion` (`id`, `QueryDefinition_id`, `QuerySection_id`, `QuestionDefinition_id`, `IsRequired`, `createdts`, `lastmodifiedts`, `synctimestamp`, `softdeleteflag`, `abstractName`) VALUES ('MA_REAL_ESTATE_ASSET_CREDITOR_UNPAID_BAL', 'MORTGAGE_APPLICATION', 'MORTGAGE_LOAN_REAL_ESTATE_ASSETS_SECTION', 'MORTGAGE_ASSET_CREDITOR_UNPAID_BALANCE', '1', '2018-11-05 12:29:00', '2019-01-11 21:17:24', '2019-01-11 21:17:24', '0', 'RealEstatePropertyCreditorUnpaidBalance');
REPLACE INTO `querysectionquestion` (`id`, `QueryDefinition_id`, `QuerySection_id`, `QuestionDefinition_id`, `IsRequired`, `createdts`, `lastmodifiedts`, `synctimestamp`, `softdeleteflag`, `abstractName`) VALUES ('MA_REAL_ESTATE_ASSET_CREDITOR_TO_BE_PAID', 'MORTGAGE_APPLICATION', 'MORTGAGE_LOAN_REAL_ESTATE_ASSETS_SECTION', 'MORTGAGE_ASSET_CREDITOR_TO_BE_PAID', '1', '2018-11-05 12:29:00', '2019-01-11 21:17:24', '2019-01-11 21:17:24', '0', 'RealEstatePropertyCreditorToBePaid');
REPLACE INTO `querysectionquestion` (`id`, `QueryDefinition_id`, `QuerySection_id`, `QuestionDefinition_id`, `IsRequired`, `createdts`, `lastmodifiedts`, `synctimestamp`, `softdeleteflag`, `abstractName`) VALUES ('MA_REAL_ESTATE_PROPERTY_MORTGAGE_TYPE', 'MORTGAGE_APPLICATION', 'MORTGAGE_LOAN_REAL_ESTATE_ASSETS_SECTION', 'REAL_ESTATE_PROPERTY_MORTGAGE_TYPE_Q', '1', '2018-11-05 12:29:00', '2019-01-11 21:17:24', '2019-01-11 21:17:24', '0', 'RealEstatePropertyMortgageType');
REPLACE INTO `querysectionquestion` (`id`, `QueryDefinition_id`, `QuerySection_id`, `QuestionDefinition_id`, `IsRequired`, `createdts`, `lastmodifiedts`, `synctimestamp`, `softdeleteflag`, `abstractName`) VALUES ('MA_REAL_ESTATE_PROPERTY_MORTGAGE_CREDIT_LIMIT', 'MORTGAGE_APPLICATION', 'MORTGAGE_LOAN_REAL_ESTATE_ASSETS_SECTION', 'PROPERTY_MORTGAGE_CREDIT_LIMIT_Q', '1', '2018-11-05 12:29:00', '2019-01-11 21:17:24', '2019-01-11 21:17:24', '0', 'RealEstatePropertCreditLimit');
REPLACE INTO `querysectionquestion` (`id`, `QueryDefinition_id`, `QuerySection_id`, `QuestionDefinition_id`, `IsRequired`, `createdts`, `lastmodifiedts`, `synctimestamp`, `softdeleteflag`, `abstractName`) VALUES ('MA_REAL_ESTATE_PROPERTY_NO_PROPERTY', 'MORTGAGE_APPLICATION', 'MORTGAGE_LOAN_REAL_ESTATE_ASSETS_SECTION', 'DONT_HAVE_ANY_PROPERTY_Q', '1', '2018-11-05 12:29:00', '2019-01-11 21:17:24', '2019-01-11 21:17:24', '0', 'RealEstateNOProperty');
REPLACE INTO `querysectionquestion` (`id`, `QueryDefinition_id`, `QuerySection_id`, `QuestionDefinition_id`, `IsRequired`, `createdts`, `lastmodifiedts`, `synctimestamp`, `softdeleteflag`, `abstractName`) VALUES ('MA_REAL_ESTATE_ASSET_GIFT_TYPE', 'MORTGAGE_APPLICATION', 'MORTGAGE_LOAN_GIFTS_SECTION', 'REAL_ESTATE_GIFT_TYPE_Q', '1', '2018-11-05 12:29:00', '2019-01-11 21:17:24', '2019-01-11 21:17:24', '0', 'RealEstatePropertyStatus');
REPLACE INTO `querysectionquestion` (`id`, `QueryDefinition_id`, `QuerySection_id`, `QuestionDefinition_id`, `IsRequired`, `createdts`, `lastmodifiedts`, `synctimestamp`, `softdeleteflag`, `abstractName`) VALUES ('MA_REAL_ESTATE_ASSET_GIFT_SOURE', 'MORTGAGE_APPLICATION', 'MORTGAGE_LOAN_GIFTS_SECTION', 'REAL_ESTATE_GIFT_SOURCE_Q', '1', '2018-11-05 12:29:00', '2019-01-11 21:17:24', '2019-01-11 21:17:24', '0', 'RealEstatePropertyStatus');
REPLACE INTO `querysectionquestion` (`id`, `QueryDefinition_id`, `QuerySection_id`, `QuestionDefinition_id`, `IsRequired`, `createdts`, `lastmodifiedts`, `synctimestamp`, `softdeleteflag`, `abstractName`) VALUES ('MA_REAL_ESTATE_ASSET_GIFT_VALUE', 'MORTGAGE_APPLICATION', 'MORTGAGE_LOAN_GIFTS_SECTION', 'GIFTED_ASSET_VALUE_Q', '1', '2018-11-05 12:29:00', '2019-01-11 21:17:24', '2019-01-11 21:17:24', '0', 'RealEstatePropertyStatus');
REPLACE INTO `querysectionquestion` (`id`, `QueryDefinition_id`, `QuerySection_id`, `QuestionDefinition_id`, `IsRequired`, `createdts`, `lastmodifiedts`, `synctimestamp`, `softdeleteflag`, `abstractName`) VALUES ('MA_REAL_ESTATE_ASSET_GIFT_VALUE_STATUS', 'MORTGAGE_APPLICATION', 'MORTGAGE_LOAN_GIFTS_SECTION', 'GIFTED_ASSET_VALUE_STATUS_Q', '1', '2018-11-05 12:29:00', '2019-01-11 21:17:24', '2019-01-11 21:17:24', '0', 'RealEstatePropertyStatus');
REPLACE INTO `querysectionquestion` (`id`, `QueryDefinition_id`, `QuerySection_id`, `QuestionDefinition_id`, `IsRequired`, `createdts`, `lastmodifiedts`, `synctimestamp`, `softdeleteflag`, `abstractName`) VALUES ('MA_REAL_ESTATE_ASSET_NO_GIFT', 'MORTGAGE_APPLICATION', 'MORTGAGE_LOAN_GIFTS_SECTION', 'NO_GIFTS_FLAG_Q', '1', '2018-11-05 12:29:00', '2019-01-11 21:17:24', '2019-01-11 21:17:24', '0', 'RealEstatePropertyStatus');
REPLACE INTO `querysectionquestion` (`id`, `QueryDefinition_id`, `QuerySection_id`, `QuestionDefinition_id`, `IsRequired`, `createdts`, `lastmodifiedts`, `synctimestamp`, `softdeleteflag`, `abstractName`) VALUES ('MA_OTHER_ASSET_TYPE', 'MORTGAGE_APPLICATION', 'MORTGAGE_LOAN_OTHER_ASSETS_SECTION', 'OTHER_ASSET_TYPE_Q', '1', '2018-11-05 12:29:00', '2019-01-11 21:17:24', '2019-01-11 21:17:24', '0', 'RealEstatePropertyStatus');
REPLACE INTO `querysectionquestion` (`id`, `QueryDefinition_id`, `QuerySection_id`, `QuestionDefinition_id`, `IsRequired`, `createdts`, `lastmodifiedts`, `synctimestamp`, `softdeleteflag`, `abstractName`) VALUES ('MA_OTHER_ASSET_VALUE', 'MORTGAGE_APPLICATION', 'MORTGAGE_LOAN_OTHER_ASSETS_SECTION', 'OTHER_ASSET_VALUE_Q', '1', '2018-11-05 12:29:00', '2019-01-11 21:17:24', '2019-01-11 21:17:24', '0', 'RealEstatePropertyStatus');
REPLACE INTO `querysectionquestion` (`id`, `QueryDefinition_id`, `QuerySection_id`, `QuestionDefinition_id`, `IsRequired`, `createdts`, `lastmodifiedts`, `synctimestamp`, `softdeleteflag`, `abstractName`) VALUES ('MA_NO_OTHER_ASSETS', 'MORTGAGE_APPLICATION', 'MORTGAGE_LOAN_OTHER_ASSETS_SECTION', 'NO_OTHER_ASSET_FLAG_Q', '1', '2018-11-05 12:29:00', '2019-01-11 21:17:24', '2019-01-11 21:17:24', '0', 'RealEstatePropertyStatus');
REPLACE INTO `querysection` (`id`, `Name`, `QueryDefinition_id`, `Parent_id`, `ApplicantAllowedTo`, `IndCoApplicantAllowedTo`, `JointCoApplicantAllowedTo`, `createdts`, `lastmodifiedts`, `synctimestamp`, `softdeleteflag`, `abstractname`) VALUES ('MORTGAGE_DEMOGRAPHICS_APPLICANT', 'Demographics', 'MORTGAGE_APPLICATION', 'APPLICANT', 'E', 'E', 'E', '2019-04-12 11:58:23', '2019-04-12 11:58:23', '2019-04-12 11:58:23', '0', 'Demographics');
REPLACE INTO `querysection` (`id`, `Name`, `QueryDefinition_id`, `Parent_id`, `ApplicantAllowedTo`, `IndCoApplicantAllowedTo`, `JointCoApplicantAllowedTo`, `createdts`, `lastmodifiedts`, `synctimestamp`, `softdeleteflag`, `abstractname`) VALUES ('MORTGAGE_DEMOGRAPHICS_COAPPLICANT', 'Demographics', 'MORTGAGE_APPLICATION', 'COAPPLICANT', 'E', 'E', 'E', '2019-04-12 11:58:23', '2019-04-12 11:58:23', '2019-04-12 11:58:23', '0', 'CoAppDemographics');
REPLACE INTO `optiongroup` (`id`, `Name`, `createdts`, `lastmodifiedts`, `synctimestamp`, `softdeleteflag`) VALUES ('GENDER_CHALLENGE', 'Choices for Gender challenge', '2018-09-12 12:19:55', '2018-09-12 12:19:55', '2018-09-12 12:19:55', '0');
REPLACE INTO `optionitem` (`id`, `OptionGroup_id`, `DefaultValue`, `Sequence`, `createdts`, `lastmodifiedts`, `synctimestamp`, `softdeleteflag`) VALUES ('GENDER_1', 'GENDER_CHALLENGE', 'Male', '1', '2018-10-29 10:54:04', '2018-10-29 10:54:04', '2018-10-29 10:54:05', '0');
REPLACE INTO `optionitem` (`id`, `OptionGroup_id`, `DefaultValue`, `Sequence`, `createdts`, `lastmodifiedts`, `synctimestamp`, `softdeleteflag`) VALUES ('GENDER_2', 'GENDER_CHALLENGE', 'Female', '2', '2018-10-29 10:54:04', '2018-10-29 10:54:04', '2018-10-29 10:54:05', '0');
REPLACE INTO `questiondefinition` (`id`, `QueryDefinition_id`, `IsRequired`, `createdts`, `lastmodifiedts`, `synctimestamp`, `softdeleteflag`) VALUES ('MORTGAGE_DONT_WISH', 'MORTGAGE_APPLICATION', '1', '2018-11-01 07:31:11', '2018-11-01 07:31:26', '2018-11-01 07:31:26', '0');
REPLACE INTO `questiondefinition` (`id`, `QueryDefinition_id`, `DataType_id`, `OptionGroup_id`, `Name`, `Label`, `OtherLabel`, `IsRequired`, `createdts`, `lastmodifiedts`, `synctimestamp`, `softdeleteflag`) VALUES ('MORTGAGE_ETHINICITY_CHALLENGE', 'MORTGAGE_APPLICATION', 'SINGLE_SELECT', 'CHALLENGE', 'Ethinicity', 'Are you Hispanic or Latino?', 'Are you Hispanic or Latino?', '1', '2018-12-28 05:19:56', '2018-12-28 05:19:56', '2018-12-28 05:19:56', '0');
REPLACE INTO `questiondefinition` (`id`, `QueryDefinition_id`, `DataType_id`, `Name`, `Label`, `OtherLabel`, `IsRequired`, `createdts`, `lastmodifiedts`, `synctimestamp`, `softdeleteflag`) VALUES ('MORTGAGE_ETHINICITY', 'MORTGAGE_APPLICATION', 'MULTI_SELECT', 'Ethinicity', 'Ethinicity', 'Ethinicity', '1', '2018-12-28 05:19:56', '2018-12-28 05:19:56', '2018-12-28 05:19:56', '0');
REPLACE INTO `questiondefinition` (`id`, `QueryDefinition_id`, `DataType_id`, `OptionGroup_id`, `Name`, `Label`, `OtherLabel`, `IsRequired`, `createdts`, `lastmodifiedts`, `synctimestamp`, `softdeleteflag`) VALUES ('MORTGAGE_GENDER_CHALLENGE', 'MORTGAGE_APPLICATION', 'SINGLE_SELECT', 'GENDER_CHALLENGE', 'Gender', 'Gender', 'Gender', '1', '2018-12-28 05:19:56', '2018-12-28 05:19:56', '2018-12-28 05:19:56', '0');
REPLACE INTO `questiondefinition` (`id`, `QueryDefinition_id`, `DataType_id`, `Name`, `Label`, `OtherLabel`, `IsRequired`, `createdts`, `lastmodifiedts`, `synctimestamp`, `softdeleteflag`) VALUES ('MORTGAGE_RACE', 'MORTGAGE_APPLICATION', 'MULTI_SELECT', 'Race', 'Race', 'Race', '1', '2018-12-28 05:19:56', '2018-12-28 05:19:56', '2018-12-28 05:19:56', '0');
REPLACE INTO `querysectionquestion` (`id`, `QueryDefinition_id`, `QuerySection_id`, `QuestionDefinition_id`, `ParentQuerySectionQuestion_id`, `ParentQuestionOptionValue`, `Sequence`, `IsRequired`, `createdts`, `lastmodifiedts`, `synctimestamp`, `softdeleteflag`, `abstractName`, `ParentQuerySectionQuestion_AbstractName`) VALUES ('MA_ETHINICITY', 'MORTGAGE_APPLICATION', 'MORTGAGE_DEMOGRAPHICS_APPLICANT', 'MORTGAGE_ETHINICITY', 'MA_ETHINICITY_CHALLENGE', 'Yes', '1', '1', '2018-12-28 05:20:55', '2019-01-11 21:17:24', '2019-01-11 21:17:24', '0', 'EthinicityOptions', 'Ethinicity');
REPLACE INTO `querysectionquestion` (`id`, `QueryDefinition_id`, `QuerySection_id`, `QuestionDefinition_id`, `ParentQuerySectionQuestion_id`, `ParentQuestionOptionValue`, `Sequence`, `IsRequired`, `createdts`, `lastmodifiedts`, `synctimestamp`, `softdeleteflag`, `abstractName`, `ParentQuerySectionQuestion_AbstractName`) VALUES ('MA_ETHINICITY_CHALLENGE', 'MORTGAGE_APPLICATION', 'MORTGAGE_DEMOGRAPHICS_APPLICANT', 'MORTGAGE_ETHINICITY_CHALLENGE', 'MA_ETHINICITY_DONT_WISH', 'No', '0', '1', '2018-12-28 05:20:55', '2019-01-11 21:17:24', '2019-01-11 21:17:24', '0', 'Ethinicity', 'EthinicityDontWish');
REPLACE INTO `querysectionquestion` (`id`, `QueryDefinition_id`, `QuerySection_id`, `QuestionDefinition_id`, `Sequence`, `IsRequired`, `createdts`, `lastmodifiedts`, `synctimestamp`, `softdeleteflag`, `abstractName`) VALUES ('MA_ETHINICITY_DONT_WISH', 'MORTGAGE_APPLICATION', 'MORTGAGE_DEMOGRAPHICS_APPLICANT', 'MORTGAGE_DONT_WISH', '0', '1', '2018-10-22 23:30:00', '2018-11-26 16:27:12', '2018-11-26 16:27:12', '0', 'EthinicityDontWish');
REPLACE INTO `querysectionquestion` (`id`, `QueryDefinition_id`, `QuerySection_id`, `QuestionDefinition_id`, `ParentQuerySectionQuestion_id`, `ParentQuestionOptionValue`, `Sequence`, `IsRequired`, `createdts`, `lastmodifiedts`, `synctimestamp`, `softdeleteflag`, `abstractName`, `ParentQuerySectionQuestion_AbstractName`) VALUES ('MA_GENDER_CHALLENGE', 'MORTGAGE_APPLICATION', 'MORTGAGE_DEMOGRAPHICS_APPLICANT', 'MORTGAGE_GENDER_CHALLENGE', 'MA_GENDER_DONT_WISH', 'No', '0', '1', '2018-12-28 05:20:55', '2019-01-11 21:17:24', '2019-01-11 21:17:24', '0', 'Gender', 'GenderDontWish');
REPLACE INTO `querysectionquestion` (`id`, `QueryDefinition_id`, `QuerySection_id`, `QuestionDefinition_id`, `Sequence`, `IsRequired`, `createdts`, `lastmodifiedts`, `synctimestamp`, `softdeleteflag`, `abstractName`) VALUES ('MA_GENDER_DONT_WISH', 'MORTGAGE_APPLICATION', 'MORTGAGE_DEMOGRAPHICS_APPLICANT', 'MORTGAGE_DONT_WISH', '0', '1', '2018-10-22 23:30:00', '2018-11-26 16:27:12', '2018-11-26 16:27:12', '0', 'GenderDontWish');
REPLACE INTO `querysectionquestion` (`id`, `QueryDefinition_id`, `QuerySection_id`, `QuestionDefinition_id`, `ParentQuerySectionQuestion_id`, `ParentQuestionOptionValue`, `Sequence`, `IsRequired`, `createdts`, `lastmodifiedts`, `synctimestamp`, `softdeleteflag`, `abstractName`, `ParentQuerySectionQuestion_AbstractName`) VALUES ('MA_RACE', 'MORTGAGE_APPLICATION', 'MORTGAGE_DEMOGRAPHICS_APPLICANT', 'MORTGAGE_RACE', 'MA_RACE_DONT_WISH', 'No', '0', '1', '2018-12-28 05:20:55', '2019-01-11 21:17:24', '2019-01-11 21:17:24', '0', 'RaceOptions', 'RaceDontWish');
REPLACE INTO `querysectionquestion` (`id`, `QueryDefinition_id`, `QuerySection_id`, `QuestionDefinition_id`, `Sequence`, `IsRequired`, `createdts`, `lastmodifiedts`, `synctimestamp`, `softdeleteflag`, `abstractName`) VALUES ('MA_RACE_DONT_WISH', 'MORTGAGE_APPLICATION', 'MORTGAGE_DEMOGRAPHICS_APPLICANT', 'MORTGAGE_DONT_WISH', '0', '1', '2018-10-22 23:30:00', '2018-11-26 16:27:12', '2018-11-26 16:27:12', '0', 'RaceDontWish');
REPLACE INTO `querysectionquestion` (`id`, `QueryDefinition_id`, `QuerySection_id`, `QuestionDefinition_id`, `ParentQuerySectionQuestion_id`, `ParentQuestionOptionValue`, `Sequence`, `IsRequired`, `createdts`, `lastmodifiedts`, `synctimestamp`, `softdeleteflag`, `abstractName`, `ParentQuerySectionQuestion_AbstractName`) VALUES ('MA_COAPP_ETHINICITY', 'MORTGAGE_APPLICATION', 'MORTGAGE_DEMOGRAPHICS_COAPPLICANT', 'MORTGAGE_ETHINICITY', 'MA_COAPP_ETHINICITY_CHALLENGE', 'Yes', '1', '1', '2018-12-28 05:20:55', '2019-01-11 21:17:24', '2019-01-11 21:17:24', '0', 'CoAppEthinicityOptions', 'CoAppEthinicity');
REPLACE INTO `querysectionquestion` (`id`, `QueryDefinition_id`, `QuerySection_id`, `QuestionDefinition_id`, `ParentQuerySectionQuestion_id`, `ParentQuestionOptionValue`, `Sequence`, `IsRequired`, `createdts`, `lastmodifiedts`, `synctimestamp`, `softdeleteflag`, `abstractName`, `ParentQuerySectionQuestion_AbstractName`) VALUES ('MA_COAPP_ETHINICITY_CHALLENGE', 'MORTGAGE_APPLICATION', 'MORTGAGE_DEMOGRAPHICS_COAPPLICANT', 'MORTGAGE_ETHINICITY_CHALLENGE', 'MA_COAPP_ETHINICITY_DONT_WISH', 'No', '0', '1', '2018-12-28 05:20:55', '2019-01-11 21:17:24', '2019-01-11 21:17:24', '0', 'CoAppEthinicity', 'CoAppEthinicityDontWish');
REPLACE INTO `querysectionquestion` (`id`, `QueryDefinition_id`, `QuerySection_id`, `QuestionDefinition_id`, `Sequence`, `IsRequired`, `createdts`, `lastmodifiedts`, `synctimestamp`, `softdeleteflag`, `abstractName`) VALUES ('MA_COAPP_ETHINICITY_DONT_WISH', 'MORTGAGE_APPLICATION', 'MORTGAGE_DEMOGRAPHICS_COAPPLICANT', 'MORTGAGE_DONT_WISH', '0', '1', '2018-10-22 23:30:00', '2018-11-26 16:27:12', '2018-11-26 16:27:12', '0', 'CoAppEthinicityDontWish');
REPLACE INTO `querysectionquestion` (`id`, `QueryDefinition_id`, `QuerySection_id`, `QuestionDefinition_id`, `ParentQuerySectionQuestion_id`, `Sequence`, `IsRequired`, `createdts`, `lastmodifiedts`, `synctimestamp`, `softdeleteflag`, `abstractName`, `ParentQuerySectionQuestion_AbstractName`) VALUES ('MA_COAPP_GENDER_CHALLENGE', 'MORTGAGE_APPLICATION', 'MORTGAGE_DEMOGRAPHICS_COAPPLICANT', 'MORTGAGE_GENDER_CHALLENGE', 'MA_COAPP_GENDER_DONT_WISH', '0', '1', '2018-12-28 05:20:55', '2019-01-11 21:17:24', '2019-01-11 21:17:24', '0', 'CoAppGender', 'CoAppGenderDontWish');
REPLACE INTO `querysectionquestion` (`id`, `QueryDefinition_id`, `QuerySection_id`, `QuestionDefinition_id`, `Sequence`, `IsRequired`, `createdts`, `lastmodifiedts`, `synctimestamp`, `softdeleteflag`, `abstractName`) VALUES ('MA_COAPP_GENDER_DONT_WISH', 'MORTGAGE_APPLICATION', 'MORTGAGE_DEMOGRAPHICS_COAPPLICANT', 'MORTGAGE_DONT_WISH', '0', '1', '2018-10-22 23:30:00', '2018-11-26 16:27:12', '2018-11-26 16:27:12', '0', 'CoAppGenderDontWish');
REPLACE INTO `querysectionquestion` (`id`, `QueryDefinition_id`, `QuerySection_id`, `QuestionDefinition_id`, `ParentQuerySectionQuestion_id`, `Sequence`, `IsRequired`, `createdts`, `lastmodifiedts`, `synctimestamp`, `softdeleteflag`, `abstractName`, `ParentQuerySectionQuestion_AbstractName`) VALUES ('MA_COAPP_RACE', 'MORTGAGE_APPLICATION', 'MORTGAGE_DEMOGRAPHICS_COAPPLICANT', 'MORTGAGE_RACE', 'MA_COAPP_RACE_DONT_WISH', '0', '1', '2018-12-28 05:20:55', '2019-01-11 21:17:24', '2019-01-11 21:17:24', '0', 'CoAppRaceOptions', 'CoAppRaceDontWish');
REPLACE INTO `querysectionquestion` (`id`, `QueryDefinition_id`, `QuerySection_id`, `QuestionDefinition_id`, `Sequence`, `IsRequired`, `createdts`, `lastmodifiedts`, `synctimestamp`, `softdeleteflag`, `abstractName`) VALUES ('MA_COAPP_RACE_DONT_WISH', 'MORTGAGE_APPLICATION', 'MORTGAGE_DEMOGRAPHICS_COAPPLICANT', 'MORTGAGE_DONT_WISH', '0', '1', '2018-10-22 23:30:00', '2018-11-26 16:27:12', '2018-11-26 16:27:12', '0', 'CoAppRaceDontWish');
UPDATE `querysectionquestion` SET `ParentQuerySectionQuestion_AbstractName`=NULL, `ParentQuestionOptionValue`=NULL WHERE `id`='MA_NEW_CREDIT';
UPDATE `querysectionquestion` SET `ParentQuerySectionQuestion_AbstractName`='RelationWithSellerChallenge', `ParentQuestionOptionValue`='Yes' WHERE `id`='MA_TITLE_OF_PROPERTY';
UPDATE `querysectionquestion` SET `ParentQuerySectionQuestion_AbstractName`='RelationWithSellerChallenge', `ParentQuestionOptionValue`='Yes' WHERE `id`='MA_TYPE_OF_PROPERTY';
UPDATE `querysectionquestion` SET `ParentQuerySectionQuestion_AbstractName`='AnyOtherMortgageLoanChallenge', `ParentQuestionOptionValue`='Yes' WHERE `id`='MA_OTHER_MORTGAGE_LOAN_AMOUNT';
UPDATE `querysectionquestion` SET `ParentQuerySectionQuestion_AbstractName`='DeclaredBankruptcyInPastChallenge', `ParentQuestionOptionValue`='Yes' WHERE `id`='MA_BANKRUPTCY_TYPE';
REPLACE INTO `querysection` (`id`, `Name`, `QueryDefinition_id`, `Parent_id`, `ApplicantAllowedTo`, `IndCoApplicantAllowedTo`, `JointCoApplicantAllowedTo`, `Sequence`, `createdts`, `lastmodifiedts`, `synctimestamp`, `softdeleteflag`, `abstractname`) VALUES ('MORTGAGE_CONSENT_GENERAL_COAPPLICANT', 'Consent & Submit', 'MORTGAGE_APPLICATION', 'COAPPLICANT', 'E', 'E', 'E', '6', '2018-09-11 04:48:18', '2018-12-31 10:13:34', '2018-12-31 10:13:34', '0', 'CoAppConsent');
REPLACE INTO `questiondefinition` (`id`, `QueryDefinition_id`, `OptionGroup_id`, `IsRequired`, `createdts`, `lastmodifiedts`, `synctimestamp`, `softdeleteflag`) VALUES ('MORTGAGE_CONSENT_AGREEMENT', 'MORTGAGE_APPLICATION', 'CHALLENGE', '0', '2018-12-26 09:54:30', '2018-12-26 09:54:30', '2018-12-26 09:54:30', '0');
REPLACE INTO `questiondefinition` (`id`, `QueryDefinition_id`, `OptionGroup_id`, `IsRequired`, `createdts`, `lastmodifiedts`, `synctimestamp`, `softdeleteflag`) VALUES ('MORTGAGE_COAPP_CONSENT_AGREEMENT', 'MORTGAGE_APPLICATION', 'CHALLENGE', '0', '2018-12-26 09:54:30', '2018-12-26 09:54:30', '2018-12-26 09:54:30', '0');
REPLACE INTO `querysectionquestion` (`id`, `QueryDefinition_id`, `QuerySection_id`, `QuestionDefinition_id`, `ParentQuestionOptionValue`, `IsRequired`, `createdts`, `lastmodifiedts`, `synctimestamp`, `softdeleteflag`, `abstractName`, `ParentQuerySectionQuestion_AbstractName`) VALUES ('MA_APPLICANT_CONSENT_AGREEMENT', 'MORTGAGE_APPLICATION', 'MORTGAGE_CONSENT_GENERAL', 'MORTGAGE_CONSENT_AGREEMENT', '', '0', '2019-04-15 09:20:04', '2019-04-15 09:20:04', '2019-04-15 09:20:04', '0', 'MortgageConsentAgreement', '');
REPLACE INTO `querysectionquestion` (`id`, `QueryDefinition_id`, `QuerySection_id`, `QuestionDefinition_id`, `ParentQuestionOptionValue`, `IsRequired`, `createdts`, `lastmodifiedts`, `synctimestamp`, `softdeleteflag`, `abstractName`, `ParentQuerySectionQuestion_AbstractName`) VALUES ('MA_COAPPLICANT_CONSENT_AGREEMENT', 'MORTGAGE_APPLICATION', 'MORTGAGE_CONSENT_GENERAL_COAPPLICANT', 'MORTGAGE_COAPP_CONSENT_AGREEMENT', '', '0', '2019-04-15 09:20:04', '2019-04-15 09:20:04', '2019-04-15 09:20:04', '0', 'MortgageCoAppConsentAgreement', '');
UPDATE `querysection` SET `abstractname`='CoApplicantAgent' WHERE `id`='MORTGAGE_COAPPLICANT_AGENT';
UPDATE `querysection` SET `abstractname`='CAFlags' WHERE `id`='MORTGAGE_APPLICATION_CAFLAGS_GENERAL';

UPDATE `questiondefinition` SET `OptionGroup_id`='CHALLENGE' WHERE `id`='MORTGAGE_NEW_CREDIT';

REPLACE INTO `querysectionquestion` (`id`, `QueryDefinition_id`, `QuerySection_id`, `QuestionDefinition_id`, `abstractName`) VALUES ('MA_EVERSERVED_USAF', 'MORTGAGE_APPLICATION', 'MORTGAGE_INFO_APPLICANT', 'MORTGAGE_EVERSERVED_USAF', 'EverServedUSAF');
REPLACE INTO `questiondefinition` (`id`, `QueryDefinition_id`) VALUES ('MORTGAGE_EVERSERVED_USAF', 'MORTGAGE_APPLICATION');
UPDATE `questiondefinition` SET `OptionGroup_id`='MARITAL_STATUS_SELECT' WHERE `id`='MORTGAGE_MARITALSTATUS';
REPLACE INTO `querysectionquestion` (`id`, `QueryDefinition_id`, `QuerySection_id`, `QuestionDefinition_id`, `IsRequired`, `createdts`, `lastmodifiedts`, `synctimestamp`, `softdeleteflag`, `abstractName`) VALUES ('MA_CURRONSERVICE_DOS', 'MORTGAGE_APPLICATION', 'MORTGAGE_INFO_APPLICANT', 'MORTGAGE_CURRONSERVICE_DOS', '0', '2019-04-05 13:56:38', '2019-04-05 13:56:38', '2019-04-05 13:56:38', '0', 'CurrOnServiceDOS');
REPLACE INTO `optiongroup` (`id`, `Name`) VALUES ('CITIZENSHIP_TYPE_SELECT', 'Choices for Citizenship');
UPDATE `questiondefinition` SET `OptionGroup_id`='CITIZENSHIP_TYPE_SELECT' WHERE `id`='MORTGAGE_CITIZENSHIPSTATUS';
REPLACE INTO `optionitem` (`id`, `OptionGroup_id`, `DefaultValue`, `Sequence`) VALUES ('CITIZENSHIP_TYPE_SELECT_1', 'CITIZENSHIP_TYPE_SELECT', 'US Citizen', '1');
REPLACE INTO `optiongroup` (`id`, `Name`) VALUES ('DEPENDENTS_TYPE_SELECT', 'Choices for Dependents');
REPLACE INTO `optionitem` (`id`, `OptionGroup_id`, `DefaultValue`, `Sequence`) VALUES ('DPENDENTS_SELECT_1', 'DEPENDENTS_TYPE_SELECT', 'None', '1');
REPLACE INTO `optionitem` (`id`, `OptionGroup_id`, `DefaultValue`, `Sequence`) VALUES ('DPENDENTS_SELECT_2', 'DEPENDENTS_TYPE_SELECT', '1', '2');
REPLACE INTO `optionitem` (`id`, `OptionGroup_id`, `DefaultValue`, `Sequence`) VALUES ('DPENDENTS_SELECT_3', 'DEPENDENTS_TYPE_SELECT', '2', '3');
REPLACE INTO `optionitem` (`id`, `OptionGroup_id`, `DefaultValue`, `Sequence`) VALUES ('DPENDENTS_SELECT_4', 'DEPENDENTS_TYPE_SELECT', '3', '4');
REPLACE INTO `optionitem` (`id`, `OptionGroup_id`, `DefaultValue`, `Sequence`) VALUES ('DPENDENTS_SELECT_5', 'DEPENDENTS_TYPE_SELECT', '4', '5');
REPLACE INTO `optionitem` (`id`, `OptionGroup_id`, `DefaultValue`, `Sequence`) VALUES ('DPENDENTS_SELECT_6', 'DEPENDENTS_TYPE_SELECT', '5', '6');
REPLACE INTO `optionitem` (`id`, `OptionGroup_id`, `DefaultValue`, `Sequence`) VALUES ('DPENDENTS_SELECT_7', 'DEPENDENTS_TYPE_SELECT', '6', '7');
REPLACE INTO `optionitem` (`id`, `OptionGroup_id`, `DefaultValue`, `Sequence`) VALUES ('DPENDENTS_SELECT_8', 'DEPENDENTS_TYPE_SELECT', '7', '8');
REPLACE INTO `optionitem` (`id`, `OptionGroup_id`, `DefaultValue`, `Sequence`) VALUES ('DPENDENTS_SELECT_9', 'DEPENDENTS_TYPE_SELECT', '8', '9');
REPLACE INTO `optionitem` (`id`, `OptionGroup_id`, `DefaultValue`, `Sequence`) VALUES ('DPENDENTS_SELECT_10', 'DEPENDENTS_TYPE_SELECT', '9', '10');
UPDATE `questiondefinition` SET `OptionGroup_id`='DEPENDENTS_TYPE_SELECT' WHERE `id`='MORTGAGE_DEPENDENTS';
REPLACE INTO `querysectionquestion` (`id`, `QueryDefinition_id`, `QuerySection_id`, `QuestionDefinition_id`, `IsRequired`, `abstractName`, `ParentQuerySectionQuestion_AbstractName`) VALUES ('MA_ADD_DEPENDENT_1', 'MORTGAGE_APPLICATION', 'MORTGAGE_INFO_APPLICANT', 'MORTGAGE_ADD_DEPENDENT_1', '1', 'AddDependent1', 'NoOfDependents');
REPLACE INTO `querysectionquestion` (`id`, `QueryDefinition_id`, `QuerySection_id`, `QuestionDefinition_id`, `IsRequired`, `abstractName`, `ParentQuerySectionQuestion_AbstractName`) VALUES ('MA_ADD_DEPENDENT_2', 'MORTGAGE_APPLICATION', 'MORTGAGE_INFO_APPLICANT', 'MORTGAGE_ADD_DEPENDENT_2', '1', 'AddDependent2', 'NoOfDependents');
REPLACE INTO `querysectionquestion` (`id`, `QueryDefinition_id`, `QuerySection_id`, `QuestionDefinition_id`, `IsRequired`, `abstractName`, `ParentQuerySectionQuestion_AbstractName`) VALUES ('MA_ADD_DEPENDENT_3', 'MORTGAGE_APPLICATION', 'MORTGAGE_INFO_APPLICANT', 'MORTGAGE_ADD_DEPENDENT_3', '1', 'AddDependent3', 'NoOfDependents');
REPLACE INTO `querysectionquestion` (`id`, `QueryDefinition_id`, `QuerySection_id`, `QuestionDefinition_id`, `IsRequired`, `abstractName`, `ParentQuerySectionQuestion_AbstractName`) VALUES ('MA_ADD_DEPENDENT_4', 'MORTGAGE_APPLICATION', 'MORTGAGE_INFO_APPLICANT', 'MORTGAGE_ADD_DEPENDENT_4', '1', 'AddDependent4', 'NoOfDependents');
REPLACE INTO `querysectionquestion` (`id`, `QueryDefinition_id`, `QuerySection_id`, `QuestionDefinition_id`, `IsRequired`, `abstractName`, `ParentQuerySectionQuestion_AbstractName`) VALUES ('MA_ADD_DEPENDENT_5', 'MORTGAGE_APPLICATION', 'MORTGAGE_INFO_APPLICANT', 'MORTGAGE_ADD_DEPENDENT_5', '1', 'AddDependent5', 'NoOfDependents');
REPLACE INTO `querysectionquestion` (`id`, `QueryDefinition_id`, `QuerySection_id`, `QuestionDefinition_id`, `IsRequired`, `abstractName`, `ParentQuerySectionQuestion_AbstractName`) VALUES ('MA_ADD_DEPENDENT_6', 'MORTGAGE_APPLICATION', 'MORTGAGE_INFO_APPLICANT', 'MORTGAGE_ADD_DEPENDENT_6', '1', 'AddDependent6', 'NoOfDependents');
REPLACE INTO `querysectionquestion` (`id`, `QueryDefinition_id`, `QuerySection_id`, `QuestionDefinition_id`, `IsRequired`, `abstractName`, `ParentQuerySectionQuestion_AbstractName`) VALUES ('MA_ADD_DEPENDENT_7', 'MORTGAGE_APPLICATION', 'MORTGAGE_INFO_APPLICANT', 'MORTGAGE_ADD_DEPENDENT_7', '1', 'AddDependent7', 'NoOfDependents');
REPLACE INTO `querysectionquestion` (`id`, `QueryDefinition_id`, `QuerySection_id`, `QuestionDefinition_id`, `IsRequired`, `abstractName`, `ParentQuerySectionQuestion_AbstractName`) VALUES ('MA_ADD_DEPENDENT_8', 'MORTGAGE_APPLICATION', 'MORTGAGE_INFO_APPLICANT', 'MORTGAGE_ADD_DEPENDENT_8', '1', 'AddDependent8', 'NoOfDependents');
REPLACE INTO `querysectionquestion` (`id`, `QueryDefinition_id`, `QuerySection_id`, `QuestionDefinition_id`, `IsRequired`, `abstractName`, `ParentQuerySectionQuestion_AbstractName`) VALUES ('MA_ADD_DEPENDENT_9', 'MORTGAGE_APPLICATION', 'MORTGAGE_INFO_APPLICANT', 'MORTGAGE_ADD_DEPENDENT_9', '1', 'AddDependent9', 'NoOfDependents');
REPLACE INTO `questiondefinition` (`id`, `QueryDefinition_id`, `DataType_id`, `OptionGroup_id`, `IsRequired`) VALUES ('MORTGAGE_ADD_DEPENDENT_1', 'MORTGAGE_APPLICATION', 'TEXT_ENTRY', 'DEPENDENTS_TYPE_SELECT', '0');
REPLACE INTO `questiondefinition` (`id`, `QueryDefinition_id`, `DataType_id`, `OptionGroup_id`, `IsRequired`) VALUES ('MORTGAGE_ADD_DEPENDENT_2', 'MORTGAGE_APPLICATION', 'TEXT_ENTRY', 'DEPENDENTS_TYPE_SELECT', '0');
REPLACE INTO `questiondefinition` (`id`, `QueryDefinition_id`, `DataType_id`, `OptionGroup_id`, `IsRequired`) VALUES ('MORTGAGE_ADD_DEPENDENT_3', 'MORTGAGE_APPLICATION', 'TEXT_ENTRY', 'DEPENDENTS_TYPE_SELECT', '0');
REPLACE INTO `questiondefinition` (`id`, `QueryDefinition_id`, `DataType_id`, `OptionGroup_id`, `IsRequired`) VALUES ('MORTGAGE_ADD_DEPENDENT_4', 'MORTGAGE_APPLICATION', 'TEXT_ENTRY', 'DEPENDENTS_TYPE_SELECT', '0');
REPLACE INTO `questiondefinition` (`id`, `QueryDefinition_id`, `DataType_id`, `OptionGroup_id`, `IsRequired`) VALUES 
('MORTGAGE_ADD_DEPENDENT_5', 'MORTGAGE_APPLICATION', 'TEXT_ENTRY', 'DEPENDENTS_TYPE_SELECT', '0');
REPLACE INTO `questiondefinition` (`id`, `QueryDefinition_id`, `DataType_id`, `OptionGroup_id`, `IsRequired`) VALUES ('MORTGAGE_ADD_DEPENDENT_6', 'MORTGAGE_APPLICATION', 'TEXT_ENTRY', 'DEPENDENTS_TYPE_SELECT', '0');
REPLACE INTO `questiondefinition` (`id`, `QueryDefinition_id`, `DataType_id`, `OptionGroup_id`, `IsRequired`) VALUES ('MORTGAGE_ADD_DEPENDENT_7', 'MORTGAGE_APPLICATION', 'TEXT_ENTRY', 'DEPENDENTS_TYPE_SELECT', '0');
REPLACE INTO `questiondefinition` (`id`, `QueryDefinition_id`, `DataType_id`, `OptionGroup_id`, `IsRequired`) VALUES ('MORTGAGE_ADD_DEPENDENT_8', 'MORTGAGE_APPLICATION', 'TEXT_ENTRY', 'DEPENDENTS_TYPE_SELECT', '0');
REPLACE INTO `questiondefinition` (`id`, `QueryDefinition_id`, `DataType_id`, `OptionGroup_id`, `IsRequired`) VALUES ('MORTGAGE_ADD_DEPENDENT_9', 'MORTGAGE_APPLICATION', 'TEXT_ENTRY', 'DEPENDENTS_TYPE_SELECT', '0');
REPLACE INTO `optiongroup` (`id`, `Name`) VALUES ('PRIMARY_CONTACTTYPE_SELECT', 'Choices for PrimaryContact');
REPLACE INTO `optionitem` (`id`, `OptionGroup_id`, `DefaultValue`, `Sequence`) VALUES ('PRIMARY_CONTACT_TYPE_SELECT_1', 'PRIMARY_CONTACTTYPE_SELECT', 'Email', '1');
REPLACE INTO `optionitem` (`id`, `OptionGroup_id`, `DefaultValue`, `Sequence`) VALUES ('PRIMARY_CONTACT_TYPE_SELECT_2', 'PRIMARY_CONTACTTYPE_SELECT', 'MobileNumber', '2');
REPLACE INTO `optionitem` (`id`, `OptionGroup_id`, `DefaultValue`, `Sequence`) VALUES ('PRIMARY_CONTACT_TYPE_SELECT_3', 'PRIMARY_CONTACTTYPE_SELECT', 'OfficeNumber', '3');
REPLACE INTO `optionitem` (`id`, `OptionGroup_id`, `DefaultValue`, `Sequence`) VALUES ('PRIMARY_CONTACT_TYPE_SELECT_4', 'PRIMARY_CONTACTTYPE_SELECT', 'HomeNumber', '4');
UPDATE `questiondefinition` SET `OptionGroup_id`='PRIMARY_CONTACTTYPE_SELECT' WHERE `id`='MORTGAGE_PRIMARY_CONTACT';
UPDATE `questiondefinition` SET `OptionGroup_id`=NULL WHERE `id`='MORTGAGE_ADD_DEPENDENT_1';
UPDATE `questiondefinition` SET `OptionGroup_id`=NULL WHERE `id`='MORTGAGE_ADD_DEPENDENT_2';
UPDATE `questiondefinition` SET `OptionGroup_id`=NULL WHERE `id`='MORTGAGE_ADD_DEPENDENT_3';
UPDATE `questiondefinition` SET `OptionGroup_id`=NULL WHERE `id`='MORTGAGE_ADD_DEPENDENT_4';
UPDATE `questiondefinition` SET `OptionGroup_id`=NULL WHERE `id`='MORTGAGE_ADD_DEPENDENT_5';
UPDATE `questiondefinition` SET `OptionGroup_id`=NULL WHERE `id`='MORTGAGE_ADD_DEPENDENT_6';
UPDATE `questiondefinition` SET `OptionGroup_id`=NULL WHERE `id`='MORTGAGE_ADD_DEPENDENT_7';
UPDATE `questiondefinition` SET `OptionGroup_id`=NULL WHERE `id`='MORTGAGE_ADD_DEPENDENT_8';
UPDATE `questiondefinition` SET `OptionGroup_id`=NULL WHERE `id`='MORTGAGE_ADD_DEPENDENT_9';

UPDATE `optionitem` SET `Label` = 'Note: Select Purchase if you are applying for a mortgage loan to buy the property.' WHERE (`id` = 'MORTGAGE_PURPOSE_SELECT_1');
UPDATE `optionitem` SET `Label` = 'Note: Refinance if you already own the property, even when there are no mortgages currently on the property (for example, if you own the property free and clear and intend to take out equity/cash' WHERE (`id` = 'MORTGAGE_PURPOSE_SELECT_2');
UPDATE `optionitem` SET `Label` = 'Note: Select Construction for a temporary construction loan that is not intended to serve as permanent financing.' WHERE (`id` = 'MORTGAGE_PURPOSE_SELECT_3');
UPDATE `optionitem` SET `Label` = 'Note: Select Other for a different loan type you have discussed with your loan officer, which will not be used for a purchase or refinance transaction.' WHERE (`id` = 'MORTGAGE_PURPOSE_SELECT_4');

REPLACE INTO `questiondefinition` (`id`, `QueryDefinition_id`, `DataType_id`, `Name`, `Label`, `OtherLabel`, `IsRequired`, `createdts`, `lastmodifiedts`, `synctimestamp`, `softdeleteflag`) VALUES ('MORTGAGE_DOWN_PAYMENT', 'MORTGAGE_APPLICATION', 'SINGLE_SELECT', 'DownPayment?', 'DownPayment', 'DownPayment', '0', '2019-04-04 05:19:56', '2018-12-28 05:19:56', '2018-12-28 05:19:56', '0');

REPLACE INTO `querysectionquestion` (`id`, `QueryDefinition_id`, `QuerySection_id`, `QuestionDefinition_id`, `IsRequired`, `createdts`, `lastmodifiedts`, `synctimestamp`, `softdeleteflag`, `abstractName`) VALUES ('MA_PURCHASEPRICE', 'MORTGAGE_APPLICATION', 'MORTGAGE_LOAN_PROPERTY_INFO', 'MORTGAGE_PURCHASE_PRICE', '0', '2018-11-05 12:29:00', '2019-01-11 21:17:24', '2019-01-11 21:17:24', '0', 'PurchasePrice');

REPLACE INTO `querysectionquestion` (`id`, `QueryDefinition_id`, `QuerySection_id`, `QuestionDefinition_id`, `IsRequired`, `createdts`, `lastmodifiedts`, `synctimestamp`, `softdeleteflag`, `abstractName`) VALUES ('MA_DOWNPAYMENT', 'MORTGAGE_APPLICATION', 'MORTGAGE_LOAN_PROPERTY_INFO', 'MORTGAGE_DOWN_PAYMENT', '0', '2018-11-05 12:29:00', '2019-01-11 21:17:24', '2019-01-11 21:17:24', '0', 'DownPayment');

REPLACE INTO `querysectionquestion` (`id`, `QueryDefinition_id`, `QuerySection_id`, `QuestionDefinition_id`, `IsRequired`, `createdts`, `lastmodifiedts`, `synctimestamp`, `softdeleteflag`, `abstractName`) VALUES ('MA_ESTIMATEDLOANAMOUNT', 'MORTGAGE_APPLICATION', 'MORTGAGE_LOAN_PROPERTY_INFO', 'MORTGAGE_ESTIMATED_LOANAMOUNT', '0', '2018-11-05 12:29:00', '2019-01-11 21:17:24', '2019-01-11 21:17:24', '0', 'EstimatedLoanAmount');
REPLACE INTO `questiondefinition` (`id`, `QueryDefinition_id`, `DataType_id`, `OptionGroup_id`, `Name`, `Label`, `OtherLabel`, `IsRequired`, `createdts`, `lastmodifiedts`, `synctimestamp`, `softdeleteflag`) VALUES ('MORTGAGE_WORKING_WITH_LOANOFFICER', 'MORTGAGE_APPLICATION', 'SINGLE_SELECT', 'CHALLENGE', 'Working with loan officer?', 'Are you working with any loan officer?', 'Are you working with any loan officer?', '0', '2019-04-04 05:19:56', '2018-12-28 05:19:56', '2018-12-28 05:19:56', '0');

REPLACE INTO `questiondefinition` (`id`, `QueryDefinition_id`, `DataType_id`, `Name`, `Label`, `OtherLabel`, `IsRequired`, `createdts`, `lastmodifiedts`, `synctimestamp`, `softdeleteflag`) VALUES ('MORTGAGE_LOAN_OFFICER_NAME', 'MORTGAGE_APPLICATION', 'TEXT_ENTRY', 'Full name', 'Full name', 'Full name', '0', '2019-04-04 05:19:56', '2018-12-28 05:19:56', '2018-12-28 05:19:56', '0');

REPLACE INTO `questiondefinition` (`id`, `QueryDefinition_id`, `DataType_id`, `Name`, `Label`, `OtherLabel`, `IsRequired`, `createdts`, `lastmodifiedts`, `synctimestamp`, `softdeleteflag`) VALUES ('MORTGAGE_LOAN_OFFICER_EMAIL', 'MORTGAGE_APPLICATION', 'TEXT_ENTRY', 'Email id', 'Email id', 'Email id', '0', '2019-04-04 05:19:56', '2018-12-28 05:19:56', '2018-12-28 05:19:56', '0');

REPLACE INTO `questiondefinition` (`id`, `QueryDefinition_id`, `DataType_id`, `Name`, `Label`, `OtherLabel`, `IsRequired`, `createdts`, `lastmodifiedts`, `synctimestamp`, `softdeleteflag`) VALUES ('MORTGAGE_LOAN_OFFICER_PHONENO', 'MORTGAGE_APPLICATION', 'TEXT_ENTRY', 'Phone No', 'Phone No', 'Phone No', '0', '2019-04-04 05:19:56', '2018-12-28 05:19:56', '2018-12-28 05:19:56', '0');

REPLACE INTO `querysectionquestion` (`id`, `QueryDefinition_id`, `QuerySection_id`, `QuestionDefinition_id`, `IsRequired`, `createdts`, `lastmodifiedts`, `synctimestamp`, `softdeleteflag`, `abstractName`) VALUES ('MA_WORKINGWITHLOANOFFICER', 'MORTGAGE_APPLICATION', 'MORTGAGE_OFFICER_SELECTION', 'MORTGAGE_WORKING_WITH_LOANOFFICER', '0', '2018-11-05 12:29:00', '2019-01-11 21:17:24', '2019-01-11 21:17:24', '0', 'WorkingWithLoanOfficer');

REPLACE INTO `querysectionquestion` (`id`, `QueryDefinition_id`, `QuerySection_id`, `QuestionDefinition_id`, `IsRequired`, `createdts`, `lastmodifiedts`, `synctimestamp`, `softdeleteflag`, `abstractName`) VALUES ('MA_LOANOFFICERNAME', 'MORTGAGE_APPLICATION', 'MORTGAGE_OFFICER_SELECTION', 'MORTGAGE_LOAN_OFFICER_NAME', '0', '2018-11-05 12:29:00', '2019-01-11 21:17:24', '2019-01-11 21:17:24', '0', 'LoanOfficerFullName');

REPLACE INTO `querysectionquestion` (`id`, `QueryDefinition_id`, `QuerySection_id`, `QuestionDefinition_id`, `IsRequired`, `createdts`, `lastmodifiedts`, `synctimestamp`, `softdeleteflag`, `abstractName`) VALUES ('MA_LOANOFFICEREMAIL', 'MORTGAGE_APPLICATION', 'MORTGAGE_OFFICER_SELECTION', 'MORTGAGE_LOAN_OFFICER_EMAIL', '0', '2018-11-05 12:29:00', '2019-01-11 21:17:24', '2019-01-11 21:17:24', '0', 'LoanOfficerEmail');

REPLACE INTO `querysectionquestion` (`id`, `QueryDefinition_id`, `QuerySection_id`, `QuestionDefinition_id`, `IsRequired`, `createdts`, `lastmodifiedts`, `synctimestamp`, `softdeleteflag`, `abstractName`) VALUES ('MA_LOANOFFICERPHONENO', 'MORTGAGE_APPLICATION', 'MORTGAGE_OFFICER_SELECTION', 'MORTGAGE_LOAN_OFFICER_PHONENO', '0', '2018-11-05 12:29:00', '2019-01-11 21:17:24', '2019-01-11 21:17:24', '0', 'LoanOfficerPhoneNumber');

UPDATE `querysectionquestion` SET `abstractName`='CurrentEmploymentGrossIncome' WHERE `id`='MA_CURR_INCOME_TOTAL_GROSS';

REPLACE INTO `questiondefinition` (`id`, `QueryDefinition_id`, `DataType_id`, `OptionGroup_id`) VALUES ('MORTGAGE_CURRENT_EMPLOYMENT_STATUS', 'MORTGAGE_APPLICATION', 'temp', 'EMPLOYMENT_TYPE_SELECT');
REPLACE INTO `questiondefinition` (`id`, `QueryDefinition_id`, `DataType_id`, `OptionGroup_id`) VALUES ('MORTGAGE_PROVIDE_CURRENT_EMPLOYMENT', 'MORTGAGE_APPLICATION', 'temp', 'CHALLENGE');


REPLACE INTO `querysectionquestion` (`id`, `QueryDefinition_id`, `QuerySection_id`, `QuestionDefinition_id`, `abstractName`) VALUES ('MA_CURR_EMP_TYPE', 'MORTGAGE_APPLICATION', 'MORTGAGE_INCOME_APPLICANT', 'MORTGAGE_CURRENT_EMPLOYMENT_STATUS', 'EmploymentStatus');
REPLACE INTO `querysectionquestion` (`id`, `QueryDefinition_id`, `QuerySection_id`, `QuestionDefinition_id`, `abstractName`) VALUES ('MA_CURR_EMP_PROVIDE', 'MORTGAGE_APPLICATION', 'MORTGAGE_INCOME_APPLICANT', 'MORTGAGE_PROVIDE_CURRENT_EMPLOYMENT', 'ProvideCurrentEmployment');

REPLACE INTO `optiongroup` (`id`, `Name`) VALUES ('PAYPERIOD_TYPE_OTHER' , 'Choice for yearly,monthly,bi-weekly,daily and hourly');

REPLACE INTO `optiongroup` (`id`, `Name`) VALUES ('PAYPERIOD_TYPE_BONUS' , 'Choice for yearly,monthly,bi-weekly and daily');

REPLACE INTO `optiongroup` (`id`, `Name`) VALUES ('PAYPERIOD_TYPE_MILITARY_MORTGAGE' , 'Choice for yearly,monthly,bi-weekly');

REPLACE INTO `optiongroup` (`id`, `Name`) VALUES ('PAYPERIOD_TYPE_BASE_OT_MORTGAGE' , 'Choice for yearly,monthly,bi-weekly,hourly');

REPLACE INTO `optiongroup` (`id`, `Name`) VALUES ('SELFEMPLOYED_OWNERSHIP_SHARE' , 'Choice for self employed ownership share');

REPLACE INTO `optionitem` (`id`, `OptionGroup_id`, `DefaultValue`, `Sequence`) VALUES ('PAYPERIOD_TYPE_OTHER_1', 'PAYPERIOD_TYPE_OTHER', 'Yearly', '1');
REPLACE INTO `optionitem` (`id`, `OptionGroup_id`, `DefaultValue`, `Sequence`) VALUES ('PAYPERIOD_TYPE_OTHER_2', 'PAYPERIOD_TYPE_OTHER', 'Monthly', '2');
REPLACE INTO `optionitem` (`id`, `OptionGroup_id`, `DefaultValue`, `Sequence`) VALUES ('PAYPERIOD_TYPE_OTHER_3', 'PAYPERIOD_TYPE_OTHER', 'Bi-weekly', '3');
REPLACE INTO `optionitem` (`id`, `OptionGroup_id`, `DefaultValue`, `Sequence`) VALUES ('PAYPERIOD_TYPE_OTHER_4', 'PAYPERIOD_TYPE_OTHER', 'Daily', '4');
REPLACE INTO `optionitem` (`id`, `OptionGroup_id`, `DefaultValue`, `Sequence`) VALUES ('PAYPERIOD_TYPE_OTHER_5', 'PAYPERIOD_TYPE_OTHER', 'Hourly', '5');


REPLACE INTO `optionitem` (`id`, `OptionGroup_id`, `DefaultValue`, `Sequence`) VALUES ('PAYPERIOD_TYPE_BONUS_1', 'PAYPERIOD_TYPE_BONUS', 'Yearly', '1');
REPLACE INTO `optionitem` (`id`, `OptionGroup_id`, `DefaultValue`, `Sequence`) VALUES ('PAYPERIOD_TYPE_BONUS_2', 'PAYPERIOD_TYPE_BONUS', 'Monthly', '2');
REPLACE INTO `optionitem` (`id`, `OptionGroup_id`, `DefaultValue`, `Sequence`) VALUES ('PAYPERIOD_TYPE_BONUS_3', 'PAYPERIOD_TYPE_BONUS', 'Bi-weekly', '3');
REPLACE INTO `optionitem` (`id`, `OptionGroup_id`, `DefaultValue`, `Sequence`) VALUES ('PAYPERIOD_TYPE_BONUS_4', 'PAYPERIOD_TYPE_BONUS', 'Daily', '4');

REPLACE INTO `optionitem` (`id`, `OptionGroup_id`, `DefaultValue`, `Sequence`) VALUES ('PAYPERIOD_TYPE_MILITARY_MORTGAGE_1', 'PAYPERIOD_TYPE_MILITARY_MORTGAGE', 'Yearly', '1');
REPLACE INTO `optionitem` (`id`, `OptionGroup_id`, `DefaultValue`, `Sequence`) VALUES ('PAYPERIOD_TYPE_MILITARY_MORTGAGE_2', 'PAYPERIOD_TYPE_MILITARY_MORTGAGE', 'Monthly', '2');
REPLACE INTO `optionitem` (`id`, `OptionGroup_id`, `DefaultValue`, `Sequence`) VALUES ('PAYPERIOD_TYPE_MILITARY_MORTGAGE_3', 'PAYPERIOD_TYPE_MILITARY_MORTGAGE', 'Bi-weekly', '3');

REPLACE INTO `optionitem` (`id`, `OptionGroup_id`, `DefaultValue`, `Sequence`) VALUES ('PAYPERIOD_TYPE_BASE_OT_MORTGAGE_1', 'PAYPERIOD_TYPE_BASE_OT_MORTGAGE', 'Yearly', '1');
REPLACE INTO `optionitem` (`id`, `OptionGroup_id`, `DefaultValue`, `Sequence`) VALUES ('PAYPERIOD_TYPE_BASE_OT_MORTGAGE_2', 'PAYPERIOD_TYPE_BASE_OT_MORTGAGE', 'Monthly', '2');
REPLACE INTO `optionitem` (`id`, `OptionGroup_id`, `DefaultValue`, `Sequence`) VALUES ('PAYPERIOD_TYPE_BASE_OT_MORTGAGE_3', 'PAYPERIOD_TYPE_BASE_OT_MORTGAGE', 'Bi-weekly', '3');
REPLACE INTO `optionitem` (`id`, `OptionGroup_id`, `DefaultValue`, `Sequence`) VALUES ('PAYPERIOD_TYPE_BASE_OT_MORTGAGE_4', 'PAYPERIOD_TYPE_BASE_OT_MORTGAGE', 'Hourly', '4');

REPLACE INTO `optionitem` (`id`, `OptionGroup_id`, `DefaultValue`, `Sequence`) VALUES ('SELFEMPLOYED_OWNERSHIP_SHARE_1', 'SELFEMPLOYED_OWNERSHIP_SHARE', 'Less than 25%', '1');
REPLACE INTO `optionitem` (`id`, `OptionGroup_id`, `DefaultValue`, `Sequence`) VALUES ('SELFEMPLOYED_OWNERSHIP_SHARE_2', 'SELFEMPLOYED_OWNERSHIP_SHARE', '25% or more', '2');

REPLACE INTO `questiondefinition` (`id`, `QueryDefinition_id`, `DataType_id`) VALUES ('MORTGAGE_CURRENT_FT_EMPLOYERNAME', 'MORTGAGE_APPLICATION', 'TEXT_ENTRY');
REPLACE INTO `questiondefinition` (`id`, `QueryDefinition_id`, `DataType_id`) VALUES ('MORTGAGE_CURRENT_FT_EMPLOYMENTPOSITION', 'MORTGAGE_APPLICATION', 'TEXT_ENTRY');
REPLACE INTO `questiondefinition` (`id`, `QueryDefinition_id`, `DataType_id`) VALUES ('MORTGAGE_CURRENT_FT_EMPLOYERPHONE', 'MORTGAGE_APPLICATION', 'TEXT_ENTRY');
REPLACE INTO `questiondefinition` (`id`, `QueryDefinition_id`, `DataType_id`) VALUES ('MORTGAGE_CURRENT_EMPLOYER_FT_ADDLINE1', 'MORTGAGE_APPLICATION', 'TEXT_ENTRY');
REPLACE INTO `questiondefinition` (`id`, `QueryDefinition_id`, `DataType_id`) VALUES ('MORTGAGE_CURRENT_EMPLOYER_FT_ADDLINE2', 'MORTGAGE_APPLICATION', 'TEXT_ENTRY');
REPLACE INTO `questiondefinition` (`id`, `QueryDefinition_id`, `DataType_id`) VALUES ('MORTGAGE_CURRENT_EMPLOYER_FT_ADDCITY', 'MORTGAGE_APPLICATION', 'TEXT_ENTRY');
REPLACE INTO `questiondefinition` (`id`, `QueryDefinition_id`, `DataType_id`) VALUES ('MORTGAGE_CURRENT_EMPLOYER_FT_ADDSTATE', 'MORTGAGE_APPLICATION', 'TEXT_ENTRY');
REPLACE INTO `questiondefinition` (`id`, `QueryDefinition_id`, `DataType_id`) VALUES ('MORTGAGE_CURRENT_EMPLOYER_FT_ADDZIP', 'MORTGAGE_APPLICATION', 'TEXT_ENTRY');
REPLACE INTO `questiondefinition` (`id`, `QueryDefinition_id`, `DataType_id`) VALUES ('MORTGAGE_CURRENT_FT_EMPLOYER_ADDCOUNTRY', 'MORTGAGE_APPLICATION', 'TEXT_ENTRY');
REPLACE INTO `questiondefinition` (`id`, `QueryDefinition_id`, `DataType_id`) VALUES ('MORTGAGE_CURRENT_FT_EMPLOYER_PROFESSIONSTARTDATE', 'MORTGAGE_APPLICATION', 'TEXT_ENTRY');
REPLACE INTO `questiondefinition` (`id`, `QueryDefinition_id`, `DataType_id`) VALUES ('MORTGAGE_CURRENT_FT_GROSSINCOME', 'MORTGAGE_APPLICATION', 'TEXT_ENTRY');
REPLACE INTO `questiondefinition` (`id`, `QueryDefinition_id`, `DataType_id`) VALUES ('MORTGAGE_CURRENT_FT_BASEINCOME', 'MORTGAGE_APPLICATION', 'TEXT_ENTRY');
REPLACE INTO `questiondefinition` (`id`, `QueryDefinition_id`, `DataType_id`) VALUES ('MORTGAGE_CURRENT_FT_OVERTIMEINCOME', 'MORTGAGE_APPLICATION', 'TEXT_ENTRY');
REPLACE INTO `questiondefinition` (`id`, `QueryDefinition_id`, `DataType_id`) VALUES ('MORTGAGE_CURRENT_FT_BONUSINCOME', 'MORTGAGE_APPLICATION', 'TEXT_ENTRY');
REPLACE INTO `questiondefinition` (`id`, `QueryDefinition_id`, `DataType_id`) VALUES ('MORTGAGE_CURRENT_FT_COMMISSIONINCOME', 'MORTGAGE_APPLICATION', 'TEXT_ENTRY');
REPLACE INTO `questiondefinition` (`id`, `QueryDefinition_id`, `DataType_id`) VALUES ('MORTGAGE_CURRENT_FT_OTHERINCOME', 'MORTGAGE_APPLICATION', 'TEXT_ENTRY');
REPLACE INTO `questiondefinition` (`id`, `QueryDefinition_id`, `DataType_id`, `OptionGroup_id`, `IsRequired`) VALUES ('MORTGAGE_CURRENT_BASE_FT_PAYPERIOD', 'MORTGAGE_APPLICATION', 'temp', 'PAYPERIOD_TYPE_BASE_OT_MORTGAGE', '0');
REPLACE INTO `questiondefinition` (`id`, `QueryDefinition_id`, `DataType_id`, `OptionGroup_id`, `IsRequired`) VALUES ('MORTGAGE_CURRENT_OVERTIME_FT_PAYPERIOD', 'MORTGAGE_APPLICATION', 'temp', 'PAYPERIOD_TYPE_BASE_OT_MORTGAGE', '0');
REPLACE INTO `questiondefinition` (`id`, `QueryDefinition_id`, `DataType_id`, `OptionGroup_id`, `IsRequired`) VALUES ('MORTGAGE_CURRENT_BONUS_FT_PAYPERIOD', 'MORTGAGE_APPLICATION', 'temp', 'PAYPERIOD_TYPE_BONUS', '0');
REPLACE INTO `questiondefinition` (`id`, `QueryDefinition_id`, `DataType_id`, `OptionGroup_id`, `IsRequired`) VALUES ('MORTGAGE_CURRENT_COMMISSION_FT_PAYPERIOD', 'MORTGAGE_APPLICATION', 'temp', 'PAYPERIOD_TYPE_BONUS', '0');
REPLACE INTO `questiondefinition` (`id`, `QueryDefinition_id`, `DataType_id`, `OptionGroup_id`, `IsRequired`) VALUES ('MORTGAGE_CURRENT_OTHER_FT_PAYPERIOD', 'MORTGAGE_APPLICATION', 'temp', 'PAYPERIOD_TYPE_OTHER', '0');
REPLACE INTO `questiondefinition` (`id`, `QueryDefinition_id`, `DataType_id`) VALUES ('MORTGAGE_CURRENT_FT_OTHERINCOME_WH', 'MORTGAGE_APPLICATION', 'TEXT_ENTRY');
REPLACE INTO `questiondefinition` (`id`, `QueryDefinition_id`, `DataType_id`) VALUES ('MORTGAGE_CURRENT_FT_BASEINCOME_WH', 'MORTGAGE_APPLICATION', 'TEXT_ENTRY');
REPLACE INTO `questiondefinition` (`id`, `QueryDefinition_id`, `DataType_id`) VALUES ('MORTGAGE_CURRENT_FT_OVERTIMEINCOME_WH', 'MORTGAGE_APPLICATION', 'TEXT_ENTRY');
REPLACE INTO `questiondefinition` (`id`, `QueryDefinition_id`, `DataType_id`) VALUES ('MORTGAGE_CURRENT_FT_EMPLOYMENT_CHECKBOX', 'MORTGAGE_APPLICATION', 'TEXT_ENTRY');
REPLACE INTO `questiondefinition` (`id`, `QueryDefinition_id`, `DataType_id`) VALUES ('MORTGAGE_CURRENT_FT_EMPLOYER_PROFESSIONDURATION', 'MORTGAGE_APPLICATION', 'TEXT_ENTRY');


REPLACE INTO `querysectionquestion` (`id`, `QueryDefinition_id`, `QuerySection_id`, `QuestionDefinition_id`, `abstractName`) VALUES ('MA_CURR_FT_EMP_NAME', 'MORTGAGE_APPLICATION', 'MORTGAGE_INCOME_APPLICANT', 'MORTGAGE_CURRENT_FT_EMPLOYERNAME', 'EmployerFt');
REPLACE INTO `querysectionquestion` (`id`, `QueryDefinition_id`, `QuerySection_id`, `QuestionDefinition_id`, `abstractName`) VALUES ('MA_CURR_FT_EMP_POSITION', 'MORTGAGE_APPLICATION', 'MORTGAGE_INCOME_APPLICANT', 'MORTGAGE_CURRENT_FT_EMPLOYMENTPOSITION', 'DesignationFt');
REPLACE INTO `querysectionquestion` (`id`, `QueryDefinition_id`, `QuerySection_id`, `QuestionDefinition_id`, `abstractName`) VALUES ('MA_CURR_FT_EMP_PHONE', 'MORTGAGE_APPLICATION', 'MORTGAGE_INCOME_APPLICANT', 'MORTGAGE_CURRENT_FT_EMPLOYERPHONE', 'CurrentEmployerPhoneNumberFt');
REPLACE INTO `querysectionquestion` (`id`, `QueryDefinition_id`, `QuerySection_id`, `QuestionDefinition_id`, `abstractName`) VALUES ('MA_CURR_FT_EMP_ADDLINE1', 'MORTGAGE_APPLICATION', 'MORTGAGE_INCOME_APPLICANT', 'MORTGAGE_CURRENT_EMPLOYER_FT_ADDLINE1', 'EmpAddressLine1Ft');
REPLACE INTO `querysectionquestion` (`id`, `QueryDefinition_id`, `QuerySection_id`, `QuestionDefinition_id`, `abstractName`) VALUES ('MA_CURR_FT_EMP_ADDLINE2', 'MORTGAGE_APPLICATION', 'MORTGAGE_INCOME_APPLICANT', 'MORTGAGE_CURRENT_EMPLOYER_FT_ADDLINE2', 'EmpAddressLine2Ft');
REPLACE INTO `querysectionquestion` (`id`, `QueryDefinition_id`, `QuerySection_id`, `QuestionDefinition_id`, `abstractName`) VALUES ('MA_CURR_FT_EMP_ADDCITY', 'MORTGAGE_APPLICATION', 'MORTGAGE_INCOME_APPLICANT', 'MORTGAGE_CURRENT_EMPLOYER_FT_ADDCITY', 'EmpAddressCityFt');
REPLACE INTO `querysectionquestion` (`id`, `QueryDefinition_id`, `QuerySection_id`, `QuestionDefinition_id`, `abstractName`) VALUES ('MA_CURR_FT_EMP_ADDSTATE', 'MORTGAGE_APPLICATION', 'MORTGAGE_INCOME_APPLICANT', 'MORTGAGE_CURRENT_EMPLOYER_FT_ADDSTATE', 'EmpAddressStateFt');
REPLACE INTO `querysectionquestion` (`id`, `QueryDefinition_id`, `QuerySection_id`, `QuestionDefinition_id`, `abstractName`) VALUES ('MA_CURR_FT_EMP_ADDZIP', 'MORTGAGE_APPLICATION', 'MORTGAGE_INCOME_APPLICANT', 'MORTGAGE_CURRENT_EMPLOYER_FT_ADDZIP', 'EmpAddressZipcodeFt');
REPLACE INTO `querysectionquestion` (`id`, `QueryDefinition_id`, `QuerySection_id`, `QuestionDefinition_id`, `abstractName`) VALUES ('MA_CURR_FT_EMP_ADDCOUNTRY', 'MORTGAGE_APPLICATION', 'MORTGAGE_INCOME_APPLICANT', 'MORTGAGE_CURRENT_FT_EMPLOYER_ADDCOUNTRY', 'EmpAddressCountryFt');
REPLACE INTO `querysectionquestion` (`id`, `QueryDefinition_id`, `QuerySection_id`, `QuestionDefinition_id`, `abstractName`) VALUES ('MA_CURR_FT_INCOME_PROFESSIONSTARTDATE', 'MORTGAGE_APPLICATION', 'MORTGAGE_INCOME_APPLICANT', 'MORTGAGE_CURRENT_FT_EMPLOYER_PROFESSIONSTARTDATE', 'EmployerStartDateFt');
REPLACE INTO `querysectionquestion` (`id`, `QueryDefinition_id`, `QuerySection_id`, `QuestionDefinition_id`, `abstractName`) VALUES ('MA_CURR_FT_TOTALGROSS', 'MORTGAGE_APPLICATION', 'MORTGAGE_INCOME_APPLICANT', 'MORTGAGE_CURRENT_FT_GROSSINCOME', 'FullTimeIncomeAmount');
REPLACE INTO `querysectionquestion` (`id`, `QueryDefinition_id`, `QuerySection_id`, `QuestionDefinition_id`, `abstractName`) VALUES ('MA_CURR_FT_BASEINCOME', 'MORTGAGE_APPLICATION', 'MORTGAGE_INCOME_APPLICANT', 'MORTGAGE_CURRENT_FT_BASEINCOME', 'FullTimeBaseIncomeAmount');
REPLACE INTO `querysectionquestion` (`id`, `QueryDefinition_id`, `QuerySection_id`, `QuestionDefinition_id`, `abstractName`) VALUES ('MA_CURR_FT_OVERTIMEINCOME', 'MORTGAGE_APPLICATION', 'MORTGAGE_INCOME_APPLICANT', 'MORTGAGE_CURRENT_FT_OVERTIMEINCOME', 'FullTimeOvertimeIncomeAmount');
REPLACE INTO `querysectionquestion` (`id`, `QueryDefinition_id`, `QuerySection_id`, `QuestionDefinition_id`, `abstractName`) VALUES ('MA_CURR_FT_BONUSINCOME', 'MORTGAGE_APPLICATION', 'MORTGAGE_INCOME_APPLICANT', 'MORTGAGE_CURRENT_FT_BONUSINCOME', 'FullTimeBonusIncomeAmount');
REPLACE INTO `querysectionquestion` (`id`, `QueryDefinition_id`, `QuerySection_id`, `QuestionDefinition_id`, `abstractName`) VALUES ('MA_CURR_FT_COMMISSIONINCOME', 'MORTGAGE_APPLICATION', 'MORTGAGE_INCOME_APPLICANT', 'MORTGAGE_CURRENT_FT_COMMISSIONINCOME', 'FullTimeCommissionIncomeAmount');
REPLACE INTO `querysectionquestion` (`id`, `QueryDefinition_id`, `QuerySection_id`, `QuestionDefinition_id`, `abstractName`) VALUES ('MA_CURR_FT_OTHERINCOME', 'MORTGAGE_APPLICATION', 'MORTGAGE_INCOME_APPLICANT', 'MORTGAGE_CURRENT_FT_OTHERINCOME', 'FullTimeOtherIncomeAmount');
REPLACE INTO `querysectionquestion` (`id`, `QueryDefinition_id`, `QuerySection_id`, `QuestionDefinition_id`, `abstractName`) VALUES ('MA_CURRENT_BASE_FT_PAYPERIOD', 'MORTGAGE_APPLICATION', 'MORTGAGE_INCOME_APPLICANT', 'MORTGAGE_CURRENT_BASE_FT_PAYPERIOD', 'FullTimeBasePayPeriod');
REPLACE INTO `querysectionquestion` (`id`, `QueryDefinition_id`, `QuerySection_id`, `QuestionDefinition_id`, `abstractName`) VALUES ('MA_CURRENT_OVERTIME_FT_PAYPERIOD', 'MORTGAGE_APPLICATION', 'MORTGAGE_INCOME_APPLICANT', 'MORTGAGE_CURRENT_OVERTIME_FT_PAYPERIOD', 'FullTimeOvertimePayPeriod');
REPLACE INTO `querysectionquestion` (`id`, `QueryDefinition_id`, `QuerySection_id`, `QuestionDefinition_id`, `abstractName`) VALUES ('MA_CURRENT_BONUS_FT_PAYPERIOD', 'MORTGAGE_APPLICATION', 'MORTGAGE_INCOME_APPLICANT', 'MORTGAGE_CURRENT_BONUS_FT_PAYPERIOD', 'FullTimeBonusPayPeriod');
REPLACE INTO `querysectionquestion` (`id`, `QueryDefinition_id`, `QuerySection_id`, `QuestionDefinition_id`, `abstractName`) VALUES ('MA_CURRENT_COMMISSION_FT_PAYPERIOD', 'MORTGAGE_APPLICATION', 'MORTGAGE_INCOME_APPLICANT', 'MORTGAGE_CURRENT_COMMISSION_FT_PAYPERIOD', 'FullTimeCommissionPayPeriod');
REPLACE INTO `querysectionquestion` (`id`, `QueryDefinition_id`, `QuerySection_id`, `QuestionDefinition_id`, `abstractName`) VALUES ('MA_CURRENT_OTHER_FT_PAYPERIOD', 'MORTGAGE_APPLICATION', 'MORTGAGE_INCOME_APPLICANT', 'MORTGAGE_CURRENT_OTHER_FT_PAYPERIOD', 'FullTimeOtherPayPeriod');
REPLACE INTO `querysectionquestion` (`id`, `QueryDefinition_id`, `QuerySection_id`, `QuestionDefinition_id`, `abstractName`) VALUES ('MA_CURR_FT_OTHERINCOME_WH', 'MORTGAGE_APPLICATION', 'MORTGAGE_INCOME_APPLICANT', 'MORTGAGE_CURRENT_FT_OTHERINCOME_WH', 'FullTimeOtherIncomeWH');
REPLACE INTO `querysectionquestion` (`id`, `QueryDefinition_id`, `QuerySection_id`, `QuestionDefinition_id`, `abstractName`) VALUES ('MA_CURR_FT_BASEINCOME_WH', 'MORTGAGE_APPLICATION', 'MORTGAGE_INCOME_APPLICANT', 'MORTGAGE_CURRENT_FT_BASEINCOME_WH', 'FullTimeBaseIncomeWH');
REPLACE INTO `querysectionquestion` (`id`, `QueryDefinition_id`, `QuerySection_id`, `QuestionDefinition_id`, `abstractName`) VALUES ('MA_CURR_FT_OVERTIMEINCOME_WH', 'MORTGAGE_APPLICATION', 'MORTGAGE_INCOME_APPLICANT', 'MORTGAGE_CURRENT_FT_OVERTIMEINCOME_WH', 'FullTimeOvertimeIncomeWH');
REPLACE INTO `querysectionquestion` (`id`, `QueryDefinition_id`, `QuerySection_id`, `QuestionDefinition_id`, `abstractName`) VALUES ('MA_CURR_FT_EMPLOYMENT_CHECK', 'MORTGAGE_APPLICATION', 'MORTGAGE_INCOME_APPLICANT', 'MORTGAGE_CURRENT_FT_EMPLOYMENT_CHECKBOX', 'EmploymentCheckFT');
REPLACE INTO `querysectionquestion` (`id`, `QueryDefinition_id`, `QuerySection_id`, `QuestionDefinition_id`, `abstractName`) VALUES ('MA_CURR_FT_INCOME_PROFESSIONDURATION', 'MORTGAGE_APPLICATION', 'MORTGAGE_INCOME_APPLICANT', 'MORTGAGE_CURRENT_FT_EMPLOYER_PROFESSIONDURATION', 'ProfessionDurationFT');


REPLACE INTO `questiondefinition` (`id`, `QueryDefinition_id`, `DataType_id`) VALUES ('MORTGAGE_CURRENT_PT_EMPLOYERNAME', 'MORTGAGE_APPLICATION', 'TEXT_ENTRY');
REPLACE INTO `questiondefinition` (`id`, `QueryDefinition_id`, `DataType_id`) VALUES ('MORTGAGE_CURRENT_PT_EMPLOYMENTPOSITION', 'MORTGAGE_APPLICATION', 'TEXT_ENTRY');
REPLACE INTO `questiondefinition` (`id`, `QueryDefinition_id`, `DataType_id`) VALUES ('MORTGAGE_CURRENT_PT_EMPLOYERPHONE', 'MORTGAGE_APPLICATION', 'TEXT_ENTRY');
REPLACE INTO `questiondefinition` (`id`, `QueryDefinition_id`, `DataType_id`) VALUES ('MORTGAGE_CURRENT_EMPLOYER_PT_ADDLINE1', 'MORTGAGE_APPLICATION', 'TEXT_ENTRY');
REPLACE INTO `questiondefinition` (`id`, `QueryDefinition_id`, `DataType_id`) VALUES ('MORTGAGE_CURRENT_EMPLOYER_PT_ADDLINE2', 'MORTGAGE_APPLICATION', 'TEXT_ENTRY');
REPLACE INTO `questiondefinition` (`id`, `QueryDefinition_id`, `DataType_id`) VALUES ('MORTGAGE_CURRENT_EMPLOYER_PT_ADDCITY', 'MORTGAGE_APPLICATION', 'TEXT_ENTRY');
REPLACE INTO `questiondefinition` (`id`, `QueryDefinition_id`, `DataType_id`) VALUES ('MORTGAGE_CURRENT_EMPLOYER_PT_ADDSTATE', 'MORTGAGE_APPLICATION', 'TEXT_ENTRY');
REPLACE INTO `questiondefinition` (`id`, `QueryDefinition_id`, `DataType_id`) VALUES ('MORTGAGE_CURRENT_EMPLOYER_PT_ADDZIP', 'MORTGAGE_APPLICATION', 'TEXT_ENTRY');
REPLACE INTO `questiondefinition` (`id`, `QueryDefinition_id`, `DataType_id`) VALUES ('MORTGAGE_CURRENT_PT_EMPLOYER_ADDCOUNTRY', 'MORTGAGE_APPLICATION', 'TEXT_ENTRY');
REPLACE INTO `questiondefinition` (`id`, `QueryDefinition_id`, `DataType_id`) VALUES ('MORTGAGE_CURRENT_PT_EMPLOYER_PROFESSIONSTARTDATE', 'MORTGAGE_APPLICATION', 'TEXT_ENTRY');
REPLACE INTO `questiondefinition` (`id`, `QueryDefinition_id`, `DataType_id`) VALUES ('MORTGAGE_CURRENT_PT_GROSSINCOME', 'MORTGAGE_APPLICATION', 'TEXT_ENTRY');
REPLACE INTO `questiondefinition` (`id`, `QueryDefinition_id`, `DataType_id`) VALUES ('MORTGAGE_CURRENT_PT_BASEINCOME', 'MORTGAGE_APPLICATION', 'TEXT_ENTRY');
REPLACE INTO `questiondefinition` (`id`, `QueryDefinition_id`, `DataType_id`) VALUES ('MORTGAGE_CURRENT_PT_OVERTIMEINCOME', 'MORTGAGE_APPLICATION', 'TEXT_ENTRY');
REPLACE INTO `questiondefinition` (`id`, `QueryDefinition_id`, `DataType_id`) VALUES ('MORTGAGE_CURRENT_PT_BONUSINCOME', 'MORTGAGE_APPLICATION', 'TEXT_ENTRY');
REPLACE INTO `questiondefinition` (`id`, `QueryDefinition_id`, `DataType_id`) VALUES ('MORTGAGE_CURRENT_PT_COMMISSIONINCOME', 'MORTGAGE_APPLICATION', 'TEXT_ENTRY');
REPLACE INTO `questiondefinition` (`id`, `QueryDefinition_id`, `DataType_id`) VALUES ('MORTGAGE_CURRENT_PT_OTHERINCOME', 'MORTGAGE_APPLICATION', 'TEXT_ENTRY');
REPLACE INTO `questiondefinition` (`id`, `QueryDefinition_id`, `DataType_id`, `OptionGroup_id`, `IsRequired`) VALUES ('MORTGAGE_CURRENT_BASE_PT_PAYPERIOD', 'MORTGAGE_APPLICATION', 'temp', 'PAYPERIOD_TYPE_BASE_OT_MORTGAGE', '0');
REPLACE INTO `questiondefinition` (`id`, `QueryDefinition_id`, `DataType_id`, `OptionGroup_id`, `IsRequired`) VALUES ('MORTGAGE_CURRENT_OVERTIME_PT_PAYPERIOD', 'MORTGAGE_APPLICATION', 'temp', 'PAYPERIOD_TYPE_BASE_OT_MORTGAGE', '0');
REPLACE INTO `questiondefinition` (`id`, `QueryDefinition_id`, `DataType_id`, `OptionGroup_id`, `IsRequired`) VALUES ('MORTGAGE_CURRENT_BONUS_PT_PAYPERIOD', 'MORTGAGE_APPLICATION', 'temp', 'PAYPERIOD_TYPE_BONUS', '0');
REPLACE INTO `questiondefinition` (`id`, `QueryDefinition_id`, `DataType_id`, `OptionGroup_id`, `IsRequired`) VALUES ('MORTGAGE_CURRENT_COMMISSION_PT_PAYPERIOD', 'MORTGAGE_APPLICATION', 'temp', 'PAYPERIOD_TYPE_BONUS', '0');
REPLACE INTO `questiondefinition` (`id`, `QueryDefinition_id`, `DataType_id`, `OptionGroup_id`, `IsRequired`) VALUES ('MORTGAGE_CURRENT_OTHER_PT_PAYPERIOD', 'MORTGAGE_APPLICATION', 'temp', 'PAYPERIOD_TYPE_OTHER', '0');
REPLACE INTO `questiondefinition` (`id`, `QueryDefinition_id`, `DataType_id`) VALUES ('MORTGAGE_CURRENT_PT_OTHERINCOME_WH', 'MORTGAGE_APPLICATION', 'TEXT_ENTRY');
REPLACE INTO `questiondefinition` (`id`, `QueryDefinition_id`, `DataType_id`) VALUES ('MORTGAGE_CURRENT_PT_BASEINCOME_WH', 'MORTGAGE_APPLICATION', 'TEXT_ENTRY');
REPLACE INTO `questiondefinition` (`id`, `QueryDefinition_id`, `DataType_id`) VALUES ('MORTGAGE_CURRENT_PT_OVERTIMEINCOME_WH', 'MORTGAGE_APPLICATION', 'TEXT_ENTRY');
REPLACE INTO `questiondefinition` (`id`, `QueryDefinition_id`, `DataType_id`) VALUES ('MORTGAGE_CURRENT_PT_EMPLOYMENT_CHECKBOX', 'MORTGAGE_APPLICATION', 'TEXT_ENTRY');
REPLACE INTO `questiondefinition` (`id`, `QueryDefinition_id`, `DataType_id`) VALUES ('MORTGAGE_CURRENT_PT_EMPLOYER_PROFESSIONDURATION', 'MORTGAGE_APPLICATION', 'TEXT_ENTRY');


REPLACE INTO `querysectionquestion` (`id`, `QueryDefinition_id`, `QuerySection_id`, `QuestionDefinition_id`, `abstractName`) VALUES ('MA_CURR_PT_EMP_NAME', 'MORTGAGE_APPLICATION', 'MORTGAGE_INCOME_APPLICANT', 'MORTGAGE_CURRENT_PT_EMPLOYERNAME', 'EmployerPt');
REPLACE INTO `querysectionquestion` (`id`, `QueryDefinition_id`, `QuerySection_id`, `QuestionDefinition_id`, `abstractName`) VALUES ('MA_CURR_PT_EMP_POSITION', 'MORTGAGE_APPLICATION', 'MORTGAGE_INCOME_APPLICANT', 'MORTGAGE_CURRENT_PT_EMPLOYMENTPOSITION', 'DesignationPt');
REPLACE INTO `querysectionquestion` (`id`, `QueryDefinition_id`, `QuerySection_id`, `QuestionDefinition_id`, `abstractName`) VALUES ('MA_CURR_PT_EMP_PHONE', 'MORTGAGE_APPLICATION', 'MORTGAGE_INCOME_APPLICANT', 'MORTGAGE_CURRENT_PT_EMPLOYERPHONE', 'CurrentEmployerPhoneNumberPt');
REPLACE INTO `querysectionquestion` (`id`, `QueryDefinition_id`, `QuerySection_id`, `QuestionDefinition_id`, `abstractName`) VALUES ('MA_CURR_PT_EMP_ADDLINE1', 'MORTGAGE_APPLICATION', 'MORTGAGE_INCOME_APPLICANT', 'MORTGAGE_CURRENT_EMPLOYER_PT_ADDLINE1', 'EmpAddressLine1Pt');
REPLACE INTO `querysectionquestion` (`id`, `QueryDefinition_id`, `QuerySection_id`, `QuestionDefinition_id`, `abstractName`) VALUES ('MA_CURR_PT_EMP_ADDLINE2', 'MORTGAGE_APPLICATION', 'MORTGAGE_INCOME_APPLICANT', 'MORTGAGE_CURRENT_EMPLOYER_PT_ADDLINE2', 'EmpAddressLine2Pt');
REPLACE INTO `querysectionquestion` (`id`, `QueryDefinition_id`, `QuerySection_id`, `QuestionDefinition_id`, `abstractName`) VALUES ('MA_CURR_PT_EMP_ADDCITY', 'MORTGAGE_APPLICATION', 'MORTGAGE_INCOME_APPLICANT', 'MORTGAGE_CURRENT_EMPLOYER_PT_ADDCITY', 'EmpAddressCityPt');
REPLACE INTO `querysectionquestion` (`id`, `QueryDefinition_id`, `QuerySection_id`, `QuestionDefinition_id`, `abstractName`) VALUES ('MA_CURR_PT_EMP_ADDSTATE', 'MORTGAGE_APPLICATION', 'MORTGAGE_INCOME_APPLICANT', 'MORTGAGE_CURRENT_EMPLOYER_PT_ADDSTATE', 'EmpAddressStatePt');
REPLACE INTO `querysectionquestion` (`id`, `QueryDefinition_id`, `QuerySection_id`, `QuestionDefinition_id`, `abstractName`) VALUES ('MA_CURR_PT_EMP_ADDZIP', 'MORTGAGE_APPLICATION', 'MORTGAGE_INCOME_APPLICANT', 'MORTGAGE_CURRENT_EMPLOYER_PT_ADDZIP', 'EmpAddressZipcodePt');
REPLACE INTO `querysectionquestion` (`id`, `QueryDefinition_id`, `QuerySection_id`, `QuestionDefinition_id`, `abstractName`) VALUES ('MA_CURR_PT_EMP_ADDCOUNTRY', 'MORTGAGE_APPLICATION', 'MORTGAGE_INCOME_APPLICANT', 'MORTGAGE_CURRENT_PT_EMPLOYER_ADDCOUNTRY', 'EmpAddressCountryPt');
REPLACE INTO `querysectionquestion` (`id`, `QueryDefinition_id`, `QuerySection_id`, `QuestionDefinition_id`, `abstractName`) VALUES ('MA_CURR_PT_INCOME_PROFESSIONSTARTDATE', 'MORTGAGE_APPLICATION', 'MORTGAGE_INCOME_APPLICANT', 'MORTGAGE_CURRENT_PT_EMPLOYER_PROFESSIONSTARTDATE', 'EmployerStartDatePt');
REPLACE INTO `querysectionquestion` (`id`, `QueryDefinition_id`, `QuerySection_id`, `QuestionDefinition_id`, `abstractName`) VALUES ('MA_CURR_PT_TOTALGROSS', 'MORTGAGE_APPLICATION', 'MORTGAGE_INCOME_APPLICANT', 'MORTGAGE_CURRENT_PT_GROSSINCOME', 'PartTimeIncomeAmount');
REPLACE INTO `querysectionquestion` (`id`, `QueryDefinition_id`, `QuerySection_id`, `QuestionDefinition_id`, `abstractName`) VALUES ('MA_CURR_PT_BASEINCOME', 'MORTGAGE_APPLICATION', 'MORTGAGE_INCOME_APPLICANT', 'MORTGAGE_CURRENT_PT_BASEINCOME', 'PartTimeBaseIncomeAmount');
REPLACE INTO `querysectionquestion` (`id`, `QueryDefinition_id`, `QuerySection_id`, `QuestionDefinition_id`, `abstractName`) VALUES ('MA_CURR_PT_OVERTIMEINCOME', 'MORTGAGE_APPLICATION', 'MORTGAGE_INCOME_APPLICANT', 'MORTGAGE_CURRENT_PT_OVERTIMEINCOME', 'PartTimeOverTimeIncomeAmount');
REPLACE INTO `querysectionquestion` (`id`, `QueryDefinition_id`, `QuerySection_id`, `QuestionDefinition_id`, `abstractName`) VALUES ('MA_CURR_PT_BONUSINCOME', 'MORTGAGE_APPLICATION', 'MORTGAGE_INCOME_APPLICANT', 'MORTGAGE_CURRENT_PT_BONUSINCOME', 'PartTimeBonusIncomeAmount');
REPLACE INTO `querysectionquestion` (`id`, `QueryDefinition_id`, `QuerySection_id`, `QuestionDefinition_id`, `abstractName`) VALUES ('MA_CURR_PT_COMMISSIONINCOME', 'MORTGAGE_APPLICATION', 'MORTGAGE_INCOME_APPLICANT', 'MORTGAGE_CURRENT_PT_COMMISSIONINCOME', 'PartTimeCommissionIncomeAmount');
REPLACE INTO `querysectionquestion` (`id`, `QueryDefinition_id`, `QuerySection_id`, `QuestionDefinition_id`, `abstractName`) VALUES ('MA_CURR_PT_OTHERINCOME', 'MORTGAGE_APPLICATION', 'MORTGAGE_INCOME_APPLICANT', 'MORTGAGE_CURRENT_PT_OTHERINCOME', 'PartTimeOtherIncomeAmount');
REPLACE INTO `querysectionquestion` (`id`, `QueryDefinition_id`, `QuerySection_id`, `QuestionDefinition_id`, `abstractName`) VALUES ('MA_CURRENT_BASE_PT_PAYPERIOD', 'MORTGAGE_APPLICATION', 'MORTGAGE_INCOME_APPLICANT', 'MORTGAGE_CURRENT_BASE_PT_PAYPERIOD', 'PartTimeBasePayPeriod');
REPLACE INTO `querysectionquestion` (`id`, `QueryDefinition_id`, `QuerySection_id`, `QuestionDefinition_id`, `abstractName`) VALUES ('MA_CURRENT_OVERTIME_PT_PAYPERIOD', 'MORTGAGE_APPLICATION', 'MORTGAGE_INCOME_APPLICANT', 'MORTGAGE_CURRENT_OVERTIME_PT_PAYPERIOD', 'PartTimeOvertimePayPeriod');
REPLACE INTO `querysectionquestion` (`id`, `QueryDefinition_id`, `QuerySection_id`, `QuestionDefinition_id`, `abstractName`) VALUES ('MA_CURRENT_BONUS_PT_PAYPERIOD', 'MORTGAGE_APPLICATION', 'MORTGAGE_INCOME_APPLICANT', 'MORTGAGE_CURRENT_BONUS_PT_PAYPERIOD', 'PartTimeBonusPayPeriod');
REPLACE INTO `querysectionquestion` (`id`, `QueryDefinition_id`, `QuerySection_id`, `QuestionDefinition_id`, `abstractName`) VALUES ('MA_CURRENT_COMMISSION_PT_PAYPERIOD', 'MORTGAGE_APPLICATION', 'MORTGAGE_INCOME_APPLICANT', 'MORTGAGE_CURRENT_COMMISSION_PT_PAYPERIOD', 'PartTimeCommissionPayPeriod');
REPLACE INTO `querysectionquestion` (`id`, `QueryDefinition_id`, `QuerySection_id`, `QuestionDefinition_id`, `abstractName`) VALUES ('MA_CURRENT_OTHER_PT_PAYPERIOD', 'MORTGAGE_APPLICATION', 'MORTGAGE_INCOME_APPLICANT', 'MORTGAGE_CURRENT_OTHER_PT_PAYPERIOD', 'PartTimeOtherPayPeriod');
REPLACE INTO `querysectionquestion` (`id`, `QueryDefinition_id`, `QuerySection_id`, `QuestionDefinition_id`, `abstractName`) VALUES ('MA_CURR_PT_OTHERINCOME_WH', 'MORTGAGE_APPLICATION', 'MORTGAGE_INCOME_APPLICANT', 'MORTGAGE_CURRENT_PT_OTHERINCOME_WH', 'PartTimeOtherIncomeWH');
REPLACE INTO `querysectionquestion` (`id`, `QueryDefinition_id`, `QuerySection_id`, `QuestionDefinition_id`, `abstractName`) VALUES ('MA_CURR_PT_BASEINCOME_WH', 'MORTGAGE_APPLICATION', 'MORTGAGE_INCOME_APPLICANT', 'MORTGAGE_CURRENT_PT_BASEINCOME_WH', 'PartTimeBaseIncomeWH');
REPLACE INTO `querysectionquestion` (`id`, `QueryDefinition_id`, `QuerySection_id`, `QuestionDefinition_id`, `abstractName`) VALUES ('MA_CURR_PT_OVERTIMEINCOME_WH', 'MORTGAGE_APPLICATION', 'MORTGAGE_INCOME_APPLICANT', 'MORTGAGE_CURRENT_PT_OVERTIMEINCOME_WH', 'PartTimeOvertimeIncomeWH');
REPLACE INTO `querysectionquestion` (`id`, `QueryDefinition_id`, `QuerySection_id`, `QuestionDefinition_id`, `abstractName`) VALUES ('MA_CURR_PT_EMPLOYMENT_CHECK', 'MORTGAGE_APPLICATION', 'MORTGAGE_INCOME_APPLICANT', 'MORTGAGE_CURRENT_PT_EMPLOYMENT_CHECKBOX', 'EmploymentCheckPT');
REPLACE INTO `querysectionquestion` (`id`, `QueryDefinition_id`, `QuerySection_id`, `QuestionDefinition_id`, `abstractName`) VALUES ('MA_CURR_PT_INCOME_PROFESSIONDURATION', 'MORTGAGE_APPLICATION', 'MORTGAGE_INCOME_APPLICANT', 'MORTGAGE_CURRENT_PT_EMPLOYER_PROFESSIONDURATION', 'ProfessionDurationPT');


REPLACE INTO `questiondefinition` (`id`, `QueryDefinition_id`, `DataType_id`) VALUES ('MORTGAGE_CURRENT_MILITARY_EMPLOYERNAME', 'MORTGAGE_APPLICATION', 'TEXT_ENTRY');
REPLACE INTO `questiondefinition` (`id`, `QueryDefinition_id`, `DataType_id`) VALUES ('MORTGAGE_CURRENT_MILITARY_EMPLOYMENTPOSITION', 'MORTGAGE_APPLICATION', 'TEXT_ENTRY');
REPLACE INTO `questiondefinition` (`id`, `QueryDefinition_id`, `DataType_id`) VALUES ('MORTGAGE_CURRENT_MILITARY_EMPLOYERPHONE', 'MORTGAGE_APPLICATION', 'TEXT_ENTRY');
REPLACE INTO `questiondefinition` (`id`, `QueryDefinition_id`, `DataType_id`) VALUES ('MORTGAGE_CURRENT_EMPLOYER_MILITARY_ADDLINE1', 'MORTGAGE_APPLICATION', 'TEXT_ENTRY');
REPLACE INTO `questiondefinition` (`id`, `QueryDefinition_id`, `DataType_id`) VALUES ('MORTGAGE_CURRENT_EMPLOYER_MILITARY_ADDLINE2', 'MORTGAGE_APPLICATION', 'TEXT_ENTRY');
REPLACE INTO `questiondefinition` (`id`, `QueryDefinition_id`, `DataType_id`) VALUES ('MORTGAGE_CURRENT_EMPLOYER_MILITARY_ADDCITY', 'MORTGAGE_APPLICATION', 'TEXT_ENTRY');
REPLACE INTO `questiondefinition` (`id`, `QueryDefinition_id`, `DataType_id`) VALUES ('MORTGAGE_CURRENT_EMPLOYER_MILITARY_ADDSTATE', 'MORTGAGE_APPLICATION', 'TEXT_ENTRY');
REPLACE INTO `questiondefinition` (`id`, `QueryDefinition_id`, `DataType_id`) VALUES ('MORTGAGE_CURRENT_EMPLOYER_MILITARY_ADDZIP', 'MORTGAGE_APPLICATION', 'TEXT_ENTRY');
REPLACE INTO `questiondefinition` (`id`, `QueryDefinition_id`, `DataType_id`) VALUES ('MORTGAGE_CURRENT_MILITARY_EMPLOYER_ADDCOUNTRY', 'MORTGAGE_APPLICATION', 'TEXT_ENTRY');
REPLACE INTO `questiondefinition` (`id`, `QueryDefinition_id`, `DataType_id`) VALUES ('MORTGAGE_CURRENT_MILITARY_EMPLOYER_PROFESSIONSTARTDATE', 'MORTGAGE_APPLICATION', 'TEXT_ENTRY');
REPLACE INTO `questiondefinition` (`id`, `QueryDefinition_id`, `DataType_id`) VALUES ('MORTGAGE_CURRENT_MILITARY_GROSSINCOME', 'MORTGAGE_APPLICATION', 'TEXT_ENTRY');
REPLACE INTO `questiondefinition` (`id`, `QueryDefinition_id`, `DataType_id`) VALUES ('MORTGAGE_CURRENT_MILITARY_BASEINCOME', 'MORTGAGE_APPLICATION', 'TEXT_ENTRY');
REPLACE INTO `questiondefinition` (`id`, `QueryDefinition_id`, `DataType_id`) VALUES ('MORTGAGE_CURRENT_MILITARY_OVERTIMEINCOME', 'MORTGAGE_APPLICATION', 'TEXT_ENTRY');
REPLACE INTO `questiondefinition` (`id`, `QueryDefinition_id`, `DataType_id`) VALUES ('MORTGAGE_CURRENT_MILITARY_BONUSINCOME', 'MORTGAGE_APPLICATION', 'TEXT_ENTRY');
REPLACE INTO `questiondefinition` (`id`, `QueryDefinition_id`, `DataType_id`) VALUES ('MORTGAGE_CURRENT_MILITARY_COMMISSIONINCOME', 'MORTGAGE_APPLICATION', 'TEXT_ENTRY');
REPLACE INTO `questiondefinition` (`id`, `QueryDefinition_id`, `DataType_id`) VALUES ('MORTGAGE_CURRENT_MILITARY_MILITARYENTITLEMENTSINCOME', 'MORTGAGE_APPLICATION', 'TEXT_ENTRY');
REPLACE INTO `questiondefinition` (`id`, `QueryDefinition_id`, `DataType_id`) VALUES ('MORTGAGE_CURRENT_MILITARY_OTHERINCOME', 'MORTGAGE_APPLICATION', 'TEXT_ENTRY');
REPLACE INTO `questiondefinition` (`id`, `QueryDefinition_id`, `DataType_id`, `OptionGroup_id`, `IsRequired`) VALUES ('MORTGAGE_CURRENT_BASE_MILITARY_PAYPERIOD', 'MORTGAGE_APPLICATION', 'temp', 'PAYPERIOD_TYPE_BASE_OT_MORTGAGE', '0');
REPLACE INTO `questiondefinition` (`id`, `QueryDefinition_id`, `DataType_id`, `OptionGroup_id`, `IsRequired`) VALUES ('MORTGAGE_CURRENT_OVERTIME_MILITARY_PAYPERIOD', 'MORTGAGE_APPLICATION', 'temp', 'PAYPERIOD_TYPE_BASE_OT_MORTGAGE', '0');
REPLACE INTO `questiondefinition` (`id`, `QueryDefinition_id`, `DataType_id`, `OptionGroup_id`, `IsRequired`) VALUES ('MORTGAGE_CURRENT_BONUS_MILITARY_PAYPERIOD', 'MORTGAGE_APPLICATION', 'temp', 'PAYPERIOD_TYPE_BONUS', '0');
REPLACE INTO `questiondefinition` (`id`, `QueryDefinition_id`, `DataType_id`, `OptionGroup_id`, `IsRequired`) VALUES ('MORTGAGE_CURRENT_COMMISSION_MILITARY_PAYPERIOD', 'MORTGAGE_APPLICATION', 'temp', 'PAYPERIOD_TYPE_BONUS', '0');
REPLACE INTO `questiondefinition` (`id`, `QueryDefinition_id`, `DataType_id`, `OptionGroup_id`, `IsRequired`) VALUES ('MORTGAGE_CURRENT_OTHER_MILITARY_PAYPERIOD', 'MORTGAGE_APPLICATION', 'temp', 'PAYPERIOD_TYPE_OTHER', '0');
REPLACE INTO `questiondefinition` (`id`, `QueryDefinition_id`, `DataType_id`, `OptionGroup_id`, `IsRequired`) VALUES ('MORTGAGE_CURRENT_MILITARY_PAYPERIOD', 'MORTGAGE_APPLICATION', 'temp', 'PAYPERIOD_TYPE_MILITARY_MORTGAGE', '0');
REPLACE INTO `questiondefinition` (`id`, `QueryDefinition_id`, `DataType_id`) VALUES ('MORTGAGE_CURRENT_MILITARY_OTHERINCOME_WH', 'MORTGAGE_APPLICATION', 'TEXT_ENTRY');
REPLACE INTO `questiondefinition` (`id`, `QueryDefinition_id`, `DataType_id`) VALUES ('MORTGAGE_CURRENT_MILITARY_BASEINCOME_WH', 'MORTGAGE_APPLICATION', 'TEXT_ENTRY');
REPLACE INTO `questiondefinition` (`id`, `QueryDefinition_id`, `DataType_id`) VALUES ('MORTGAGE_CURRENT_MILITARY_OVERTIMEINCOME_WH', 'MORTGAGE_APPLICATION', 'TEXT_ENTRY');
REPLACE INTO `questiondefinition` (`id`, `QueryDefinition_id`, `DataType_id`) VALUES ('MORTGAGE_CURRENT_MILITARY_EMPLOYER_PROFESSIONDURATION', 'MORTGAGE_APPLICATION', 'TEXT_ENTRY');

REPLACE INTO `querysectionquestion` (`id`, `QueryDefinition_id`, `QuerySection_id`, `QuestionDefinition_id`, `abstractName`) VALUES ('MA_CURR_MILITARY_EMP_NAME', 'MORTGAGE_APPLICATION', 'MORTGAGE_INCOME_APPLICANT', 'MORTGAGE_CURRENT_MILITARY_EMPLOYERNAME', 'MilitaryEmployer');
REPLACE INTO `querysectionquestion` (`id`, `QueryDefinition_id`, `QuerySection_id`, `QuestionDefinition_id`, `abstractName`) VALUES ('MA_CURR_MILITARY_EMP_POSITION', 'MORTGAGE_APPLICATION', 'MORTGAGE_INCOME_APPLICANT', 'MORTGAGE_CURRENT_MILITARY_EMPLOYMENTPOSITION', 'MilitaryDesignation');
REPLACE INTO `querysectionquestion` (`id`, `QueryDefinition_id`, `QuerySection_id`, `QuestionDefinition_id`, `abstractName`) VALUES ('MA_CURR_MILITARY_EMP_PHONE', 'MORTGAGE_APPLICATION', 'MORTGAGE_INCOME_APPLICANT', 'MORTGAGE_CURRENT_MILITARY_EMPLOYERPHONE', 'MilitaryCurrentEmployerPhoneNumber');
REPLACE INTO `querysectionquestion` (`id`, `QueryDefinition_id`, `QuerySection_id`, `QuestionDefinition_id`, `abstractName`) VALUES ('MA_CURR_MILITARY_EMP_ADDLINE1', 'MORTGAGE_APPLICATION', 'MORTGAGE_INCOME_APPLICANT', 'MORTGAGE_CURRENT_EMPLOYER_MILITARY_ADDLINE1', 'MilitaryEmpAddressLine1');
REPLACE INTO `querysectionquestion` (`id`, `QueryDefinition_id`, `QuerySection_id`, `QuestionDefinition_id`, `abstractName`) VALUES ('MA_CURR_MILITARY_EMP_ADDLINE2', 'MORTGAGE_APPLICATION', 'MORTGAGE_INCOME_APPLICANT', 'MORTGAGE_CURRENT_EMPLOYER_MILITARY_ADDLINE2', 'MilitaryEmpAddressLine2');
REPLACE INTO `querysectionquestion` (`id`, `QueryDefinition_id`, `QuerySection_id`, `QuestionDefinition_id`, `abstractName`) VALUES ('MA_CURR_MILITARY_EMP_ADDCITY', 'MORTGAGE_APPLICATION', 'MORTGAGE_INCOME_APPLICANT', 'MORTGAGE_CURRENT_EMPLOYER_MILITARY_ADDCITY', 'MilitaryEmpAddressCity');
REPLACE INTO `querysectionquestion` (`id`, `QueryDefinition_id`, `QuerySection_id`, `QuestionDefinition_id`, `abstractName`) VALUES ('MA_CURR_MILITARY_EMP_ADDSTATE', 'MORTGAGE_APPLICATION', 'MORTGAGE_INCOME_APPLICANT', 'MORTGAGE_CURRENT_EMPLOYER_MILITARY_ADDSTATE', 'MilitaryEmpAddressState');
REPLACE INTO `querysectionquestion` (`id`, `QueryDefinition_id`, `QuerySection_id`, `QuestionDefinition_id`, `abstractName`) VALUES ('MA_CURR_MILITARY_EMP_ADDZIP', 'MORTGAGE_APPLICATION', 'MORTGAGE_INCOME_APPLICANT', 'MORTGAGE_CURRENT_EMPLOYER_MILITARY_ADDZIP', 'MilitaryEmpAddressZipcode');
REPLACE INTO `querysectionquestion` (`id`, `QueryDefinition_id`, `QuerySection_id`, `QuestionDefinition_id`, `abstractName`) VALUES ('MA_CURR_MILITARY_EMP_ADDCOUNTRY', 'MORTGAGE_APPLICATION', 'MORTGAGE_INCOME_APPLICANT', 'MORTGAGE_CURRENT_MILITARY_EMPLOYER_ADDCOUNTRY', 'MilitaryEmpAddressCountry');
REPLACE INTO `querysectionquestion` (`id`, `QueryDefinition_id`, `QuerySection_id`, `QuestionDefinition_id`, `abstractName`) VALUES ('MA_CURR_MILITARY_INCOME_PROFESSIONSTARTDATE', 'MORTGAGE_APPLICATION', 'MORTGAGE_INCOME_APPLICANT', 'MORTGAGE_CURRENT_MILITARY_EMPLOYER_PROFESSIONSTARTDATE', 'MilitaryEmployerStartDate');
REPLACE INTO `querysectionquestion` (`id`, `QueryDefinition_id`, `QuerySection_id`, `QuestionDefinition_id`, `abstractName`) VALUES ('MA_CURR_MILITARY_TOTALGROSS', 'MORTGAGE_APPLICATION', 'MORTGAGE_INCOME_APPLICANT', 'MORTGAGE_CURRENT_MILITARY_GROSSINCOME', 'MilitaryIncomeAmount');
REPLACE INTO `querysectionquestion` (`id`, `QueryDefinition_id`, `QuerySection_id`, `QuestionDefinition_id`, `abstractName`) VALUES ('MA_CURR_MILITARY_BASEINCOME', 'MORTGAGE_APPLICATION', 'MORTGAGE_INCOME_APPLICANT', 'MORTGAGE_CURRENT_MILITARY_BASEINCOME', 'MilitaryBaseIncomeAmount');
REPLACE INTO `querysectionquestion` (`id`, `QueryDefinition_id`, `QuerySection_id`, `QuestionDefinition_id`, `abstractName`) VALUES ('MA_CURR_MILITARY_OVERTIMEINCOME', 'MORTGAGE_APPLICATION', 'MORTGAGE_INCOME_APPLICANT', 'MORTGAGE_CURRENT_MILITARY_OVERTIMEINCOME', 'MilitaryOvertimeIncomeAmount');
REPLACE INTO `querysectionquestion` (`id`, `QueryDefinition_id`, `QuerySection_id`, `QuestionDefinition_id`, `abstractName`) VALUES ('MA_CURR_MILITARY_BONUSINCOME', 'MORTGAGE_APPLICATION', 'MORTGAGE_INCOME_APPLICANT', 'MORTGAGE_CURRENT_MILITARY_BONUSINCOME', 'MilitaryBonusIncomeAmount');
REPLACE INTO `querysectionquestion` (`id`, `QueryDefinition_id`, `QuerySection_id`, `QuestionDefinition_id`, `abstractName`) VALUES ('MA_CURR_MILITARY_COMMISSIONINCOME', 'MORTGAGE_APPLICATION', 'MORTGAGE_INCOME_APPLICANT', 'MORTGAGE_CURRENT_MILITARY_COMMISSIONINCOME', 'MilitaryCommissionIncomeAmount');
REPLACE INTO `querysectionquestion` (`id`, `QueryDefinition_id`, `QuerySection_id`, `QuestionDefinition_id`, `abstractName`) VALUES ('MA_CURR_MILITARY_ENTITLEMENTSINCOME', 'MORTGAGE_APPLICATION', 'MORTGAGE_INCOME_APPLICANT', 'MORTGAGE_CURRENT_MILITARY_MILITARYENTITLEMENTSINCOME', 'MilitaryEntitlementsIncomeAmount');
REPLACE INTO `querysectionquestion` (`id`, `QueryDefinition_id`, `QuerySection_id`, `QuestionDefinition_id`, `abstractName`) VALUES ('MA_CURR_MILITARY_OTHERINCOME', 'MORTGAGE_APPLICATION', 'MORTGAGE_INCOME_APPLICANT', 'MORTGAGE_CURRENT_MILITARY_OTHERINCOME', 'MilitaryOtherIncomeAmount');
REPLACE INTO `querysectionquestion` (`id`, `QueryDefinition_id`, `QuerySection_id`, `QuestionDefinition_id`, `abstractName`) VALUES ('MA_CURRENT_BASE_MILITARY_PAYPERIOD', 'MORTGAGE_APPLICATION', 'MORTGAGE_INCOME_APPLICANT', 'MORTGAGE_CURRENT_BASE_MILITARY_PAYPERIOD', 'MilitaryBasePayPeriod');
REPLACE INTO `querysectionquestion` (`id`, `QueryDefinition_id`, `QuerySection_id`, `QuestionDefinition_id`, `abstractName`) VALUES ('MA_CURRENT_OVERTIME_MILITARY_PAYPERIOD', 'MORTGAGE_APPLICATION', 'MORTGAGE_INCOME_APPLICANT', 'MORTGAGE_CURRENT_OVERTIME_MILITARY_PAYPERIOD', 'MilitaryOvertimePayPeriod');
REPLACE INTO `querysectionquestion` (`id`, `QueryDefinition_id`, `QuerySection_id`, `QuestionDefinition_id`, `abstractName`) VALUES ('MA_CURRENT_BONUS_MILITARY_PAYPERIOD', 'MORTGAGE_APPLICATION', 'MORTGAGE_INCOME_APPLICANT', 'MORTGAGE_CURRENT_BONUS_MILITARY_PAYPERIOD', 'MilitaryBonusPayPeriod');
REPLACE INTO `querysectionquestion` (`id`, `QueryDefinition_id`, `QuerySection_id`, `QuestionDefinition_id`, `abstractName`) VALUES ('MA_CURRENT_COMMISSION_MILITARY_PAYPERIOD', 'MORTGAGE_APPLICATION', 'MORTGAGE_INCOME_APPLICANT', 'MORTGAGE_CURRENT_COMMISSION_MILITARY_PAYPERIOD', 'MilitaryCommissionPayPeriod');
REPLACE INTO `querysectionquestion` (`id`, `QueryDefinition_id`, `QuerySection_id`, `QuestionDefinition_id`, `abstractName`) VALUES ('MA_CURRENT_OTHER_MILITARY_PAYPERIOD', 'MORTGAGE_APPLICATION', 'MORTGAGE_INCOME_APPLICANT', 'MORTGAGE_CURRENT_OTHER_MILITARY_PAYPERIOD', 'MilitaryOtherPayPeriod');
REPLACE INTO `querysectionquestion` (`id`, `QueryDefinition_id`, `QuerySection_id`, `QuestionDefinition_id`, `abstractName`) VALUES ('MA_CURRENT_MILITARY_PAYPERIOD', 'MORTGAGE_APPLICATION', 'MORTGAGE_INCOME_APPLICANT', 'MORTGAGE_CURRENT_MILITARY_PAYPERIOD', 'MilitaryEntitlementsIncomePayPeriod');
REPLACE INTO `querysectionquestion` (`id`, `QueryDefinition_id`, `QuerySection_id`, `QuestionDefinition_id`, `abstractName`) VALUES ('MA_CURR_MILITARY_OTHERINCOME_WH', 'MORTGAGE_APPLICATION', 'MORTGAGE_INCOME_APPLICANT', 'MORTGAGE_CURRENT_MILITARY_OTHERINCOME_WH', 'MilitaryOtherIncomeWH');
REPLACE INTO `querysectionquestion` (`id`, `QueryDefinition_id`, `QuerySection_id`, `QuestionDefinition_id`, `abstractName`) VALUES ('MA_CURR_MILITARY_BASEINCOME_WH', 'MORTGAGE_APPLICATION', 'MORTGAGE_INCOME_APPLICANT', 'MORTGAGE_CURRENT_MILITARY_BASEINCOME_WH', 'MilitaryBaseIncomeWH');
REPLACE INTO `querysectionquestion` (`id`, `QueryDefinition_id`, `QuerySection_id`, `QuestionDefinition_id`, `abstractName`) VALUES ('MA_CURR_MILITARY_OVERTIMEINCOME_WH', 'MORTGAGE_APPLICATION', 'MORTGAGE_INCOME_APPLICANT', 'MORTGAGE_CURRENT_MILITARY_OVERTIMEINCOME_WH', 'MilitaryOvertimeIncomeWH');
REPLACE INTO `querysectionquestion` (`id`, `QueryDefinition_id`, `QuerySection_id`, `QuestionDefinition_id`, `abstractName`) VALUES ('MA_CURR_MILITARY_INCOME_PROFESSIONDURATION', 'MORTGAGE_APPLICATION', 'MORTGAGE_INCOME_APPLICANT', 'MORTGAGE_CURRENT_MILITARY_EMPLOYER_PROFESSIONDURATION', 'ProfessionDurationMilitary');

REPLACE INTO `questiondefinition` (`id`, `QueryDefinition_id`, `DataType_id`) VALUES ('MORTGAGE_CURRENT_BUSINESS_EMPLOYERNAME', 'MORTGAGE_APPLICATION', 'TEXT_ENTRY');
REPLACE INTO `questiondefinition` (`id`, `QueryDefinition_id`, `DataType_id`) VALUES ('MORTGAGE_CURRENT_BUSINESS_EMPLOYMENTPOSITION', 'MORTGAGE_APPLICATION', 'TEXT_ENTRY');
REPLACE INTO `questiondefinition` (`id`, `QueryDefinition_id`, `DataType_id`) VALUES ('MORTGAGE_CURRENT_BUSINESS_EMPLOYERPHONE', 'MORTGAGE_APPLICATION', 'TEXT_ENTRY');
REPLACE INTO `questiondefinition` (`id`, `QueryDefinition_id`, `DataType_id`) VALUES ('MORTGAGE_CURRENT_EMPLOYER_BUSINESS_ADDLINE1', 'MORTGAGE_APPLICATION', 'TEXT_ENTRY');
REPLACE INTO `questiondefinition` (`id`, `QueryDefinition_id`, `DataType_id`) VALUES ('MORTGAGE_CURRENT_EMPLOYER_BUSINESS_ADDLINE2', 'MORTGAGE_APPLICATION', 'TEXT_ENTRY');
REPLACE INTO `questiondefinition` (`id`, `QueryDefinition_id`, `DataType_id`) VALUES ('MORTGAGE_CURRENT_EMPLOYER_BUSINESS_ADDCITY', 'MORTGAGE_APPLICATION', 'TEXT_ENTRY');
REPLACE INTO `questiondefinition` (`id`, `QueryDefinition_id`, `DataType_id`) VALUES ('MORTGAGE_CURRENT_EMPLOYER_BUSINESS_ADDSTATE', 'MORTGAGE_APPLICATION', 'TEXT_ENTRY');
REPLACE INTO `questiondefinition` (`id`, `QueryDefinition_id`, `DataType_id`) VALUES ('MORTGAGE_CURRENT_EMPLOYER_BUSINESS_ADDZIP', 'MORTGAGE_APPLICATION', 'TEXT_ENTRY');
REPLACE INTO `questiondefinition` (`id`, `QueryDefinition_id`, `DataType_id`) VALUES ('MORTGAGE_CURRENT_BUSINESS_EMPLOYER_ADDCOUNTRY', 'MORTGAGE_APPLICATION', 'TEXT_ENTRY');
REPLACE INTO `questiondefinition` (`id`, `QueryDefinition_id`, `DataType_id`) VALUES ('MORTGAGE_CURRENT_BUSINESS_EMPLOYER_PROFESSIONSTARTDATE', 'MORTGAGE_APPLICATION', 'TEXT_ENTRY');
REPLACE INTO `questiondefinition` (`id`, `QueryDefinition_id`, `DataType_id`) VALUES ('MORTGAGE_CURRENT_BUSINESS_GROSSINCOME', 'MORTGAGE_APPLICATION', 'TEXT_ENTRY');
REPLACE INTO `questiondefinition` (`id`, `QueryDefinition_id`, `DataType_id`) VALUES ('MORTGAGE_CURRENT_SELF_EMPLOYMENT_CHECKBOX', 'MORTGAGE_APPLICATION', 'TEXT_ENTRY');
REPLACE INTO `questiondefinition` (`id`, `QueryDefinition_id`, `DataType_id`, `OptionGroup_id`, `IsRequired`) VALUES ('MORTGAGE_OWNERSHIP_SHARE', 'MORTGAGE_APPLICATION', 'temp', 'SELFEMPLOYED_OWNERSHIP_SHARE', '0');
REPLACE INTO `questiondefinition` (`id`, `QueryDefinition_id`, `DataType_id`) VALUES ('MORTGAGE_CURRENT_SELF_EMPLOYMENT_PROF_DURATION', 'MORTGAGE_APPLICATION', 'TEXT_ENTRY');


REPLACE INTO `querysectionquestion` (`id`, `QueryDefinition_id`, `QuerySection_id`, `QuestionDefinition_id`, `abstractName`) VALUES ('MA_CURR_BUSINESS_EMP_NAME', 'MORTGAGE_APPLICATION', 'MORTGAGE_INCOME_APPLICANT', 'MORTGAGE_CURRENT_BUSINESS_EMPLOYERNAME', 'BusinessName');
REPLACE INTO `querysectionquestion` (`id`, `QueryDefinition_id`, `QuerySection_id`, `QuestionDefinition_id`, `abstractName`) VALUES ('MA_CURR_BUSINESS_EMP_POSITION', 'MORTGAGE_APPLICATION', 'MORTGAGE_INCOME_APPLICANT', 'MORTGAGE_CURRENT_BUSINESS_EMPLOYMENTPOSITION', 'BusinessDesignation');
REPLACE INTO `querysectionquestion` (`id`, `QueryDefinition_id`, `QuerySection_id`, `QuestionDefinition_id`, `abstractName`) VALUES ('MA_CURR_BUSINESS_EMP_PHONE', 'MORTGAGE_APPLICATION', 'MORTGAGE_INCOME_APPLICANT', 'MORTGAGE_CURRENT_BUSINESS_EMPLOYERPHONE', 'BusinessEmployerPhoneNumber');
REPLACE INTO `querysectionquestion` (`id`, `QueryDefinition_id`, `QuerySection_id`, `QuestionDefinition_id`, `abstractName`) VALUES ('MA_CURR_BUSINESS_EMP_ADDLINE1', 'MORTGAGE_APPLICATION', 'MORTGAGE_INCOME_APPLICANT', 'MORTGAGE_CURRENT_EMPLOYER_BUSINESS_ADDLINE1', 'BusinessEmpAddressLine1');
REPLACE INTO `querysectionquestion` (`id`, `QueryDefinition_id`, `QuerySection_id`, `QuestionDefinition_id`, `abstractName`) VALUES ('MA_CURR_BUSINESS_EMP_ADDLINE2', 'MORTGAGE_APPLICATION', 'MORTGAGE_INCOME_APPLICANT', 'MORTGAGE_CURRENT_EMPLOYER_BUSINESS_ADDLINE2', 'BusinessEmpAddressLine2');
REPLACE INTO `querysectionquestion` (`id`, `QueryDefinition_id`, `QuerySection_id`, `QuestionDefinition_id`, `abstractName`) VALUES ('MA_CURR_BUSINESS_EMP_ADDCITY', 'MORTGAGE_APPLICATION', 'MORTGAGE_INCOME_APPLICANT', 'MORTGAGE_CURRENT_EMPLOYER_BUSINESS_ADDCITY', 'BusinessEmpAddressCity');
REPLACE INTO `querysectionquestion` (`id`, `QueryDefinition_id`, `QuerySection_id`, `QuestionDefinition_id`, `abstractName`) VALUES ('MA_CURR_BUSINESS_EMP_ADDSTATE', 'MORTGAGE_APPLICATION', 'MORTGAGE_INCOME_APPLICANT', 'MORTGAGE_CURRENT_EMPLOYER_BUSINESS_ADDSTATE', 'BusinessEmpAddressState');
REPLACE INTO `querysectionquestion` (`id`, `QueryDefinition_id`, `QuerySection_id`, `QuestionDefinition_id`, `abstractName`) VALUES ('MA_CURR_BUSINESS_EMP_ADDZIP', 'MORTGAGE_APPLICATION', 'MORTGAGE_INCOME_APPLICANT', 'MORTGAGE_CURRENT_EMPLOYER_BUSINESS_ADDZIP', 'BusinessEmpAddressZipcode');
REPLACE INTO `querysectionquestion` (`id`, `QueryDefinition_id`, `QuerySection_id`, `QuestionDefinition_id`, `abstractName`) VALUES ('MA_CURR_BUSINESS_EMP_ADDCOUNTRY', 'MORTGAGE_APPLICATION', 'MORTGAGE_INCOME_APPLICANT', 'MORTGAGE_CURRENT_BUSINESS_EMPLOYER_ADDCOUNTRY', 'BusinessEmpAddressCountry');
REPLACE INTO `querysectionquestion` (`id`, `QueryDefinition_id`, `QuerySection_id`, `QuestionDefinition_id`, `abstractName`) VALUES ('MA_CURR_BUSINESS_INCOME_PROFESSIONSTARTDATE', 'MORTGAGE_APPLICATION', 'MORTGAGE_INCOME_APPLICANT', 'MORTGAGE_CURRENT_BUSINESS_EMPLOYER_PROFESSIONSTARTDATE', 'BusinessEmployerStartDate');
REPLACE INTO `querysectionquestion` (`id`, `QueryDefinition_id`, `QuerySection_id`, `QuestionDefinition_id`, `abstractName`) VALUES ('MA_CURR_BUSINESS_TOTALGROSS', 'MORTGAGE_APPLICATION', 'MORTGAGE_INCOME_APPLICANT', 'MORTGAGE_CURRENT_BUSINESS_GROSSINCOME', 'BusinessIncomeAmount');
REPLACE INTO `querysectionquestion` (`id`, `QueryDefinition_id`, `QuerySection_id`, `QuestionDefinition_id`, `abstractName`) VALUES ('MA_CURR_SELF_EMPLOYMENT_CHECK', 'MORTGAGE_APPLICATION', 'MORTGAGE_INCOME_APPLICANT', 'MORTGAGE_CURRENT_SELF_EMPLOYMENT_CHECKBOX', 'EmploymentCheckBusiness');
REPLACE INTO `querysectionquestion` (`id`, `QueryDefinition_id`, `QuerySection_id`, `QuestionDefinition_id`, `abstractName`) VALUES ('MA_OWNERSHIP_SHARE', 'MORTGAGE_APPLICATION', 'MORTGAGE_INCOME_APPLICANT', 'MORTGAGE_OWNERSHIP_SHARE', 'OwnershipShare');
REPLACE INTO `querysectionquestion` (`id`, `QueryDefinition_id`, `QuerySection_id`, `QuestionDefinition_id`, `abstractName`) VALUES ('MA_CURR_SELF_EMPLOYMENT_DURATION', 'MORTGAGE_APPLICATION', 'MORTGAGE_INCOME_APPLICANT', 'MORTGAGE_CURRENT_SELF_EMPLOYMENT_PROF_DURATION', 'BusinessDuration');

REPLACE INTO `questiondefinition` (`id`, `QueryDefinition_id`, `DataType_id`) VALUES ('MORTGAGE_CURRENT_OTHER_EMPLOYERNAME', 'MORTGAGE_APPLICATION', 'TEXT_ENTRY');
REPLACE INTO `questiondefinition` (`id`, `QueryDefinition_id`, `DataType_id`) VALUES ('MORTGAGE_CURRENT_OTHER_EMPLOYMENTPOSITION', 'MORTGAGE_APPLICATION', 'TEXT_ENTRY');
REPLACE INTO `questiondefinition` (`id`, `QueryDefinition_id`, `DataType_id`) VALUES ('MORTGAGE_CURRENT_OTHER_EMPLOYERPHONE', 'MORTGAGE_APPLICATION', 'TEXT_ENTRY');
REPLACE INTO `questiondefinition` (`id`, `QueryDefinition_id`, `DataType_id`) VALUES ('MORTGAGE_CURRENT_EMPLOYER_OTHER_ADDLINE1', 'MORTGAGE_APPLICATION', 'TEXT_ENTRY');
REPLACE INTO `questiondefinition` (`id`, `QueryDefinition_id`, `DataType_id`) VALUES ('MORTGAGE_CURRENT_EMPLOYER_OTHER_ADDLINE2', 'MORTGAGE_APPLICATION', 'TEXT_ENTRY');
REPLACE INTO `questiondefinition` (`id`, `QueryDefinition_id`, `DataType_id`) VALUES ('MORTGAGE_CURRENT_EMPLOYER_OTHER_ADDCITY', 'MORTGAGE_APPLICATION', 'TEXT_ENTRY');
REPLACE INTO `questiondefinition` (`id`, `QueryDefinition_id`, `DataType_id`) VALUES ('MORTGAGE_CURRENT_EMPLOYER_OTHER_ADDSTATE', 'MORTGAGE_APPLICATION', 'TEXT_ENTRY');
REPLACE INTO `questiondefinition` (`id`, `QueryDefinition_id`, `DataType_id`) VALUES ('MORTGAGE_CURRENT_EMPLOYER_OTHER_ADDZIP', 'MORTGAGE_APPLICATION', 'TEXT_ENTRY');
REPLACE INTO `questiondefinition` (`id`, `QueryDefinition_id`, `DataType_id`) VALUES ('MORTGAGE_CURRENT_OTHER_EMPLOYER_ADDCOUNTRY', 'MORTGAGE_APPLICATION', 'TEXT_ENTRY');
REPLACE INTO `questiondefinition` (`id`, `QueryDefinition_id`, `DataType_id`) VALUES ('MORTGAGE_CURRENT_OTHER_EMPLOYER_PROFESSIONSTARTDATE', 'MORTGAGE_APPLICATION', 'TEXT_ENTRY');
REPLACE INTO `questiondefinition` (`id`, `QueryDefinition_id`, `DataType_id`) VALUES ('MORTGAGE_CURRENT_OTHER_GROSSINCOME', 'MORTGAGE_APPLICATION', 'TEXT_ENTRY');
REPLACE INTO `questiondefinition` (`id`, `QueryDefinition_id`, `DataType_id`) VALUES ('MORTGAGE_CURRENT_OTHER_BASEINCOME', 'MORTGAGE_APPLICATION', 'TEXT_ENTRY');
REPLACE INTO `questiondefinition` (`id`, `QueryDefinition_id`, `DataType_id`) VALUES ('MORTGAGE_CURRENT_OTHER_OVERTIMEINCOME', 'MORTGAGE_APPLICATION', 'TEXT_ENTRY');
REPLACE INTO `questiondefinition` (`id`, `QueryDefinition_id`, `DataType_id`) VALUES ('MORTGAGE_CURRENT_OTHER_BONUSINCOME', 'MORTGAGE_APPLICATION', 'TEXT_ENTRY');
REPLACE INTO `questiondefinition` (`id`, `QueryDefinition_id`, `DataType_id`) VALUES ('MORTGAGE_CURRENT_OTHER_COMMISSIONINCOME', 'MORTGAGE_APPLICATION', 'TEXT_ENTRY');
REPLACE INTO `questiondefinition` (`id`, `QueryDefinition_id`, `DataType_id`) VALUES ('MORTGAGE_CURRENT_OTHER_OTHERINCOME', 'MORTGAGE_APPLICATION', 'TEXT_ENTRY');
REPLACE INTO `questiondefinition` (`id`, `QueryDefinition_id`, `DataType_id`, `OptionGroup_id`, `IsRequired`) VALUES ('MORTGAGE_CURRENT_BASE_OTHER_PAYPERIOD', 'MORTGAGE_APPLICATION', 'temp', 'PAYPERIOD_TYPE_BASE_OT_MORTGAGE', '0');
REPLACE INTO `questiondefinition` (`id`, `QueryDefinition_id`, `DataType_id`, `OptionGroup_id`, `IsRequired`) VALUES ('MORTGAGE_CURRENT_OVERTIME_OTHER_PAYPERIOD', 'MORTGAGE_APPLICATION', 'temp', 'PAYPERIOD_TYPE_BASE_OT_MORTGAGE', '0');
REPLACE INTO `questiondefinition` (`id`, `QueryDefinition_id`, `DataType_id`, `OptionGroup_id`, `IsRequired`) VALUES ('MORTGAGE_CURRENT_BONUS_OTHER_PAYPERIOD', 'MORTGAGE_APPLICATION', 'temp', 'PAYPERIOD_TYPE_BONUS', '0');
REPLACE INTO `questiondefinition` (`id`, `QueryDefinition_id`, `DataType_id`, `OptionGroup_id`, `IsRequired`) VALUES ('MORTGAGE_CURRENT_COMMISSION_OTHER_PAYPERIOD', 'MORTGAGE_APPLICATION', 'temp', 'PAYPERIOD_TYPE_BONUS', '0');
REPLACE INTO `questiondefinition` (`id`, `QueryDefinition_id`, `DataType_id`, `OptionGroup_id`, `IsRequired`) VALUES ('MORTGAGE_CURRENT_OTHER_OTHER_PAYPERIOD', 'MORTGAGE_APPLICATION', 'temp', 'PAYPERIOD_TYPE_OTHER', '0');
REPLACE INTO `questiondefinition` (`id`, `QueryDefinition_id`, `DataType_id`) VALUES ('MORTGAGE_CURRENT_OTHER_OTHERINCOME_WH', 'MORTGAGE_APPLICATION', 'TEXT_ENTRY');
REPLACE INTO `questiondefinition` (`id`, `QueryDefinition_id`, `DataType_id`) VALUES ('MORTGAGE_CURRENT_OTHER_BASEINCOME_WH', 'MORTGAGE_APPLICATION', 'TEXT_ENTRY');
REPLACE INTO `questiondefinition` (`id`, `QueryDefinition_id`, `DataType_id`) VALUES ('MORTGAGE_CURRENT_OTHER_OVERTIMEINCOME_WH', 'MORTGAGE_APPLICATION', 'TEXT_ENTRY');
REPLACE INTO `questiondefinition` (`id`, `QueryDefinition_id`, `DataType_id`) VALUES ('MORTGAGE_CURRENT_OTHER_EMPLOYMENT_CHECKBOX', 'MORTGAGE_APPLICATION', 'TEXT_ENTRY');
REPLACE INTO `questiondefinition` (`id`, `QueryDefinition_id`, `DataType_id`) VALUES ('MORTGAGE_CURRENT_OTHER_EMPLOYER_PROFESSIONDURATION', 'MORTGAGE_APPLICATION', 'TEXT_ENTRY');

REPLACE INTO `querysectionquestion` (`id`, `QueryDefinition_id`, `QuerySection_id`, `QuestionDefinition_id`, `abstractName`) VALUES ('MA_CURR_OTHER_EMP_NAME', 'MORTGAGE_APPLICATION', 'MORTGAGE_INCOME_APPLICANT', 'MORTGAGE_CURRENT_OTHER_EMPLOYERNAME', 'OtherEmployer');
REPLACE INTO `querysectionquestion` (`id`, `QueryDefinition_id`, `QuerySection_id`, `QuestionDefinition_id`, `abstractName`) VALUES ('MA_CURR_OTHER_EMP_POSITION', 'MORTGAGE_APPLICATION', 'MORTGAGE_INCOME_APPLICANT', 'MORTGAGE_CURRENT_OTHER_EMPLOYMENTPOSITION', 'OtherDesignation');
REPLACE INTO `querysectionquestion` (`id`, `QueryDefinition_id`, `QuerySection_id`, `QuestionDefinition_id`, `abstractName`) VALUES ('MA_CURR_OTHER_EMP_PHONE', 'MORTGAGE_APPLICATION', 'MORTGAGE_INCOME_APPLICANT', 'MORTGAGE_CURRENT_OTHER_EMPLOYERPHONE', 'OtherCurrentEmployerPhoneNumber');
REPLACE INTO `querysectionquestion` (`id`, `QueryDefinition_id`, `QuerySection_id`, `QuestionDefinition_id`, `abstractName`) VALUES ('MA_CURR_OTHER_EMP_ADDLINE1', 'MORTGAGE_APPLICATION', 'MORTGAGE_INCOME_APPLICANT', 'MORTGAGE_CURRENT_EMPLOYER_OTHER_ADDLINE1', 'OtherEmpAddressLine1');
REPLACE INTO `querysectionquestion` (`id`, `QueryDefinition_id`, `QuerySection_id`, `QuestionDefinition_id`, `abstractName`) VALUES ('MA_CURR_OTHER_EMP_ADDLINE2', 'MORTGAGE_APPLICATION', 'MORTGAGE_INCOME_APPLICANT', 'MORTGAGE_CURRENT_EMPLOYER_OTHER_ADDLINE2', 'OtherEmpAddressLine2');
REPLACE INTO `querysectionquestion` (`id`, `QueryDefinition_id`, `QuerySection_id`, `QuestionDefinition_id`, `abstractName`) VALUES ('MA_CURR_OTHER_EMP_ADDCITY', 'MORTGAGE_APPLICATION', 'MORTGAGE_INCOME_APPLICANT', 'MORTGAGE_CURRENT_EMPLOYER_OTHER_ADDCITY', 'OtherEmpAddressCity');
REPLACE INTO `querysectionquestion` (`id`, `QueryDefinition_id`, `QuerySection_id`, `QuestionDefinition_id`, `abstractName`) VALUES ('MA_CURR_OTHER_EMP_ADDSTATE', 'MORTGAGE_APPLICATION', 'MORTGAGE_INCOME_APPLICANT', 'MORTGAGE_CURRENT_EMPLOYER_OTHER_ADDSTATE', 'OtherEmpAddressState');
REPLACE INTO `querysectionquestion` (`id`, `QueryDefinition_id`, `QuerySection_id`, `QuestionDefinition_id`, `abstractName`) VALUES ('MA_CURR_OTHER_EMP_ADDZIP', 'MORTGAGE_APPLICATION', 'MORTGAGE_INCOME_APPLICANT', 'MORTGAGE_CURRENT_EMPLOYER_OTHER_ADDZIP', 'OtherEmpAddressZipcode');
REPLACE INTO `querysectionquestion` (`id`, `QueryDefinition_id`, `QuerySection_id`, `QuestionDefinition_id`, `abstractName`) VALUES ('MA_CURR_OTHER_EMP_ADDCOUNTRY', 'MORTGAGE_APPLICATION', 'MORTGAGE_INCOME_APPLICANT', 'MORTGAGE_CURRENT_OTHER_EMPLOYER_ADDCOUNTRY', 'OtherEmpAddressCountry');
REPLACE INTO `querysectionquestion` (`id`, `QueryDefinition_id`, `QuerySection_id`, `QuestionDefinition_id`, `abstractName`) VALUES ('MA_CURR_OTHER_INCOME_PROFESSIONSTARTDATE', 'MORTGAGE_APPLICATION', 'MORTGAGE_INCOME_APPLICANT', 'MORTGAGE_CURRENT_OTHER_EMPLOYER_PROFESSIONSTARTDATE', 'OtherEmployerStartDate');
REPLACE INTO `querysectionquestion` (`id`, `QueryDefinition_id`, `QuerySection_id`, `QuestionDefinition_id`, `abstractName`) VALUES ('MA_CURR_OTHER_TOTALGROSS', 'MORTGAGE_APPLICATION', 'MORTGAGE_INCOME_APPLICANT', 'MORTGAGE_CURRENT_OTHER_GROSSINCOME', 'OtherIncomeAmount');
REPLACE INTO `querysectionquestion` (`id`, `QueryDefinition_id`, `QuerySection_id`, `QuestionDefinition_id`, `abstractName`) VALUES ('MA_CURR_OTHER_BASEINCOME', 'MORTGAGE_APPLICATION', 'MORTGAGE_INCOME_APPLICANT', 'MORTGAGE_CURRENT_OTHER_BASEINCOME', 'OtherBaseIncomeAmount');
REPLACE INTO `querysectionquestion` (`id`, `QueryDefinition_id`, `QuerySection_id`, `QuestionDefinition_id`, `abstractName`) VALUES ('MA_CURR_OTHER_OVERTIMEINCOME', 'MORTGAGE_APPLICATION', 'MORTGAGE_INCOME_APPLICANT', 'MORTGAGE_CURRENT_OTHER_OVERTIMEINCOME', 'OtherOverTimeIncomeAmount');
REPLACE INTO `querysectionquestion` (`id`, `QueryDefinition_id`, `QuerySection_id`, `QuestionDefinition_id`, `abstractName`) VALUES ('MA_CURR_OTHER_BONUSINCOME', 'MORTGAGE_APPLICATION', 'MORTGAGE_INCOME_APPLICANT', 'MORTGAGE_CURRENT_OTHER_BONUSINCOME', 'OtherBonusIncomeAmount');
REPLACE INTO `querysectionquestion` (`id`, `QueryDefinition_id`, `QuerySection_id`, `QuestionDefinition_id`, `abstractName`) VALUES ('MA_CURR_OTHER_COMMISSIONINCOME', 'MORTGAGE_APPLICATION', 'MORTGAGE_INCOME_APPLICANT', 'MORTGAGE_CURRENT_OTHER_COMMISSIONINCOME', 'OtherCommissionIncomeAmount');
REPLACE INTO `querysectionquestion` (`id`, `QueryDefinition_id`, `QuerySection_id`, `QuestionDefinition_id`, `abstractName`) VALUES ('MA_CURR_OTHER_OTHERINCOME', 'MORTGAGE_APPLICATION', 'MORTGAGE_INCOME_APPLICANT', 'MORTGAGE_CURRENT_OTHER_OTHERINCOME', 'OtherOtherIncomeAmount');
REPLACE INTO `querysectionquestion` (`id`, `QueryDefinition_id`, `QuerySection_id`, `QuestionDefinition_id`, `abstractName`) VALUES ('MA_CURRENT_BASE_OTHER_PAYPERIOD', 'MORTGAGE_APPLICATION', 'MORTGAGE_INCOME_APPLICANT', 'MORTGAGE_CURRENT_BASE_OTHER_PAYPERIOD', 'OtherBasePayPeriod');
REPLACE INTO `querysectionquestion` (`id`, `QueryDefinition_id`, `QuerySection_id`, `QuestionDefinition_id`, `abstractName`) VALUES ('MA_CURRENT_OVERTIME_OTHER_PAYPERIOD', 'MORTGAGE_APPLICATION', 'MORTGAGE_INCOME_APPLICANT', 'MORTGAGE_CURRENT_OVERTIME_OTHER_PAYPERIOD', 'OtherOvertimePayPeriod');
REPLACE INTO `querysectionquestion` (`id`, `QueryDefinition_id`, `QuerySection_id`, `QuestionDefinition_id`, `abstractName`) VALUES ('MA_CURRENT_BONUS_OTHER_PAYPERIOD', 'MORTGAGE_APPLICATION', 'MORTGAGE_INCOME_APPLICANT', 'MORTGAGE_CURRENT_BONUS_OTHER_PAYPERIOD', 'OtherBonusPayPeriod');
REPLACE INTO `querysectionquestion` (`id`, `QueryDefinition_id`, `QuerySection_id`, `QuestionDefinition_id`, `abstractName`) VALUES ('MA_CURRENT_COMMISSION_OTHER_PAYPERIOD', 'MORTGAGE_APPLICATION', 'MORTGAGE_INCOME_APPLICANT', 'MORTGAGE_CURRENT_COMMISSION_OTHER_PAYPERIOD', 'OtherCommissionPayPeriod');
REPLACE INTO `querysectionquestion` (`id`, `QueryDefinition_id`, `QuerySection_id`, `QuestionDefinition_id`, `abstractName`) VALUES ('MA_CURRENT_OTHER_OTHER_PAYPERIOD', 'MORTGAGE_APPLICATION', 'MORTGAGE_INCOME_APPLICANT', 'MORTGAGE_CURRENT_OTHER_OTHER_PAYPERIOD', 'OtherPayPeriod');
REPLACE INTO `querysectionquestion` (`id`, `QueryDefinition_id`, `QuerySection_id`, `QuestionDefinition_id`, `abstractName`) VALUES ('MA_CURR_OTHER_OTHERINCOME_WH', 'MORTGAGE_APPLICATION', 'MORTGAGE_INCOME_APPLICANT', 'MORTGAGE_CURRENT_OTHER_OTHERINCOME_WH', 'OtherIncomeWH');
REPLACE INTO `querysectionquestion` (`id`, `QueryDefinition_id`, `QuerySection_id`, `QuestionDefinition_id`, `abstractName`) VALUES ('MA_CURR_OTHER_BASEINCOME_WH', 'MORTGAGE_APPLICATION', 'MORTGAGE_INCOME_APPLICANT', 'MORTGAGE_CURRENT_OTHER_BASEINCOME_WH', 'OtherBaseIncomeWH');
REPLACE INTO `querysectionquestion` (`id`, `QueryDefinition_id`, `QuerySection_id`, `QuestionDefinition_id`, `abstractName`) VALUES ('MA_CURR_OTHER_OVERTIMEINCOME_WH', 'MORTGAGE_APPLICATION', 'MORTGAGE_INCOME_APPLICANT', 'MORTGAGE_CURRENT_OTHER_OVERTIMEINCOME_WH', 'OtherOvertimeIncomeWH');
REPLACE INTO `querysectionquestion` (`id`, `QueryDefinition_id`, `QuerySection_id`, `QuestionDefinition_id`, `abstractName`) VALUES ('MA_CURR_OTHER_EMPLOYMENT_CHECK', 'MORTGAGE_APPLICATION', 'MORTGAGE_INCOME_APPLICANT', 'MORTGAGE_CURRENT_OTHER_EMPLOYMENT_CHECKBOX', 'EmploymentCheckOther');
REPLACE INTO `querysectionquestion` (`id`, `QueryDefinition_id`, `QuerySection_id`, `QuestionDefinition_id`, `abstractName`) VALUES ('MA_CURR_OTHER_INCOME_PROFESSIONDURATION', 'MORTGAGE_APPLICATION', 'MORTGAGE_INCOME_APPLICANT', 'MORTGAGE_CURRENT_OTHER_EMPLOYER_PROFESSIONDURATION', 'OtherProfessionDuration');

REPLACE INTO `optiongroup` (`id`, `Name`) VALUES ('MORTGAGE_PREV_EMPLOYMENT_SELECT' , 'Choice for type of previous employment for mortgage');

REPLACE INTO `optionitem` (`id`, `OptionGroup_id`, `DefaultValue`, `Sequence`) VALUES ('PREV_EMP_TYPE_1', 'MORTGAGE_PREV_EMPLOYMENT_SELECT', 'Full-Time Employed', '1');
REPLACE INTO `optionitem` (`id`, `OptionGroup_id`, `DefaultValue`, `Sequence`) VALUES ('PREV_EMP_TYPE_2', 'MORTGAGE_PREV_EMPLOYMENT_SELECT', 'Part-Time Employed', '2');
REPLACE INTO `optionitem` (`id`, `OptionGroup_id`, `DefaultValue`, `Sequence`) VALUES ('PREV_EMP_TYPE_3', 'MORTGAGE_PREV_EMPLOYMENT_SELECT', 'Self Employed / Business', '3');
REPLACE INTO `optionitem` (`id`, `OptionGroup_id`, `DefaultValue`, `Sequence`) VALUES ('PREV_EMP_TYPE_4', 'MORTGAGE_PREV_EMPLOYMENT_SELECT', 'Military', '4');
REPLACE INTO `optionitem` (`id`, `OptionGroup_id`, `DefaultValue`, `Sequence`) VALUES ('PREV_EMP_TYPE_5', 'MORTGAGE_PREV_EMPLOYMENT_SELECT', 'Unemployed', '5');
REPLACE INTO `optionitem` (`id`, `OptionGroup_id`, `DefaultValue`, `Sequence`) VALUES ('PREV_EMP_TYPE_6', 'MORTGAGE_PREV_EMPLOYMENT_SELECT', 'Student', '6');
REPLACE INTO `optionitem` (`id`, `OptionGroup_id`, `DefaultValue`, `Sequence`) VALUES ('PREV_EMP_TYPE_7', 'MORTGAGE_PREV_EMPLOYMENT_SELECT', 'Homemaker', '7');
REPLACE INTO `optionitem` (`id`, `OptionGroup_id`, `DefaultValue`, `Sequence`) VALUES ('PREV_EMP_TYPE_8', 'MORTGAGE_PREV_EMPLOYMENT_SELECT', 'Other', '8');

REPLACE INTO `questiondefinition` (`id`, `QueryDefinition_id`, `DataType_id`, `OptionGroup_id`) VALUES ('MORTGAGE_PREVIOUS_EMPLOYMENT_STATUS', 'MORTGAGE_APPLICATION', 'temp', 'MORTGAGE_PREV_EMPLOYMENT_SELECT');
REPLACE INTO `questiondefinition` (`id`, `QueryDefinition_id`, `DataType_id`, `OptionGroup_id`) VALUES ('MORTGAGE_PREVIOUSLY_EMPLOYED', 'MORTGAGE_APPLICATION', 'temp', 'CHALLENGE');
REPLACE INTO `questiondefinition` (`id`, `QueryDefinition_id`, `DataType_id`, `OptionGroup_id`) VALUES ('MORTGAGE_PROVIDE_PREVIOUSLY_EMPLOYED', 'MORTGAGE_APPLICATION', 'temp', 'CHALLENGE');


REPLACE INTO `querysectionquestion` (`id`, `QueryDefinition_id`, `QuerySection_id`, `QuestionDefinition_id`, `abstractName`) VALUES ('MA_PREV_EMP_TYPE', 'MORTGAGE_APPLICATION', 'MORTGAGE_INCOME_APPLICANT', 'MORTGAGE_PREVIOUS_EMPLOYMENT_STATUS', 'PrevEmploymentStatus');
REPLACE INTO `querysectionquestion` (`id`, `QueryDefinition_id`, `QuerySection_id`, `QuestionDefinition_id`, `abstractName`) VALUES ('MA_PREV_EMP_PROVIDE', 'MORTGAGE_APPLICATION', 'MORTGAGE_INCOME_APPLICANT', 'MORTGAGE_PREVIOUSLY_EMPLOYED', 'ProvidePrevEmployment');
REPLACE INTO `querysectionquestion` (`id`, `QueryDefinition_id`, `QuerySection_id`, `QuestionDefinition_id`, `abstractName`) VALUES ('MA_PREV_EMPLOYED', 'MORTGAGE_APPLICATION', 'MORTGAGE_INCOME_APPLICANT', 'MORTGAGE_PROVIDE_PREVIOUSLY_EMPLOYED', 'ProvidePrevEmployed');


REPLACE INTO `questiondefinition` (`id`, `QueryDefinition_id`, `DataType_id`) VALUES ('MORTGAGE_PREVIOUS_FT_EMPLOYERNAME', 'MORTGAGE_APPLICATION', 'TEXT_ENTRY');
REPLACE INTO `questiondefinition` (`id`, `QueryDefinition_id`, `DataType_id`) VALUES ('MORTGAGE_PREVIOUS_FT_EMPLOYMENTPOSITION', 'MORTGAGE_APPLICATION', 'TEXT_ENTRY');
REPLACE INTO `questiondefinition` (`id`, `QueryDefinition_id`, `DataType_id`) VALUES ('MORTGAGE_PREVIOUS_FT_EMPLOYERPHONE', 'MORTGAGE_APPLICATION', 'TEXT_ENTRY');
REPLACE INTO `questiondefinition` (`id`, `QueryDefinition_id`, `DataType_id`) VALUES ('MORTGAGE_PREVIOUS_EMPLOYER_FT_ADDLINE1', 'MORTGAGE_APPLICATION', 'TEXT_ENTRY');
REPLACE INTO `questiondefinition` (`id`, `QueryDefinition_id`, `DataType_id`) VALUES ('MORTGAGE_PREVIOUS_EMPLOYER_FT_ADDLINE2', 'MORTGAGE_APPLICATION', 'TEXT_ENTRY');
REPLACE INTO `questiondefinition` (`id`, `QueryDefinition_id`, `DataType_id`) VALUES ('MORTGAGE_PREVIOUS_EMPLOYER_FT_ADDCITY', 'MORTGAGE_APPLICATION', 'TEXT_ENTRY');
REPLACE INTO `questiondefinition` (`id`, `QueryDefinition_id`, `DataType_id`) VALUES ('MORTGAGE_PREVIOUS_EMPLOYER_FT_ADDSTATE', 'MORTGAGE_APPLICATION', 'TEXT_ENTRY');
REPLACE INTO `questiondefinition` (`id`, `QueryDefinition_id`, `DataType_id`) VALUES ('MORTGAGE_PREVIOUS_EMPLOYER_FT_ADDZIP', 'MORTGAGE_APPLICATION', 'TEXT_ENTRY');
REPLACE INTO `questiondefinition` (`id`, `QueryDefinition_id`, `DataType_id`) VALUES ('MORTGAGE_PREVIOUS_FT_EMPLOYER_ADDCOUNTRY', 'MORTGAGE_APPLICATION', 'TEXT_ENTRY');
REPLACE INTO `questiondefinition` (`id`, `QueryDefinition_id`, `DataType_id`) VALUES ('MORTGAGE_PREVIOUS_FT_EMPLOYER_PROFESSIONSTARTDATE', 'MORTGAGE_APPLICATION', 'TEXT_ENTRY');
REPLACE INTO `questiondefinition` (`id`, `QueryDefinition_id`, `DataType_id`) VALUES ('MORTGAGE_PREVIOUS_FT_GROSSINCOME', 'MORTGAGE_APPLICATION', 'TEXT_ENTRY');
REPLACE INTO `questiondefinition` (`id`, `QueryDefinition_id`, `DataType_id`) VALUES ('MORTGAGE_PREVIOUS_FT_EMPLOYER_PROFESSIONENDDATE', 'MORTGAGE_APPLICATION', 'TEXT_ENTRY');


REPLACE INTO `querysectionquestion` (`id`, `QueryDefinition_id`, `QuerySection_id`, `QuestionDefinition_id`, `abstractName`) VALUES ('MA_PREV_FT_EMP_NAME', 'MORTGAGE_APPLICATION', 'MORTGAGE_INCOME_APPLICANT', 'MORTGAGE_PREVIOUS_FT_EMPLOYERNAME', 'PrevEmployerFt');
REPLACE INTO `querysectionquestion` (`id`, `QueryDefinition_id`, `QuerySection_id`, `QuestionDefinition_id`, `abstractName`) VALUES ('MA_PREV_FT_EMP_POSITION', 'MORTGAGE_APPLICATION', 'MORTGAGE_INCOME_APPLICANT', 'MORTGAGE_PREVIOUS_FT_EMPLOYMENTPOSITION', 'PrevDesignationFt');
REPLACE INTO `querysectionquestion` (`id`, `QueryDefinition_id`, `QuerySection_id`, `QuestionDefinition_id`, `abstractName`) VALUES ('MA_PREV_FT_EMP_PHONE', 'MORTGAGE_APPLICATION', 'MORTGAGE_INCOME_APPLICANT', 'MORTGAGE_PREVIOUS_FT_EMPLOYERPHONE', 'PrevEmployerPhoneNumberFt');
REPLACE INTO `querysectionquestion` (`id`, `QueryDefinition_id`, `QuerySection_id`, `QuestionDefinition_id`, `abstractName`) VALUES ('MA_PREV_FT_EMP_ADDLINE1', 'MORTGAGE_APPLICATION', 'MORTGAGE_INCOME_APPLICANT', 'MORTGAGE_PREVIOUS_EMPLOYER_FT_ADDLINE1', 'PrevEmpAddressLine1Ft');
REPLACE INTO `querysectionquestion` (`id`, `QueryDefinition_id`, `QuerySection_id`, `QuestionDefinition_id`, `abstractName`) VALUES ('MA_PREV_FT_EMP_ADDLINE2', 'MORTGAGE_APPLICATION', 'MORTGAGE_INCOME_APPLICANT', 'MORTGAGE_PREVIOUS_EMPLOYER_FT_ADDLINE2', 'PrevEmpAddressLine2Ft');
REPLACE INTO `querysectionquestion` (`id`, `QueryDefinition_id`, `QuerySection_id`, `QuestionDefinition_id`, `abstractName`) VALUES ('MA_PREV_FT_EMP_ADDCITY', 'MORTGAGE_APPLICATION', 'MORTGAGE_INCOME_APPLICANT', 'MORTGAGE_PREVIOUS_EMPLOYER_FT_ADDCITY', 'PrevEmpAddressCityFt');
REPLACE INTO `querysectionquestion` (`id`, `QueryDefinition_id`, `QuerySection_id`, `QuestionDefinition_id`, `abstractName`) VALUES ('MA_PREV_FT_EMP_ADDSTATE', 'MORTGAGE_APPLICATION', 'MORTGAGE_INCOME_APPLICANT', 'MORTGAGE_PREVIOUS_EMPLOYER_FT_ADDSTATE', 'PrevEmpAddressStateFt');
REPLACE INTO `querysectionquestion` (`id`, `QueryDefinition_id`, `QuerySection_id`, `QuestionDefinition_id`, `abstractName`) VALUES ('MA_PREV_FT_EMP_ADDZIP', 'MORTGAGE_APPLICATION', 'MORTGAGE_INCOME_APPLICANT', 'MORTGAGE_PREVIOUS_EMPLOYER_FT_ADDZIP', 'PrevEmpAddressZipcodeFt');
REPLACE INTO `querysectionquestion` (`id`, `QueryDefinition_id`, `QuerySection_id`, `QuestionDefinition_id`, `abstractName`) VALUES ('MA_PREV_FT_EMP_ADDCOUNTRY', 'MORTGAGE_APPLICATION', 'MORTGAGE_INCOME_APPLICANT', 'MORTGAGE_PREVIOUS_FT_EMPLOYER_ADDCOUNTRY', 'PrevEmpAddressCountryFt');
REPLACE INTO `querysectionquestion` (`id`, `QueryDefinition_id`, `QuerySection_id`, `QuestionDefinition_id`, `abstractName`) VALUES ('MA_PREV_FT_INCOME_PROFESSIONSTARTDATE', 'MORTGAGE_APPLICATION', 'MORTGAGE_INCOME_APPLICANT', 'MORTGAGE_PREVIOUS_FT_EMPLOYER_PROFESSIONSTARTDATE', 'PrevEmployerStartDateFt');
REPLACE INTO `querysectionquestion` (`id`, `QueryDefinition_id`, `QuerySection_id`, `QuestionDefinition_id`, `abstractName`) VALUES ('MA_PREV_FT_TOTALGROSS', 'MORTGAGE_APPLICATION', 'MORTGAGE_INCOME_APPLICANT', 'MORTGAGE_PREVIOUS_FT_GROSSINCOME', 'PrevFullTimeIncomeAmount');
REPLACE INTO `querysectionquestion` (`id`, `QueryDefinition_id`, `QuerySection_id`, `QuestionDefinition_id`, `abstractName`) VALUES ('MA_PREV_FT_INCOME_PROFESSIONENDDATE', 'MORTGAGE_APPLICATION', 'MORTGAGE_INCOME_APPLICANT', 'MORTGAGE_PREVIOUS_FT_EMPLOYER_PROFESSIONENDDATE', 'PrevEmployerEndDateFt');


REPLACE INTO `questiondefinition` (`id`, `QueryDefinition_id`, `DataType_id`) VALUES ('MORTGAGE_PREVIOUS_PT_EMPLOYERNAME', 'MORTGAGE_APPLICATION', 'TEXT_ENTRY');
REPLACE INTO `questiondefinition` (`id`, `QueryDefinition_id`, `DataType_id`) VALUES ('MORTGAGE_PREVIOUS_PT_EMPLOYMENTPOSITION', 'MORTGAGE_APPLICATION', 'TEXT_ENTRY');
REPLACE INTO `questiondefinition` (`id`, `QueryDefinition_id`, `DataType_id`) VALUES ('MORTGAGE_PREVIOUS_PT_EMPLOYERPHONE', 'MORTGAGE_APPLICATION', 'TEXT_ENTRY');
REPLACE INTO `questiondefinition` (`id`, `QueryDefinition_id`, `DataType_id`) VALUES ('MORTGAGE_PREVIOUS_EMPLOYER_PT_ADDLINE1', 'MORTGAGE_APPLICATION', 'TEXT_ENTRY');
REPLACE INTO `questiondefinition` (`id`, `QueryDefinition_id`, `DataType_id`) VALUES ('MORTGAGE_PREVIOUS_EMPLOYER_PT_ADDLINE2', 'MORTGAGE_APPLICATION', 'TEXT_ENTRY');
REPLACE INTO `questiondefinition` (`id`, `QueryDefinition_id`, `DataType_id`) VALUES ('MORTGAGE_PREVIOUS_EMPLOYER_PT_ADDCITY', 'MORTGAGE_APPLICATION', 'TEXT_ENTRY');
REPLACE INTO `questiondefinition` (`id`, `QueryDefinition_id`, `DataType_id`) VALUES ('MORTGAGE_PREVIOUS_EMPLOYER_PT_ADDSTATE', 'MORTGAGE_APPLICATION', 'TEXT_ENTRY');
REPLACE INTO `questiondefinition` (`id`, `QueryDefinition_id`, `DataType_id`) VALUES ('MORTGAGE_PREVIOUS_EMPLOYER_PT_ADDZIP', 'MORTGAGE_APPLICATION', 'TEXT_ENTRY');
REPLACE INTO `questiondefinition` (`id`, `QueryDefinition_id`, `DataType_id`) VALUES ('MORTGAGE_PREVIOUS_PT_EMPLOYER_ADDCOUNTRY', 'MORTGAGE_APPLICATION', 'TEXT_ENTRY');
REPLACE INTO `questiondefinition` (`id`, `QueryDefinition_id`, `DataType_id`) VALUES ('MORTGAGE_PREVIOUS_PT_EMPLOYER_PROFESSIONSTARTDATE', 'MORTGAGE_APPLICATION', 'TEXT_ENTRY');
REPLACE INTO `questiondefinition` (`id`, `QueryDefinition_id`, `DataType_id`) VALUES ('MORTGAGE_PREVIOUS_PT_GROSSINCOME', 'MORTGAGE_APPLICATION', 'TEXT_ENTRY');
REPLACE INTO `questiondefinition` (`id`, `QueryDefinition_id`, `DataType_id`) VALUES ('MORTGAGE_PREVIOUS_PT_EMPLOYER_PROFESSIONENDDATE', 'MORTGAGE_APPLICATION', 'TEXT_ENTRY');


REPLACE INTO `querysectionquestion` (`id`, `QueryDefinition_id`, `QuerySection_id`, `QuestionDefinition_id`, `abstractName`) VALUES ('MA_PREV_PT_EMP_NAME', 'MORTGAGE_APPLICATION', 'MORTGAGE_INCOME_APPLICANT', 'MORTGAGE_PREVIOUS_PT_EMPLOYERNAME', 'PrevEmployerPt');
REPLACE INTO `querysectionquestion` (`id`, `QueryDefinition_id`, `QuerySection_id`, `QuestionDefinition_id`, `abstractName`) VALUES ('MA_PREV_PT_EMP_POSITION', 'MORTGAGE_APPLICATION', 'MORTGAGE_INCOME_APPLICANT', 'MORTGAGE_PREVIOUS_PT_EMPLOYMENTPOSITION', 'PrevDesignationPt');
REPLACE INTO `querysectionquestion` (`id`, `QueryDefinition_id`, `QuerySection_id`, `QuestionDefinition_id`, `abstractName`) VALUES ('MA_PREV_PT_EMP_PHONE', 'MORTGAGE_APPLICATION', 'MORTGAGE_INCOME_APPLICANT', 'MORTGAGE_PREVIOUS_PT_EMPLOYERPHONE', 'PrevEmployerPhoneNumberPt');
REPLACE INTO `querysectionquestion` (`id`, `QueryDefinition_id`, `QuerySection_id`, `QuestionDefinition_id`, `abstractName`) VALUES ('MA_PREV_PT_EMP_ADDLINE1', 'MORTGAGE_APPLICATION', 'MORTGAGE_INCOME_APPLICANT', 'MORTGAGE_PREVIOUS_EMPLOYER_PT_ADDLINE1', 'PrevEmpAddressLine1Pt');
REPLACE INTO `querysectionquestion` (`id`, `QueryDefinition_id`, `QuerySection_id`, `QuestionDefinition_id`, `abstractName`) VALUES ('MA_PREV_PT_EMP_ADDLINE2', 'MORTGAGE_APPLICATION', 'MORTGAGE_INCOME_APPLICANT', 'MORTGAGE_PREVIOUS_EMPLOYER_PT_ADDLINE2', 'PrevEmpAddressLine2Pt');
REPLACE INTO `querysectionquestion` (`id`, `QueryDefinition_id`, `QuerySection_id`, `QuestionDefinition_id`, `abstractName`) VALUES ('MA_PREV_PT_EMP_ADDCITY', 'MORTGAGE_APPLICATION', 'MORTGAGE_INCOME_APPLICANT', 'MORTGAGE_PREVIOUS_EMPLOYER_PT_ADDCITY', 'PrevEmpAddressCityPt');
REPLACE INTO `querysectionquestion` (`id`, `QueryDefinition_id`, `QuerySection_id`, `QuestionDefinition_id`, `abstractName`) VALUES ('MA_PREV_PT_EMP_ADDSTATE', 'MORTGAGE_APPLICATION', 'MORTGAGE_INCOME_APPLICANT', 'MORTGAGE_PREVIOUS_EMPLOYER_PT_ADDSTATE', 'PrevEmpAddressStatePt');
REPLACE INTO `querysectionquestion` (`id`, `QueryDefinition_id`, `QuerySection_id`, `QuestionDefinition_id`, `abstractName`) VALUES ('MA_PREV_PT_EMP_ADDZIP', 'MORTGAGE_APPLICATION', 'MORTGAGE_INCOME_APPLICANT', 'MORTGAGE_PREVIOUS_EMPLOYER_PT_ADDZIP', 'PrevEmpAddressZipcodePt');
REPLACE INTO `querysectionquestion` (`id`, `QueryDefinition_id`, `QuerySection_id`, `QuestionDefinition_id`, `abstractName`) VALUES ('MA_PREV_PT_EMP_ADDCOUNTRY', 'MORTGAGE_APPLICATION', 'MORTGAGE_INCOME_APPLICANT', 'MORTGAGE_PREVIOUS_PT_EMPLOYER_ADDCOUNTRY', 'PrevEmpAddressCountryPt');
REPLACE INTO `querysectionquestion` (`id`, `QueryDefinition_id`, `QuerySection_id`, `QuestionDefinition_id`, `abstractName`) VALUES ('MA_PREV_PT_INCOME_PROFESSIONSTARTDATE', 'MORTGAGE_APPLICATION', 'MORTGAGE_INCOME_APPLICANT', 'MORTGAGE_PREVIOUS_PT_EMPLOYER_PROFESSIONSTARTDATE', 'PrevEmployerStartDatePt');
REPLACE INTO `querysectionquestion` (`id`, `QueryDefinition_id`, `QuerySection_id`, `QuestionDefinition_id`, `abstractName`) VALUES ('MA_PREV_PT_TOTALGROSS', 'MORTGAGE_APPLICATION', 'MORTGAGE_INCOME_APPLICANT', 'MORTGAGE_PREVIOUS_PT_GROSSINCOME', 'PrevPartTimeIncomeAmount');
REPLACE INTO `querysectionquestion` (`id`, `QueryDefinition_id`, `QuerySection_id`, `QuestionDefinition_id`, `abstractName`) VALUES ('MA_PREV_PT_INCOME_PROFESSIONENDDATE', 'MORTGAGE_APPLICATION', 'MORTGAGE_INCOME_APPLICANT', 'MORTGAGE_PREVIOUS_PT_EMPLOYER_PROFESSIONENDDATE', 'PrevEmployerEndDatePt');

REPLACE INTO `questiondefinition` (`id`, `QueryDefinition_id`, `DataType_id`) VALUES ('MORTGAGE_PREVIOUS_MILITARY_EMPLOYERNAME', 'MORTGAGE_APPLICATION', 'TEXT_ENTRY');
REPLACE INTO `questiondefinition` (`id`, `QueryDefinition_id`, `DataType_id`) VALUES ('MORTGAGE_PREVIOUS_MILITARY_EMPLOYMENTPOSITION', 'MORTGAGE_APPLICATION', 'TEXT_ENTRY');
REPLACE INTO `questiondefinition` (`id`, `QueryDefinition_id`, `DataType_id`) VALUES ('MORTGAGE_PREVIOUS_MILITARY_EMPLOYERPHONE', 'MORTGAGE_APPLICATION', 'TEXT_ENTRY');
REPLACE INTO `questiondefinition` (`id`, `QueryDefinition_id`, `DataType_id`) VALUES ('MORTGAGE_PREVIOUS_EMPLOYER_MILITARY_ADDLINE1', 'MORTGAGE_APPLICATION', 'TEXT_ENTRY');
REPLACE INTO `questiondefinition` (`id`, `QueryDefinition_id`, `DataType_id`) VALUES ('MORTGAGE_PREVIOUS_EMPLOYER_MILITARY_ADDLINE2', 'MORTGAGE_APPLICATION', 'TEXT_ENTRY');
REPLACE INTO `questiondefinition` (`id`, `QueryDefinition_id`, `DataType_id`) VALUES ('MORTGAGE_PREVIOUS_EMPLOYER_MILITARY_ADDCITY', 'MORTGAGE_APPLICATION', 'TEXT_ENTRY');
REPLACE INTO `questiondefinition` (`id`, `QueryDefinition_id`, `DataType_id`) VALUES ('MORTGAGE_PREVIOUS_EMPLOYER_MILITARY_ADDSTATE', 'MORTGAGE_APPLICATION', 'TEXT_ENTRY');
REPLACE INTO `questiondefinition` (`id`, `QueryDefinition_id`, `DataType_id`) VALUES ('MORTGAGE_PREVIOUS_EMPLOYER_MILITARY_ADDZIP', 'MORTGAGE_APPLICATION', 'TEXT_ENTRY');
REPLACE INTO `questiondefinition` (`id`, `QueryDefinition_id`, `DataType_id`) VALUES ('MORTGAGE_PREVIOUS_MILITARY_EMPLOYER_ADDCOUNTRY', 'MORTGAGE_APPLICATION', 'TEXT_ENTRY');
REPLACE INTO `questiondefinition` (`id`, `QueryDefinition_id`, `DataType_id`) VALUES ('MORTGAGE_PREVIOUS_MILITARY_EMPLOYER_PROFESSIONSTARTDATE', 'MORTGAGE_APPLICATION', 'TEXT_ENTRY');
REPLACE INTO `questiondefinition` (`id`, `QueryDefinition_id`, `DataType_id`) VALUES ('MORTGAGE_PREVIOUS_MILITARY_GROSSINCOME', 'MORTGAGE_APPLICATION', 'TEXT_ENTRY');
REPLACE INTO `questiondefinition` (`id`, `QueryDefinition_id`, `DataType_id`) VALUES ('MORTGAGE_PREVIOUS_MILITARY_EMPLOYER_PROFESSIONENDDATE', 'MORTGAGE_APPLICATION', 'TEXT_ENTRY');

REPLACE INTO `querysectionquestion` (`id`, `QueryDefinition_id`, `QuerySection_id`, `QuestionDefinition_id`, `abstractName`) VALUES ('MA_PREV_MILITARY_EMP_NAME', 'MORTGAGE_APPLICATION', 'MORTGAGE_INCOME_APPLICANT', 'MORTGAGE_PREVIOUS_MILITARY_EMPLOYERNAME', 'PrevMilitaryEmployer');
REPLACE INTO `querysectionquestion` (`id`, `QueryDefinition_id`, `QuerySection_id`, `QuestionDefinition_id`, `abstractName`) VALUES ('MA_PREV_MILITARY_EMP_POSITION', 'MORTGAGE_APPLICATION', 'MORTGAGE_INCOME_APPLICANT', 'MORTGAGE_PREVIOUS_MILITARY_EMPLOYMENTPOSITION', 'PrevMilitaryDesignation');
REPLACE INTO `querysectionquestion` (`id`, `QueryDefinition_id`, `QuerySection_id`, `QuestionDefinition_id`, `abstractName`) VALUES ('MA_PREV_MILITARY_EMP_PHONE', 'MORTGAGE_APPLICATION', 'MORTGAGE_INCOME_APPLICANT', 'MORTGAGE_PREVIOUS_MILITARY_EMPLOYERPHONE', 'PrevMilitaryEmployerPhoneNumber');
REPLACE INTO `querysectionquestion` (`id`, `QueryDefinition_id`, `QuerySection_id`, `QuestionDefinition_id`, `abstractName`) VALUES ('MA_PREV_MILITARY_EMP_ADDLINE1', 'MORTGAGE_APPLICATION', 'MORTGAGE_INCOME_APPLICANT', 'MORTGAGE_PREVIOUS_EMPLOYER_MILITARY_ADDLINE1', 'PrevMilitaryEmpAddressLine1');
REPLACE INTO `querysectionquestion` (`id`, `QueryDefinition_id`, `QuerySection_id`, `QuestionDefinition_id`, `abstractName`) VALUES ('MA_PREV_MILITARY_EMP_ADDLINE2', 'MORTGAGE_APPLICATION', 'MORTGAGE_INCOME_APPLICANT', 'MORTGAGE_PREVIOUS_EMPLOYER_MILITARY_ADDLINE2', 'PrevMilitaryEmpAddressLine2');
REPLACE INTO `querysectionquestion` (`id`, `QueryDefinition_id`, `QuerySection_id`, `QuestionDefinition_id`, `abstractName`) VALUES ('MA_PREV_MILITARY_EMP_ADDCITY', 'MORTGAGE_APPLICATION', 'MORTGAGE_INCOME_APPLICANT', 'MORTGAGE_PREVIOUS_EMPLOYER_MILITARY_ADDCITY', 'PrevMilitaryEmpAddressCity');
REPLACE INTO `querysectionquestion` (`id`, `QueryDefinition_id`, `QuerySection_id`, `QuestionDefinition_id`, `abstractName`) VALUES ('MA_PREV_MILITARY_EMP_ADDSTATE', 'MORTGAGE_APPLICATION', 'MORTGAGE_INCOME_APPLICANT', 'MORTGAGE_PREVIOUS_EMPLOYER_MILITARY_ADDSTATE', 'PrevMilitaryEmpAddressState');
REPLACE INTO `querysectionquestion` (`id`, `QueryDefinition_id`, `QuerySection_id`, `QuestionDefinition_id`, `abstractName`) VALUES ('MA_PREV_MILITARY_EMP_ADDZIP', 'MORTGAGE_APPLICATION', 'MORTGAGE_INCOME_APPLICANT', 'MORTGAGE_PREVIOUS_EMPLOYER_MILITARY_ADDZIP', 'PrevMilitaryEmpAddressZipcode');
REPLACE INTO `querysectionquestion` (`id`, `QueryDefinition_id`, `QuerySection_id`, `QuestionDefinition_id`, `abstractName`) VALUES ('MA_PREV_MILITARY_EMP_ADDCOUNTRY', 'MORTGAGE_APPLICATION', 'MORTGAGE_INCOME_APPLICANT', 'MORTGAGE_PREVIOUS_MILITARY_EMPLOYER_ADDCOUNTRY', 'PrevMilitaryEmpAddressCountry');
REPLACE INTO `querysectionquestion` (`id`, `QueryDefinition_id`, `QuerySection_id`, `QuestionDefinition_id`, `abstractName`) VALUES ('MA_PREV_MILITARY_INCOME_PROFESSIONSTARTDATE', 'MORTGAGE_APPLICATION', 'MORTGAGE_INCOME_APPLICANT', 'MORTGAGE_PREVIOUS_MILITARY_EMPLOYER_PROFESSIONSTARTDATE', 'PrevMilitaryEmployerStartDate');
REPLACE INTO `querysectionquestion` (`id`, `QueryDefinition_id`, `QuerySection_id`, `QuestionDefinition_id`, `abstractName`) VALUES ('MA_PREV_MILITARY_TOTALGROSS', 'MORTGAGE_APPLICATION', 'MORTGAGE_INCOME_APPLICANT', 'MORTGAGE_PREVIOUS_MILITARY_GROSSINCOME', 'PrevMilitaryIncomeAmount');
REPLACE INTO `querysectionquestion` (`id`, `QueryDefinition_id`, `QuerySection_id`, `QuestionDefinition_id`, `abstractName`) VALUES ('MA_PREV_MILITARY_INCOME_PROFESSIONENDDATE', 'MORTGAGE_APPLICATION', 'MORTGAGE_INCOME_APPLICANT', 'MORTGAGE_PREVIOUS_PT_EMPLOYER_PROFESSIONENDDATE', 'PrevEmployerEndDateMilitary');

REPLACE INTO `questiondefinition` (`id`, `QueryDefinition_id`, `DataType_id`) VALUES ('MORTGAGE_PREVIOUS_BUSINESS_EMPLOYERNAME', 'MORTGAGE_APPLICATION', 'TEXT_ENTRY');
REPLACE INTO `questiondefinition` (`id`, `QueryDefinition_id`, `DataType_id`) VALUES ('MORTGAGE_PREVIOUS_BUSINESS_EMPLOYMENTPOSITION', 'MORTGAGE_APPLICATION', 'TEXT_ENTRY');
REPLACE INTO `questiondefinition` (`id`, `QueryDefinition_id`, `DataType_id`) VALUES ('MORTGAGE_PREVIOUS_BUSINESS_EMPLOYERPHONE', 'MORTGAGE_APPLICATION', 'TEXT_ENTRY');
REPLACE INTO `questiondefinition` (`id`, `QueryDefinition_id`, `DataType_id`) VALUES ('MORTGAGE_PREVIOUS_EMPLOYER_BUSINESS_ADDLINE1', 'MORTGAGE_APPLICATION', 'TEXT_ENTRY');
REPLACE INTO `questiondefinition` (`id`, `QueryDefinition_id`, `DataType_id`) VALUES ('MORTGAGE_PREVIOUS_EMPLOYER_BUSINESS_ADDLINE2', 'MORTGAGE_APPLICATION', 'TEXT_ENTRY');
REPLACE INTO `questiondefinition` (`id`, `QueryDefinition_id`, `DataType_id`) VALUES ('MORTGAGE_PREVIOUS_EMPLOYER_BUSINESS_ADDCITY', 'MORTGAGE_APPLICATION', 'TEXT_ENTRY');
REPLACE INTO `questiondefinition` (`id`, `QueryDefinition_id`, `DataType_id`) VALUES ('MORTGAGE_PREVIOUS_EMPLOYER_BUSINESS_ADDSTATE', 'MORTGAGE_APPLICATION', 'TEXT_ENTRY');
REPLACE INTO `questiondefinition` (`id`, `QueryDefinition_id`, `DataType_id`) VALUES ('MORTGAGE_PREVIOUS_EMPLOYER_BUSINESS_ADDZIP', 'MORTGAGE_APPLICATION', 'TEXT_ENTRY');
REPLACE INTO `questiondefinition` (`id`, `QueryDefinition_id`, `DataType_id`) VALUES ('MORTGAGE_PREVIOUS_BUSINESS_EMPLOYER_ADDCOUNTRY', 'MORTGAGE_APPLICATION', 'TEXT_ENTRY');
REPLACE INTO `questiondefinition` (`id`, `QueryDefinition_id`, `DataType_id`) VALUES ('MORTGAGE_PREVIOUS_BUSINESS_EMPLOYER_PROFESSIONSTARTDATE', 'MORTGAGE_APPLICATION', 'TEXT_ENTRY');
REPLACE INTO `questiondefinition` (`id`, `QueryDefinition_id`, `DataType_id`) VALUES ('MORTGAGE_PREVIOUS_BUSINESS_GROSSINCOME', 'MORTGAGE_APPLICATION', 'TEXT_ENTRY');
REPLACE INTO `questiondefinition` (`id`, `QueryDefinition_id`, `DataType_id`) VALUES ('MORTGAGE_PREVIOUS_BUSINESS_EMPLOYER_PROFESSIONENDDATE', 'MORTGAGE_APPLICATION', 'TEXT_ENTRY');

-- QuerySectionQuestion

REPLACE INTO `querysectionquestion` (`id`, `QueryDefinition_id`, `QuerySection_id`, `QuestionDefinition_id`, `abstractName`) VALUES ('MA_PREV_BUSINESS_EMP_NAME', 'MORTGAGE_APPLICATION', 'MORTGAGE_INCOME_APPLICANT', 'MORTGAGE_PREVIOUS_BUSINESS_EMPLOYERNAME', 'PrevBusinessName');
REPLACE INTO `querysectionquestion` (`id`, `QueryDefinition_id`, `QuerySection_id`, `QuestionDefinition_id`, `abstractName`) VALUES ('MA_PREV_BUSINESS_EMP_POSITION', 'MORTGAGE_APPLICATION', 'MORTGAGE_INCOME_APPLICANT', 'MORTGAGE_PREVIOUS_BUSINESS_EMPLOYMENTPOSITION', 'PrevBusinessDesignation');
REPLACE INTO `querysectionquestion` (`id`, `QueryDefinition_id`, `QuerySection_id`, `QuestionDefinition_id`, `abstractName`) VALUES ('MA_PREV_BUSINESS_EMP_PHONE', 'MORTGAGE_APPLICATION', 'MORTGAGE_INCOME_APPLICANT', 'MORTGAGE_PREVIOUS_BUSINESS_EMPLOYERPHONE', 'PrevBusinessEmployerPhoneNumber');
REPLACE INTO `querysectionquestion` (`id`, `QueryDefinition_id`, `QuerySection_id`, `QuestionDefinition_id`, `abstractName`) VALUES ('MA_PREV_BUSINESS_EMP_ADDLINE1', 'MORTGAGE_APPLICATION', 'MORTGAGE_INCOME_APPLICANT', 'MORTGAGE_PREVIOUS_EMPLOYER_BUSINESS_ADDLINE1', 'PrevBusinessEmpAddressLine1');
REPLACE INTO `querysectionquestion` (`id`, `QueryDefinition_id`, `QuerySection_id`, `QuestionDefinition_id`, `abstractName`) VALUES ('MA_PREV_BUSINESS_EMP_ADDLINE2', 'MORTGAGE_APPLICATION', 'MORTGAGE_INCOME_APPLICANT', 'MORTGAGE_PREVIOUS_EMPLOYER_BUSINESS_ADDLINE2', 'PrevBusinessEmpAddressLine2');
REPLACE INTO `querysectionquestion` (`id`, `QueryDefinition_id`, `QuerySection_id`, `QuestionDefinition_id`, `abstractName`) VALUES ('MA_PREV_BUSINESS_EMP_ADDCITY', 'MORTGAGE_APPLICATION', 'MORTGAGE_INCOME_APPLICANT', 'MORTGAGE_PREVIOUS_EMPLOYER_BUSINESS_ADDCITY', 'PrevBusinessEmpAddressCity');
REPLACE INTO `querysectionquestion` (`id`, `QueryDefinition_id`, `QuerySection_id`, `QuestionDefinition_id`, `abstractName`) VALUES ('MA_PREV_BUSINESS_EMP_ADDSTATE', 'MORTGAGE_APPLICATION', 'MORTGAGE_INCOME_APPLICANT', 'MORTGAGE_PREVIOUS_EMPLOYER_BUSINESS_ADDSTATE', 'PrevBusinessEmpAddressState');
REPLACE INTO `querysectionquestion` (`id`, `QueryDefinition_id`, `QuerySection_id`, `QuestionDefinition_id`, `abstractName`) VALUES ('MA_PREV_BUSINESS_EMP_ADDZIP', 'MORTGAGE_APPLICATION', 'MORTGAGE_INCOME_APPLICANT', 'MORTGAGE_PREVIOUS_EMPLOYER_BUSINESS_ADDZIP', 'PrevBusinessEmpAddressZipcode');
REPLACE INTO `querysectionquestion` (`id`, `QueryDefinition_id`, `QuerySection_id`, `QuestionDefinition_id`, `abstractName`) VALUES ('MA_PREV_BUSINESS_EMP_ADDCOUNTRY', 'MORTGAGE_APPLICATION', 'MORTGAGE_INCOME_APPLICANT', 'MORTGAGE_PREVIOUS_BUSINESS_EMPLOYER_ADDCOUNTRY', 'PrevBusinessEmpAddressCountry');
REPLACE INTO `querysectionquestion` (`id`, `QueryDefinition_id`, `QuerySection_id`, `QuestionDefinition_id`, `abstractName`) VALUES ('MA_PREV_BUSINESS_INCOME_PROFESSIONSTARTDATE', 'MORTGAGE_APPLICATION', 'MORTGAGE_INCOME_APPLICANT', 'MORTGAGE_PREVIOUS_BUSINESS_EMPLOYER_PROFESSIONSTARTDATE', 'PrevBusinessEmployerStartDate');
REPLACE INTO `querysectionquestion` (`id`, `QueryDefinition_id`, `QuerySection_id`, `QuestionDefinition_id`, `abstractName`) VALUES ('MA_PREV_BUSINESS_TOTALGROSS', 'MORTGAGE_APPLICATION', 'MORTGAGE_INCOME_APPLICANT', 'MORTGAGE_PREVIOUS_BUSINESS_GROSSINCOME', 'PrevBusinessIncomeAmount');
REPLACE INTO `querysectionquestion` (`id`, `QueryDefinition_id`, `QuerySection_id`, `QuestionDefinition_id`, `abstractName`) VALUES ('MA_PREV_BUSINESS_INCOME_PROFESSIONENDDATE', 'MORTGAGE_APPLICATION', 'MORTGAGE_INCOME_APPLICANT', 'MORTGAGE_PREVIOUS_BUSINESS_EMPLOYER_PROFESSIONENDDATE', 'PrevEmployerEndDateBusiness');


REPLACE INTO `questiondefinition` (`id`, `QueryDefinition_id`, `DataType_id`) VALUES ('MORTGAGE_PREVIOUS_OTHER_EMPLOYERNAME', 'MORTGAGE_APPLICATION', 'TEXT_ENTRY');
REPLACE INTO `questiondefinition` (`id`, `QueryDefinition_id`, `DataType_id`) VALUES ('MORTGAGE_PREVIOUS_OTHER_EMPLOYMENTPOSITION', 'MORTGAGE_APPLICATION', 'TEXT_ENTRY');
REPLACE INTO `questiondefinition` (`id`, `QueryDefinition_id`, `DataType_id`) VALUES ('MORTGAGE_PREVIOUS_OTHER_EMPLOYERPHONE', 'MORTGAGE_APPLICATION', 'TEXT_ENTRY');
REPLACE INTO `questiondefinition` (`id`, `QueryDefinition_id`, `DataType_id`) VALUES ('MORTGAGE_PREVIOUS_EMPLOYER_OTHER_ADDLINE1', 'MORTGAGE_APPLICATION', 'TEXT_ENTRY');
REPLACE INTO `questiondefinition` (`id`, `QueryDefinition_id`, `DataType_id`) VALUES ('MORTGAGE_PREVIOUS_EMPLOYER_OTHER_ADDLINE2', 'MORTGAGE_APPLICATION', 'TEXT_ENTRY');
REPLACE INTO `questiondefinition` (`id`, `QueryDefinition_id`, `DataType_id`) VALUES ('MORTGAGE_PREVIOUS_EMPLOYER_OTHER_ADDCITY', 'MORTGAGE_APPLICATION', 'TEXT_ENTRY');
REPLACE INTO `questiondefinition` (`id`, `QueryDefinition_id`, `DataType_id`) VALUES ('MORTGAGE_PREVIOUS_EMPLOYER_OTHER_ADDSTATE', 'MORTGAGE_APPLICATION', 'TEXT_ENTRY');
REPLACE INTO `questiondefinition` (`id`, `QueryDefinition_id`, `DataType_id`) VALUES ('MORTGAGE_PREVIOUS_EMPLOYER_OTHER_ADDZIP', 'MORTGAGE_APPLICATION', 'TEXT_ENTRY');
REPLACE INTO `questiondefinition` (`id`, `QueryDefinition_id`, `DataType_id`) VALUES ('MORTGAGE_PREVIOUS_OTHER_EMPLOYER_ADDCOUNTRY', 'MORTGAGE_APPLICATION', 'TEXT_ENTRY');
REPLACE INTO `questiondefinition` (`id`, `QueryDefinition_id`, `DataType_id`) VALUES ('MORTGAGE_PREVIOUS_OTHER_EMPLOYER_PROFESSIONSTARTDATE', 'MORTGAGE_APPLICATION', 'TEXT_ENTRY');
REPLACE INTO `questiondefinition` (`id`, `QueryDefinition_id`, `DataType_id`) VALUES ('MORTGAGE_PREVIOUS_OTHER_GROSSINCOME', 'MORTGAGE_APPLICATION', 'TEXT_ENTRY');
REPLACE INTO `questiondefinition` (`id`, `QueryDefinition_id`, `DataType_id`) VALUES ('MORTGAGE_PREVIOUS_OTHER_EMPLOYER_PROFESSIONENDDATE', 'MORTGAGE_APPLICATION', 'TEXT_ENTRY');


REPLACE INTO `querysectionquestion` (`id`, `QueryDefinition_id`, `QuerySection_id`, `QuestionDefinition_id`, `abstractName`) VALUES ('MA_PREV_OTHER_EMP_NAME', 'MORTGAGE_APPLICATION', 'MORTGAGE_INCOME_APPLICANT', 'MORTGAGE_PREVIOUS_OTHER_EMPLOYERNAME', 'PrevOtherEmployer');
REPLACE INTO `querysectionquestion` (`id`, `QueryDefinition_id`, `QuerySection_id`, `QuestionDefinition_id`, `abstractName`) VALUES ('MA_PREV_OTHER_EMP_POSITION', 'MORTGAGE_APPLICATION', 'MORTGAGE_INCOME_APPLICANT', 'MORTGAGE_PREVIOUS_OTHER_EMPLOYMENTPOSITION', 'PrevOtherDesignation');
REPLACE INTO `querysectionquestion` (`id`, `QueryDefinition_id`, `QuerySection_id`, `QuestionDefinition_id`, `abstractName`) VALUES ('MA_PREV_OTHER_EMP_PHONE', 'MORTGAGE_APPLICATION', 'MORTGAGE_INCOME_APPLICANT', 'MORTGAGE_PREVIOUS_OTHER_EMPLOYERPHONE', 'PrevOtherEmployerPhoneNumber');
REPLACE INTO `querysectionquestion` (`id`, `QueryDefinition_id`, `QuerySection_id`, `QuestionDefinition_id`, `abstractName`) VALUES ('MA_PREV_OTHER_EMP_ADDLINE1', 'MORTGAGE_APPLICATION', 'MORTGAGE_INCOME_APPLICANT', 'MORTGAGE_PREVIOUS_EMPLOYER_OTHER_ADDLINE1', 'PrevOtherEmpAddressLine1');
REPLACE INTO `querysectionquestion` (`id`, `QueryDefinition_id`, `QuerySection_id`, `QuestionDefinition_id`, `abstractName`) VALUES ('MA_PREV_OTHER_EMP_ADDLINE2', 'MORTGAGE_APPLICATION', 'MORTGAGE_INCOME_APPLICANT', 'MORTGAGE_PREVIOUS_EMPLOYER_OTHER_ADDLINE2', 'PrevOtherEmpAddressLine2');
REPLACE INTO `querysectionquestion` (`id`, `QueryDefinition_id`, `QuerySection_id`, `QuestionDefinition_id`, `abstractName`) VALUES ('MA_PREV_OTHER_EMP_ADDCITY', 'MORTGAGE_APPLICATION', 'MORTGAGE_INCOME_APPLICANT', 'MORTGAGE_PREVIOUS_EMPLOYER_OTHER_ADDCITY', 'PrevOtherEmpAddressCity');
REPLACE INTO `querysectionquestion` (`id`, `QueryDefinition_id`, `QuerySection_id`, `QuestionDefinition_id`, `abstractName`) VALUES ('MA_PREV_OTHER_EMP_ADDSTATE', 'MORTGAGE_APPLICATION', 'MORTGAGE_INCOME_APPLICANT', 'MORTGAGE_PREVIOUS_EMPLOYER_OTHER_ADDSTATE', 'PrevOtherEmpAddressState');
REPLACE INTO `querysectionquestion` (`id`, `QueryDefinition_id`, `QuerySection_id`, `QuestionDefinition_id`, `abstractName`) VALUES ('MA_PREV_OTHER_EMP_ADDZIP', 'MORTGAGE_APPLICATION', 'MORTGAGE_INCOME_APPLICANT', 'MORTGAGE_PREVIOUS_EMPLOYER_OTHER_ADDZIP', 'PrevOtherEmpAddressZipcode');
REPLACE INTO `querysectionquestion` (`id`, `QueryDefinition_id`, `QuerySection_id`, `QuestionDefinition_id`, `abstractName`) VALUES ('MA_PREV_OTHER_EMP_ADDCOUNTRY', 'MORTGAGE_APPLICATION', 'MORTGAGE_INCOME_APPLICANT', 'MORTGAGE_PREVIOUS_OTHER_EMPLOYER_ADDCOUNTRY', 'PrevOtherEmpAddressCountry');
REPLACE INTO `querysectionquestion` (`id`, `QueryDefinition_id`, `QuerySection_id`, `QuestionDefinition_id`, `abstractName`) VALUES ('MA_PREV_OTHER_INCOME_PROFESSIONSTARTDATE', 'MORTGAGE_APPLICATION', 'MORTGAGE_INCOME_APPLICANT', 'MORTGAGE_PREVIOUS_OTHER_EMPLOYER_PROFESSIONSTARTDATE', 'PrevOtherEmployerStartDate');
REPLACE INTO `querysectionquestion` (`id`, `QueryDefinition_id`, `QuerySection_id`, `QuestionDefinition_id`, `abstractName`) VALUES ('MA_PREV_OTHER_TOTALGROSS', 'MORTGAGE_APPLICATION', 'MORTGAGE_INCOME_APPLICANT', 'MORTGAGE_PREVIOUS_OTHER_GROSSINCOME', 'PrevOtherIncomeAmount');
REPLACE INTO `querysectionquestion` (`id`, `QueryDefinition_id`, `QuerySection_id`, `QuestionDefinition_id`, `abstractName`) VALUES ('MA_PREV_OTHER_INCOME_PROFESSIONENDDATE', 'MORTGAGE_APPLICATION', 'MORTGAGE_INCOME_APPLICANT', 'MORTGAGE_PREVIOUS_OTHER_EMPLOYER_PROFESSIONENDDATE', 'PrevEmployerEndDateOther');

UPDATE `optionitem` SET `id`='DPENDENTS_SELECT_0' WHERE `id`='DPENDENTS_SELECT_1';
UPDATE `optionitem` SET `id`='DPENDENTS_SELECT_1' WHERE `id`='DPENDENTS_SELECT_2';
UPDATE `optionitem` SET `id`='DPENDENTS_SELECT_2' WHERE `id`='DPENDENTS_SELECT_3';
UPDATE `optionitem` SET `id`='DPENDENTS_SELECT_3' WHERE `id`='DPENDENTS_SELECT_4';
UPDATE `optionitem` SET `id`='DPENDENTS_SELECT_4' WHERE `id`='DPENDENTS_SELECT_5';
UPDATE `optionitem` SET `id`='DPENDENTS_SELECT_5' WHERE `id`='DPENDENTS_SELECT_6';
UPDATE `optionitem` SET `id`='DPENDENTS_SELECT_6' WHERE `id`='DPENDENTS_SELECT_7';
UPDATE `optionitem` SET `id`='DPENDENTS_SELECT_7' WHERE `id`='DPENDENTS_SELECT_8';
UPDATE `optionitem` SET `id`='DPENDENTS_SELECT_8' WHERE `id`='DPENDENTS_SELECT_9';
UPDATE `optionitem` SET `id`='DPENDENTS_SELECT_9' WHERE `id`='DPENDENTS_SELECT_10';

REPLACE INTO `querydefinition` (`id`, `QueryType_id`, `Name`, `StartDate`, `EndDate`, `createdts`, `lastmodifiedts`, `synctimestamp`) VALUES ('MORTGAGE_SIMULATION', 'SIMULATION', 'Mortgage Simulation', '2019-04-05', '2019-04-05', '2019-04-05 23:10:00', '2019-04-05 23:10:01', '2019-04-05 23:10:02');
REPLACE INTO `querysection` (`id`, `Name`, `QueryDefinition_id`, `Parent_id`, `Sequence`, `createdts`, `lastmodifiedts`, `synctimestamp`, `abstractname`) VALUES ('MORTGAGE_SIMULATION_LOAN_PURPOSE', 'Loan Purpose', 'MORTGAGE_SIMULATION', 'APPLICANT', '1', '2019-04-05 23:57:08', '2019-04-05 23:57:08', '2019-04-05 23:57:09', 'LoanPurpose');
REPLACE INTO `querysection` (`id`, `Name`, `QueryDefinition_id`, `Parent_id`, `Sequence`, `createdts`, `lastmodifiedts`, `synctimestamp`, `abstractname`) VALUES ('MORTGAGE_SIMULATION_BALANCE', 'Mortgage Balance', 'MORTGAGE_SIMULATION', 'APPLICANT', '2', '2019-04-05 23:59:09', '2019-04-05 23:59:10', '2019-04-05 23:59:10', 'MortgageBalance');
REPLACE INTO `querysection` (`id`, `Name`, `QueryDefinition_id`, `Parent_id`, `Sequence`, `createdts`, `lastmodifiedts`, `synctimestamp`, `abstractname`) VALUES ('MORTGAGE_SIMULATION_WORTH_TODAY', 'Mortgage Worth', 'MORTGAGE_SIMULATION', 'APPLICANT', '3', '2019-04-06 00:01:58', '2019-04-06 00:01:59', '2019-04-06 00:01:59', 'MortgageWorth');
REPLACE INTO `querysection` (`id`, `Name`, `QueryDefinition_id`, `Parent_id`, `Sequence`, `createdts`, `lastmodifiedts`, `synctimestamp`, `abstractname`) VALUES ('MORTGAGE_SIMULATION_ARE_VETERAN', 'Are Veteran', 'MORTGAGE_SIMULATION', 'APPLICANT', '4', '2019-04-06 00:04:26', '2019-04-06 00:04:27', '2019-04-06 00:04:27', 'AreVeteran');
REPLACE INTO `querysection` (`id`, `Name`, `QueryDefinition_id`, `Parent_id`, `Sequence`, `createdts`, `lastmodifiedts`, `synctimestamp`, `abstractname`) VALUES ('MORTGAGE_SIMULATION_ZIP_CODE', 'Zip Code', 'MORTGAGE_SIMULATION', 'APPLICANT', '5', '2019-04-06 00:05:29', '2019-04-06 00:05:29', '2019-04-06 00:05:30', 'ZipCode');
REPLACE INTO `querysection` (`id`, `Name`, `QueryDefinition_id`, `Parent_id`, `Sequence`, `createdts`, `lastmodifiedts`, `synctimestamp`, `abstractname`) VALUES ('MORTGAGE_SIMULATION_CREDIT_SCORE', 'Credit Score', 'MORTGAGE_SIMULATION', 'APPLICANT', '6', '2019-04-06 00:05:29', '2019-04-06 00:05:29', '2019-04-06 00:05:30', 'CreditScore');
REPLACE INTO `querysection` (`id`, `Name`, `QueryDefinition_id`, `Parent_id`, `Sequence`, `createdts`, `lastmodifiedts`, `synctimestamp`, `abstractname`) VALUES ('MORTGAGE_SIMULATION_PURCHASE_PRICE', 'Purchase Price', 'MORTGAGE_SIMULATION', 'APPLICANT', '2', '2019-04-06 00:51:03', '2019-04-06 00:51:04', '2019-04-06 00:51:04', 'PurchasePrice');
REPLACE INTO `querysection` (`id`, `Name`, `QueryDefinition_id`, `Parent_id`, `Sequence`, `createdts`, `lastmodifiedts`, `synctimestamp`, `abstractname`) VALUES ('MORTGAGE_SIMULATION_DOWN_PAYMENT', 'Down Payment', 'MORTGAGE_SIMULATION', 'APPLICANT', '3', '2019-04-06 00:52:49', '2019-04-06 00:52:49', '2019-04-06 00:52:50', 'DownPayment');
REPLACE INTO `optiongroup` (`id`, `Name`, `createdts`, `lastmodifiedts`, `synctimestamp`) VALUES ('MORTGAGE_VETERAN_TYPE_SELECT', 'Choices for Mortgage Veteran', '2019-04-06 00:33:27', '2019-04-06 00:33:27', '2019-04-06 00:33:28');
REPLACE INTO `optionitem` (`id`, `OptionGroup_id`, `DefaultValue`, `Sequence`, `createdts`, `lastmodifiedts`, `synctimestamp`) VALUES ('MORTGAGE_PURPOSE_TYPE_SELECT_1', 'MORTGAGE_LOAN_PURPOSE', 'Purchase', '1', '2019-04-06 00:30:52', '2019-04-06 00:30:56', '2019-04-06 00:30:56');
REPLACE INTO `optionitem` (`id`, `OptionGroup_id`, `DefaultValue`, `Sequence`, `createdts`, `lastmodifiedts`, `synctimestamp`) VALUES ('MORTGAGE_PURPOSE_TYPE_SELECT_2', 'MORTGAGE_LOAN_PURPOSE', 'Refinance', '2', '2019-04-06 00:31:52', '2019-04-06 00:31:52', '2019-04-06 00:31:52');
REPLACE INTO `optionitem` (`id`, `OptionGroup_id`, `DefaultValue`, `Sequence`, `createdts`, `lastmodifiedts`, `synctimestamp`) VALUES ('MORTGAGE_VETERAN_SELECT_1', 'MORTGAGE_VETERAN_TYPE_SELECT', 'Yes', '1', '2019-04-06 00:34:37', '2019-04-06 00:34:38', '2019-04-06 00:34:38');
REPLACE INTO `optionitem` (`id`, `OptionGroup_id`, `DefaultValue`, `Sequence`, `createdts`, `lastmodifiedts`, `synctimestamp`) VALUES ('MORTGAGE_VETERAN_SELECT_2', 'MORTGAGE_VETERAN_TYPE_SELECT', 'No', '2', '2019-04-06 00:35:35', '2019-04-06 00:35:35', '2019-04-06 00:35:36');
REPLACE INTO `questiondefinition` (`id`, `QueryDefinition_id`, `DataType_id`, `OptionGroup_id`, `Name`, `Label`, `OtherLabel`, `IsRequired`, `createdts`, `lastmodifiedts`, `synctimestamp`) VALUES ('MORTGAGE_SIMULATION_BALANCE', 'MORTGAGE_SIMULATION', 'SLIDER_AMOUNT', 'LOAN_AMOUNT_SLIDER', 'What is your mortgage balance?', 'What is your mortgage balance?', 'Mortgage Balance', '1', '2019-04-06 00:17:09', '2019-04-06 00:17:10', '2019-04-06 00:17:10');
REPLACE INTO `questiondefinition` (`id`, `QueryDefinition_id`, `DataType_id`, `OptionGroup_id`, `Name`, `Label`, `OtherLabel`, `IsRequired`, `createdts`, `lastmodifiedts`, `synctimestamp`) VALUES ('MORTGAGE_SIMULATION_WORTH_TODAY', 'MORTGAGE_SIMULATION', 'SLIDER_AMOUNT', 'LOAN_AMOUNT_SLIDER', 'How much does your home worth today?', 'How much does your home worth today?', 'Worth Today', '1', '2019-04-06 00:19:51', '2019-04-06 00:19:51', '2019-04-06 00:19:51');
REPLACE INTO `questiondefinition` (`id`, `QueryDefinition_id`, `DataType_id`, `OptionGroup_id`, `Name`, `Label`, `OtherLabel`, `IsRequired`, `createdts`, `lastmodifiedts`, `synctimestamp`) VALUES ('MORTGAGE_SIMULATION_LOAN_PURPOSE', 'MORTGAGE_SIMULATION', 'SINGLE_SELECT', 'MORTGAGE_LOAN_PURPOSE', 'Loan Purpose', 'What is your mortgage loan purpose?', 'What is your mortgage loan purpose?', '1', '2019-04-06 00:21:25', '2019-04-06 00:21:25', '2019-04-06 00:21:25');
REPLACE INTO `questiondefinition` (`id`, `QueryDefinition_id`, `DataType_id`, `OptionGroup_id`, `Name`, `Label`, `OtherLabel`, `IsRequired`, `createdts`, `lastmodifiedts`, `synctimestamp`) VALUES ('MORTGAGE_SIMULATION_VETERAN', 'MORTGAGE_SIMULATION', 'SINGLE_SELECT', 'MORTGAGE_VETERAN_TYPE_SELECT', 'Are Veteran', 'Are you a veteran, spouse or dependent of a veteran or currently serving in the military?', 'Are you a veteran, spouse or dependent of a veteran or currently serving in the military?', '1', '2019-04-06 00:39:45', '2019-04-06 00:39:45', '2019-04-06 00:39:45');
REPLACE INTO `questiondefinition` (`id`, `QueryDefinition_id`, `DataType_id`, `OptionGroup_id`, `Name`, `Label`, `OtherLabel`, `IsRequired`, `createdts`, `lastmodifiedts`, `synctimestamp`) VALUES ('MORTGAGE_SIMULATION_CREDIT_SCORE', 'MORTGAGE_SIMULATION', 'SINGLE_SELECT', 'CREDIT_SCORE_SELECT', 'What is your credit score?', 'What is your credit score?', 'Credit Score', '1', '2019-04-06 00:43:53', '2019-04-06 00:43:53', '2019-04-06 00:43:54');
REPLACE INTO `questiondefinition` (`id`, `QueryDefinition_id`, `DataType_id`, `OptionGroup_id`, `Name`, `Label`, `OtherLabel`, `IsRequired`, `createdts`, `lastmodifiedts`, `synctimestamp`) VALUES ('MORTGAGE_SIMULATION_PURCHASE_PRICE', 'MORTGAGE_SIMULATION', 'SLIDER_AMOUNT', 'LOAN_AMOUNT_SLIDER', 'What\'s the purchase price?', 'What\'s the purchase price?', 'Purchase Price', '1', '2019-04-06 00:55:16', '2019-04-06 00:55:17', '2019-04-06 00:55:17');
REPLACE INTO `questiondefinition` (`id`, `QueryDefinition_id`, `DataType_id`, `OptionGroup_id`, `Name`, `Label`, `OtherLabel`, `IsRequired`, `createdts`, `lastmodifiedts`, `synctimestamp`) VALUES ('MORTGAGE_SIMULATION_DOWN_PAYMENT', 'MORTGAGE_SIMULATION', 'SLIDER_AMOUNT', 'LOAN_AMOUNT_SLIDER', 'How much do you want to put on down payment?', 'How much do you want to put on down payment?', 'Down Payment', '1', '2019-04-06 00:56:58', '2019-04-06 00:56:58', '2019-04-06 00:56:59');
REPLACE INTO `questiondefinition` (`id`, `QueryDefinition_id`, `DataType_id`, `Name`, `Label`, `OtherLabel`, `IsRequired`, `createdts`, `lastmodifiedts`, `synctimestamp`) VALUES ('MORTGAGE_SIMULATION_ZIP_CODE', 'MORTGAGE_SIMULATION', 'TEXT_ENTRY', 'Zip code for the area you are shopping', 'Zip code for the area you are shopping', 'Zip Code', '1', '2019-04-06 01:00:19', '2019-04-06 01:00:19', '2019-04-06 01:00:20');
REPLACE INTO `querysectionquestion` (`id`, `QueryDefinition_id`, `QuerySection_id`, `QuestionDefinition_id`, `Sequence`, `IsRequired`, `createdts`, `lastmodifiedts`, `synctimestamp`, `abstractName`) VALUES ('MORTGAGE_SIMULATION_LOAN_PURPOSE', 'MORTGAGE_SIMULATION', 'MORTGAGE_SIMULATION_LOAN_PURPOSE', 'MORTGAGE_SIMULATION_LOAN_PURPOSE', '1', '1', '2019-04-06 01:03:25', '2019-04-06 01:03:26', '2019-04-06 01:03:26', 'LoanPurpose');
REPLACE INTO `querysectionquestion` (`id`, `QueryDefinition_id`, `QuerySection_id`, `QuestionDefinition_id`, `ParentQuerySectionQuestion_id`, `ParentQuestionOptionValue`, `Sequence`, `IsRequired`, `createdts`, `lastmodifiedts`, `synctimestamp`, `abstractName`, `ParentQuerySectionQuestion_AbstractName`) VALUES ('MORTGAGE_SIMULATION_PURCHASE_PRICE', 'MORTGAGE_SIMULATION', 'MORTGAGE_SIMULATION_PURCHASE_PRICE', 'MORTGAGE_SIMULATION_PURCHASE_PRICE', 'MORTGAGE_SIMULATION_LOAN_PURPOSE', 'Purchase', '2', '1', '2019-04-06 01:06:07', '2019-04-06 01:06:08', '2019-04-06 01:06:08', 'PurchasePrice', 'LoanPurpose');
REPLACE INTO `querysectionquestion` (`id`, `QueryDefinition_id`, `QuerySection_id`, `QuestionDefinition_id`, `ParentQuerySectionQuestion_id`, `ParentQuestionOptionValue`, `Sequence`, `IsRequired`, `createdts`, `lastmodifiedts`, `synctimestamp`, `abstractName`, `ParentQuerySectionQuestion_AbstractName`) VALUES ('MORTGAGE_SIMULATION_DOWN_PAYMENT', 'MORTGAGE_SIMULATION', 'MORTGAGE_SIMULATION_DOWN_PAYMENT', 'MORTGAGE_SIMULATION_DOWN_PAYMENT', 'MORTGAGE_SIMULATION_LOAN_PURPOSE', 'Purchase', '3', '1', '2019-04-06 01:07:45', '2019-04-06 01:07:45', '2019-04-06 01:07:46', 'DownPayment', 'LoanPurpose');
REPLACE INTO `querysectionquestion` (`id`, `QueryDefinition_id`, `QuerySection_id`, `QuestionDefinition_id`, `ParentQuerySectionQuestion_id`, `ParentQuestionOptionValue`, `Sequence`, `IsRequired`, `createdts`, `lastmodifiedts`, `synctimestamp`, `abstractName`, `ParentQuerySectionQuestion_AbstractName`) VALUES ('MORTGAGE_SIMULATION_BALANCE', 'MORTGAGE_SIMULATION', 'MORTGAGE_SIMULATION_BALANCE', 'MORTGAGE_SIMULATION_BALANCE', 'MORTGAGE_SIMULATION_LOAN_PURPOSE', 'Refinance', '2', '1', '2019-04-06 01:09:56', '2019-04-06 01:09:56', '2019-04-06 01:09:57', 'MortgageBalance', 'LoanPurpose');
REPLACE INTO `querysectionquestion` (`id`, `QueryDefinition_id`, `QuerySection_id`, `QuestionDefinition_id`, `ParentQuerySectionQuestion_id`, `ParentQuestionOptionValue`, `Sequence`, `IsRequired`, `createdts`, `lastmodifiedts`, `synctimestamp`, `abstractName`, `ParentQuerySectionQuestion_AbstractName`) VALUES ('MORTGAGE_SIMULATION_WORTH_TODAY', 'MORTGAGE_SIMULATION', 'MORTGAGE_SIMULATION_WORTH_TODAY', 'MORTGAGE_SIMULATION_WORTH_TODAY', 'MORTGAGE_SIMULATION_LOAN_PURPOSE', 'Refinance', '3', '1', '2019-04-06 01:12:25', '2019-04-06 01:12:26', '2019-04-06 01:12:26', 'WorthToday', 'LoanPurpose');
REPLACE INTO `querysectionquestion` (`id`, `QueryDefinition_id`, `QuerySection_id`, `QuestionDefinition_id`, `Sequence`, `IsRequired`, `createdts`, `lastmodifiedts`, `synctimestamp`, `abstractName`) VALUES ('MORTGAGE_SIMULATION_ARE_VETERAN', 'MORTGAGE_SIMULATION', 'MORTGAGE_SIMULATION_ARE_VETERAN', 'MORTGAGE_SIMULATION_VETERAN', '4', '1', '2019-04-06 01:14:15', '2019-04-06 01:14:16', '2019-04-06 01:14:16', 'AreVeteran');
REPLACE INTO `querysectionquestion` (`id`, `QueryDefinition_id`, `QuerySection_id`, `QuestionDefinition_id`, `Sequence`, `IsRequired`, `createdts`, `lastmodifiedts`, `synctimestamp`, `abstractName`) VALUES ('MORTGAGE_SIMULATION_ZIP_CODE', 'MORTGAGE_SIMULATION', 'MORTGAGE_SIMULATION_ZIP_CODE', 'MORTGAGE_SIMULATION_ZIP_CODE', '5', '1', '2019-04-06 01:15:44', '2019-04-06 01:15:44', '2019-04-06 01:15:44', 'ZipCode');
REPLACE INTO `querysectionquestion` (`id`, `QueryDefinition_id`, `QuerySection_id`, `QuestionDefinition_id`, `Sequence`, `IsRequired`, `createdts`, `lastmodifiedts`, `synctimestamp`, `abstractName`) VALUES ('MORTGAGE_SIMULATION_CREDIT_SCORE', 'MORTGAGE_SIMULATION', 'MORTGAGE_SIMULATION_CREDIT_SCORE', 'MORTGAGE_SIMULATION_CREDIT_SCORE', '6', '1', '2019-04-06 01:17:22', '2019-04-06 01:17:23', '2019-04-06 01:17:23', 'CreditScore');
UPDATE `loansconfigurations` SET `config_value`='[\n  {\n    "CreditScore": "Excellent (720 or Above)",\n    "LoanAmount": "30000"\n  },\n  {\n    "CreditScore": "Excellent (720 or Above)",\n    "LoanAmount": "30000",\n    "VehicleModelYear": "2019",\n    "VehicleType": "Vehicle",\n    "LoanPurpose": "Purchase a new vehicle"\n  },\n  {\n    "LoanPurpose": "Purchase",\n    "PurchasePrice": "30000",\n    "DownPayment": "5000",\n    "MortgageBalance": "50000",\n    "WorthToday": "40000",\n    "AreVeteran": "Yes",\n    "ZipCode": "10000",\n    "CreditScore": "Excellent (720 or Above)"\n  }\n]' WHERE  `bundle_id`='6';

REPLACE INTO `optiongroup` (`id`, `Name`) VALUES ('PAY_PERIOD_MORTGAGE_SELECT_OTHER' , 'Choice for other sources of income pay period');
REPLACE INTO `optiongroup` (`id`, `Name`) VALUES ('MORTGAGE_INCOME_OTHER_SOURCES_SELECT' , 'Choice for other sources of income');

REPLACE INTO `optionitem` (`id`, `OptionGroup_id`, `DefaultValue`, `Sequence`) VALUES ('MORTGAGE_INCOME_OTHER_SOURCES_1', 'MORTGAGE_INCOME_OTHER_SOURCES_SELECT', 'Automobile Allowance', '1');
REPLACE INTO `optionitem` (`id`, `OptionGroup_id`, `DefaultValue`, `Sequence`) VALUES ('MORTGAGE_INCOME_OTHER_SOURCES_2', 'MORTGAGE_INCOME_OTHER_SOURCES_SELECT', 'Boarder Income', '2');
REPLACE INTO `optionitem` (`id`, `OptionGroup_id`, `DefaultValue`, `Sequence`) VALUES ('MORTGAGE_INCOME_OTHER_SOURCES_3', 'MORTGAGE_INCOME_OTHER_SOURCES_SELECT', 'Capital Gains', '3');
REPLACE INTO `optionitem` (`id`, `OptionGroup_id`, `DefaultValue`, `Sequence`) VALUES ('MORTGAGE_INCOME_OTHER_SOURCES_4', 'MORTGAGE_INCOME_OTHER_SOURCES_SELECT', 'Child Support', '4');
REPLACE INTO `optionitem` (`id`, `OptionGroup_id`, `DefaultValue`, `Sequence`) VALUES ('MORTGAGE_INCOME_OTHER_SOURCES_5', 'MORTGAGE_INCOME_OTHER_SOURCES_SELECT', 'Disability', '5');
REPLACE INTO `optionitem` (`id`, `OptionGroup_id`, `DefaultValue`, `Sequence`) VALUES ('MORTGAGE_INCOME_OTHER_SOURCES_6', 'MORTGAGE_INCOME_OTHER_SOURCES_SELECT', 'Foster Care', '6');
REPLACE INTO `optionitem` (`id`, `OptionGroup_id`, `DefaultValue`, `Sequence`) VALUES ('MORTGAGE_INCOME_OTHER_SOURCES_7', 'MORTGAGE_INCOME_OTHER_SOURCES_SELECT', 'Housing/Parsonage', '7');
REPLACE INTO `optionitem` (`id`, `OptionGroup_id`, `DefaultValue`, `Sequence`) VALUES ('MORTGAGE_INCOME_OTHER_SOURCES_8', 'MORTGAGE_INCOME_OTHER_SOURCES_SELECT', 'Interest/Dividends', '8');
REPLACE INTO `optionitem` (`id`, `OptionGroup_id`, `DefaultValue`, `Sequence`) VALUES ('MORTGAGE_INCOME_OTHER_SOURCES_9', 'MORTGAGE_INCOME_OTHER_SOURCES_SELECT', 'Mortgage Credit Certificate', '9');
REPLACE INTO `optionitem` (`id`, `OptionGroup_id`, `DefaultValue`, `Sequence`) VALUES ('MORTGAGE_INCOME_OTHER_SOURCES_10', 'MORTGAGE_INCOME_OTHER_SOURCES_SELECT', 'Mortgage Differential Payments', '10');
REPLACE INTO `optionitem` (`id`, `OptionGroup_id`, `DefaultValue`, `Sequence`) VALUES ('MORTGAGE_INCOME_OTHER_SOURCES_11', 'MORTGAGE_INCOME_OTHER_SOURCES_SELECT', 'Notes Receivable', '11');
REPLACE INTO `optionitem` (`id`, `OptionGroup_id`, `DefaultValue`, `Sequence`) VALUES ('MORTGAGE_INCOME_OTHER_SOURCES_12', 'MORTGAGE_INCOME_OTHER_SOURCES_SELECT', 'Public Assistance', '12');
REPLACE INTO `optionitem` (`id`, `OptionGroup_id`, `DefaultValue`, `Sequence`) VALUES ('MORTGAGE_INCOME_OTHER_SOURCES_13', 'MORTGAGE_INCOME_OTHER_SOURCES_SELECT', 'Retirement', '13');
REPLACE INTO `optionitem` (`id`, `OptionGroup_id`, `DefaultValue`, `Sequence`) VALUES ('MORTGAGE_INCOME_OTHER_SOURCES_14', 'MORTGAGE_INCOME_OTHER_SOURCES_SELECT', 'Royalty Payments', '14');
REPLACE INTO `optionitem` (`id`, `OptionGroup_id`, `DefaultValue`, `Sequence`) VALUES ('MORTGAGE_INCOME_OTHER_SOURCES_15', 'MORTGAGE_INCOME_OTHER_SOURCES_SELECT', 'Separate Maintenance', '15');
REPLACE INTO `optionitem` (`id`, `OptionGroup_id`, `DefaultValue`, `Sequence`) VALUES ('MORTGAGE_INCOME_OTHER_SOURCES_16', 'MORTGAGE_INCOME_OTHER_SOURCES_SELECT', 'Social Security', '16');
REPLACE INTO `optionitem` (`id`, `OptionGroup_id`, `DefaultValue`, `Sequence`) VALUES ('MORTGAGE_INCOME_OTHER_SOURCES_17', 'MORTGAGE_INCOME_OTHER_SOURCES_SELECT', 'Trust', '17');
REPLACE INTO `optionitem` (`id`, `OptionGroup_id`, `DefaultValue`, `Sequence`) VALUES ('MORTGAGE_INCOME_OTHER_SOURCES_18', 'MORTGAGE_INCOME_OTHER_SOURCES_SELECT', 'Unemployment Benefits', '18');
REPLACE INTO `optionitem` (`id`, `OptionGroup_id`, `DefaultValue`, `Sequence`) VALUES ('MORTGAGE_INCOME_OTHER_SOURCES_19', 'MORTGAGE_INCOME_OTHER_SOURCES_SELECT', 'VA Compensation', '19');
REPLACE INTO `optionitem` (`id`, `OptionGroup_id`, `DefaultValue`, `Sequence`) VALUES ('MORTGAGE_INCOME_OTHER_SOURCES_20', 'MORTGAGE_INCOME_OTHER_SOURCES_SELECT', 'Alimony', '20');
REPLACE INTO `optionitem` (`id`, `OptionGroup_id`, `DefaultValue`, `Sequence`) VALUES ('MORTGAGE_INCOME_OTHER_SOURCES_21', 'MORTGAGE_INCOME_OTHER_SOURCES_SELECT', 'Other', '21');


REPLACE INTO `optionitem` (`id`, `OptionGroup_id`, `DefaultValue`, `Sequence`) VALUES ('PAY_PERIOD_MA_SELECT_1', 'PAY_PERIOD_MORTGAGE_SELECT_OTHER', 'Yearly', '1');
REPLACE INTO `optionitem` (`id`, `OptionGroup_id`, `DefaultValue`, `Sequence`) VALUES ('PAY_PERIOD_MA_SELECT_2', 'PAY_PERIOD_MORTGAGE_SELECT_OTHER', 'Monthly', '2');

REPLACE INTO `questiondefinition` (`id`, `QueryDefinition_id`, `DataType_id`, `OptionGroup_id`) VALUES ('MORTGAGE_HAVE_OTHER_INCOME', 'MORTGAGE_APPLICATION', 'temp', 'CHALLENGE');
REPLACE INTO `questiondefinition` (`id`, `QueryDefinition_id`, `DataType_id`, `OptionGroup_id`, `IsRequired`) VALUES ('MORTGAGE_ADD_INCOME1', 'MORTGAGE_APPLICATION', 'temp', 'MORTGAGE_INCOME_OTHER_SOURCES_SELECT', '0');
REPLACE INTO `questiondefinition` (`id`, `QueryDefinition_id`, `DataType_id`, `OptionGroup_id`, `IsRequired`) VALUES ('MORTGAGE_ADD_INCOME2', 'MORTGAGE_APPLICATION', 'temp', 'MORTGAGE_INCOME_OTHER_SOURCES_SELECT', '0');
REPLACE INTO `questiondefinition` (`id`, `QueryDefinition_id`, `DataType_id`, `OptionGroup_id`, `IsRequired`) VALUES ('MORTGAGE_ADD_INCOME3', 'MORTGAGE_APPLICATION', 'temp', 'MORTGAGE_INCOME_OTHER_SOURCES_SELECT', '0');
REPLACE INTO `questiondefinition` (`id`, `QueryDefinition_id`, `DataType_id`, `OptionGroup_id`, `IsRequired`) VALUES ('MORTGAGE_ADD_INCOME4', 'MORTGAGE_APPLICATION', 'temp', 'MORTGAGE_INCOME_OTHER_SOURCES_SELECT', '0');
REPLACE INTO `questiondefinition` (`id`, `QueryDefinition_id`, `DataType_id`, `OptionGroup_id`, `IsRequired`) VALUES ('MORTGAGE_ADD_INCOME5', 'MORTGAGE_APPLICATION', 'temp', 'MORTGAGE_INCOME_OTHER_SOURCES_SELECT', '0');
REPLACE INTO `questiondefinition` (`id`, `QueryDefinition_id`, `DataType_id`, `OptionGroup_id`, `IsRequired`) VALUES ('MORTGAGE_ADD_INCOME6', 'MORTGAGE_APPLICATION', 'temp', 'MORTGAGE_INCOME_OTHER_SOURCES_SELECT', '0');
REPLACE INTO `questiondefinition` (`id`, `QueryDefinition_id`, `DataType_id`, `OptionGroup_id`, `IsRequired`) VALUES ('MORTGAGE_ADD_INCOME7', 'MORTGAGE_APPLICATION', 'temp', 'MORTGAGE_INCOME_OTHER_SOURCES_SELECT', '0');
REPLACE INTO `questiondefinition` (`id`, `QueryDefinition_id`, `DataType_id`, `OptionGroup_id`, `IsRequired`) VALUES ('MORTGAGE_ADD_INCOME8', 'MORTGAGE_APPLICATION', 'temp', 'MORTGAGE_INCOME_OTHER_SOURCES_SELECT', '0');
REPLACE INTO `questiondefinition` (`id`, `QueryDefinition_id`, `DataType_id`, `OptionGroup_id`, `IsRequired`) VALUES ('MORTGAGE_ADD_INCOME9', 'MORTGAGE_APPLICATION', 'temp', 'MORTGAGE_INCOME_OTHER_SOURCES_SELECT', '0');
REPLACE INTO `questiondefinition` (`id`, `QueryDefinition_id`, `DataType_id`, `OptionGroup_id`, `IsRequired`) VALUES ('MORTGAGE_ADD_INCOME10', 'MORTGAGE_APPLICATION', 'temp', 'MORTGAGE_INCOME_OTHER_SOURCES_SELECT', '0');
REPLACE INTO `questiondefinition` (`id`, `QueryDefinition_id`, `DataType_id`, `OptionGroup_id`, `IsRequired`) VALUES ('MORTGAGE_ADD_INCOME11', 'MORTGAGE_APPLICATION', 'temp', 'MORTGAGE_INCOME_OTHER_SOURCES_SELECT', '0');
REPLACE INTO `questiondefinition` (`id`, `QueryDefinition_id`, `DataType_id`, `OptionGroup_id`, `IsRequired`) VALUES ('MORTGAGE_ADD_INCOME12', 'MORTGAGE_APPLICATION', 'temp', 'MORTGAGE_INCOME_OTHER_SOURCES_SELECT', '0');
REPLACE INTO `questiondefinition` (`id`, `QueryDefinition_id`, `DataType_id`, `OptionGroup_id`, `IsRequired`) VALUES ('MORTGAGE_ADD_INCOME13', 'MORTGAGE_APPLICATION', 'temp', 'MORTGAGE_INCOME_OTHER_SOURCES_SELECT', '0');
REPLACE INTO `questiondefinition` (`id`, `QueryDefinition_id`, `DataType_id`, `OptionGroup_id`, `IsRequired`) VALUES ('MORTGAGE_ADD_INCOME14', 'MORTGAGE_APPLICATION', 'temp', 'MORTGAGE_INCOME_OTHER_SOURCES_SELECT', '0');
REPLACE INTO `questiondefinition` (`id`, `QueryDefinition_id`, `DataType_id`, `OptionGroup_id`, `IsRequired`) VALUES ('MORTGAGE_ADD_INCOME15', 'MORTGAGE_APPLICATION', 'temp', 'MORTGAGE_INCOME_OTHER_SOURCES_SELECT', '0');
REPLACE INTO `questiondefinition` (`id`, `QueryDefinition_id`, `DataType_id`, `OptionGroup_id`, `IsRequired`) VALUES ('MORTGAGE_ADD_INCOME16', 'MORTGAGE_APPLICATION', 'temp', 'MORTGAGE_INCOME_OTHER_SOURCES_SELECT', '0');
REPLACE INTO `questiondefinition` (`id`, `QueryDefinition_id`, `DataType_id`, `OptionGroup_id`, `IsRequired`) VALUES ('MORTGAGE_ADD_INCOME17', 'MORTGAGE_APPLICATION', 'temp', 'MORTGAGE_INCOME_OTHER_SOURCES_SELECT', '0');
REPLACE INTO `questiondefinition` (`id`, `QueryDefinition_id`, `DataType_id`, `OptionGroup_id`, `IsRequired`) VALUES ('MORTGAGE_ADD_INCOME18', 'MORTGAGE_APPLICATION', 'temp', 'MORTGAGE_INCOME_OTHER_SOURCES_SELECT', '0');
REPLACE INTO `questiondefinition` (`id`, `QueryDefinition_id`, `DataType_id`, `OptionGroup_id`, `IsRequired`) VALUES ('MORTGAGE_ADD_INCOME19', 'MORTGAGE_APPLICATION', 'temp', 'MORTGAGE_INCOME_OTHER_SOURCES_SELECT', '0');
REPLACE INTO `questiondefinition` (`id`, `QueryDefinition_id`, `DataType_id`, `OptionGroup_id`, `IsRequired`) VALUES ('MORTGAGE_ADD_INCOME20', 'MORTGAGE_APPLICATION', 'temp', 'MORTGAGE_INCOME_OTHER_SOURCES_SELECT', '0');
REPLACE INTO `questiondefinition` (`id`, `QueryDefinition_id`, `DataType_id`, `OptionGroup_id`, `IsRequired`) VALUES ('MORTGAGE_ADD_INCOME21', 'MORTGAGE_APPLICATION', 'temp', 'MORTGAGE_INCOME_OTHER_SOURCES_SELECT', '0');

REPLACE INTO `questiondefinition` (`id`, `QueryDefinition_id`, `DataType_id`, `OptionGroup_id`) VALUES ('MORTGAGE_ADD_INCOME_ALIMONY', 'MORTGAGE_APPLICATION', 'temp', 'PAY_PERIOD_MORTGAGE_SELECT_OTHER');
REPLACE INTO `questiondefinition` (`id`, `QueryDefinition_id`, `DataType_id`, `OptionGroup_id`) VALUES ('MORTGAGE_ADD_INCOME_BOARDER', 'MORTGAGE_APPLICATION', 'temp', 'PAY_PERIOD_MORTGAGE_SELECT_OTHER');
REPLACE INTO `questiondefinition` (`id`, `QueryDefinition_id`, `DataType_id`, `OptionGroup_id`) VALUES ('MORTGAGE_ADD_INCOME_AUTOMOBILE_ALLOWANCE', 'MORTGAGE_APPLICATION', 'temp', 'PAY_PERIOD_MORTGAGE_SELECT_OTHER');
REPLACE INTO `questiondefinition` (`id`, `QueryDefinition_id`, `DataType_id`, `OptionGroup_id`) VALUES ('MORTGAGE_ADD_INCOME_CAPITAL_GAINS', 'MORTGAGE_APPLICATION', 'temp', 'PAY_PERIOD_MORTGAGE_SELECT_OTHER');
REPLACE INTO `questiondefinition` (`id`, `QueryDefinition_id`, `DataType_id`, `OptionGroup_id`) VALUES ('MORTGAGE_ADD_INCOME_CHILD_SUPPORT', 'MORTGAGE_APPLICATION', 'temp', 'PAY_PERIOD_MORTGAGE_SELECT_OTHER');
REPLACE INTO `questiondefinition` (`id`, `QueryDefinition_id`, `DataType_id`, `OptionGroup_id`) VALUES ('MORTGAGE_ADD_INCOME_DISABILITY', 'MORTGAGE_APPLICATION', 'temp', 'PAY_PERIOD_MORTGAGE_SELECT_OTHER');
REPLACE INTO `questiondefinition` (`id`, `QueryDefinition_id`, `DataType_id`, `OptionGroup_id`) VALUES ('MORTGAGE_ADD_INCOME_FOSTER', 'MORTGAGE_APPLICATION', 'temp', 'PAY_PERIOD_MORTGAGE_SELECT_OTHER');
REPLACE INTO `questiondefinition` (`id`, `QueryDefinition_id`, `DataType_id`, `OptionGroup_id`) VALUES ('MORTGAGE_ADD_INCOME_PERSONAGE', 'MORTGAGE_APPLICATION', 'temp', 'PAY_PERIOD_MORTGAGE_SELECT_OTHER');
REPLACE INTO `questiondefinition` (`id`, `QueryDefinition_id`, `DataType_id`, `OptionGroup_id`) VALUES ('MORTGAGE_ADD_INCOME_INTERESTS', 'MORTGAGE_APPLICATION', 'temp', 'PAY_PERIOD_MORTGAGE_SELECT_OTHER');
REPLACE INTO `questiondefinition` (`id`, `QueryDefinition_id`, `DataType_id`, `OptionGroup_id`) VALUES ('MORTGAGE_ADD_INCOME_CREDIT_CERTIFICATE', 'MORTGAGE_APPLICATION', 'temp', 'PAY_PERIOD_MORTGAGE_SELECT_OTHER');
REPLACE INTO `questiondefinition` (`id`, `QueryDefinition_id`, `DataType_id`, `OptionGroup_id`) VALUES ('MORTGAGE_ADD_INCOME_DIFF_PAYMENTS', 'MORTGAGE_APPLICATION', 'temp', 'PAY_PERIOD_MORTGAGE_SELECT_OTHER');
REPLACE INTO `questiondefinition` (`id`, `QueryDefinition_id`, `DataType_id`, `OptionGroup_id`) VALUES ('MORTGAGE_ADD_INCOME_NOTES_RECIVABLE', 'MORTGAGE_APPLICATION', 'temp', 'PAY_PERIOD_MORTGAGE_SELECT_OTHER');
REPLACE INTO `questiondefinition` (`id`, `QueryDefinition_id`, `DataType_id`, `OptionGroup_id`) VALUES ('MORTGAGE_ADD_INCOME_PUBLIC_ASSISTANCE', 'MORTGAGE_APPLICATION', 'temp', 'PAY_PERIOD_MORTGAGE_SELECT_OTHER');
REPLACE INTO `questiondefinition` (`id`, `QueryDefinition_id`, `DataType_id`, `OptionGroup_id`) VALUES ('MORTGAGE_ADD_INCOME_RETIREMENT', 'MORTGAGE_APPLICATION', 'temp', 'PAY_PERIOD_MORTGAGE_SELECT_OTHER');
REPLACE INTO `questiondefinition` (`id`, `QueryDefinition_id`, `DataType_id`, `OptionGroup_id`) VALUES ('MORTGAGE_ADD_INCOME_ROYALTY_PAYMENTS', 'MORTGAGE_APPLICATION', 'temp', 'PAY_PERIOD_MORTGAGE_SELECT_OTHER');
REPLACE INTO `questiondefinition` (`id`, `QueryDefinition_id`, `DataType_id`, `OptionGroup_id`) VALUES ('MORTGAGE_ADD_INCOME_SEPARATE_MAINTENANCE', 'MORTGAGE_APPLICATION', 'temp', 'PAY_PERIOD_MORTGAGE_SELECT_OTHER');
REPLACE INTO `questiondefinition` (`id`, `QueryDefinition_id`, `DataType_id`, `OptionGroup_id`) VALUES ('MORTGAGE_ADD_INCOME_SOCIAL_SECURITY', 'MORTGAGE_APPLICATION', 'temp', 'PAY_PERIOD_MORTGAGE_SELECT_OTHER');
REPLACE INTO `questiondefinition` (`id`, `QueryDefinition_id`, `DataType_id`, `OptionGroup_id`) VALUES ('MORTGAGE_ADD_INCOME_TRUST', 'MORTGAGE_APPLICATION', 'temp', 'PAY_PERIOD_MORTGAGE_SELECT_OTHER');
REPLACE INTO `questiondefinition` (`id`, `QueryDefinition_id`, `DataType_id`, `OptionGroup_id`) VALUES ('MORTGAGE_ADD_INCOME_UNEMPLOYMENT_BENEFITS', 'MORTGAGE_APPLICATION', 'temp', 'PAY_PERIOD_MORTGAGE_SELECT_OTHER');
REPLACE INTO `questiondefinition` (`id`, `QueryDefinition_id`, `DataType_id`, `OptionGroup_id`) VALUES ('MORTGAGE_ADD_INCOME_VA_COMPENSATION', 'MORTGAGE_APPLICATION', 'temp', 'PAY_PERIOD_MORTGAGE_SELECT_OTHER');
REPLACE INTO `questiondefinition` (`id`, `QueryDefinition_id`, `DataType_id`, `OptionGroup_id`) VALUES ('MORTGAGE_ADD_INCOME_FOSTERCARE', 'MORTGAGE_APPLICATION', 'temp', 'PAY_PERIOD_MORTGAGE_SELECT_OTHER');
REPLACE INTO `questiondefinition` (`id`, `QueryDefinition_id`, `DataType_id`, `OptionGroup_id`) VALUES ('MORTGAGE_ADD_INCOME_OTHER', 'MORTGAGE_APPLICATION', 'temp', 'PAY_PERIOD_MORTGAGE_SELECT_OTHER');


REPLACE INTO `questiondefinition` (`id`, `QueryDefinition_id`, `DataType_id`) VALUES ('MORTGAGE_ADD_INCOME_OTHER_DESCRIPTION', 'MORTGAGE_APPLICATION', 'TEXT_ENTRY');
REPLACE INTO `questiondefinition` (`id`, `QueryDefinition_id`, `DataType_id`) VALUES ('MORTGAGE_ADD_INCOME_OTHER_NAME', 'MORTGAGE_APPLICATION', 'TEXT_ENTRY');

REPLACE INTO `questiondefinition` (`id`, `QueryDefinition_id`, `DataType_id`) VALUES ('MORTGAGE_TOTAL_INCOME_OTHER_SOURCES', 'MORTGAGE_APPLICATION', 'TEXT_ENTRY');

REPLACE INTO `querysectionquestion` (`id`, `QueryDefinition_id`, `QuerySection_id`, `QuestionDefinition_id`, `abstractName`) VALUES ('MA_OTHER_INCOME_CHALLENGE', 'MORTGAGE_APPLICATION', 'MORTGAGE_INCOME_APPLICANT', 'MORTGAGE_HAVE_OTHER_INCOME', 'HaveIncomeChallenge');
REPLACE INTO `querysectionquestion` (`id`, `QueryDefinition_id`, `QuerySection_id`, `QuestionDefinition_id`, `abstractName`) VALUES ('MA_ADDINCOME1', 'MORTGAGE_APPLICATION', 'MORTGAGE_INCOME_APPLICANT', 'MORTGAGE_ADD_INCOME1', 'AddIncome1');
REPLACE INTO `querysectionquestion` (`id`, `QueryDefinition_id`, `QuerySection_id`, `QuestionDefinition_id`, `abstractName`) VALUES ('MA_ADDINCOME2', 'MORTGAGE_APPLICATION', 'MORTGAGE_INCOME_APPLICANT', 'MORTGAGE_ADD_INCOME2', 'AddIncome2');
REPLACE INTO `querysectionquestion` (`id`, `QueryDefinition_id`, `QuerySection_id`, `QuestionDefinition_id`, `abstractName`) VALUES ('MA_ADDINCOME3', 'MORTGAGE_APPLICATION', 'MORTGAGE_INCOME_APPLICANT', 'MORTGAGE_ADD_INCOME3', 'AddIncome3');
REPLACE INTO `querysectionquestion` (`id`, `QueryDefinition_id`, `QuerySection_id`, `QuestionDefinition_id`, `abstractName`) VALUES ('MA_ADDINCOME4', 'MORTGAGE_APPLICATION', 'MORTGAGE_INCOME_APPLICANT', 'MORTGAGE_ADD_INCOME4', 'AddIncome4');
REPLACE INTO `querysectionquestion` (`id`, `QueryDefinition_id`, `QuerySection_id`, `QuestionDefinition_id`, `abstractName`) VALUES ('MA_ADDINCOME5', 'MORTGAGE_APPLICATION', 'MORTGAGE_INCOME_APPLICANT', 'MORTGAGE_ADD_INCOME5', 'AddIncome5');
REPLACE INTO `querysectionquestion` (`id`, `QueryDefinition_id`, `QuerySection_id`, `QuestionDefinition_id`, `abstractName`) VALUES ('MA_ADDINCOME6', 'MORTGAGE_APPLICATION', 'MORTGAGE_INCOME_APPLICANT', 'MORTGAGE_ADD_INCOME6', 'AddIncome6');
REPLACE INTO `querysectionquestion` (`id`, `QueryDefinition_id`, `QuerySection_id`, `QuestionDefinition_id`, `abstractName`) VALUES ('MA_ADDINCOME7', 'MORTGAGE_APPLICATION', 'MORTGAGE_INCOME_APPLICANT', 'MORTGAGE_ADD_INCOME7', 'AddIncome7');
REPLACE INTO `querysectionquestion` (`id`, `QueryDefinition_id`, `QuerySection_id`, `QuestionDefinition_id`, `abstractName`) VALUES ('MA_ADDINCOME8', 'MORTGAGE_APPLICATION', 'MORTGAGE_INCOME_APPLICANT', 'MORTGAGE_ADD_INCOME8', 'AddIncome8');
REPLACE INTO `querysectionquestion` (`id`, `QueryDefinition_id`, `QuerySection_id`, `QuestionDefinition_id`, `abstractName`) VALUES ('MA_ADDINCOME9', 'MORTGAGE_APPLICATION', 'MORTGAGE_INCOME_APPLICANT', 'MORTGAGE_ADD_INCOME9', 'AddIncome9');
REPLACE INTO `querysectionquestion` (`id`, `QueryDefinition_id`, `QuerySection_id`, `QuestionDefinition_id`, `abstractName`) VALUES ('MA_ADDINCOME10', 'MORTGAGE_APPLICATION', 'MORTGAGE_INCOME_APPLICANT', 'MORTGAGE_ADD_INCOME10', 'AddIncome10');
REPLACE INTO `querysectionquestion` (`id`, `QueryDefinition_id`, `QuerySection_id`, `QuestionDefinition_id`, `abstractName`) VALUES ('MA_ADDINCOME11', 'MORTGAGE_APPLICATION', 'MORTGAGE_INCOME_APPLICANT', 'MORTGAGE_ADD_INCOME11', 'AddIncome11');
REPLACE INTO `querysectionquestion` (`id`, `QueryDefinition_id`, `QuerySection_id`, `QuestionDefinition_id`, `abstractName`) VALUES ('MA_ADDINCOME12', 'MORTGAGE_APPLICATION', 'MORTGAGE_INCOME_APPLICANT', 'MORTGAGE_ADD_INCOME12', 'AddIncome12');
REPLACE INTO `querysectionquestion` (`id`, `QueryDefinition_id`, `QuerySection_id`, `QuestionDefinition_id`, `abstractName`) VALUES ('MA_ADDINCOME13', 'MORTGAGE_APPLICATION', 'MORTGAGE_INCOME_APPLICANT', 'MORTGAGE_ADD_INCOME13', 'AddIncome13');
REPLACE INTO `querysectionquestion` (`id`, `QueryDefinition_id`, `QuerySection_id`, `QuestionDefinition_id`, `abstractName`) VALUES ('MA_ADDINCOME14', 'MORTGAGE_APPLICATION', 'MORTGAGE_INCOME_APPLICANT', 'MORTGAGE_ADD_INCOME14', 'AddIncome14');
REPLACE INTO `querysectionquestion` (`id`, `QueryDefinition_id`, `QuerySection_id`, `QuestionDefinition_id`, `abstractName`) VALUES ('MA_ADDINCOME15', 'MORTGAGE_APPLICATION', 'MORTGAGE_INCOME_APPLICANT', 'MORTGAGE_ADD_INCOME15', 'AddIncome15');
REPLACE INTO `querysectionquestion` (`id`, `QueryDefinition_id`, `QuerySection_id`, `QuestionDefinition_id`, `abstractName`) VALUES ('MA_ADDINCOME16', 'MORTGAGE_APPLICATION', 'MORTGAGE_INCOME_APPLICANT', 'MORTGAGE_ADD_INCOME16', 'AddIncome16');
REPLACE INTO `querysectionquestion` (`id`, `QueryDefinition_id`, `QuerySection_id`, `QuestionDefinition_id`, `abstractName`) VALUES ('MA_ADDINCOME17', 'MORTGAGE_APPLICATION', 'MORTGAGE_INCOME_APPLICANT', 'MORTGAGE_ADD_INCOME17', 'AddIncome17');
REPLACE INTO `querysectionquestion` (`id`, `QueryDefinition_id`, `QuerySection_id`, `QuestionDefinition_id`, `abstractName`) VALUES ('MA_ADDINCOME18', 'MORTGAGE_APPLICATION', 'MORTGAGE_INCOME_APPLICANT', 'MORTGAGE_ADD_INCOME18', 'AddIncome18');
REPLACE INTO `querysectionquestion` (`id`, `QueryDefinition_id`, `QuerySection_id`, `QuestionDefinition_id`, `abstractName`) VALUES ('MA_ADDINCOME19', 'MORTGAGE_APPLICATION', 'MORTGAGE_INCOME_APPLICANT', 'MORTGAGE_ADD_INCOME19', 'AddIncome19');
REPLACE INTO `querysectionquestion` (`id`, `QueryDefinition_id`, `QuerySection_id`, `QuestionDefinition_id`, `abstractName`) VALUES ('MA_ADDINCOME20', 'MORTGAGE_APPLICATION', 'MORTGAGE_INCOME_APPLICANT', 'MORTGAGE_ADD_INCOME20', 'AddIncome20');
REPLACE INTO `querysectionquestion` (`id`, `QueryDefinition_id`, `QuerySection_id`, `QuestionDefinition_id`, `abstractName`) VALUES ('MA_ADDINCOME21', 'MORTGAGE_APPLICATION', 'MORTGAGE_INCOME_APPLICANT', 'MORTGAGE_ADD_INCOME21', 'AddIncome21');

REPLACE INTO `querysectionquestion` (`id`, `QueryDefinition_id`, `QuerySection_id`, `QuestionDefinition_id`, `abstractName`) VALUES ('MA_ADDINCOME_ALIMONY', 'MORTGAGE_APPLICATION', 'MORTGAGE_INCOME_APPLICANT', 'MORTGAGE_ADD_INCOME_ALIMONY', 'AddIncomeALIMONY');
REPLACE INTO `querysectionquestion` (`id`, `QueryDefinition_id`, `QuerySection_id`, `QuestionDefinition_id`, `abstractName`) VALUES ('MA_ADDINCOME_BOARDER', 'MORTGAGE_APPLICATION', 'MORTGAGE_INCOME_APPLICANT', 'MORTGAGE_ADD_INCOME_BOARDER', 'AddIncomeBOARDER');
REPLACE INTO `querysectionquestion` (`id`, `QueryDefinition_id`, `QuerySection_id`, `QuestionDefinition_id`, `abstractName`) VALUES ('MA_ADDINCOME_INTERESTS', 'MORTGAGE_APPLICATION', 'MORTGAGE_INCOME_APPLICANT', 'MORTGAGE_ADD_INCOME_INTERESTS', 'AddIncomeINTERESTSDIVIDENDS');
REPLACE INTO `querysectionquestion` (`id`, `QueryDefinition_id`, `QuerySection_id`, `QuestionDefinition_id`, `abstractName`) VALUES ('MA_ADDINCOME_AUTOMOBILE', 'MORTGAGE_APPLICATION', 'MORTGAGE_INCOME_APPLICANT', 'MORTGAGE_ADD_INCOME_AUTOMOBILE_ALLOWANCE', 'AddIncomeAUTOMOBILE');
REPLACE INTO `querysectionquestion` (`id`, `QueryDefinition_id`, `QuerySection_id`, `QuestionDefinition_id`, `abstractName`) VALUES ('MA_ADDINCOME_CAPITAL', 'MORTGAGE_APPLICATION', 'MORTGAGE_INCOME_APPLICANT', 'MORTGAGE_ADD_INCOME_CAPITAL_GAINS', 'AddIncomeCAPITAL');
REPLACE INTO `querysectionquestion` (`id`, `QueryDefinition_id`, `QuerySection_id`, `QuestionDefinition_id`, `abstractName`) VALUES ('MA_ADDINCOME_CHILD', 'MORTGAGE_APPLICATION', 'MORTGAGE_INCOME_APPLICANT', 'MORTGAGE_ADD_INCOME_CHILD_SUPPORT', 'AddIncomeCHILDSUPPORT');
REPLACE INTO `querysectionquestion` (`id`, `QueryDefinition_id`, `QuerySection_id`, `QuestionDefinition_id`, `abstractName`) VALUES ('MA_ADDINCOME_DISABILITY', 'MORTGAGE_APPLICATION', 'MORTGAGE_INCOME_APPLICANT', 'MORTGAGE_ADD_INCOME_DISABILITY', 'AddIncomeDISABILITY');
REPLACE INTO `querysectionquestion` (`id`, `QueryDefinition_id`, `QuerySection_id`, `QuestionDefinition_id`, `abstractName`) VALUES ('MA_ADDINCOME_PERSONAGE', 'MORTGAGE_APPLICATION', 'MORTGAGE_INCOME_APPLICANT', 'MORTGAGE_ADD_INCOME_PERSONAGE', 'AddIncomePARSONAGE');
REPLACE INTO `querysectionquestion` (`id`, `QueryDefinition_id`, `QuerySection_id`, `QuestionDefinition_id`, `abstractName`) VALUES ('MA_ADDINCOME_CREDCERTIFICATE', 'MORTGAGE_APPLICATION', 'MORTGAGE_INCOME_APPLICANT', 'MORTGAGE_ADD_INCOME_CREDIT_CERTIFICATE', 'AddIncomeCREDCERTIFICATE');
REPLACE INTO `querysectionquestion` (`id`, `QueryDefinition_id`, `QuerySection_id`, `QuestionDefinition_id`, `abstractName`) VALUES ('MA_ADDINCOME_DIFFPAYMENT', 'MORTGAGE_APPLICATION', 'MORTGAGE_INCOME_APPLICANT', 'MORTGAGE_ADD_INCOME_DIFF_PAYMENTS', 'AddIncomeDIFFERENTIALPAYMENTS');
REPLACE INTO `querysectionquestion` (`id`, `QueryDefinition_id`, `QuerySection_id`, `QuestionDefinition_id`, `abstractName`) VALUES ('MA_ADDINCOME_NOTESRECIVALBE', 'MORTGAGE_APPLICATION', 'MORTGAGE_INCOME_APPLICANT', 'MORTGAGE_ADD_INCOME_NOTES_RECIVABLE', 'AddIncomeNOTESRECIVABLE');
REPLACE INTO `querysectionquestion` (`id`, `QueryDefinition_id`, `QuerySection_id`, `QuestionDefinition_id`, `abstractName`) VALUES ('MA_ADDINCOME_RETIREMENT', 'MORTGAGE_APPLICATION', 'MORTGAGE_INCOME_APPLICANT', 'MORTGAGE_ADD_INCOME_RETIREMENT', 'AddIncomeRETIREMENT');
REPLACE INTO `querysectionquestion` (`id`, `QueryDefinition_id`, `QuerySection_id`, `QuestionDefinition_id`, `abstractName`) VALUES ('MA_ADDINCOME_PUBASSISTANCE', 'MORTGAGE_APPLICATION', 'MORTGAGE_INCOME_APPLICANT', 'MORTGAGE_ADD_INCOME_PUBLIC_ASSISTANCE', 'AddIncomePUBLICASSISTANCE');
REPLACE INTO `querysectionquestion` (`id`, `QueryDefinition_id`, `QuerySection_id`, `QuestionDefinition_id`, `abstractName`) VALUES ('MA_ADDINCOME_ROYALTY', 'MORTGAGE_APPLICATION', 'MORTGAGE_INCOME_APPLICANT', 'MORTGAGE_ADD_INCOME_ROYALTY_PAYMENTS', 'AddIncomeROYALTYPAY');
REPLACE INTO `querysectionquestion` (`id`, `QueryDefinition_id`, `QuerySection_id`, `QuestionDefinition_id`, `abstractName`) VALUES ('MA_ADDINCOME_SEPRATEMAINTENACE', 'MORTGAGE_APPLICATION', 'MORTGAGE_INCOME_APPLICANT', 'MORTGAGE_ADD_INCOME_SEPARATE_MAINTENANCE', 'AddIncomeSEPRATEMAINTENACE');
REPLACE INTO `querysectionquestion` (`id`, `QueryDefinition_id`, `QuerySection_id`, `QuestionDefinition_id`, `abstractName`) VALUES ('MA_ADDINCOME_SOCIALSECURITY', 'MORTGAGE_APPLICATION', 'MORTGAGE_INCOME_APPLICANT', 'MORTGAGE_ADD_INCOME_SOCIAL_SECURITY', 'AddIncomeSOCIALSECURITY');
REPLACE INTO `querysectionquestion` (`id`, `QueryDefinition_id`, `QuerySection_id`, `QuestionDefinition_id`, `abstractName`) VALUES ('MA_ADDINCOME_TRUST', 'MORTGAGE_APPLICATION', 'MORTGAGE_INCOME_APPLICANT', 'MORTGAGE_ADD_INCOME_TRUST', 'AddIncomeTRUST');
REPLACE INTO `querysectionquestion` (`id`, `QueryDefinition_id`, `QuerySection_id`, `QuestionDefinition_id`, `abstractName`) VALUES ('MA_ADDINCOME_UNEMP_BENEFITS', 'MORTGAGE_APPLICATION', 'MORTGAGE_INCOME_APPLICANT', 'MORTGAGE_ADD_INCOME_UNEMPLOYMENT_BENEFITS', 'AddIncomeUNEMPBENEFITS');
REPLACE INTO `querysectionquestion` (`id`, `QueryDefinition_id`, `QuerySection_id`, `QuestionDefinition_id`, `abstractName`) VALUES ('MA_ADDINCOME_VACOMP', 'MORTGAGE_APPLICATION', 'MORTGAGE_INCOME_APPLICANT', 'MORTGAGE_ADD_INCOME_VA_COMPENSATION', 'AddIncomeVACOMPENSATION');
REPLACE INTO `querysectionquestion` (`id`, `QueryDefinition_id`, `QuerySection_id`, `QuestionDefinition_id`, `abstractName`) VALUES ('MA_ADDINCOME_FOSTERCARE', 'MORTGAGE_APPLICATION', 'MORTGAGE_INCOME_APPLICANT', 'MORTGAGE_ADD_INCOME_FOSTERCARE', 'AddIncomeFOSTERCARE');
REPLACE INTO `querysectionquestion` (`id`, `QueryDefinition_id`, `QuerySection_id`, `QuestionDefinition_id`, `abstractName`) VALUES ('MA_ADDINCOME_OTHERS_OTHER', 'MORTGAGE_APPLICATION', 'MORTGAGE_INCOME_APPLICANT', 'MORTGAGE_ADD_INCOME_OTHER', 'AddIncomeOTHERSOURCESOTHER');

REPLACE INTO `querysectionquestion` (`id`, `QueryDefinition_id`, `QuerySection_id`, `QuestionDefinition_id`, `abstractName`) VALUES ('MA_ADDINCOME_OTHERDESC', 'MORTGAGE_APPLICATION', 'MORTGAGE_INCOME_APPLICANT', 'MORTGAGE_ADD_INCOME_OTHER_DESCRIPTION', 'AddIncomeOtherDesc');
REPLACE INTO `querysectionquestion` (`id`, `QueryDefinition_id`, `QuerySection_id`, `QuestionDefinition_id`, `abstractName`) VALUES ('MA_ADDINCOME_OTHERNAME', 'MORTGAGE_APPLICATION', 'MORTGAGE_INCOME_APPLICANT', 'MORTGAGE_ADD_INCOME_OTHER_NAME', 'AddIncomeOtherName');
REPLACE INTO `querysectionquestion` (`id`, `QueryDefinition_id`, `QuerySection_id`, `QuestionDefinition_id`, `abstractName`) VALUES ('MA_TOTAL_INCOME_OTHERSOURCES', 'MORTGAGE_APPLICATION', 'MORTGAGE_INCOME_APPLICANT', 'MORTGAGE_TOTAL_INCOME_OTHER_SOURCES', 'AddIncomeOTHER');

UPDATE `querysectionquestion` SET `ParentQuestionOptionValue`='1' WHERE `id`='MA_ADD_DEPENDENT_1';
UPDATE `querysectionquestion` SET `ParentQuestionOptionValue`='2' WHERE `id`='MA_ADD_DEPENDENT_2';
UPDATE `querysectionquestion` SET `ParentQuestionOptionValue`='3' WHERE `id`='MA_ADD_DEPENDENT_3';
UPDATE `querysectionquestion` SET `ParentQuestionOptionValue`='4' WHERE `id`='MA_ADD_DEPENDENT_4';
UPDATE `querysectionquestion` SET `ParentQuestionOptionValue`='5' WHERE `id`='MA_ADD_DEPENDENT_5';
UPDATE `querysectionquestion` SET `ParentQuestionOptionValue`='6' WHERE `id`='MA_ADD_DEPENDENT_6';
UPDATE `querysectionquestion` SET `ParentQuestionOptionValue`='7' WHERE `id`='MA_ADD_DEPENDENT_7';
UPDATE `querysectionquestion` SET `ParentQuestionOptionValue`='8' WHERE `id`='MA_ADD_DEPENDENT_8';
UPDATE `querysectionquestion` SET `ParentQuestionOptionValue`='9' WHERE `id`='MA_ADD_DEPENDENT_9';

UPDATE `querysectionquestion` SET `ParentQuestionOptionValue`='Yes', `ParentQuerySectionQuestion_AbstractName`='Us_ArmedForce' WHERE `id`='MA_CURR_ONSERVICE';

UPDATE `querysectionquestion` SET `ParentQuestionOptionValue`='Yes', `ParentQuerySectionQuestion_AbstractName`='Us_ArmedForce' WHERE `id`='MA_CURRONSERVICE_DOS';

UPDATE `querysectionquestion` SET `ParentQuerySectionQuestion_AbstractName`='Curr_OnService' WHERE `id`='MA_EXP_DOS';

UPDATE `querysectionquestion` SET `ParentQuestionOptionValue`='No', `ParentQuerySectionQuestion_AbstractName`='Curr_OnService' WHERE `id`='MA_NONACTIVE_RESERVE_NATIONALGAURD';
UPDATE `querysectionquestion` SET `ParentQuestionOptionValue`='No', `ParentQuerySectionQuestion_AbstractName`='Curr_OnService' WHERE `id`='MA_SURVIVING_SPOUSE';

UPDATE `querysectionquestion` SET `ParentQuestionOptionValue`='Yes', `ParentQuerySectionQuestion_AbstractName`='Us_ArmedForce' WHERE `id`='MA_EVERSERVED_USAF';

UPDATE `questiondefinition` SET `DataType_id`='SINGLE_SELECT', `OptionGroup_id`='CHALLENGE' WHERE `id`='MORTGAGE_EVERSERVED_USAF';

REPLACE INTO  `questiondefinition` (`id`, `QueryDefinition_id`, `DataType_id`, `OptionGroup_id`, `IsRequired`) VALUES ('MORTGAGE_CURRONSERVICE_DOS', 'MORTGAGE_APPLICATION', 'SINGLE_SELECT', 'CHALLENGE', '0');

UPDATE `questiondefinition` SET `DataType_id`='SINGLE_SELECT', `OptionGroup_id`='CHALLENGE' WHERE `id`='MORTGAGE_EXP_DOS';

UPDATE `questiondefinition` SET `DataType_id`='SINGLE_SELECT', `OptionGroup_id`='CHALLENGE' WHERE `id`='MORTGAGE_CURR_ONSERVICE';

UPDATE `questiondefinition` SET `DataType_id`='SINGLE_SELECT', `OptionGroup_id`='CHALLENGE' WHERE `id`='MORTGAGE_ARMEDFORCE';

UPDATE `questiondefinition` SET `DataType_id`='SINGLE_SELECT', `OptionGroup_id`='CHALLENGE' WHERE `id`='MORTGAGE_SURVIVING_SPOUSE';

UPDATE `questiondefinition` SET `DataType_id`='SINGLE_SELECT', `OptionGroup_id`='CHALLENGE' WHERE `id`='MORTGAGE_NONACTIVE_RESERVE_NATIONALGAURD';
UPDATE `querysectionquestion` SET `ParentQuerySectionQuestion_id`='MA_CURR_EMP_TYPE', `ParentQuestionOptionValue`='Full-Time Employed', `ParentQuerySectionQuestion_AbstractName`='EmploymentStatus' WHERE `id`='MA_CURR_FT_EMPLOYMENT_CHECK';
UPDATE `querysectionquestion` SET `ParentQuerySectionQuestion_id`='MA_CURR_EMP_TYPE', `ParentQuestionOptionValue`='Full-Time Employed', `ParentQuerySectionQuestion_AbstractName`='EmploymentStatus' WHERE `id`='MA_CURR_FT_EMP_ADDCITY';
UPDATE `querysectionquestion` SET `ParentQuerySectionQuestion_id`='MA_CURR_EMP_TYPE', `ParentQuestionOptionValue`='Full-Time Employed', `ParentQuerySectionQuestion_AbstractName`='EmploymentStatus' WHERE `id`='MA_CURR_FT_EMP_ADDCOUNTRY';
UPDATE `querysectionquestion` SET `ParentQuerySectionQuestion_id`='MA_CURR_EMP_TYPE', `ParentQuestionOptionValue`='Full-Time Employed', `ParentQuerySectionQuestion_AbstractName`='EmploymentStatus' WHERE `id`='MA_CURR_FT_EMP_ADDLINE1';
UPDATE `querysectionquestion` SET `ParentQuerySectionQuestion_id`='MA_CURR_EMP_TYPE', `ParentQuestionOptionValue`='Full-Time Employed', `ParentQuerySectionQuestion_AbstractName`='EmploymentStatus' WHERE `id`='MA_CURR_FT_EMP_ADDLINE2';
UPDATE `querysectionquestion` SET `ParentQuerySectionQuestion_id`='MA_CURR_EMP_TYPE', `ParentQuestionOptionValue`='Full-Time Employed', `ParentQuerySectionQuestion_AbstractName`='EmploymentStatus' WHERE `id`='MA_CURR_FT_EMP_ADDSTATE';
UPDATE `querysectionquestion` SET `ParentQuerySectionQuestion_id`='MA_CURR_EMP_TYPE', `ParentQuestionOptionValue`='Full-Time Employed', `ParentQuerySectionQuestion_AbstractName`='EmploymentStatus' WHERE `id`='MA_CURR_FT_EMP_ADDZIP';
UPDATE `querysectionquestion` SET `ParentQuerySectionQuestion_id`='MA_CURR_EMP_TYPE', `ParentQuestionOptionValue`='Full-Time Employed', `ParentQuerySectionQuestion_AbstractName`='EmploymentStatus' WHERE `id`='MA_CURR_FT_EMP_NAME';
UPDATE `querysectionquestion` SET `ParentQuerySectionQuestion_id`='MA_CURR_EMP_TYPE', `ParentQuestionOptionValue`='Full-Time Employed', `ParentQuerySectionQuestion_AbstractName`='EmploymentStatus' WHERE `id`='MA_CURR_FT_EMP_PHONE';
UPDATE `querysectionquestion` SET `ParentQuerySectionQuestion_id`='MA_CURR_EMP_TYPE', `ParentQuestionOptionValue`='Full-Time Employed', `ParentQuerySectionQuestion_AbstractName`='EmploymentStatus' WHERE `id`='MA_CURR_FT_EMP_POSITION';
UPDATE `querysectionquestion` SET `ParentQuerySectionQuestion_id`='MA_CURR_EMP_TYPE', `ParentQuestionOptionValue`='Full-Time Employed', `ParentQuerySectionQuestion_AbstractName`='EmploymentStatus' WHERE `id`='MA_CURR_FT_INCOME_PROFESSIONDURATION';
UPDATE `querysectionquestion` SET `ParentQuerySectionQuestion_id`='MA_CURR_EMP_TYPE', `ParentQuestionOptionValue`='Full-Time Employed', `ParentQuerySectionQuestion_AbstractName`='EmploymentStatus' WHERE `id`='MA_CURR_FT_INCOME_PROFESSIONSTARTDATE';
UPDATE `querysectionquestion` SET `ParentQuerySectionQuestion_id`='MA_CURR_EMP_TYPE', `ParentQuestionOptionValue`='Full-Time Employed', `ParentQuerySectionQuestion_AbstractName`='EmploymentStatus' WHERE `id`='MA_CURRENT_BASE_FT_PAYPERIOD';
UPDATE `querysectionquestion` SET `ParentQuerySectionQuestion_id`='MA_CURR_EMP_TYPE', `ParentQuestionOptionValue`='Full-Time Employed', `ParentQuerySectionQuestion_AbstractName`='EmploymentStatus' WHERE `id`='MA_CURRENT_BONUS_FT_PAYPERIOD';
UPDATE `querysectionquestion` SET `ParentQuerySectionQuestion_id`='MA_CURR_EMP_TYPE', `ParentQuestionOptionValue`='Full-Time Employed', `ParentQuerySectionQuestion_AbstractName`='EmploymentStatus' WHERE `id`='MA_CURRENT_COMMISSION_FT_PAYPERIOD';
UPDATE `querysectionquestion` SET `ParentQuerySectionQuestion_id`='MA_CURR_EMP_TYPE', `ParentQuestionOptionValue`='Full-Time Employed', `ParentQuerySectionQuestion_AbstractName`='EmploymentStatus' WHERE `id`='MA_CURRENT_OTHER_FT_PAYPERIOD';
UPDATE `querysectionquestion` SET `ParentQuerySectionQuestion_id`='MA_CURR_EMP_TYPE', `ParentQuestionOptionValue`='Full-Time Employed', `ParentQuerySectionQuestion_AbstractName`='EmploymentStatus' WHERE `id`='MA_CURRENT_OVERTIME_FT_PAYPERIOD';
UPDATE `querysectionquestion` SET `ParentQuerySectionQuestion_id`='MA_CURR_EMP_TYPE', `ParentQuestionOptionValue`='Full-Time Employed', `ParentQuerySectionQuestion_AbstractName`='EmploymentStatus' WHERE `id`='MA_CURR_FT_BASEINCOME';
UPDATE `querysectionquestion` SET `ParentQuerySectionQuestion_id`='MA_CURR_EMP_TYPE', `ParentQuestionOptionValue`='Full-Time Employed', `ParentQuerySectionQuestion_AbstractName`='EmploymentStatus' WHERE `id`='MA_CURR_FT_BASEINCOME_WH';
UPDATE `querysectionquestion` SET `ParentQuerySectionQuestion_id`='MA_CURR_EMP_TYPE', `ParentQuestionOptionValue`='Full-Time Employed', `ParentQuerySectionQuestion_AbstractName`='EmploymentStatus' WHERE `id`='MA_CURR_FT_BONUSINCOME';
UPDATE `querysectionquestion` SET `ParentQuerySectionQuestion_id`='MA_CURR_EMP_TYPE', `ParentQuestionOptionValue`='Full-Time Employed', `ParentQuerySectionQuestion_AbstractName`='EmploymentStatus' WHERE `id`='MA_CURR_FT_COMMISSIONINCOME';
UPDATE `querysectionquestion` SET `ParentQuerySectionQuestion_id`='MA_CURR_EMP_TYPE', `ParentQuestionOptionValue`='Full-Time Employed', `ParentQuerySectionQuestion_AbstractName`='EmploymentStatus' WHERE `id`='MA_CURR_FT_OTHERINCOME';
UPDATE `querysectionquestion` SET `ParentQuerySectionQuestion_id`='MA_CURR_EMP_TYPE', `ParentQuestionOptionValue`='Full-Time Employed', `ParentQuerySectionQuestion_AbstractName`='EmploymentStatus' WHERE `id`='MA_CURR_FT_OTHERINCOME_WH';
UPDATE `querysectionquestion` SET `ParentQuerySectionQuestion_id`='MA_CURR_EMP_TYPE', `ParentQuestionOptionValue`='Full-Time Employed', `ParentQuerySectionQuestion_AbstractName`='EmploymentStatus' WHERE `id`='MA_CURR_FT_OVERTIMEINCOME';
UPDATE `querysectionquestion` SET `ParentQuerySectionQuestion_id`='MA_CURR_EMP_TYPE', `ParentQuestionOptionValue`='Full-Time Employed', `ParentQuerySectionQuestion_AbstractName`='EmploymentStatus' WHERE `id`='MA_CURR_FT_OVERTIMEINCOME_WH';
UPDATE `querysectionquestion` SET `ParentQuerySectionQuestion_id`='MA_CURR_EMP_TYPE', `ParentQuestionOptionValue`='Full-Time Employed', `ParentQuerySectionQuestion_AbstractName`='EmploymentStatus' WHERE `id`='MA_CURR_FT_TOTALGROSS';


UPDATE `querysectionquestion` SET `ParentQuerySectionQuestion_id`='MA_CURR_EMP_TYPE', `ParentQuestionOptionValue`='Part-Time Employed', `ParentQuerySectionQuestion_AbstractName`='EmploymentStatus' WHERE `id`='MA_CURR_PT_EMPLOYMENT_CHECK';
UPDATE `querysectionquestion` SET `ParentQuerySectionQuestion_id`='MA_CURR_EMP_TYPE', `ParentQuestionOptionValue`='Part-Time Employed', `ParentQuerySectionQuestion_AbstractName`='EmploymentStatus' WHERE `id`='MA_CURR_PT_EMP_ADDCITY';
UPDATE `querysectionquestion` SET `ParentQuerySectionQuestion_id`='MA_CURR_EMP_TYPE', `ParentQuestionOptionValue`='Part-Time Employed', `ParentQuerySectionQuestion_AbstractName`='EmploymentStatus' WHERE `id`='MA_CURR_PT_EMP_ADDCOUNTRY';
UPDATE `querysectionquestion` SET `ParentQuerySectionQuestion_id`='MA_CURR_EMP_TYPE', `ParentQuestionOptionValue`='Part-Time Employed', `ParentQuerySectionQuestion_AbstractName`='EmploymentStatus' WHERE `id`='MA_CURR_PT_EMP_ADDLINE1';
UPDATE `querysectionquestion` SET `ParentQuerySectionQuestion_id`='MA_CURR_EMP_TYPE', `ParentQuestionOptionValue`='Part-Time Employed', `ParentQuerySectionQuestion_AbstractName`='EmploymentStatus' WHERE `id`='MA_CURR_PT_EMP_ADDLINE2';
UPDATE `querysectionquestion` SET `ParentQuerySectionQuestion_id`='MA_CURR_EMP_TYPE', `ParentQuestionOptionValue`='Part-Time Employed', `ParentQuerySectionQuestion_AbstractName`='EmploymentStatus' WHERE `id`='MA_CURR_PT_EMP_ADDSTATE';
UPDATE `querysectionquestion` SET `ParentQuerySectionQuestion_id`='MA_CURR_EMP_TYPE', `ParentQuestionOptionValue`='Part-Time Employed', `ParentQuerySectionQuestion_AbstractName`='EmploymentStatus' WHERE `id`='MA_CURR_PT_EMP_ADDZIP';
UPDATE `querysectionquestion` SET `ParentQuerySectionQuestion_id`='MA_CURR_EMP_TYPE', `ParentQuestionOptionValue`='Part-Time Employed', `ParentQuerySectionQuestion_AbstractName`='EmploymentStatus' WHERE `id`='MA_CURR_PT_EMP_NAME';
UPDATE `querysectionquestion` SET `ParentQuerySectionQuestion_id`='MA_CURR_EMP_TYPE', `ParentQuestionOptionValue`='Part-Time Employed', `ParentQuerySectionQuestion_AbstractName`='EmploymentStatus' WHERE `id`='MA_CURR_PT_EMP_PHONE';
UPDATE `querysectionquestion` SET `ParentQuerySectionQuestion_id`='MA_CURR_EMP_TYPE', `ParentQuestionOptionValue`='Part-Time Employed', `ParentQuerySectionQuestion_AbstractName`='EmploymentStatus' WHERE `id`='MA_CURR_PT_EMP_POSITION';
UPDATE `querysectionquestion` SET `ParentQuerySectionQuestion_id`='MA_CURR_EMP_TYPE', `ParentQuestionOptionValue`='Part-Time Employed', `ParentQuerySectionQuestion_AbstractName`='EmploymentStatus' WHERE `id`='MA_CURR_PT_INCOME_PROFESSIONDURATION';
UPDATE `querysectionquestion` SET `ParentQuerySectionQuestion_id`='MA_CURR_EMP_TYPE', `ParentQuestionOptionValue`='Part-Time Employed', `ParentQuerySectionQuestion_AbstractName`='EmploymentStatus' WHERE `id`='MA_CURR_PT_INCOME_PROFESSIONSTARTDATE';
UPDATE `querysectionquestion` SET `ParentQuerySectionQuestion_id`='MA_CURR_EMP_TYPE', `ParentQuestionOptionValue`='Part-Time Employed', `ParentQuerySectionQuestion_AbstractName`='EmploymentStatus' WHERE `id`='MA_CURRENT_BASE_PT_PAYPERIOD';
UPDATE `querysectionquestion` SET `ParentQuerySectionQuestion_id`='MA_CURR_EMP_TYPE', `ParentQuestionOptionValue`='Part-Time Employed', `ParentQuerySectionQuestion_AbstractName`='EmploymentStatus' WHERE `id`='MA_CURRENT_BONUS_PT_PAYPERIOD';
UPDATE `querysectionquestion` SET `ParentQuerySectionQuestion_id`='MA_CURR_EMP_TYPE', `ParentQuestionOptionValue`='Part-Time Employed', `ParentQuerySectionQuestion_AbstractName`='EmploymentStatus' WHERE `id`='MA_CURRENT_COMMISSION_PT_PAYPERIOD';
UPDATE `querysectionquestion` SET `ParentQuerySectionQuestion_id`='MA_CURR_EMP_TYPE', `ParentQuestionOptionValue`='Part-Time Employed', `ParentQuerySectionQuestion_AbstractName`='EmploymentStatus' WHERE `id`='MA_CURRENT_OTHER_PT_PAYPERIOD';
UPDATE `querysectionquestion` SET `ParentQuerySectionQuestion_id`='MA_CURR_EMP_TYPE', `ParentQuestionOptionValue`='Part-Time Employed', `ParentQuerySectionQuestion_AbstractName`='EmploymentStatus' WHERE `id`='MA_CURRENT_OVERTIME_PT_PAYPERIOD';
UPDATE `querysectionquestion` SET `ParentQuerySectionQuestion_id`='MA_CURR_EMP_TYPE', `ParentQuestionOptionValue`='Part-Time Employed', `ParentQuerySectionQuestion_AbstractName`='EmploymentStatus' WHERE `id`='MA_CURR_PT_BASEINCOME';
UPDATE `querysectionquestion` SET `ParentQuerySectionQuestion_id`='MA_CURR_EMP_TYPE', `ParentQuestionOptionValue`='Part-Time Employed', `ParentQuerySectionQuestion_AbstractName`='EmploymentStatus' WHERE `id`='MA_CURR_PT_BASEINCOME_WH';
UPDATE `querysectionquestion` SET `ParentQuerySectionQuestion_id`='MA_CURR_EMP_TYPE', `ParentQuestionOptionValue`='Part-Time Employed', `ParentQuerySectionQuestion_AbstractName`='EmploymentStatus' WHERE `id`='MA_CURR_PT_BONUSINCOME';
UPDATE `querysectionquestion` SET `ParentQuerySectionQuestion_id`='MA_CURR_EMP_TYPE', `ParentQuestionOptionValue`='Part-Time Employed', `ParentQuerySectionQuestion_AbstractName`='EmploymentStatus' WHERE `id`='MA_CURR_PT_COMMISSIONINCOME';
UPDATE `querysectionquestion` SET `ParentQuerySectionQuestion_id`='MA_CURR_EMP_TYPE', `ParentQuestionOptionValue`='Part-Time Employed', `ParentQuerySectionQuestion_AbstractName`='EmploymentStatus' WHERE `id`='MA_CURR_PT_OTHERINCOME';
UPDATE `querysectionquestion` SET `ParentQuerySectionQuestion_id`='MA_CURR_EMP_TYPE', `ParentQuestionOptionValue`='Part-Time Employed', `ParentQuerySectionQuestion_AbstractName`='EmploymentStatus' WHERE `id`='MA_CURR_PT_OTHERINCOME_WH';
UPDATE `querysectionquestion` SET `ParentQuerySectionQuestion_id`='MA_CURR_EMP_TYPE', `ParentQuestionOptionValue`='Part-Time Employed', `ParentQuerySectionQuestion_AbstractName`='EmploymentStatus' WHERE `id`='MA_CURR_PT_OVERTIMEINCOME';
UPDATE `querysectionquestion` SET `ParentQuerySectionQuestion_id`='MA_CURR_EMP_TYPE', `ParentQuestionOptionValue`='Part-Time Employed', `ParentQuerySectionQuestion_AbstractName`='EmploymentStatus' WHERE `id`='MA_CURR_PT_OVERTIMEINCOME_WH';
UPDATE `querysectionquestion` SET `ParentQuerySectionQuestion_id`='MA_CURR_EMP_TYPE', `ParentQuestionOptionValue`='Part-Time Employed', `ParentQuerySectionQuestion_AbstractName`='EmploymentStatus' WHERE `id`='MA_CURR_PT_TOTALGROSS';

UPDATE `querysectionquestion` SET `ParentQuestionOptionValue`='Military' WHERE `id`='MA_CURRENT_BASE_MILITARY_PAYPERIOD';
UPDATE `querysectionquestion` SET `ParentQuestionOptionValue`='Military' WHERE `id`='MA_CURRENT_BONUS_MILITARY_PAYPERIOD';
UPDATE `querysectionquestion` SET `ParentQuestionOptionValue`='Military' WHERE `id`='MA_CURRENT_COMMISSION_MILITARY_PAYPERIOD';
UPDATE `querysectionquestion` SET `ParentQuestionOptionValue`='Military' WHERE `id`='MA_CURRENT_MILITARY_PAYPERIOD';
UPDATE `querysectionquestion` SET `ParentQuestionOptionValue`='Military' WHERE `id`='MA_CURRENT_OTHER_MILITARY_PAYPERIOD';
UPDATE `querysectionquestion` SET `ParentQuestionOptionValue`='Military' WHERE `id`='MA_CURRENT_OVERTIME_MILITARY_PAYPERIOD';
UPDATE `querysectionquestion` SET `ParentQuerySectionQuestion_id`='MA_CURR_EMP_TYPE', `ParentQuestionOptionValue`='Military', `ParentQuerySectionQuestion_AbstractName`='EmploymentStatus' WHERE `id`='MA_CURR_MILITARY_BASEINCOME';
UPDATE `querysectionquestion` SET `ParentQuerySectionQuestion_id`='MA_CURR_EMP_TYPE', `ParentQuestionOptionValue`='Military', `ParentQuerySectionQuestion_AbstractName`='EmploymentStatus' WHERE `id`='MA_CURR_MILITARY_BASEINCOME_WH';
UPDATE `querysectionquestion` SET `ParentQuerySectionQuestion_id`='MA_CURR_EMP_TYPE', `ParentQuestionOptionValue`='Military', `ParentQuerySectionQuestion_AbstractName`='EmploymentStatus' WHERE `id`='MA_CURR_MILITARY_BONUSINCOME';
UPDATE `querysectionquestion` SET `ParentQuerySectionQuestion_id`='MA_CURR_EMP_TYPE', `ParentQuestionOptionValue`='Military', `ParentQuerySectionQuestion_AbstractName`='EmploymentStatus' WHERE `id`='MA_CURR_MILITARY_COMMISSIONINCOME';
UPDATE `querysectionquestion` SET `ParentQuerySectionQuestion_id`='MA_CURR_EMP_TYPE', `ParentQuestionOptionValue`='Military', `ParentQuerySectionQuestion_AbstractName`='EmploymentStatus' WHERE `id`='MA_CURR_MILITARY_EMP_ADDCITY';
UPDATE `querysectionquestion` SET `ParentQuerySectionQuestion_id`='MA_CURR_EMP_TYPE', `ParentQuestionOptionValue`='Military', `ParentQuerySectionQuestion_AbstractName`='EmploymentStatus' WHERE `id`='MA_CURR_MILITARY_EMP_ADDCOUNTRY';
UPDATE `querysectionquestion` SET `ParentQuerySectionQuestion_id`='MA_CURR_EMP_TYPE', `ParentQuestionOptionValue`='Military', `ParentQuerySectionQuestion_AbstractName`='EmploymentStatus' WHERE `id`='MA_CURR_MILITARY_EMP_ADDLINE1';
UPDATE `querysectionquestion` SET `ParentQuerySectionQuestion_id`='MA_CURR_EMP_TYPE', `ParentQuestionOptionValue`='Military', `ParentQuerySectionQuestion_AbstractName`='EmploymentStatus' WHERE `id`='MA_CURR_MILITARY_EMP_ADDLINE2';
UPDATE `querysectionquestion` SET `ParentQuerySectionQuestion_id`='MA_CURR_EMP_TYPE', `ParentQuestionOptionValue`='Military', `ParentQuerySectionQuestion_AbstractName`='EmploymentStatus' WHERE `id`='MA_CURR_MILITARY_EMP_ADDSTATE';
UPDATE `querysectionquestion` SET `ParentQuerySectionQuestion_id`='MA_CURR_EMP_TYPE', `ParentQuestionOptionValue`='Military', `ParentQuerySectionQuestion_AbstractName`='EmploymentStatus' WHERE `id`='MA_CURR_MILITARY_EMP_ADDZIP';
UPDATE `querysectionquestion` SET `ParentQuerySectionQuestion_id`='MA_CURR_EMP_TYPE', `ParentQuestionOptionValue`='Military', `ParentQuerySectionQuestion_AbstractName`='EmploymentStatus' WHERE `id`='MA_CURR_MILITARY_EMP_NAME';
UPDATE `querysectionquestion` SET `ParentQuerySectionQuestion_id`='MA_CURR_EMP_TYPE', `ParentQuestionOptionValue`='Military', `ParentQuerySectionQuestion_AbstractName`='EmploymentStatus' WHERE `id`='MA_CURR_MILITARY_EMP_PHONE';
UPDATE `querysectionquestion` SET `ParentQuerySectionQuestion_id`='MA_CURR_EMP_TYPE', `ParentQuestionOptionValue`='Military', `ParentQuerySectionQuestion_AbstractName`='EmploymentStatus' WHERE `id`='MA_CURR_MILITARY_EMP_POSITION';
UPDATE `querysectionquestion` SET `ParentQuerySectionQuestion_id`='MA_CURR_EMP_TYPE', `ParentQuestionOptionValue`='Military', `ParentQuerySectionQuestion_AbstractName`='EmploymentStatus' WHERE `id`='MA_CURR_MILITARY_ENTITLEMENTSINCOME';
UPDATE `querysectionquestion` SET `ParentQuerySectionQuestion_id`='MA_CURR_EMP_TYPE', `ParentQuestionOptionValue`='Military', `ParentQuerySectionQuestion_AbstractName`='EmploymentStatus' WHERE `id`='MA_CURR_MILITARY_INCOME_PROFESSIONSTARTDATE';
UPDATE `querysectionquestion` SET `ParentQuerySectionQuestion_id`='MA_CURR_EMP_TYPE', `ParentQuestionOptionValue`='Military', `ParentQuerySectionQuestion_AbstractName`='EmploymentStatus' WHERE `id`='MA_CURR_MILITARY_OTHERINCOME';
UPDATE `querysectionquestion` SET `ParentQuerySectionQuestion_id`='MA_CURR_EMP_TYPE', `ParentQuestionOptionValue`='Military', `ParentQuerySectionQuestion_AbstractName`='EmploymentStatus' WHERE `id`='MA_CURR_MILITARY_OTHERINCOME_WH';
UPDATE `querysectionquestion` SET `ParentQuerySectionQuestion_id`='MA_CURR_EMP_TYPE', `ParentQuestionOptionValue`='Military', `ParentQuerySectionQuestion_AbstractName`='EmploymentStatus' WHERE `id`='MA_CURR_MILITARY_OVERTIMEINCOME';
UPDATE `querysectionquestion` SET `ParentQuerySectionQuestion_id`='MA_CURR_EMP_TYPE', `ParentQuestionOptionValue`='Military', `ParentQuerySectionQuestion_AbstractName`='EmploymentStatus' WHERE `id`='MA_CURR_MILITARY_OVERTIMEINCOME_WH';
UPDATE `querysectionquestion` SET `ParentQuerySectionQuestion_id`='MA_CURR_EMP_TYPE', `ParentQuestionOptionValue`='Military', `ParentQuerySectionQuestion_AbstractName`='EmploymentStatus' WHERE `id`='MA_CURR_MILITARY_TOTALGROSS';
UPDATE `querysectionquestion` SET `ParentQuerySectionQuestion_id`='MA_CURR_EMP_TYPE', `ParentQuestionOptionValue`='Military', `ParentQuerySectionQuestion_AbstractName`='EmploymentStatus' WHERE `id`='MA_CURR_MILITARY_INCOME_PROFESSIONDURATION';

UPDATE `querysectionquestion` SET `ParentQuerySectionQuestion_id`='MA_CURR_EMP_TYPE', `ParentQuestionOptionValue`='Self Employed', `ParentQuerySectionQuestion_AbstractName`='EmploymentStatus' WHERE `id`='MA_CURR_BUSINESS_EMP_ADDCITY';
UPDATE `querysectionquestion` SET `ParentQuerySectionQuestion_id`='MA_CURR_EMP_TYPE', `ParentQuestionOptionValue`='Self Employed', `ParentQuerySectionQuestion_AbstractName`='EmploymentStatus' WHERE `id`='MA_CURR_BUSINESS_EMP_ADDCOUNTRY';
UPDATE `querysectionquestion` SET `ParentQuerySectionQuestion_id`='MA_CURR_EMP_TYPE', `ParentQuestionOptionValue`='Self Employed', `ParentQuerySectionQuestion_AbstractName`='EmploymentStatus' WHERE `id`='MA_CURR_BUSINESS_EMP_ADDLINE1';
UPDATE `querysectionquestion` SET `ParentQuerySectionQuestion_id`='MA_CURR_EMP_TYPE', `ParentQuestionOptionValue`='Self Employed', `ParentQuerySectionQuestion_AbstractName`='EmploymentStatus' WHERE `id`='MA_CURR_BUSINESS_EMP_ADDLINE2';
UPDATE `querysectionquestion` SET `ParentQuerySectionQuestion_id`='MA_CURR_EMP_TYPE', `ParentQuestionOptionValue`='Self Employed', `ParentQuerySectionQuestion_AbstractName`='EmploymentStatus' WHERE `id`='MA_CURR_BUSINESS_EMP_ADDSTATE';
UPDATE `querysectionquestion` SET `ParentQuerySectionQuestion_id`='MA_CURR_EMP_TYPE', `ParentQuestionOptionValue`='Self Employed', `ParentQuerySectionQuestion_AbstractName`='EmploymentStatus' WHERE `id`='MA_CURR_BUSINESS_EMP_ADDZIP';
UPDATE `querysectionquestion` SET `ParentQuerySectionQuestion_id`='MA_CURR_EMP_TYPE', `ParentQuestionOptionValue`='Self Employed', `ParentQuerySectionQuestion_AbstractName`='EmploymentStatus' WHERE `id`='MA_CURR_BUSINESS_EMP_NAME';
UPDATE `querysectionquestion` SET `ParentQuerySectionQuestion_id`='MA_CURR_EMP_TYPE', `ParentQuestionOptionValue`='Self Employed', `ParentQuerySectionQuestion_AbstractName`='EmploymentStatus' WHERE `id`='MA_CURR_BUSINESS_EMP_PHONE';
UPDATE `querysectionquestion` SET `ParentQuerySectionQuestion_id`='MA_CURR_EMP_TYPE', `ParentQuestionOptionValue`='Self Employed', `ParentQuerySectionQuestion_AbstractName`='EmploymentStatus' WHERE `id`='MA_CURR_BUSINESS_EMP_POSITION';
UPDATE `querysectionquestion` SET `ParentQuerySectionQuestion_id`='MA_CURR_EMP_TYPE', `ParentQuestionOptionValue`='Self Employed', `ParentQuerySectionQuestion_AbstractName`='EmploymentStatus' WHERE `id`='MA_CURR_BUSINESS_INCOME_PROFESSIONSTARTDATE';
UPDATE `querysectionquestion` SET `ParentQuerySectionQuestion_id`='MA_CURR_EMP_TYPE', `ParentQuestionOptionValue`='Self Employed', `ParentQuerySectionQuestion_AbstractName`='EmploymentStatus' WHERE `id`='MA_CURR_BUSINESS_TOTALGROSS';
UPDATE `querysectionquestion` SET `ParentQuerySectionQuestion_id`='MA_CURR_EMP_TYPE', `ParentQuestionOptionValue`='Self Employed', `ParentQuerySectionQuestion_AbstractName`='EmploymentStatus' WHERE `id`='MA_CURR_SELF_EMPLOYMENT_DURATION';
UPDATE `querysectionquestion` SET `ParentQuerySectionQuestion_id`='MA_CURR_EMP_TYPE', `ParentQuestionOptionValue`='Self Employed', `ParentQuerySectionQuestion_AbstractName`='EmploymentStatus' WHERE `id`='MA_CURR_SELF_EMPLOYMENT_CHECK';
UPDATE `querysectionquestion` SET `ParentQuerySectionQuestion_id`='MA_CURR_EMP_TYPE', `ParentQuestionOptionValue`='Self Employed', `ParentQuerySectionQuestion_AbstractName`='EmploymentStatus' WHERE `id`='MA_OWNERSHIP_SHARE';
UPDATE `querysectionquestion` SET `ParentQuerySectionQuestion_id`='MA_CURR_EMP_TYPE', `ParentQuestionOptionValue`='Other', `ParentQuerySectionQuestion_AbstractName`='EmploymentStatus' WHERE `id`='MA_CURRENT_BASE_OTHER_PAYPERIOD';
UPDATE `querysectionquestion` SET `ParentQuerySectionQuestion_id`='MA_CURR_EMP_TYPE', `ParentQuestionOptionValue`='Other', `ParentQuerySectionQuestion_AbstractName`='EmploymentStatus' WHERE `id`='MA_CURRENT_BONUS_OTHER_PAYPERIOD';
UPDATE `querysectionquestion` SET `ParentQuerySectionQuestion_id`='MA_CURR_EMP_TYPE', `ParentQuestionOptionValue`='Other', `ParentQuerySectionQuestion_AbstractName`='EmploymentStatus' WHERE `id`='MA_CURRENT_COMMISSION_OTHER_PAYPERIOD';
UPDATE `querysectionquestion` SET `ParentQuerySectionQuestion_id`='MA_CURR_EMP_TYPE', `ParentQuestionOptionValue`='Other', `ParentQuerySectionQuestion_AbstractName`='EmploymentStatus' WHERE `id`='MA_CURRENT_OTHER_OTHER_PAYPERIOD';
UPDATE `querysectionquestion` SET `ParentQuerySectionQuestion_id`='MA_CURR_EMP_TYPE', `ParentQuestionOptionValue`='Other', `ParentQuerySectionQuestion_AbstractName`='EmploymentStatus' WHERE `id`='MA_CURRENT_OVERTIME_OTHER_PAYPERIOD';
UPDATE `querysectionquestion` SET `ParentQuerySectionQuestion_id`='MA_CURR_EMP_TYPE', `ParentQuestionOptionValue`='Other', `ParentQuerySectionQuestion_AbstractName`='EmploymentStatus' WHERE `id`='MA_CURR_OTHER_BASEINCOME';
UPDATE `querysectionquestion` SET `ParentQuerySectionQuestion_id`='MA_CURR_EMP_TYPE', `ParentQuestionOptionValue`='Other', `ParentQuerySectionQuestion_AbstractName`='EmploymentStatus' WHERE `id`='MA_CURR_OTHER_BASEINCOME_WH';
UPDATE `querysectionquestion` SET `ParentQuerySectionQuestion_id`='MA_CURR_EMP_TYPE', `ParentQuestionOptionValue`='Other', `ParentQuerySectionQuestion_AbstractName`='EmploymentStatus' WHERE `id`='MA_CURR_OTHER_BONUSINCOME';
UPDATE `querysectionquestion` SET `ParentQuerySectionQuestion_id`='MA_CURR_EMP_TYPE', `ParentQuestionOptionValue`='Other', `ParentQuerySectionQuestion_AbstractName`='EmploymentStatus' WHERE `id`='MA_CURR_OTHER_COMMISSIONINCOME';
UPDATE `querysectionquestion` SET `ParentQuerySectionQuestion_id`='MA_CURR_EMP_TYPE', `ParentQuestionOptionValue`='Other', `ParentQuerySectionQuestion_AbstractName`='EmploymentStatus' WHERE `id`='MA_CURR_OTHER_EMP_ADDCITY';
UPDATE `querysectionquestion` SET `ParentQuerySectionQuestion_id`='MA_CURR_EMP_TYPE', `ParentQuestionOptionValue`='Other', `ParentQuerySectionQuestion_AbstractName`='EmploymentStatus' WHERE `id`='MA_CURR_OTHER_EMP_ADDCOUNTRY';
UPDATE `querysectionquestion` SET `ParentQuerySectionQuestion_id`='MA_CURR_EMP_TYPE', `ParentQuestionOptionValue`='Other', `ParentQuerySectionQuestion_AbstractName`='EmploymentStatus' WHERE `id`='MA_CURR_OTHER_EMP_ADDLINE1';
UPDATE `querysectionquestion` SET `ParentQuerySectionQuestion_id`='MA_CURR_EMP_TYPE', `ParentQuestionOptionValue`='Other', `ParentQuerySectionQuestion_AbstractName`='EmploymentStatus' WHERE `id`='MA_CURR_OTHER_EMP_ADDLINE2';
UPDATE `querysectionquestion` SET `ParentQuerySectionQuestion_id`='MA_CURR_EMP_TYPE', `ParentQuestionOptionValue`='Other', `ParentQuerySectionQuestion_AbstractName`='EmploymentStatus' WHERE `id`='MA_CURR_OTHER_EMP_ADDSTATE';
UPDATE `querysectionquestion` SET `ParentQuerySectionQuestion_id`='MA_CURR_EMP_TYPE', `ParentQuestionOptionValue`='Other', `ParentQuerySectionQuestion_AbstractName`='EmploymentStatus' WHERE `id`='MA_CURR_OTHER_EMP_ADDZIP';
UPDATE `querysectionquestion` SET `ParentQuerySectionQuestion_id`='MA_CURR_EMP_TYPE', `ParentQuestionOptionValue`='Other', `ParentQuerySectionQuestion_AbstractName`='EmploymentStatus' WHERE `id`='MA_CURR_OTHER_EMP_NAME';
UPDATE `querysectionquestion` SET `ParentQuerySectionQuestion_id`='MA_CURR_EMP_TYPE', `ParentQuestionOptionValue`='Other', `ParentQuerySectionQuestion_AbstractName`='EmploymentStatus' WHERE `id`='MA_CURR_OTHER_EMP_PHONE';
UPDATE `querysectionquestion` SET `ParentQuerySectionQuestion_id`='MA_CURR_EMP_TYPE', `ParentQuestionOptionValue`='Other', `ParentQuerySectionQuestion_AbstractName`='EmploymentStatus' WHERE `id`='MA_CURR_OTHER_EMP_POSITION';
UPDATE `querysectionquestion` SET `ParentQuerySectionQuestion_id`='MA_CURR_EMP_TYPE', `ParentQuestionOptionValue`='Other', `ParentQuerySectionQuestion_AbstractName`='EmploymentStatus' WHERE `id`='MA_CURR_OTHER_INCOME_PROFESSIONDURATION';
UPDATE `querysectionquestion` SET `ParentQuerySectionQuestion_id`='MA_CURR_EMP_TYPE', `ParentQuestionOptionValue`='Other', `ParentQuerySectionQuestion_AbstractName`='EmploymentStatus' WHERE `id`='MA_CURR_OTHER_INCOME_PROFESSIONSTARTDATE';
UPDATE `querysectionquestion` SET `ParentQuerySectionQuestion_id`='MA_CURR_EMP_TYPE', `ParentQuestionOptionValue`='Other', `ParentQuerySectionQuestion_AbstractName`='EmploymentStatus' WHERE `id`='MA_CURR_OTHER_OTHERINCOME';
UPDATE `querysectionquestion` SET `ParentQuerySectionQuestion_id`='MA_CURR_EMP_TYPE', `ParentQuestionOptionValue`='Other', `ParentQuerySectionQuestion_AbstractName`='EmploymentStatus' WHERE `id`='MA_CURR_OTHER_OTHERINCOME_WH';
UPDATE `querysectionquestion` SET `ParentQuerySectionQuestion_id`='MA_CURR_EMP_TYPE', `ParentQuestionOptionValue`='Other', `ParentQuerySectionQuestion_AbstractName`='EmploymentStatus' WHERE `id`='MA_CURR_OTHER_OVERTIMEINCOME';
UPDATE `querysectionquestion` SET `ParentQuerySectionQuestion_id`='MA_CURR_EMP_TYPE', `ParentQuestionOptionValue`='Other', `ParentQuerySectionQuestion_AbstractName`='EmploymentStatus' WHERE `id`='MA_CURR_OTHER_OVERTIMEINCOME_WH';
UPDATE `querysectionquestion` SET `ParentQuerySectionQuestion_id`='MA_CURR_EMP_TYPE', `ParentQuestionOptionValue`='Other', `ParentQuerySectionQuestion_AbstractName`='EmploymentStatus' WHERE `id`='MA_CURR_OTHER_TOTALGROSS';
UPDATE `querysectionquestion` SET `ParentQuerySectionQuestion_id`='MA_CURR_EMP_TYPE', `ParentQuestionOptionValue`='Other', `ParentQuerySectionQuestion_AbstractName`='EmploymentStatus' WHERE `id`='MA_CURR_OTHER_EMPLOYMENT_CHECK';
UPDATE `querysectionquestion` SET `ParentQuerySectionQuestion_id`='MA_OTHER_INCOME_CHALLENGE', `ParentQuestionOptionValue`='Yes', `ParentQuerySectionQuestion_AbstractName`='HaveIncomeChallenge' WHERE `id`='MA_ADDINCOME1';
UPDATE `querysectionquestion` SET `ParentQuerySectionQuestion_id`='MA_OTHER_INCOME_CHALLENGE', `ParentQuestionOptionValue`='Yes', `ParentQuerySectionQuestion_AbstractName`='HaveIncomeChallenge' WHERE `id`='MA_ADDINCOME10';
UPDATE `querysectionquestion` SET `ParentQuerySectionQuestion_id`='MA_OTHER_INCOME_CHALLENGE', `ParentQuestionOptionValue`='Yes', `ParentQuerySectionQuestion_AbstractName`='HaveIncomeChallenge' WHERE `id`='MA_ADDINCOME11';
UPDATE `querysectionquestion` SET `ParentQuerySectionQuestion_id`='MA_OTHER_INCOME_CHALLENGE', `ParentQuestionOptionValue`='Yes', `ParentQuerySectionQuestion_AbstractName`='HaveIncomeChallenge' WHERE `id`='MA_ADDINCOME12';
UPDATE `querysectionquestion` SET `ParentQuerySectionQuestion_id`='MA_OTHER_INCOME_CHALLENGE', `ParentQuestionOptionValue`='Yes', `ParentQuerySectionQuestion_AbstractName`='HaveIncomeChallenge' WHERE `id`='MA_ADDINCOME13';
UPDATE `querysectionquestion` SET `ParentQuerySectionQuestion_id`='MA_OTHER_INCOME_CHALLENGE', `ParentQuestionOptionValue`='Yes', `ParentQuerySectionQuestion_AbstractName`='HaveIncomeChallenge' WHERE `id`='MA_ADDINCOME14';
UPDATE `querysectionquestion` SET `ParentQuerySectionQuestion_id`='MA_OTHER_INCOME_CHALLENGE', `ParentQuestionOptionValue`='Yes', `ParentQuerySectionQuestion_AbstractName`='HaveIncomeChallenge' WHERE `id`='MA_ADDINCOME15';
UPDATE `querysectionquestion` SET `ParentQuerySectionQuestion_id`='MA_OTHER_INCOME_CHALLENGE', `ParentQuestionOptionValue`='Yes', `ParentQuerySectionQuestion_AbstractName`='HaveIncomeChallenge' WHERE `id`='MA_ADDINCOME16';
UPDATE `querysectionquestion` SET `ParentQuerySectionQuestion_id`='MA_OTHER_INCOME_CHALLENGE', `ParentQuestionOptionValue`='Yes', `ParentQuerySectionQuestion_AbstractName`='HaveIncomeChallenge' WHERE `id`='MA_ADDINCOME17';
UPDATE `querysectionquestion` SET `ParentQuerySectionQuestion_id`='MA_OTHER_INCOME_CHALLENGE', `ParentQuestionOptionValue`='Yes', `ParentQuerySectionQuestion_AbstractName`='HaveIncomeChallenge' WHERE `id`='MA_ADDINCOME18';
UPDATE `querysectionquestion` SET `ParentQuerySectionQuestion_id`='MA_OTHER_INCOME_CHALLENGE', `ParentQuestionOptionValue`='Yes', `ParentQuerySectionQuestion_AbstractName`='HaveIncomeChallenge' WHERE `id`='MA_ADDINCOME19';
UPDATE `querysectionquestion` SET `ParentQuerySectionQuestion_id`='MA_OTHER_INCOME_CHALLENGE', `ParentQuestionOptionValue`='Yes', `ParentQuerySectionQuestion_AbstractName`='HaveIncomeChallenge' WHERE `id`='MA_ADDINCOME2';
UPDATE `querysectionquestion` SET `ParentQuerySectionQuestion_id`='MA_OTHER_INCOME_CHALLENGE', `ParentQuestionOptionValue`='Yes', `ParentQuerySectionQuestion_AbstractName`='HaveIncomeChallenge' WHERE `id`='MA_ADDINCOME20';
UPDATE `querysectionquestion` SET `ParentQuerySectionQuestion_id`='MA_OTHER_INCOME_CHALLENGE', `ParentQuestionOptionValue`='Yes', `ParentQuerySectionQuestion_AbstractName`='HaveIncomeChallenge' WHERE `id`='MA_ADDINCOME21';
UPDATE `querysectionquestion` SET `ParentQuerySectionQuestion_id`='MA_OTHER_INCOME_CHALLENGE', `ParentQuestionOptionValue`='Yes', `ParentQuerySectionQuestion_AbstractName`='HaveIncomeChallenge' WHERE `id`='MA_ADDINCOME3';
UPDATE `querysectionquestion` SET `ParentQuerySectionQuestion_id`='MA_OTHER_INCOME_CHALLENGE', `ParentQuestionOptionValue`='Yes', `ParentQuerySectionQuestion_AbstractName`='HaveIncomeChallenge' WHERE `id`='MA_ADDINCOME4';
UPDATE `querysectionquestion` SET `ParentQuerySectionQuestion_id`='MA_OTHER_INCOME_CHALLENGE', `ParentQuestionOptionValue`='Yes', `ParentQuerySectionQuestion_AbstractName`='HaveIncomeChallenge' WHERE `id`='MA_ADDINCOME5';
UPDATE `querysectionquestion` SET `ParentQuerySectionQuestion_id`='MA_OTHER_INCOME_CHALLENGE', `ParentQuestionOptionValue`='Yes', `ParentQuerySectionQuestion_AbstractName`='HaveIncomeChallenge' WHERE `id`='MA_ADDINCOME6';
UPDATE `querysectionquestion` SET `ParentQuerySectionQuestion_id`='MA_OTHER_INCOME_CHALLENGE', `ParentQuestionOptionValue`='Yes', `ParentQuerySectionQuestion_AbstractName`='HaveIncomeChallenge' WHERE `id`='MA_ADDINCOME7';
UPDATE `querysectionquestion` SET `ParentQuerySectionQuestion_id`='MA_OTHER_INCOME_CHALLENGE', `ParentQuestionOptionValue`='Yes', `ParentQuerySectionQuestion_AbstractName`='HaveIncomeChallenge' WHERE `id`='MA_ADDINCOME8';
UPDATE `querysectionquestion` SET `ParentQuerySectionQuestion_id`='MA_OTHER_INCOME_CHALLENGE', `ParentQuestionOptionValue`='Yes', `ParentQuerySectionQuestion_AbstractName`='HaveIncomeChallenge' WHERE `id`='MA_ADDINCOME9';
UPDATE `querysectionquestion` SET `ParentQuerySectionQuestion_id`='MA_OTHER_INCOME_CHALLENGE', `ParentQuestionOptionValue`='Yes' WHERE `id`='MA_ADDINCOME_ALIMONY';
UPDATE `querysectionquestion` SET `ParentQuerySectionQuestion_id`='MA_OTHER_INCOME_CHALLENGE', `ParentQuestionOptionValue`='Yes' WHERE `id`='MA_ADDINCOME_AUTOMOBILE';
UPDATE `querysectionquestion` SET `ParentQuerySectionQuestion_id`='MA_OTHER_INCOME_CHALLENGE', `ParentQuestionOptionValue`='Yes' WHERE `id`='MA_ADDINCOME_BOARDER';
UPDATE `querysectionquestion` SET `ParentQuerySectionQuestion_id`='MA_OTHER_INCOME_CHALLENGE', `ParentQuestionOptionValue`='Yes' WHERE `id`='MA_ADDINCOME_CAPITAL';
UPDATE `querysectionquestion` SET `ParentQuerySectionQuestion_id`='MA_OTHER_INCOME_CHALLENGE', `ParentQuestionOptionValue`='Yes' WHERE `id`='MA_ADDINCOME_CHILD';
UPDATE `querysectionquestion` SET `ParentQuerySectionQuestion_id`='MA_OTHER_INCOME_CHALLENGE', `ParentQuestionOptionValue`='Yes' WHERE `id`='MA_ADDINCOME_CREDCERTIFICATE';
UPDATE `querysectionquestion` SET `ParentQuerySectionQuestion_id`='MA_OTHER_INCOME_CHALLENGE', `ParentQuestionOptionValue`='Yes' WHERE `id`='MA_ADDINCOME_DIFFPAYMENT';
UPDATE `querysectionquestion` SET `ParentQuerySectionQuestion_id`='MA_OTHER_INCOME_CHALLENGE', `ParentQuestionOptionValue`='Yes' WHERE `id`='MA_ADDINCOME_DISABILITY';
UPDATE `querysectionquestion` SET `ParentQuerySectionQuestion_id`='MA_OTHER_INCOME_CHALLENGE', `ParentQuestionOptionValue`='Yes' WHERE `id`='MA_ADDINCOME_FOSTERCARE';
UPDATE `querysectionquestion` SET `ParentQuerySectionQuestion_id`='MA_OTHER_INCOME_CHALLENGE', `ParentQuestionOptionValue`='Yes' WHERE `id`='MA_ADDINCOME_INTERESTS';
UPDATE `querysectionquestion` SET `ParentQuerySectionQuestion_id`='MA_OTHER_INCOME_CHALLENGE', `ParentQuestionOptionValue`='Yes' WHERE `id`='MA_ADDINCOME_NOTESRECIVALBE';
UPDATE `querysectionquestion` SET `ParentQuerySectionQuestion_id`='MA_OTHER_INCOME_CHALLENGE', `ParentQuestionOptionValue`='Yes' WHERE `id`='MA_ADDINCOME_OTHERDESC';
UPDATE `querysectionquestion` SET `ParentQuerySectionQuestion_id`='MA_OTHER_INCOME_CHALLENGE', `ParentQuestionOptionValue`='Yes' WHERE `id`='MA_ADDINCOME_OTHERNAME';
UPDATE `querysectionquestion` SET `ParentQuerySectionQuestion_id`='MA_OTHER_INCOME_CHALLENGE', `ParentQuestionOptionValue`='Yes' WHERE `id`='MA_TOTAL_INCOME_OTHERSOURCES';
UPDATE `querysectionquestion` SET `ParentQuerySectionQuestion_id`='MA_OTHER_INCOME_CHALLENGE', `ParentQuestionOptionValue`='Yes' WHERE `id`='MA_ADDINCOME_VACOMP';
UPDATE `querysectionquestion` SET `ParentQuerySectionQuestion_id`='MA_OTHER_INCOME_CHALLENGE', `ParentQuestionOptionValue`='Yes' WHERE `id`='MA_ADDINCOME_UNEMP_BENEFITS';
UPDATE `querysectionquestion` SET `ParentQuerySectionQuestion_id`='MA_OTHER_INCOME_CHALLENGE', `ParentQuestionOptionValue`='Yes' WHERE `id`='MA_ADDINCOME_TRUST';
UPDATE `querysectionquestion` SET `ParentQuerySectionQuestion_id`='MA_OTHER_INCOME_CHALLENGE', `ParentQuestionOptionValue`='Yes' WHERE `id`='MA_ADDINCOME_SOCIALSECURITY';
UPDATE `querysectionquestion` SET `ParentQuerySectionQuestion_id`='MA_OTHER_INCOME_CHALLENGE', `ParentQuestionOptionValue`='Yes' WHERE `id`='MA_ADDINCOME_SEPRATEMAINTENACE';
UPDATE `querysectionquestion` SET `ParentQuerySectionQuestion_id`='MA_OTHER_INCOME_CHALLENGE', `ParentQuestionOptionValue`='Yes' WHERE `id`='MA_ADDINCOME_ROYALTY';
UPDATE `querysectionquestion` SET `ParentQuerySectionQuestion_id`='MA_OTHER_INCOME_CHALLENGE', `ParentQuestionOptionValue`='Yes' WHERE `id`='MA_ADDINCOME_RETIREMENT';
UPDATE `querysectionquestion` SET `ParentQuerySectionQuestion_id`='MA_OTHER_INCOME_CHALLENGE', `ParentQuestionOptionValue`='Yes' WHERE `id`='MA_ADDINCOME_PUBASSISTANCE';
UPDATE `querysectionquestion` SET `ParentQuerySectionQuestion_id`='MA_OTHER_INCOME_CHALLENGE', `ParentQuestionOptionValue`='Yes' WHERE `id`='MA_ADDINCOME_PERSONAGE';
UPDATE `querysectionquestion` SET `ParentQuerySectionQuestion_id`='MA_OTHER_INCOME_CHALLENGE', `ParentQuestionOptionValue`='Yes' WHERE `id`='MA_ADDINCOME_OTHERS_OTHER';

UPDATE `querysectionquestion` SET `ParentQuerySectionQuestion_id`='MA_PREV_EMP_TYPE', `ParentQuestionOptionValue`='Full-Time Employed', `ParentQuerySectionQuestion_AbstractName`='PrevEmploymentStatus' WHERE `id`='MA_PREV_FT_EMP_ADDCITY';
UPDATE `querysectionquestion` SET `ParentQuerySectionQuestion_id`='MA_PREV_EMP_TYPE', `ParentQuestionOptionValue`='Full-Time Employed', `ParentQuerySectionQuestion_AbstractName`='PrevEmploymentStatus' WHERE `id`='MA_PREV_FT_EMP_ADDCOUNTRY';
UPDATE `querysectionquestion` SET `ParentQuerySectionQuestion_id`='MA_PREV_EMP_TYPE', `ParentQuestionOptionValue`='Full-Time Employed', `ParentQuerySectionQuestion_AbstractName`='PrevEmploymentStatus' WHERE `id`='MA_PREV_FT_EMP_ADDLINE1';
UPDATE `querysectionquestion` SET `ParentQuerySectionQuestion_id`='MA_PREV_EMP_TYPE', `ParentQuestionOptionValue`='Full-Time Employed', `ParentQuerySectionQuestion_AbstractName`='PrevEmploymentStatus' WHERE `id`='MA_PREV_FT_EMP_ADDLINE2';
UPDATE `querysectionquestion` SET `ParentQuerySectionQuestion_id`='MA_PREV_EMP_TYPE', `ParentQuestionOptionValue`='Full-Time Employed', `ParentQuerySectionQuestion_AbstractName`='PrevEmploymentStatus' WHERE `id`='MA_PREV_FT_EMP_ADDSTATE';
UPDATE `querysectionquestion` SET `ParentQuerySectionQuestion_id`='MA_PREV_EMP_TYPE', `ParentQuestionOptionValue`='Full-Time Employed', `ParentQuerySectionQuestion_AbstractName`='PrevEmploymentStatus' WHERE `id`='MA_PREV_FT_EMP_ADDZIP';
UPDATE `querysectionquestion` SET `ParentQuerySectionQuestion_id`='MA_PREV_EMP_TYPE', `ParentQuestionOptionValue`='Full-Time Employed', `ParentQuerySectionQuestion_AbstractName`='PrevEmploymentStatus' WHERE `id`='MA_PREV_FT_EMP_NAME';
UPDATE `querysectionquestion` SET `ParentQuerySectionQuestion_id`='MA_PREV_EMP_TYPE', `ParentQuestionOptionValue`='Full-Time Employed', `ParentQuerySectionQuestion_AbstractName`='PrevEmploymentStatus' WHERE `id`='MA_PREV_FT_EMP_PHONE';
UPDATE `querysectionquestion` SET `ParentQuerySectionQuestion_id`='MA_PREV_EMP_TYPE', `ParentQuestionOptionValue`='Full-Time Employed', `ParentQuerySectionQuestion_AbstractName`='PrevEmploymentStatus' WHERE `id`='MA_PREV_FT_EMP_POSITION';
UPDATE `querysectionquestion` SET `ParentQuerySectionQuestion_id`='MA_PREV_EMP_TYPE', `ParentQuestionOptionValue`='Full-Time Employed', `ParentQuerySectionQuestion_AbstractName`='PrevEmploymentStatus' WHERE `id`='MA_PREV_FT_INCOME_PROFESSIONENDDATE';
UPDATE `querysectionquestion` SET `ParentQuerySectionQuestion_id`='MA_PREV_EMP_TYPE', `ParentQuestionOptionValue`='Full-Time Employed', `ParentQuerySectionQuestion_AbstractName`='PrevEmploymentStatus' WHERE `id`='MA_PREV_FT_INCOME_PROFESSIONSTARTDATE';
UPDATE `querysectionquestion` SET `ParentQuerySectionQuestion_id`='MA_PREV_EMP_TYPE', `ParentQuestionOptionValue`='Full-Time Employed', `ParentQuerySectionQuestion_AbstractName`='PrevEmploymentStatus' WHERE `id`='MA_PREV_FT_TOTALGROSS';


UPDATE `querysectionquestion` SET `ParentQuerySectionQuestion_id`='MA_PREV_EMP_TYPE', `ParentQuestionOptionValue`='Part-Time Employed', `ParentQuerySectionQuestion_AbstractName`='PrevEmploymentStatus' WHERE `id`='MA_PREV_PT_EMP_ADDCITY';
UPDATE `querysectionquestion` SET `ParentQuerySectionQuestion_id`='MA_PREV_EMP_TYPE', `ParentQuestionOptionValue`='Part-Time Employed', `ParentQuerySectionQuestion_AbstractName`='PrevEmploymentStatus' WHERE `id`='MA_PREV_PT_EMP_ADDCOUNTRY';
UPDATE `querysectionquestion` SET `ParentQuerySectionQuestion_id`='MA_PREV_EMP_TYPE', `ParentQuestionOptionValue`='Part-Time Employed', `ParentQuerySectionQuestion_AbstractName`='PrevEmploymentStatus' WHERE `id`='MA_PREV_PT_EMP_ADDLINE1';
UPDATE `querysectionquestion` SET `ParentQuerySectionQuestion_id`='MA_PREV_EMP_TYPE', `ParentQuestionOptionValue`='Part-Time Employed', `ParentQuerySectionQuestion_AbstractName`='PrevEmploymentStatus' WHERE `id`='MA_PREV_PT_EMP_ADDLINE2';
UPDATE `querysectionquestion` SET `ParentQuerySectionQuestion_id`='MA_PREV_EMP_TYPE', `ParentQuestionOptionValue`='Part-Time Employed', `ParentQuerySectionQuestion_AbstractName`='PrevEmploymentStatus' WHERE `id`='MA_PREV_PT_EMP_ADDSTATE';
UPDATE `querysectionquestion` SET `ParentQuerySectionQuestion_id`='MA_PREV_EMP_TYPE', `ParentQuestionOptionValue`='Part-Time Employed', `ParentQuerySectionQuestion_AbstractName`='PrevEmploymentStatus' WHERE `id`='MA_PREV_PT_EMP_ADDZIP';
UPDATE `querysectionquestion` SET `ParentQuerySectionQuestion_id`='MA_PREV_EMP_TYPE', `ParentQuestionOptionValue`='Part-Time Employed', `ParentQuerySectionQuestion_AbstractName`='PrevEmploymentStatus' WHERE `id`='MA_PREV_PT_EMP_NAME';
UPDATE `querysectionquestion` SET `ParentQuerySectionQuestion_id`='MA_PREV_EMP_TYPE', `ParentQuestionOptionValue`='Part-Time Employed', `ParentQuerySectionQuestion_AbstractName`='PrevEmploymentStatus' WHERE `id`='MA_PREV_PT_EMP_PHONE';
UPDATE `querysectionquestion` SET `ParentQuerySectionQuestion_id`='MA_PREV_EMP_TYPE', `ParentQuestionOptionValue`='Part-Time Employed', `ParentQuerySectionQuestion_AbstractName`='PrevEmploymentStatus' WHERE `id`='MA_PREV_PT_EMP_POSITION';
UPDATE `querysectionquestion` SET `ParentQuerySectionQuestion_id`='MA_PREV_EMP_TYPE', `ParentQuestionOptionValue`='Part-Time Employed', `ParentQuerySectionQuestion_AbstractName`='PrevEmploymentStatus' WHERE `id`='MA_PREV_PT_INCOME_PROFESSIONENDDATE';
UPDATE `querysectionquestion` SET `ParentQuerySectionQuestion_id`='MA_PREV_EMP_TYPE', `ParentQuestionOptionValue`='Part-Time Employed', `ParentQuerySectionQuestion_AbstractName`='PrevEmploymentStatus' WHERE `id`='MA_PREV_PT_INCOME_PROFESSIONSTARTDATE';
UPDATE `querysectionquestion` SET `ParentQuerySectionQuestion_id`='MA_PREV_EMP_TYPE', `ParentQuestionOptionValue`='Part-Time Employed', `ParentQuerySectionQuestion_AbstractName`='PrevEmploymentStatus' WHERE `id`='MA_PREV_PT_TOTALGROSS';


UPDATE `querysectionquestion` SET `ParentQuerySectionQuestion_id`='MA_PREV_EMP_TYPE', `ParentQuestionOptionValue`='Military', `ParentQuerySectionQuestion_AbstractName`='PrevEmploymentStatus' WHERE `id`='MA_PREV_MILITARY_EMP_ADDCITY';
UPDATE `querysectionquestion` SET `ParentQuerySectionQuestion_id`='MA_PREV_EMP_TYPE', `ParentQuestionOptionValue`='Military', `ParentQuerySectionQuestion_AbstractName`='PrevEmploymentStatus' WHERE `id`='MA_PREV_MILITARY_EMP_ADDCOUNTRY';
UPDATE `querysectionquestion` SET `ParentQuerySectionQuestion_id`='MA_PREV_EMP_TYPE', `ParentQuestionOptionValue`='Military', `ParentQuerySectionQuestion_AbstractName`='PrevEmploymentStatus' WHERE `id`='MA_PREV_MILITARY_EMP_ADDLINE1';
UPDATE `querysectionquestion` SET `ParentQuerySectionQuestion_id`='MA_PREV_EMP_TYPE', `ParentQuestionOptionValue`='Military', `ParentQuerySectionQuestion_AbstractName`='PrevEmploymentStatus' WHERE `id`='MA_PREV_MILITARY_EMP_ADDLINE2';
UPDATE `querysectionquestion` SET `ParentQuerySectionQuestion_id`='MA_PREV_EMP_TYPE', `ParentQuestionOptionValue`='Military', `ParentQuerySectionQuestion_AbstractName`='PrevEmploymentStatus' WHERE `id`='MA_PREV_MILITARY_EMP_ADDSTATE';
UPDATE `querysectionquestion` SET `ParentQuerySectionQuestion_id`='MA_PREV_EMP_TYPE', `ParentQuestionOptionValue`='Military', `ParentQuerySectionQuestion_AbstractName`='PrevEmploymentStatus' WHERE `id`='MA_PREV_MILITARY_EMP_ADDZIP';
UPDATE `querysectionquestion` SET `ParentQuerySectionQuestion_id`='MA_PREV_EMP_TYPE', `ParentQuestionOptionValue`='Military', `ParentQuerySectionQuestion_AbstractName`='PrevEmploymentStatus' WHERE `id`='MA_PREV_MILITARY_EMP_NAME';
UPDATE `querysectionquestion` SET `ParentQuerySectionQuestion_id`='MA_PREV_EMP_TYPE', `ParentQuestionOptionValue`='Military', `ParentQuerySectionQuestion_AbstractName`='PrevEmploymentStatus' WHERE `id`='MA_PREV_MILITARY_EMP_PHONE';
UPDATE `querysectionquestion` SET `ParentQuerySectionQuestion_id`='MA_PREV_EMP_TYPE', `ParentQuestionOptionValue`='Military', `ParentQuerySectionQuestion_AbstractName`='PrevEmploymentStatus' WHERE `id`='MA_PREV_MILITARY_EMP_POSITION';
UPDATE `querysectionquestion` SET `ParentQuerySectionQuestion_id`='MA_PREV_EMP_TYPE', `ParentQuestionOptionValue`='Military', `ParentQuerySectionQuestion_AbstractName`='PrevEmploymentStatus' WHERE `id`='MA_PREV_MILITARY_INCOME_PROFESSIONSTARTDATE';
UPDATE `querysectionquestion` SET `ParentQuerySectionQuestion_id`='MA_PREV_EMP_TYPE', `ParentQuestionOptionValue`='Military', `ParentQuerySectionQuestion_AbstractName`='PrevEmploymentStatus' WHERE `id`='MA_PREV_MILITARY_TOTALGROSS';
UPDATE `querysectionquestion` SET `ParentQuerySectionQuestion_id`='MA_PREV_EMP_TYPE', `ParentQuestionOptionValue`='Military', `ParentQuerySectionQuestion_AbstractName`='PrevEmploymentStatus' WHERE `id`='MA_PREV_MILITARY_INCOME_PROFESSIONENDDATE';

UPDATE `querysectionquestion` SET `ParentQuerySectionQuestion_id`='MA_PREV_EMP_TYPE', `ParentQuestionOptionValue`='Self Employed / Business', `ParentQuerySectionQuestion_AbstractName`='PrevEmploymentStatus' WHERE `id`='MA_PREV_BUSINESS_EMP_ADDCITY';
UPDATE `querysectionquestion` SET `ParentQuerySectionQuestion_id`='MA_PREV_EMP_TYPE', `ParentQuestionOptionValue`='Self Employed / Business', `ParentQuerySectionQuestion_AbstractName`='PrevEmploymentStatus' WHERE `id`='MA_PREV_BUSINESS_EMP_ADDCOUNTRY';
UPDATE `querysectionquestion` SET `ParentQuerySectionQuestion_id`='MA_PREV_EMP_TYPE', `ParentQuestionOptionValue`='Self Employed / Business', `ParentQuerySectionQuestion_AbstractName`='PrevEmploymentStatus' WHERE `id`='MA_PREV_BUSINESS_EMP_ADDLINE1';
UPDATE `querysectionquestion` SET `ParentQuerySectionQuestion_id`='MA_PREV_EMP_TYPE', `ParentQuestionOptionValue`='Self Employed / Business', `ParentQuerySectionQuestion_AbstractName`='PrevEmploymentStatus' WHERE `id`='MA_PREV_BUSINESS_EMP_ADDLINE2';
UPDATE `querysectionquestion` SET `ParentQuerySectionQuestion_id`='MA_PREV_EMP_TYPE', `ParentQuestionOptionValue`='Self Employed / Business', `ParentQuerySectionQuestion_AbstractName`='PrevEmploymentStatus' WHERE `id`='MA_PREV_BUSINESS_EMP_ADDSTATE';
UPDATE `querysectionquestion` SET `ParentQuerySectionQuestion_id`='MA_PREV_EMP_TYPE', `ParentQuestionOptionValue`='Self Employed / Business', `ParentQuerySectionQuestion_AbstractName`='PrevEmploymentStatus' WHERE `id`='MA_PREV_BUSINESS_EMP_ADDZIP';
UPDATE `querysectionquestion` SET `ParentQuerySectionQuestion_id`='MA_PREV_EMP_TYPE', `ParentQuestionOptionValue`='Self Employed / Business', `ParentQuerySectionQuestion_AbstractName`='PrevEmploymentStatus' WHERE `id`='MA_PREV_BUSINESS_EMP_NAME';
UPDATE `querysectionquestion` SET `ParentQuerySectionQuestion_id`='MA_PREV_EMP_TYPE', `ParentQuestionOptionValue`='Self Employed / Business', `ParentQuerySectionQuestion_AbstractName`='PrevEmploymentStatus' WHERE `id`='MA_PREV_BUSINESS_EMP_PHONE';
UPDATE `querysectionquestion` SET `ParentQuerySectionQuestion_id`='MA_PREV_EMP_TYPE', `ParentQuestionOptionValue`='Self Employed / Business', `ParentQuerySectionQuestion_AbstractName`='PrevEmploymentStatus' WHERE `id`='MA_PREV_BUSINESS_EMP_POSITION';
UPDATE `querysectionquestion` SET `ParentQuerySectionQuestion_id`='MA_PREV_EMP_TYPE', `ParentQuestionOptionValue`='Self Employed / Business', `ParentQuerySectionQuestion_AbstractName`='PrevEmploymentStatus' WHERE `id`='MA_PREV_BUSINESS_INCOME_PROFESSIONSTARTDATE';
UPDATE `querysectionquestion` SET `ParentQuerySectionQuestion_id`='MA_PREV_EMP_TYPE', `ParentQuestionOptionValue`='Self Employed / Business', `ParentQuerySectionQuestion_AbstractName`='PrevEmploymentStatus' WHERE `id`='MA_PREV_BUSINESS_TOTALGROSS';
UPDATE `querysectionquestion` SET `ParentQuerySectionQuestion_id`='MA_PREV_EMP_TYPE', `ParentQuestionOptionValue`='Self Employed / Business', `ParentQuerySectionQuestion_AbstractName`='PrevEmploymentStatus' WHERE `id`='MA_PREV_BUSINESS_INCOME_PROFESSIONENDDATE';

UPDATE `querysectionquestion` SET `ParentQuerySectionQuestion_id`='MA_PREV_EMP_TYPE', `ParentQuestionOptionValue`='Other', `ParentQuerySectionQuestion_AbstractName`='PrevEmploymentStatus' WHERE `id`='MA_PREV_OTHER_EMP_ADDCITY';
UPDATE `querysectionquestion` SET `ParentQuerySectionQuestion_id`='MA_PREV_EMP_TYPE', `ParentQuestionOptionValue`='Other', `ParentQuerySectionQuestion_AbstractName`='PrevEmploymentStatus' WHERE `id`='MA_PREV_OTHER_EMP_ADDCOUNTRY';
UPDATE `querysectionquestion` SET `ParentQuerySectionQuestion_id`='MA_PREV_EMP_TYPE', `ParentQuestionOptionValue`='Other', `ParentQuerySectionQuestion_AbstractName`='PrevEmploymentStatus' WHERE `id`='MA_PREV_OTHER_EMP_ADDLINE1';
UPDATE `querysectionquestion` SET `ParentQuerySectionQuestion_id`='MA_PREV_EMP_TYPE', `ParentQuestionOptionValue`='Other', `ParentQuerySectionQuestion_AbstractName`='PrevEmploymentStatus' WHERE `id`='MA_PREV_OTHER_EMP_ADDLINE2';
UPDATE `querysectionquestion` SET `ParentQuerySectionQuestion_id`='MA_PREV_EMP_TYPE', `ParentQuestionOptionValue`='Other', `ParentQuerySectionQuestion_AbstractName`='PrevEmploymentStatus' WHERE `id`='MA_PREV_OTHER_EMP_ADDSTATE';
UPDATE `querysectionquestion` SET `ParentQuerySectionQuestion_id`='MA_PREV_EMP_TYPE', `ParentQuestionOptionValue`='Other', `ParentQuerySectionQuestion_AbstractName`='PrevEmploymentStatus' WHERE `id`='MA_PREV_OTHER_EMP_ADDZIP';
UPDATE `querysectionquestion` SET `ParentQuerySectionQuestion_id`='MA_PREV_EMP_TYPE', `ParentQuestionOptionValue`='Other', `ParentQuerySectionQuestion_AbstractName`='PrevEmploymentStatus' WHERE `id`='MA_PREV_OTHER_EMP_NAME';
UPDATE `querysectionquestion` SET `ParentQuerySectionQuestion_id`='MA_PREV_EMP_TYPE', `ParentQuestionOptionValue`='Other', `ParentQuerySectionQuestion_AbstractName`='PrevEmploymentStatus' WHERE `id`='MA_PREV_OTHER_EMP_PHONE';
UPDATE `querysectionquestion` SET `ParentQuerySectionQuestion_id`='MA_PREV_EMP_TYPE', `ParentQuestionOptionValue`='Other', `ParentQuerySectionQuestion_AbstractName`='PrevEmploymentStatus' WHERE `id`='MA_PREV_OTHER_EMP_POSITION';
UPDATE `querysectionquestion` SET `ParentQuerySectionQuestion_id`='MA_PREV_EMP_TYPE', `ParentQuestionOptionValue`='Other', `ParentQuerySectionQuestion_AbstractName`='PrevEmploymentStatus' WHERE `id`='MA_PREV_OTHER_INCOME_PROFESSIONSTARTDATE';
UPDATE `querysectionquestion` SET `ParentQuerySectionQuestion_id`='MA_PREV_EMP_TYPE', `ParentQuestionOptionValue`='Other', `ParentQuerySectionQuestion_AbstractName`='PrevEmploymentStatus' WHERE `id`='MA_PREV_OTHER_TOTALGROSS';
UPDATE `querysectionquestion` SET `ParentQuerySectionQuestion_id`='MA_PREV_EMP_TYPE', `ParentQuestionOptionValue`='Other', `ParentQuerySectionQuestion_AbstractName`='PrevEmploymentStatus' WHERE `id`='MA_PREV_OTHER_INCOME_PROFESSIONENDDATE';
UPDATE `optionitem` SET `DefaultValue`='Installment' WHERE `id`='MORTGAGE_ACCOUNT_TYPE_1';
UPDATE `optionitem` SET `DefaultValue`='Credit Card' WHERE `id`='MORTGAGE_ACCOUNT_TYPE_2';
UPDATE `optionitem` SET `DefaultValue`='Mortgage' WHERE `id`='MORTGAGE_ACCOUNT_TYPE_3';
UPDATE `optionitem` SET `DefaultValue`='Alimony' WHERE `id`='MORTGAGE_EXPENSE_TYPE_1';
UPDATE `optionitem` SET `DefaultValue`='Child Support' WHERE `id`='MORTGAGE_EXPENSE_TYPE_2';
UPDATE `optionitem` SET `DefaultValue`='Separate maintenance' WHERE `id`='MORTGAGE_EXPENSE_TYPE_3';
REPLACE INTO `optionitem` (`id`, `OptionGroup_id`, `DefaultValue`, `Sequence`) VALUES ('MORTGAGE_EXPENSE_TYPE_4', 'MORTGAGE_EXPENSES_TYPE', 'Job-related expenses', '4');
REPLACE INTO `optionitem` (`id`, `OptionGroup_id`, `DefaultValue`, `Sequence`) VALUES ('MORTGAGE_EXPENSE_TYPE_5', 'MORTGAGE_EXPENSES_TYPE', 'Rental', '5');
REPLACE INTO `optionitem` (`id`, `OptionGroup_id`, `DefaultValue`, `Sequence`) VALUES ('MORTGAGE_EXPENSE_TYPE_6', 'MORTGAGE_EXPENSES_TYPE', 'Other', '6');
update questiondefinition set optiongroup_id = 'CHALLENGE' where id = 'MORTGAGE_ASSET_CREDITOR_TO_BE_PAID';
update questiondefinition set id = 'ASSETS_GIFT_TYPE_Q' where id = 'REAL_ESTATE_GIFT_TYPE_Q';
update questiondefinition set id = 'ASSETS_GIFT_SOURCE_Q' where id = 'REAL_ESTATE_GIFT_SOURCE_Q';
update querysectionquestion set QuestionDefinition_id = 'ASSETS_GIFT_TYPE_Q' where id = 'MA_REAL_ESTATE_ASSET_GIFT_TYPE';
update querysectionquestion set id = 'MA_REAL_ESTATE_ASSET_GIFT_SOURCE',QuestionDefinition_id = 'ASSETS_GIFT_SOURCE_Q',abstractName = 'ASSETS_GIFT_SOURCE_Q' where id = 'MA_REAL_ESTATE_ASSET_GIFT_SOURE';
update querysectionquestion set  abstractName = 'OTHER_ASSET_TYPE_Q' where id = 'MA_OTHER_ASSET_TYPE';
update querysectionquestion set  abstractName = 'OTHER_ASSET_VALUE_Q' where id = 'MA_OTHER_ASSET_VALUE';
update querysectionquestion set abstractName = 'NO_OTHER_ASSET_FLAG_Q' where id = 'MA_NO_OTHER_ASSETS';

REPLACE INTO `optiongroup` VALUES ('BANK_ACCOUNT_TYPES','Choices for types of bank acounts',NULL,NULL,NULL,'2019-04-04 11:12:57','2019-04-04 11:12:57',0);

REPLACE INTO `optionitem` VALUES ('BANK_ACCOUNT_TYPES_SELECT_1','BANK_ACCOUNT_TYPES',NULL,NULL,'Checking',1,NULL,NULL,'2019-04-04 15:23:20','2019-04-04 15:23:20','2019-04-04 15:23:20',0);

REPLACE INTO `optionitem` VALUES ('BANK_ACCOUNT_TYPES_SELECT_2','BANK_ACCOUNT_TYPES',NULL,NULL,'Savings',1,NULL,NULL,'2019-04-04 15:23:20','2019-04-04 15:23:20','2019-04-04 15:23:20',0);

REPLACE INTO `optionitem` VALUES ('BANK_ACCOUNT_TYPES_SELECT_3','BANK_ACCOUNT_TYPES',NULL,NULL,'Money Market',1,NULL,NULL,'2019-04-04 15:23:20','2019-04-04 15:23:20','2019-04-04 15:23:20',0);

REPLACE INTO `optionitem` VALUES ('BANK_ACCOUNT_TYPES_SELECT_4','BANK_ACCOUNT_TYPES',NULL,NULL,'Certificate of Deposit',1,NULL,NULL,'2019-04-04 15:23:20','2019-04-04 15:23:20','2019-04-04 15:23:20',0);

REPLACE INTO `optionitem` VALUES ('BANK_ACCOUNT_TYPES_SELECT_5','BANK_ACCOUNT_TYPES',NULL,NULL,'Mutual Fund',1,NULL,NULL,'2019-04-04 15:23:20','2019-04-04 15:23:20','2019-04-04 15:23:20',0);

REPLACE INTO `optionitem` VALUES ('BANK_ACCOUNT_TYPES_SELECT_6','BANK_ACCOUNT_TYPES',NULL,NULL,'Stocks',1,NULL,NULL,'2019-04-04 15:23:20','2019-04-04 15:23:20','2019-04-04 15:23:20',0);

REPLACE INTO `optionitem` VALUES ('BANK_ACCOUNT_TYPES_SELECT_7','BANK_ACCOUNT_TYPES',NULL,NULL,'Stock Options',1,NULL,NULL,'2019-04-04 15:23:20','2019-04-04 15:23:20','2019-04-04 15:23:20',0);

REPLACE INTO `optionitem` VALUES ('BANK_ACCOUNT_TYPES_SELECT_8','BANK_ACCOUNT_TYPES',NULL,NULL,'Bonds',1,NULL,NULL,'2019-04-04 15:23:20','2019-04-04 15:23:20','2019-04-04 15:23:20',0);

REPLACE INTO `optionitem` VALUES ('BANK_ACCOUNT_TYPES_SELECT_9','BANK_ACCOUNT_TYPES',NULL,NULL,'Retirements (e.g. 401K, IRA)',1,NULL,NULL,'2019-04-04 15:23:20','2019-04-04 15:23:20','2019-04-04 15:23:20',0);

REPLACE INTO `optionitem` VALUES ('BANK_ACCOUNT_TYPES_SELECT_10','BANK_ACCOUNT_TYPES',NULL,NULL,'Bridge Loan Proceeds',1,NULL,NULL,'2019-04-04 15:23:20','2019-04-04 15:23:20','2019-04-04 15:23:20',0);

REPLACE INTO `optionitem` VALUES ('BANK_ACCOUNT_TYPES_SELECT_11','BANK_ACCOUNT_TYPES',NULL,NULL,'Individual Development Account',1,NULL,NULL,'2019-04-04 15:23:20','2019-04-04 15:23:20','2019-04-04 15:23:20',0);

REPLACE INTO `optionitem` VALUES ('BANK_ACCOUNT_TYPES_SELECT_12','BANK_ACCOUNT_TYPES',NULL,NULL,'Trust Account',1,NULL,NULL,'2019-04-04 15:23:20','2019-04-04 15:23:20','2019-04-04 15:23:20',0);

REPLACE INTO `optionitem` VALUES ('BANK_ACCOUNT_TYPES_SELECT_13','BANK_ACCOUNT_TYPES',NULL,NULL,'Cash Value of Life Insurance',1,NULL,NULL,'2019-04-04 15:23:20','2019-04-04 15:23:20','2019-04-04 15:23:20',0);

REPLACE INTO `questiondefinition` (`id`, `QueryDefinition_id`, `DataType_id`, `OptionGroup_id`, `Name`, `Label`, `OtherLabel`, `IsRequired`, `createdts`, `lastmodifiedts`, `synctimestamp`, `softdeleteflag`) VALUES ('BANK_ACCOUNT_TYPE', 'MORTGAGE_APPLICATION', 'SINGLE_SELECT', 'BANK_ACCOUNT_TYPES', 'Account type', 'Account type', 'Account type', '1', '2019-04-04 05:19:56', '2018-12-28 05:19:56', '2018-12-28 05:19:56', '0');

REPLACE INTO `questiondefinition` (`id`, `QueryDefinition_id`, `DataType_id`, `OptionGroup_id`, `Name`, `Label`, `OtherLabel`, `IsRequired`, `createdts`, `lastmodifiedts`, `synctimestamp`, `softdeleteflag`) VALUES ('FIN_INS_NAME', 'MORTGAGE_APPLICATION', 'SINGLE_SELECT', NULL, 'Financial institute name', 'Financial institute name', 'Financial institute name', '1', '2019-04-04 05:19:56', '2018-12-28 05:19:56', '2018-12-28 05:19:56', '0');

REPLACE INTO `questiondefinition` (`id`, `QueryDefinition_id`, `DataType_id`, `OptionGroup_id`, `Name`, `Label`, `OtherLabel`, `IsRequired`, `createdts`, `lastmodifiedts`, `synctimestamp`, `softdeleteflag`) VALUES ('ACC_NUMBER', 'MORTGAGE_APPLICATION', 'SINGLE_SELECT', NULL, 'Account number', 'Account number', 'Account number', '1', '2019-04-04 05:19:56', '2018-12-28 05:19:56', '2018-12-28 05:19:56', '0');

REPLACE INTO `questiondefinition` (`id`, `QueryDefinition_id`, `DataType_id`, `OptionGroup_id`, `Name`, `Label`, `OtherLabel`, `IsRequired`, `createdts`, `lastmodifiedts`, `synctimestamp`, `softdeleteflag`) VALUES ('BANK_ACCOUNT_VALUE', 'MORTGAGE_APPLICATION', 'SINGLE_SELECT', NULL, 'Cash or Market Value', 'Cash or Market Value', 'Cash or Market Value', '1', '2019-04-04 05:19:56', '2018-12-28 05:19:56', '2018-12-28 05:19:56', '0');

REPLACE INTO `questiondefinition` (`id`, `QueryDefinition_id`, `DataType_id`, `OptionGroup_id`, `Name`, `Label`, `OtherLabel`, `IsRequired`, `createdts`, `lastmodifiedts`, `synctimestamp`, `softdeleteflag`) VALUES ('BANK_ACCOUNT_INT_FLAG', 'MORTGAGE_APPLICATION', 'SINGLE_SELECT', 'CHALLENGE', 'Internaltional Flag', 'Internaltional Flag', 'Cash or Market Value', '1', '2019-04-04 05:19:56', '2018-12-28 05:19:56', '2018-12-28 05:19:56', '0');
REPLACE INTO `querysection` (`id`, `Name`, `QueryDefinition_id`, `Parent_id`, `ApplicantAllowedTo`, `IndCoApplicantAllowedTo`, `JointCoApplicantAllowedTo`, `Sequence`, `createdts`, `lastmodifiedts`, `synctimestamp`, `softdeleteflag`, `abstractname`) VALUES ('MORTGAGE_LOAN_BANK_SECTION', 'BankAccounts', 'MORTGAGE_APPLICATION', 'APPLICANT', 'E', 'E', 'E', '1', '2018-08-27 06:12:18', '2019-02-20 12:10:54', '2019-02-20 12:10:54', '0', 'BankAccounts');

REPLACE INTO `querysectionquestion` (`id`, `QueryDefinition_id`, `QuerySection_id`, `QuestionDefinition_id`, `IsRequired`, `createdts`, `lastmodifiedts`, `synctimestamp`, `softdeleteflag`, `abstractName`) VALUES ('MA_ASSETS_BANK_ACC_TYPE', 'MORTGAGE_APPLICATION', 'MORTGAGE_LOAN_BANK_SECTION', 'BANK_ACCOUNT_TYPE', '1', '2018-11-05 12:29:00', '2019-01-11 21:17:24', '2019-01-11 21:17:24', '0', 'BankAccountType');

REPLACE INTO `querysectionquestion` (`id`, `QueryDefinition_id`, `QuerySection_id`, `QuestionDefinition_id`, `IsRequired`, `createdts`, `lastmodifiedts`, `synctimestamp`, `softdeleteflag`, `abstractName`) VALUES ('MA_ASSETS_BANK_FIN_INS', 'MORTGAGE_APPLICATION', 'MORTGAGE_LOAN_BANK_SECTION', 'FIN_INS_NAME', '1', '2018-11-05 12:29:00', '2019-01-11 21:17:24', '2019-01-11 21:17:24', '0', 'FinInsName');

REPLACE INTO `querysectionquestion` (`id`, `QueryDefinition_id`, `QuerySection_id`, `QuestionDefinition_id`, `IsRequired`, `createdts`, `lastmodifiedts`, `synctimestamp`, `softdeleteflag`, `abstractName`) VALUES ('MA_ASSETS_BANK_ACC_NUM', 'MORTGAGE_APPLICATION', 'MORTGAGE_LOAN_BANK_SECTION', 'ACC_NUMBER', '1', '2018-11-05 12:29:00', '2019-01-11 21:17:24', '2019-01-11 21:17:24', '0', 'BankAccountNumber');

REPLACE INTO `querysectionquestion` (`id`, `QueryDefinition_id`, `QuerySection_id`, `QuestionDefinition_id`, `IsRequired`, `createdts`, `lastmodifiedts`, `synctimestamp`, `softdeleteflag`, `abstractName`) VALUES ('MA_ASSETS_BANK_ACC_VALUE', 'MORTGAGE_APPLICATION', 'MORTGAGE_LOAN_BANK_SECTION', 'BANK_ACCOUNT_VALUE', '1', '2018-11-05 12:29:00', '2019-01-11 21:17:24', '2019-01-11 21:17:24', '0', 'BankAccountValue');

REPLACE INTO `querysectionquestion` (`id`, `QueryDefinition_id`, `QuerySection_id`, `QuestionDefinition_id`, `IsRequired`, `createdts`, `lastmodifiedts`, `synctimestamp`, `softdeleteflag`, `abstractName`) VALUES ('MA_ASSETS_BANK_INT_FLAG', 'MORTGAGE_APPLICATION', 'MORTGAGE_LOAN_BANK_SECTION', 'BANK_ACCOUNT_INT_FLAG', '1', '2018-11-05 12:29:00', '2019-01-11 21:17:24', '2019-01-11 21:17:24', '0', 'internationalBankAccountFlag');

REPLACE INTO `loanproduct` (`id`, `LoanType_id`, `Name`, `Description`, `AtAGlance`, `APR`, `InterestRate`, `Point`, `BestChoiceIf`, `Disadvantages`, `APRRef`, `InterestRateRef`, `PointRef`, `Priority`) VALUES ('CONVENTIONAL_MORTGAGE', 'MORTGAGE_LOAN', 'Mortgage Loan', 'Conventional', 'Fixed rate of interest. Level principal and interest payments for the full term of the loan.', '4.25', '4.25', '0.250', 'You plan on staying in the home long-term. You think interest rates will increase. You do not expect your income to increase significantly over the coming years.', 'You pay more interest over the life of the loan.', '3.265', '3.265', '0.265','1');

REPLACE INTO `loanproduct` (`id`, `LoanType_id`, `Name`, `Description`, `AtAGlance`, `APR`, `InterestRate`, `Point`, `BestChoiceIf`, `Disadvantages`, `APRRef`, `InterestRateRef`, `PointRef`, `Priority`) VALUES ('VA_MORTGAGE', 'MORTGAGE_LOAN', 'Mortgage Loan', 'VA', 'No down payment is required from borrowers buying primary residences. Veterans do not have to be first-time buyers and may reuse their benefit.', '3.25', '2.25', '0.550', 'You are a veteran, military service member and spouse. You do not have money for down payment. Your credit score is fair or poor.', 'The VA does not guarantee the full amount of the loan, which means borrowers might be subject to additional requirements from the bank.', '2.265', '4.265', '0.715','2');

REPLACE INTO `loanproduct` (`id`, `LoanType_id`, `Name`, `Description`, `AtAGlance`, `APR`, `InterestRate`, `Point`, `BestChoiceIf`, `Disadvantages`, `APRRef`, `InterestRateRef`, `PointRef`, `Priority`) VALUES ('ARM_MORTGAGE', 'MORTGAGE_LOAN', 'Mortgage Loan', 'ARM', 'Interest rate will adjust annually after the initial 10 years fixed period. 30 year amortization.', '2.167', '2.167', '0.750', 'If you expect a significant increase in your monthly income after 10 years. Your monthly principal and interest payment could increase after the initial fixed rate period of 7 years.', 'This program may be riskier if your income fails to increase to cover the change in monthly payments.', '2.269', '4.269', '0.659','3');

REPLACE INTO `loanproduct` (`id`, `LoanType_id`, `Name`, `Description`, `AtAGlance`, `APR`, `InterestRate`, `Point`, `BestChoiceIf`, `Disadvantages`, `APRRef`, `InterestRateRef`, `PointRef`, `Priority`) VALUES ('JUMBO_MORTGAGE', 'MORTGAGE_LOAN', 'Mortgage Loan', 'Jumbo', 'Fixed rate of interest. Level principal and interest payments for the full term of the loan.', '3.760', '2.760', '0.811', 'You plan on staying in the home long-term. You think interest rates will increase. You do not expect your income to increase significantly over the coming years.', 'You pay more interest over the life of the loan.', '3.219', '2.279', '0.843','4');

REPLACE INTO `optionitem` (`id`, `OptionGroup_id`, `DefaultValue`, `Sequence`) VALUES ('PAY_PERIOD_MILITARY_TYPE_SELECT_1', 'PAY_PERIOD_MILITARY_TYPE_SELECT', 'Yearly', '1');
REPLACE INTO `optionitem` (`id`, `OptionGroup_id`, `DefaultValue`, `Sequence`) VALUES ('PAY_PERIOD_MILITARY_TYPE_SELECT_2', 'PAY_PERIOD_MILITARY_TYPE_SELECT', 'Monthly', '2');
REPLACE INTO `optionitem` (`id`, `OptionGroup_id`, `DefaultValue`, `Sequence`) VALUES ('PAY_PERIOD_MILITARY_TYPE_SELECT_3', 'PAY_PERIOD_MILITARY_TYPE_SELECT', 'Bi-Weekly', '3');
REPLACE INTO `optionitem` (`id`, `OptionGroup_id`, `DefaultValue`, `Sequence`) VALUES ('PAY_PERIOD_MILITARY_TYPE_SELECT_4', 'PAY_PERIOD_MILITARY_TYPE_SELECT', 'Hourly', '4');

-- optiongroup
REPLACE INTO `optiongroup` (`id`, `Name`) VALUES ('EMPLOYMENT_DETAILS_TYPE', 'Current or Previous or Additional Employment choice');
REPLACE INTO `optiongroup` (`id`, `Name`) VALUES ('INCOME_DISTRIBUTION_TYPE', 'Distribution of income options');

-- optionitem
REPLACE INTO `optionitem` (`id`, `OptionGroup_id`, `DefaultValue`, `Sequence`) VALUES ('EMPLOYMENT_DETAILS_TYPE_1', 'EMPLOYMENT_DETAILS_TYPE', 'CURRENT_EMPLOYMENT', '1');
REPLACE INTO `optionitem` (`id`, `OptionGroup_id`, `DefaultValue`, `Sequence`) VALUES ('EMPLOYMENT_DETAILS_TYPE_2', 'EMPLOYMENT_DETAILS_TYPE', 'PREVIOUS_EMPLOYMENT', '2');
REPLACE INTO `optionitem` (`id`, `OptionGroup_id`, `DefaultValue`, `Sequence`) VALUES ('EMPLOYMENT_DETAILS_TYPE_3', 'EMPLOYMENT_DETAILS_TYPE', 'ADDITIONAL_EMPLOYMENT', '3');
REPLACE INTO `optionitem` (`id`, `OptionGroup_id`, `DefaultValue`, `Sequence`) VALUES ('INCOME_DISTRIBUTION_TYPE_1', 'INCOME_DISTRIBUTION_TYPE', 'Base amount', '1');
REPLACE INTO `optionitem` (`id`, `OptionGroup_id`, `DefaultValue`, `Sequence`) VALUES ('INCOME_DISTRIBUTION_TYPE_2', 'INCOME_DISTRIBUTION_TYPE', 'Over time amount', '2');
REPLACE INTO `optionitem` (`id`, `OptionGroup_id`, `DefaultValue`, `Sequence`) VALUES ('INCOME_DISTRIBUTION_TYPE_3', 'INCOME_DISTRIBUTION_TYPE', 'Bonus amount', '3');
REPLACE INTO `optionitem` (`id`, `OptionGroup_id`, `DefaultValue`, `Sequence`) VALUES ('INCOME_DISTRIBUTION_TYPE_4', 'INCOME_DISTRIBUTION_TYPE', 'Commission amount', '4');
REPLACE INTO `optionitem` (`id`, `OptionGroup_id`, `DefaultValue`, `Sequence`) VALUES ('INCOME_DISTRIBUTION_TYPE_5', 'INCOME_DISTRIBUTION_TYPE', 'Military entitlements', '5');
REPLACE INTO `optionitem` (`id`, `OptionGroup_id`, `DefaultValue`, `Sequence`) VALUES ('INCOME_DISTRIBUTION_TYPE_6', 'INCOME_DISTRIBUTION_TYPE', 'Other amount', '6');

REPLACE INTO `configurationbundles` (`bundle_id`, `bundle_name`, `app_id`, 
`createdby`, `modifiedby`, `createdts`, `lastmodifiedts`, `synctimestamp`, 
`softdeleteflag`) VALUES ('CL_CONFIG_BUNDLE', 'CL', 'ConsumerLending', 
'Kony dev', 'Kony dev', '2019-03-21 10:59:31', '2019-03-21 10:59:31', 
'2019-03-21 10:59:31', '0'); 

REPLACE INTO `configurationmasters` (`bundle_id`, `app_id`, `channels`, 
`user_id`, `role`, `device_id`, `app_version`) VALUES ('CL_CONFIG_BUNDLE', 
'ConsumerLending', 'thinclient', 'null', 'basic', NULL, NULL); 

REPLACE INTO `configurations` ( `configuration_id`, `bundle_id`, `config_type`, 
`config_key`, `description`, `config_value`, `target`, `createdby`, `modifiedby` 
, `createdts`, `lastmodifiedts`, `synctimestamp`, `softdeleteflag`) VALUES ('10' 
, 'CL_CONFIG_BUNDLE', 'PREFERENCE', 'VEHICLE_DEFAULT_LOAN_AMOUNT', 
'Default LoanAmount', '30000', 'CLIENT', 'Kony dev', 'Kony dev', 
'2019-05-09 08:00:03', '2019-05-09 08:00:03', '2019-05-09 08:00:03', 0); 

REPLACE INTO `configurations` ( `configuration_id`, `bundle_id`, `config_type`, 
`config_key`, `description`, `config_value`, `target`, `createdby`, `modifiedby` 
, `createdts`, `lastmodifiedts`, `synctimestamp`, `softdeleteflag`) VALUES ('11' 
, 'CL_CONFIG_BUNDLE', 'PREFERENCE', 'PERSONAL_LOANTERMS_MAX', 'LoanTerms', '120' 
, 'CLIENT', 'Kony dev', 'Kony dev', '2019-05-09 08:00:03', '2019-05-09 08:00:03' 
, '2019-05-09 08:00:03', 0); 

REPLACE INTO `configurations` ( `configuration_id`, `bundle_id`, `config_type`, 
`config_key`, `description`, `config_value`, `target`, `createdby`, `modifiedby` 
, `createdts`, `lastmodifiedts`, `synctimestamp`, `softdeleteflag`) VALUES ('12' 
, 'CL_CONFIG_BUNDLE', 'PREFERENCE', 'PERSONAL_LOANTERMS_MIN', 'LoanTerms', '12', 
'CLIENT', 'Kony dev', 'Kony dev', '2019-05-09 08:00:04', '2019-05-09 08:00:04', 
'2019-05-09 08:00:04', 0); 

REPLACE INTO `configurations` ( `configuration_id`, `bundle_id`, `config_type`, 
`config_key`, `description`, `config_value`, `target`, `createdby`, `modifiedby` 
, `createdts`, `lastmodifiedts`, `synctimestamp`, `softdeleteflag`) VALUES ('13' 
, 'CL_CONFIG_BUNDLE', 'PREFERENCE', 'VEHICLE_DEFAULT_LOAN_TERMS_STEP', 
'LoanTermsStep', '2', 'CLIENT', 'Kony dev', 'Kony dev', '2019-05-09 08:00:04', 
'2019-05-09 08:00:04', '2019-05-09 08:00:04', 0); 

REPLACE INTO `configurations` ( `configuration_id`, `bundle_id`, `config_type`, 
`config_key`, `description`, `config_value`, `target`, `createdby`, `modifiedby` 
, `createdts`, `lastmodifiedts`, `synctimestamp`, `softdeleteflag`) VALUES ('14' 
, 'CL_CONFIG_BUNDLE', 'PREFERENCE', 'VEHICLE_DEFAULT_LOAN_TERMS', 
'DefaultLoanTerms', '42', 'CLIENT', 'Kony dev', 'Kony dev', 
'2019-05-09 08:00:04', '2019-05-09 08:00:04', '2019-05-09 08:00:04', 0); 

REPLACE INTO `configurations` ( `configuration_id`, `bundle_id`, `config_type`, 
`config_key`, `description`, `config_value`, `target`, `createdby`, `modifiedby` 
, `createdts`, `lastmodifiedts`, `synctimestamp`, `softdeleteflag`) VALUES ('15' 
, 'CL_CONFIG_BUNDLE', 'PREFERENCE', 'VEHICLE_LOAN_AMOUNT_STEP', 'LoanAmountStep' 
, '1000', 'CLIENT', 'Kony dev', 'Kony dev', '2019-05-09 08:00:05', 
'2019-05-09 08:00:05', '2019-05-09 08:00:05', 0); 

REPLACE INTO `configurations` ( `configuration_id`, `bundle_id`, `config_type`, 
`config_key`, `description`, `config_value`, `target`, `createdby`, `modifiedby` 
, `createdts`, `lastmodifiedts`, `synctimestamp`, `softdeleteflag`) VALUES ('16' 
, 'CL_CONFIG_BUNDLE', 'PREFERENCE', 'PERSONAL_LOAN_AMOUNT_STEP', 
'LoanAmountStep', '1000', 'CLIENT', 'Kony dev', 'Kony dev', 
'2019-05-09 08:00:05', '2019-05-09 08:00:05', '2019-05-09 08:00:05', 0); 

REPLACE INTO `configurations` ( `configuration_id`, `bundle_id`, `config_type`, 
`config_key`, `description`, `config_value`, `target`, `createdby`, `modifiedby` 
, `createdts`, `lastmodifiedts`, `synctimestamp`, `softdeleteflag`) VALUES ('17' 
, 'CL_CONFIG_BUNDLE', 'PREFERENCE', 'PERSONAL_DEFAULT_LOAN_AMOUNT', 
'Default LoanAmount', '30000', 'CLIENT', 'Kony dev', 'Kony dev', 
'2019-05-09 08:00:06', '2019-05-09 08:00:06', '2019-05-09 08:00:06', 0); 

REPLACE INTO `configurations` ( `configuration_id`, `bundle_id`, `config_type`, 
`config_key`, `description`, `config_value`, `target`, `createdby`, `modifiedby` 
, `createdts`, `lastmodifiedts`, `synctimestamp`, `softdeleteflag`) VALUES ('18' 
, 'CL_CONFIG_BUNDLE', 'PREFERENCE', 'PERSONAL_DEFAULT_LOAN_TERMS', 'LoanTerms', 
'42', 'CLIENT', 'Kony dev', 'Kony dev', '2019-05-09 08:00:06', 
'2019-05-09 08:00:06', '2019-05-09 08:00:06', 0); 

REPLACE INTO `configurations` ( `configuration_id`, `bundle_id`, `config_type`, 
`config_key`, `description`, `config_value`, `target`, `createdby`, `modifiedby` 
, `createdts`, `lastmodifiedts`, `synctimestamp`, `softdeleteflag`) VALUES ('19' 
, 'CL_CONFIG_BUNDLE', 'PREFERENCE', 'PERSONAL_LOAN_MIN_AMOUNT', 'LoanAmount', 
'1000', 'CLIENT', 'Kony dev', 'Kony dev', '2019-05-09 08:00:07', 
'2019-05-09 08:00:07', '2019-05-09 08:00:07', 0); 

REPLACE INTO `configurations` ( `configuration_id`, `bundle_id`, `config_type`, 
`config_key`, `description`, `config_value`, `target`, `createdby`, `modifiedby` 
, `createdts`, `lastmodifiedts`, `synctimestamp`, `softdeleteflag`) VALUES ('20' 
, 'CL_CONFIG_BUNDLE', 'PREFERENCE', 'PERSONAL_DEFAULT_LOAN_TERMS_STEP', 
'LoanTermsStep', '2', 'CLIENT', 'Kony dev', 'Kony dev', '2019-05-09 08:00:38', 
'2019-05-09 08:00:38', '2019-05-09 08:00:38', 0); 

REPLACE INTO `configurations` ( `configuration_id`, `bundle_id`, `config_type`, 
`config_key`, `description`, `config_value`, `target`, `createdby`, `modifiedby` 
, `createdts`, `lastmodifiedts`, `synctimestamp`, `softdeleteflag`) VALUES ('21' 
, 'CL_CONFIG_BUNDLE', 'SERVER', 'LINK_EXPIRY_TIME', 'ExpiryTime', '1', 'SERVER', 
'Kony dev', 'Kony dev', '2019-05-09 08:00:39', '2019-05-09 08:00:39', 
'2019-05-09 08:00:39', 0); 

REPLACE INTO `configurations` ( `configuration_id`, `bundle_id`, `config_type`, 
`config_key`, `description`, `config_value`, `target`, `createdby`, `modifiedby` 
, `createdts`, `lastmodifiedts`, `synctimestamp`, `softdeleteflag`) VALUES ('22' 
, 'CL_CONFIG_BUNDLE', 'PREFERENCE', 'CREDIT_CARD_FORM_SEQUENCE_CONFIG', 
'Sequence Config for CC Application', 
'[\"frmVerifyCreditCard\",\"frmApplicantInfoCKA\",\"frmApplicantIncomeKA\",\"frmAuthUserInfoKA\",\"frmTermsAndConditions\"]'
, 'CLIENT', 'Kony dev', 'Kony dev', '2019-05-09 08:00:39', '2019-05-09 08:00:39' 
, '2019-05-09 08:00:39', 0); 

REPLACE INTO `configurations` ( `configuration_id`, `bundle_id`, `config_type`, 
`config_key`, `description`, `config_value`, `target`, `createdby`, `modifiedby` 
, `createdts`, `lastmodifiedts`, `synctimestamp`, `softdeleteflag`) VALUES ('23' 
, 'CL_CONFIG_BUNDLE', 'PREFERENCE', 'CREDIT_CARD_DEPENDENT_FORM_SEQUENCE_CONFIG' 
, 'Dependent Sequence Config for CC Application', '[\"frmAuthUserInfoKA\"]', 
'CLIENT', 'Kony dev', 'Kony dev', '2019-05-09 08:00:40', '2019-05-09 08:00:40', 
'2019-05-09 08:00:40', 0); 

REPLACE INTO `configurations` ( `configuration_id`, `bundle_id`, `config_type`, 
`config_key`, `description`, `config_value`, `target`, `createdby`, `modifiedby` 
, `createdts`, `lastmodifiedts`, `synctimestamp`, `softdeleteflag`) VALUES ('24' 
, 'CL_CONFIG_BUNDLE', 'PREFERENCE', 'CREDIT_CARD_FORM_SECTION_CONFIG', 
'Form to section config for CC Application', 
'{\"frmVerifyCreditCard\":[\"CardInfo\"],\"frmApplicantInfoCKA\":[\"PersonalInfo\"],\"frmApplicantIncomeKA\":[\"Income\"],\"frmAuthUserInfoKA\":[\"AUPersonalInfo\"],\"frmTermsAndConditions\":[\"Consent\"]}' 
, 'CLIENT', 'Kony dev', 'Kony dev', '2019-05-09 08:00:40', '2019-05-09 08:00:40' 
, '2019-05-09 08:00:40', 0); 

REPLACE INTO `configurations` ( `configuration_id`, `bundle_id`, `config_type`, 
`config_key`, `description`, `config_value`, `target`, `createdby`, `modifiedby` 
, `createdts`, `lastmodifiedts`, `synctimestamp`, `softdeleteflag`) VALUES ('25' 
, 'CL_CONFIG_BUNDLE', 'PREFERENCE', 'VEHICLE_APPLICATION_FORM_SEQUENCE_CONFIG', 
'Sequence Config for VA Application', 
'[\"frmYourVehicleLoanKA\",\"frmApplicantInfoVehicleKA\",\"frmApplicantIncomeVehicleKA\",\"frmCoAppInfoVehicleKA\",\"frmCoApplicantIncomeVehicleKA\",\"frmConsentVehicleKA\"]'
, 'CLIENT', 'Kony dev', 'Kony dev', '2019-05-09 08:00:40', '2019-05-09 08:00:40' 
, '2019-05-09 08:00:40', 0); 

REPLACE INTO `configurations` ( `configuration_id`, `bundle_id`, `config_type`, 
`config_key`, `description`, `config_value`, `target`, `createdby`, `modifiedby` 
, `createdts`, `lastmodifiedts`, `synctimestamp`, `softdeleteflag`) VALUES ('26' 
, 'CL_CONFIG_BUNDLE', 'PREFERENCE', 'VEHICLE_APPLICATION_FORM_SECTION_CONFIG', 
'Form to section config for VA Application', 
'{\"frmYourVehicleLoanKA\" : [\"VehicleLoan\", \"CAFlags\"],\"frmApplicantInfoVehicleKA\" : [\"PersonalInfo\"],\"frmApplicantIncomeVehicleKA\" : [\"Income\"],\"frmCoAppInfoVehicleKA\" : [\"CoAppPersonalInfo\", \"CAFlags\"],\"frmCoApplicantIncomeVehicleKA\" : [\"CoAppIncome\"],\"frmConsentVehicleKA\": [\"Consent\"]}'
, 'CLIENT', 'Kony dev', 'Kony dev', '2019-05-09 08:00:41', '2019-05-09 08:00:41' 
, '2019-05-09 08:00:41', 0); 

REPLACE INTO `configurations` ( `configuration_id`, `bundle_id`, `config_type`, 
`config_key`, `description`, `config_value`, `target`, `createdby`, `modifiedby` 
, `createdts`, `lastmodifiedts`, `synctimestamp`, `softdeleteflag`) VALUES ('27' 
, 'CL_CONFIG_BUNDLE', 'PREFERENCE', 
'VEHICLE_APPLICATION_DEPENDENT_FORM_SEQUENCE_CONFIG', 
'Dependent Sequence Config for VA Application', 
'[\"frmCoAppInfoVehicleKA\",\"frmCoApplicantIncomeVehicleKA\"]', 'CLIENT', 
'Kony dev', 'Kony dev', '2019-05-09 08:00:41', '2019-05-09 08:00:41', 
'2019-05-09 08:00:41', 0); 

REPLACE INTO `configurations` ( `configuration_id`, `bundle_id`, `config_type`, 
`config_key`, `description`, `config_value`, `target`, `createdby`, `modifiedby` 
, `createdts`, `lastmodifiedts`, `synctimestamp`, `softdeleteflag`) VALUES ('28' 
, 'CL_CONFIG_BUNDLE', 'PREFERENCE', 'PERSONAL_APPLICATION_FORM_SEQUENCE_CONFIG', 
'Sequence Config for PA Application', 
'[\"frmYourLoanNewKA\",\"frmApplicantInfoKA\",\"frmEmploymentInfoKA\",\"frmCoApplicantInfoKA\",\"frmCoApplicantEmploymentInfoKA\",\"frmConsentKA\"]'
, 'CLIENT', 'Kony dev', 'Kony dev', '2019-05-09 08:00:42', '2019-05-09 08:00:42' 
, '2019-05-09 08:00:42', 0); 

REPLACE INTO `configurations` ( `configuration_id`, `bundle_id`, `config_type`, 
`config_key`, `description`, `config_value`, `target`, `createdby`, `modifiedby` 
, `createdts`, `lastmodifiedts`, `synctimestamp`, `softdeleteflag`) VALUES ('29' 
, 'CL_CONFIG_BUNDLE', 'PREFERENCE', 'PERSONAL_APPLICATION_FORM_SECTION_CONFIG', 
'Form to section config for PA Application', 
'{\"frmYourLoanNewKA\" : [\"YourLoan\", \"CAFlags\"],\"frmApplicantInfoKA\" : [\"PersonalInfo\"],\"frmEmploymentInfoKA\" : [\"Income\"],\"frmCoApplicantInfoKA\" : [\"CoAppPersonalInfo\", \"CAFlags\"],\"frmCoApplicantEmploymentInfoKA\" : [\"CoAppIncome\"],\"frmConsentKA\":[\"Consent\"]}' 
, 'CLIENT', 'Kony dev', 'Kony dev', '2019-05-09 08:00:42', '2019-05-09 08:00:42' 
, '2019-05-09 08:00:42', 0); 

REPLACE INTO `configurations` ( `configuration_id`, `bundle_id`, `config_type`, 
`config_key`, `description`, `config_value`, `target`, `createdby`, `modifiedby` 
, `createdts`, `lastmodifiedts`, `synctimestamp`, `softdeleteflag`) VALUES ('30' 
, 'CL_CONFIG_BUNDLE', 'PREFERENCE', 'VEHICAL TYPES', 'VehicleTypes', 
'[\n  \"Vehicle\",\n  \"Recreational Vehicle\",\n  \"Motorcycle\",\n  \"Water Craft\",\n  \"Farm Equipment\"\n]'
, 'CLIENT', 'Kony dev', 'Kony dev', '2019-05-09 08:00:43', '2019-05-09 08:00:43' 
, '2019-05-09 08:00:43', 0); 

REPLACE INTO `configurations` ( `configuration_id`, `bundle_id`, `config_type`, 
`config_key`, `description`, `config_value`, `target`, `createdby`, `modifiedby` 
, `createdts`, `lastmodifiedts`, `synctimestamp`, `softdeleteflag`) VALUES ('31' 
, 'CL_CONFIG_BUNDLE', 'PREFERENCE', 
'PERSONAL_APPLICATION_DEPENDENT_FORM_SEQUENCE_CONFIG', 
'Dependent Sequence Config for PA Application', 
'[\"frmCoApplicantInfoKA\",\"frmCoApplicantEmploymentInfoKA\"]', 'CLIENT', 
'Kony dev', 'Kony dev', '2019-05-09 08:00:43', '2019-05-09 08:00:43', 
'2019-05-09 08:00:43', 0); 

REPLACE INTO `configurations` ( `configuration_id`, `bundle_id`, `config_type`, 
`config_key`, `description`, `config_value`, `target`, `createdby`, `modifiedby` 
, `createdts`, `lastmodifiedts`, `synctimestamp`, `softdeleteflag`) VALUES ('32' 
, 'CL_CONFIG_BUNDLE', 'PREFERENCE', 'CREDIT_CARD_MAX_LIMIT', 'Credit Limit Max', 
'35000', 'CLIENT', 'Kony dev', 'Kony dev', '2019-05-09 08:00:44', 
'2019-05-09 08:00:44', '2019-05-09 08:00:44', 0); 

REPLACE INTO `configurations` ( `configuration_id`, `bundle_id`, `config_type`, 
`config_key`, `description`, `config_value`, `target`, `createdby`, `modifiedby` 
, `createdts`, `lastmodifiedts`, `synctimestamp`, `softdeleteflag`) VALUES ('34' 
, 'CL_CONFIG_BUNDLE', 'PREFERENCE', 'CREDIT_CARD_LIMIT_STEP', 
'Credit Limit step for slider', '1000', 'CLIENT', 'Kony dev', 'Kony dev', 
'2019-05-09 08:01:06', '2019-05-09 08:01:06', '2019-05-09 08:01:06', 0); 

REPLACE INTO `configurations` ( `configuration_id`, `bundle_id`, `config_type`, 
`config_key`, `description`, `config_value`, `target`, `createdby`, `modifiedby` 
, `createdts`, `lastmodifiedts`, `synctimestamp`, `softdeleteflag`) VALUES ('35' 
, 'CL_CONFIG_BUNDLE', 'PREFERENCE', 'CREDIT_CARD_LIMIT_DEFAULT', 
'Default credit limit', '10000', 'CLIENT', 'Kony dev', 'Kony dev', 
'2019-05-09 08:01:06', '2019-05-09 08:01:06', '2019-05-09 08:01:06', 0); 

REPLACE INTO `configurations` ( `configuration_id`, `bundle_id`, `config_type`, 
`config_key`, `description`, `config_value`, `target`, `createdby`, `modifiedby` 
, `createdts`, `lastmodifiedts`, `synctimestamp`, `softdeleteflag`) VALUES ('36' 
, 'CL_CONFIG_BUNDLE', 'PREFERENCE', 'MORTGAGE_MAX_PROPERTY_VALUE', 
'Purchase price', '9,999,900', 'CLIENT', 'Kony dev', 'Kony dev', 
'2019-05-09 08:01:07', '2019-05-09 08:01:07', '2019-05-09 08:01:07', 0); 

REPLACE INTO `configurations` ( `configuration_id`, `bundle_id`, `config_type`, 
`config_key`, `description`, `config_value`, `target`, `createdby`, `modifiedby` 
, `createdts`, `lastmodifiedts`, `synctimestamp`, `softdeleteflag`) VALUES ('37' 
, 'CL_CONFIG_BUNDLE', 'PREFERENCE', 'MORTGAGE_MAX_MORTGAGE_BALANCE', 
'Down payment', '9,999,900', 'CLIENT', 'Kony dev', 'Kony dev', 
'2019-05-09 08:01:07', '2019-05-09 08:01:07', '2019-05-09 08:01:07', 0); 

REPLACE INTO `configurations` ( `configuration_id`, `bundle_id`, `config_type`, 
`config_key`, `description`, `config_value`, `target`, `createdby`, `modifiedby` 
, `createdts`, `lastmodifiedts`, `synctimestamp`, `softdeleteflag`) VALUES ('38' 
, 'CL_CONFIG_BUNDLE', 'PREFERENCE', 'MORTGAGE_MAX_ESTIMATED_LOAN', 
'Estimated loan', '9,999,900', 'CLIENT', 'Kony dev', 'Kony dev', 
'2019-05-09 08:01:08', '2019-05-09 08:01:08', '2019-05-09 08:01:08', 0); 

REPLACE INTO `configurations` ( `configuration_id`, `bundle_id`, `config_type`, 
`config_key`, `description`, `config_value`, `target`, `createdby`, `modifiedby` 
, `createdts`, `lastmodifiedts`, `synctimestamp`, `softdeleteflag`) VALUES ('39' 
, 'CL_CONFIG_BUNDLE', 'PREFERENCE', 'MORTGAGE_MIN_PROPERTY_VALUE', 
'Purchase price', '20,000', 'CLIENT', 'Kony dev', 'Kony dev', 
'2019-05-09 08:01:08', '2019-05-09 08:01:08', '2019-05-09 08:01:08', 0); 

REPLACE INTO `configurations` ( `configuration_id`, `bundle_id`, `config_type`, 
`config_key`, `description`, `config_value`, `target`, `createdby`, `modifiedby` 
, `createdts`, `lastmodifiedts`, `synctimestamp`, `softdeleteflag`) VALUES ('40' 
, 'CL_CONFIG_BUNDLE', 'PREFERENCE', 'MORTGAGE_MIN_ESTIMATED_LOAN', 
'Estimated loan', '20,000', 'CLIENT', 'Kony dev', 'Kony dev', 
'2019-05-09 08:01:09', '2019-05-09 08:01:09', '2019-05-09 08:01:09', 0); 

REPLACE INTO `configurations` ( `configuration_id`, `bundle_id`, `config_type`, 
`config_key`, `description`, `config_value`, `target`, `createdby`, `modifiedby` 
, `createdts`, `lastmodifiedts`, `synctimestamp`, `softdeleteflag`) VALUES ('41' 
, 'CL_CONFIG_BUNDLE', 'PREFERENCE', 'MAKE YEAR', 'Make year', '15', 'CLIENT', 
'Kony dev', 'Kony dev', '2019-05-09 08:01:09', '2019-05-09 08:01:09', 
'2019-05-09 08:01:09', 0); 

REPLACE INTO `configurations` ( `configuration_id`, `bundle_id`, `config_type`, 
`config_key`, `description`, `config_value`, `target`, `createdby`, `modifiedby` 
, `createdts`, `lastmodifiedts`, `synctimestamp`, `softdeleteflag`) VALUES ('42' 
, 'CL_CONFIG_BUNDLE', 'PREFERENCE', 'MORTGAGE_CONSENT_GENERAL', 
'MortgageConsent', '22000', 'CLIENT', 'Kony dev', 'Kony dev', 
'2019-05-09 08:01:09', '2019-05-09 08:01:09', '2019-05-09 08:01:09', 0); 

REPLACE INTO `configurations` ( `configuration_id`, `bundle_id`, `config_type`, 
`config_key`, `description`, `config_value`, `target`, `createdby`, `modifiedby` 
, `createdts`, `lastmodifiedts`, `synctimestamp`, `softdeleteflag`) VALUES ('43' 
, 'CL_CONFIG_BUNDLE', 'PREFERENCE', 'MORTGAGE_CONSENT_GENERAL1', 'MortgageTest', 
'1900', 'CLIENT', 'Kony dev', 'Kony dev', '2019-05-09 08:01:10', 
'2019-05-09 08:01:10', '2019-05-09 08:01:10', 0); 

REPLACE INTO `configurations` ( `configuration_id`, `bundle_id`, `config_type`, 
`config_key`, `description`, `config_value`, `target`, `createdby`, `modifiedby` 
, `createdts`, `lastmodifiedts`, `synctimestamp`, `softdeleteflag`) VALUES ('44' 
, 'CL_CONFIG_BUNDLE', 'PREFERENCE', 'PREF_LOANTYPE_APR_ALL', 'LoanTypeAPRs', 
'[\n  {\n    \"LoanType_id\": \"CREDIT_CARD\",\n    \"APRValue\": \"20\",\n    \"LoanProduct\": [\n      {\n        \"LoanProduct_id\": \"JUMBO_CREDIT_CARD\",\n        \"JUMBO_CREDIT_CARD\": \"12\",\n        \"APR\": \"11\",\n        \"LoanType_id\": \"CREDIT_CARD\"\n      },\n      {\n        \"LoanProduct_id\": \"MICRO_CREDIT_CARD\",\n        \"APR\": \"12\",\n        \"LoanType_id\": \"CREDIT_CARD\"\n      },\n      {\n        \"LoanProduct_id\": \"MINI_CREDIT_CARD\",\n        \"APR\": \"12\",\n        \"LoanType_id\": \"CREDIT_CARD\"\n      },\n      {\n        \"LoanProduct_id\": \"SPECIAL_CREDIT_CARD\",\n        \"APR\": \"12\",\n        \"LoanType_id\": \"CREDIT_CARD\"\n      }\n    ]\n  },\n  {\n    \"LoanType_id\": \"MORTGAGE_LOAN\",\n    \"APRValue\": \"25\",\n    \"LoanProduct\": [\n      {\n        \"LoanProduct_id\": \"HOME_MORTGAGE\",\n        \"APR\": \"11\",\n        \"LoanType_id\": \"MORTGAGE_LOAN\"\n      }\n    ]\n  },\n  {\n    \"LoanType_id\": \"PERSONAL_LOAN\",\n    \"APRValue\": \"30\",\n    \"LoanProduct\": [\n      {\n        \"LoanProduct_id\": \"JUMBO_PERSONAL_LOAN\",\n        \"APR\": \"12\",\n        \"LoanType_id\": \"PERSONAL_LOAN\"\n      }\n    ]\n  },\n  {\n    \"LoanType_id\": \"VEHICLE_LOAN\",\n    \"APRValue\": \"35\",\n    \"LoanProduct\": [\n      {\n        \"LoanProduct_id\": \"JUMBO_VEHICLE_LOAN\",\n        \"APR\": \"12\",\n        \"LoanType_id\": \"VEHICLE_LOAN\"\n      }\n    ]\n  }\n]'
, 'CLIENT', 'Kony dev', 'Kony dev', '2019-05-09 08:01:10', '2019-05-09 08:01:10' 
, '2019-05-09 08:01:10', 0); 

REPLACE INTO `configurations` ( `configuration_id`, `bundle_id`, `config_type`, 
`config_key`, `description`, `config_value`, `target`, `createdby`, `modifiedby` 
, `createdts`, `lastmodifiedts`, `synctimestamp`, `softdeleteflag`) VALUES ('45' 
, 'CL_CONFIG_BUNDLE', 'PREFERENCE', 'SIMULATION_DEFAULT_VALUES', ' ', 
'[\n  {\n    \"CreditScore\": \"Excellent (720 or Above)\",\n    \"LoanAmount\": \"30000\"\n  },\n  {\n    \"CreditScore\": \"Excellent (720 or Above)\",\n    \"LoanAmount\": \"30000\",\n    \"VehicleModelYear\": \"2019\",\n    \"VehicleType\": \"Vehicle\",\n    \"LoanPurpose\": \"Purchase a new vehicle\"\n  },\n  {\n    \"LoanPurpose\": \"Purchase\",\n    \"PurchasePrice\": \"30000\",\n    \"DownPayment\": \"5000\",\n    \"MortgageBalance\": \"50000\",\n    \"WorthToday\": \"40000\",\n    \"AreVeteran\": \"Yes\",\n    \"ZipCode\": \"10000\",\n    \"CreditScore\": \"Excellent (720 or Above)\"\n  }\n]'
, 'CLIENT', 'Kony dev', 'Kony dev', '2019-05-09 08:01:11', '2019-05-09 08:01:11' 
, '2019-05-09 08:01:11', 0); 

REPLACE INTO `configurations` ( `configuration_id`, `bundle_id`, `config_type`, 
`config_key`, `description`, `config_value`, `target`, `createdby`, `modifiedby` 
, `createdts`, `lastmodifiedts`, `synctimestamp`, `softdeleteflag`) VALUES ('46' 
, 'CL_CONFIG_BUNDLE', 'PREFERENCE', 'VEHICLE_MAX_LOAN_AMOUNT', 'LoanAmount', 
'100000', 'CLIENT', 'Kony dev', 'Kony dev', '2019-05-09 08:01:11', 
'2019-05-09 08:01:11', '2019-05-09 08:01:11', 0); 

REPLACE INTO `configurations` ( `configuration_id`, `bundle_id`, `config_type`, 
`config_key`, `description`, `config_value`, `target`, `createdby`, `modifiedby` 
, `createdts`, `lastmodifiedts`, `synctimestamp`, `softdeleteflag`) VALUES ('47' 
, 'CL_CONFIG_BUNDLE', 'PREFERENCE', 'VEHICLE_MIN_LOAN_AMOUNT', 'LoanAmount', 
'1000', 'CLIENT', 'Kony dev', 'Kony dev', '2019-05-09 08:01:12', 
'2019-05-09 08:01:12', '2019-05-09 08:01:12', 0); 

REPLACE INTO `configurations` ( `configuration_id`, `bundle_id`, `config_type`, 
`config_key`, `description`, `config_value`, `target`, `createdby`, `modifiedby` 
, `createdts`, `lastmodifiedts`, `synctimestamp`, `softdeleteflag`) VALUES ('48' 
, 'CL_CONFIG_BUNDLE', 'PREFERENCE', 'VEHICLE_MIN_LOAN_TERMS', 'LoanTerms', '12', 
'CLIENT', 'Kony dev', 'Kony dev', '2019-05-09 08:01:12', '2019-05-09 08:01:12', 
'2019-05-09 08:01:12', 0); 

REPLACE INTO `configurations` ( `configuration_id`, `bundle_id`, `config_type`, 
`config_key`, `description`, `config_value`, `target`, `createdby`, `modifiedby` 
, `createdts`, `lastmodifiedts`, `synctimestamp`, `softdeleteflag`) VALUES ('5', 
'CL_CONFIG_BUNDLE', 'PREFERENCE', 'CREDIT_CARD_MIN_LIMIT', 
'Minimum amount a credit card can be applied for', '5000', 'CLIENT', 'Kony dev', 
'Kony dev', '2019-03-21 10:59:35', '2019-03-21 10:59:35', '2019-03-21 10:59:35', 
0); 

REPLACE INTO `configurations` ( `configuration_id`, `bundle_id`, `config_type`, 
`config_key`, `description`, `config_value`, `target`, `createdby`, `modifiedby` 
, `createdts`, `lastmodifiedts`, `synctimestamp`, `softdeleteflag`) VALUES ('8', 
'CL_CONFIG_BUNDLE', 'PREFERENCE', 'PERSONAL_LOAN_MAX_AMOUNT', 'LoanAmount', 
'100000', 'CLIENT', 'Kony dev', 'Kony dev', '2019-05-09 08:00:01', 
'2019-05-09 08:00:01', '2019-05-09 08:00:01', 0); 

REPLACE INTO `configurations` ( `configuration_id`, `bundle_id`, `config_type`, 
`config_key`, `description`, `config_value`, `target`, `createdby`, `modifiedby` 
, `createdts`, `lastmodifiedts`, `synctimestamp`, `softdeleteflag`) VALUES ('9', 
'CL_CONFIG_BUNDLE', 'PREFERENCE', 'VEHICLE_MAX_LOAN_TERMS', 'LoanTerms', '200', 
'CLIENT', 'Kony dev', 'Kony dev', '2019-05-09 08:00:02', '2019-05-09 08:00:02', 
'2019-05-09 08:00:02', 0); 

REPLACE INTO `optiongroup` VALUES ('MORTGAGE_LIEN_TYPE','Dropdown for Lien Type',NULL,NULL,NULL,'2019-04-04 11:12:57','2019-04-04 11:12:57',0);

REPLACE INTO `optionitem` VALUES ('MORTGAGE_LIEN_TYPE_1','MORTGAGE_LIEN_TYPE',NULL,NULL,'First Lien',1,NULL,NULL,'2019-04-04 15:23:20','2019-04-04 15:23:20','2019-04-04 15:23:20',0);
REPLACE INTO `optionitem` VALUES ('MORTGAGE_LIEN_TYPE_2','MORTGAGE_LIEN_TYPE',NULL,NULL,'Subordinate Lien',2,NULL,NULL,'2018-04-04 15:23:20','2019-04-04 15:23:20','2019-04-04 15:23:20',0);

REPLACE INTO `configurations` (`configuration_id`, `bundle_id`, `config_type`, `config_key`, `description`, `config_value`, `target`, `createdby`, `modifiedby`) VALUES ('51', 'CL_CONFIG_BUNDLE', 'PREFERENCE', 'LOAN_OFFICERS_INFO', 'Loan Officers Master Data', '[{\"EmailId\": \"reichert_@gmail.com\",\"FirstName\": \"Asaka\",\"PhoneNo\": 2147483647,\"EmpNo\": \"1\",\"id\": \"1\",\"AddressLine\":\"17 Orn Expressway Apt.926\",\"City\":\"Austin\",\"State\":\"Texas\",\"Country\":\"US\",\"LastName\": \"Chimako\"},{\"EmailId\": \"marysa.labrone@gmail.com\",\"FirstName\": \"Marysa\",\"PhoneNo\": 2147483647,\"EmpNo\": \"2\",\"id\": \"2\",\"AddressLine\":\"17 Orn Expressway Apt.931\",\"City\":\"Austin\",\"State\":\"Texas\",\"Country\":\"US\",\"LastName\": \"Labrone\"},{\"EmailId\": \"izabella.tabakova@gmail.com\",\"FirstName\": \"Izabella\",\"PhoneNo\": 2147483647,\"EmpNo\": \"3\",\"id\": \"3\",\"AddressLine\":\"17 Orn Expressway Apt.930\",\"City\":\"Austin\",\"State\":\"Texas\",\"Country\":\"US\",\"LastName\": \"Tabakova\"},{\"EmailId\": \"mbe.tshinguta@gmail.com\",\"FirstName\": \"Mbe\",\"PhoneNo\": 2147483647,\"EmpNo\": \"4\",\"id\": \"4\",\"AddressLine\":\"17 Orn Expressway Apt.929\",\"City\":\"Austin\",\"State\":\"Texas\",\"Country\":\"US\",\"LastName\": \"Tshinguta\"},{\"EmailId\": \"jube.bowman@kony.com\",\"FirstName\": \"Jube\",\"AddressLine\": \"\",\"PhoneNo\": 2147483647,\"State\": \"Texas\",\"EmpNo\": \"5\",\"id\": \"5\",\"AddressLine\":\"17 Orn Expressway Apt.928\",\"City\":\"Austin\",\"State\":\"Texas\",\"Country\":\"US\",\"LastName\": \"Bowman\"},{\"EmailId\": \"Monica.Ribeiro@gmail.com\",\"FirstName\": \"Monica\",\"PhoneNo\": 2147483647,\"EmpNo\": \"6\",\"id\": \"6\",\"AddressLine\":\"17 Orn Expressway Apt.927\",\"City\":\"Austin\",\"State\":\"Texas\",\"Country\":\"US\",\"LastName\": \"Ribeiro\"},{\"EmailId\": \"izabella1.tabakova@gmail.com\",\"FirstName\": \"Izabella\",\"PhoneNo\": 2147483647,\"EmpNo\": \"7\",\"id\": \"7\",\"AddressLine\":\"17 Orn Expressway Apt.931\",\"City\":\"Austin\",\"State\":\"Texas\",\"Country\":\"US\",\"LastName\": \"Tabakova\"},{\"EmailId\": \"mbe1.tshinguta@gmail.com\",\"FirstName\": \"Mbe\",\"PhoneNo\": 2147483647,\"EmpNo\": \"8\",\"id\": \"8\",\"AddressLine\":\"17 Orn Expressway Apt.932\",\"City\":\"Austin\",\"State\":\"Texas\",\"Country\":\"US\",\"LastName\": \"Tshinguta\"},{\"EmailId\": \"jube.bowman22@kony.com\",\"FirstName\": \"Jube\",\"AddressLine\": \"\",\"PhoneNo\": 2147483647,\"State\": \"Texas\",\"EmpNo\": \"9\",\"id\": \"9\",\"AddressLine\":\"17 Orn Expressway Apt.935\",\"City\":\"Austin\",\"State\":\"Texas\",\"Country\":\"US\",\"LastName\": \"Bowman\"},{\"EmailId\": \"Monica7.Ribeiro@gmail.com\",\"FirstName\": \"Monica\",\"PhoneNo\": 2147483647,\"EmpNo\": \"10\",\"id\": \"10\",\"AddressLine\":\"17 Orn Expressway Apt.937\",\"City\":\"Austin\",\"State\":\"Texas\",\"Country\":\"US\",\"LastName\": \"Ribeiro\"}]', 'CLIENT', 'Kony dev', 'Kony dev');

UPDATE `querysectionquestion` SET `abstractName` = 'HasLoanOfficer' WHERE (`id` = 'MA_WORKINGWITHLOANOFFICER');

REPLACE INTO `configurations` (`configuration_id`, `bundle_id`, `config_type`, `config_key`, `description`, `config_value`, `target`, `createdby`, `modifiedby`) VALUES ('50', 'CL_CONFIG_BUNDLE', 'PREFERENCE', 'OTHER_INCOMES_MAX_COUNT', 'Max no. of other sources of incomes a customer can add.', '99', 'CLIENT', 'Kony dev', 'Kony dev');

REPLACE INTO `querysectionquestion` (`id`, `QueryDefinition_id`, `QuerySection_id`, `QuestionDefinition_id`, `ParentQuestionOptionValue`, `abstractName`, `ParentQuerySectionQuestion_AbstractName`) VALUES ('MA_CURRRETIRED_DISCHARG_SEPERATED', 'MORTGAGE_APPLICATION', 'MORTGAGE_INFO_APPLICANT', 'MORTGAGE_CURRRETIRED_DISCHARG_SEPERATED', 'No', 'CurrRetiredorDischargedorSeprated', 'Curr_OnService');

REPLACE INTO `questiondefinition` (`id`, `QueryDefinition_id`, `DataType_id`, `OptionGroup_id`) VALUES ('MORTGAGE_CURRRETIRED_DISCHARG_SEPERATED', 'MORTGAGE_APPLICATION', 'SINGLE_SELECT', 'CHALLENGE');

REPLACE INTO `querysectionquestion` (`id`, `QueryDefinition_id`, `QuerySection_id`, `QuestionDefinition_id`, `abstractName`) VALUES ('MA_ISMAILINGADD_CHKBOX', 'MORTGAGE_APPLICATION', 'MORTGAGE_INFO_APPLICANT', 'MORTGAGE_ISMAILINGADD_CHKBOX', 'IsMailingAddCheckbox');

REPLACE INTO `questiondefinition` (`id`, `QueryDefinition_id`, `DataType_id`, `OptionGroup_id`) VALUES ('MORTGAGE_ISMAILINGADD_CHKBOX', 'MORTGAGE_APPLICATION', 'SINGLE_SELECT', 'CHALLENGE');

REPLACE INTO `configurations` (`configuration_id`, `bundle_id`, `config_type`, `config_key`, `description`, `config_value`, `target`, `createdby`, `modifiedby`, `createdts`, `lastmodifiedts`, `synctimestamp`, `softdeleteflag`) VALUES ('49', 'CL_CONFIG_BUNDLE', 'PREFERENCE', 'NUMBER_OF_HOURS_IN_WEEK', 'Number of hours in a week', '168', 'CLIENT', 'Kony dev', 'Kony dev', '2019-05-09 08:00:02', '2019-05-09 08:00:02', '2019-05-09 08:00:02', '0');

UPDATE `configurationbundles` SET `bundle_name`='Loans' WHERE `bundle_id`='CL_CONFIG_BUNDLE';

UPDATE `loansconfigurations` SET `config_value`='[\n	{\n		\"CreditScore\" : \"Excellent (720 or Above)\",\n		\"LoanAmount\" : \"30000\"\n	},\n	{\n		\"CreditScore\" : \"Excellent (720 or Above)\",\n		\"LoanAmount\" : \"30000\",\n		\"LoanPurpose\" : \"Purchase a new vehicle\",\n		\"VehicleModelYear\" : \"2019\",\n		\"VehicleType\" : \"Vehicle\"\n	},\n	{\n		\"AreVeteran\" : \"No\",\n		\"CreditScore\" : \"Excellent (720 or Above)\",\n		\"DownPayment\" : \"50000$\",\n		\"LoanPurpose\" : \"Purchase\",\n		\"PurchasePrice\" : \"300000\",\n		\"ZipCode\" : \"12345\"\n	}\n]' WHERE `bundle_id`='6';

REPLACE INTO `optionmetadata` (`LoanType_id`, `OptionGroup_id`, `FieldIdentifier`, `Section_id`) VALUES ('MORTGAGE_LOAN', 'MORTGAGE_ACCOUNT_TYPE', 'AccountType', 'LiabilitiesAndExpenses');
REPLACE INTO `optionmetadata` (`LoanType_id`, `OptionGroup_id`, `FieldIdentifier`, `Section_id`) VALUES ('MORTGAGE_LOAN', 'MORTGAGE_EXPENSES_TYPE', 'ExpenseType', 'LiabilitiesAndExpenses');
REPLACE INTO `optionmetadata` (`LoanType_id`, `OptionGroup_id`, `FieldIdentifier`, `Section_id`) VALUES ('MORTGAGE_LOAN', 'CHALLENGE', 'HasExpenses', 'LiabilitiesAndExpenses');
REPLACE INTO `optionmetadata` (`LoanType_id`, `OptionGroup_id`, `FieldIdentifier`, `Section_id`) VALUES ('MORTGAGE_LOAN', 'CHALLENGE', 'HasLiabilities', 'LiabilitiesAndExpenses');
REPLACE INTO `optionmetadata` (`LoanType_id`, `OptionGroup_id`, `FieldIdentifier`, `Section_id`) VALUES ('MORTGAGE_LOAN', 'CHALLENGE', 'IsPaidOff', 'LiabilitiesAndExpenses');

REPLACE INTO `optionitem` (`id`, `OptionGroup_id`, `DefaultValue`, `Sequence`) VALUES ('PAY_PERIOD_MA_SELECT_3', 'PAY_PERIOD_MORTGAGE_SELECT_OTHER', 'Bi-weekly', '3');
REPLACE INTO `optionitem` (`id`, `OptionGroup_id`, `DefaultValue`, `Sequence`) VALUES ('PAY_PERIOD_MA_SELECT_4', 'PAY_PERIOD_MORTGAGE_SELECT_OTHER', 'Hourly', '4');
REPLACE INTO `optionmetadata` (`LoanType_id`, `OptionGroup_id`, `FieldIdentifier`, `Section_id`) VALUES ('MORTGAGE_LOAN', 'CHALLENGE', 'HasOtherSourcesOfIncome', 'Income');
REPLACE INTO `optionmetadata` (`LoanType_id`, `OptionGroup_id`, `FieldIdentifier`, `Section_id`) VALUES ('MORTGAGE_LOAN', 'MORTGAGE_INCOME_OTHER_SOURCES_SELECT', 'OtherIncomeSources', 'Income');
REPLACE INTO `optionmetadata` (`LoanType_id`, `OptionGroup_id`, `FieldIdentifier`, `Section_id`) VALUES ('MORTGAGE_LOAN', 'PAY_PERIOD_MORTGAGE_SELECT_OTHER', 'PayPeriodOtherSource', 'Income');

REPLACE INTO `optionmetadata` (`id`, `LoanType_id`, `OptionGroup_id`, `FieldIdentifier`, `Section_id`) VALUES ('21', 'MORTGAGE_LOAN', 'COAPPLICANT_APPLY_MORTGAGE_CHALLENGE', 'LoanApplicationType', 'CoApplicantAndAgentInfo');
REPLACE INTO `optionmetadata` (`id`, `LoanType_id`, `OptionGroup_id`, `FieldIdentifier`, `Section_id`) VALUES ('22', 'MORTGAGE_LOAN', 'COAPPLICANT_APPLY_CREDIT_CHALLENGE', 'LoanCreditType', 'CoApplicantAndAgentInfo');
REPLACE INTO `optionmetadata` (`id`, `LoanType_id`, `OptionGroup_id`, `FieldIdentifier`, `Section_id`) VALUES ('23', 'MORTGAGE_LOAN', 'COAPPLICANT_INVITE_CHALLENGE', 'LoanInviteType', 'CoApplicantAndAgentInfo');

REPLACE INTO `optionmetadata` (`LoanType_id`, `OptionGroup_id`, `FieldIdentifier`, `Section_id`) VALUES ('MORTGAGE_LOAN', 'CHALLENGE', 'IsPrimaryResident', 'LegalDeclarations');
REPLACE INTO `optionmetadata` (`LoanType_id`, `OptionGroup_id`, `FieldIdentifier`, `Section_id`) VALUES ('MORTGAGE_LOAN', 'CHALLENGE', 'HasRelationshipWithSeller', 'LegalDeclarations');
REPLACE INTO `optionmetadata` (`LoanType_id`, `OptionGroup_id`, `FieldIdentifier`, `Section_id`) VALUES ('MORTGAGE_LOAN', 'CHALLENGE', 'IsBorrowingMoney', 'LegalDeclarations');
REPLACE INTO `optionmetadata` (`LoanType_id`, `OptionGroup_id`, `FieldIdentifier`, `Section_id`) VALUES ('MORTGAGE_LOAN', 'CHALLENGE', 'HasAnyOtherMortgageLoan', 'LegalDeclarations');
REPLACE INTO `optionmetadata` (`LoanType_id`, `OptionGroup_id`, `FieldIdentifier`, `Section_id`) VALUES ('MORTGAGE_LOAN', 'CHALLENGE', 'HasNewCredit', 'LegalDeclarations');
REPLACE INTO `optionmetadata` (`LoanType_id`, `OptionGroup_id`, `FieldIdentifier`, `Section_id`) VALUES ('MORTGAGE_LOAN', 'CHALLENGE', 'HasPropertyLien', 'LegalDeclarations');
REPLACE INTO `optionmetadata` (`LoanType_id`, `OptionGroup_id`, `FieldIdentifier`, `Section_id`) VALUES ('MORTGAGE_LOAN', 'CHALLENGE', 'IsGuarantorOfAnyLoan', 'LegalDeclarations');
REPLACE INTO `optionmetadata` (`LoanType_id`, `OptionGroup_id`, `FieldIdentifier`, `Section_id`) VALUES ('MORTGAGE_LOAN', 'CHALLENGE', 'HasOutsandingJudgements', 'LegalDeclarations');
REPLACE INTO `optionmetadata` (`LoanType_id`, `OptionGroup_id`, `FieldIdentifier`, `Section_id`) VALUES ('MORTGAGE_LOAN', 'CHALLENGE', 'HasFinancialLiability', 'LegalDeclarations');
REPLACE INTO `optionmetadata` (`LoanType_id`, `OptionGroup_id`, `FieldIdentifier`, `Section_id`) VALUES ('MORTGAGE_LOAN', 'CHALLENGE', 'IsDelinquent', 'LegalDeclarations');
REPLACE INTO `optionmetadata` (`LoanType_id`, `OptionGroup_id`, `FieldIdentifier`, `Section_id`) VALUES ('MORTGAGE_LOAN', 'CHALLENGE', 'HasForeclosureInPast', 'LegalDeclarations');
REPLACE INTO `optionmetadata` (`LoanType_id`, `OptionGroup_id`, `FieldIdentifier`, `Section_id`) VALUES ('MORTGAGE_LOAN', 'CHALLENGE', 'HasPreForeclosureSale', 'LegalDeclarations');
REPLACE INTO `optionmetadata` (`LoanType_id`, `OptionGroup_id`, `FieldIdentifier`, `Section_id`) VALUES ('MORTGAGE_LOAN', 'CHALLENGE', 'HasPropertyForeclosedInPast', 'LegalDeclarations');
REPLACE INTO `optionmetadata` (`LoanType_id`, `OptionGroup_id`, `FieldIdentifier`, `Section_id`) VALUES ('MORTGAGE_LOAN', 'CHALLENGE', 'HasDeclaredBankruptcyInPast', 'LegalDeclarations');
REPLACE INTO `optionmetadata` (`LoanType_id`, `OptionGroup_id`, `FieldIdentifier`, `Section_id`) VALUES ('MORTGAGE_LOAN', 'MORTGAGE_TYPE_OF_PROPERTY', 'TypeOfProperty', 'LegalDeclarations');
REPLACE INTO `optionmetadata` (`LoanType_id`, `OptionGroup_id`, `FieldIdentifier`, `Section_id`) VALUES ('MORTGAGE_LOAN', 'MORTGAGE_TITLE_OF_PROPERTY', 'TitleOfProperty', 'LegalDeclarations');
REPLACE INTO `optionmetadata` (`LoanType_id`, `OptionGroup_id`, `FieldIdentifier`, `Section_id`) VALUES ('MORTGAGE_LOAN', 'MORTGAGE_BANKRUPTCY_TYPES', 'BankruptcyType', 'LegalDeclarations');

REPLACE INTO `optionmetadata` (`LoanType_id`, `OptionGroup_id`, `FieldIdentifier`, `Section_id`) VALUES ('MORTGAGE_LOAN', 'SUFFIX_TYPE_SELECT', 'Suffix', 'ApplicantPersonalInfo');
REPLACE INTO `optionmetadata` (`LoanType_id`, `OptionGroup_id`, `FieldIdentifier`, `Section_id`) VALUES ('MORTGAGE_LOAN', 'CITIZENSHIP_TYPE_SELECT', 'CitizenshipStatus', 'ApplicantPersonalInfo');
REPLACE INTO `optionmetadata` (`LoanType_id`, `OptionGroup_id`, `FieldIdentifier`, `Section_id`) VALUES ('MORTGAGE_LOAN', 'MARITAL_STATUS_SELECT', 'MaritalStatus', 'ApplicantPersonalInfo');
REPLACE INTO `optionmetadata` (`LoanType_id`, `OptionGroup_id`, `FieldIdentifier`, `Section_id`) VALUES ('MORTGAGE_LOAN', 'DEPENDENTS_TYPE_SELECT', 'NoOfDependents', 'ApplicantPersonalInfo');
REPLACE INTO `optionmetadata` (`LoanType_id`, `OptionGroup_id`, `FieldIdentifier`, `Section_id`) VALUES ('MORTGAGE_LOAN', 'CURRENT_ADDRESS_DURATION_SELECT', 'CurrentAddressDuration', 'ApplicantPersonalInfo');
REPLACE INTO `optionmetadata` (`LoanType_id`, `OptionGroup_id`, `FieldIdentifier`, `Section_id`) VALUES ('MORTGAGE_LOAN', 'PRIMARY_CONTACTTYPE_SELECT', 'PrimaryContact', 'ApplicantPersonalInfo');
REPLACE INTO `optionmetadata` (`LoanType_id`, `OptionGroup_id`, `FieldIdentifier`, `Section_id`) VALUES ('MORTGAGE_LOAN', 'OCCUPY_TYPE_CURR_ADD_SELECT', 'CurrentAddressType', 'ApplicantPersonalInfo');
REPLACE INTO `optionmetadata` (`LoanType_id`, `OptionGroup_id`, `FieldIdentifier`, `Section_id`) VALUES ('MORTGAGE_LOAN', 'CHALLENGE', 'IsUSArmedForce', 'ApplicantPersonalInfo');
REPLACE INTO `optionmetadata` (`LoanType_id`, `OptionGroup_id`, `FieldIdentifier`, `Section_id`) VALUES ('MORTGAGE_LOAN', 'CHALLENGE', 'IsCurrOnService', 'ApplicantPersonalInfo');
REPLACE INTO `optionmetadata` (`LoanType_id`, `OptionGroup_id`, `FieldIdentifier`, `Section_id`) VALUES ('MORTGAGE_LOAN', 'CHALLENGE', 'IsCurrOnServiceDOS', 'ApplicantPersonalInfo');
REPLACE INTO `optionmetadata` (`LoanType_id`, `OptionGroup_id`, `FieldIdentifier`, `Section_id`) VALUES ('MORTGAGE_LOAN', 'CHALLENGE', 'IsSurvivingSpouse', 'ApplicantPersonalInfo');
REPLACE INTO `optionmetadata` (`LoanType_id`, `OptionGroup_id`, `FieldIdentifier`, `Section_id`) VALUES ('MORTGAGE_LOAN', 'CHALLENGE', 'IsNonActiveMemResorNationalGaurd', 'ApplicantPersonalInfo');

UPDATE `optionitem` SET `Label`='Note: Only your income will be considered while evaluating your application' WHERE `id`='COAPPLICANT_INVITE_MORTGAGE_CHALLENGE_SELECT_1';
UPDATE `optionitem` SET `Label`='Note: Someone whose income you\'d like to consider while evaluating your applciation and will be jointly resposible for the loan' WHERE `id`='COAPPLICANT_INVITE_MORTGAGE_CHALLENGE_SELECT_2';
UPDATE `optionitem` SET `Label`='Note: For the borrowers who have joint assets, liabilities and/or real estate information' WHERE `id`='COAPPLICANT_APPLY_CREDIT_CHALLENGE_SELECT_1';
UPDATE `optionitem` SET `Label`='Note: For the borrowers who do not have joint assets, liabilities and/or real estate information, but wish to combine their information on the mortgage application' WHERE `id`='COAPPLICANT_APPLY_CREDIT_CHALLENGE_SELECT_2';
UPDATE `optionitem` SET `Label`='Note: By selecting this, main applicant can invite the co-applicant and ask the co-applicant to provide details required in the application' WHERE `id`='COAPPLICANT_INVITE_CHALLENGE_SELECT_1';
UPDATE `optionitem` SET `Label`='Note: By selecting this, main applicant has to provide all the details of the co-applicant' WHERE `id`='COAPPLICANT_INVITE_CHALLENGE_SELECT_2';
UPDATE `optionitem` SET `Sequence`='1' WHERE `id`='COAPPLICANT_INVITE_CHALLENGE_SELECT_1';
UPDATE `optionitem` SET `Sequence`='2' WHERE `id`='COAPPLICANT_INVITE_CHALLENGE_SELECT_2';

REPLACE INTO `configurations` (`configuration_id`, `bundle_id`, `config_type`, `config_key`, `description`, `config_value`, `target`,`createdby`,`modifiedby`) VALUES ('CL_MAXRECORDS_JSON', 'CL_CONFIG_BUNDLE', 'PREFERENCE', 'CL_OBJECTS_MAXRECORDS_JSON', 'Max records for CL Multiple Answers objects like Liabilities, Assets, etc', '{"LiabilitiesResponse": 99,"ExpensesResponse": 20,"OtherIncomesResponse": 99,"GiftsAndGrantsResponse": 99,"OtherAssetsResponse": 99,"RealEstatesResponse": 99,"BankAccountsResponse": 99,"AdditionalMortgageResponse": 10,"AdditionalEmploymentsResponse":9}', 'SERVER','LogeshR','LogeshR');


UPDATE `querysectionquestion` SET `abstractName` = 'HasLoanOfficer' WHERE (`id` = 'MA_WORKINGWITHLOANOFFICER');

REPLACE INTO `optionmetadata` (`LoanType_id`, `OptionGroup_id`, `FieldIdentifier`, `Section_id`) VALUES ('MORTGAGE_LOAN', 'CHALLENGE', 'HasLoanOfficer', 'LoanOfficerSelection');
REPLACE INTO `optionmetadata` (`LoanType_id`, `OptionGroup_id`, `FieldIdentifier`, `Section_id`) VALUES ('MORTGAGE_LOAN', 'CHALLENGE', 'HasIdentifiedHomeToPurchase', 'Loan&PropertyInfo');
REPLACE INTO `optionmetadata` (`LoanType_id`, `OptionGroup_id`, `FieldIdentifier`, `Section_id`) VALUES ('MORTGAGE_LOAN', 'CHALLENGE', 'IsMixedUseProperty', 'Loan&PropertyInfo');
REPLACE INTO `optionmetadata` (`LoanType_id`, `OptionGroup_id`, `FieldIdentifier`, `Section_id`) VALUES ('MORTGAGE_LOAN', 'CHALLENGE', 'HasAgent', 'Loan&PropertyInfo');
REPLACE INTO `optionmetadata` (`LoanType_id`, `OptionGroup_id`, `FieldIdentifier`, `Section_id`) VALUES ('MORTGAGE_LOAN', 'CHALLENGE', 'HasAdditionalMortgage', 'Loan&PropertyInfo');
REPLACE INTO `optionmetadata` (`LoanType_id`, `OptionGroup_id`, `FieldIdentifier`, `Section_id`) VALUES ('MORTGAGE_LOAN', 'MORTGAGE_REFINANCE_TYPE', 'RefinanceType', 'Loan&PropertyInfo');
REPLACE INTO `optionmetadata` (`LoanType_id`, `OptionGroup_id`, `FieldIdentifier`, `Section_id`) VALUES ('MORTGAGE_LOAN', 'MORTGAGE_LOAN_PROPERTY_TYPE', 'PropertyType', 'Loan&PropertyInfo');
REPLACE INTO `optionmetadata` (`LoanType_id`, `OptionGroup_id`, `FieldIdentifier`, `Section_id`) VALUES ('MORTGAGE_LOAN', 'MORTGAGE_LOAN_OCCUPANCY', 'PropertyUsage', 'Loan&PropertyInfo');
REPLACE INTO `optionmetadata` (`LoanType_id`, `OptionGroup_id`, `FieldIdentifier`, `Section_id`) VALUES ('MORTGAGE_LOAN', 'MORTGAGE_PURCHASE_PLAN', 'PurchasePlan', 'Loan&PropertyInfo');
REPLACE INTO `optionmetadata` (`LoanType_id`, `OptionGroup_id`, `FieldIdentifier`, `Section_id`) VALUES ('MORTGAGE_LOAN', 'MORTGAGE_LOAN_PURPOSE', 'LoanPurpose', 'Loan&PropertyInfo');
REPLACE INTO `optionmetadata` (`LoanType_id`, `OptionGroup_id`, `FieldIdentifier`, `Section_id`) VALUES ('MORTGAGE_LOAN', 'MORTGAGE_LIEN_TYPE', 'LienType', 'Loan&PropertyInfo');
REPLACE INTO `optionmetadata` (`LoanType_id`, `OptionGroup_id`, `FieldIdentifier`, `Section_id`, `createdts`, `lastmodifiedts`, `synctimestamp`, `softdeleteflag`) VALUES ('MORTGAGE_LOAN', 'GENDER_CHALLENGE', 'Gender', 'Demographics', '2019-06-06 11:38:16', '2019-06-06 11:38:16', '2019-06-06 11:38:16', '0');

REPLACE INTO `optiongroup` (`id`, `Name`) VALUES ('PAY_PERIOD_MORTGAGE_INCOME_HOURLY_SELECT', 'Choice for pay period with yearly,monthly,bi-weekly,hourly option');
REPLACE INTO `optionitem` (`id`, `OptionGroup_id`, `DefaultValue`, `Sequence`) VALUES ('MORTGAGE_INCOME_PAYPERIOD_1', 'PAY_PERIOD_MORTGAGE_INCOME_HOURLY_SELECT', 'Yearly', '1');
REPLACE INTO `optionitem` (`id`, `OptionGroup_id`, `DefaultValue`, `Sequence`) VALUES ('MORTGAGE_INCOME_PAYPERIOD_2', 'PAY_PERIOD_MORTGAGE_INCOME_HOURLY_SELECT', 'Monthly', '2');
REPLACE INTO `optionitem` (`id`, `OptionGroup_id`, `DefaultValue`, `Sequence`) VALUES ('MORTGAGE_INCOME_PAYPERIOD_3', 'PAY_PERIOD_MORTGAGE_INCOME_HOURLY_SELECT', 'Bi-Weekly', '3');
REPLACE INTO `optionitem` (`id`, `OptionGroup_id`, `DefaultValue`, `Sequence`) VALUES ('MORTGAGE_INCOME_PAYPERIOD_4', 'PAY_PERIOD_MORTGAGE_INCOME_HOURLY_SELECT', 'Hourly', '4');

REPLACE INTO `optionmetadata` (`LoanType_id`, `OptionGroup_id`, `FieldIdentifier`, `Section_id`) VALUES ('MORTGAGE_LOAN', 'EMPLOYMENT_TYPE_SELECT', 'EmploymentType', 'Income');

REPLACE INTO `optionmetadata` (`LoanType_id`, `OptionGroup_id`, `FieldIdentifier`, `Section_id`) VALUES ('MORTGAGE_LOAN', 'CHALLENGE', 'HasEmployment', 'Income');

REPLACE INTO `optionmetadata` (`LoanType_id`, `OptionGroup_id`, `FieldIdentifier`, `Section_id`) VALUES ('MORTGAGE_LOAN', 'CHALLENGE', 'ProvideEmploymentDetails', 'Income');

REPLACE INTO `optionmetadata` (`LoanType_id`, `OptionGroup_id`, `FieldIdentifier`, `Section_id`) VALUES ('MORTGAGE_LOAN', 'SELFEMPLOYED_OWNERSHIP_SHARE', 'OwnershipShare', 'Income');

REPLACE INTO `optionmetadata` (`LoanType_id`, `OptionGroup_id`, `FieldIdentifier`, `Section_id`) VALUES ('MORTGAGE_LOAN', 'PAY_PERIOD_MORTGAGE_INCOME_HOURLY_SELECT', 'BasePayPeriod', 'Income');

REPLACE INTO `optionmetadata` (`LoanType_id`, `OptionGroup_id`, `FieldIdentifier`, `Section_id`) VALUES ('MORTGAGE_LOAN', 'PAYPERIOD_TYPE_BONUS', 'BonusPayPeriod', 'Income');

REPLACE INTO `optionmetadata` (`LoanType_id`, `OptionGroup_id`, `FieldIdentifier`, `Section_id`) VALUES ('MORTGAGE_LOAN', 'PAYPERIOD_TYPE_BONUS', 'CommissionPayPeriod', 'Income');

REPLACE INTO `optionmetadata` (`LoanType_id`, `OptionGroup_id`, `FieldIdentifier`, `Section_id`) VALUES ('MORTGAGE_LOAN', 'PAYPERIOD_TYPE_MILITARY_MORTGAGE', 'MilitaryEntitlementsPayPeriod', 'Income');

REPLACE INTO `optionmetadata` (`LoanType_id`, `OptionGroup_id`, `FieldIdentifier`, `Section_id`) VALUES ('MORTGAGE_LOAN', 'PAY_PERIOD_MORTGAGE_INCOME_HOURLY_SELECT', 'OverTimePayPeriod', 'Income');

REPLACE INTO `optionmetadata` (`LoanType_id`, `OptionGroup_id`, `FieldIdentifier`, `Section_id`) VALUES ('MORTGAGE_LOAN', 'PAYPERIOD_TYPE_OTHER', 'OthersPayPeriod', 'Income');

REPLACE INTO `optionmetadata` (`LoanType_id`, `OptionGroup_id`, `FieldIdentifier`, `Section_id`) VALUES ('MORTGAGE_LOAN', 'MORTGAGE_PREV_EMPLOYMENT_SELECT', 'PreviousEmploymentType', 'Income');

REPLACE INTO `configurations` (`configuration_id`, `bundle_id`, `config_type`, `config_key`, `description`, `config_value`, `target`, `createdby`, `modifiedby`, `createdts`, `lastmodifiedts`, `synctimestamp`, `softdeleteflag`) VALUES ('54', 'CL_CONFIG_BUNDLE', 'PREFERENCE', 'MORTGAGE_PURCHASE_MAX_AMOUNT', 'Mortgage Purchase Max Amount', '10000000', 'CLIENT', 'Moulika', 'Moulika', '2019-06-10 14:07:11', '2019-06-10 14:07:11', '2019-06-10 14:07:11', '0');
REPLACE INTO `configurations` (`configuration_id`, `bundle_id`, `config_type`, `config_key`, `description`, `config_value`, `target`, `createdby`, `modifiedby`, `createdts`, `lastmodifiedts`, `synctimestamp`, `softdeleteflag`) VALUES ('55', 'CL_CONFIG_BUNDLE', 'PREFERENCE', 'MORTGAGE_PURCHASE_MIN_AMOUNT', 'Mortgage Purchase Min Amount', '1000', 'CLIENT', 'Moulika', 'Moulika', '2019-06-10 14:07:11', '2019-06-10 14:07:11', '2019-06-10 14:07:11', '0');
REPLACE INTO `configurations` (`configuration_id`, `bundle_id`, `config_type`, `config_key`, `description`, `config_value`, `target`, `createdby`, `modifiedby`, `createdts`, `lastmodifiedts`, `synctimestamp`, `softdeleteflag`) VALUES ('56', 'CL_CONFIG_BUNDLE', 'PREFERENCE', 'MORTGAGE_DOWNPAYMENT_MAX_AMOUNT', 'Mortgage DownPayment Max Amount', '9000000', 'CLIENT', 'Moulika', 'Moulika', '2019-06-10 14:07:11', '2019-06-10 14:07:11', '2019-06-10 14:07:11', '0');
REPLACE INTO `configurations` (`configuration_id`, `bundle_id`, `config_type`, `config_key`, `description`, `config_value`, `target`, `createdby`, `modifiedby`, `createdts`, `lastmodifiedts`, `synctimestamp`, `softdeleteflag`) VALUES ('57', 'CL_CONFIG_BUNDLE', 'PREFERENCE', 'MORTGAGE_DOWNPAYMENT_MIN_AMOUNT', 'Mortgage DownPayment Max Amount', '1000', 'CLIENT', 'Moulika', 'Moulika', '2019-06-10 14:07:11', '2019-06-10 14:07:11', '2019-06-10 14:07:11', '0');
REPLACE INTO `configurations` (`configuration_id`, `bundle_id`, `config_type`, `config_key`, `description`, `config_value`, `target`, `createdby`, `modifiedby`, `createdts`, `lastmodifiedts`, `synctimestamp`, `softdeleteflag`) VALUES ('58', 'CL_CONFIG_BUNDLE', 'PREFERENCE', 'MORTGAGE_BALANCE_MAX_AMOUNT', 'Mortgage Balance Max Amount', '10000000', 'CLIENT', 'Moulika', 'Moulika', '2019-06-10 14:07:11', '2019-06-10 14:07:11', '2019-06-10 14:07:11', '0');
REPLACE INTO `configurations` (`configuration_id`, `bundle_id`, `config_type`, `config_key`, `description`, `config_value`, `target`, `createdby`, `modifiedby`, `createdts`, `lastmodifiedts`, `synctimestamp`, `softdeleteflag`) VALUES ('59', 'CL_CONFIG_BUNDLE', 'PREFERENCE', 'MORTGAGE_BALANCE_MIN_AMOUNT', 'Mortgage Balance Min Amount', '1000', 'CLIENT', 'Moulika', 'Moulika', '2019-06-10 14:07:11', '2019-06-10 14:07:11', '2019-06-10 14:07:11', '0');
REPLACE INTO `configurations` (`configuration_id`, `bundle_id`, `config_type`, `config_key`, `description`, `config_value`, `target`, `createdby`, `modifiedby`, `createdts`, `lastmodifiedts`, `synctimestamp`, `softdeleteflag`) VALUES ('60', 'CL_CONFIG_BUNDLE', 'PREFERENCE', 'MORTGAGE_WORTH_MAX_AMOUNT', 'Mortgage Worth Max Amount', '10000000', 'CLIENT', 'Moulika', 'Moulika', '2019-06-10 14:07:11', '2019-06-10 14:07:11', '2019-06-10 14:07:11', '0');
REPLACE INTO `configurations` (`configuration_id`, `bundle_id`, `config_type`, `config_key`, `description`, `config_value`, `target`, `createdby`, `modifiedby`, `createdts`, `lastmodifiedts`, `synctimestamp`, `softdeleteflag`) VALUES ('61', 'CL_CONFIG_BUNDLE', 'PREFERENCE', 'MORTGAGE_WORTH_MIN_AMOUNT', 'Mortgage Worth Min Amount', '1000', 'CLIENT', 'Moulika', 'Moulika', '2019-06-10 14:07:11', '2019-06-10 14:07:11', '2019-06-10 14:07:11', '0');
REPLACE INTO `configurations` (`configuration_id`, `bundle_id`, `config_type`, `config_key`, `description`, `config_value`, `target`, `createdby`, `modifiedby`, `createdts`, `lastmodifiedts`, `synctimestamp`, `softdeleteflag`) VALUES ('62', 'CL_CONFIG_BUNDLE', 'PREFERENCE', 'MORTGAGE_PURCHASE_STEP_AMOUNT', 'Mortgage Purchase Step Amount', '10000', 'CLIENT', 'Moulika', 'Moulika', '2019-06-10 14:07:11', '2019-06-10 14:07:11', '2019-06-10 14:07:11', '0');
REPLACE INTO `configurations` (`configuration_id`, `bundle_id`, `config_type`, `config_key`, `description`, `config_value`, `target`, `createdby`, `modifiedby`, `createdts`, `lastmodifiedts`, `synctimestamp`, `softdeleteflag`) VALUES ('63', 'CL_CONFIG_BUNDLE', 'PREFERENCE', 'MORTGAGE_DOWNPAYMENT_STEP_AMOUNT', 'Mortgage DownPayment Step Amount', '10000', 'CLIENT', 'Moulika', 'Moulika', '2019-06-10 14:07:11', '2019-06-10 14:07:11', '2019-06-10 14:07:11', '0');
REPLACE INTO `configurations` (`configuration_id`, `bundle_id`, `config_type`, `config_key`, `description`, `config_value`, `target`, `createdby`, `modifiedby`, `createdts`, `lastmodifiedts`, `synctimestamp`, `softdeleteflag`) VALUES ('64', 'CL_CONFIG_BUNDLE', 'PREFERENCE', 'MORTGAGE_DOWNPAYMENT_STEP_PERCENT', 'Mortgage DownPayment Step Percentage', '5', 'CLIENT', 'Moulika', 'Moulika', '2019-06-10 14:07:11', '2019-06-10 14:07:11', '2019-06-10 14:07:11', '0');
REPLACE INTO `configurations` (`configuration_id`, `bundle_id`, `config_type`, `config_key`, `description`, `config_value`, `target`, `createdby`, `modifiedby`, `createdts`, `lastmodifiedts`, `synctimestamp`, `softdeleteflag`) VALUES ('65', 'CL_CONFIG_BUNDLE', 'PREFERENCE', 'MORTGAGE_BALANCE_STEP_AMOUNT', 'Mortgage Balance Step Amount', '10000', 'CLIENT', 'Moulika', 'Moulika', '2019-06-10 14:07:11', '2019-06-10 14:07:11', '2019-06-10 14:07:11', '0');
REPLACE INTO `configurations` (`configuration_id`, `bundle_id`, `config_type`, `config_key`, `description`, `config_value`, `target`, `createdby`, `modifiedby`, `createdts`, `lastmodifiedts`, `synctimestamp`, `softdeleteflag`) VALUES ('66', 'CL_CONFIG_BUNDLE', 'PREFERENCE', 'MORTGAGE_WORTH_STEP_AMOUNT', 'Mortgage Worth Step Amount', '10000', 'CLIENT', 'Moulika', 'Moulika', '2019-06-10 14:07:11', '2019-06-10 14:07:11', '2019-06-10 14:07:11', '0');
REPLACE INTO `configurations` (`configuration_id`, `bundle_id`, `config_type`, `config_key`, `description`, `config_value`, `target`, `createdby`, `modifiedby`, `createdts`, `lastmodifiedts`, `synctimestamp`, `softdeleteflag`) VALUES ('67', 'CL_CONFIG_BUNDLE', 'PREFERENCE', 'MORTGAGE_DOWNPAYMENT_MAX_PERCENT', 'Mortgage DownPayment Max Percentage', '90', 'CLIENT', 'Moulika', 'Moulika', '2019-06-10 14:07:11', '2019-06-10 14:07:11', '2019-06-10 14:07:11', '0');
REPLACE INTO `configurations` (`configuration_id`, `bundle_id`, `config_type`, `config_key`, `description`, `config_value`, `target`, `createdby`, `modifiedby`, `createdts`, `lastmodifiedts`, `synctimestamp`, `softdeleteflag`) VALUES ('68', 'CL_CONFIG_BUNDLE', 'PREFERENCE', 'MORTGAGE_DOWNPAYMENT_MIN_PERCENT', 'Mortgage DownPayment Min Percentage', '1', 'CLIENT', 'Moulika', 'Moulika', '2019-06-10 14:07:11', '2019-06-10 14:07:11', '2019-06-10 14:07:11', '0');
REPLACE INTO `configurations` (`configuration_id`, `bundle_id`, `config_type`, `config_key`, `description`, `config_value`, `target`, `createdby`, `modifiedby`, `createdts`, `lastmodifiedts`, `synctimestamp`, `softdeleteflag`) VALUES ('69', 'CL_CONFIG_BUNDLE', 'PREFERENCE', 'PERSONAL_SIMULATION_DEFAULT_VALUES', 'Personal Simulation Default Input', '{\"CreditScore\":\"Excellent (720 or Above)\",\"LoanAmount\":\"30000\"}', 'CLIENT', 'Moulika', 'Moulika', '2019-06-10 14:07:11', '2019-06-10 14:07:11', '2019-06-10 14:07:11', '0');
REPLACE INTO `configurations` (`configuration_id`, `bundle_id`, `config_type`, `config_key`, `description`, `config_value`, `target`, `createdby`, `modifiedby`, `createdts`, `lastmodifiedts`, `synctimestamp`, `softdeleteflag`) VALUES ('70', 'CL_CONFIG_BUNDLE', 'PREFERENCE', 'VEHICLE_SIMULATION_DEFAULT_VALUES', 'Personal Simulation Default Input', '{\"CreditScore\":\"Excellent (720 or Above)\",\"LoanAmount\":\"30000\",\"LoanPurpose\":\"Purchase a new vehicle\",\"VehicleModelYear\":\"2019\",\"VehicleType\":\"Vehicle\"}', 'CLIENT', 'Moulika', 'Moulika', '2019-06-10 14:07:11', '2019-06-10 14:07:11', '2019-06-10 14:07:11', '0');
REPLACE INTO `configurations` (`configuration_id`, `bundle_id`, `config_type`, `config_key`, `description`, `config_value`, `target`, `createdby`, `modifiedby`, `createdts`, `lastmodifiedts`, `synctimestamp`, `softdeleteflag`) VALUES ('71', 'CL_CONFIG_BUNDLE', 'PREFERENCE', 'MORTGAGE_SIMULATION_DEFAULT_VALUES', 'Personal Simulation Default Input', '{\"AreVeteran\":\"No\",\"CreditScore\":\"Excellent (720 or Above)\",\"DownPayment\":\"50000$\",\"LoanPurpose\":\"Purchase\",\"PurchasePrice\":\"300000\",\"ZipCode\":\"12345\"}', 'CLIENT', 'Moulika', 'Moulika', '2019-06-10 14:07:11', '2019-06-10 14:07:11', '2019-06-10 14:07:11', '0');

DELETE FROM `configurations` WHERE `configuration_id`='45';

REPLACE INTO `optiongroup` (`id`, `Name`, `createdts`, `lastmodifiedts`, `synctimestamp`, `softdeleteflag`) VALUES ('MORTGAGE_SIMULATION_PURPOSE', 'Choice for Mortgage Loan purpose', '2019-06-06 11:03:56', '2019-06-06 11:03:56', '2019-06-06 11:03:56', '0');

REPLACE INTO `optionitem` (`id`, `OptionGroup_id`, `Label`, `DefaultValue`, `Sequence`, `createdts`, `lastmodifiedts`, `synctimestamp`, `softdeleteflag`) VALUES ('MORTGAGE_SIMULATION_PURPOSE_SELECT_1', 'MORTGAGE_SIMULATION_PURPOSE', 'Purchase', 'Purchase', '1', '2019-06-06 11:03:56', '2019-06-06 11:03:56', '2019-06-06 11:03:56', '0');
REPLACE INTO `optionitem` (`id`, `OptionGroup_id`, `Label`, `DefaultValue`, `Sequence`, `createdts`, `lastmodifiedts`, `synctimestamp`, `softdeleteflag`) VALUES ('MORTGAGE_SIMULATION_PURPOSE_SELECT_2', 'MORTGAGE_SIMULATION_PURPOSE', 'Refinance', 'Refinance', '2', '2019-06-06 11:03:56', '2019-06-06 11:03:56', '2019-06-06 11:03:56', '0');

UPDATE `questiondefinition` SET `OptionGroup_id`='MORTGAGE_SIMULATION_PURPOSE' WHERE `id`='MORTGAGE_SIMULATION_LOAN_PURPOSE';

REPLACE INTO `configurations` (`configuration_id`, `bundle_id`, `config_type`, `config_key`, `description`, `config_value`, `target`, `createdby`) VALUES ('73', 'CL_CONFIG_BUNDLE', 'PREFERENCE', 'NUMBER_OF_ADD_MORTGAGE', 'Addition mortgages', '10', 'CLIENT', 'kony dev');
REPLACE INTO `configurations` (`configuration_id`, `bundle_id`, `config_type`, `config_key`, `description`, `config_value`, `target`, `createdby`) VALUES ('74', 'CL_CONFIG_BUNDLE', 'PREFERENCE', 'MORTGAGE_ADDITIONAL_EMPLOYEMENTS', 'Max number of Additional employments ', '9', 'CLIENT', 'kony dev');
REPLACE INTO `configurations` (`configuration_id`, `bundle_id`, `config_type`, `config_key`, `description`, `config_value`, `target`, `createdby`) VALUES ('75', 'CL_CONFIG_BUNDLE', 'PREFERENCE', 'IMPORT_AUTO_CREDIT_REPORT', 'Import auto credit report', 'false', 'CLIENT','kony dev');
REPLACE INTO `configurations` (`configuration_id`, `bundle_id`, `config_type`, `config_key`, `description`, `config_value`, `target`, `createdby`) VALUES ('76', 'CL_CONFIG_BUNDLE', 'PREFERENCE', 'MORTGAGE_MAX_OTHER_INCOME_SOURCES', 'Maximum number of other income sources', '9', 'CLIENT','kony dev');
REPLACE INTO `configurations` (`configuration_id`, `bundle_id`, `config_type`, `config_key`, `description`, `config_value`, `target`, `createdby`) VALUES ('77', 'CL_CONFIG_BUNDLE', 'PREFERENCE', 'MORTGAGE_MAX_NUMBER_ACCOUNTS', 'Max number of accounts user can enter', '9', 'CLIENT','kony dev');
REPLACE INTO `configurations` (`configuration_id`, `bundle_id`, `config_type`, `config_key`, `description`, `config_value`, `target`, `createdby`) VALUES ('78', 'CL_CONFIG_BUNDLE', 'PREFERENCE', 'MORTGAGE_MAX_OTHER_ASSETS', 'Max number of other assets', '99', 'CLIENT','kony dev');
REPLACE INTO `configurations` (`configuration_id`, `bundle_id`, `config_type`, `config_key`, `description`, `config_value`, `target`, `createdby`) VALUES ('79', 'CL_CONFIG_BUNDLE', 'PREFERENCE', 'MORTGAGE_MAX_GIFT_ASSETS', 'Max number of gift assets', '99', 'CLIENT','kony dev');
REPLACE INTO `configurations` (`configuration_id`, `bundle_id`, `config_type`, `config_key`, `description`, `config_value`, `target`, `createdby`) VALUES ('80', 'CL_CONFIG_BUNDLE', 'PREFERENCE', 'MORTGAGE_MAX_REAL_ESTATE', 'Max number of real estates', '99', 'CLIENT','kony dev');
REPLACE INTO `configurations` (`configuration_id`, `bundle_id`, `config_type`, `config_key`, `description`, `config_value`, `target`, `createdby`) VALUES ('81', 'CL_CONFIG_BUNDLE', 'PREFERENCE', 'MORTGAGE_MAX_LIABILITIES', 'Max number of Liabilities', '99', 'CLIENT','kony dev');
REPLACE INTO `configurations` (`configuration_id`, `bundle_id`, `config_type`, `config_key`, `description`, `config_value`, `target`, `createdby`) VALUES ('82', 'CL_CONFIG_BUNDLE', 'PREFERENCE', 'MORTGAGE_MAX_EXPENSES', 'Max number of expenses', '20', 'CLIENT','kony dev');
REPLACE INTO `configurations` (`configuration_id`, `bundle_id`, `config_type`, `config_key`, `description`, `config_value`, `target`, `createdby`) VALUES ('83', 'CL_CONFIG_BUNDLE', 'PREFERENCE', 'MAX_MORTAGES_IN_REAL_ESTATE', 'Max number of mortgages in real estate', '99', 'CLIENT','kony dev');
UPDATE `optionmetadata` SET `Section_id`='CoApplicantInfo' WHERE `id`='21';
UPDATE `optionmetadata` SET `Section_id`='CoApplicantInfo' WHERE `id`='22';
UPDATE `optionmetadata` SET `Section_id`='CoApplicantInfo' WHERE `id`='23';
REPLACE INTO `addresstype` (`id`, `Description`) VALUES ('ADR_TYPE_CURRENT', 'CurrentAddress');
REPLACE INTO `addresstype` (`id`, `Description`) VALUES ('ADR_TYPE_PREVIOUS', 'PreviousAddress');
REPLACE INTO `addresstype` (`id`, `Description`) VALUES ('ADR_TYPE_MAILING', 'MailingAddress');
UPDATE `optionitem` SET `DefaultValue`='Mobile Number' WHERE `id`='PRIMARY_CONTACT_TYPE_SELECT_2';
UPDATE `optionitem` SET `DefaultValue`='Office Number' WHERE `id`='PRIMARY_CONTACT_TYPE_SELECT_3';
UPDATE `optionitem` SET `DefaultValue`='Home Number' WHERE `id`='PRIMARY_CONTACT_TYPE_SELECT_4';

REPLACE INTO `optionitem` (`id`, `OptionGroup_id`, `DefaultValue`, `Sequence`) VALUES ('LOAN_PURPOSE_SELECT_9', 'LOAN_PURPOSE_SELECT', 'Other', '9');
REPLACE INTO `optionmetadata` (`LoanType_id`, `OptionGroup_id`, `FieldIdentifier`, `Section_id`) VALUES ('MORTGAGE_LOAN', 'REAL_ESTATE_PROPERTY_STATUS', 'Status', 'RealEstates');
REPLACE INTO `optionmetadata` (`LoanType_id`, `OptionGroup_id`, `FieldIdentifier`, `Section_id`) VALUES ('MORTGAGE_LOAN', 'REAL_ESTATE_PROPERTY_USAGE', 'PropertyUsageType', 'RealEstates');
REPLACE INTO `optionmetadata` (`LoanType_id`, `OptionGroup_id`, `FieldIdentifier`, `Section_id`) VALUES ('MORTGAGE_LOAN', 'REAL_ESTATE_PROPERTY_MORTGAGE_TYPE', 'MortgageType', 'RealEstates');
REPLACE INTO `optionmetadata` (`LoanType_id`, `OptionGroup_id`, `FieldIdentifier`, `Section_id`) VALUES ('MORTGAGE_LOAN', 'GIFTED_ASSET_TYPE', 'AssetType', 'GiftsAndGrants');
REPLACE INTO `optionmetadata` (`LoanType_id`, `OptionGroup_id`, `FieldIdentifier`, `Section_id`) VALUES ('MORTGAGE_LOAN', 'GIFTED_ASSET_SOURCE', 'AssetSource', 'GiftsAndGrants');
REPLACE INTO `optionmetadata` (`LoanType_id`, `OptionGroup_id`, `FieldIdentifier`, `Section_id`) VALUES ('MORTGAGE_LOAN', 'OTHER_ASSET_TYPE', 'AssetType', 'OtherAssets');
REPLACE INTO `optionmetadata` (`LoanType_id`, `OptionGroup_id`, `FieldIdentifier`, `Section_id`) VALUES ('MORTGAGE_LOAN', 'BANK_ACCOUNT_TYPES', 'AccountType', 'BankAccounts');
REPLACE INTO `optionitem` (`id`, `OptionGroup_id`, `DefaultValue`, `Sequence`) VALUES ('CITIZENSHIP_TYPE_SELECT_2', 'CITIZENSHIP_TYPE_SELECT', 'Permanent Resident Alien', '2');
UPDATE `optionitem` SET `DefaultValue`='U. S. Citizen' WHERE `id`='CITIZENSHIP_TYPE_SELECT_1';
REPLACE INTO `optionitem` (`id`, `OptionGroup_id`, `DefaultValue`, `Sequence`) VALUES ('CITIZENSHIP_TYPE_SELECT_3', 'CITIZENSHIP_TYPE_SELECT', 'Non-Permanent Resident Alien', '3');

REPLACE INTO `emailtemplates` (`id`, `TemplateName`, `TemplateText`, `Subject`, `SenderName`, `SenderEmail`) VALUES ('5', 'APPLICATION_SUCCESSFUL_SUBMISSION_EMAIL_TEMPLATE', '<html> <head> <title> KONY HTML TEMPLATE </title> </head> <body> <table width=\"100%\" align=\"center\" cellpadding=\"0\" cellspacing=\"0\" border=\"0\" valign=\"top\" bgcolor=\"#FFFFFF\"> <tbody> <tr> <td style=\"width:100%;vertical-align:middle;text-align:left;padding:14px 24px;border-bottom:3px solid #0A78D1;font-family:sans-serif;font-weight:400;\"> <img src=\"https://www.dropbox.com/s/yv01ja4p8mdmz65/konydbxlogo_customer_landing.png?raw=1\" alt=\"logo\" style=\"display:inline-block;float:left;vertical-align:middle;width:178px;height:35px;\"/> <a target=\"_blanc\" href=\"https://dbx.kony.com/\" style=\"float:right;padding-top:11px;display:inline-block;font-size:14px;line-height:14px;text-decoration:none;color:#0A78D1;\">dbx.kony.com</a> </td> </tr> <tr> <td style=\"width:100%;vertical-align:middle;text-align:left;padding:25px 23px 0 23px;font-family:sans-serif;font-weight:400;\"> <span style=\"font-family:sans-serif;font-size:12px;font-weight:400;line-height:14px;color:#000000;display:inline-block;\">Dear</span> <span style=\"font-family:sans-serif;font-size:12px;font-weight:700;line-height:14px;color:#000000;display:inline-block;\">%APPLICANT_NAME%,</span> </td> </tr> <tr> <td style=\"width:100%;vertical-align:middle;text-align:left;padding:14px 23px 0 23px;font-family:sans-serif;font-weight:300;\"> <span style=\"font-family:sans-serif;font-size:12px;font-weight:700;line-height:14px;color:#000000;display:inline-block;\">We received your application on %DATE_OF_SUBMISSION% and appreciate your interest in %LOAN_TYPE%. </span> <span style=\"font-family:sans-serif;font-size:12px;font-weight:400;line-height:14px;color:#000000;display:inline-block;\">For your reference your application number is %APPLICATION_NUMBER% If you recognize this application, no further action is necessary and you will receive additional details in upcoming communications.If you did not submit the application, please call us at %CONTACT_NUMBER%.</span> </td> </tr> <tr> <td style=\"width:100%;vertical-align:middle;text-align:left;padding:14px 23px 0 23px;font-family:sans-serif;font-weight:300;\"> <span style=\"font-family:sans-serif;font-size:12px;font-weight:400;line-height:14px;color:#000000;display:inline-block;\">Thank you for choosing %BANK_CU_NAME% for your financial needs. </span> </td> </tr> <tr> <td style=\"width:100%;vertical-align:middle;text-align:left;padding:20px 23px 0 23px;font-family:sans-serif;font-weight:300;\"> <span style=\"font-family:sans-serif;font-size:12px;font-weight:400;line-height:14px;color:#000000;display:inline-block;\">Sincerely, </span> </td> </tr> <tr> <td style=\"width:100%;vertical-align:middle;text-align:left;padding:0px 23px 27px 23px;font-family:sans-serif;font-weight:300;border-bottom:1px solid #0A78D1\"> <span style=\"font-family:sans-serif;font-size:12px;font-weight:700;line-height:14px;color:#000000;display:inline-block;\">%BANK_CU_NAME%</span> </td> </tr> <tr> <td style=\"width:100%;vertical-align:middle;text-align:left;padding:17px 23px 0px 23px;font-family:sans-serif;font-weight:300;\"> <span style=\"font-family:sans-serif;font-size:11px;font-weight:400;line-height:13px;color:#000000;display:inline-block;\">This is a system generated mail. Please do not reply to this e-mail ID.</span> </td> </tr> <tr> <td style=\"width:100%;vertical-align:middle;text-align:left;padding:7px 23px 0px 23px;font-family:sans-serif;font-weight:300;\"> <span style=\"font-family:sans-serif;font-size:12px;font-weight:700;line-height:14px;color:#000000;display:inline-block;\">Have any questions?</span> </td> </tr> <tr> <td style=\"width:100%;vertical-align:middle;text-align:left;padding:7px 23px 0px 23px;font-family:sans-serif;font-weight:300;\"> <div style=\"width:100%;display:inline-block;padding:18px 11px;vertical-align:middle;text-align:left;border-radius:3px;border:1px solid #E6E6E6;background-color:#FFFFFF\"\"> <span style=\"font-family:sans-serif;font-size:12px;font-weight:400;line-height:14px;color:#000000;display:inline-block;\">We can help, call us at</span> <span style=\"font-family:sans-serif;font-size:12px;font-weight:700;line-height:14px;color:#000000;display:inline-block;\">1800-412-5434</span> <span style=\"font-family:sans-serif;font-size:12px;font-weight:400;line-height:14px;color:#000000;display:inline-block;\">for assistance</span> </div> </td> </tr> <tr> <td style=\"width:100%;vertical-align:middle;text-align:left;padding:17px 23px 0px 23px;font-family:sans-serif;font-weight:300;\"> <span style=\"font-family:sans-serif;font-size:10px;font-weight:400;line-height:12px;color:#000000;display:inline-block;\">CONFIDENTIALITY INFORMATION AND DISCLAIMER</span> </td> </tr> <tr> <td style=\"width:100%;vertical-align:middle;text-align:left;padding:5px 23px 18px 23px;font-family:sans-serif;font-weight:300;\"> <span style=\"font-family:sans-serif;font-size:10px;font-weight:400;line-height:12px;color:#000000;display:inline-block;\">This e-mail message and its attachments may contain confidential, proprietary or legally privileged information and is intended solely for the use of the individual or entity to whom it is addressed. If you have erroneously received this message, please delete it immediately and notify the sender. If you are not the intended recipient of the e-mail message you should not disseminate, distribute or copy this e-mail. E-mail transmission cannot be guaranteed to be secure or error-free as information could be intercepted, corrupted, lost, destroyed, incomplete or contain viruses and the %BANK_CU_NAME% Bank accepts no liability for any damage caused by the limitations of the e-mail transmission.</span> </td> </tr> </tbody> </table> </body> </html>', 'Your Application for %LOAN_TYPE% is submitted.\n', 'Kony DBX', 'dbx_cl@kony.com');

REPLACE INTO `emailtemplates` (`id`, `TemplateName`, `TemplateText`, `Subject`, `SenderName`, `SenderEmail`) VALUES ('6', 'SUCCESSFUL_REGISTRATION_EMAIL_TEMPLATE', '<html> <head> <title> KONY HTML TEMPLATE </title> </head> <body> <table width=\"100%\" align=\"center\" cellpadding=\"0\" cellspacing=\"0\" border=\"0\" valign=\"top\" bgcolor=\"#FFFFFF\"> <tbody> <tr> <td style=\"width:100%;vertical-align:middle;text-align:left;padding:14px 24px;border-bottom:3px solid #0A78D1;font-family:sans-serif;font-weight:400;\"> <img src=\"https://www.dropbox.com/s/yv01ja4p8mdmz65/konydbxlogo_customer_landing.png?raw=1\" alt=\"logo\" style=\"display:inline-block;float:left;vertical-align:middle;width:178px;height:35px;\"/> <a target=\"_blanc\" href=\"https://dbx.kony.com/\" style=\"float:right;padding-top:11px;display:inline-block;font-size:14px;line-height:14px;text-decoration:none;color:#0A78D1;\">dbx.kony.com</a> </td> </tr> <tr> <td style=\"width:100%;vertical-align:middle;text-align:left;padding:25px 23px 0 23px;font-family:sans-serif;font-weight:400;\"> <span style=\"font-family:sans-serif;font-size:12px;font-weight:400;line-height:14px;color:#000000;display:inline-block;\">Hi</span> <span style=\"font-family:sans-serif;font-size:12px;font-weight:700;line-height:14px;color:#000000;display:inline-block;\">%APPLICANT_NAME%,</span> </td> </tr> <tr> <td style=\"width:100%;vertical-align:middle;text-align:left;padding:14px 23px 0 23px;font-family:sans-serif;font-weight:300;\"> <span style=\"font-family:sans-serif;font-size:12px;font-weight:700;line-height:14px;color:#000000;display:inline-block;\">Congratulations on successfully registering yourself in Kony Consumer Lending. </span> <span style=\"font-family:sans-serif;font-size:12px;font-weight:400;line-height:14px;color:#000000;display:inline-block;\">We have made loans simple for you. Just fill out an application. Get quick approval, e-sign your agreements and get your money. </span> </td> </tr> <tr> <td style=\"width:100%;vertical-align:middle;text-align:left;padding:14px 23px 0 23px;font-family:sans-serif;font-weight:300;\"> <span style=\"font-family:sans-serif;font-size:12px;font-weight:400;line-height:14px;color:#000000;display:inline-block;\">Thank you for choosing %BANK_CU_NAME% for your financial needs. </span> </td> </tr> <tr> <td style=\"width:100%;vertical-align:middle;text-align:left;padding:20px 23px 0 23px;font-family:sans-serif;font-weight:300;\"> <span style=\"font-family:sans-serif;font-size:12px;font-weight:400;line-height:14px;color:#000000;display:inline-block;\">Sincerely, </span> </td> </tr> <tr> <td style=\"width:100%;vertical-align:middle;text-align:left;padding:0px 23px 27px 23px;font-family:sans-serif;font-weight:300;border-bottom:1px solid #0A78D1\"> <span style=\"font-family:sans-serif;font-size:12px;font-weight:700;line-height:14px;color:#000000;display:inline-block;\">%BANK_CU_NAME% </span> </td> </tr> <tr> <td style=\"width:100%;vertical-align:middle;text-align:left;padding:17px 23px 0px 23px;font-family:sans-serif;font-weight:300;\"> <span style=\"font-family:sans-serif;font-size:11px;font-weight:400;line-height:13px;color:#000000;display:inline-block;\">This is a system generated mail. Please do not reply to this e-mail ID.</span> </td> </tr> <tr> <td style=\"width:100%;vertical-align:middle;text-align:left;padding:7px 23px 0px 23px;font-family:sans-serif;font-weight:300;\"> <span style=\"font-family:sans-serif;font-size:12px;font-weight:700;line-height:14px;color:#000000;display:inline-block;\">Have any questions?</span> </td> </tr> <tr> <td style=\"width:100%;vertical-align:middle;text-align:left;padding:7px 23px 0px 23px;font-family:sans-serif;font-weight:300;\"> <div style=\"width:100%;display:inline-block;padding:18px 11px;vertical-align:middle;text-align:left;border-radius:3px;border:1px solid #E6E6E6;background-color:#FFFFFF\"\"> <span style=\"font-family:sans-serif;font-size:12px;font-weight:400;line-height:14px;color:#000000;display:inline-block;\">We can help, call us at</span> <span style=\"font-family:sans-serif;font-size:12px;font-weight:700;line-height:14px;color:#000000;display:inline-block;\">1800-412-5434</span> <span style=\"font-family:sans-serif;font-size:12px;font-weight:400;line-height:14px;color:#000000;display:inline-block;\">for assistance</span> </div> </td> </tr> <tr> <td style=\"width:100%;vertical-align:middle;text-align:left;padding:17px 23px 0px 23px;font-family:sans-serif;font-weight:300;\"> <span style=\"font-family:sans-serif;font-size:10px;font-weight:400;line-height:12px;color:#000000;display:inline-block;\">CONFIDENTIALITY INFORMATION AND DISCLAIMER</span> </td> </tr> <tr> <td style=\"width:100%;vertical-align:middle;text-align:left;padding:5px 23px 18px 23px;font-family:sans-serif;font-weight:300;\"> <span style=\"font-family:sans-serif;font-size:10px;font-weight:400;line-height:12px;color:#000000;display:inline-block;\">This e-mail message and its attachments may contain confidential, proprietary or legally privileged information and is intended solely for the use of the individual or entity to whom it is addressed. If you have erroneously received this message, please delete it immediately and notify the sender. If you are not the intended recipient of the e-mail message you should not disseminate, distribute or copy this e-mail. E-mail transmission cannot be guaranteed to be secure or error-free as information could be intercepted, corrupted, lost, destroyed, incomplete or contain viruses and the %BANK_CU_NAME% Bank accepts no liability for any damage caused by the limitations of the e-mail transmission.</span> </td> </tr> </tbody> </table> </body> </html>', 'Your registration is successful', 'Kony DBX', 'dbx_cl@kony.com');

REPLACE INTO `emailtemplates` (`id`, `TemplateName`, `TemplateText`, `Subject`, `SenderName`, `SenderEmail`) VALUES ('7', 'COAPPLICANT_INVITE_EMAIL_TEMPLATE', '<html> <head> <title> KONY HTML TEMPLATE </title> </head> <body> <table width=\"100%\" align=\"center\" cellpadding=\"0\" cellspacing=\"0\" border=\"0\" valign=\"top\" bgcolor=\"#FFFFFF\"> <tbody> <tr> <td style=\"width:100%;vertical-align:middle;text-align:left;padding:14px 24px;border-bottom:3px solid #0A78D1;font-family:sans-serif;font-weight:400;\"> <img src=\"https://www.dropbox.com/s/yv01ja4p8mdmz65/konydbxlogo_customer_landing.png?raw=1\" alt=\"logo\" style=\"display:inline-block;float:left;vertical-align:middle;width:178px;height:35px;\"/> <a target=\"_blanc\" href=\"https://dbx.kony.com/\" style=\"float:right;padding-top:11px;display:inline-block;font-size:14px;line-height:14px;text-decoration:none;color:#0A78D1;\">dbx.kony.com</a> </td> </tr> <tr> <td style=\"width:100%;vertical-align:middle;text-align:left;padding:25px 23px 0 23px;font-family:sans-serif;font-weight:400;\"> <span style=\"font-family:sans-serif;font-size:12px;font-weight:400;line-height:14px;color:#000000;display:inline-block;\">Dear</span> <span style=\"font-family:sans-serif;font-size:12px;font-weight:700;line-height:14px;color:#000000;display:inline-block;\">%COAPPLICANT_NAME%,</span> </td> </tr> <tr> <td style=\"width:100%;vertical-align:middle;text-align:left;padding:14px 23px 0 23px;font-family:sans-serif;font-weight:300;\"> <span style=\"font-family:sans-serif;font-size:12px;font-weight:700;line-height:14px;color:#000000;display:inline-block;\">You have been invited by Mr. %APPLICANT_NAME% to become a co-applicant for a %LOAN_TYPE% application on %BANK_CU_NAME%.</span> <span style=\"font-family:sans-serif;font-size:12px;font-weight:400;line-height:14px;color:#000000;display:inline-block;\">Please use below link to complete your loan application online. %INVITATION_URL% This link will expire in 30 days</span> </td> </tr> <tr> <td style=\"width:100%;vertical-align:middle;text-align:left;padding:14px 23px 0 23px;font-family:sans-serif;font-weight:300;\"> <span style=\"font-family:sans-serif;font-size:12px;font-weight:400;line-height:14px;color:#000000;display:inline-block;\">Please do not reply to this automated email. </span> </td> </tr> <tr> <td style=\"width:100%;vertical-align:middle;text-align:left;padding:20px 23px 0 23px;font-family:sans-serif;font-weight:300;\"> <span style=\"font-family:sans-serif;font-size:12px;font-weight:400;line-height:14px;color:#000000;display:inline-block;\">Sincerely, </span> </td> </tr> <tr> <td style=\"width:100%;vertical-align:middle;text-align:left;padding:0px 23px 27px 23px;font-family:sans-serif;font-weight:300;border-bottom:1px solid #0A78D1\"> <span style=\"font-family:sans-serif;font-size:12px;font-weight:700;line-height:14px;color:#000000;display:inline-block;\">%BANK_CU_NAME%</span> </td> </tr> <tr> <td style=\"width:100%;vertical-align:middle;text-align:left;padding:17px 23px 0px 23px;font-family:sans-serif;font-weight:300;\"> <span style=\"font-family:sans-serif;font-size:11px;font-weight:400;line-height:13px;color:#000000;display:inline-block;\">This is a system generated mail. Please do not reply to this e-mail ID.</span> </td> </tr> <tr> <td style=\"width:100%;vertical-align:middle;text-align:left;padding:7px 23px 0px 23px;font-family:sans-serif;font-weight:300;\"> <span style=\"font-family:sans-serif;font-size:12px;font-weight:700;line-height:14px;color:#000000;display:inline-block;\">Have any questions?</span> </td> </tr> <tr> <td style=\"width:100%;vertical-align:middle;text-align:left;padding:7px 23px 0px 23px;font-family:sans-serif;font-weight:300;\"> <div style=\"width:100%;display:inline-block;padding:18px 11px;vertical-align:middle;text-align:left;border-radius:3px;border:1px solid #E6E6E6;background-color:#FFFFFF\"\"> <span style=\"font-family:sans-serif;font-size:12px;font-weight:400;line-height:14px;color:#000000;display:inline-block;\">We can help, call us at</span> <span style=\"font-family:sans-serif;font-size:12px;font-weight:700;line-height:14px;color:#000000;display:inline-block;\">1800-412-5434</span> <span style=\"font-family:sans-serif;font-size:12px;font-weight:400;line-height:14px;color:#000000;display:inline-block;\">for assistance</span> </div> </td> </tr> <tr> <td style=\"width:100%;vertical-align:middle;text-align:left;padding:17px 23px 0px 23px;font-family:sans-serif;font-weight:300;\"> <span style=\"font-family:sans-serif;font-size:10px;font-weight:400;line-height:12px;color:#000000;display:inline-block;\">CONFIDENTIALITY INFORMATION AND DISCLAIMER</span> </td> </tr> <tr> <td style=\"width:100%;vertical-align:middle;text-align:left;padding:5px 23px 18px 23px;font-family:sans-serif;font-weight:300;\"> <span style=\"font-family:sans-serif;font-size:10px;font-weight:400;line-height:12px;color:#000000;display:inline-block;\">This e-mail message and its attachments may contain confidential, proprietary or legally privileged information and is intended solely for the use of the individual or entity to whom it is addressed. If you have erroneously received this message, please delete it immediately and notify the sender. If you are not the intended recipient of the e-mail message you should not disseminate, distribute or copy this e-mail. E-mail transmission cannot be guaranteed to be secure or error-free as information could be intercepted, corrupted, lost, destroyed, incomplete or contain viruses and the %BANK_CU_NAME% Bank accepts no liability for any damage caused by the limitations of the e-mail transmission.</span> </td> </tr> </tbody> </table> </body> </html>', 'You have been invited as a Co-Applicant', 'Kony DBX', 'dbx_cl@kony.com');

UPDATE `optionitem` SET `DefaultValue`='Alimony' WHERE `id`='MORTGAGE_EXPENSE_TYPE_1';
UPDATE `optionitem` SET `DefaultValue`='Child Support' WHERE `id`='MORTGAGE_EXPENSE_TYPE_2';
UPDATE `optionitem` SET `DefaultValue`='Separate maintenance' WHERE `id`='MORTGAGE_EXPENSE_TYPE_3';
DELETE FROM `optionitem` WHERE  `id`='MORTGAGE_PURPOSE_TYPE_SELECT_1';
DELETE FROM `optionitem` WHERE  `id`='MORTGAGE_PURPOSE_TYPE_SELECT_2';

UPDATE `querysectionquestion` SET `ParentQuestionOptionValue`='No', `ParentQuerySectionQuestion_AbstractName`='HavntFoundVehicle' WHERE `id`='VA_VEHICLE_PURCHASE_VALUE';

REPLACE INTO `eventconsumertypes` (`ServiceId`, `OperationId`, `EventType`) VALUES ('Audit', 'pushAudit', 'LOAN_APPLICATION');
REPLACE INTO `eventtype` (`id`, `Name`) VALUES ('LOAN_APPLICATION', 'ConsumerLending applications');
REPLACE INTO `eventsubtype` (`id`, `eventtypeid`) VALUES ('COBORROWER_VERIFICATION', 'LOAN_APPLICATION');
REPLACE INTO `eventsubtype` (`id`, `eventtypeid`) VALUES ('CO_BORROWER_REINVITE', 'LOAN_APPLICATION');
REPLACE INTO `eventsubtype` (`id`, `eventtypeid`) VALUES ('CREATE_CREDITCARD_LOAN_APPLICATION', 'LOAN_APPLICATION');
REPLACE INTO `eventsubtype` (`id`, `eventtypeid`) VALUES ('CREATE_LOS_APPLICATION', 'LOAN_APPLICATION');
REPLACE INTO `eventsubtype` (`id`, `eventtypeid`) VALUES ('CREATE_MORTGAGE_LOAN_APPLICATION', 'LOAN_APPLICATION');
REPLACE INTO `eventsubtype` (`id`, `eventtypeid`) VALUES ('CREATE_VEHICLE_LOAN_APPLICATION', 'LOAN_APPLICATION');
REPLACE INTO `eventsubtype` (`id`, `eventtypeid`) VALUES ('GET_CREDITCARD_LOAN_APPLICATION', 'LOAN_APPLICATION');
REPLACE INTO `eventsubtype` (`id`, `eventtypeid`) VALUES ('GET_MORTGAGE_LOAN_APPLICATION', 'LOAN_APPLICATION');
REPLACE INTO `eventsubtype` (`id`, `eventtypeid`) VALUES ('GET_PERSONAL_LOAN_APPLICATION', 'LOAN_APPLICATION');
REPLACE INTO `eventsubtype` (`id`, `eventtypeid`) VALUES ('GET_PERSONAL_LOAN_APPLICATION', 'LOAN_APPLICATION');
REPLACE INTO `eventsubtype` (`id`, `eventtypeid`) VALUES ('RESUME_UNSECURED_APPLICATION', 'LOAN_APPLICATION');
REPLACE INTO `eventsubtype` (`id`, `eventtypeid`) VALUES ('SUBMIT_CREDITCARD_LOAN_APPLICATION', 'LOAN_APPLICATION');
REPLACE INTO `eventsubtype` (`id`, `eventtypeid`) VALUES ('SUBMIT_MORTGAGE_LOAN_APPLICATION', 'LOAN_APPLICATION');
REPLACE INTO `eventsubtype` (`id`, `eventtypeid`) VALUES ('SUBMIT_PERSONAL_LOAN_APPLICATION', 'LOAN_APPLICATION');
REPLACE INTO `eventsubtype` (`id`, `eventtypeid`) VALUES ('SUBMIT_VEHICLE_LOAN_APPLICATION', 'LOAN_APPLICATION');
REPLACE INTO `eventsubtype` (`id`, `eventtypeid`) VALUES ('TRACK_CREDITCARD_LOAN_APPLICATION', 'LOAN_APPLICATION');
REPLACE INTO `eventsubtype` (`id`, `eventtypeid`) VALUES ('TRACK_MORTGAGE_LOAN_APPLICATION', 'LOAN_APPLICATION');
REPLACE INTO `eventsubtype` (`id`, `eventtypeid`) VALUES ('TRACK_PERSONAL_LOAN_APPLICATION', 'LOAN_APPLICATION');
REPLACE INTO `eventsubtype` (`id`, `eventtypeid`) VALUES ('TRACK_UNSECURED_APPLICATION', 'LOAN_APPLICATION');
REPLACE INTO `eventsubtype` (`id`, `eventtypeid`) VALUES ('UPDATE_CREDITCARD_LOAN_APPLICATION', 'LOAN_APPLICATION');
REPLACE INTO `eventsubtype` (`id`, `eventtypeid`) VALUES ('UPDATE_MORTGAGE_LOAN_APPLICATION', 'LOAN_APPLICATION');
REPLACE INTO `eventsubtype` (`id`, `eventtypeid`) VALUES ('UPDATE_PERSONAL_LOAN_APPLICATION', 'LOAN_APPLICATION');
REPLACE INTO `eventsubtype` (`id`, `eventtypeid`) VALUES ('UPDATE_VEHICLE_LOAN_APPLICATION', 'LOAN_APPLICATION');
REPLACE INTO `eventsubtype` (`id`, `eventtypeid`) VALUES ('CREATE_PERSONAL_LOAN_APPLICATION', 'LOAN_APPLICATION');

UPDATE `eventsubtype` SET `Name` = 'Co-Borrower Verification' WHERE (`id` = 'COBORROWER_VERIFICATION') and (`eventtypeid` = 'LOAN_APPLICATION');
UPDATE `eventsubtype` SET `Name` = 'Co-Borrower Reinvite' WHERE (`id` = 'CO_BORROWER_REINVITE') and (`eventtypeid` = 'LOAN_APPLICATION');
UPDATE `eventsubtype` SET `Name` = 'Create Credit Card Loan Application' WHERE (`id` = 'CREATE_CREDITCARD_LOAN_APPLICATION') and (`eventtypeid` = 'LOAN_APPLICATION');
UPDATE `eventsubtype` SET `Name` = 'Create LOS Application' WHERE (`id` = 'CREATE_LOS_APPLICATION') and (`eventtypeid` = 'LOAN_APPLICATION');
UPDATE `eventsubtype` SET `Name` = 'Create Mortgage Loan Application' WHERE (`id` = 'CREATE_MORTGAGE_LOAN_APPLICATION') and (`eventtypeid` = 'LOAN_APPLICATION');
UPDATE `eventsubtype` SET `Name` = 'Create Vehicle Loan Application' WHERE (`id` = 'CREATE_PERSONAL_LOAN_APPLICATION') and (`eventtypeid` = 'LOAN_APPLICATION');
UPDATE `eventsubtype` SET `Name` = 'DOM Wire Recipient Added' WHERE (`id` = 'CREATE_VEHICLE_LOAN_APPLICATION') and (`eventtypeid` = 'LOAN_APPLICATION');
UPDATE `eventsubtype` SET `Name` = 'Get Credit Card Loan Application' WHERE (`id` = 'GET_CREDITCARD_LOAN_APPLICATION') and (`eventtypeid` = 'LOAN_APPLICATION');
UPDATE `eventsubtype` SET `Name` = 'Get Mortage Loan Application' WHERE (`id` = 'GET_MORTGAGE_LOAN_APPLICATION') and (`eventtypeid` = 'LOAN_APPLICATION');
UPDATE `eventsubtype` SET `Name` = 'Get Personal Loan Application' WHERE (`id` = 'GET_PERSONAL_LOAN_APPLICATION') and (`eventtypeid` = 'LOAN_APPLICATION');
UPDATE `eventsubtype` SET `Name` = 'Resume Unsecured Application' WHERE (`id` = 'RESUME_UNSECURED_APPLICATION') and (`eventtypeid` = 'LOAN_APPLICATION');
UPDATE `eventsubtype` SET `Name` = 'Submit Credit Card Loan Application' WHERE (`id` = 'SUBMIT_CREDITCARD_LOAN_APPLICATION') and (`eventtypeid` = 'LOAN_APPLICATION');
UPDATE `eventsubtype` SET `Name` = 'Submit Mortgage Loan Application' WHERE (`id` = 'SUBMIT_MORTGAGE_LOAN_APPLICATION') and (`eventtypeid` = 'LOAN_APPLICATION');
UPDATE `eventsubtype` SET `Name` = 'Submit Personal Loan Application' WHERE (`id` = 'SUBMIT_PERSONAL_LOAN_APPLICATION') and (`eventtypeid` = 'LOAN_APPLICATION');
UPDATE `eventsubtype` SET `Name` = 'Submit Vehicle Loan Application' WHERE (`id` = 'SUBMIT_VEHICLE_LOAN_APPLICATION') and (`eventtypeid` = 'LOAN_APPLICATION');
UPDATE `eventsubtype` SET `Name` = 'Track Credit Card Loan Application' WHERE (`id` = 'TRACK_CREDITCARD_LOAN_APPLICATION') and (`eventtypeid` = 'LOAN_APPLICATION');
UPDATE `eventsubtype` SET `Name` = 'Track Mortgage Loan Application' WHERE (`id` = 'TRACK_MORTGAGE_LOAN_APPLICATION') and (`eventtypeid` = 'LOAN_APPLICATION');
UPDATE `eventsubtype` SET `Name` = 'Track Personal Loan Application' WHERE (`id` = 'TRACK_PERSONAL_LOAN_APPLICATION') and (`eventtypeid` = 'LOAN_APPLICATION');
UPDATE `eventsubtype` SET `Name` = 'Track Unsecured Application' WHERE (`id` = 'TRACK_UNSECURED_APPLICATION') and (`eventtypeid` = 'LOAN_APPLICATION');
UPDATE `eventsubtype` SET `Name` = 'Update Credit Card Loan Application' WHERE (`id` = 'UPDATE_CREDITCARD_LOAN_APPLICATION') and (`eventtypeid` = 'LOAN_APPLICATION');
UPDATE `eventsubtype` SET `Name` = 'Update Mortgage Loan Application' WHERE (`id` = 'UPDATE_MORTGAGE_LOAN_APPLICATION') and (`eventtypeid` = 'LOAN_APPLICATION');
UPDATE `eventsubtype` SET `Name` = 'Update Personal Loan Application' WHERE (`id` = 'UPDATE_PERSONAL_LOAN_APPLICATION') and (`eventtypeid` = 'LOAN_APPLICATION');
UPDATE `eventsubtype` SET `Name` = 'Update Vehicle Loan Application' WHERE (`id` = 'UPDATE_VEHICLE_LOAN_APPLICATION') and (`eventtypeid` = 'LOAN_APPLICATION');