-- >> CAMPAIGN MANAGEMENT <<
INSERT INTO `permissiontype` (`id`, `Description`, `createdby`, `modifiedby`) VALUES ('PER_TYPE_CAMPAIGN', 'Permission Type Campaign', 'Kony User', 'Kony Dev');

INSERT INTO `permission` (`id`, `Type_id`, `Status_id`, `Name`, `Description`, `isComposite`, `PermissionValue`, `createdby`, `modifiedby`) VALUES ('PID79', 'PER_TYPE_CAMPAIGN', 'SID_ACTIVE', 'ViewCampaign', 'Users with this permission can view campaigns and their specifications', '0', 'TRUE', 'Kony User', 'Kony Dev');
INSERT INTO `permission` (`id`, `Type_id`, `Status_id`, `Name`, `Description`, `isComposite`, `PermissionValue`, `createdby`, `modifiedby`) VALUES ('PID80', 'PER_TYPE_CAMPAIGN', 'SID_ACTIVE', 'CreateUpdateCampaign', 'Users with this permission can create & update campaigns and their specifications', '0', 'TRUE', 'Kony User', 'Kony Dev');
INSERT INTO `permission` (`id`, `Type_id`, `Status_id`, `Name`, `Description`, `isComposite`, `PermissionValue`, `createdby`, `modifiedby`) VALUES ('PID81', 'PER_TYPE_CAMPAIGN', 'SID_ACTIVE', 'ViewDefaultCampaign', 'Users with this permission can view the default campaign and it''s specifications', '0', 'TRUE', 'Kony User', 'Kony Dev');
INSERT INTO `permission` (`id`, `Type_id`, `Status_id`, `Name`, `Description`, `isComposite`, `PermissionValue`, `createdby`, `modifiedby`) VALUES ('PID82', 'PER_TYPE_CAMPAIGN', 'SID_ACTIVE', 'UpdateDefaultCampaign', 'Users with this permission can update the default campaign description and it''s specifications', '0', 'TRUE', 'Kony User', 'Kony Dev');

INSERT INTO `rolepermission` (`Role_id`, `Permission_id`, `createdby`, `modifiedby`) VALUES ('RID_SUPERADMIN', 'PID79', 'Kony User', 'Kony Dev');
INSERT INTO `rolepermission` (`Role_id`, `Permission_id`, `createdby`, `modifiedby`) VALUES ('RID_BUSINESS', 'PID79', 'Kony User', 'Kony Dev');
INSERT INTO `rolepermission` (`Role_id`, `Permission_id`, `createdby`, `modifiedby`) VALUES ('RID_FRONTLINE_STAFF', 'PID79', 'Kony User', 'Kony Dev');
INSERT INTO `rolepermission` (`Role_id`, `Permission_id`, `createdby`, `modifiedby`) VALUES ('RID_MANAGER', 'PID79', 'Kony User', 'Kony Dev');
INSERT INTO `rolepermission` (`Role_id`, `Permission_id`, `createdby`, `modifiedby`) VALUES ('RID_OPS', 'PID79', 'Kony User', 'Kony Dev');
INSERT INTO `rolepermission` (`Role_id`, `Permission_id`, `createdby`, `modifiedby`) VALUES ('RID_SUPERADMIN', 'PID80', 'Kony User', 'Kony Dev');
INSERT INTO `rolepermission` (`Role_id`, `Permission_id`, `createdby`, `modifiedby`) VALUES ('RID_BUSINESS', 'PID80', 'Kony User', 'Kony Dev');
INSERT INTO `rolepermission` (`Role_id`, `Permission_id`, `createdby`, `modifiedby`) VALUES ('RID_SUPERADMIN', 'PID81', 'Kony User', 'Kony Dev');
INSERT INTO `rolepermission` (`Role_id`, `Permission_id`, `createdby`, `modifiedby`) VALUES ('RID_BUSINESS', 'PID81', 'Kony User', 'Kony Dev');
INSERT INTO `rolepermission` (`Role_id`, `Permission_id`, `createdby`, `modifiedby`) VALUES ('RID_FRONTLINE_STAFF', 'PID81', 'Kony User', 'Kony Dev');
INSERT INTO `rolepermission` (`Role_id`, `Permission_id`, `createdby`, `modifiedby`) VALUES ('RID_MANAGER', 'PID81', 'Kony User', 'Kony Dev');
INSERT INTO `rolepermission` (`Role_id`, `Permission_id`, `createdby`, `modifiedby`) VALUES ('RID_OPS', 'PID81', 'Kony User', 'Kony Dev');
INSERT INTO `rolepermission` (`Role_id`, `Permission_id`, `createdby`, `modifiedby`) VALUES ('RID_SUPERADMIN', 'PID82', 'Kony User', 'Kony Dev');
INSERT INTO `rolepermission` (`Role_id`, `Permission_id`, `createdby`, `modifiedby`) VALUES ('RID_BUSINESS', 'PID82', 'Kony User', 'Kony Dev');

INSERT INTO `service_permission_mapper` (`id`, `service_name`, `object_name`, `operation`, `user_type`, `permissions`) VALUES ('2688eabb-2b18-4a70-ab78-dcec4e4cffa2', 'CampaignManagementObjService', 'campaign', 'getCampaignSpecificationsAndGroups', 'TYPE_ID_CUSTOMER360', 'ViewCampaign');
INSERT INTO `service_permission_mapper` (`id`, `service_name`, `object_name`, `operation`, `user_type`, `permissions`) VALUES ('0fe0cc8e-8ed6-4aaa-b471-108f52ab1472', 'CampaignManagementObjService', 'campaign', 'getCampaigns', 'TYPE_ID_CUSTOMER360', 'ViewCampaign');
INSERT INTO `service_permission_mapper` (`id`, `service_name`, `object_name`, `operation`, `user_type`, `permissions`) VALUES ('b512857e-cca2-425d-b3d1-36aeafa88e2e', 'CampaignManagementObjService', 'campaign', 'getCampaignPriorityList', 'TYPE_ID_CUSTOMER360', 'ViewCampaign');
INSERT INTO `service_permission_mapper` (`id`, `service_name`, `object_name`, `operation`, `user_type`, `permissions`) VALUES ('0d62e69d-0f6f-47b2-bc26-b2ef1076bba8', 'CampaignManagementObjService', 'campaign', 'createCampaign', 'TYPE_ID_CUSTOMER360', 'CreateUpdateCampaign');
INSERT INTO `service_permission_mapper` (`id`, `service_name`, `object_name`, `operation`, `user_type`, `permissions`) VALUES ('6ea60a69-a7d6-4169-bb7d-f854c5163a8c', 'CampaignManagementObjService', 'campaign', 'updateCampaign', 'TYPE_ID_CUSTOMER360', 'CreateUpdateCampaign');
INSERT INTO `service_permission_mapper` (`id`, `service_name`, `object_name`, `operation`, `user_type`, `permissions`) VALUES ('a53d5512-760b-42c9-9ef3-c0f5e8a693da', 'CampaignManagementObjService', 'campaign', 'updateCampaignStatus', 'TYPE_ID_CUSTOMER360', 'CreateUpdateCampaign');
INSERT INTO `service_permission_mapper` (`id`, `service_name`, `object_name`, `operation`, `user_type`, `permissions`) VALUES ('21fbbb3f-cf99-4a1c-9ada-78d09915ff34', 'CampaignManagementObjService', 'channelandscreen', 'getChannelsAndScreensInformation', 'TYPE_ID_CUSTOMER360', 'ViewCampaign');
INSERT INTO `service_permission_mapper` (`id`, `service_name`, `object_name`, `operation`, `user_type`, `permissions`) VALUES ('ae8044f2-a8c2-4fd4-9ab6-68a57d65cf7d', 'CampaignManagementObjService', 'defaultcampaign', 'getDefaultCampaign', 'TYPE_ID_CUSTOMER360', 'ViewDefaultCampaign');
INSERT INTO `service_permission_mapper` (`id`, `service_name`, `object_name`, `operation`, `user_type`, `permissions`) VALUES ('47a85ffa-5aba-427c-bc71-069d26f24a27', 'CampaignManagementObjService', 'defaultcampaign', 'updateDefaultCampaign', 'TYPE_ID_CUSTOMER360', 'UpdateDefaultCampaign');

INSERT INTO `service_permission_mapper` (`id`, `service_name`, `object_name`, `operation`, `user_type`, `permissions`) VALUES ('bc3d57bf-f1d1-4898-b92d-4d08a83f7a8b', 'RBObjects', 'Campaign', 'getCampaignSpecifications', 'TYPE_ID_RETAIL', 'ALLOW');
INSERT INTO `service_permission_mapper` (`id`, `service_name`, `object_name`, `operation`, `user_type`, `permissions`) VALUES ('dbd627a4-e8ab-4a92-907d-b3a2cd7c199c', 'RBObjects', 'Campaign', 'getCampaignSpecificationsPreLogin', 'TYPE_ID_RETAIL', 'ALLOW');

INSERT INTO `statustype` (`id`, `Description`, `createdby`, `modifiedby`) VALUES ('STID_CAMPAIGNSTATUS', 'Campaign Status', 'Kony User', 'Kony Dev');

INSERT INTO `status` (`id`, `Type_id`, `Description`, `createdby`, `modifiedby`) VALUES ('SID_SCHEDULED_ACTIVE_COMPLETED', 'STID_CAMPAIGNSTATUS', 'Scheduled/Active/Completed', 'Kony User', 'Kony Dev');
INSERT INTO `status` (`id`, `Type_id`, `Description`, `createdby`, `modifiedby`) VALUES ('SID_PAUSED', 'STID_CAMPAIGNSTATUS', 'Paused', 'Kony User', 'Kony Dev');
INSERT INTO `status` (`id`, `Type_id`, `Description`, `createdby`, `modifiedby`) VALUES ('SID_TERMINATED', 'STID_CAMPAIGNSTATUS', 'Terminated', 'Kony User', 'Kony Dev');

INSERT INTO `campaignplaceholder` (`id`, `channel`, `screen`, `image_resolution`, `image_scale`, `image_size`, `createdby`, `modifiedby`, `createdts`, `lastmodifiedts`, `synctimestamp`, `softdeleteflag`) VALUES ('CAMPAIGN_PLACEHOLDER_1','WEB','ACCOUNT_DASHBOARD','560x308','640','51200','Kony User','Kony Dev',CURRENT_TIMESTAMP,CURRENT_TIMESTAMP,CURRENT_TIMESTAMP,0);
INSERT INTO `campaignplaceholder` (`id`, `channel`, `screen`, `image_resolution`, `image_scale`, `image_size`, `createdby`, `modifiedby`, `createdts`, `lastmodifiedts`, `synctimestamp`, `softdeleteflag`) VALUES ('CAMPAIGN_PLACEHOLDER_2','WEB','ACCOUNT_DASHBOARD','668x728','1024','51200','Kony User','Kony Dev',CURRENT_TIMESTAMP,CURRENT_TIMESTAMP,CURRENT_TIMESTAMP,0);
INSERT INTO `campaignplaceholder` (`id`, `channel`, `screen`, `image_resolution`, `image_scale`, `image_size`, `createdby`, `modifiedby`, `createdts`, `lastmodifiedts`, `synctimestamp`, `softdeleteflag`) VALUES ('CAMPAIGN_PLACEHOLDER_3','WEB','ACCOUNT_DASHBOARD','740x304','1366','51200','Kony User','Kony Dev',CURRENT_TIMESTAMP,CURRENT_TIMESTAMP,CURRENT_TIMESTAMP,0);
INSERT INTO `campaignplaceholder` (`id`, `channel`, `screen`, `image_resolution`, `image_scale`, `image_size`, `createdby`, `modifiedby`, `createdts`, `lastmodifiedts`, `synctimestamp`, `softdeleteflag`) VALUES ('CAMPAIGN_PLACEHOLDER_4','WEB','APPLY_FOR_NEW_ACCOUNT','560x308','640','51200','Kony User','Kony Dev',CURRENT_TIMESTAMP,CURRENT_TIMESTAMP,CURRENT_TIMESTAMP,0);
INSERT INTO `campaignplaceholder` (`id`, `channel`, `screen`, `image_resolution`, `image_scale`, `image_size`, `createdby`, `modifiedby`, `createdts`, `lastmodifiedts`, `synctimestamp`, `softdeleteflag`) VALUES ('CAMPAIGN_PLACEHOLDER_5','WEB','APPLY_FOR_NEW_ACCOUNT','668x728','1024','51200','Kony User','Kony Dev',CURRENT_TIMESTAMP,CURRENT_TIMESTAMP,CURRENT_TIMESTAMP,0);
INSERT INTO `campaignplaceholder` (`id`, `channel`, `screen`, `image_resolution`, `image_scale`, `image_size`, `createdby`, `modifiedby`, `createdts`, `lastmodifiedts`, `synctimestamp`, `softdeleteflag`) VALUES ('CAMPAIGN_PLACEHOLDER_6','WEB','APPLY_FOR_NEW_ACCOUNT','740x304','1366','51200','Kony User','Kony Dev',CURRENT_TIMESTAMP,CURRENT_TIMESTAMP,CURRENT_TIMESTAMP,0);
INSERT INTO `campaignplaceholder` (`id`, `channel`, `screen`, `image_resolution`, `image_scale`, `image_size`, `createdby`, `modifiedby`, `createdts`, `lastmodifiedts`, `synctimestamp`, `softdeleteflag`) VALUES ('CAMPAIGN_PLACEHOLDER_7','MOBILE','ACCOUNT_DASHBOARD','343x198','1x','51200','Kony User','Kony Dev',CURRENT_TIMESTAMP,CURRENT_TIMESTAMP,CURRENT_TIMESTAMP,0);
INSERT INTO `campaignplaceholder` (`id`, `channel`, `screen`, `image_resolution`, `image_scale`, `image_size`, `createdby`, `modifiedby`, `createdts`, `lastmodifiedts`, `synctimestamp`, `softdeleteflag`) VALUES ('CAMPAIGN_PLACEHOLDER_8','MOBILE','ACCOUNT_DASHBOARD','686x396','2x','51200','Kony User','Kony Dev',CURRENT_TIMESTAMP,CURRENT_TIMESTAMP,CURRENT_TIMESTAMP,0);
INSERT INTO `campaignplaceholder` (`id`, `channel`, `screen`, `image_resolution`, `image_scale`, `image_size`, `createdby`, `modifiedby`, `createdts`, `lastmodifiedts`, `synctimestamp`, `softdeleteflag`) VALUES ('CAMPAIGN_PLACEHOLDER_9','MOBILE','ACCOUNT_DASHBOARD','1029x594','3x','51200','Kony User','Kony Dev',CURRENT_TIMESTAMP,CURRENT_TIMESTAMP,CURRENT_TIMESTAMP,0);
INSERT INTO `campaignplaceholder` (`id`, `channel`, `screen`, `image_resolution`, `image_scale`, `image_size`, `createdby`, `modifiedby`, `createdts`, `lastmodifiedts`, `synctimestamp`, `softdeleteflag`) VALUES ('CAMPAIGN_PLACEHOLDER_10','MOBILE','PRE_LOGIN','375x106','1x','51200','Kony User','Kony Dev',CURRENT_TIMESTAMP,CURRENT_TIMESTAMP,CURRENT_TIMESTAMP,0);
INSERT INTO `campaignplaceholder` (`id`, `channel`, `screen`, `image_resolution`, `image_scale`, `image_size`, `createdby`, `modifiedby`, `createdts`, `lastmodifiedts`, `synctimestamp`, `softdeleteflag`) VALUES ('CAMPAIGN_PLACEHOLDER_11','MOBILE','PRE_LOGIN','750x212','2x','51200','Kony User','Kony Dev',CURRENT_TIMESTAMP,CURRENT_TIMESTAMP,CURRENT_TIMESTAMP,0);
INSERT INTO `campaignplaceholder` (`id`, `channel`, `screen`, `image_resolution`, `image_scale`, `image_size`, `createdby`, `modifiedby`, `createdts`, `lastmodifiedts`, `synctimestamp`, `softdeleteflag`) VALUES ('CAMPAIGN_PLACEHOLDER_12','MOBILE','PRE_LOGIN','1125x318','3x','51200','Kony User','Kony Dev',CURRENT_TIMESTAMP,CURRENT_TIMESTAMP,CURRENT_TIMESTAMP,0);
INSERT INTO `campaignplaceholder` (`id`, `channel`, `screen`, `image_resolution`, `image_scale`, `image_size`, `createdby`, `modifiedby`, `createdts`, `lastmodifiedts`, `synctimestamp`, `softdeleteflag`) VALUES ('CAMPAIGN_PLACEHOLDER_13','MOBILE','POST_LOGIN','375x812','1x','51200','Kony User','Kony Dev',CURRENT_TIMESTAMP,CURRENT_TIMESTAMP,CURRENT_TIMESTAMP,0);
INSERT INTO `campaignplaceholder` (`id`, `channel`, `screen`, `image_resolution`, `image_scale`, `image_size`, `createdby`, `modifiedby`, `createdts`, `lastmodifiedts`, `synctimestamp`, `softdeleteflag`) VALUES ('CAMPAIGN_PLACEHOLDER_14','MOBILE','POST_LOGIN','750x1624','2x','51200','Kony User','Kony Dev',CURRENT_TIMESTAMP,CURRENT_TIMESTAMP,CURRENT_TIMESTAMP,0);
INSERT INTO `campaignplaceholder` (`id`, `channel`, `screen`, `image_resolution`, `image_scale`, `image_size`, `createdby`, `modifiedby`, `createdts`, `lastmodifiedts`, `synctimestamp`, `softdeleteflag`) VALUES ('CAMPAIGN_PLACEHOLDER_15','MOBILE','POST_LOGIN','1125x2436','3x','51200','Kony User','Kony Dev',CURRENT_TIMESTAMP,CURRENT_TIMESTAMP,CURRENT_TIMESTAMP,0);

INSERT INTO `defaultcampaign` (`name`, `description`, `createdby`, `modifiedby`, `createdts`, `lastmodifiedts`, `synctimestamp`, `softdeleteflag`) VALUES ('Default Ad Campaign', 'Default Ad Campaign description', 'Kony App','Kony App',CURRENT_TIMESTAMP,CURRENT_TIMESTAMP,CURRENT_TIMESTAMP,0);

INSERT INTO `defaultcampaignspecification` (`campaignplaceholder_id`, `image_index`, `image_url`, `destination_url`, `createdby`, `modifiedby`, `createdts`, `lastmodifiedts`, `synctimestamp`, `softdeleteflag`) VALUES ('CAMPAIGN_PLACEHOLDER_1',1,'https://retailbanking1.konycloud.com/dbimages/campaign-web-dashboard-560x308.png','https://google.com', 'Kony App', 'Kony App',CURRENT_TIMESTAMP,CURRENT_TIMESTAMP,CURRENT_TIMESTAMP,0);
INSERT INTO `defaultcampaignspecification` (`campaignplaceholder_id`, `image_index`, `image_url`, `destination_url`, `createdby`, `modifiedby`, `createdts`, `lastmodifiedts`, `synctimestamp`, `softdeleteflag`) VALUES ('CAMPAIGN_PLACEHOLDER_2',1,'https://retailbanking1.konycloud.com/dbimages/campaign-web-dashboard-668x728.png','https://google.com', 'Kony App', 'Kony App',CURRENT_TIMESTAMP,CURRENT_TIMESTAMP,CURRENT_TIMESTAMP,0);
INSERT INTO `defaultcampaignspecification` (`campaignplaceholder_id`, `image_index`, `image_url`, `destination_url`, `createdby`, `modifiedby`, `createdts`, `lastmodifiedts`, `synctimestamp`, `softdeleteflag`) VALUES ('CAMPAIGN_PLACEHOLDER_3',1,'https://retailbanking1.konycloud.com/dbimages/campaign-web-dashboard-740x304.png','https://google.com', 'Kony App', 'Kony App',CURRENT_TIMESTAMP,CURRENT_TIMESTAMP,CURRENT_TIMESTAMP,0);
INSERT INTO `defaultcampaignspecification` (`campaignplaceholder_id`, `image_index`, `image_url`, `destination_url`, `createdby`, `modifiedby`, `createdts`, `lastmodifiedts`, `synctimestamp`, `softdeleteflag`) VALUES ('CAMPAIGN_PLACEHOLDER_4',1,'https://retailbanking1.konycloud.com/dbimages/campaign-web-applyfornewaccount-560x308.png','https://google.com', 'Kony App', 'Kony App',CURRENT_TIMESTAMP,CURRENT_TIMESTAMP,CURRENT_TIMESTAMP,0);
INSERT INTO `defaultcampaignspecification` (`campaignplaceholder_id`, `image_index`, `image_url`, `destination_url`, `createdby`, `modifiedby`, `createdts`, `lastmodifiedts`, `synctimestamp`, `softdeleteflag`) VALUES ('CAMPAIGN_PLACEHOLDER_5',1,'https://retailbanking1.konycloud.com/dbimages/campaign-web-applyfornewaccount-668x728.png','https://google.com', 'Kony App', 'Kony App',CURRENT_TIMESTAMP,CURRENT_TIMESTAMP,CURRENT_TIMESTAMP,0);
INSERT INTO `defaultcampaignspecification` (`campaignplaceholder_id`, `image_index`, `image_url`, `destination_url`, `createdby`, `modifiedby`, `createdts`, `lastmodifiedts`, `synctimestamp`, `softdeleteflag`) VALUES ('CAMPAIGN_PLACEHOLDER_6',1,'https://retailbanking1.konycloud.com/dbimages/campaign-web-applyfornewaccount-740x304.png','https://google.com', 'Kony App', 'Kony App',CURRENT_TIMESTAMP,CURRENT_TIMESTAMP,CURRENT_TIMESTAMP,0);
INSERT INTO `defaultcampaignspecification` (`campaignplaceholder_id`, `image_index`, `image_url`, `destination_url`, `createdby`, `modifiedby`, `createdts`, `lastmodifiedts`, `synctimestamp`, `softdeleteflag`) VALUES ('CAMPAIGN_PLACEHOLDER_7',1,'https://retailbanking1.konycloud.com/dbimages/campaign-mobile-dashboard-1x-1.png','https://google.com', 'Kony App', 'Kony App',CURRENT_TIMESTAMP,CURRENT_TIMESTAMP,CURRENT_TIMESTAMP,0);
INSERT INTO `defaultcampaignspecification` (`campaignplaceholder_id`, `image_index`, `image_url`, `destination_url`, `createdby`, `modifiedby`, `createdts`, `lastmodifiedts`, `synctimestamp`, `softdeleteflag`) VALUES ('CAMPAIGN_PLACEHOLDER_7',2,'https://retailbanking1.konycloud.com/dbimages/campaign-mobile-dashboard-1x-2.png','https://google.com', 'Kony App', 'Kony App',CURRENT_TIMESTAMP,CURRENT_TIMESTAMP,CURRENT_TIMESTAMP,0);
INSERT INTO `defaultcampaignspecification` (`campaignplaceholder_id`, `image_index`, `image_url`, `destination_url`, `createdby`, `modifiedby`, `createdts`, `lastmodifiedts`, `synctimestamp`, `softdeleteflag`) VALUES ('CAMPAIGN_PLACEHOLDER_7',3,'https://retailbanking1.konycloud.com/dbimages/campaign-mobile-dashboard-1x-3.png','https://google.com', 'Kony App', 'Kony App',CURRENT_TIMESTAMP,CURRENT_TIMESTAMP,CURRENT_TIMESTAMP,0);
INSERT INTO `defaultcampaignspecification` (`campaignplaceholder_id`, `image_index`, `image_url`, `destination_url`, `createdby`, `modifiedby`, `createdts`, `lastmodifiedts`, `synctimestamp`, `softdeleteflag`) VALUES ('CAMPAIGN_PLACEHOLDER_8',1,'https://retailbanking1.konycloud.com/dbimages/campaign-mobile-dashboard-2x-1.png','https://google.com', 'Kony App', 'Kony App',CURRENT_TIMESTAMP,CURRENT_TIMESTAMP,CURRENT_TIMESTAMP,0);
INSERT INTO `defaultcampaignspecification` (`campaignplaceholder_id`, `image_index`, `image_url`, `destination_url`, `createdby`, `modifiedby`, `createdts`, `lastmodifiedts`, `synctimestamp`, `softdeleteflag`) VALUES ('CAMPAIGN_PLACEHOLDER_8',2,'https://retailbanking1.konycloud.com/dbimages/campaign-mobile-dashboard-2x-2.png','https://google.com', 'Kony App', 'Kony App',CURRENT_TIMESTAMP,CURRENT_TIMESTAMP,CURRENT_TIMESTAMP,0);
INSERT INTO `defaultcampaignspecification` (`campaignplaceholder_id`, `image_index`, `image_url`, `destination_url`, `createdby`, `modifiedby`, `createdts`, `lastmodifiedts`, `synctimestamp`, `softdeleteflag`) VALUES ('CAMPAIGN_PLACEHOLDER_8',3,'https://retailbanking1.konycloud.com/dbimages/campaign-mobile-dashboard-2x-3.png','https://google.com', 'Kony App', 'Kony App',CURRENT_TIMESTAMP,CURRENT_TIMESTAMP,CURRENT_TIMESTAMP,0);
INSERT INTO `defaultcampaignspecification` (`campaignplaceholder_id`, `image_index`, `image_url`, `destination_url`, `createdby`, `modifiedby`, `createdts`, `lastmodifiedts`, `synctimestamp`, `softdeleteflag`) VALUES ('CAMPAIGN_PLACEHOLDER_9',1,'https://retailbanking1.konycloud.com/dbimages/campaign-mobile-dashboard-3x-1.png','https://google.com', 'Kony App', 'Kony App',CURRENT_TIMESTAMP,CURRENT_TIMESTAMP,CURRENT_TIMESTAMP,0);
INSERT INTO `defaultcampaignspecification` (`campaignplaceholder_id`, `image_index`, `image_url`, `destination_url`, `createdby`, `modifiedby`, `createdts`, `lastmodifiedts`, `synctimestamp`, `softdeleteflag`) VALUES ('CAMPAIGN_PLACEHOLDER_9',2,'https://retailbanking1.konycloud.com/dbimages/campaign-mobile-dashboard-3x-2.png','https://google.com', 'Kony App', 'Kony App',CURRENT_TIMESTAMP,CURRENT_TIMESTAMP,CURRENT_TIMESTAMP,0);
INSERT INTO `defaultcampaignspecification` (`campaignplaceholder_id`, `image_index`, `image_url`, `destination_url`, `createdby`, `modifiedby`, `createdts`, `lastmodifiedts`, `synctimestamp`, `softdeleteflag`) VALUES ('CAMPAIGN_PLACEHOLDER_9',3,'https://retailbanking1.konycloud.com/dbimages/campaign-mobile-dashboard-3x-3.png','https://google.com', 'Kony App', 'Kony App',CURRENT_TIMESTAMP,CURRENT_TIMESTAMP,CURRENT_TIMESTAMP,0);
INSERT INTO `defaultcampaignspecification` (`campaignplaceholder_id`, `image_index`, `image_url`, `destination_url`, `createdby`, `modifiedby`, `createdts`, `lastmodifiedts`, `synctimestamp`, `softdeleteflag`) VALUES ('CAMPAIGN_PLACEHOLDER_10',1,'https://retailbanking1.konycloud.com/dbimages/campaign-mobile-prelogin-1x-1.jpg','https://google.com', 'Kony App', 'Kony App',CURRENT_TIMESTAMP,CURRENT_TIMESTAMP,CURRENT_TIMESTAMP,0);
INSERT INTO `defaultcampaignspecification` (`campaignplaceholder_id`, `image_index`, `image_url`, `destination_url`, `createdby`, `modifiedby`, `createdts`, `lastmodifiedts`, `synctimestamp`, `softdeleteflag`) VALUES ('CAMPAIGN_PLACEHOLDER_10',2,'https://retailbanking1.konycloud.com/dbimages/campaign-mobile-prelogin-1x-2.jpg','https://google.com', 'Kony App', 'Kony App',CURRENT_TIMESTAMP,CURRENT_TIMESTAMP,CURRENT_TIMESTAMP,0);
INSERT INTO `defaultcampaignspecification` (`campaignplaceholder_id`, `image_index`, `image_url`, `destination_url`, `createdby`, `modifiedby`, `createdts`, `lastmodifiedts`, `synctimestamp`, `softdeleteflag`) VALUES ('CAMPAIGN_PLACEHOLDER_10',3,'https://retailbanking1.konycloud.com/dbimages/campaign-mobile-prelogin-1x-3.jpg','https://google.com', 'Kony App', 'Kony App',CURRENT_TIMESTAMP,CURRENT_TIMESTAMP,CURRENT_TIMESTAMP,0);
INSERT INTO `defaultcampaignspecification` (`campaignplaceholder_id`, `image_index`, `image_url`, `destination_url`, `createdby`, `modifiedby`, `createdts`, `lastmodifiedts`, `synctimestamp`, `softdeleteflag`) VALUES ('CAMPAIGN_PLACEHOLDER_11',1,'https://retailbanking1.konycloud.com/dbimages/campaign-mobile-prelogin-2x-1.jpg','https://google.com', 'Kony App', 'Kony App',CURRENT_TIMESTAMP,CURRENT_TIMESTAMP,CURRENT_TIMESTAMP,0);
INSERT INTO `defaultcampaignspecification` (`campaignplaceholder_id`, `image_index`, `image_url`, `destination_url`, `createdby`, `modifiedby`, `createdts`, `lastmodifiedts`, `synctimestamp`, `softdeleteflag`) VALUES ('CAMPAIGN_PLACEHOLDER_11',2,'https://retailbanking1.konycloud.com/dbimages/campaign-mobile-prelogin-2x-2.jpg','https://google.com', 'Kony App', 'Kony App',CURRENT_TIMESTAMP,CURRENT_TIMESTAMP,CURRENT_TIMESTAMP,0);
INSERT INTO `defaultcampaignspecification` (`campaignplaceholder_id`, `image_index`, `image_url`, `destination_url`, `createdby`, `modifiedby`, `createdts`, `lastmodifiedts`, `synctimestamp`, `softdeleteflag`) VALUES ('CAMPAIGN_PLACEHOLDER_11',3,'https://retailbanking1.konycloud.com/dbimages/campaign-mobile-prelogin-2x-3.jpg','https://google.com', 'Kony App', 'Kony App',CURRENT_TIMESTAMP,CURRENT_TIMESTAMP,CURRENT_TIMESTAMP,0);
INSERT INTO `defaultcampaignspecification` (`campaignplaceholder_id`, `image_index`, `image_url`, `destination_url`, `createdby`, `modifiedby`, `createdts`, `lastmodifiedts`, `synctimestamp`, `softdeleteflag`) VALUES ('CAMPAIGN_PLACEHOLDER_12',1,'https://retailbanking1.konycloud.com/dbimages/campaign-mobile-prelogin-3x-1.jpg','https://google.com', 'Kony App', 'Kony App',CURRENT_TIMESTAMP,CURRENT_TIMESTAMP,CURRENT_TIMESTAMP,0);
INSERT INTO `defaultcampaignspecification` (`campaignplaceholder_id`, `image_index`, `image_url`, `destination_url`, `createdby`, `modifiedby`, `createdts`, `lastmodifiedts`, `synctimestamp`, `softdeleteflag`) VALUES ('CAMPAIGN_PLACEHOLDER_12',2,'https://retailbanking1.konycloud.com/dbimages/campaign-mobile-prelogin-3x-2.jpg','https://google.com', 'Kony App', 'Kony App',CURRENT_TIMESTAMP,CURRENT_TIMESTAMP,CURRENT_TIMESTAMP,0);
INSERT INTO `defaultcampaignspecification` (`campaignplaceholder_id`, `image_index`, `image_url`, `destination_url`, `createdby`, `modifiedby`, `createdts`, `lastmodifiedts`, `synctimestamp`, `softdeleteflag`) VALUES ('CAMPAIGN_PLACEHOLDER_12',3,'https://retailbanking1.konycloud.com/dbimages/campaign-mobile-prelogin-3x-3.jpg','https://google.com', 'Kony App', 'Kony App',CURRENT_TIMESTAMP,CURRENT_TIMESTAMP,CURRENT_TIMESTAMP,0);
INSERT INTO `defaultcampaignspecification` (`campaignplaceholder_id`, `image_index`, `image_url`, `destination_url`, `createdby`, `modifiedby`, `createdts`, `lastmodifiedts`, `synctimestamp`, `softdeleteflag`) VALUES ('CAMPAIGN_PLACEHOLDER_13',1,'https://retailbanking1.konycloud.com/dbimages/campaign-mobile-postlogin-1x-1.png','https://google.com', 'Kony App', 'Kony App',CURRENT_TIMESTAMP,CURRENT_TIMESTAMP,CURRENT_TIMESTAMP,0);
INSERT INTO `defaultcampaignspecification` (`campaignplaceholder_id`, `image_index`, `image_url`, `destination_url`, `createdby`, `modifiedby`, `createdts`, `lastmodifiedts`, `synctimestamp`, `softdeleteflag`) VALUES ('CAMPAIGN_PLACEHOLDER_13',2,'https://retailbanking1.konycloud.com/dbimages/campaign-mobile-postlogin-1x-2.png','https://google.com', 'Kony App', 'Kony App',CURRENT_TIMESTAMP,CURRENT_TIMESTAMP,CURRENT_TIMESTAMP,0);
INSERT INTO `defaultcampaignspecification` (`campaignplaceholder_id`, `image_index`, `image_url`, `destination_url`, `createdby`, `modifiedby`, `createdts`, `lastmodifiedts`, `synctimestamp`, `softdeleteflag`) VALUES ('CAMPAIGN_PLACEHOLDER_13',3,'https://retailbanking1.konycloud.com/dbimages/campaign-mobile-postlogin-1x-3.png','https://google.com', 'Kony App', 'Kony App',CURRENT_TIMESTAMP,CURRENT_TIMESTAMP,CURRENT_TIMESTAMP,0);
INSERT INTO `defaultcampaignspecification` (`campaignplaceholder_id`, `image_index`, `image_url`, `destination_url`, `createdby`, `modifiedby`, `createdts`, `lastmodifiedts`, `synctimestamp`, `softdeleteflag`) VALUES ('CAMPAIGN_PLACEHOLDER_14',1,'https://retailbanking1.konycloud.com/dbimages/campaign-mobile-postlogin-2x-1.png','https://google4.com', 'Kony App', 'Kony App',CURRENT_TIMESTAMP,CURRENT_TIMESTAMP,CURRENT_TIMESTAMP,0);
INSERT INTO `defaultcampaignspecification` (`campaignplaceholder_id`, `image_index`, `image_url`, `destination_url`, `createdby`, `modifiedby`, `createdts`, `lastmodifiedts`, `synctimestamp`, `softdeleteflag`) VALUES ('CAMPAIGN_PLACEHOLDER_14',2,'https://retailbanking1.konycloud.com/dbimages/campaign-mobile-postlogin-2x-2.png','https://google.com', 'Kony App', 'Kony App',CURRENT_TIMESTAMP,CURRENT_TIMESTAMP,CURRENT_TIMESTAMP,0);
INSERT INTO `defaultcampaignspecification` (`campaignplaceholder_id`, `image_index`, `image_url`, `destination_url`, `createdby`, `modifiedby`, `createdts`, `lastmodifiedts`, `synctimestamp`, `softdeleteflag`) VALUES ('CAMPAIGN_PLACEHOLDER_14',3,'https://retailbanking1.konycloud.com/dbimages/campaign-mobile-postlogin-2x-3.png','https://google.com', 'Kony App', 'Kony App',CURRENT_TIMESTAMP,CURRENT_TIMESTAMP,CURRENT_TIMESTAMP,0);
INSERT INTO `defaultcampaignspecification` (`campaignplaceholder_id`, `image_index`, `image_url`, `destination_url`, `createdby`, `modifiedby`, `createdts`, `lastmodifiedts`, `synctimestamp`, `softdeleteflag`) VALUES ('CAMPAIGN_PLACEHOLDER_15',1,'https://retailbanking1.konycloud.com/dbimages/campaign-mobile-postlogin-3x-1.png','https://google.com', 'Kony App', 'Kony App',CURRENT_TIMESTAMP,CURRENT_TIMESTAMP,CURRENT_TIMESTAMP,0);
INSERT INTO `defaultcampaignspecification` (`campaignplaceholder_id`, `image_index`, `image_url`, `destination_url`, `createdby`, `modifiedby`, `createdts`, `lastmodifiedts`, `synctimestamp`, `softdeleteflag`) VALUES ('CAMPAIGN_PLACEHOLDER_15',2,'https://retailbanking1.konycloud.com/dbimages/campaign-mobile-postlogin-3x-2.png','https://google.com', 'Kony App', 'Kony App',CURRENT_TIMESTAMP,CURRENT_TIMESTAMP,CURRENT_TIMESTAMP,0);
INSERT INTO `defaultcampaignspecification` (`campaignplaceholder_id`, `image_index`, `image_url`, `destination_url`, `createdby`, `modifiedby`, `createdts`, `lastmodifiedts`, `synctimestamp`, `softdeleteflag`) VALUES ('CAMPAIGN_PLACEHOLDER_15',3,'https://retailbanking1.konycloud.com/dbimages/campaign-mobile-postlogin-3x-3.png','https://google.com', 'Kony App', 'Kony App',CURRENT_TIMESTAMP,CURRENT_TIMESTAMP,CURRENT_TIMESTAMP,0);
-- >> CAMPAIGN MANAGEMENT <<

INSERT INTO `statustype` (`id`, `Description`, `createdby`, `modifiedby`) VALUES ('STID_LEADSTATUS', 'Lead Status', 'Kony User', 'Kony Dev');
INSERT INTO `status` (`id`, `Type_id`, `Description`, `createdby`, `modifiedby`) VALUES ('SID_NEW', 'STID_LEADSTATUS', 'New Lead', 'Kony User', 'Kony Dev');
INSERT INTO `status` (`id`, `Type_id`, `Description`, `createdby`, `modifiedby`) VALUES ('SID_INPROGRESS', 'STID_LEADSTATUS', 'In Progress lead', 'Kony User', 'Kony Dev');
INSERT INTO `status` (`id`, `Type_id`, `Description`, `createdby`, `modifiedby`) VALUES ('SID_ARCHIVED', 'STID_LEADSTATUS', 'Archived Lead', 'Kony User', 'Kony Dev');

INSERT INTO `systemconfiguration` (`id`, `PropertyName`, `PropertyValue`) VALUES ('12', 'LEAD_AUTO_ARCHIVE_PERIOD_IN_DAYS', '10');
INSERT INTO `customertype` (`id`, `Name`, `Description`, `createdby`, `modifiedby`, `softdeleteflag`) VALUES ('TYPE_ID_CAMPAIGN', 'Campaign', 'Campaign ', 'Kony user', 'Kony user', '0');

UPDATE `issuerimage` SET `issuerName` = 'American Express' WHERE (`id` = 'AMEX_IMG');
UPDATE `issuerimage` SET `issuerName` = 'Master Card' WHERE (`id` = 'MASTERCARD_IMG');

INSERT INTO `browsersupporttype` (`id`, `name`, `createdby`, `modifiedby`) VALUES ('SUPPORTED', 'Supported', 'Kony dev', 'Kony dev');
INSERT INTO `browsersupporttype` (`id`, `name`, `createdby`, `modifiedby`) VALUES ('BLOCKED', 'Blocked', 'Kony dev', 'Kony dev');
INSERT INTO `browsersupporttype` (`id`, `name`, `createdby`, `modifiedby`) VALUES ('SUPPORTED_WITH_WARNING', 'Supported with warning', 'Kony dev', 'Kony dev');

INSERT INTO `browsersupport` (`id`, `name`, `icon`, `minimumVersionSupported`, `downloadLink`, `supportedOperatingSystems`, `supportType`, `createdby`, `modifiedby`, `createdts`, `lastmodifiedts`, `synctimestamp`, `softdeleteflag`) VALUES ('15610335893','Chrome Browser','iVBORw0KGgoAAAANSUhEUgAAAPoAAAD6CAYAAACI7Fo9AAAABGdBTUEAALGPC/xhBQAAAAFzUkdCAK7OHOkAAAAJcEhZcwAADsQAAA7EAZUrDhsAAMOCSURBVHhe7P0HgGXHVeePn849Oc9II41ysGRbzjhhsLH5YYMxycACJi7pv4QFlmVZohcTl2STFjAGg01agkmGNTY22GBjnKNspVEezYw0eabT6+7/9/M9Vffd97p7sqTp0Xy761XVqXNOVZ2qU1X3vvveG5gX4gKWPWYPH475/Q/G3MEDMXdon9IHIo4djRgcjLnBgRicmY6Ym495pSM05Iz60HDEyHAMzM5GDAxGrFwdQxs3RqxdH4Nr1sXglq0xODpu/RewvHHB0ZcJZm77dMzc+umYv/eu6Ox9IGbvuzfmdt8f8/fdEzE6EgMrV8ppR2NgeEQOPCQHVSwnd5CDx9BA8BeDZbhxbA+9aPg+mO3E/IycfnZGFXZibmoq5icnYr4zG4M7rojhrRfHwPZLY3D9hhi+6roYuuZxMbLj8iJ8AecyLjj6OYbZfQ/F1L/9S3TuuCU6t3wqpj/xkRjUzjywYWMMjK+IATlzjAzJYRWGtSPLkQcZwmHly1DyOjhQdm4cXdH8wLxoSkNWWgSYYO+iPRVUPqe/AfhAR4vA3FzMazGIWZ0MpiYjpidj9sGHYnDjphh63BNi5Jrr5fzXx9izPjMGV69NuQs4J3DB0R9lTL3nXTH9H++WQ388ppWOdWtjZN2GiDEcWjt1cWaccADnZbhw0JKer44+hBMXp7Qfy7GLXNvZva83Dj6ngJwLlVbMSqDITj6ntMnQBbE3zg+d+mZF0QLAacCLgU4Bc/v36yRwLEae9Vkx+rgbY+QZz4mxpz0zdVzAo4ILjv4IY1LOPPUvb4/Jd78rZrVrD110cQyuXJXHbjm2HRpHrM4rMEQDclZ8K51ZZcWJcXT8dIAXHdkrUkZO3SwOXWcHPsb7f8C8pJtyWCBVWQecXDqrkwMc3HSRSNe2lQViblK7vuhzRw/H3AO7YvgJT5LDPytGP/tFMfaUp1vFBTwyuODoDzPmpqfj6Bt/N6b+9Z91JH9nDF18iY61q3XUHolBdu3GQQQ7lv51Ha192psttOroOFyN7bj2q9auzgIBvaBxdhjt4MSlDsuay+XSoqIsg82gbYaO8fOtnRxQn67956ij5pHXDl/bzFHfZdDVrvmpaV37z/jG4ezuXTH+Of9fjD3zubHqq78Brgt4GHHB0R8GzO7dE0f+4HVx7K//QsfYfTGyfXvu2GNjXYdQ1ByvK0p6Xg40OFwceqldvZYVffMKjaYiAzy8YkfEHHXHhtCPossMha1Oj14nlzPPUq4/8Te7OTf9io652VlFrTq8aJTTAypVNj89ZeefvffOGL7yuhj7/C+MNV//LbLThTv9ZxsXHP0sYV4T+9Cv/mIc+4s/jfkDB7Rzy7lH5dwcp3EG+49MjTMXB8D0g9VZq8PjAMo3x26gtGkln7s6iSKHPHIKvqk+IKca1LV99TPRIPvVOzxFpbDIOobmJDTFclzz6b+BnTwd3DrZtas8jq401+yaWE43YKeXIpdVup1fQEY7fcjpO/ffG4PbLorVX/mKWP1N357lF3DGuODoZ4gjf/yGOPqG10fnlptj+LLLI1auTOeuZlU8z9tdzG1o1TGLsy65q4sn6YXXvlR29Zb8AmdHWPEgV84DaocrLnBh4UOX/tiVEyws8j39Dc7rmK2/nh0Z/TgmEXTkS51Zlmn0+sjelq3HefG4XsrQVeO+BYBFMyYmonPXHTHyGc+OlV/05bHqy77SZRdwerjg6KeBmXvujsOv+cU48idvjJErrozBVatjYEQ7aDVl6+gMbX5AzukdOvPpuGVSK9/j0LW8ltUdv+j0cKkcJ7Nj2FlE46hfyqH7SC0yrmweinl7LZkyqJT/Bm0aMpUP/YIdXOjeeBNIW2wJJy+O3OPkrqeUKZ8nANERKzTH6ufc1EzMH9E1/a77YsVXfE2s/+FXxuCKlSl/ASeNC45+CjiqY/mh17w65h64P4YuuTQGVuhaksmtiYlD+UjNbsT73J61BfAMalfHzzA3iRqbtPgRHgdqdnzK6gKitOt0vYIdg3LShUfw0ErWO6847fQUO4t+JVr8WVBQnFu9Ul1OpoM7UWThIS1wTQ56nRwdClLQczOv6hGOuwCgvs07raP9zttj+MYnxtrv+J5Y8aLPKyUXcCJccPSTwMFf+eU49Ms/H4ObN8fw2nV+f9uTsTqnJiVGtI96MlOmHb6i8oih5wgPPMERqzt7odW4XVblig7lTLejVFnX5YImD1+jU4VOWq9y8FdnNmMBJxD1sccJa9xycMoX7OLADgo/SZWThgU6vOhW1vcBqqxlhFLXHGWVv9KJpmf8qO/8kSOx5gd/NNa84sJd+xPhgqMfBw/94H+Lo69/XQxfdbWP58A3vJh4WK19fVwcbhBPJs8iUCcoEG3RIzwQwQ7lsiLTF+MQzZ146qh05JQu3EknwOd0oZV85VfOTk5/KIOtXd7IA9IOyZOkdHDQtLmi5y22og+0nFwJRa0Fouiq9Zp1TqeEWm6obEYFxcZzWp3mjxyKzr33xNr/8l2x7r//cOG7gH5ccPRF8ND3fFcc/oPXx9iNN8bAOG/1pIk8z4tj17hxOqVzxzaX8pqQPJbadcHkad+Yq5O4OLyd7ATOPsAz66W+nuv2wkOZU9DqQkIaqtuWycynTAPzOaF/yogVtfhwzsrXtLPCZYpFr04OzFcduehe4OSVRzFi3smpp/IALg/Ii8xuD1wq2vzhIzFz585Y/Z+/NTa88idddgFdXHD0FvZ+//fEsd99XYzccEMMjI5rPs3JV4qzMLuUxlw9R2zM5yO8/u1Icnbe46KMycojrG3gAO3r9TqRiZmwojXOTjmMNRY8XCpqjvKI1/YA0UQ1jR270dOuB0BbDLW8gPpcZ+Ff4NyAMntnOnA2oPC2ZIH1zWYfjT4nN7vStN30CsolxyqZKqWj8lBWFq7Zo3L4227VNfx/jQ0/8sqUvQDfmnnMY9+rfizuXL86Zt71rhh90pPl5PXBFiYds0pMZUIxeZlkPBGWKBONeWYSjoGghfIY24bkOZLm3Kx8BUpbv+q0w5Q6a1kt52+uM1faUOqgnd7lsnxAJwpcHj1ooISAPjsuecWVnhRBNG6s1QC/ash6aU8btI26JYz8nNLccGt42213pPrUxuM7ecuBK8hTjxYv61BwKTwWMpffluOO/NgTnxST/+/Ncff2LXHwt389Cx/jeEzv6If/5I9j33d/RwxdtqO5BvcExSTeMfUv783dU4X5NIqTHN0xXbOzMnmLrK/FSzYFlah3zCvg6z/Gp0DRw386RW+bSlzghUhZcaUDVV3USaQsMbqSDqFElYWiQoJngaNVwMAlST3Wi6fu4NRvJaA6OCi6Gj70QiO0yk2yk4uvp24VdDiy02cWLiVNTrl6P4A8Gpsbg4Vx7uCRmN39QGx63etj5ec+du/SPyYdfepTn4o9X/JFngxDW7d4LuHE7BN2ocaRNFOUbBzaEHNxOH+gRJQeR4QgnnzLTX8l74IlnD11iMftSN21DXV4mrffUuGCuBlGZWmPqZXHcqXuQqpNqnHNZhuISSg4ajHqP502ae57BfQGyc/bajwu2+zitZ3Ebhc8yms3NkdbHzp6nBx7ioYAfG0nJ4jL0nZypUpzOPnM7bo/YvPmuPjNb4mhdeuz4DGEMvqPHTzw8i+LXc99VgxtWB9DGvicFCrgyMmEKBMnJ6HoZbLYkTyTmEA6/iqGP+nwJj2ZVabJ2DgfikgzMdtABx/ttB7xtHUQi26nVege1QXiNp9C5eOPNnOziqM0Tmkp78QlWFZU60OX6sF5ap52Op87Lc5K1pcBKnMtbm7pV7s9BSbBi3PWk0blKfWzsKIXG1gXoQJ+0f25e6UR8VnKAuKzjuTHLnU8LAe5FPv9eyV5JHlQuu695orY+//7VsQeU3jMOPrB1/9e3LFmZXR23hEj1z0uJwvQvPDkIC4TiKSRs0sTiClWqGUC2cmTInHkFZDHSVDNxBMHKihyGQmue9vgVECdCszhbFfRB4oCH+H113NtTllFrYhYRT2ObzJtwflrnE5bF4PqxHl/oMtDf4uWRqfrqXW163ayqyedt5SDpn0sIArw2Jn7pqHo3skHh4tdqL/UiU7K9Y9uv8VHu2od5st6aUu2HDI2HIzRxz8hpj74gbhz8/o49k9vy7LHAM77o/v8xLG49zOeGfNHj8TQRds84DkXOI4zCTTJoJU75wuO8JS1jtF5hKaMl5xE+ZnwOrEVqgzFSqMvr7XNLpom5SJvvTnqf68d1HZU/UIzbMp278ArU2OXtfKVdqpAvq2TdI0LLRc6/eO4tmlB43xC4S+sLvMO3N8u3wAUDzZQFp/u7tSioLM4cnXynuvyYtPGyV2ZX1zOiS0fwhmMzt13x/D1j4vtb3lrlp/HyBl8nuLAq38p7li7xo+qDm3RtXjdTZkLzB3mBQkmCbuX6ZoImlQ+wntCMFlyojCZmEAGX65QJpB3ZEgLJmSm2Y0ob+rDMdmxmMUVyMArJu4e56aVtEYXIFaetjjoL3d5yFQg/tqOrDDlq46aXiwsVt7WVdOoVOzdX3XbMUVrjugEZIH5FdRW90kvPqpTRt8aqJDdnZKyWFBHvp8OWTTrpIy6U/+STg7NcgqlTX44CD6XzcfwpTv8ScOdOukd+fP/a9nzFefljj4/MxP33PTEmJ+ciuFtW9PB667HJGKg4VM+d08GHjrlde3TxFA6v9Ch0Kqc/hbciVcZpUy3Ifiss1UfacVM9qEhOIEy0PvfaweakNRP3XCjwrzAmUViIVn0IhItoq25ICwC5No6a7oHZZniv1WOTnLWW+nE6LHTCfAgB5MWUjutndhSXfgSQYzFwVkMrIoa0Ae8ECutAi8A6K4O7fqKLB+hHVL5rPKQSlukqcVfKNRJXv8z99wbQ1deGZf+8zspPO9QZ/V5gyN/9n/j9rHxGFi5KoY2bdKOo12iTBDHDC6jLuRkqRkFkvAB88rZqiwosXfRMoHqzs4pgFIMikPYKWp98JKmXItJXhcjJXBHeYbvWyv6KqqD034x+5oZStHjtlhJb4xz0K90crEjo+Lmursd3I7edKpJGpu4+4l6dKG3BBW4z8SG45JXuVrh5Lz0Dqh/brUXzNJ+oDrcdyAntzoF/YtLr9QDEduUdI+TI+d6U6cXCC28izq55aCZlBUVAs8LDPPlIEePxs61q2Live9JnvMI59WOfv8LPjumPvGpGLlsRw6yJlYOsCZn2S3qhGm/1QWPr72ZHZTVXdhZyReny4nRjX2dX9dKdnYsWeq0oxZZo62XtOJ6p9htQyW7FvytthnwF3jhYXFQVLvUlJd2NWjylCPXV34iNPUW+TaKExkuSkdtdm9IrBR+a6wPMPoySlylTahzskmUtKtOxwZukeSTo1YIK3L6Z+GF1OL3GJKqZdjZdbCY5aLsxQuIbebTn44VL31pbHvDG5N2HuC8cPTOrvvjnquvieErro6B8SH1Kt+S8WAySRhIeYWHsu14p+rspheZMjFwdjQ3E4WZAo94F96kU3G9PCDNRINUPDZ1iMJuA0+/w1fQDqKqVwFJi4NSbmJJNoXEtXwpVJ7F+KrOos8bIyQ5lil2uCxr4gqY+aAKnKUM23o9wC5VL/U2Oy4qpZt01e2YglIuBVmujOkkUp3HzjZVAWVtJ3fdZXxArVe2n+MHMY4eiUs/+akY5DvzlzmWmEnLBwf/4A1x5/ZLYui662NglC9/UJfYLRg8Bo6BVjqP6KKVSdCbJleP4+LzpEnZzOaO0tygAyVmB8Fdm0uAtl7FUB1MI6VyJhtp6csJioZWG3FywLEWXtrRBjLIkpRe/9KK4uYorhJC8948AXgiF30nE0CRp33WK50O1KUjNXVz89CLIIG299SpQB/4YQjq1g7vvorXJs6cmIoMvPp3neahXHyWVaqJocJKq8iTkx7KM2V56z4VJy91DK5aFQObt8Qda9fqKP/e5FnGWNY7+n0veUlM/ft7Y+Ty/LUQutL8SAHbRP1Kp+I4LmeXrDR6XndYM+if47jzUmI+lCkQMUFU1tyga+nh2pC490cSFKvcJlacKjS5ikwREK8CPOJg4juvAJv5KCOGt/L3A55GTxdMdS9UiJFfRNb0THZR9aBWL1V9OkMWZbxQn2EvxrmVbjrCIkGSsnTgpi84qFmUVxk2c7bG8CBHyuKiy8YLv3s+76v4hAG9LAjNAiFhyy7l5EUP5fDxtWDTn/hkrP76r4utv/EbLluOWLaOfselO2JodCwG167JwVFojsocVHw3XLBTKe3JRnIRZ+elHpOVlKbFj/GGSpUm54nS0EmrlMknr8oy6JIvfK6KNG0otCT21aFyHFOEIlrp5YWYO/dVx3FR+I8Dik+kxQxmXIITO9m5CcrDVngryYuvEk1/QJ+Dsy4YSpsL4ZRWBA/V4LT6r05enVhxPXW5DiuzQJYrfVJO3s8jzO3bFwOaazs+/JFCWV4os3v5YOb+++NWDcAQ3/SyYoWPjYZofj/bg8MIM3CK8gJQJI+6B49jZ0PzWHbLPYEqDwrMp2Qtx4nrhCHf0DP2UV7O3qyf9lilxedFCLpCquS11AE7dZb25h9y+hfdPiQW87IopII8EnNnHlkzmasF8SJznOAJfaJQ9VRQD3Vif/9em9JUDY/aRxIW91F98iUGf5RbtsijF16V+5hOMK+ArG2gHHZV//KRVv15p1YZuoBiayv1OGNZBbdb5arvpHbyNg9tUBhkvulS5Y51G/y99MsNy8rRJ97z7th5ySUx9oSbPBAEBqWMqsFE6V5LEysi3dBILuLsOKQnXqLyzNvxVEcth1eTLOvu7iBd/UxUJrraobwd3jsRgkqLRoqJ5baiTnFzDVrrIU/XlIU/n0VXfX6EVcXUgLBPApxMstyyPIxj5ysOSHB5CSdCm5fKanusV4tKdewKnS7oFZppZvYnZe107oRCoytJgH4jR4BE3NQLxXZDZ9bn750DJQ8fMr5hR6pdbhWpNctz3AzXoWCbowERRk3jQr2ANpAsfPw81vAVl8dOOf30nXcmzzKB5lrp5TmOB3/xF2P/939/jN34hDJ4XdAFX1cz6eug1WO8j+yliz6qK21aS47yQnN56243PM1DNYw6g+4HXhSImBpMgqT01qGI3R3A4bvrZOtbcZLLUiXF77pIUxfBhXpJYoZCYvGhGi/V3IAsi5FZSqD/nvh1oWpqa6NNg6eNIuO2lH4WEjf9kp2ydKJsv/LuswvTWWoVtf04p9LmQi9ylMFrFD4xULbgWpxQwKJCPuVFgMeLEPyp2zu080gIdZFCpuhq+FptNFwumsrmaIezAzH1kQ/HRW9/R6x+wfPNdq5jWTj6fV/xVTH1t38Xw1ddqUHSbsJgtJwR0A1/pxqDQpfE44mp9IDfyxXNxXqhvDg2cgveeqvOXAbdJlKye5OOqOggLceFBf78FdMC0gSV9Th85elzeOjmsgyTM2nOg9KODKWtFtRLdWRFSDonuULVC3ZQsV7cHxYFq7ACEklHFh2ygeWcUQpdirNVcgJIpHPmw5nAdhQ27cmyemKxvaHh7KI3kqXuTKOmOBpAjeOiT7Lda3HRfYwHKi/fQkOaunqcF+DkNV/bRF9df6seQF8Kr08EpIsM82/qQx+OjT/7s7Hxf/yAec5lnPOOfs9znhczn77V38BqP3NrywCcrLObwqtoLtZLKTeP0o2zF5rLmTCkgbKe5vCZpsBEaO/umvSI0dCmZVW+xOgA1OYdvkHSc/FQWkV2qiKXC1Y3nxUVQOopI58JdKQvZtqFxcl5XLR9CrKIdNge6Kp1lHQunEmqqmQExX28AH4CaeQgFWexfuhZKhVFRpALm9x8NXTVCyRPjiAtSnTlmqfnSgPz3gCkwoOeluNWh7UD99fV5lW6vsVnuuXVLy8YQzFz152x6ku+OC76/dfDcc7inHb0Ox//pJjfty8G1661kZlojEg6vJrNJHWmC7rT4+zQxGNHaTlR16GUUbAZrK7Qawz6jvINn+swsfkBhUSZ4OLpeSuu1NVwkLXTJc3wRC26TFYeEm1Etuhp+lMBT74UOUAi+TPbFJwYRVUmFGq+oQPpqypplwJtTBulc1fndNXVMSlPqiP464nHx2/BnEVP28F5dVk9yuOwyNiG0oMuLWA9NkVPy3GTj6T4Fji5lOnQaH3SzckBW7s8O2En5xkFZ/Uyu3tPjD71yXHJ//sHNJyTOGcd/Y4rroqBGR5cWJlGLs7CRMqPlwrQcUJbvAu6NOijd3EE5CRv52BUkWdAeZ+9lFs/SU2I7tcqF/m6c9d6lJVGT6YkiQ8e2NvOZy6BNve1ET5PNP35PXjBTg8fk94TULG3XvgVwa9yD1nVR1zyUDwpe9ogIJ8vJwk0Vf5aT0YGdShUpzZ3aYfrh64/iyxwbqKk1d0bxryLDgoPWMrBDVGxuYWTI98pofrKI7DT1/liZ5ckbVfaFqOIxQIZYiPTJ3TyFub2PhTD11wVl/7buwrl3MI56eh3XHZ5DMxqso6Pac4qto3VTNIMEgPgUOgkFj3Gw1DoRQ5dfnSFNM5u/aSLfliZBHJsUbOslkNoOVE1Xb7nDsRwPIcXrU213kz4v3Bldimnb0PkbBfCKVtt47ZVOrSaN1MrDZRvZECrDNpi+hwLcNLulIBuQoESpN0H8rkApC79110ZVGcradgtoldTF3XwzPuYjnh1aNDemamvtHvBkb7WS1wbo/QCJ1ecv0aj2VPYEiovlw1zBw/G0CWXxI73/XspO3dwzjn6HZdfoZ1cDePnjmQ8mndyzq647tAFyHrXtYwIHq/U4U3UwhokJsMi1+3w9xzlAZOMalpOx8KAB+dJo4QTODyTCE6Xo79J61+OgaP7OGsmVBU9bcen0H1oQVn3Ow1TuoSDuUjNkj1beeKKmqdtXhRbaedQBkqZmasiEnZAgfKStB2J3V5BDlvFGyerehX33GQDx3FwdPfszCb38ZU6zKvQc1QnAPhLO8ynNO/HG4Xecy1fgXzr5p4/8Xf4cAxtvzgue/+59djsOeXoPq5Py6DlN81sQAWaeCY7u3nqTbPCl5O3OIQtoJcljvLN7g6KM/rFC0RTcnIOj2zrLj3IX36Br8XjIr0QK++PX+L8ZEym30XOPIWRyAxOdFF11rhBP0F56ypYIEN5SQKXVVq2z22sPIq90Kidbm+/cwuUZY4+EpfKnBa/fU40k8ULP3aF2u5nObp39SuoL76Dr7hhbdpQdBd+33QjXcsN0Xmmv6m/AP3VyZW0rIJrPXQ4hi/fETve++7kPQdwzjj6zuufEPMHD+U1eQVNw5AKNHNRZ2cI2LVTQpDx+77IwV0UQ89jrdClg8Hx4HrA0AtL6m7XDfKaXDRn4CeBTJEv6Do8yoDKqsObD34XCOpDS7bH6WsbSp52UH/pdU+MPlvBIuhTwsQSGyVNZNSyhqBsKbfzIq906X8iy71D1xiUqJ5EFuyctR8FOSbiZaeEQDlO57QCzmZ2ZUoddtjC04wDgBe6F9iSt24ss0hbgNMkxCe9JC1d2kWhv8RCOnouCQDvVtCW0gZ2cuaR80X/3P4DMfyEG2PHO86N76U7Jxz9rqc9M2bvuTcG16wplBaqAcvA9fwkkR1Jg0EPNBjNDS8Ii92kk/zgiL2tEFK3d3cnoZcBrE7a1EMSJrJZrzPwkuSl3+HFb+dzU6C3eMmip6hJqC/WR7kls6ilM+vL8kxDy6JKZnInUfWLkO1QLkm1yGU9EC1lC1r8zWnC2aKzXb+L9NI0ohWXdH2bqt2eBdfpjhXsXJJT8MM5HpYWL1jg4PAjoT/XW2RAcX47KDKlbeZTur71l1CdXI/P91+PC+ziVYYq9NLj5CXtTxHu3RvjL3phXPIXf1qEHz2U2fzo4d6XfUnM3n7H4k4OqgEZCA2oV+lqWE+MruP7GqnK1AFpAfm5Ga3ePuIVHeLJZ+SZJ6nPGQ+08rWeMhH483e0lUllnqqLZKte+NndaLOfV/ePBsLr0uQtug3Vm8XEqQPnoL81tu6eUOpT8I8fkFZ9VQ91A7/6RfXSPwWXWUQx/45du//sXPzBSxk0Itel2O22YMbAOjLNdS0ctL19tPUOi15ff4vCDukxIS+w/s3z8VfsJjn+vIhmsevlBhgE6MWGaKdG+mWZ1tgZHlOU0Hdx0h7GSOnGyWmr5oi2DQ9pF2ojjwCrnAIiy5V8U4fSjDWifE/hsb/5u9j744/+T0M9qjv63p94VRx41c/GyOWXpQFPBHi0C9Lk5hhdDU2ARSGvkZUiY4v336TTywC/qyZ6kWt0U4R+ju/M5kI3X39dOIqKlt7hIfHShdsOH9fcTRkyFnIy9SsQCalZr6LbVUzIwmSvjMmzKHw5oslIeeWzHoUag6aspau2rY0Wn51FJDuy6clSVfqGGpmqxotjyjZ1eMVh1yemVDplf9vKxQgrIOrxFYpzwcWrbYsjOyteAnBacWkvDk66/4Yb4+lFouqvgN9PZOZ4UU9PXejBBkVHMy8JmhtTt38qtr/trbHmhS+y/KOBR83Rj/zru+K+531WjF39uDTIyaIYL0V0FOeITgbj1gHzQHGUN0u+9B/lRRKnB6V9o87sOK7SWtNzUlUHsUML7frILuXwoJT18FOvJokni1WqDc3kUuxGlDqaWKGylCoKY2bF46EsdThGf0k3O08FeVBp7XybV2lKXFrLQMPfjSxWJz+AhXR1qFRSylPezoFgZlVFFS5AtkdOMH9pVyOrPlJeypypskUnO3BeprV4siS/zVZYUL9PAYoL3Sc5yfY4s9LuR3Xy2t+qS/Ni8rab48pP3RJj11+btEcYj4qjz9x1d9xxxeUxds0NXaOcCopxbWAZN5+EK/TipHQqnac1AchXZy1w900WvQ5M0V+vl33t77TaSlx1FL4q1zi8vVdp0PCWF1hbbSjVZztMLvcaUqWgRJUlnWfyTFemElUWJ9xeCzb9oIxiU83bpffDfC2eXhZoGfWgKkYQh09C6jAyj508QvrPEr22dSHvaQFDKbDOzFseO3g4FpY3c0rZ5E8HBye9iyNc3h8vTRW7+GodrfqgWwd09BP3Q3Ni4vab47pDh2JoqcvUhxGPuKNj5ltkiPFT3cn7UYxcDb3oUV5pr+CEFBJdUb373gID1ezKyJqYuvRqbusnLObwoOSrSbNNTjlfMl1+si2nT6jNpbiKNd9a45bUOpsXQYW+aM6knazW1Y8lyAvQbkM7zQC6LoUSJQpjU29TkM7kRNLM0d8+7F/j6nTwt4zRfNBF/WvE245VnZgaLLbEMV3IJ9xSd7NYVPjeicpohyJa3/NYbavO+nHnhaeERaDyqZ23xfV8884jjEfc0W/buiWGVm5Iox3PKCeD2nQ5i5OagHbUFh24i6qvuStfB9EO34LIDKoXhtq+oss7AnTlexweUE+L12mCUBcQSSap0JvYInqpZZXeQjNEFOuvXrv2TtBWuvKbVmWVbrev0hdDsxsvwddTb7ucRSrDwDz3O7KMtjI2qa+AbOO4Cm2ddiQSZbcs7bYeQL7QjJpnQcTeYlvKwamTG3xggYMjwy7uaUHdsKe8eZt6SrtUVz/9uECm04n5kcG46vZbC/GRwSPq6Hc+49kxf+/9zVNvZw3VyAyAjN9zlG/Vg7M2zs7Eo+c4aV2pC5qJJd6B9mLAQCEPXWlLIe/JpVAdHhQddbGhLk98i5cpCy98lQeQLypcXvUVoDWbTqqFRiaTOYl7Zc8cqrXWrX+012467Vgp/We6BfPJaYidTj7DShVsD/7NkI5UmYhaO2kjAys08frPOlhoUkebf9Fn4Su4ow5UVtVSX8Pbqjsfo1XLyJaFoJadDHiPfez/e1Fc8ieP3NdJP2KO/tBrXhP7/8ePxvAl2wvlLKN2Q07jCdJ+v73QAd31kbo7yzLqv1knNA6vsp7JIfoCh/fxWvzIlDKHoqPJA9h4Mam0xGXwtvhAI59Rj57FUNjRj2bXkwQ3saoz+tW0ynpk+1Bt5ysEp/pgMZzBuRL3MVfHcYPKDlkFimKzU97YAH7JFd8yg4pYZzN9Gg7uY7oC80O8WI0HaOo+YAl0StZtZG7Vdhf6KUMy09yJ/5d3xOrPemS+uOIRcfTpnXfGzquuPPU77KcD9OPspDUoC3b3Mkjdj66WgWK2LHacFxqHl2zPJUfR2ewilDM16izhhbKyyDRtIK40wfqLyhM7folrohaZB97MPiKg3bSjRAkaoExPmwuPiygjYiFpO232G1s0kuZVru6arq/aTWOoPLa3c1deF8EnsZN1cCFVpIM3eupi5KTSZ7CLL4Dqnbjt5rjuwMEYWre2EB8+PCKO/ikZ5Ixvvp0Kaj0yZnWifOtLIE9asbnKYPljrRDq4J+Cw0OHVkqh5NUAWyio16Lwt9tBvsZFF6htBkz/pqgmFpHJyv3SBeUtXQvQT+8Tb2A6zIvo7wf1VdS0+NwnBS+K3oLRqLT+bb+2nHmKzaA3duw6N2m9lnKnspwIWf03i3gb1E05RZwciPirOzVoObLrq2XU1a7vTCG9Mw/ujmsPHyiEhw8Pu6Pf9ZSnxdxDB/zFemfNQCeLOihlwHxkrwMGWk7nncEhScdzeGaTzaaiZgGpgugiLnR2CP8KSdvpKy9xS87pGle60B4iLyjSh5M0fTEvPEVmER1Loqu6EV8StR0L6lTc6ClOrTZmNCCfm9PClzdMs8lqf6OjhX7nVsRL7X8uEvnUmVHlVY4zVj5s02UqqA5uZKFz3sULP/Kuu5TDfzZ38UUwd/RojDzpptjxljcXysODMvseHtz/q78a+z7x6RgZGclBeqRBnQwck0NpJ3VkU5RlDB5B6Xr882ORjGl14OarjC2VkKgXDf3l47DSWXnQRaBO6FLG1DQPuhs11K8MD2TQBgqKvAGt0GlbLkLqA5KafLQxvxE2r0FJM9k9Oavulo4m3Q6uk1gBzYvxtIIdKf+zLuV5y8uPHpsl25PlaR9yfvBI8m49MXroZ9WNDQjw4XTUIR7+VEo2gSxy1UbULzk/7GKVaSPUNGBc+OZa6imyjAjt5pt1fVRHmHJAudLYtPagLXu2Mbh6dUz+4z/EsX99eH/F9WHb0Wf374/3bNwYK664NkZVxYahoZgR/eyb6iRRuykHdlIj3HOc1yBWQ9DG/CF+Jk6hMg84ClJY5SoKi02pou6EK72t+hXnt72mGtrg3aQeMSnIGZv5fh0V0Gq+xQOFlItot+PCCxsLhPtjLoVe0F9gVzW/0sjzdhT9Qr5wmLeqUey+uQhZpzINahtqHpiv2h/jpn3qhlDfFkPCtjRS3tfeRVW3rA0V0mZ0lLHK6hGqzl3gdqSO3MGLzhQwvZY/bJB+HpO9TvU9XDU9bI7+3vUbY2Qt75cPyubzMa7OrJOz8yO5D7PZjg+6y8ApuOtK9jt8Hdgsz+mf13vK69+AB7lk7cIshcksRXdLJ0lUO1EyWcoC4ShfzGTGQstk5itBKO3siQFphawTJ6UeyrO4ByaX8gLLkadMTtA4QKE1qPXWNBU4KrzOEBc5dv2GPfvuS6fi3EaPvq4TEha99gaVR/rr4om4x4N6KKt9IJQ6aMOC63BQ2/Bwg/o50axdFVd+7OH5JZgyC88uXvX+X4hLDspYZZIPyWCT6swRdYaPlxQzPjqog8nEJas/H32ZJHVgSVOuPBQmgo+l3tFSyuC9V46N8FeoyHKWLbod+DQWOpOp6vYRXzF1YBk0MU99CWGKSp0wd8bUx8RwKPUT0OHdsQXR6mWJfwTCfIsE2lHLS0i5ks6GF3R5HOCjHbTHtNLOsmPTB3FICjvKFqiSjBcPYmXt5NRR6xHdx/JiP1sTm/U7OXUjy/EcRVbG4ga51IHqurLAC8xDHVySkFU5ZZnJ8EhBdXEPa/bWnXHg9b9XiGcXZ31HPzBxIC5/wxPjf378qvjSP7wrjqwZYXoa7Oxr5PwrFDQlGvqjhtr1MrA2hZI9Ozxo5+FT0hMvv48q6QT4YK1H0jZgJTJfphfcyBMob9uFaQmfa1KZYyYGCcSToJcWcE7HCk1RTUA8GRR+n98zaZBu7JFRTdA1m6NkaGdNO0+6ot1mypXF6bo6YemR6AKe6pQV1MVCpab5cdUk+r/t3OBRO6KfCKp/Ukf469W+Jft+mjjrjv6M33tmrBtdGzuvWxXvfNHHY896EVuN7qg6jvAc5c8JZwftgVZwVhPcDlXbDrGU17ylNOmhmNo4BbyacfjDUk4vgWp6Fg3fSS+6jFoPoC7aUvjzVehrT02bryXvRYFsTVQFlQ7aaceFgE9UegXtoaz2t9WGFBVRNPdPcb+4ywU7HCBrVnQmaQGQwZFhRKy5r5HiLG7+mWih6fpycfAKtcdH+HVr4sqPfqgQzw4WmYWnj9/+4Gszocl92Z0T8aM/fXVs2TWZA1EwLKMe6HRiWp161I/xFQx0HWxWU00aO58a56MjE6RV7lDyHHd9Z51B0kRLByhmZSWrv4HmSVpQVNWFxE7OJKUu7uIT+9iq436ZjI3zFhkH6LSXUNJumxuuiV/SPjIT0z5YnG7T+9Jq65zO13kHXX9Fl/URU5devW6I320TvXQr20lEoAydpT8OpY/02YG+4LiNggIayy7PJRIx9cGkf1eJ3lJ3CtOWbKMZpBcRXy5Qn/9MaMprW88JYAeO8DffEgf/6q8K8exA40CPzw4u+pVL4qYtT0SrDXnXjpH4g/9yd4zvPxZzfe9Hz6h8o3b2kTIY5xyqWcpkyN2JZE5Mo/KUoyw8TCV/Hp504U+It85HaJ7YtWwRoFrFC4aniHjS9lyv0r7jr9ttXd129aK/vqX46N8CiNT9hFlGFbS3wRIqrZMFEVn0NHUr1j/FTftYWLikUb5RR1mRqbs3giaRd7bhPnehNnKEf1zt61nAWXP0r/6rV8Suo7tiaGBI816THXvqGnZ67Yr4mxe/L267YlV+xXILOPsmOTu7/Nnr0llG2zyeWCT0ov4tuJYH0MgzoRT77SL+MQj/3gaFloh5C5/j4wE5sTTDpnQ+jMLCkguSVZT6eirKAhKtuA+17RWuZzE+/uEtWficLYRFRBbAuy8xGRItIfqCr0Iqi4dNR9vM7xdFVJpytMHX6YIXKLddaPEsF8xPTsbIk58cl7757Ozsx98CThKf2POJ+Pdd742RwZFiYBEVcOxjMRN/8+WXxdgE59hesJs/pKMcN+nOWdCfGthF1DGmDBPaD6xwzK4TqfAYxMqb1/bQkVd83bv3aSYzkIKf4yl3j7mTTxpav23Mj2p2KmUsynEa3TWmDtrFcdtVW43LFeMMNTaNvGnU1X1gpPLnQzF9gcO+C1MP7XB73GE3sYtUkn3SeOfPL3McR07BYCqmdcWVdaNUMVa0JeF1gCOBdH63HA3JNtRLiWQwMdPLCAMrVsTRv//rmHlgV6GcGc7Kjn7Tbz05tq7dKqMO5IbGeGt214l479Wr4l1Pf3/cefkYw7UA7OxbdG2yLIajTpxqNk9udlIylOUO23Smbd5yArDJJcOE9I5FugigzrO3xrzUPC+oIF+P7RZYGlZRUDlPNOQet4Km6hOh6iR2ssYtoLfSSDasOCW1QJAlaoVmULBciYV8qo1FoZxiRPP9iYpGwfIG90Tmjh2Lq3ffWyinj5x5Z4A//vgfx+joqIapGBer1zFh59KE3Hz/sfiVH7461uyfdnE/2Nn3djonN6EebdRJRFzT7DpMPsj6845ad0TKKy+TEV5IpEXzn5LeFUWrJwTrEJ/PD4ySdYinGtC7o4Lfyy87pE8CitFdyvNmnbSgvziO6z9OaBysyHZ3YwXrZjcu9dbQlFd5abJ9MlCr+8Wf+8kpQvrdHv1JJIMUEKgHSAcLk2XLzs1lkNVTj9soXtun1nl+wPcgDh2Kw3/x54Vy+jjjHf3S11weN2x9nMfWG5bszF3k+qYTAzKkYb7tuvF42+d8MvatZjQXHwzeetuqnf2MGvRoA0PQv8YgJOmRaOWU0+yYpguVn7iUIVPJlsUqRCZmjPuAIlJQyiss2iacCtBV6jV6KkqgWt2sVTQ12WFLWnBr6X/bSatQ7WjtiJLeteHVX4+9qgzo7fh5i6k7Ph3Xt/t9GjijHf0n3/VTcfn6y0ouQXvyORINkrQz1+e0q1+xcyp+6NceF9vuPuaBXgzclNujnf2MGvVog8lXJy07TbNrESgTSbuSdyfRvecXexlVxmkcg4lOMdL6Y/NCl8rsS+hAxPoQTZ15hVtoKZHBzlNDVr100B/dEG+GolsV190Znln1h3bUt9+yv/RAr243yqCXGD6QHRMJnQqiux/KI4VuLwhFb1vG4TGCkU0Xx95Xntl3w8uOWPL0cNEvbY+bLr7Jw43ZCencUsl3hpEuNHb1e7YPx69/365Yd/fBmOv5PfFecM1+kXb2MrTnD/pNvWDHd64k00kaVFlopNtxlS1qEriJsn5Jp+kC2Yz6kWqyENncfZOW7WkJ1mRtW7tdbVhOEJnFgbju1mDBjm2dCpX+WIfsMHH7p+KGfrueAk7b0X/wn/5n/Nt9747xkXGPDXPWk4Ljmdwb52aCeNwVuHfEDwUe3boy/u6571307bYKyKzwHOPPO2dvo5reRirpxvkdCSQwbOVl8cS4mTW6zH1ATtGS5SeJ2r7+uL+sgCnlhQFnNlvhFapTw+NU1dOg6CHqL3qsoGvKBtyUW/Wyl8a23/qNQjk1nLajb/mli+LJFz3JjUKDHVnBuznv65IuNP1Tk+9GH1ozEF/3h4fiM//uvphcufSddhrF224Xy9n5xNtjBv3DUR2pLABg4ZBhZGhpbD9IYwOWm2bwN8ECAowKPJ84wDOKBNAwNGjqI67tKWiSxKhzVBKGCszTlbmAFtqmqljMVBrTyftOf1c/LUf/gbf+j3j3/e+JFaMrmrH3+OPMxbvT6Z0sDp+OTi/uuWZlvP2mD8Q9O7hbvzRoGg+cbB0a8tOkj0lUA/fHFUrPz8zoemcm5ienYv7IkZibOeq5MrD98vy5q40bYnjjxphfMRYD46M6Wc3GME84TD8UQ3O7Ym7qjhiY3pf+PjissFrCowpjCiOuhnFTJpNLobav4e1rK6DoMY20EScbm8r5YiulTcNmHGVNTv55LoUnJ2PseZ8T277jdSo4NZyWo2/7pYvjpm03aUK4DY1Dq5n5loDT3Xa2HZ0j/YzmzzM+PB3f/Kpb4+Dmxd9br2g7+6P+WfZzAdhweipCTj23f3/Md47F4NOfE+PPe1YMPe7GGH3es2P4hhsD97T9S6jgSJ3IfZdcjedmp6X3fZpQ79SCcVvMHf3LiCMH0tdZBJiAA/UnqdtaL+BkMTfHl5JqDOeY16R5O5b7IYO6XGUklJaTJ23A71jOz7IASEbxxH174+qvO3Xbn7Kj//g/vzLedufbY3x0LB1X0mUTj8EhZWiQnLmhEeuvPi5KZdyYu/268XjTi26OiSHt1TAdB9XZt8nZH9VvqXm0wOo/pd366NGY3b8nRp/yjBj9si+O8S9+WYw9/gm+4TnLr39My1E7Wg7Z4ee5RWphv1a0c5RnPjm9pdur+eovrcbKMobzB/4l5g+9WQvLayImVAeb/RDfASjeInoBJwGMbSfmzed8JyMf/FHAsaHJ4On8UFkQZGKVzXVyQZjrTMT4JV8ZW57526nzJHHKjn7xL10Sj9/2eF8HIulFnsnAjq2m4bQo9C5f47qbZ7ELZrUorI2x+LWXvi/uvWKVGoL2pUEzOe5seSw5OwvckaPR2XtfDD//c2PV1351rPymb7Bjz89M+qg+p+OcP97KYiB68/z9GcALK/YmTdAxfmBwhfx6RJcFyj/46ph78Gciju6J4Lc4BrUouFUXcGLItnJ0dkPeMcR3YlZpJbyrQ4MLHhwbx5hht88Fgl196sEH4qr/nONzsjil0fmdD/5OXLH+Ck+CinTy0mAmm2LPtcriCQNTyRew+e/cOhcf+pyLY3hKvTsB8ppmPvbOzvpY2qfu/AB2pZ/alWfvuz9mdj0QK//7f42LRd/2jn+MFf/p5TG/78HoPLjHC8CcdvABLXw2vgfg7KAuqo3OOZ0mOgdibmJPDMw+FIMbvy2GH787hp46GYMbvjPmJyifkOBj6rbpaQPf5SmExk3shRAZfyjyGMXzOsN7d9cfzz9wo3t0bC7WXjQSR289tbvvp7SjX/1r18UV6y73ka45tquRKFjsbrtj/fkmHHwNf71en499l6yIv3/yf8TOK7RjnERLaC4/q7T5fNvZ1af5GTn43bfF4BOeEmt//mdi5Ys/LzqTR3VcnmQ5T+cTGkcsadBcGmGfM9zVeXClLqzE/XmDenXUnxtYEwNjOurv/eOYu+cbdBTV0V47f/da/gJ6IbuxU8sh7MQKckLRZEucRjN6jjdLtHuPaBiHhwZiSIGHyTrazXkThe198tCeuOhLT8JhCk56Rrz5lr+PtaMaVHlvdXKPOXXhoWRI99edbTe52ekLjY6OH5qKP/rOK2PF4ZkFoouBicbbbvvOo52dJ8o6t98Sg1s2xIZbbo1tH/tgjD73WTGzd3eEdu4eBxMWOF0Ltex0UZ26Ykld5tFJbHZ/xLHdMbD6pTH4lCntBn+v/mhkZrTDP3bfKzkOPPHleFweKctThjLjjOIhdmyZbvWqiC3rI9atln+MDdrZO9y8Ez9m55g/PKr1/76/TJUngZPe0V/6Ry+LI50jasxQDA61dnParUbXu+115XBagV2bBzzqDTo8c17ndi8Wyg6q0zuvXxlvu+FDcf9Fea15MsDZR8XL10gv57vxc7vkzGtWxbp/+NsYfepTYu7APh/dmx+DFBiixXZp6G171XSln6wtK/qdnDz1oq+/LsAFV/OBEvLi4S25gRXrdA3/Zl2bvTTfshte4fLHOjBPxjq4a3fGgUfkS+zYozoAzc5yCqJMNudmHDe2NbN9ba6/Wa7VMbr0zM7O6BCwLba88JPWeSIsnD2LYHJmKj64+8P+vPkCj2Js0VI6AezUCr4JRwaZ2knR6jW75TRJLtk5ET//C1fHxj261ku2E4JvluXrqA4sx51dbecueueOT8fKP/it2LL73hi+5ko5xx5G0Cz0p92n4/UPB2TyVNQ8jnoyqLz9Tn5CtOp0SvIaFe3wupZf9Zkx8HRNzy0/ojzX76I/xoB5CJiSN0PwCXbsNSsjNq0fiDXs2OPs5Pk22pxOQPlZBBZVKeCkrLx9SUk2RXzGm+jQaMw+dLMWBZ2iTgK42gnxo//8Y3H1hitVWe9kaGZfO67FNV0bRk2FxnRos45NzcdbXrwmDm1fG4OzVdmJgbNPyQKH5BxsHCcv+SiB0VKbfUx//ONjq/Ljn/+S6OiIPj+tFRpDCXZUYucybjtyP2pZdc42L2/TUC/m18bhwIQhhp5OnrWRJlXl61iT7xl3gZp8bVl5yDtFWik59jxH+i0/FvNPlZMPXFqO8+cvMAeh37FX60CzaYO/tl1HcdFlfMYKu2O3tHfxCif1gl3514mYYhYD6PVUDHF43Zo4/OFvV+bEOKmj+/Zfujxu3Hp97tBqPRJ2XKF9NKcNbodevArpz/yimV8J6+DoDw/MBbyNMDg6Hq//nH+Pu65Y7b6eLDjGr5JhVukYz37YUntOgZttnXtujw3v+tcY/cznxqwcnPFMe+axrNoV2G6Z9GTw22glX1GHD0cc0QTC2qPDWvY4BY6Ie6oTRyfm48jUrBZF6rAb+ifl1qp89bhGb4X4GZAOx8b5mGGiaouZ9QKQuvvBMb06enJ1UZokkCAMxfz45ojdb4yBu79Ws728B7/MUftJzI6MU2N6juHD2F8oJkxembGxpAh+P10EPxwzJ0FN+rnZoaTp+G7Lio7orPKW4a04yKqP99in9u+Oi7+iVHIcnNDR33Tzm+JV7/rp2LhygyosTioJJiRzg8Y0T8OJnsdxJJM3U4XfvKxcklK+7egwPbRpML7/VQ/Ete/fF50x9uiTB59lXytHXyErnXPOjjPs2RPzl+2ITR//cMwdOqgRmrQDpfVtIRKNo3tYVF6yBrR6zQy4xhtTGBqXrbSIfGzXTNy2vxO7D3fi3oNzseuILKEBGRkeDD4siC7bRS+okF/7OyMm9bJZu872NUNxicJF64bjCZtHYsuWURXOxdT0fEyz+0jIbZYKf2mEdXEHGUKWlWSJoTGh862huYF14p+OwU9eosYcUVhe1+7dfi3i2KxbolfHBiSXnocwy2nFwYI5p+tz20qONDA/VJxfPKRxLvFhz05HMnl156u82andsfqmN8TKy16RxCVwQkf/6r/82rj38L0xquvz5iaaJNJxFbefhlO+OnD7IZlsJmWi6Q/a4GJ+LMUPXLEq/vHG98bOy8ePY6TFwcdb16th4wrnjLPLBp3bb46xH/ifse7nflq7uK7DBczuzwWUdDpJOn51dmAbZ9I3aIblsStHtNqvHIhP3jkR77t/Oj5y30TsPjYQG1ZqoRvGqeT84ucmj/WiVHG1BzormczAwFy+dSMCc2tGu/rR6dk4Nj0XT7t4NG7YPhovvkpOOToUkxNzMT2ja0n0iZ/Y+lAsWGeDfP8XZBMozN194NbPiIEj75POc9fZa1+IsQtOPSKnXsyxzauuVjucFCTU7OodHB19mgtzwz7hDqjMxi2Ozy5Ohbz1hpPzqGxnTtfo40+OzZ/9DqtcCid09M0/f1E85eInqU0a1Lajq1F2WDkvU7Hr4DkxzVsXANFosB29OH97MjcQzzFN4Bf/vyPxst+8M46uO/6HXhbDOfM10hhJbZi949Ox+j/+Pcaf8cyY3f2ATz8VtmPJprNnptJpv00nwrgcfFy77R33T8bbbpuIf7rtWKxdMRyrRwfkf3nMq6ctnBs5Xn2KwhYqyLrKYPDqSHnF9kcRmGiut8Q4PWHXkU5cs2EoPufqlfG5j18T85OzcWSGSVcXqQQ6Uy906ehxdCeV0QIwflHEntfG4N3fGrHy3HD2bHfGD4tj90PKvIPLMHZ4HJtdvdx95+k4z2I50RxHe2GWyyvRcXrawuOxPCm3/atKw5bAcR39dR94XfzWh3431o6v0kRgotSJlKHn+rzQ7cRk5N2eaCprHB3nh19t9pxbDGr9HY9bFW+56UOxd1Op6BTxqH+NdDHp7M5bYt2998bQ+nX+VFnbyQFsXVJ1CgY+KWBc19Hjq4fibR89FH+sMKNrtPUrB9O5zZfX5bkyFKdTSE0kizLiYowmSQMU2JWJvZsoXe/AOy9O7o8ypLyXO9nRJcGhTnzedSvia5+yPlbrFHHoaMeTLmtMtZwS6E9RvQDc2J0f3hYx8fEYuuWmiBWPvLPXdhHT/ofdsRcgnRkrs7A2x3euz7Xo8xYcdDuMKubYjswcx3faJmfnIw6zMwdixbW/EKuv+85UuwiO6+if98aXxOTsdIzIadSkhdfnahQNclr8DGpaIhcFp5Q3v/6YPP6sNP/mWxwz6teV983HD/3nj8beHStT5SkCZ+fpOe7ML9nBhwOqF5PO3XlnrJuWcx85HAN8hXNB43gCtiTbJSHLIM/bkVeuHYq/et+++IMPHYpNq0ZilZwe+Xqdju3rGOCJrP8V5lFcKa6XtpFWcCwaelJXOjhwGkfU4NHG+m5L5SXPLn/PwZl42vbx+K7nbdJlw3AcOjbra9fcyanB2pSGVrIFLleYG1yjnWxPDN18lVa1cZX0MZ5F1CYRn+ga27xqysPXmgJsoN3aDu7ju2LVOjDLtbnqpx0c2+XsOUat63Tay84+NyOZdbH18+6wysWQ3rgEPrTrIzHC55OXgBtR4MmDYUigVbF3ehcoQPJkKbTjYETHk3d/xmjsesLGGOSbTU8DHN0f1IUM152PGFSXv//s/rtjI28vHdgfuqBtHKgf2KE2j5gkp6H1m8bivXfp8uU37oi/+9SxuHTdiK7LZbvCWJ0Ih8PQjmV8JoZKzWeHVL3UTdpv51S5Um5aKbfO0iBfq7vJcGbbK0/2RYuNWK9YPxIP6Ej/dX90b/zUPz4Qa1YMxpoxjpVlUVeoavvR1Dd7SE3fFLNPuCcf9XWdZwdUQaDJ/e9jb+55u0vNYGdsVU3TFmn22YfrTBunQ5VdHPiyWK2Qsb1ZKsviOzg4Z/tXfxsYHI3Ovp0pswSWdPTffP9vx1Ubr8zJQX39nJVG3AZ5LFTozSBX+SVrbEFCO+6ejh/+zWvjivsmWNBOC9XZ+5v4sEB28qS69+5YPzUZc3t2xyCe1wdP8BawT3WqDePDfgjoa197e7z2fQdix/rhGNflDuXssIDXdLZEdbzqsL5DSzvEny7fi+qw/e0wv3Swm7BYiSHrVbryUwfOO+s6keEUEXGZ2nn3AR3nf+uO+MuP74uNm7mRiozZFkXuTqlvYP6YjqBr5Oz3RUzi7KcH6iPQvIUPqJwjjt0PV8qLghyYIaMtsp79PpsIncUz+2QiIqX98A6tHo/Dn3pNEhbBkm73ltv+McaGx6wcVRoO041SgVErbIppYIu3H8cpagMdkzEdb/7KHTGmI+Hpws6uUT/Jak8fqmfuzltiPZ/i4s56a5bnzpbOshhYnTdoF//19+yNV7zhzlg5NhDrNCGxOs81k/JnkouDoQWnrPrauu2sctr0VckoRg7nxDEzsAhoopuGwxK6vNZnvVkfcN1qSzp57Q/unPUzAa/ZNBp//fFD8Z9++1ZdVg7qUqPOyi7grf1oYyAmVLYqZm+4Szv7yT1YI1UOqDv+AyrZx3PCsfuhRnh3VpKLrW4TcezSwobI2Cii7cipvyUbQyMrYvK+pX9bfclr9I3/e2s89eKnwKEjQl5zw+kVReh5hh1Cbax4BzTIZOqNOE8Eru9hE622/4SQ3H3XrIq3XfcfS/7Ky8mCa/ZtD9d3xqtDM7d/KjY8+JCSmnWta/KKdAZsmANYnX8cZ9BE/Po/2Bljo0OxWsFLeeltfUiGZ99z4JHn2jxpVa95s1T5lM26SOkl/6GahzTlUNt8pJOe5TUNkEwfrXI58ZJUHTgXpDsemorv+awt8YVP2xz79k257T26iu5Kr32b59Nwnbti6NNPWHCDrooTUxUfkuPBFEw4MkpBOnTloZPZ53Mcauxxr9MxqxfVIbEqFnG23JBjLeZ6nRuqk7sfiEteUQzQh5whffiLT/5lXLX+SsyehD5Z1dWei4ZpCsTmR3OVqzSSLZkTQsyb7p2IX/uJa5b8lZeTBTv7bi37i3b4TCC9s3Ly9R/7RAyMyEkXcfKKOtGZ1ByJN64eiVv3TsaL/88tsVbXtys0adlr8yZYmfyKkXIg7TLtxBrg5gitmJA8uXPnjm9xgwlB2iLWU8pKGnrqTwHHBLVBVE8qy7oWdn8mJxNSFBVQf3VaNoarNo/G6977UHz3n+70Ud66WoAvnTvtkdDknjsc86PXx+zlfxoxxS6f9S44itcdWw7Ol92cM0fx04HbbeOq0Wnfxl5cp7Nwl87QLxf5+h2C8gqMx/Da4Th65+uT3odF5/277v7XGB8ez/p5KZU0EM1jU+qqMK0EirzRVPnT9LAVE3Pxp1+9IYYHtdLVzp8mHg5nn7vn3hj7zd+IoRuuizh2rFAXojoBMT94sGnTePzOe3bH9/zV3XHtZp0vZSTKfewuRssdUibEkVRm5/OESGcHdjinlIYfPsVpqZSxnPhTniRO2pVPXUkjIA9cm8ozW2giQjORAbd82ZnRSxn/ijeuGop9R2biC3/lE7FhzbDf7gTU0XXuPog+0Nkbc+u/ImL9C3X5ONHr2OfaNfbZgBteWs/2rX6VQ1mCfmIXLQKYl0K/hU1R4eW8PDi0KqZ2v930fix6dL/sl6+Kazdd45XCvsox3cdO5UVwXUs9EUeF8CJLY2GrD9pU2imCtw+3HB6On335B+KBK1bmoneaQJS7yhcNDcXsUpPtJMG3cg5cfWWse+c7ovPALvXtxPrYBbdsWxk/8Od3xKfun4xNq7QdlVnKIV3ukoPKYKZllWWQMzAI3UsAcWhs2OX9U9WUFb4szxg08gXV2fr5AGk/8UZTWHak38VehBLp0F0nF8GPIedk5EEa6mPhSN579k/Fn3/b9TGmnZlHbtttaXQUuCWqqzO2PbbetUXzZ794+KI6/5+HkM14WIbRx6x+3l2LpuKkyZayLzNkfl7Hd9mUB5V4v50FD3/A9tHR8f3Q7rj0K23BHqC9B/cfuk/XjewwQuVfzLqUQa8xaNP60eY7RQxr6f74tRG3PWtrDPGJizMATcB8uzUDiU8b6s/sg3tijZx8dtf9nqiLtowBKGDCb9m6Ir7tD26JW3dNxAYd16F5RxUb+7AfXhEg5b6cBsUZvAur3Duu9eZuS9Jlgo/TSpOrO3OFHbgEO3eLbn5iyk3Mnb1eRuRfwouE4kZP4+SIUX86uUgOTLId60biC3/tk3FEhDHu4VQUHW24Hi1iw9O7Y8+lu2NomtmcljhfwWhgKxy8gdI2DSTHvGikFMELKGfsbHu9DCnuHFv4U8sLHP0vP/VXsXF8k9N99k+40qyZes3StC137h7AUBvaO+9OHmrI9vtn4kd/7Yq47D5dty3WrlMAE2tQltqj5ZCnBJrmnywkP7fz07H21k/F/IN7G+cEi+pSXdXJv+X3b4m9h6Zj9Tg3Wqrz4Ew4Vjpq0vQqh/JzAKXDdsTixA44YpYocN0smgMy6bxVH9fz/QFH5vjrT6m5LfrLJFUbjfOLQNxdUIi5vOju5Nk2pmzZyc3K7q68bHSVrtW/+Dc/GRPqjm/Ig5btAG2FQszr0NyR2Lf5bVrsNe6mnY9Qj33N3dfDeh0OnOSFuaLNqtjP1tML3yY7qMV1cMXKmNj5+y5rY4Gjv+++D8TI0HA6sULzfLqUe0yawEuL1mpTO8/kaR/7Txd+y25yOv7yP18Z40c7PdWdDnB2rvl3n4azzx88GAP/9XtiaMf2/ILGQkcfenp0qR7m+5bNK+J7/ui22H1wOsaH07EpswPZI9BCjMPgXKkH6Y7K2Sm9e1IHxjSnJMijA5r1pFTN0iI7e5ExBRllTaEd5oG/q58yO3YrX8sS6eS4ti/ZzFv7QN6vKc8koVyVXL1pPF7265+IofFhy/XD9SjYliiRo0+tfGFMjTxDtPP48+w2W7EtG6ltSayI99exoTKYpPqRzaeXZj1Qmm/knXrwLYXQxQLX+8fb36qjVTm6g6pEcF1ZXxfKk/VYJiV52mjzny6kc+2hufiVH7w4tj6oo9xZQHX2U/pmWSbssSOx7tW/rCP7br/9ZScD6IMlcwaTdcva0fjVt90dn7z/aKwexeQ4CWV1R1baTpqO5jx/SqaD5zVYfj48jYvTmFcBydxNyaZDZZuko3HyWifypLWbazsvKvSCvtRpB0e/yMQg47LYSCe7dE5I5DkhoBd5eJHIetEBEbqTCldqZ/+8V380NqwfNU8FYtk6XrKfFA/P7op9W/9Dl20pf14iO+1kvp+myJ3VSyHjrc3iSCwGmy+nVNpGjj5x7z+T6kGPo99/eJcm4uqSWxxVr2HNgirxuJQC85BuNeKsQJXws8u/9L+vj3UPnvzXTh0PTFysdVLOziTfeUus+Nd/0fX5Xjv5YqC7Za7HytGh+I+dh+IN790bG1fmj0ayE1LYvf7Nequz26lEwHXZJXEkvcJgZ0/5NKodsjgLaY761qW4ltW07+jDwx0cePiDDq3KKCbv8hKTTzvxwIycXHxptnRsnhuntaTdNPQWXSYalGffCBetG42X/dpHY/PWVV5YKlflR74LjvCH48CG31d8nh7hPZz0TAmMS8pRpg0XY1vsww3YMg5ZanBTlqfWOxP5ceiKnpn6d5/++/yCiWrkUm8PKm2xsuPhVHiPg7HJ+fibL14dM2tXljuRZ456JD6Rs/M9b/GSl8TYU56Sv3dWgDyTt3dyQo+YVvimP7wlrto0Zr12ItFysHCFIquUg9JVX9o4d0vz6893svVnh2u9v2R+IEY7WQ2QaqCMmP4qBk15aYMrEvz0HPzO5luCM67D3KLjsGqn+4BY4UWPEj5RpHD2TxPTtUFT/bSA+6o/+he3xhY5PTL9U8Q0jKiSgblDcWzd10nDGs31ru3PJ+Q7JzhlGQuBEWtO8uUEBepGavPUGGheDI5pV7/7Dwsh0ePon3rwU/4CyKJrabRH5ITMAjxtmTOBjHHZHVPxY6+9Li6552ga4CygOvtDSzk75ffujJV//VfRKXfZjwd0bdwyHi/91Y/G9dtWxowchQnveuww8BBIl51OKe9uTbkcxouZykirs9DyOK9YgWJowKyCefpCXQgct2j9ZUkjozYpEqcWlXrXmzLaUnbxcsRMeeyREzSptR1ZVvVyUw46WKXTzj98fF988K7DMcZX4EBXefJWJy/gLvzMg/HQxr/Trn7m92jOPaivZdG0KRsUO9BhgsvEpzRzv5jS5GqugcHxmDnw4cwU9Dj6e+5+b4wMjfTWswSoZAHfUtY/GYWnAH6u7c6L5+KDL7zkpH7l5WSBQbkWXuw74+cnJmLgm77FpwjvftXCBXZg0WrYumY0fuQvb4814zy2mOUk7MRKp3OYpFD6UMp8/FaoR/TuUR+nI1nkrYPjeu7w8EB3WXUw6yENezdu2moKfE6YXxL+E6PyKUMb2ZXrtTjgCkDsRm1v3cmTTpwLm8uTMdtEEOHyjWPxdX/w6Vi7RhYvdulx8BZmO8diZuyzYnroRm1uJ/ftp8sK9sZi0Ir2nXfMoqwfcc7phMkMD4sA98DQaEzt+YckFPTu6A99yk+g9aAo6AHaav2UO99aeQqYMr49Jdpiak4bUrZ1z2z8xC9eFjt26Vr9LCrngRM+Qba/7eyizd9/V6x83W/H/EMPup/Vadqozj6kc9Xt+ybjTR/YE+PcfLOTKCrmsSy8iu1YlClk2jWmwwg173LXicMgB0/W5wx01ZMc8CqQ4l88OGHVAbuv9aEroDHlkURdtsO6kTF/LhpotW69qAtNH5o+WY46c2GAjlS98+5yUxg06oy4YtNofNPrb47Ncvpqw35nhzY4OBSDMw/EgY1/psU+9Z5XcIdO1Kssx8b1FlFzPwyb8RabfHhm316XVTSO/sm9N8dFay6W4Rn0JYAyrzByX+YvycwuDurVX23D2QRvt401v/Jydo9y9WukD8rZ/dYbu/k3fHMMTE16wlWk4/WC0o1bx+OrX/fxuGZL/n68r4mZ8Ez80lLnMYoYoKReJjmOVHgU/H436VJXOmzKcM3G7j9rh4JHVOXTuTKNE6cz41RKW0vS9VL4U8Zy8JJXGQtJPSng4Nk2i5jWOLH1Z+wSz6HuYuhX6iHAKb1VBhqPxn743kPxH7cd0EajGdM3WeCtugajEzPDN8b0yHXn366e5ktwPY4DAZLlI6zOKsZElBLIk+BKis2e9NCKiJmDH1cm0Tj6u+56V6wZXVVyQlG6AP1015TJBThe2ZlCulcfmYv/873bYv0R5d3bswecfUI6eZJrULv5it/6tZjft6+ZhHXnqZMbkFw9NhS//093x4oRvoAhHScdDSdlsHJnJG/nlZ7qMMSQQHXoTGd5hcnmFd38InCTTlEe+9Px04FTT+pSkIDrVd6Ohw6RkW3kCq9KHaeeLIfqMstkDpBvLwSpt9RbYnO7jpRzmfjQc+n68fj2P/xUbNgynvQW0NU4v+Kh2T1xaO1vaO732uX8QHVJbFViQPdLEeaxOYpJ2NFJmtM0nYhGxuLYru776Y2j7zr8QPk2GQ2CqAhzs8dH7zacZcCTx4nC0r8SG4uQzhpU3yU7j8Uv/Py1p/QrLycLHpE9MjkZEy/9ghgaHWscpIL+MgkrsMoqXZu/6h/ujLVy+KZcMkjVnT0509HqpG7rSRplOE5J69VPmLX1paj5O3x3M1T/i4cbdaSUJyDL9b2DOInt6C5XBkHJpGbaozLJdOsgLT4R6ikDwJOLCeUMdm2bYvrrOrIt1cmZE6a39GAX7mf8wTvu9VuSKjbadqlgJ59Y+ULLDvClaecLGm8UvKOLZP8pxsC+vKWWOZMpwUTQGjp5XafPHb2nEFqqP7zrIzHI5/267EbuXMWpa1EvS9MOg7KaJ26XPQzIX3lZfcq/8nJSUN8Hdu+N2e/4rhjY92AxQi+wT31feu34cPzc398Rl20Yy51VI1CdncmOIX3XWfncHTkadycyra+8+aBLGjNFCx/1occ6urHI5su8HBlPViLl0AxSV83WstQjB+a61+la3nVUJcr+nkjHdqrkCVWXygqxlKo/qYv5UflybmWaRYHT0E/Jfqv51g2kWnwNlOe6caRzIA6u+W35w/n2U09YWf1tdbkv48vmBJfQZbCwqyLbW+UDAyMxub/74EzX0R/gt9X6bsT1g/py5BJKMxc9yQqpaRME0jU8TJjXknf5HRPxw79zXey49+y93QaYZENDg7H2xZ8Xs8d0nQ7RR522ERJM7jHt5v/n7ff42A7gyh08Y/Qh26ZjHO6aU2aHqpNfJY5TpNzh7t3hCV4UFKi/OlguEtDIFWdVdehByrx28krrnkyyXcmT9ZWFx4Oc7UQmd3FCyjZtsJZE7vzQsZxivdb2Vn5AE2p6i2z4e+/QpVK59Fng5NhftIHZo3F01bfEYCflzxec+BOQ3XL6Tc5Do9hTUzGmHBwcjZm9H1Eu0Tj6sc6UhE5QSdVcLetasqKqySxtNZX3YcSgJtJDq2biX156SYxMnsWjnJx78Hu/I8YOHkgrlsm40NkHPDF/46074/LNK3ws9mRWibmUbnZ2BWhocho+7mjDV8qddLaWp6Z8Fh1aVk+ZeYnRrzhD6qCc0wbFtIZ81S8m/l1uecH8in2JAEE6XWKnpm3w1DaW/hTZ2gaYrEex+8zKS5vF40VEZU0bBOjk4eVEsUanop99612xZsNo1l1R9TeY15SbjWOrXqZd/Tx6Bh5z0VUlm/5zjCdjIrZrSnpMghw8TE8K2vcq7Z63PnRrbFyRP7l0XPTUvjSayolreDgh/Zsemo2f+d9XxKUPnNzvrJ8Q6kTnwftj9bd/WwzoOr3RaWsKdLKksdvaTePxK++4O8Z89cNkpjgt6lAmc3W2dplf9S8OO0x1CMoYVhwXfpiIMuBw5KvjU64Y3eZMWdpZj/reYZXOO/XIKqjcDgs/eeoG8JSjvKTdH+Dducg6LrLmU2j0+thvgaaOlO/aIYu7Tp4Lw1ys07X637x/t3+0og2fKgC6lB6c2x+TK/5T+4b0eYDsCbZo4MVScYuECezQLVDMmkCM7fnFq+nDt7nMrLfI0ceH+z6DfjxYUyaPC8b2ZHnPGAOxds9E/M4PXhmrDp65s893ZmNky/YYvfKqmKtfLonxsSCTtDUQPNX1tg/vjRWKPVk9EXudvTpABWkcC16ojYOpJq7jm2v3It/wNnHRbYfCEYtTNnSFSiu6XMZfybudhTfjwuN01pGLSXHMQkfau77aKZZGX7YZWg46+jkhVFny1T7k667f6XSdHHCt/rvvvCc2rB1rZJnVtjh1iBcMzE/G0RVfpWO8s+cB0m6JtAWQBfIQmeY1S+PkStsciEEraX/P47BseyCP72b/5J6bY8XQChceD1XXKaE27uGG6lh5dC5e/y1bY9WMJgWT40wwNRmDX/UVMXb4ULFkAWnpNkXWZhKuXzEcf/wf98c6xc3O5AnJ5IY9j+7VeT1xiUseXlKOLQBVg1SO1YXbMXyOoSvYaRARMa/JSdfdONNIWK+kuzzks06Q/Ar8WVeLRwTrFDEpidrelAJlQSh85lXebVSMDZo+S4JLRerlSS8/ZivAx/vq77v7UBw7NuNrVj48ZP3IKt/GkGgTK14oU58nx/c0ZB8gln476rVBn0kSEhkYWhlT+z7qrP322PSxJbgXAWy13najFmvgKa8KZwhNmB23H4uf+rXrY/O9Z/Ypp/l9+2P8y74kBqcWedsOW5UJi7MPjg/G335kb4yofjt0cfacvOk4XVpO+p5dVTDNKdFIK/hXcOSY7HSwQUNZlfEu77joLGWwuVyy1JuyOCGDxiIEX1mMlIfH/Mi5LPUBt1chOQTRfV0PnRarT/lV1Nkn+Di9uBEKbV2kfbIhoxfy2KTG2f4sv3zjePzOv/NtR/k9QAPioa4eKD84dyCmxr+MNfX8wIl8phovEw284/eQlcBes/k9hlZ7677b/NimSsiePCo7ykn31p04RZVnirPxKy8YaH52IlZ/1mfFzCQ3KRcBRtTk42eL//w/9sSOjeWYWSYtx1G+sKM6oZ3cDqWJLUO1TcVErwE6Otox12h1Z6+nAvKZSB6odpQS3JayI9e0y6put0tyeTs/61JAooZSQ8aUIw+vaeng6FCi0Hjxa9Mf+t3QFLcd2jYpH5hJmtncDn4S+q8/uDvWruP5hZRfHFNxdPTLY5BuFMp5DTqJqxabVmA7v+feTFY2neGYPvgB5+zoDx7bG0MDJ/kNauivysrAHBdNxY8QNHnO9Fde5qemY/TZz5NX5Vc399m0AeTV2nHecfPeGB/Kn2q2g8jqPo42jp1OwsRm8iOILN8cY5SynOzpNHYUikoaZITTK43jwiMZ5LqLQua9IFAfJAXHpaw6KzRfZ9dQeNBBqKcP6qk7MUXNoJbFAxJxbYv7kIyOSaHLji2blCI7eS9NL0rw2zqcjj563+GYm+zQDfdlMczNdWJ2ZLMf8sreng8oBqpof7ClAnuouxzSGOpFIZ+enczvj7Oj33vwXu8+JwXsXes9kcgi7XskcEa/8sKM68zE/POeHaNH8/iPY9XJ2QakkQ1j8bcf3RujwzpmlyOwJ7dCr2PjODmx5R+e3Fx/2pkkU50ZVEepMeUZWk7EUVyDQagOhi60ZHk6nmN0K7ZO4qqXuKTzbThoqcfv7ftPoqWeRkaxHbu0tV0PZRXWC63k6023lO86fqWhg08tMH7QL9+wIv7sww/kR1gXAebmOn9gbiYmR18q+fPl2feuDY8L+SLuKPMtigEc/XD+8KItyOOvJ72jg37F1fkXqxD6Sbb7rEHtWH9gNn7hVTvi4j2neAeeSXf4aKx89rNjbloTR3kMaWcvLBXsOnffdVDlmqzK27E1+9gdPcHLpFfSaU9sOTvuUyc5gMuOo1BlgB2i6KmOaLpC1Z/l0HAWQraVnZqyerffH2Xt2YG7iwK6gOl6RZcXkta1N4r5gAt9q22q7SFPsMOWMtNUVvup6nzKsaxLcrGzTNHF+WlQ9VZdPKj53jsO+BmFWleFWDzOYpTM0Zgafeb5c53ujp08ZILFIZ+eOZZPDtrRh4dO4ssm2qjMbaElKyvhEceAb8j9+v+69tR+5UVWm5s8GGOf9Vw5+kzTdIzJ5GrrGdFO847bD8SGVaMxU268MUFxdlAdCDrztHkbib8ymWGpEx5UB25P7JonuLzo9U4qVDr12JHgxSntrG6VXkpQGrF8kKWUKZC3U6Oy6uDPMaRSJ2UlrnXVttOuumCJKILaVZ1Zfx0ds90UFddrdOStCwXiJQ2dBXFE1+n/euu+GJN9qbNCos6jFfCNM9Mjz/UJt833mIdsXU/9gxh6bLj8cNXJguXhZNhz/B8d66tu/8rL15zir7yIjWaPbNyiiZfX6BXMXc1DI+02GJ+456DfDmJydtitRfcEZjYKbcdlR8PZbQ/p8o0oZTyxW5OcKjz5i1xDL7radHhRR6j0ypM3AlNvD115ZTJPmcuLLuilfpcrXa/PXV8JFe0d3Hfb1U7gXdzZbDd/XB7Sf+gAOS9Q4pkvi6Bt4QVBO7XCzQ/4o4nNVLKTN9VUKo7+TBWW7LJHMdCJgC0UtYajFxSWp9oHdx99IMYHV6TqE+jHrFZa+aqdlwJ8hBNdyz9M4Dn4y26fiB//ncfHtrtP7vvg53V9PnDtjdm1nE09gKQ5bPClEh+774h/TD93Lk1kHEYzkQmbu2o6SXV4nJ2J2lyv6i8dHtRjrkIxbpVrOxewXoLoLqt5lVWHN18J6DEdfcpXx+zhV/BCQEAOOvzIKrTR6BFPdVbQ7+DuG0Ui0ufsf9ZnOYETEL9MYx7z51GdXX/TyrH45J0HtbvzDoZZalUN+ARbZ3Bl1nNe4CQ6gvHFBme/PXog35ud2h+Dh6eO2oiWLMJnDegDvXPkEYV/5eWaiFufsyWGpk+iIZ3ZGOZ31PgiyCWAYe3sK0fjw/cciCGvZOmkmA8XYIJ7h+JIbLrKW7trvStPfjGHt5O4EmlUeXVGTFp1ANI1rsF8rdDmQco0CKUMmheCEixXY4WK6tzQWCQ4MdRZ1nZwFrh6TO+W5b0O1009omc9ZVFUekb66gLhMulbqcX0k9rVsR91l+p6IRq/EDYzvF727j2FLU/0dXLRt44wdolKMfZqQxbM36mb2hODR2eOib9suYvpOxWUipoKS0POWO+ZQFbYvmsmfvw1V8Vl959gV6fhmmRDl12qWcODMn2Wa8HGnejE0Sl2oHQkOsouZD1iwHH9mX6lfd2OenHViZzodXhcgLRLyEtfOnwuLpbVnx0/mRp+kA6SutvpykPeOgilvPLUtHkrnbjKUbNPLBBkAAU7sdirgzZ9Lv1CBWU+FShTTxG8Q8EiSBkys9LOUd2XNpKtH2sdGZ6P2/dNxJCu19PVFyLvRcxoV3+8cueDox8HuCqOL1u14QdmSLRMZA6GaXY6Biemj8rrT+GOO+itw4PpGSxQ5HyFG5bJRwtMKL6q+S//81XH/5UXJiQ7+sUXx/yM+JiUzOJFMKQd+Z4Hj8WqMY6ZOGHeTWfyI2fn9CTOCe6jqTyECU79zVEaYaM6jfIMjv6s016Eo6IbftLUQZyLAhocQ6QPypNuyqFDq2kF4kqvPM6VCUTabVTKiw1tV9+ybtFweJXTNtyUtnrwkVM/XERbJAefr98Ft0E0yjQw5aiutIqRs4zStAY53Hv3/okY9a/blAr6gI0GdZ0+N3SluLOeZYtFp9ti/e6lpb2V6GfFlp1DMXhsZrIcPU8C1YbEUljmoAemX39DWLThjzDUFn7l5dU/eFFs3keDjjMZZmZi6KKLbLmcdF2HaANH33VwKkZ97ZjlTEwcg93IOxXOLjBp8yibdCZ61bmUw3uSM3L6J42OOX9dFE5JQCb5VaxSdBVelaMXmuWUpg5aQ9y+Nm/aTJ60gvU0utMGMFTdeWSHJ/lxRtB2cCZH1qXYpeJXObyUU8YDQ04r9kKmMupyHimfDCL2HJqOET+56Ub1YE4LBdVFTMfs4JWmLWukKYUmUaC+Q7IJWnYQDZtX9EtBmZs9FoMzs1M5MGChHW14iq2Mclir4n6ttazSK/+5AHXi4ruPxWt+5tpY9+Bx3m6TQw6sXae2ZyexTXWsNqAfnJgutsmy5MGh4IfCJM6J6xt1mpQ4ILL8zfmYmuAmXu52XePyAw3IAnRnk3DK/KuO5hrdBlEVpQgLCnKKKVFBtiXLSHvBIeudGp4i67qy7rn5PKmwyEjMdYrBZa5DMjg4sUE/kFdwv+EpK0faspxUsuayGDJJssy2o8w6cvIcODrtLwBpI/XXn18mcPjn3aPlDGySfe7GSqmPmNtdNUt3vIoZkx0zF3N6Wazq5OODHb5zi6fioBbdjKkVe5JUTUIpr9qbbAHG7wEMfaRHE/zKy19/yZrj/soLk3Jw1UpPzIqcoDmBK+jakWldzxcjpKMxAMlX4+Ts7u5km7fhfJxXnZL1gyLIy2DpkMiiI3UTp97iEC6Ho9RjVTgmGrJ+/6ne3LmT3/2wPtFKXTgeTpN6lB9QXpMAPf4TvTo+FeURnnZln1xeQt3F4fH8kZydUcELnWrNiap2uU2py/olp+rQKFr2E9FDU1p8e/ycuqqTV4j/vHgjPftE3xuQhoy53Wdu5ia5sBuWaNGziA9G6Rq9UUiU45ZoKehFVqT50PYFo9fwghuWyXMCcix+5eVHXntdXLrEr7wMaBedXTterNZFdXYcIvN1N6oOgIERSvv4T3lCFjOhkxdd7Gl1ZxM1dSDPBBe3HVb8dXyqrmwD+eIoLaeDP3lVpj+fEDRQbgN/6MzaHFtfiWk2Jci6Da4bZdlu0oTaB7hBtlu2cJ1AiiCJ2fVpweAUwwNFnh/wll3cpw3xUafbyZ/rSVu7TLLTM93rf+u1rh7Pp0DNbv046HKF+l/MVLssKNXNCN0M9qpADkFPC+IkCzw9KILFehQdByi2QhItqBYP+iJ6aIDnxjmAITny3RfPxwdeuH2JX3nRhKlvN/aBiUrI3Y+u4hCUMEEz2OE8UTF0TlZNdcdIUOajrm1VHd5T3H+5q2khhVcB9d4hxc8AWjF8zmDXzLs+pTNAQpa2Fh7yqbrQMm11blfS8sNsqSP7YoZCI41gzeeSIYpOSOzgoovHf8pQ5u+F1/gzLdxvyVX7oKguOrlgQKfchZlWzMEn20jZIk5eMODv7V3e4ER0smCG5I94pH2ZOlim3oFnPAwxDPITTDmAS2CJIp55tv1PAA8VOhYfm0ceavfWPZ34iV+8fNFfeZnTrBo9PO3JuxTs7JpwI8M4IZ3DiVKiTlRPVgYBTTZB7uAJKu06PPrQkjfQ+NP0J824KPi9eA8od6+pA746KahLeae7SMfJ8iaPZhyRGdGkibO+RNKSBxWp2+1BRmmO3zll1A+rgo6OPPLDS18qqoPDj5NTR3OaSUVC2jDrzmAo9nMePgVwlF96Is2fFx9qoX/qe7f7vDpd0TKtisoEbrMo7UVXSc+sodEY5PFQDH7SyHGqUReptYfoXYmWlracK8Bx+JWXN37nFQt+5WVQyyEfU4V23NVVRavHhvNbYGT53OlzBNpxTuwuzRNcetOPKEuHb3TAo/I89jIy6WQecUU2sZLIQ8ehcNisSw7U7JqLhzpA2Z6iG1Se4vyw4uTsyLkAwQNNLbBoyvInbv+xjHnTUD9Aj4M39xaKTEmjry44FbVN0DqdWX/fu086SwBJmpUfFF7GcBeLHcq8ySjT9l7ZsYGS5DA35rNkFW8CD82MxeCq0RU2/CmhVVcDaGherKzWeq5AbVx9eC5+63svivWHlW9NshgaipmDB8NfX8RkbJe1wHzm9847ZZLy6bIK8jV4YsNcDGO6/nxbClk7DWXF4b1lk1XesulI9eaY74JbJvnyXMW6jTOlqO/WU7cIzSKACPpEq8dreBxDV+z6TBcz/GqX9VsYeXFbVwkUieaFSSy0JG2hMuvAudPBXY/lUERhthvF1U41ZsGjLW6P0htXjWpBtcIFgJolamlVu6xR+6mO2DylQ5CLm+LYMo1pkDEnbObkhbQzomt8BoZWxeDK0VUemAqPQQXM7XyFV5Ui08+/FLpVnBvQEd2/8vILfb/yIkcfOsDXO2viyFqeuLZqL5jcl25Y6SfjuHuOPN/WAn97dwee6OjxZC1lyjMzZ3Fc/XlBKYNKstmZxW/dGjDcxLHkfER2XgsGHo4TWgfckkIXu6ilSZtaaChEhDq6dBeQV/vSqdFPLfwpLicMdnn9Zz+YUSwoam/OI2xGEFkv8PivLjCmpw1qAG57AfYmXx2eX6adab0VWYEEwR9Ymh+Jwdl9pi9byJQNPBeKTUjO6UhfyqsTMwaknccEYrE5SSv2RY7Sg8Ny9FUjKzXZ0oiF/7iAh6HvLiGCYo9TEfYJA5W1/ERKHyXUX3k5eMma/JUXOjEyEjMP7Vbb88YOk61OuHY3mOybt62Ko8d0zKezWFunACZue3cnb4ctBqq7e53spuEoOAJ/4ktyl6c6vWVVj3UqzeLgZYKy4vzoSH06Myg4LX7/oQs6i4P49FL0kmeRSj7GLReS1JeOzaKkWE2DwW2QimwbA80kSAenT/UanPohJp1y6kstgDyhLo7VzuSxK3fct21aEdNqA7QKNJjPL1Q9GsPzt1C0zLH0PQh3uNiwmgK7Yk7nocvbyZtVL5THsI7uK4d1dOchEQqqHWsMWmkLWQNQARoz5TIbvYYq106fY6i/8vIjv3NdXHbvMecHeNLtjnu0Coxmpwrs7OzYJW9okl+yeZWP780XQzBBFeqkrV1Px2BSp8NlGj7x82dnYpLjTOkk/GG8xpGEdCzpQ57JT7no6GM4Gh2UIwAvFMqTYrj+QocKf/KpDtqoGHpKoFtlqsDvy1OR20UZfUh9LAzNTTb04uTmI6Cj3ffM26GVrvazM5NXGQvLVGc+btyyUry1JfQnrVGdHOLc/GgMzd6l5HEc5ZyGOuFx7oNPzwXudEmkOTCVYVsUoCbZZFsZa2hkWwxuXbUtJme5W+miRoHrVeBtEyZPsX+3XAkkiv2XBnoKb23UuQS+/P+hlbPxzy/dnr/yoqN75447Y3B8rNvVAm7UebKqIzjY7EQnnrJjXczgcDKQJ6dCGq5MYAUcpO5G7UmejkA5JfDLntClzzsxoeizI7b40vnT8bkkqLu+deNYKoMfOTJ2/FQlOjzQlCetYDaC76glPXXTBmqiXiYB9Spt3dm++vRcu2+VP/uZ9IqaRhMObh7sU21WZPiE36GJmXjiJet1jS4askWuZtJW0iHe0dlPiMiv2i9TNHMk4wQ2KckSu5x/5YtImqPFxzGeoeTDfEPjG2JwZHhEq2b5oToGqDCjpBFsw4p5YWiTr4FqZfCTJ5E7TjItpu5Rh9q86aFO8ysvvGfW+ejH5e+aMIsYoO5A9HNC1+c3XLo2Jsv78c3uVCaq86LjZLOdjuPKA6yn5QjVQTIITOL6B1+NcUz+rCZ5GXzyPiGIJ3fAjGmPnVt/uVt368NFgcsJGlBE0ZUTruhnaiCj4OO/VwTR3I6UJYY/ZaGlXdzmVh7QJp51rw6OEDaqz78TuAI6enQ6Lrt8fUxrMUvtAgkitZW/+pYbP+Qwf5y33851YJ4B96n007HsKZrztZ/KwOvhKcy2OVmlzauMf8EmhynPOVMzZUc3Rws1j4Z+mF2NKFmDDDKL8Z/TyF95ee0PXBWrjsxH5+Ber4a26CKoE/HYTCeec+X6mJjWBO3kztpMUiayZqpvFCk/37p+r+Zh8veHrlMw4KrfDoxEKePPzihdOibX63AxNTroTzo+7W8F8oXGRKk0RCp/1dGuszq2qFC80FDGicRs0pM6csFAttsPV9SAfPZDUrILQtjKi6NsVH9kcGZG1+ed2Xju4zbL2/MzBep2A/qMfnTMaxcfm/nkcS9vz3m0zVSO69izF9g2y5hXpBmKpGRczV1F2dmBoy2rN+dkOVmg0SPlXBftGtuovKdQxSMKtY1fefn9b9sSq6b56Z+RmP34x2Jg5PjHQHaZz7/p4tiz76g/zQaYoHUCEmaYxMXhPSkV7DzavdrjyC6MXDtUZ9G/AvrToew80PnTSNt5cED9edf2dXI6FONaQ3th4Akz0yuPb8YRUkeVQSf/vFTHrotCNoP6s8ztMl83uM+KqzN7CogmYkOrfPSQBTO/iUa2lKM/89otcfiYTlq0ATH6q7qqfcF8DMdI599zDVvWsKEFdYS+2iJCsT8LgEyVwHOVtwlyOpjb0xAeD8VsDK/IOWxHv2zdDk+CRVEF+yBbL4AbUeiunzQJsAj/OQVZaMcdx+KnfvW62BajMfcv/xrz/r34pcExdnTlcFy2dY1ORekkGJ6dPb9AAbUiKNjhMYh5RNNMxrl9jSoapqtOgcMQ12BnLLSMsa10FOevRrajUSht5uOvLgStvPUoZFwctNAybXWlHvhIp2O7XAzWpwIC+ZrOfIIUfHZmpd1vlS9wcAXuBXQ6xTbIqt792slf+oQtMSlb8ham69Rf5QGuM8ZidOZmm6Nbsszghpft1+Na7EiSt9ZKlgWQSxrMbJJemAqWgKAEESpY1IfXXgNXat62aquIDKD4xCB7looL2mmBI5QrSfWuADnHpgttHa20G3OOYmSGX3kZifuvvSiGPvHJmF8xdtwG06XDByfji56+XcfMrjNWsLszgUE9kjLBOdKbTzQezEHODsEItgBP1VnTIGm9zt92yLr7w56tyTyjD0+qae0O5i08TqOzWx911JtmoNZb665pUGlcaxMjcTwHp576rTJMlOZkoOzBAxPxgqdeEpNaRKFVmQqqJDs3uC5Wdt6kvi7XZ92xXbdfDTwmLaiz2I5du260VTLvrahcdOyibST4Gauh8W3ms6NfueEKDcDiO7qNqQrzuMQgQ1SwdikrPG3UQa/Q8GgIJa90H+u5BXWQX3n5sd99fKz+P38ca9es80RcCkw6Hpj5yqddGg8enrR9gCeqesrqiynqcdS2FBOhOjyxgTB0MdXHamvNdXJXJyJeLFBG8H0A5WlDtyzjRJdG9ZW3ytcAiKuOmgddXZkmVEeGg4XN7YZe+olE7X91cNT5BpT4so1WGZPTnfj8Z+ikKbtSVm3QhtWjR+nRmdu1ji3fz6Pnl5VgrnY/07FLUoWUa1KRLmwuxoaK/FFn5V0Ery7HRtc+nVw6+prxtSIWI1fFwoAUtLJduFK91K29h0eNg1Aa0qDy9PCee+CJssnhufjTp07qun263EQrhYtgWjv2c59yURybxjk1WYvBiPItL+mUnZio9e0qUCd84yDVORX8vL14qsPZURQq2pMeGUK/Q7bp6ZzF4UqoNELlqfygnSZerM7q2NW5a59UaFqn03EsYqGja765j5GgXVkXPL5XIerhyU58+TN3xL5j07JH/2RyFZJRPDAea6bfoTpKwXKE+pLWwK7drhDbzZwrDi7Q7yKQNAXv8KXcT8hRDnF4pWl29Os3XRtTnXLnnZqqElAUeSTbsFK94OxtmC4UsscTWh/bOQu1df3+2fi1X39mjL7mj6IzNMQ8zUm1SB/o2uEHj8a3fs7VMVGOmPX6N8Ekrk6Txqg7PPTGORTsMAo4YiNfyriJx24Pz0xxVPO3GmU9BZRXhySQr3VVPmgEUOtr6wCWV+wFQry1jXU6NPrER1k9pbinWrAoQ3Vd5OhzPem02wV8j8AFc/Hgg8fiGz7nKh3buxMvZXIsKvgM+vj0P7SfEF2mUMccZUfsqCSIy4Zad31u7OYPbpQi86SM3dGx5svMsRjffBOK0tGv2XxNTM1MmnAq1vIqAmp7FFwpdDeo5EErbmjnMLYeiPiZZ3wqtoytL5Mx6e1JBpikRyZn44c+/7q4Z/fh5lq89y66SZatjoUck54bUN2dH6NlqE7FtS5xPs+dCwN1VAcnrjztHZt6q8PVAG9tk9OVLj7y8PO8PvLQrLOUuV1C08aiB16cmzbUcvNIJPtHu3BwFxvdhU+QDreFeqBJdkLO/bXPvyKOHdSczKocSrUtyD4DG2LN5C+puuX+NVJ2RXVQnfSoKCbJCoapCslmYy0Qn+1BwDYl2F7wqJAfxRhZ13L0J257QhyYOCAeNJtXxneyiywyquKcKlq1VbsHoFZqBTAmrQJ+su7LuQy1b2WMx2sP/GmsXbvKE7A6CH3D2O5vAXfUL7t4TTzusg0+ypsfQ6uskUXIlEojj62SVne8ttM7uDTraJwZedHQC3NzPUwosHMqUFc7VPmaR0e2JPXVX1dFV9dps++EtmOjp/LRBhVLZy5c2Q9aafGyi9Oe1ANcP+UlBtjlnr1H4oe+6PF+Ko5drELVUp2D26/db2TuQAzxtuCp/HbgOQX1vOziPdfnOHgbdLpYCTvYboiSwB4UEEMr+c5E6Br9WkrqMoJgKjGqzhKjbPFHYcmgsmiuUE18KKLRIzBlPcDk27znKLDHJeMXxVvv/38xPJ/vReZE7d3dbRv97d5zLH7yy54Qew7KugK87q+Y6+7puIQ64XEI0gkU59G+97FWDZT0VGe2LlVenc3HZYWc/Om4LdP3oja+wG10HYWbNHpx5hK8wBAY69KO2h7E6tuJ2ZdGTQnozrKsozi30tUuTVB+RnzXXrxWi+Z6p2muxYRM5xg4P7hKu/lrlvexXX1j+BlV+ln7wZzCPs7TcTi0IJCsPPDz9FsqGUw90JBTPDRuNqNx9Kdd8jQZViuoGPxCLHjnLulKM7LufCm7UoOmJQpKN/KAsj72cxWrhlbHn9/753HJ+ovT6DZ4ou3w9G+qMxtf9llXOo3BcYw6mYFjhXrEpSx3eeeSt8jkLk/gBl7etcdRGmfRf9vZ3C4F6nCQngXHedEbh+0v66O7rS3dTR1awKm/LkL1sqMX1J/O7ba2Bts5lbmfSTKPdRbaffsm4jVf9/TYrV2d/pemGFWn2yPu6YFNsX7iVUqdD9/+SpQrFvPHoN+l75WF+QDNphXYvcv6a1rdzefnp2N085OTSWgc/fHbbozOPD9a0NJSIZJDHxm0WUmajUQZ/yZPwi1QUmmN6zmP0cHReNs9b43ZMa6RC7GACdd1TCgDsef+Q/H73/zMuH//UffZZsBxyiQ2LzTFLiNWsGPYOapOBjR1Y7R684o6GOh0tPYumrJp5AyNg3JDjAC10vrLWrQqjz4C+ruOnem87IAnBzR5Sz+LnAN9V7Osp5TVYa+8XlgKjc+cb14zFi95+sXNTTiaZDnxddso2sBorOh8VLvXMj+2297FDfE9aKWPfh8dA/o0naTBQdl1NvnTNiSSzZsyBTLdrDbt8U2fRc5oHH3Hmks8mGWcjaK7i0KvyN2eF2aiZBmbUnkdoDY0TGLJAezXdS5CJo2r114Tr77zl2PVwCrnmWjtSUcfCfSXu+5f/oIrY3xk2E6MY9gG8EmGxRiLQEMHdKxB8G5VyupOn86jco1iBnM2ISd9tqe7AKTz14Wghixbqjzf8urloT7aQB30kUmmpJF1Zj+y/5RnrFC4aK35Mtv0K2mSdU66VB/y9+w+En/xPZ8ZD9yfNzVTf3L1QvSBdbFu8ueX/d32Rd8/x5Ftdr2YDE8ZD8xRWNPmyhKquMo9L+Xow6t3FGLL0Z99+bPi6BQ/ZpfIyklk3gqpSAnKbH/KzdB7LWWokXz4YlEgS1gGGBsai9d98rWxefsWGTn7U528puuEhLLrvkPx1h98Qdx9/8Hg98Kwjx0HWf37kVNPc9IQlFPgJlh1CgfrzFw6COlKZwHIuO6uadDkAXWcQG1jF6VAyPf4ickxjrUeQurvrTOdmXxFbXeTVjn5Wmel+fKB9tIeTXDz0UfVzfX4c67bHM+5ZrMug6gr9bft3IVsGqt1ff5G2W1FoS1DqIvFUrIF22CCFHOj9JzOq3yw9bYkNlURpmMBEI/phd1FnYlYecmLoRiNoz/9kqfHA0d2dw1qbZnsPjjTN2Fqy0hAbvICaWgKqHTDKk0xSc/jZYDtK7bH/73vT2K03JTrBzardpua6cQzLl8XL3ryJXFsinseZefVv23HBOdIJjCZ2eVBtWt1mjKOzZGXQFl1APOZVsugJU910FrWzVdnzXSV4zqdfJ4KkofaVVzqykRdcOBlUFO38lCJydd0o1/6kEGBjICfi5w0ysrkuu/u/fG2H9YC+cAhz5dex24DXati4+RPxJxO7EtxLQu48cUFmRP6L6ZOUN7K2/yiYb9aZpJkKYOeH54ajJkjuvRc/wSVJhpHB5euu6R8g0jV1gKK+yo2eirOycEYUbE3h341WrnY1cy/TLBqZHX8r/e/MrZfeqkn52JgUgOeartr79F46w9/TuzWNTtG8KfJVJ67eY6Id3gZATFS6K2fN8C5MWDV6fIai9Y92qdjZZtIKYiWDp70dLbMm3+RADJOeWLydsSiowbTCj9tqe3p51FKfLwyGQik4aefeRFjftH3HJ6K//2Nz4jpKdmpTAzKFoXoM8ObY+OxH9eJcTn/YAP9l/vRXXe1JgqNaxLmCP6Swy2/wl7psmklm6M54eN3uuKSD3didOOmZCjocfTnXP7smJ6dLlJJW2DvQgeU1eM8teVnZEshUM126n5UnkWKzlVsHd8ab7znDbFivvWeRQt1B8IWpPfum4h/+OEXxV06wtf+tp0AN7BtTIMhd3qbRDRcwbwKlWbHgJ8ySJUHfujWnSDdI1NCTVd6DcAOq9g3yFpltb50TzJZZyMLD4tY4cVZOYr6eC4KQWcG5UvrqpzAN8esGxmK//4VN8X+Y/m5c7D4ji5NA6tj49FXl7eZe6bv8oKHx5aS3fJmqYHNim2SyGnRJsPsDZxX8K9QFfYmLx9euf0LkljQY6kbNj8u/KufBbUCV1gULng/vTTGKHwLgJzK3NDCapqiOvbnOlZrV3/VB14Z2y65uDthFwETlIE6NtWJFz/jknj+k3fE0fLFFHUA08GxB07AQMtJbBzlpDt3wYxNVbm/GaaMNA6F8WserW0n9XFf7aDUDgtTgWWJFUi1eWoaoLvyUJdPEYoph0576I9lCGwram+2I9vmr5iSAp9QFLvf8KpvXCKAXXcdjJ2/+iVxt47u3IA7LqSsM7wlNh35XvVv8QV32cBdLe5X7igyrbg+9w5dyz2f0i68YkoC9swvIMky7Aw4PMXcVIysf1ISCnoc/SXXvzgOThz0kduCvBQFDc2KTOpCtDKGgoZZfDSUBqVcUVLQc3zvLTqncdmqK+KVn/jh2Di8cUGf2sjdaD7uvP9wvOOVnxvTR2eyr3rJgUpHgI8YXfUP9+Kob+dTYPA90N4dCWkyOzOx7GhHgt5qkx3O8lmX6yjljqGVUGm1zsqnhHX7tEBIKuSmPRBpN8R07qKj/qkDdfGjqnTwAV3iDMQ9dx+Id/7Ui+PQYR4ysoGOAzn5wMbYcuh7Y85fE3Ai/nMZskvPsR2QKLTm2A6fSKLluGSfnSemTH8eQtLi4WepZiYmYs2VX23eih5Hv3bTNbH7yF4LWym1tJH19MANUWBQXa0blGVGGeRFAXmJonMRK4bG4423/lHMrOvEfCcn9lJ9Y3LnZN4fu1775XH/nfuKjXLiY6u88YUNUwf6qj3gzR0QHty/OK4mAOzWRKI4nJ3R3FnmtBnRUxwWPTVdyuGtZeYt8tbBC4MOkdiyyGTb/G01/CFaaMD9EMhCy9OMp0LpOw/GHInv+tKb4jk3bImJaVpzfHg+DqyMdZM6ti/nO+0Ae8kgjNyix3bsDpHFQBk/JEPK2zUJ0o48RvgfRVyfs7DOaV8ZXnlR8hb0ODp44TUv6LlOZ1w8brUOFOuPAaSMfDYMRuKS7wdybV3EJKEtxn8Ogsn8uLXXx1f+28vjik1XOp/Ot7TDQz16dCo++Zsvj/tuf8gy3OWu/PQfg1Snb+siJomtXY/+sk52fPgLrwOyKmOgGxpTqYKKlLfdlbYIE0vZslP4GKg8uu3QKnQ9pa68WZh1+K/w1Dv69YSi/7Jzg1zw4GMx4ZHafUcn48lXbI5f+eZnxD0PHrPcYkjd2Hc2pgYvjx1HnhezQ8y+5QwZ2P0troeH6l+mVCQ7kXUHk968rcbcYMwIpdgRPJm0xjkd21df/tlJaGGBoz9nx7M1GFynF3E0FzRvsxHqOIJSaZeTAcpGMOg+qpNowYsFSvp1nePgrYvJmYn4w4feGGv0xyQl5IRc3OH5hpSL14zGu37mC+L+O/b5u+PrkXsxp8dUdRfssVvJ++Ydaeosf7K4GZxDN4E/eBTYff2dcaaVQL4sGvBbQnklVQd3wNHp0TQPWTsffzRObc237uBnAaOt2IO+9Dq3TwzCsZm5uHjFWHzg518ad96p6/JFPmsOar9d38BYbJj/lxiZfq/Sy/zaHBvKubFRHsUJ2FKuSLI5ttdyTlyUFxkIDAV2mS3flQARW4t/vjMVY9teAlcPFjj6S2/4/Ng/eaA4J5qz0gbUnfU3gKW5Fpecj+85Tokqg56i0vnC4yS0ZYINoxvjx973wxEb1Rcd4cHxHB76wWMz8ZRrNsXf/ciL4v5bH6wlFNoJkOH59JTjM9tYBaTj40S56+Nk2BC+5PHOqmDnSHHnM07dze4LHbamXDT++vKgvx/ku6H2M9tAHwH8LF7VuZHOsvk4MjkTayR32+98uZx83wInr3Whtwu1ZuSS2LLv+drNx0qPlzeyl9j8xMd2SJgPX8QseZmcAT6LEKuMt3Y7E0dj7dW91+dggaNfv/m6ePDog9IhaSokUrDtyRdQzipPmceHUAa7zQdcXsaOIudJs5hQYGLSlgNwhBs23Bgve+dL44ptV/ZMzOrwoDoFgPbgocl4wZO2x1t+4iXxwG06xssQOC+xzafgXV7BjtLs9mmcXt2pvzp/Hq/T+bLO4viLIGvrxm1+6ksdxNm+rANO6s5Q2+E+qJC2OmbGlXa6X0XHoYlObB4Zjnvf+NXp5EUemK8E6u72cz6mh66Kyw89Q04O54LpusxAH+lD6TseKs/lkok/zwEXicf2y/7qkNXAwyBGW6cVQ5stp8DhVd1HXysWtdyX3PjFMeVfb1kIju8e9KK8QW27a3X1XmVoeDYoF4YFaOmy6DIB/Vk9uDq+7WPfEpetvqz0uxd1wqbjZN/3ytmffcPm+NCvfmnsvuMhl6ON4upQjQ1V5iM4QQX+RJocKnV166s6akxgpyXAWp128UB9yVtlq64aEumI1ambj6/WfouPZDp2Onfqyj5fs3Vt3PF7Xxl37kwnr05d7UK+tz6+pmtNbB/8qxicfL98YpnfgAO2Nf2k7+3dHMcusY2IrW1S+Qz55MTS9j/keR5eBJm7KYv5yVh99dc4349FHf25lz87JnXW55jg47tnQykE1EuARlDaDXNHyChdGtug8ovHHVBcadn5LF5O4Dn4D+7+QLz5yN/G2oF1av/iPagTuE7mfUemY8eWlXHnH70idt+9319WQf+TzxJ2ADu+VnMfq03lhQWzOFwJfLWUd9SyCDhgf7fnRFZNHmSq89XdGWduOzSx4UYSVIP5q2ODpOfgz6t/++Lrn39tfOSXvzB2amHjuF7rMnd2uIkrONZuWNuJ1Q98ScwOr8i+L2uov/6lleJy+JX+MYNG3ePlPtpsySPT51HdC3FJU1x9iAxAVrpnp4/Gyu3PL8ReyB+Lxfuw8ScviidffJNXj0FqkCJ8mMsqYhpFZfODlPNb4ipjkYEHBXycTilotUPo4UZUk6dMsXXoz3opVrxcwCDdfOCT8Xcv/PtYc2htzAzNlJLFUZ2deES2uOSitbHjm/4k7j02FVvW5q6VDt9rBOxlYxVkeepq8zbDCY10jU+EwrewXmQ1llaRE4486crankI13VG8X7v3W3/mpfGiJ18cO/fkB6bQD09/PW2wSRwdvzK23DsQG8dHVdty/RhqC5yeNMFxSEw0r2sR7+xy6voLqLYITjA/JCdP+/B7+RzhcXo7NrEswo6Ow/stNd7qlY0mdt8f131bdyzawNUWxZMvuqnnKTm3ri7oisl6vAutgua5QXRKLambgKHBZTVHjnF2mQVg1+AriehyAsvZDet1vf7PXxADWzRonRygpVAnODG/wnrnfQfinjd8dXz3i2+IvTsfsoO0d2nvzAqIIVNDAnvmkb/uqvU4Xj/6WR+cWTqIR4EJhWzqauujnPrSQbsjBL/4iv7uLj0fe49MxfzRTuz/62+KJ121MXaW79Jr930pcBf/0rVXxu987EmxeSVz6TxwcmzmPufO1nsTDsdXOTbGH0oednEqXRYGFfnYDg0nF8F+xvigbG46Vmx/vBKLY0lHf9mNX5jHd5TXu+9toLyE2jAmhRsLHdS4ABUcDvqhKaDOU6gMDV+E51wGA3LdmsfF5/7jC2Lj5o3B+niyXWDS79TO97Mvvylu/f1XxKEDE/6KY//Ek8qwbT1G2/EJyi9cAGrcTZcajhvQQWi32Nkmn05cHdmhpKEB2kKlXILsvX1f/MBLboj9f/61cfDApD/Bx93gkwFv912x9qq44R1fGb+446Pq77j7suwh82Aq+pKXtgrezZn5FDNmaUNC49zFF2xe0qlKmUxkBIN2/JljsfrK/0zpoljy6D7VmYwrfuH6uGHL9Yse3wGCPspz9NZgoqke381eFmOeuza9lutvUMdWdwBedCjDz+4Q2nUsJ9CHuyfvjA+84CNx74P3RwxhIfpy4s4gi3PvuHxD/K/XfyBe+dr3xKrL18f4qIzoRTANBV+9mYUz42xVP3nXWMrMX5yRdG0FPKTRAd1lpCtK2q+UV75KqxCdPI5+4MEjceVF6+L9P/uFMaL58ODhqZPrt1+0mGlWX73h6njeO18e37PpffFl6+/X6WakafPyhXroo3k68xxH9uroPr7Lftqh0/74BIFxZUEl5mGqVOPFHZrK+TlkH9vFx6lnYo+O7d9qay6KJZfaseHx2LH2UimjFo9FvpR54xFiFAgt/bDU1ccvEPrKDfHUOQSYhrk6ZVnDt5ygDl0+fkU8/R1Pjk2bNsQAd0YFdmQPknOLw04rBnb3737JdTH7lm+LF16/LR66/cE41kmj2zGFupvb2VlgKZN8mQ9uB3HdaasccXtnbgYAGuVFxl+CgRwxvJSVPljeOvJdgH37j8bBQ1Px5h/63LjjtV8RR45NxUMncHLrky7bRQE9V6+7Or7oXV8YnanD8WXb7hbtfHByQUOH06apeVHAyRXzV9fwZCDh4SgxY6cipdNmqQOXRA6qdc7NxPiWKyAsiSUdHXzNU/5TTMzk8T0bae01MrIharBal50RkZa10zRIOmp5dhClfXyKmVaNnmUGd0GN3zF+eTzn7c+Msc2jMTw7UvqYTlKvae1oiwAHOXisE/doh/yz7/7MOPCX3xSff50c/tY9cUhOxN1vy4sXx7M+0syOorvtkC6XTufFRxo0fIQiT9o8xEW+4St0+jLZmY19ew7H5NHp+JPvfH7M/dU3xpMv3xh33r3f8t3Lhi6q3to2Yvj4u0ZO/uJ/e2H8x8FOvPlxH1YFY54Dyx/Yi47gZti0/y01lRNjV/8zTrKImCCBUiQ+Zxs6inAhEtxtX3vt95i8FJY8ulds+snt8aSLn9B7fBedI7gbpwp9fKe8HMddlsUlrU5KblCnUMrdd+tTYelno28Z34Hvxy2HPh1/9fy/iS1Ht8XB+YPZXyEdBqNhIezH4C7sKHy8HbVlzViMjo7E9//hB+LVf/6hiJGhGFs75u+ms+1TTaOD7FJmq8MNL+mmXqVZBKocZU25/vnixqNTOi/uOhSf+Zyr4se+4inxuc+4NHbde8C/drrYDl7rsi6neusd1DH10jWXxGf+y7NiZH5dPHVtJ1592TujM7NC5UVgOcPHasY2/aJ7p120uSH5ruwgG9g43ISTob2L89fRdTdrN2XlTvtsOSFyD8h0vXSkZ5Jj+xJ32ytO6Oif93tfoKPjsRgeHHZ7cPbqtBBopyeb/nyN7YEsNMpQ4rfaVOZy0Sl3/5jISrRpSrBgmKYgllwEliHU27j54M3x80//xfjCFS+LO3X9Xp29ok76OgzVYexgBRSRXTM+HBt1HfwP794Zf/D2W+NP3vrpiJXDMbRaTj88FCPD6JZVU9WiaNfVTgPXWSrjJMAvxE5NaZbtPhQ7nnhJfN/zr4nveNkTYlAXjbt1XOcrrtsOXnXx2taLvi5Xlq0aXB0zI1Pxwnc8P65ceWV8anJ93Pm0v4m56SHJt7mXK9R/OcDS1+Zy6lnsAh/9leOXozrveLD7awicZ+fO7xzMt9nY3TkR4fjzc9MxsOr62PHif3OtS+GEjv6HH/6j+MV/e02s44cY1Z4Fu7rgtMpOdVevdxp9A67KKK67Ov9ZJ/LLEwzlrmO74ukXPyP+z7W/FTsP7nS/lgL2sjEEdxv7dA2monnt5EN2+tWb18Q7P3BPvPn998SbPnJf3Pqx+0KFEatGY0g83NxzkBwnA1eLHgE9PkZLNW/zMZE6ctzAsfcfi9i+Pr76KXxxxiXxjZ99jRb6iD0HJmKSH5Ms7atwvuil7e1Fqh9csl216qp4094/j+97//fGjeseHwc6A/H/2/ZAfO2mj6kt58Pz7LKHnDZ3c7uydujj7+aMAxMj3x6VjMKCm3DQRbOv+07cYMwc2xObnvFaHd2/EQVL4oSODja+6qJ48vZ8eIZmZ+M1cfp3dcpV5nLRTaMMJcfb1dnBUVVo1jkkOsJlYagLx3LF1OxkHJ0/Gn/zrDdH55COwXFYdjh+p+rQpD2VroarNE2KsdEh+fZgbFwpB1m7Ij59y554786H4rZ7DsQtuw/HrQ8djbsfOhb7j+j6nqM350FUaKFYJZnt68biik2r4olbV8dF29fFMy7bEM9/4sURwwNx2G+PdfLHI6neo7UQtX3ES4HyoYHhuHzNZfF1H3hFfOyhj8bFK/hhjLnY21kTH3jqm6Jz7Dw5squvvmmm+Wvn7gyXfik9S5qY63VZk52svZvL0M2n0gSejExHb+3m6CmLweSDu+Lab1lsVHpxUo7+3X/3ffH++z4QY0MjapccXA3F8+puiwI6QpP732oDlGdaDe7f1aH2yyj26YAM+gvfcp8EmPpTh2+OH33Cj8fXb/3G2Hlop/uppa9wHB91qBrHL8h8poeHBrT7DvgYv0LX8GNaBHykJ5QF1YZkJuloPisn5oh+TDHX4XyHG1+3zBjARj05NunINT4VILNtdFvs7NwRX/FvXxYXj2/3j2NIW9w+NR5/e92H47qRPdqp2DmWO5i8rSO7HHRAQZ4mhxXNuzlZjKuEd3PsyY6NQ+fO3ezmHopyfa60N/JytJ/VJfXYRV8UFz3v98V8fJyUo9998O74zN98YVyz+cruTTkP0yns6u4LTVaZMjmJ0rGhLrqrswCw68FT6csc6nnsn9kfK4bH44+e+qcxODESB+b2nbLzVMgs0tiL6pAlp7RmSKHVsjo+aFhM/myA3XrF4IrYvnp7fM9Hvzv+/t43x9Vrri6lPCYbcfHoYPzBNW+JzvT5sJurQzgqDk1nyJb3yrH5/NzSuzknJr8nznU3acvi25IrOzzDmNftXGoNxdSD98fV33gkBodXZfXHwUm5zmXrLtMR7yIpn/VbbTTMLSmRZ0ppHF8e2Z1kgspYF3wUwQAqo8EVlhGdRzYrGp2lUwBjWccyB4va+pH1MRKj8ex3PjN+5cFfjKvWXxWj86Ma7JbdThI2veTazsnbVzWPk7Mjc9OMALUbs8nnFIC/hjMFDj6sY/rVa6+Odx7457j2H66Mj+37aFyz5prCQbvn4+aJtXLyf475mfPnCbgyW53pfkJNoz6fDp+LAFzYPZ3aIGHHz3mOj7gMcg0uRZfk5qZjfMvVJ+Xk4KT3yO9+9n+Jg1OHsw8ltJ2Wtrth2ValmXzFOSu9xMhBp7wtQ3lDE5iOOIbPOgW1bLmDk8oNa26Id+9+d9zwjmviHRP/JMe4ygtALm6n1lGcG1Sn9/vmrXS7vB1X+tlAOviQd+07jt0Wz3r7M+LVn/7luGb1tTE6xIdTun06rJ3uv22/W0I8G1AnwHIGfcNx87q8/XAMZ6b0D714k0x2eHyt7TRjkWn7QNHJDg8sr6GqvLOTD8X6m37SZSeDkzq6V1z80zvicVsfhwe6IfWtNk7XIvmITpzpem0nvrKcWIa0O69dxulseD32L3mEJ1N5k+W8wuGZw3Fgdl98/9U/GK+46GvjgaO7Y2LumLrfu1ufa6jTZ2xoPC7Rtfc7Hnx7/NTN/yse0uXJtrFtS7R9Pu6cWhc3P+0vojNxHh7Zle+9AVfeThMPW5cdRbxdR2fjU6zQf22OozttJ+fILlkd8acOPhDXfGPa/mRwSi7zHc/5L3FsZsINqR5NZ7yrk3bjSplAwyhvNo3Kq4Q/2dZuJ/LueGVGXi/oQq8vYpRt6zuPsGZkjZ+oe91dr40nvuuGeMNDvxebV26OrSNbY1h/7JYM/LkAT0C1Z0i797qRdXHVyqvibbvfEs/Rpch//+h/0+XASFw0fpEn90LMx33To/Haqz4YMTXi8Vz2yKkp0BmcU07uPHZih2cRYF8X5Mx5SUouufL6/AS7OXQKFOY6h2Lj037eZSeLU9rRwYaf2BZPufRJdmIEe3b10khiulB36NqBWl539XoUMF1Z6JYp9EpDiF2dhWBguGsQwvkKvuFn57Gd8YJtz48v2fLyeMmWz4+9R/bG5PxkTM9Pm4f9YXFnOvvI8Z6PkYERf+EGu/UHD3wg/u+9fxp/sevPnV81tCrHbglo2Dx244Oj8dePf/P5sZvTIe2X3q3xBe24ftSVNJNYu7kt5+t1eEXT9TqO7t1btHoD7ri7uf78GXUtHP4AywmehOvHKTv6f33z98X77vlAjA3rmktj2jxAo+iEd+BFZ2UqImZe9O02MZzMXXjzI3CeAkeenpuOo7NHYu/03nj59pfHc9Y8T07/kjg6NRGHZg9GR3/167nht5ztnbbvR7usf+h78hLlFDUyNBJD+ls1vDo2jK6Pdz/0nnj73rfFm3b9mY6Rc7FpbLPfKjsZMNE/MbE2Pvmkt8Uqrs1P7UB5DsKT0s5oWytb77KTaY7szFVvySLL4fMkW5xYNq8ObXkFaLOdMv/l/Pb/Dq4+GJ3pY7Hy0i+Nrc/5XZefLE7Z0dWs2PiT2+Mp229ygxD2ri5vpIPZSbe5cfaeXZ2y9FW9wKXhV4EXAWUzLo6OfJWzILIqg6mUeRF4jGBKzjE5Oxn3Tt4bz9n0rHjqmmfEZyg8fd0zY3R+LA7ounhqnptbsxolPtCScR3iHC1sicthTO66azLqb1DOzJ7Do86jA6OxanBVjI2MxocPfiTet/+93r3f9uDbYt3wulg7vDbGBvngCYNy8pjQrvfctUfipy5993nwPLuMp/70XJfj2GUnM907tyzNbu4xYLLi1Fyipo7q0N3dPGXz/XSRGCZoynOj75h28+tPcTcHp+zo4Jvf9O3xyT2f0q7OAzRqOlu0JglHlf5dHdjZ5ZHUZMcUvUmLub1IVDoTcYFDo1e6MOyAf3u8VfYYAo45MzcTnflOHJ07Gg9OPRjbV1wUj19zU1yz4prYNrwtdqy6PLYMbY5t49vkmBtiSJc83hoqsNlMxMHO/jgwezh2T9+nBWRX3Dd1T9w1cVfcOnVLfPT+j3oXXz28xrs2oS4Wp475uGVyfdz+tL+I2cmxHOxlC9kAxyOliZ7vjXedHD8IjuOULziy48w4LQsAx3fS6IGXHR163e0LzY4u2uxEjG35grjos99II04Jp+Xos3Od2PLTO+LJFz9RXciht7PL49Lxk8/06rTtozh9VhY2H+Hp3FJH+MWc/TF2vX4i4PjcHMPx2c2J2dmndZ0/qVNAZ37GY8bDK7aXZKZjSvbVDq5r7tFBXXcPjivImQfGND7a3xmgKdmXcT1jzMeDMyPxY5feGV+49ha1h6filiuYgNU508lxTDu05yn58mBMdXKcAh6kJYOsP6SixaA+PpJHdGhyfvPj4KnPd9pFO7Zbu/m3o+XUcVqODr7lTd+mXf3TMXqCXZ0BtQGK01KbHTZZMl1lxUi+8rBAePfWygANPYTULX2Poev1k4VtZqsnuuliuCWAXI2RmeXDK53ugzdnAnapY3Mr411P+pvlfwOOySb72IlxcqXzAysuFD3vuOPH3uHtyFCY+/U4zgmgOHw5ZTW7OdfromeeuOzmHXbzl8RFz/+jFDhFnLaj08qNP3mxP+yCCjs719xyPhTagWmo6cTFaRWoMR3cavIEgNFExGCEymNTItfn7NTpR2kRLvy17ALOALIjj5zPHJ5J254hNGpx88SqeN/j/z02Dx5Y3jfgmGTlGhsnp3dzbSdnh/fOrT8WAhuTydk9svvpx9aR3ZJlN69OziWW/X+27ObScbrX5hWnb3X17muf+tVxbHrSfXF/vIKxZJFOtqQr4rrEvUi4nNWOcgjSNyBZVrKStSpRMYGZoFW9XjBY7RBolTX1XsDpQXb0LCM+C5jSRH3xhkOxeXS3juzni5MnqdfJmb/FycuR3u4lWu7iRUjkqsPzVWXeudsBtpIGs53DseGmb8vMaeL0d/SCzT91cTzxoie6VYzj8d5uA6d6hMcgiC51ve78YmUXcNqYnZ7TJJ6V7bH86YMl+hMT6+Oup/5VzM3wxSVnpu9RA5Oqx8k5euuI7vmHY7Pp4PRlV4dfvLaA8s2Rnb+ljuwsEqI3b6dpN+fIDo2Poh7vix9PBmfsEv/zs34gDk2UZ+BpaN3VFdFIYgwCqcLH7sIGmrRXvewQstCrjtSdZQ1/oXMt5Cfqiky7rgs4BRRb+9o8KWeEA9rxXnnpbZq5vMl3NjQ+0vCkU3yyTs6uLnpxcuRcDi+6RGduEjy3SVe6ou7uzpKQ9pqd3BtbP+s3nT4TnLGj/7fnfW/sObrHjaTz+ncfWdWgGRDpmOLjHuGJbaxyhIdf9DRMyi2QxR6V1CdzAaeIaksPFJnTB5N1Yn5VfOP2D0dndjl+a4xsoLmIURZ38jRT3m2vTg4TtoO37NAlpIO7IE2sPHR/GhSBkjeYu9LHZSnPQq1/3Jkd28FZOeT+3pf9Vtx/eJc7iBGyQ61dGzodgZm0/tiBKbchIBOnmDLiUCers1Y9dnYYnC6y5te/6mTfqM/KV5kLODXMzWDckjltzMed0+PxhqvfGzEx6rFYXmCO5U6cd9ch9Ts5m47yzEkmbnVyClvX5TlHeUlX85w0jRwLRC4IrpJIG1mlzRzcHZe85O0wnjHOiqO/6JoXxaXrLvG3k7jFNgQdprekRVY2FwGLGBigOixwOenKjyF6+EUrDt2WtTz8NrbyfA2HQHlb/gJOAOyFo58BsDzvAz9t1Ww8YfV90ZnnRs1ygnqAk5PietuezTzsOjn5+XmcHB4CO34p5LoaFqVz+itXHJ9gcdLWya5d8yrDyeFARFv52NbnxIptz0PijHHGN+Mqjs0ci0t/7ir/MCMqWcCO+946WZUveKadfjZp6RmQsUkqDx3jNrKtG3Cmu0D/PFDDX+vpuab8ApaG7DNz5MzeVmO0P3Zsbdzz1L/3r4ksq2tzJor2vtwcus4712EOMoGgF6cnJX4vBkw6OTNHUiSgpQ6V8wBM3YBUyM02br7lcV26lbeM+Os3vXIZUD+4kpJnDtzprGDlyMr4rmd9exyaPGKDYKOTPcJX2M6FL6/RxaFyG0Iv6LGxYFFZ+wac6S7Qv1dk/fFdRZDa5RewJOamZU/Z6kxwZHYovuvi+2TsyXzCa1mgTo50UI7jODk79dwMN9qYVOTloOUjqHZyjvXI4uSeeJSUa3P+vGOnDezD0u1pDUELQD29ZhkvKcsNuM3PfNWZDkUPztqOXnHFz18bV2y4wn2mjzTWbsfOzAZcWk+lbMjszDh8zwMxlMOrOPl75Xv4JH+8nR0sWn4BC9CZ7HjCeWKfFubjjqn18emn/fkyegJOk8IbA/NDc8xt5mawnI7n1zV14PH1No4thsbJvZuZQWCRyA6zWPB8ej3Gt99Kk6QWC3ZtEcxHwbwXxfwgy6xsNxFXv+KQZc4WaivPGt76jW+OT++9VSl2YzrmpP4xjtIQFDCJV8+6+6qzGBlnNL9iyzovXRKu8j18+mvfgIPelBXD52rZLS/sF9AGttEJ6Eyc/IHp0fjNKz+wTL5QokwUnAsnq06uScau7bfMGieHXJ0csYVO3r3xBi8vvU5upxaFH21InsJLES/IaxCm9u6Jy770FoucTZx1R79283Xxkus/NybKE3O2hx0uHdlOltmcXEQ4u3urdOUhjSzkIoMpXCZaD5/+/OWShV4Nbhl0K9Mub8teQMI34U5zNmBqnOWS0YF4wYad0dE17LmLMjnsmDh5OnBejzNPtEiJzhxxHj7fXS9ilKFjCSf3Vzbj5E7nXGP++gMrnovJa7JlmNPJPzu1P9Y98ZtjZOVF1nw2cdaP7hXbf/aKuE5O72sd9YqO2UA6RlMhp2kSskn3qTn9nejmXGopN/eEpow08mSKDEa2oVPMR3mGqd5s6uF5jKMzqamomXk6Ozoj8vFja+KTT3pHrJ6f0KQuA3JOgUkgsOmoj7nQdx3aX+XUHNWBdnYWARxaPL7WFs9SO7n1KYGTs4tDA3nzzTUorSM7RNG80asAvezyysTU4QNx7ddrg3wY8LCNyLu+9Z/i5j03KyXjqHfuN/3BAvxDUN52c+/NqXTJCOZRlsFIQ1qBuFh54WiVkcZoyrQvA2o91DnAsYlEx+wNT6vKxyawwxl8Um1CE/+rtu6J1UMHzsHn2ZkADLL6poDTccLs2cU7Q3L0rpPzFdm+sy4atsEZORkye7wzeUIt7eQVHM9dRB08+gqxOL75pZPARJzYszuu/Mq74HhY8LCNytUbr45XPPmr4tBkPh6bDo2B0lHr9TYBatvZ8oaQbZHGURl587R0LHB2xTg7jt529lrmcu52auXxe+3UDU2hXf9jDWdybMeId0+vjZ+7/N+l51z6fnbGl8DgFgdnh5Y3d4/p2mFnOJbj9CnjuePfZvcsTZky52wkp5ljhDJvkClO7ioJohO7jKO5kvCa1KRTR2figdj8GT8ew+PbVPLw4GE7ulc86VefFuvG1zc/FEBlzcdZFS36/jpHbBs/DcEgJL3w+AVNDEbvMb7L29VRy+oRn4WD33YDHOPbPJbP7GMGnamOF75qh5PHfDw0MxI/dOld8cXrPq1r8/yZpRyBRxq1XsU4X+lLLuA4N3GOee6kosHfonOtzCSDNzcLpZkUtT92WNKcHJPEptTeyb1bq8yxuOtHT3NB8L8WGC0g1KUcd9nnOise1t0c1Kn/sOHfv/1d8fHdn1CfirFsRL2o5xjUBlBcj/eEenOuvSsnvfDYaCpQjonV3tm7vCphsNLiTV0eNxYMlTe7f9/77Q3f+Y5ii/mZ03HytNHI4Fh88eZPRqcjJ0efd7xH2niqj3pL/fPqFKfHfHy1Ojnv2ohWj+kQCz15RbOTs4tLlRcCEmYSWzl6Q82E59YCJ0fE5czLPEkwX9FCGidHBh7iqQf3PuxODh52R18xsjL+4qv/JO7Yn51pO3SxiA2BJXqcHSe0IRdxdvLI9Du7GHp4qyO3Hol1mQsVFPu6ncHtuysPjxeh8xnq55yc/HRmATa/ZWpl/Nk179FFOl9RVSavlWJAMXmWw82LE634VNGWVyCq+u3cjDUkOpOntDyi59uyc50RxengjC9orsUlw+6umWL5Bdfjkkv9LCDKOizh5JShxzfYsk3AU1CZeuSnEZMP3h+Xv/xDLn+48bA7OnjBVc+P51/53Dg6xS+PqI8yhicEr+68bWCbVmd3ujg7hOp8ZoOHvOIeZ4fe4iXfDKAcub1o2IkRVai7u38kgREpOgh1YM9X8JHU08GUbPZ5647F9pHd0cHKtms6Bs7iXVIxtrbjc1S14c2oWHRiMwDiGohKWeVr5KRHaSdb9VAvOzntsA4x+BpcDo6j1vF0mYLnSrkW59956eF58+SBiEDZlYuD1lMiO/5STs5Tb+an7Qp2cssUuvKdY3tj3eO/PsY2PRkVDzse9mv0Np70q8+ItWNr/dO+GJCKfb3utEyu8crBSFMf920z6JQrbz5Wb/45qrX11HIGyHQmZRY2uqzMpLy2d1soSBro4T0fQH+HIqYPzcRg+UzAyYLR+sTEurjriW/W9f2ofA/j8GOOxYhG6sRuTjpRF1oT0p5ZqNAPakk6/OzOVmF+8qQrirwivw3GQMupzNPwJU++TZY7OHMmF3HlKeYF50amOarXYzYBfrXLC4BYWBycyHI7ucrgIZmOX+TKDu+TwOyM4tU6st+J9COCR9TRwdafvjQev/XGNKrAa8/NOTuti0pZTS/u7JxJLEcGXmUWc/bK78di4W+9Xw9qPZRxlIfZk8F6UlHlta4kLWswUWcnZ5r+nSwOdwbj67fsjm9Zf3NMz43VoUz7VKe3DSFU3cWGTaprz+OhNq0tl4CiIKfOHVUDJQdruuI4K6Aelu+ug0PzjPLpMB0czjIJrJOFKOck+vNkmU6ulG1nVu3qzvPqa3KUw58qXTfOjU4TdKXz0K64/gy/MeZUUaf3I4b3/5f3xEcf+Kg6XKq20RmE1s05bKCgbGNQBmjBh1goEMlyRYaMH5dVupFt8ef1l3S1jvKWR7UZ+NcfAyqCj/IMZosXwF/1L1fw3vmpYy4Oza2Kb9n8sZjyF0pIR10YWRQ1lv6x/86wj83c/PJNKarChj7PYmjseeLQ8CLHeCjifoz1ug4dy30jTfUypRgfy/HAC44nZ6Xcx/c8JaTj4uRFv+eiBRXkkHp1TF1ubvLkZYKmA0d263BknXxKTa1s6FXMOzinA+iqf2Lvrrj66x5Q6SOLR9zRL1u/I373y3477ti3UzkmhW2TRpJVq9PZ5iogcl7AAY/r7PCZF73SJYb+O/IeW/KaBOnIqbwpRz08ynvyMFlQyn9ZHCp/rbORWS6grRr5uZlT+V442UqdvGNiPN54xYcjJlfJxpr8cra87kSpAk6GbXB62wgbpqPxDDmPmPrO9wx5ybMILBnkIPB5sZCc5H29jT70EnqcO9tIe/wpM5xZDko7KO06uORMsaAKiNOx3Rcv8oxr0SeZToeydHLrK2POTs5baOgxTcHrQJHnFCGS8jzHfn/s+JL3Pqzvly+FR9zRwRfd8LL44hu/IPYd25/mxkCKe5wda2F/FRAxCIAhWvD0GwWVj6QJKcyAogsa/NZd6rOzo69vd4fX9aECGhNBeU8PBr/csAP9MrWd5zToV7XvkqCDdaLnNeasJvRTV87HTeN3xaQczrbhmom0HZmvNZY9MUaRd6AeeJugF55fwAlx2iWDpmd5zqHKVl1t/f5yRTt3tiNvviHAeKhczuZjfePggEICd9Slxbt6OjuwkzI/WIwYe+vK2F/gqGLXSzlpldWdHIXVyfVq4vSR+2PjU384Vm77DCiPOB7xa/Q2Xvz6l8X+yX2xYniFxw5bE3swdNFMy+oDNRQQ+VpaCX+8tUyC2oPmel68qUco1+R8Z7yzlact43JcPvWlYB8PKHlf58NWKqrPzle0LdrInmNgN5+dYVFtt52Gk8d5FHtip32Zsh+ZWB133/gvfu5gDjoi3klV7rjokgDHVCuAizL9L7RFu+6lkPor7IgSs8vSRlJmMVEobXcSLuKqo9BxcPcokXqSzQ7qTOuuuu1Q1CjtD6jwjyM7Fl2xI+KWkyM7O3UgRtY/OXZ8/rtFeXTwqDo6eOqvPzNWDq+M4SGtwvo7JWfHOTUCdbKatynL2HmKKfTkFD91pEglmyX1F50t560WaiZqydebdsBTynq7cqDKAtfTW/zoQO3sHJlpNSYbiYPYJ92tdGR28wHZ+Zh29JesOxo/tOnD2s21MDO7sUd1EqIi3NgJm6Rql+FQ2neTNytJmSUhBrxHsUVUoa/bLSIKRAPnJhah9MEggbzP96QRYJCUK/zEXjwMtVE8hOrvXNkxFcxjdXpRHZxwgJ1c8FtoUkbeC4CyPk3MHIsY2hRXfvkd5nu08Kg7Orj6F26IS9ZdEr4RLiOejLPbaSAdx9kZU+cp4KVMkpPZ3YnriaGih6+i0KoMjWra0xU1qnwbZuvjezjQ7Epk9DI7wU8t50S3c0DXK/kBXUvhlHVqUHbL9NrY+fi3xOTkSpd3O6uYpPtPXpHzJNGjGDJKjJKApwdtQsOcaLLJU9uW/VFFpW8ubi8EtIeM43S+bE/20+00TQ6JDvEQV7qdnQDNkV5ZBLxgKIkZiM0nJ5fz0zbIeYk3FbPTK+LqV9xnvkcT54Sjgx0/d1VctfEqOVEascwZBTVPnkUr6zPtkLqLAensgt9+E+BtTy5KnScDS2FYbHcHqLFZaIvipRzeOiu50HxJob9msTAT/xkvhqqvApE2rVX1kujX0Q/rJFbgyD43VR0Fmia6YlzB19cYX7FPNYofmB6OX95xT7xgZHdMyWCwNO+ZO1Nk7GTkofOP3WpaxdWu5FRAveQShbGJa0qvlskxYMeEXsnoMIEOuEMKtANndOXw9ceOFOcO7J4rhkxZOn06MKr4sCM3dtvH8a7z8yI90p1BdOXndO6fPno0rvvGo3A86jhnHH1yZiKu/Pnr4/qt13cnB06opAezOjuTaEF5vjBtFn1/vPBaTRUoKz/vuZMva4SBLG2AzfnqtEs4PGjLw+sIpxe/p3OjTAHdord1HQ8nGqGTVOO6adPsUfYmJnk2huNw1mHXJNFUykQeGFgR/3jFP8XR6TXuZ2OffBO61I9yCghkYSjeQB6mKlhojmp5P0S3ipJOnUpUPQ2N8Sv5RiDnCsS8yZbIHdgF6eDFOe3QkqvX5EZpet5YhD91OlvKnNSZvcfJoYo2dXB3XPfNcJwbOGccHRyaPBTX/vLj44Ytj8vJg+EYRyUbZ5eRB7Szt8tLkYGh2w5J71ymmJ2GPEUuNT0JnuLKFzGTQeWtem0uEfxLroUXVL2gxkbRAxodEMWTd/2LcyHTkjvZRWAx0EbX0aq7ptHLDyjGUHVpcWr3y+osZb/BDwY1uT+po+fHrvlgjM1NeZNkQldnrzZP5I29vIYWY+PkekE36Zqo3l1smWV9qHQ3TAnr7JMxjZixUNvJq6DfuRHLuPBI1k+4oaOg8uUOr12cvBlZCNBbeErs6stC2Tg5O7vKJvY/ENd965ymV8qdCzinHB3sn9gfj/vlJ8UNJ9jZG6ek9YqJqkPXm2QLjvJk4CUhWu7upVBMvnYnW3XDpjywfJFLHUqYl8mdzKWoqY+41xkEmAp6dnzLKA2NidNmPB5qmwCx8m4P6baKkmYH4rfVfCVZZUvsCV0mNa863cdTVk/Hq9d9KA7Nr7BdmMlcQrE8cae9On4b6VDZt67jlwbYOCWuFdPe2kBD+f5yZ0sMvdRd60kn76JxcMQl5CfY6IDyjVO304rJO2QlotWTgfh8fldMRsTk7+7ydiPRju17IB73LVOy1Sic5wzOOUcHDx3bFze+5knxuM25s+u/6+yeMAydJhE0F5qU8ymT8jDlNcqDwzkLay/rYrDk7k50HIcHzcQWLY/1KFFdFmiKnGzLua5S3qBVbif3tSVk9zCVtGTqJHQZcPVduVLci5b8zJScfLZj7XaOKlMcpdoX4i06qt955T/HgZkR9Rn+7HvaXC1Rur6t1pUr5QL8NV1v8JFPOvzEVub/BpahviT2y9Udu62/sComkcwm2S7cQKPQ/0a/g5tWGaTf/CRb5UTN++sKXR7aNB+T+3bH9d8qJx84t5wcnJOODjjGX/fLT4jr/b1zDJ2My/iqte0PwvDf63gmOfDCcPcf5VNfoupsaM6jnzJlKENnFRCqxaqMHU1/xEyC9PeqsIt+S1edbd2Losq5skwuiiX0UC+BnXjqYH6IBTV+DgC05MyreH9nMH5w4+542fjdcSxGXOb+VhHSTpCWi4jgESkMlQ995u3LE1fUsjb6y6scIN2fT3AzUe0QwYsBfKWkccoiVx0fdB0c5+02hl2cseTrCjy0CLeP8pbhxlsnpg48GI97hJ9fPxWcs44OZman4+pfuDGu2HC5dxQ7D+OnFldnZ9Qyn1mPGelKcx5e8hCUz6wHvJksRbarl3wynsjhQVNXcXomj1ssfmiDNLwlC5B3eSuu6M+Ddt2gv3wpVLlZHnSZ6n3sNXXk7pfPfmfbj8TKeO8l/xQPzaxxsxGh/7WtwLRWmrL6YRZrKuV1R658bbT1tXE8epbhzEqLRpV6tZMigxO35cnXdP8ODpn2cZ8CUFYXAdjMKmLSukd5Yp6QnJubiumjs3H9Nx3MgnMU57SjV1yvnX3Lyi0xPDScvqIXGm2nzIQHsH2TrvKQ78poYPt2d1CdtMqAXBOUg7fF6KRIWd5FpSPS1acXYh97SaBOadFzEch2LAaLZ7IHtSngOOILoTZ1NCFzoqt+2kEtTGDXxiuXH7xnPhJvvfj22BIHtYHRXrrCNbmYSp12esW0p7zRYdQ2EVOWMq4k217Kq/3a/elH1VUd1WNcaDgd61Kth0C68toxhVqe/VQEr+0PvdfB0U+nGnbTWFBQgr0UQSsMnZmjMd9ZFdd83f1wn9NYFo4Onvbrz45hnT1XjHR/AYSGk/YQLOaEyi+6u2uQ6rU7qBZoHFTxYjQTS+WeKvnvSd9GbQdybp8dvjiMlfHaZlLkHDxlEdAf/6cKhtO6UW9CRrRx+jCfGU8eFiFHWWoZnHlGuavGBuL31v577JlfbXkvqPQBztJ/Xp1UIHZpsqTNFkFDFx+sRZVQBHuQhU0bC68dWXGVcLkIxIQeFFolN1OdsWAwSFIuncTo4Uk4Ym5aZnl3F/eBx7wD0ZncF4MrLomrXn5bFp7jWDaODl76+18cdx+8Nzat3EjLZXH9a/IwZHYgRkiBHnlSUUDvFKeTZXDe/PB1Z2UdbPMAFSHOS3c3SzmDQslXOdDv9MAWprzwVd4UJHbrlU4nx9mTsAga2RL3oVkgKCcUfiZuZ6LT7MS+Ptc/w984r2b8x2fXxK5t74ndukanoZyS6k6KqXRYLbHKkMUwUki59Som4JDmE7HG0CvIt2H5Fk+7HPlmV2/RnezL23ROKGY3lhDW9e6vPrevwdsO7p0eondwEl1e8t7tnR7Qgnl/rNj+2bHjxf+cxGUAmXD54O++/q/i86773LjtoduVk4Pptb5dmzdIlNKM8MCVQWTAIXf59CIw/B74vo+ekuwOesqhwjQHmKhAwQX5VhU/fmAR3sZRsmQN9MLa6C/ltBl97TZlW906t4+J2w3KS86h0pCrZQpGqVvkph2zM2pYqT/5lLC80qXDB2eH4sfWPBCHO7NSkbr4RdRintTFkZlFQGmcnQdKEK/2gY4NXENtRylDnodSaroNywrQK3/N14+IVhpwGh2Vv6RrW/zJMvdN/24vd9KzT65D7QCoYfP2mCnBePC2Wg9vCdAm9t4fG5/y08vKycGy2tEr3nbrP8VX/OlXx5MuepIGiimpQdE/85fhqW/1+BNUGqDB+gtBSXYE2CnILPbkW7WKnTRJKVfSZPLGUyEQIaTYkZQ3lhWN4qV2+0Z/STdyFZT309oo5YvJWrfCzOFptynBzM2Fkpf0+/nYNb8ybt7yrrhnZjyGECz28WlGsH7IxNBLOR964a9s7mZEpAyDQVTXF7cpk920BQtEMyu8SWnKTc+kE+h0XgxVBi5fe+sfR8XuzeJThImcxIGVoq12cMXup/MwZJq31SYffCCu/IqPxIotN2XBMsKydHRw78H74mm/8ey4btO1mmCDLafNuP9GHd+PVies6QymAqSGvIjDg2qhWoehtOltHZ4tSsEHYKAAPtpRZQFyJTzcYKeam+xoEmdjciLTxzym0ux7OiPxe5vvjatm98aszusDg0z/7HPeuEu+xs6UyaYAHaYL7o6OHOYnU/vn+koaiKHJtukVKKhRq7za3CX8K2S2LFyCnbvIOF1kvDsrpgjHrbL5HesJaFUGMdL8BPTUwf1x3dc/GEPjm8y33LBsHb3iM37jOT6mrRlbo4HJSQzqgNbdnQIPrCcuDHApak1QAjiew9esI17QIx0LyyhwovCVPEyVWaGSG1T2km5Fx4X5UdtKV/BLLHMzvClcnE3Gsa1spAEfXdcMD8ffrvjXuCvWdHdsim0L8WInC2dEikA1jvWCs7e6ZrDIMga56ycqf2E5LqyfJmQ2ZWm/QlNHLRQaxy4g6VBpOLgT0qFdv72DA8fSAV2t9q+oDI1fE1d/5aeTYZli2Ts6+M6//a/xpk/8TVy3+VoNEDeLGDn9MzkV9+zuxCquO1AZ9eM6fPInQ8k2E8PkQoSGQ9Q6oFenyBeBQtpX0+1ZVtIWr7O4CBaORWEOXpBVqJLGEM+2z3rRanTAUzNKf3JuRdy84UNx0F6SDiSy+wZbmpNnAfQqmp/htoK6cBRexZZFr1BtnJxZBsxHAt7KvAgKe8q3ZKs+4B1XIN/ULxoLSepGgIUhBfNCTw6eXU1HL7IuR1YZ7H9s767Y8vT/Fluf+QsoWtY4LxwdfOC+D8Tn/d4Xxo1bb9AgdY/yjGLdPTzVGV0F91rJOhnNS1TyyV/gSYyskj4SFLrQtl67ziZWqHXVOuznNfSgMhacaGg8q/t4oLVAMe+f45hMXr6GC460iSazJvaLxyfju4dujgORv53WdlDStRrSjqULeR+WKdS/UZKsAc2Cl2S/OF94q64TAfXVmWt1xFXUbauODaEWlEw+KVcdPHXV/tQ0vOng5CUz24mJfQ/GtV/10Rjb+EQULXucN44O6MqzfvMzY2p2OtaPbdD4aRdi0qqHC3Z3RljBR8v6oA0o1uhx+FomoNMQrf3WHGhbsqgvdbViBbPppZIBvE4rNhsvp4HaBiJPcB3bOzq282QebfdxnWar33DtHFgdO1e/O26dGVN/6vvscgrYis3gr+3pj2Hwtb5SufOnrKG4YRNoT6WRPFk0/HpxXJS27U2ahbzu0N7FC2Plazu5+690dXC9Kgz6u91GVj9OR3V+Cfj8wXnl6BU//Y6fjV9+96/G47fdmBNAA1onX+1sz3EeAnytCd1lVLKkm4kPTEeoZPucHliOcthqG6p8ux6l8b+GVHmEtkhvphftIuvhRU2aOdxZWG9J79Vq9r/G98RTY3d0BvlCRRWpjGfX2w4PmvaXGL7kKXYpyM+oFz2ip7icDjkXONuglVwAWPthcReUJbc4rJPqT9XX49SCY4UasyAA7+Bcq0tg6qHdsf2zXxMbb/ruLDyPcF46Oth1aFd85ms/Jzau2BirR1dpYLu7O7OhTjzWfUOFTpXyZvKWfE2StlyhmegJr0ShLeb0oLE0fCXdOFAtAzVf9J00qkzVpXh6YnrR9mCP2aGV8c7hd8WtkU/AAe6kdx0Em7Fjk0+nd3BJsREZohIDp8UAj2/EpWcmCh05i7TkFoPbodDP29yQI6OXxrZCk1bcdvgafAJxGh2DMTe1V6yr49qvuSMGR9YV4fML562jV3z/3/+P+P0PvXHh7s5Al/lPtu3wwFZRQY+PVEuJVq3W6ANFpn28B0s5fsViI1An5+kCed9t7yz87nb6esv8ePzTyCd16TKlRS/vabTrdL40m7eihsrPTCMNX1VpGVMFZBSho/K0+4BOl5W85czTYiqgzYvx4rgVVb/5CiOXYo6bl65MdfB8GIZ+zMaxB3bH1uf8UGz7jJ9KpvMU572jg12HH4jn/86LYtXIqlg3vk672ZwGuewGwqIOz8xRaCZRZhPVYoVuC1JOxEvJO/bkTgFqbJ5lr3fel0BVcdqQcOdY++eWsg0cZabkuE8bm48fnvloPDQ0njfXyo5dHd6sEiHtexglj572Lk/etoTPuZSxbNFlGmVVH5mSBzXfRn9Z11l79fkeC7TCD0w3gXb1OjegvdNH71O/Lorrv+aWGBhZY/r5jMeEo1f84r/+cvz0P/9c3LD1Rn9Ahp4zSXL4NTnaDq8JUmetn7CrVlKyZ4M2T4nt1N18w9fQlCgVYnYcvn/3J4bOH/+nCvTyx9Vq52in3IQsuty4iNvnV8bHh98fd80OaafGGVSsa2t3szh8OxSx5gGZLsrlUOkDsr73QeslBxyVdIX1Vd0mZLqiKS9phqJfBzKQnXQiFyvibHO+hZZtojz55mYmY3Lfvtjx//1ubLjxG7PgMYDHlKNXfOkbvzzev+vDcdWGK5z3ZCoTy6gOS9KO0s50s/D1bMzQc6459ryrEM11tMp7UGmlvFkATgPsWHlsL28qtVQdVP5bhw/G53TujqnB/EIJQNeyfenwNKTapZbVfpsvTdGDvBGHk7d3/C4sV/QQG+gk3Wqjm9ziaewtdNN5kiBOGo5Ngu9+7/LB4WfZ+VbWfbtj9VUviiu/8K1Z+BjCY9LRwYfu/1B8+R9/VawaXRMbVqw3DUswSTy//MI0Shpg/20KC9HWK+V152jQtiw8Co21i0zlcb3Q2uVt+cWwGE/R2+ELJtjRMuuY9h8YWBXvnn1X3Dqw2u11n1vtrk6tva/b75oQ2k4PFV8mrsd00PTRtdZdv0vv5lOgy99Fl2eRQqErm3FtEyDuHunndQmzKwZHN8bVL/9gjKy+PJkeY3jMOnrFGz78h/F9b/7vceWGq+T0K303uqJngpY0c9d0iHVml7gRVRbKgl2vVd6TVjjuKMBzPBTZOtmpd+YIH0nNL4vgCMt7CjtjJN44eFesnT3kyxEfa1t32fsdPtE9nuPwtdvtYIhOM5yFjoxiHA752r8ad3f9QlgEtT4rKkiZkimgDmhwUWRuvcxM7FOYjCte8hex7povhfqYxWPe0Ste+U+vil95z6/7O+rGh8c1YeqRsDq2QplvZRPx7MrHbVuzrOsh3QlJmYJLqmwblQ9UPf3xidDi46O3+U2vchTRKeILJS4fGo5fmHxfPDC0yguADrtFrOvw1qGGth2KLlWnrDfiAAsF6cpbu+5y5REvyUwQwZ/JVuI4KHqcVML6KqGg1g9o0+zMwZg6cCQufcGrY8tT/msWPMZxwdH7wNtxv/uB18f1W65f4PCgcXrABKuTVbSc9EpQ7hmpsJjjV8CDDBEvZwPS05mYVV20ozii0p+Wc//71AdjLzS+HFLFLpPjlicILGynVnBbVU6+tjv7l6E6fSkptJIrPDXdjqmqqG5qXQzt8ipKotZRwWkF3Vyez80cjqn9h+Pi5/5AXPzsnyscFwAuOPoSqA5/rXZ4vr6qTjus1TN5IdeZWCYidOJcFFKu4SHbcn5DNMhVXQ+q3CJYwK8MqqePzijOOhjeY/LcL5o7El8yvTMmhkYtSBtryLayr9fjdFkgpEJR6lG6Hl5Alc00i2E94ie96ujnd1YvVZbyNh/ol3NaMSKkqwyY17l9dvpQTB88Ftuf831x0XN+MQsuoAcXHP0E+NG3vjJ+872vjcs27IjVo6s1wbq7YTtOp1bwbMzYu32lgYYPYgutciuss/gEaKuu4FHOuUm2ucwzvLuH18S/Hfq3uJ0Fqzgg7TCLXpprc+iOdKRXAmc1rfA0/S00ULuCvlquVPKJUJ0/UYTccngz35VbiO70hKGkxTw/N6uTy0PRmezE9uf+TFz0GT+YZRewKC44+knide/73fjZf/nfMawdcdOqTTEyNOJJiPE8BZuE52FO3EoDpIszNLSKtozzMJ0GJN/RtTlfQ5zZgditSn9ybk9cMbUvZu3deTedB0iGynW5q6VIkZtZnHPQb5clj7+xRfS245pfL7XttW/QATQAPdOlXSXd7mblBf3d79711xLUmYrpIw/G0Iq1cclnvjo2P/6x8174meCCo58i3n77O+JX3/3r8c473xXX6Vg/NjzWO0sL6qQvczsdpNJAu5xYYbGRQPWJRqjysOt2jnTskDhHR8TVwyvidQf+Pe4ert/oSlUkqtLuDu92CKQprbt2RrnL1++lc3nfAzTVDN7xSSheqk8Vte2gxtC6dE5QPBNwJCYePBSbn/hFsf1ZPxwrtz7DvBdwcrjg6KcJzPY///FH4g8/+Id+rHbtivUxpt2++MECLGblOqHtNaCm2/EpgGP7PDu6BHms9baBsXjz4VvicOSjsHZg6aXOXHiU4dpc+XpNXXlwYsc1b89FVhkR4G3kVKO/bbXQekBeIpWOffpZeiFmOPQ/15mMzrGHXP/Fz/yJuOQ5P5osF3DKuODoZwFvueUf4/9+9M/izz/+V3H1pit9825UOz3XkY2HLIG29dNxFqZPBvDPTs/62E56QrKfGZ34hiNy9CG1RXnoNKfqrnlnWg7fdeoub929nVa55dHF50RxduRF06v+uKRBuf9h6kHV2UWRUsG8nJuba1MHp2PbU14R257+nbHqomcWvgs4XVxw9LOMN2iH/8uPv8lH/Ks3XyOnH4uxwbGYwwvqbgWY7cdBi/PEgFmOyM8h43wQ7h1ZFW9/6INxZ4zaMauD83ZUc22uYIdVnA6vf12XpyNn7U0ZaQXIPtIrVKdvIJodX6+aWJk3HwKAhma6LgaUz83i3Lw1Nh1bn/qy2HDdl8TmG77BfBdwdnDB0R9GvP79vx9vk8O/6eN/HVdsuCzWjK3VTs8vk8o7eOPXHtOd/JnUi72DdKGfBPheed4/52m4/XKs/zJzKJ50bFfMDPPxFrkV1anatkrSlVZnQePU9Uac8vVYD5ry8oJYpdm3Rav6HFPOqxe6fA59bnZGJ4/p6Ezuj9mJiK1P/k+x4ZqXxqYbv8Z6LuDs44KjP0L4p9vfHm/59D/Gmz/1D/HQ0X1x8ZqLYozdXsdqnq7zo7c4Cbuf/u0h+ZKwMxXPqeWOU252ck4OlO8CzI6uiD9+4P1x+/BKvhtS5XkjDXCtXp2xgnS/w1caCr3Lwy9iLe8uCCrXmtD+KKuP9HZsUZCZ6yhMa9c+ElMHpmLVxRfFpmtfHluf+I06lj/Vei7g4cUFR38U0NHEf8OH3hjvv+cD8Y+3/VMcmjgU21ZvjfGR8RgZHPGPSVYwPN6R7cKCvakVk5QXdo7N2hnvGB6NPzhwVwzMHpODai8tPHZMOZ8/e25hZRVVB695+PudHr1eKETw5+kLv6gK5MuOrxf0z85M2bnndKqYOjgbqy/aEmuv+MLYdP3nxOb/f3vXspMwEEWPSikNtgXxESVxAcaIG93Lwo2Jfov/ZvwAd7JW0ogRFTVKgGggkiAipdZ7Z4pC4p5H5iRN02mnXUzPnHNnJnO3lGqPAoroYwEfJ4VT5MsOLqqXyD3khM23DRsGqXOI5HKOjyCb7F+TBXEuXfP8uUtE4z1Lj+sFNEJGQGeJX9IyibkWT6/RA31bPqTQdGu4A6DvBE5jlgqFnWdn70tCc96mHsXY3RYpvwYkNrIw1/Zgp/aRSB/KlyiMFIroY4pmp4nzpxyuqtcovt3grl5CvuLA0k2RrILn79n2s5rP9EhJiYjPYQtnDQcV9tF9/Ne6krOCwExo5qy05lxGZ/oleMbA9ynmF6PqnDDNo9DgE77bRbcN8EpaK5mBubqDiL2JWCqLhfQBVVYYRyiiTxg8IpxTdVB8vUWp/oh2r4Vi5R41t4WjmoPd8gvIxcuR9WBfCc4911dsgYEW5zTB3C3wX+CROPO9aBzQY+vQzUUYVhJ6PAPNoA5mJYPoMh1L26KuwuRAEX3a8d3G18c7xc0duVdeUMyrzbTwPLQIWfyQTc5gsCdQmC4AP17gOcbaBai+AAAAAElFTkSuQmCC','73','https://www.google.com/chrome/','[''Mac'',''Windows'',''Linux'']','SUPPORTED',NULL,NULL,CURRENT_TIMESTAMP,CURRENT_TIMESTAMP,CURRENT_TIMESTAMP,0),('15610336043','Microsoft Edge','iVBORw0KGgoAAAANSUhEUgAAAloAAAKCCAYAAAAJNneoAACdP0lEQVR4nOzdeXhdZ3Xv8e969z6TBtuZIBNhyig5IUAoZSoOc4HSgUqldKAtJRQKLSEktgO9R+e2YDsh5VLa3pJOtLSXItG5pQOD3YkxkJDYsjMwtoyBxIOkM+291/1jnyPLiRPLtqYj/T7P40exIsvHks7ev7Pe9a7XEBE5ghsOjGEMY+zZZbAJ2AVsyqhZNu9P9ca7SvQnA7R9gIgBzE/BwgY8bCBk63HWga/HbR2EdVi2DqcPrAxUwMsYZZwCZjGeFbEQ4xTAA2ZR/pC7/+2OWwpkGPlbPANLcBqYN3HrvKWJWR38IHAAt/2Y7Qc/gIUDZK37CNF3iQrfxTlIWpzisfdO8dor2vP6t4+MRwyNGOyC4U3OHpwxHDMAn/fXUER6mi33AxCR5TAnTLErAIfDwHyCVPWudTQbp0PhFLLsEVh4JPiZmD0Cs0eQ+Rngp2Csy0MUgxgloECIyX9FD3xMnfjhnf/u/Or+9+zHdN4Hc+LK3Nxic97MucRZIA85dpS3c/+c5dksTSBrQ+YJ5jNgB4GD4PvBvgV8E8++BfYtLPoGnnwTT+6lXrmX91zYfNiv38h4xNAZ+V84ea8zPpJ1HoMCmMgqo6Alsqq5UcWYnLDZG/uxqlLV3UVarfVklTMxPwuix+DZYwl2Fu5nA2cDp4NvICqViDqhyWLyIJQd/pVl4Omc9zl51QnHrJOs5lyG3B9wTbL838DcD3tggprX1yEPMLMxpvt3d387N+B0HlNeJTPMOiEtgtB5ayH/b0L+78tSSFuQtqZxuw/jO5h9hSz9b0J0D8aX8Oy/mWn+D+9+4v6HfJhzAxibMmq4wpdIb1PQElkdDHcYnQiHb9S7Mmq1oweqqgem9zyCYuE8kvRxROExZNmFmJ0HnAc8Avd1FPuMqMDspSJLDgeL/Fe3vNT51QlGBvjs9cXmZKNevOb44WpbJyC6Myes5WUxwwix5YEsyqt2FvI/niXQnMkwvw/sv8n8awS7E3ySEN9JO/0afRd/66gB2N0Y29Up/yl8ifSaXrzoiaxxblTHjMkxY2iXMbzJGbX0qB/6Xi9w153nEvujMR+CcDGeXoxF5+DZuUSFdRTKeZUG74SnpPMrA8+y/H90buzm1glQ3fCka8gR3PHZADbn64aBRYQIosLhEOYZtBuQtqcw+xpkX8TDbszuIM520+Qr3HjJoQf9NVUPsCscXu5V+BJZqXSRFFnpqtXA5HC+9Dd5rzMxepRQ5cY1XzyDqH0+ZkNYdhnYEO6PA86iUCkTFwHrhKi003+UAKR5OOBwkLIHNi7JAuhUwmarf92veYTFeeUwivPQ6ym0psH5BnAncDvBPg/pbgrZXdQ2Tj3os3eXHWd7vhS8RFYCXURFVpROT1W3Qb12ZfKgDxnxiAsnz6UdDRFsGM+ehDGM+2OIi+soVDgcqBJI25ClGXSWpY4MU7oGrAidvrVuCOtWwKICRMW8AuZZJ3yl3wDbg0W3QfoZ3G+ndMmXqNmRPyvVaoBNgclNzjgKXiLLRBdZkWU1J1g9VLXqurvOJUovIOMK4MmYXYr74yhWykTFTtN5Ow9UaeJABpbfrN0VqHqZk2F0Qpgb1g1fpbwPLEugOZ1g4R6ML+Dpp8jsM1TKk9Qeu//Iz9Xp9VLwEllSuviKLDV3Y4K8YvXA3qrq1/toH7gYSpeTtp6O8STMzicqDRKXOmMH2vkOt7lVKjwoUK0R7o6R4Z0wbRYRFfPKlwVoz0CWfAuzO8j4JFnrE0R+G9su+/YRn6fb5zV5rzMxkqnHS2Rx6KIssviMqneWAx+wE7DqMY3JS8Gejtlzgadgdi7FgTwzpW1IWpAlnVDlh3e4KVQJcOSyozl4RFy02SXHtAWt+n5CuA34NB52Yf45tl147xGfphu88vEfc4aVicjJ0IVaZFG4MUJgaJc9qM/q2r1nU4yfgfNCPH06ziWUB/NRT0kjD1fuaeemqUqVHL+5VS88EMWBuHw4eCWN+8E/B/wb+H+QlW5jx+MPHPE5qjtjhjc5I1pmFDkZuniLLJSHXBJ04/qvPAFLX4D78/HsCgqVDYQIkmb+y0nyapUZ1vkcIgvF3THLOr1eRwavpA5J+xuE8CngIzj/zrYLJ4/487ODVB9mNpuIHJWClsjJ6IariQmOaGR//e4BTil/H1n2gxgvwP0ySoN583LSgCxJZ6sNZgpWsrSODF75UmNcynu8GlMJgTvAdpLZR/DwySOqXbMDVI/z3EuRNUpBS+S4dZYFASbmVK6qX95AM/kBjB+G7HlExfOIS52qVSOvWhkGHrQUKCuKe2e3KmAholDKdzambUga34Twn5h9GAs7efvjvnrEn63ujNXXJfLQdLEXmRc3RiYCIyNHLgtevftUyvHzcP9RsGdTrJxFiKFdh6TpENJO1apzerHIiud58LIsX2YsBAqV/LVBc2oas89g9mGS7CPsuOgLR/xJhS6RB9GFX+ThdHdizW1ov+ab/RSmn03wH8f9hRTKZ2Mhr1olre7IhaBeK1kV5la7QhRRqOS9Xc1DDvY5zD9MxocpXfjZI5YSD4cuLS/KmqagJfJA3b6rPWM+2/j77J0xTz/zWVgYwXkJcek8okJeuUrbaedolW7lSmSV6lS6HMeIKVQgLkJzCtzvgPRfcP6K0gc/Pfvcme3pUiO9rE26KYh0jYxHD1oavO7uYSJ7OZa9nBBdRlzuLAu2OoctK1zJmnV4idE8Ju6ErtYMuH8es78iZH/Fb1y0d/ZPzD7H0IBUWTN0g5C1rftqe+7S4Jv3nU4x/BCWvRJsE6XBmKQJ7bqDpWhZUOTB3LNO6IooVIyoBM1DbbBPkvmHiMPf8PYL/nv248c9Yg+upUVZ7RS0ZG2qemASO2LX4OY7f4BgPwW8jGLfmYcP8SXRGAaR4zAbuiym2Onpak0fAP6JLP0ApXUfpXbOTOdj86V6VblklVLQkjXEjXHCEZOu3zR5Fn3xj4L9LGZPpVDJlz7Sdpo/Oyyg54nIicob6d0hxBHFPshSSOpfwqIPQfYB3nHRbbMfrQZ6WYV0A5HVr1oNDI/Zkb1Xd34fUfRqLHs5xf7TSNvQmuksDXqkviuRheaOkwFGXMpHRjQOZRi7CNGfEkd/S+2x+zsfqiqXrBq6mcjq9cDlwWv/c5D4ET+E8YvAlRT786XBNEkB09KgyBLJA1eGEVPsz2d0tWf+B/hLsuj9bD//c7MfW90Za8ei9DIFLVltjJHxwNCew6MZNn/xPAr+KtLs5ylWHjun96rT2K7qlcgyOby0GBcjCn3QPJRh4aN4+48pzvwdtSvyXq4RjxhS87z0Ht1gZJXo9F/NXR7ccudTsXAVZCOUBgZpNyBppp3Tb6Jle6gi8mD5qIj0cJULaDXuxvxPSLM/Z8clX+l8nDFKYMK6I1ZEVjQFLeltDxrP4Mb1d70Y7A3Aiyj258MUszQFM41lEFnxHDyvWsXliLgEzZmDGH+JJX/A2y/5xOxHjnukPi5Z6RS0pDc9MGBdc1s/pcoIFl5HKHwfFkHrUN58a+gQZ5Fe1B0TEUJMaSDfEWz2L2TJ73HP7X/PxGhewR736IjdxCIriG4+0ltmdyN1lgiru0+lVfwZzF5Hoe8isja0ZjIMB9PyoMiqMLtjMaI0kJ8ElLZuxf33KfLn1C48CHSGoM45OktkBVDQkt7wwIB1/eRZEP8izmsoDTyKpAHthnYPiqx6nuIYxUogKkJr5suY30zW+GO2XfZtQIFLVhQFLVnZHrhEeO3esykWXo/7VRT7z6A9A0lLAUtkrXHPm+HjUkShDM3p7xDsj6H1f3n78FcBHfMjK4KClqxMD6xgvXXPo/Hi64FXU+w/LZ9/1U4ADRcVWcucDNyJClG++eXQQSz6EzL/LbZfcA+gwCXLSjcoWWEeMKbhurvOJfI3YOEqiv2n0JrqDhjV/CsROaw7HmK2cX56Gvf3E2X/h9+45E6gM4tLS4qytHSjkhXiAQHrLbvPpFj5ZUhfR2ngNBpTkCWqYInIMbjjcwPXzDSevZ8k+z/c2Alc1Z0xY5tS7VKUpaAbliy/cY9mA9bVu0+lXHg9IbyBQv8jOxWsBCPSiAYRmb+5gWsQmofqWPRHpO13zg4/1RwuWQK6ccnyGRmPZufgXPMv/ZQe/2rwN1Psf7R6sERkYXQDl+WBqzWzH+e9JMlvceMl3wC6L/Y0aV4WhW5gsvSqnu8OrFlGtRpov/JnIWyh2HcR7TokLQUsEVlgnVlcIYrywDX9HYL9NlH0HmqP3Q/kPVwTc47xElkAupHJ0qlWA5NjNnshe9s9LybL/heFvqeStjpzsHRMjogspk6FK4rzMxXb01/BfQffPfiH3HxFOx8pg2mHoiwUBS1ZAg9odN+y7ylEhSohegkArRnNwRKRpeWen6kYlyLiCrRnbsWz32DbRX8F5NWtcR3rIydPQUsW19xS/OZbH0M0sAV4NXE5pnkof8WogCUiy6U7h6vYF2EGSesjZO0q24c+CeQ7FGubUjXMy4lS0JLFMbcP65rb+imWrsYKV1OsnErjILinmM4iFJEVIp80D6WBQNLMMPsD2tmvc8OF/wOof0tOmIKWLLAHLBNuvevHMX6d4sDFh0c1WLzMD1JE5Oi6LwLL66Dd+C6kNzLz3ffwrqfXj3gBKTJPClqycOa+4rv+zsvB3k5cejFZCu2GdhKKSO9wT4niiOIAtKbvAH6Nd1zwt4CWE+W46KYnJ69aDTCWv8rbfMt6wuBWLFxNoVykoT4sEelR7g6kFCoxZpC1/5K0fT3bh+4CjpwFKPIQFLTk5Myd6p4vE26jOHA+zYOQZerDEpHe1+3fKq8LJM0DZNkNNG59F+8arTPuESPanSgPTUFLTkzVAzUczHnzbRdS7ttBXPoRsgTaTR2ZIyKrj3s6O/C0PfMFvL2Zd1zyL0BnOfHKZJkfoaxAuhHKcXKjuivKLyjVwNaf/FUsqlKorKdxUMuEIrLKueOeUeyLcIcs+32aU2/jpsu/kzfLj0GtpmZ5maWgJfM3tx/hut3fR6H8TgqVZ9GchizRMqGIrB3uGRhU1gfaM/9Dlmxl28V/Bqi6JUdQ0JJ5mFPFqu4u0iq9jWCbiYpFmodSsKDdhCKyJnmW5tPlS9Ca+Xu8/Wa2b7xHR/lIl26O8vDmVrE2734mcfndFPqeROOAho6KiAB45mAZ5XURSf1+3K/nHRf+HqDqlihoyUMyqjs7VaydZVpnj2HhWqJCoDWjZncRkQeanb3VD62ZD9NuvYkbh+9W79baphulPNjcHYVb9jyVqPzbFCtXUD/geOZYULO7iMjR5LO3MsqDEUnjQGfu1u8Cqm6tUQpacqTuhWBkPOL8J2wlRP+LEBfyKpaOzhERmRf3lBBHlPqhPfP3NFpv5Kbhr2ru1tqjoCW5uY2b191xCXH59yj1/wD1g+BppiqWiMhxmq1urYtIGt8mbV3N9qEPAJoqv4YoaMmRZxRu3veLxIV3EhXW05xSL5aIyMnyLCUq5jsT0+b72H/fW/idp35PS4lrg26ga133if7mfadTKbybuPRKWjOaiyUispDy/ta8utWauZs0uYodl+zKx+doDMRqpqC1Vs09CPraO66kUP4Div2Po7E/xdFcLBGRxeCeUCjHZFmGZzW2XfjrgB9xbqysKrqZrkVzlwqvv/OtWFzDLKLdUMO7iMhic88wM8rrjdbUR0nT17Djkq/kYYsM1Ci/mihorTXdpcLrvnAucd97Kfa/mMYBx911RqGIyFJxcBLKgzFp+9ukjdezbeivNFF+9VHQWivmPnm37HkeUemPicvn0jiohncRkeXinhIVIqICJM0d3PO2tzIxkWopcfXQzXUtmLuNeOve6wnFX8cItBspFtTwLiKynDxzCE5lQ6A59XFaB3+Bm578Ve1KXB0UtFa77hN1y+RpRIXfp9j/o/mEdy0VioisKO75UmLS+gZp4zVsH/4w4+MRIyMacNrDFLRWLTfGCYxayrW3X0Gh788oVi6ifkBLhSIiK5V7SlyMMIMsuZ53XLQN0IDTHqab7Wo0d3TDdZOvolD6HSz0065rV6GIyErnnoFBZX2gOfUBDrSu4nc3TqlvqzcpaK02h1/1GFvvfCfFvjfTmoE0yQg6RkdEpDe445ZSWR/Tmr4Vr7+SbZftU99W71HQWk1m+7E+fRp26p9Q6n8JjQMp7hpAKiLSi9wTSv0xafI9WjM/x42X/oPmbfUW3XxXi6rH1CzhLbsvp1j+fxQrl+T9WFoqFBHpae4pcSHCgtNuX8OOi9+leVu9Q0Gr581tet/zIxTLf0KI1tGaUcgSEVktZqfJrzMah97LF2//ZSZGUzXJr3zq2ell1WrAgVFL2brvaoqVv8azdbRmUoUsEZFVxCyAQ/1gQmXda7nwif/ENbc9gonRlGfv1PV+BVNFq1dVPVCzjGo10H7lb1Ec+GUahzI8NSzo+yoislq5J5TXxbQbd5JOj7DjCXfMto/IiqMbci/qbvF946fWMXjKn1Na91Jm9ieYaz6WiMha4J5Q7IvJ0u+RzryS7Zf+q3Ykrky6Kfea7hPpms89mtL6v6RYebKa3kVE1qDucFMsIWm9lh2X/BEjHjGhHYkriXq0eslsyLrjKZTX/TtxUSFLRGStMotIWhlZO6LU/4ds2VtjwlKczuBqWQlU0eoV3fX3LXteTFT+CywM0p7RodAiImtdfnZtRmV9ROPQH7DtoqsAn+3llWWloLXiuVHdFVG7MuG63a+iUPlDPIvI2imYQpaIiAAObgl9G2Kah/6O7x78SW6+YiZfStSxPctJpcUVzY3xiUDtyoTNe66lPPg+snYgbWcKWSIicpiBETNzf0Jx4GWcvuEj+fgH0/iHZaagtVK5G1WM0dGULXt3UNlwA+16SpZ25qmIiIg8gFlMfX9CofR0SgO72LL7fP7tyoSqwtZy0Q17Jeo2MdYsY8u+91Jefx2NgwmeBc3IEhGRh2UW0ziUEBcuISrv4i23Xk5NYWu56Ka90nSbF6+6pcBpg++nvO4nmLk/wYj17RIRkXlzTylUIjy9j6Txw+zY+J+atbX0dOdeSQ6HrD5OXz9BaeDFecjS+AYRETkB7ilxKQKmaU2PcuNlH1bYWloKWitF92DQN35qHYOn/g3FgSup71fIEhGRk+NZRlQMWEhozfw0N176QR3Zs3TUo7USdEPW1btPZfDUf6bYr5AlIiILw0K+Wz1LIkr9H+C6yVdRs4Sr3ltY7oe2Fqiitdy6Ieua2x5BqfLPFPqfSOOgQpaIiCwsz5wQO3ExkNSvYtvQ76uytfhU0VpO452Q9aZbzqLU/xEKfQpZIiKyOCwYWWK0mxmF/pvZsvsN1Ey7EReZKlrLZdwjRi3l6lvPoTLwz8TljTQPKWSJiMjicndClFHsi2geuprtQ/9HDfKLR0FrOXSPRLjuC+cS9/0rcfkShSwREVky7o6FjFL/nLClZcTFoKXDpdYNWVffek4eskoKWSIisrTMDM8CzemU4uC72Lz76nwZ0XUvWmAKWktpZDwPWW+65ax8ubB0CY1DqUKWiIgsuW7Yak+nlNf/Jtft+RX1bC08LR0ulbm7C4t9H6VYuZSGKlkiIrLMuj1bhUpE6+Ab2b7xt7nqlgI3X9Fe7oe2GihoLYXuxPerd59KpfDRfHehQpaIiKwQs2GrHNGY+kVuGP5D9WwtDC0dLrZuyLp27yCVwj/kc7IUskREZAUxM7I00G6kFPv+gM1feGU+1PQWDTU9SapoLSZ3w4Cr/7tMqf6PlAeupH5AIUtERFYmz5xQcEIEremXc+Nlf6PRDydHQWuxuBtjGBBo3fm3lNa9WMfqiIjIiueeEWIjils0pl/GOy/9V4WtE6elw8XgboySLxk273w/5fUKWSIi0hvMAlniZGmJUt9fct0Xvp/aldqNeIJU0Vp4xrgHRi1l8+Tv0XfKa6nvbwNa5xYRkd6RZRnFcsD5Du2ZTdxw6d7ZU01k3lTRWmjVnfkP4eY926hseC0z+xMUskREpNeEEGg3U0L0COLSh7nuC+cyaikj49FyP7ReoqC1kKqer2Fv3n0NlQ1b8gOiUalVRER6k1lEazolLj+GuPKPXL37VCZGU6pV5Yd50tLhQuk2Cl6752eoDPwp7UaCpxGYvsYiItLb3BMq62NaUzsptF8EwwljOGa+3A9tpVMiXQjdkPWW3S+iWP5j2o2MLFHIEhGR1cEspn4gobTuSlrR+6hZxgQBXPe5Y9AX6GR1D4m+9vYrKPTtBO8nbTtmCrEiIrK6uCf0nRIzfd9N3DD8Fk2PPzaFgZNR9cCEpVyz59EU+v6aEAZIWgpZIiKyOplFzOxP6NtwDdfd8ab8EGpXL/LDUEXrRHmnXDp29yAt/o1C+XKaUylm2o0hIiKrV34uYkpcjKkf+jHeedlfa6DpQ1Pl5YS4MTERGMNopB+k1H85zalEIUtERFY9MyNLItIko9T/p1z7hSdRuzLR2IejU9A6fkZ1V8ToaEpj7+/St+FFOr9QRETWFAtG0gILAxT6/oprP3d2PvbBlSseQEuHx6vb+HftHdfSf9oNecjSrCwREVmDPEsprYtoz3ySYvE58JiWxj4cSQHheFR35iHrujt+jNLgDTQOpphHyqsiIrImWYhoHkroO+VpzBz4A3bYT8POGFC/VocSwnzNjnGYfBKF4n/gXiZrox2GIiKy5rkn9G2Iqd93Pds3blNz/GEKWvNR9UDNMrbedQbGZwiFx9Cua4ehiIgIAA4WJcTFmMb0D3Pjxr/j2Ttj/k1hS9WYY3JjeMIY9wjPPkih7zG0ZxSyREREZhmdnYhOsfKnXLN7iH+7MlFzvCpax9Ytf27e83v0nfpaZu7XDkMREZGjcU8p9ke063uZDt/PqX8+BUCtli3zI1s2az5pPqzZkHXH66hseC31/QpZIiIiD8UsojWdUF53Cf3JH+QBa1NgDRd21uw//JjGx/NZWZu/8APEAx8jSwxPgw6KFhEROQYnobI+ZuZ7m7nh0hvWcnO8QsPRdJvfr7/1HOj/DBafTdLItMNQRERkPtyxOCXEgebUC3nnZR9lZDxiYjRd7ke21BS0HsSNcQJ7MJr7Pk5p4Fn5vKyg5ncREZH5cs+ISwHPvkXiT+GGC79O1Y2aral+LVVoHqi6K2LUUhp7bqKy4Vk0DiUKWSIiIsfJLJA0UgqVMwnJn1KtGsMYa6zIo6A117hHefP77ldSXv8rnTMMFbJEREROhIWIxsGEyilX0hj534xaSnXnmrqvrqlU+bC6fVnX7RkmLn0Kz/rIEsPU/C4iInJyQkKhGNOe/kG2b/zntdSvpRABgBsjE4GhZ5RoHvo0hfJGmtMZIajiJyIicrLcM+Ki4dm3ofgk3vHob1FlTfRrKUhA3pc1MZrS2P/bVNZtpDWTKGSJiIgsELNA0soo9J1JOv0nEBx2rYn5Wqv+H3hM4543v1+3++epbPgjmocSQENJRUREFlr38Omp+7Zw48Yda2G+1toOWt2+rM17LyUufpIsragvS0REZLG4Y1FGiDPSmWew/dLPrvZ+rTUcKLp9WU8p0Gp8ikLfE2hO67BokRPinr+Z+z7zB7zjYXQvRW5H/Db/jzV8nRJZhbIso9QXaDf20d5wBQNn1qnh+TVj9Vm7fUjdvqz61Dspb3gCzWmNcpC1zMEdd8c9A1LcU5zkQb/y/5fhfviiaMGwyIhiIyoYcdGIi4FCqfOrPOdX5QG/LwXiYiAuBKJC/uctNizMmbcz93E98DF5Cj7nMbkz/4QnIksthECrnlBZfzHRd3+TmmVUd63a++/afKU44hETlnLdHT9Gef1f0ppJwNWXJauXe/5q0XB8bgjxPMyYBSyABQgRWAShe7Rn55eRx5csgSzPNnjW+W9PgBZGG2iDJbi3MZL8b7MUHIw0//stAKGTh6L8RY7HQAwW4xQxSkBh9jHNPq748GPp5EM8yx9PlkLW+e88mB1+lWxuON1/79q89omsKJZQ7IupH/xhbtz4d7NnDK8ya+9iU60GamPOdXefQ8xtYKeStl3nGErP89lKzpwSvAfMwoODSmA2pGQJtOvgzIBPg90PdH75fWD3Yb4fuB+3/TgHCTaFpzNk6Qxm01hcJwptPE7wZkK9mbKhkHDwYMq6sxymO1u4782YvNc55XGBs8qd609/YOpAxEBfxMFWTLkYkaQFAkUKlMhCBfd+0nQdRINEDJL5BuB0yE6DcBpmp0B2Ou6nY2EdeB+FPiMqdL441glh7c7bBOiGPsAw3IMCmMgS6o58yNJvUvQnwAfuA6BWW1UjH9ZYFcc74/8tw/b8EYX1p+XnGGrJUHqG4w5m2eHKVCdMdZfduqHKHdIEkgZkyQHSdD/m34bwNci+jtvXMb5B5t8hy+6lWLiXgh3imwfr3HxFe5H/HQv/qrVaDTDSR9sH8XAG7ZkzaUdngZ8H6XlYOJfMH4OFR2DhVAqViBADna9T2uoEME9x87wCZoatvSNDRJaEWSBpplQ2nE19/3vYUftJRjyC2nI/sgW1ti4e3W2k1+1+M32n3pQfsbPWwqb0Du8s83UG+hkGFhHFEBU7FSqDtA2tOnh2L8Y3sPBV3L+I+39j0Z04XydKv8OjL/kur7X5BihjZDwwMgJ7dj34OjG5yWEChkY6YW+s82ZsTt/W8f5z5/z32Jgd8XknJwxGYOgoj2V4k7MHn9/gQze23n065ufg/hiy7GJCuJjML8HIQ1ixL6/8ZZ3wlbbp9KaRh1qss6YqIgvBLaHcH9M89Eq2D31gte1CXDsXi+437vrdl2OVT+FpTJYEXTBlZXhAqMIDIQ5EBYiL+buyFFrTGfi3INyDZ1/EbBLL7iEt3k2l+U1qG+87xl+UB6ihMw7/3E9ucoZwGINaNyj15O4fy5dDgTGMSezIYLYpe9gwdvXuUykWHkXIhsGeiPvluF9CCOdQGsw/Jm1B0gTP8qoXs8uNuo6InCjPnKjkkN1PO72MGy7+JmOrZ2r8Grk4dEY5nHl5TH/2KQqVy2lNZZimv8sycbJ8ba9zsw5RIC7mlSoM0ia0m1O4fwVjN4TdWLKHqHg3UfOr1DZOPeTnrnroTFw+HKLGOm3gvRmgFpLhngexYYw9u4zhTc4o2VG/NtXdAzSKFxDZk8mS78fsCpyLKPWXsQBJN3h50mm2V5+XyInwLKWyIaJx4C/ZPvTjs5vWVoG1cUHoLhlu2bOdyqmbmbk/wUxLhrJEHrQEGBMV80qVRXmDdmumDn4PFm4lS3cTos9TDHdSu/B/jvopq9XA8NjhoLCnG6bWfJA6ce7GGDYbUh+qArbl7vOx7Ao8uxL3Z2J2MeV1Ac/yTQVZ2mmy90ihS+Q4OAnlgZjmwVewffiDqyVsrf6LQHfJcOu+ZxAK/07adsi0ZCiLyTvjFDJwI4SIqHR4CbA1DZ59jcxvx+wzhHAbzfbt3DT81aN+tnGPjghUq3iw38rjRnVO+HrgUSFVDzRuHyaUfgB4EW5Pp1g5lRDloStpZZ2fA4UukWOZ3YWYfZtidulq2YW4up/47sboROC8C8sUyp8jLl1Eu55plIMsuNmlQMAsIi5BXMrf1Zxqg98D/jks+k/cP09pcA+1c2Ye9HlGPGJol+VLfmNOrabhmyuLUe3uXgZGH/Bqu3rPI2hkz8KylwLPp1A5hxBDewbSdtr5DHqhJ/JQukuIMwf+jBuGfmb2POIetrqf7N0lw827303l1F+hfn+KBY1ykAXQqVh1l4jiohGX82dU45CD34WFTxHinWTJpyl+4K4HvSobGY8YOqNTqVKo6lF58GJXeNBS46/euoG+yiYy/zHMXkCp/5EAtGYgy5LZsRwi8kApxb6IVuMlbL/ow70+yHT1Bq3u2u7WyWcTlXfmJXwPrOZ/sywuJwMyzA2LIgqVfPhnuw5Z8jWc/8SzjxHST1EcvouaHbnM1F0CZFOm5b9Vyt2Y6BxtNvdVeHX3qbTKL4DsFeAvoDRYIWlAu5FPr88Dl65NIpAvIRbKRtL8MgfTJ3DG8EwvXzNX5xO7u2Q49IwSzUOf15KhnJi5TeweEZeMQnc5cHqKYJ+GsBML/0bj0K3cdPn0EX+8uwyYVzpUrVpr3I3RTuia29D7tnsuIE1HMHslcWkYC9CcyhuBzSMtK4qQLyH2nRIxs/8Gdgxt7uUlxNX5hO5+QzbfcROV095Mfb92Gcr85MfY5Fv9g8XE5XzkQnsGkvZXMf4Di/6JLPpPdjz+a0f8WVWs5KF0K11zB6tWdxdpll6EZb8I9mJK/RHNqe6yoprnZY1zx6KMEGckjaeyY/jWXh1kuvqeyN1vxJbJpxGV/lO7DOWYZsMVEMX5kqAFqB9MML8Nt49A9s+UN9xyRAO7uzG2K2LyXmdi5OhzmEQeqDvnbO4Oxrfd9USS7LVY9JOU+tbRmoY0VeCStS3LMsqDgeahT1AefxaTw8bEaOew+N6x2p7A+dTr540Evrz3sxT6nkB7Js2HFYnM0e23wgNRIVCoAA7NQwdw+y/gnwn2EbZdvO+IPzfiESPQaV7v6S3HstzcGCEwNKfK9davPJa0/kuE+NUU+0+jNQVpkmqnoqxZ7imV9REzB67ihqHfn93k1kNW1xO3u2R43Z630n/KbzCjJUOZ43DlyoiLebjKEmjVv4PbToL/A436Tt71xK8f8eeqO2NVrWRRVT0wjM32oFy792wK0S8Dr6M4cArNg5BlKaYXjbLGOBlRAbLke1gYpvjn38uPC+ud43lWT9CqeqBmGdfdeQmF6HNkaQlPdfjrmueOk2EGUSGaDVdJ43+Aj5CFv4H2f7F96Huzf2T2CJtjnI0nstC6E/+7geuaPY+mWHgzZr9IodJH40De+6eNPbKWeJZSOSWifv972TH8S702MX71hJDunI3Nkx+lPPhcGof06m/N6lSunE7PVR/58SiNrwMfwfgr1p+yi81nHJr9IyPjESMjMEKmY2xk2XWb57uBa+vuIULp17DoFViA1kwKOldR1hCzlFAAT57OOy76TC81xq+OJ+nsLsM9P015/ftpHFTIWovc8+NOQogp9gEGran7cfso+AS0Psr2y+6f/fhxz39GFK5kpXpghWvLXS/AeDulgSsO92/pWidrgacU+yOaU5+kPPRMJid6pjG+94NWtZqX0Ju/sB5r7CZEZ5G0VFpfK/IzBVPMIwp9RlSA5lSdYLtIwwSlxj9R2/it2Y8f6YSrCdRvJb2j6qFzY0mp7oxpnf2rhPBrxJX1NA6quiVrg3tKeV1E4+Cr2DH0p70yW6v3n5iHG+B/h75TXk99v17hrX4Oni8NxsV8abA9DZl/HvcPEUcf4jfOv3v2o7UsKKvF3OWSLbvPJxRvotD3Mtr1/CxFXftkNXM6h063/5vEN9J38XQvzCzs7aDVvehcv/cKKHwaTx3PdJTFatVdGjTLlwbNoDn9dUL8V5j/BW+/4BOzH9ttaB/blCpcySpjVHdGs1vct+57NSHeQVw6Le9N1SgIWcXcE/o2xMzc/+vsGP5fvVDV6uUnYz4za2IkY/Pef6c08EyaU3pFt/rk1SsMomK+a7B5KAH7GPCneOOfjui7qu6MtVtQ1oSq5+0RNcvy6lbpdyj2vYDGQcdd7ROySrljsWPUsexS3n7RV6hiK/ma37tBa7YBfvJnKa/7EzXArzKzvVfEFPvzn9R2/R7cP0jmH2THJXfMfuy4R0ccbSKylswd4Lj1zusJ8f/GiGg3UizomiirT3eIaX3/B9gx/MqVvgOxR4OWG1UMvrKOZnM3UXy2GuBXCfd8F0ncrV5NJ5B9HKI/pDX9j7MHN3e3v6vvSuTI6tbm3c+hUP4jovKjaRzU0GZZnZyMuGCkzaexffjTsyOeVqDefAKOd+bLbJ58K30bztEE+F7XGSqKB4r9gVDIe6+y6Q9A9n62XXz77Id2lwbNMmBFPqlEltzsQdU7Y2obP861n3s6BX8ffac8n/r9Ka5dibLauBMVA+3mO4Dnsmdkxb7g7r0nXtUDNZy37buQLL4Nz4p4ZvTiv2Wt6x6JE0JEcQDSFqTtz0L0h/jM+Gzv1ezxJBrJIHJM3anZ1Wqg/crfpND3qzSnMzw1LOg6KatJSrEvojn9UnYM/eNKbYzvvSrQ8ITBaEZr9w4qg+VOb5aWDHtJd3kwKkT5k2SqSXvmbzH/fbZd9NHZj1Pvlcjxm7CUqgfGcMzexJY77yEuvIcsQNrOsKDrpawe7uC8natu+Vf2kOY1l5X1ery3Xt1012C33vV84uK/0q6ngJo9e0U3YBXKEXEJWtPfhvDnhPQP+I2L9s5+3LhHql6JnCw3qrvyMRBb9/wIofx+YICkqY1DsnrMNsbf//Ps2Pi+lVjV6qWgZVTdYFeg8cjPUuy7nNZMpmpWD3BPAaPYFwgRtOp7Ifp9SP+MbRfeC+Qz0YCVvHNEpCdVPaZmCVsmn0ZU+hssPIL2jHYkyurgnlEoG0njS9w3cxln/X2D2tiKGmLaO0Gru4X5uj2vpm/DH1A/oFdlK5vjnmEESgNGlkHS/BTBfpuDfIj3XNgEtDwoshS6Yeua2zZS6v9HouJ5tKYUtmR1mK1qHXgDO4Z+54iRJytAbwQtd2NszOAHB2iu30NUPIekqXEOK1MnYFlEaRDadXD/F6LwW/zG+R+e/ajqzlhT20WWUPfms+X2xxEqHyEuPY7mIYUt6X3uGXHJSJtfJ7Uhbrh4CmCl3F96I6iM7Yqo1TKaA1dTXn8uSUNLhiuOe75EaEZlfYSFlFZ9goyns+3CF3VCljHuEbhRuzJZKU8CkTWhdmXCs3fGbL/sSzSnn0fSvJviQNRZ2hfpXWaBpJlR3nAugV/CzJlYOflm5Ve0qtXA2Jjz1rvOBtsDDJImppkwK0VnBlYIeQWrNdPMp7e3/w87hm8F8u/h5LCp/0pkBeg2C7/p9sfRV9lJVDiP1oxaMaS3zQ4wTb4DlUvYdt7+POEs/wv6FZP4HtLksGHmpOlbKQ6sJ227QtZK0KlgWcgrWIQZ2jO/R2g9mW0Xvoodw7dS9ZDPPatlClnHaWQ8wl0/57LwRi2lujPm/1z2Jbz5g2Ttb1MoRWSZ+iSldxl5Vauy7pEwnVe1qrtWxIuHlX0h7w4n3XrHRVjlNrKsANnKD4er2gMrWNN1PHs/8C62XbwPyEPC0Iga3I+bG+MPOFao6kFfR1kU3Z6ta2+/gmL/x/FsoPNCVtdY6U3uTlyEpP0dGuWLefdjDuAse6/Wyn5CTU4YmJPFYxQrJVyvuJaVewrdCpY1aNdvpp0+kW0Xv5ZtF+9j3COqHpgYTRUOjkO1GvLeNXNGLd8gsHXfc9m89xeY+kIlr2ypuiULrHZlQtVjbrzsFpqHRglxQhR758QGkd5jZiTtlMr6R1JpvhbMGVv+qtbKvXh3h5Net/v7iCufJG3lpUFZeu7pnF2ELcz+lHb9N7nh0nzI6IhHDGlEw3F74Oyw6l3raCYvoTjwRppT68n8R7hx+G7cbblfkckqdtUtBW6+os11u19Fed37aM0k4BEr+f4g8lDcM+KikbS/BcVL2P64g8vdq7Vyj+CZ6Ly1MEahGEibqZ73S81T3APldRHtutOe+QvwG3j7RbcBcwOW+q/m7YjlwfzrtuXOxxHiV9Fq/zSDZz6Oqe99lRA/hR0X3ku1GjoHaIssjpuvaHPVLQVu2PgnbN7zePpO+TVmDiTYCr4/iDwUs0DSSqlsOIuZA6/B7J35MjnLNldrZSaXkfGIidGUzXt+gEJlF+2G+gaWUn5UDpT6A1kKnv41abaD7Rd9GtCQ0RMy5ziUrs37nkkUrsL9xyj09RMCtKbvoT69iXc98esr8SgJWa3m/Hxumfwg5fWj1A8kmClsSe9x8qpW2vxv2q0h3vmEmeWsaq3MJ9HQSOeLYWOE2ADd0JdC3puRUaxEWARJ89/J/O1sv/BfgcNN7rr5z5+75XPgLKFGQnVnTOPsHyKyX8ai51IoQ+MApM2UhHtJDr2Mdz3564woZMlSMmfMU6gGyF5Na2qIYt9GmtMZQYdQS4/JdyCmVNafBwd/CrObl7OqtfIqWt1X8VsmX0Ch7190nuFScMdJiYsxhQq06reS+Ta2X5Av4FY9//qrgjV/7sYEYTYsbf7ieiz9Scx+iULxCWDQmnKchFCICGGG9sHncsMTP6NKliyb7i7Xa3YPUS5/isz7ydqaWyi9xz2jUDHa9TspZ09gbLi9XFWtlRdg9uDgRub/CwtgqAl4MbmnWGRUNsTgX6M5/Xq+u/+pechyY2Q8omaZQtY8dXcQWmcH4TW3PYLr79pMlN1Kuf//EsdPoDmd0ZpOcSDEgRAgab6CG574Gao7Y4UsWTY1y6jujLlp4ySt+i9TrATQz6P0ILNAUs8oD15MM/7R5ZyrtbJepXRfyV+/94VElX+mXU+BZd+auTp5CgTK643W9CHgPWTJb7J96HtA3ug+oQvsvFWrgeExmw1J1+x5NMXCazBeTXHgTNozkLRSwA5XaC2h1B9TP3AVN2z8/dndXyLLrTtj67o9f0zfKT9H/X6diSi9KKXQF2hNfY7y0FNhDGq1JS8arKyg1S1bb97zH5QGn0lzOsUUtBZU3ujulPoj0jZ49idkrd9g+8Z7gO4FNgVVEuflwUuE5xH5r+LpqykNrqc1DWk7PwNy7ngS94S+U2Jm7tvGjuHrqXpMzVbMafOyxrkbYxjs6aNV+DxR4QLaOmNWepB7RrEv0Jx5ATcMfWQ5WjNWTjP8iEfULOW6vS+kWHkmzalMZ28tpG4fVikmLkK7uYs0rbLjon8H8oA1tinFdLOfl27Aykc0pLx132Px6I2Q/gLF/vU0p6F+IJ9H9MCfY/eEyoaY+oEP5SFrZ0wNVQ9l5TBzRsYDE6NTbJ18DRQ+jgXX6y/pQU6IwLKrgY/k7UlLa+W8Ohnq/OMtfat6sxbY7JmEG2LgHtozr+Id51/Jjov+PZ/mXg3Urkw0FHM+3KjujGd7sDbvPo/r73knHt1Ksf9qnPXUD6R44hjxg5qI3VNKAzHNg7fSbvwc1WqAXdlKOPhU5AgTo/mZiNuG/o12/f9QWRfhmV4QSG8xi2hOOVHpBWzddxk1y2aHRS+RlVHR6pbytu69kqj8LFWzFkh3HlZ5MCJpztCa/k0KfiO1iw7mje4TQY3X82aMe/71qpGw9fZHQvmNGK+n2HcKzUN5BcuOUsHq8syJi4G09T3a7RFuunx6dmacyEo0tikFD/CNX2PmwMsoVB6vJUTpOU5KsS+mfuBXgF9c6r9+ZTxZuqW8LNtCiEH16ZPkjmcphXKgNBBImn9LY+qpvOOCX6N24cHZc/V0g5+fEY+ATgXrlvW89a4thMqtlAbeCpxCfX+Cp3kFi4faBu9OiFMsgnbzZ3jnpV9k3BWyZGUzcyYxaufMkKZvxIKOg5LeY55XtSz6Ca6769y8Wltdsvyz/EFrvDM+YMvk04jLz1c16yS5543XfadEeHoXrZlR3n7+j3DT5bup7ozBTVWseap6yA/JtpSrbimw9c7XEK3/PIWBbThnUb8/JU08n559jDlDbinlwZh2/W3cMPxPGuMgPWPCUsY94p0b/5lW/QOUtYQovcaMLEupDA4QpT+Xv2/TkuWf5V867J5pmLGZUslImtlK2wzZE7pT3UsDEUm7RWP6XSTJ27nxkkNzBo6q0X0+3I1RwuwZjlv3/QgWv41C+cmkTajvz0djzHe7u2dp3vx+/z+yY/gdefP7Jt2opHfswXE3tuzZQmv6pYRCP1niGmQqvcMD7Qa4/wJXf+0mauc1wG0p+mOXt6JV9cDESMZbbr+MuPASmodc1awT4J4SFYzyuoi0vZNs5plsu2ALN15yiHHXwNF5c5sdNjphKVv2PYW33v0PxJW/JoqfTONgSruZV1zne4Nxz4jLgdb017DCz+Nuan6XnlOzjAkCOzZ+jaS1jdJAQEejSS8xC7QbKaXBx1I69DJgyQaYLm/QGp7I02SIrqbYF+Pa4n5c3DPcM8rrI7B7ac28nrc//jlsv/SzWiY8TiPjed9adyfhlrt+jxB9krj8ElrTWecoqOj4moDdCcHBnDR9FdsuvJfRibAcA/NETtooGVUPVE55N40DX6JQ1tR46S0GuENmr8/fsWtJrsXLV/ateqCGs3nfowlhEijnw8pVip4X94S4FBPFkLb+gsbBLdz05K/ODhpUBWt+qtWQTwu2jFf9cZmznv4GQthCse80Ggc7ozFOsMraHUo6ff9vcMPQr81O2xbpVd0d4pv3/DTl9e+ncfDEnx8iy8HdiYpOVv9+tl/62aXY+b18PVrDGFiGTb6B0mAl3xpvy98zttLlIxvymVit6S/Tqm9m+8Wdw593xp2Bo1qWOrbD4xqowZbJlxLi36DY/wRanWGjZvFJhKx8Xlb9wCe44pKx/Aaliq30uFFLqXpgmA/wucmrKQ48ifaMjkqTHmIpxUpMvf0a4LOMjBzuFV8ky7N06G6MWsaWydNw+zla0w6uJ+qxuCcUKoFCyWhO/y715hVsv3iCkfHDQ0fl2PJhdfky4bV7LuD6uycoVP6eqPAE6geTwzsJT5Q7ITaS5gyx/wKjluYjTNSXJavAMHlLgoVavgChH2vpIeYRrRkwXs6b953OqKV57+ziWZ4K0tiuCEiAV1FZf5qqWcfQrWL1bYhp1SfJ0jex7cKPACzHuU09a+65hFfdUuD0wTdBeBuFyjoaB/Ol1nxUw0n+PZZSHoiZuX8rNwzfqe+RrCrdqtYYf8+WPZ+mNPh9tFTVkl5hRtpOqaw/FQ7+OPB7czLJoliGipYbY5tSql8u47yOpLFMj6NHdKtYccloTr+bg/c+jW0X5gdjuprd5627m3DUUjbvew6nr/skxYEb8Gxdp88kLMi0a/c8ZDX2f5wbNv5WHrKCvkeyugzTGVwavT2fUbS4FQGRBWUGaRs8ezXVashPQFg8Sx9wqrvyG16z+cOUB8+n3UgxBa0Hcc9wMiobYrL2HtLG83nHBW/iPd9/kJFOhUQTmo/N3RgZz79ev/zp07j+rt8mjj9GVHwy9QMJWbqAI0U6S4btxgzwOvDOqQf6NskqM2r5ZO0vXfxhWlO3UuoLoB5E6RkRrRknLl9B/RXf3zlEfdEqsssQcDrbKT39FTxzDSc9CveEQjlQKAVa0++m+eWnsn34ozy7M7JhQlWseZmdiTWasnXvj7PhtM9QHPhlkpZ3xjU8+NDnk+Ge5UceNWpsH7or32Wo3Z+yWm3KT03AbiLE+bZ5kZ5hKYUKmP9C/vuRxfubFu0zH013G+WWyacRFf+LtO1o2fCwPHg6lQ2B9sw9tJNf4YaL/wlQL9bxcDdGJwIToynXfu5sChtuJI5fSZZAu7k4/YD5oaUR7ZnPUbr4+xmecEZHNJhUVjPDHca+UqI5s4e48rh8oK+u6dID3J2oYGTJdymlF1HbeB/ui3KW59I+IUY6idH5ZQoVwzVZeJZnKXHJKPYHmlN/wMx3nsoNF/+TBo8ep7lVrC13/iTxulsoll9Ja6Y71X1xNl1YgCzJyPwN1CzJtwsrZMmq5oztiqg9toFF7yUug6bFS6+wTlN8efB0GtHLgO5GvQW3dDv9qp2ZRZt3n4eFH81P0vZozS8dds8oLK+PSBrfIqn/KtsuHgdgxCOdTzhfbox3dhRe+7mzKay7kbj0SpJWfjahhWjRZuF6llJZHzFz/83cMPwpVR9l7ehO1m79CY0DW4mi9WSJa/C09AaDLAPPXgW8DzYtyguFJaxo7cr/Lgs/T3ldH1mWrvkno3tKCEZlfUR75u+g/n1su3h8dkeherHmZ+7xOVv2jVDc8BmKfa+kNZWSNn3ehz+fCCcjLhvNg98hKryNajUwolf1skbUahnj4xHbLvs27n9Jsd9wXbekRxgRrWknKjyTrbuHqFl+zNQCW6Kg5UZtU8pNX6uA/xxJfQn/7hXKPaHYH2HxDI2pX+UdF/4wb7/0v2erIdpROB9GdWfMxGjK6/7jFK6/52aKlXHwc6gfSMAiLCxymHenUA54WmXbhffCpqDvnawp+VRtw/kD2nUNn5be4uQjebLwyvwduxY8myxNRal7xtvmu15OufIhGlMptkaH23nmWMiXClszn6M9fRU3PuHzeYoeQwcOz1M+MNExczbvfg5x+Xcp9l1E/UDaaWhciiCfUqhEtOtf4L7pp3D/lzIm1AAva1B3svaWvZ+i2P99OpZHeoZ7RqEcaNXvouKXUtvYZoFn8ixRVamz7mnJL8Eanis02/DeF9GaeQ93f+dZecjqjAFQyJqf7tdrbMzYcmeNuPwxLLqImf0JEC1RyDosYzM3X9HOf6OQJWvQWGc+ovF+okK391Rk5TMLtBsZxcqFNKKnA87IwlZlF78ZvuqBmmVsndyIFTbRnGLJb4QrgXtCeV1M0vw27cbr2XbRXwF5f5HOKJwnN0YI1Cxhy+7zaRdvpjxwJY0DjrdO8nzC430onlIejGgc+iduGPqXpTgBXmTl6jTFN5t/DQe3EaIBPFVTvPQIy4jLgaT1CmAXQ2ML+nO7+IFnuLM8mfovUOyPcU9ZS1sNuxPe+zbEtBsfYerQ97Ptor9i3KN8+KhuzvNS9QDmTFjKlr0/RVT6DHH5Sur7E1iypcIux4KRNFPMfi1/1+INuxNZ8Wq1jJHxiHc98euQ/QvFftQULz0k0J4B95dx7d5BarX8vrJgn3xRdeY/VXcPYPwE7RnygUNrhGcpcTGf8N6YejvvuOCFvPuJX6G6M863/2uZaV66S4Wv2lnm+rt+i2L/n+F+Cs2pdEEOgT5eTkp5MJA0P8j2Sz7H+HikHaKy5g2dYeBGZn+BO9gaekEtvc0IpK2Ucv9ZBF4wOy5ogSxu6Kl2hn/Vw0sprzubtLV2zjXMlwojsG/QbryUbRe+DbyzlKqlwnmy2Y0UW2+/mHMftZPS4BtpTaek7QU8o/C45H9va6aJlWvgxp4RBWaRsU35i8fQ/hitQ98lxJF6taRnuDkEx/wn8tWTiQX71IscejpN8IFX4/gCVuJWLs8c9/ww6HbjIyT1p7Fj6B/zCe/mOvtunqoecIfalQnXTb6C0PdJouL3M3N/p+F9scc2PATPMsqDRtL+c7Y//i5GJoK+pyKQH8zrEdsvux/snylWHFTplR5hHtGuG/A8tkyexsRoOrub9iQtXtDqNsFfd8clhPjZtKZZ9SMd3FOiolHsCzQO3cA7LnghOzZ+bbYqI/MzPh5Rswwz2HLndkr9H8CzDYeXCpeNY1GgOd2gWNy+kGv4IqvC0K58+dD5G7LMtHwovaNzJE9p8BTcXgjYQh3Js4gVrc7Qr1B4JcWBQqcJfvVyTygNRGD30ayPsP2izeCmpcLjVN0ZMzqa8qZbzuL6u/+ZyuBmWtPZMi4VHpb3Zhme/Dm/cf7djHcOrhaRXHf50AZ30Zq+nxBp+VB6jDmW/TjgTN67ID+7ixW08knw1d1FPH0FSQNY+LH2K4M7TkJlQ0za/Aw+8wxuuORD+VIhWiqcNz/cj/WWO55B/4ZPUKy8gJn9CWZh2ZYKDz8+J1hEs94ii25Sb5bIUZg5VQ9sP/d7wL9RqKDlQ+kZRqA9YxCeQ/WeRyzU8uHihJ9xD2DQDJso9p9Pu5GtytlZ7hkEqKyLaU3/MTP3bmLbZfsOLxVqV+G8VKsBJ+/H2rz3Fyj1fQwLj6F+MFnmpcLD3FJKg0bW+htuuGiverNEHsquABik/5RvMtcSu/QKM9IkpTS4nmZzwZYPFyf85M36joefJSoAq/CGlE95D0SFjOahN/OOC36Bdz29rqXC4zQyHlGr5f1Y19/1TsoDf0iWlDrhfGWELMgbJVv1jMhuZC3NgRM5bpsywEltJ42pFiFEoOVD6RXm+UpV+BEWaPlw4W8Y+Tlzzta7ziBL7yKKNpAlq2tCcN6PFZO0vkG7+bPcOPwxRjxinEwHCh+HbuXv6k+cSvmMP6U88BLq+1PcA7aCfl7cU8oDEfWpj3LD0PNnN3qIyENww4Gtk5+l0P9kWjOrc1VDViF3QsHI2vcBF7J96Ht5VfbE7+0L/4PfLbN5+lLKgxtIk3T1hKw5/VhJ45M0m0/nxuGPUd0ZM2GpQtZx6Iasa79wEZUzdlHqe8nh0Q0r7OfFyW8agXcDh087EJGjq3bOPnTbSVRkVa5qyCplRtZOKQ2eitsmwGZngp6gRXiF0ZmdlfkrIVs9iyzuGZhTWR/TnHof9e8+l5uGv6rRDSdgtun99udR7P8PouKl1A+snH6sudwzSpVA89BuSpf8M9457UBEHtrkpvxFp0U7yVqs3s1Qsiq5ORYc+GHAZ3+eT9DC3ti6SypvuePxROFZtGaAVTA7yz0lKkSECJoHN7Pt4huA7r9XIWve5hwKvXnvzxEXfx88pjW93POxHo4TFcHq782/1ztjQN9zkYczMdYJWvZZWjMHiOL1q66FRFazkA8v9edz7d5BbrRDJ7N8uMCvMjqzswrh5ZTWlcg86fmSlntCsS/Cwn6aMz/MtotvYKRzILT6dOavu0V2wlK23PVrlPr/mLQdkbSyZZ+P9VDcnagQ0Th0H6XwFwDUdul7LnJMtQx3Y9uF9wK3EpcB9NyR3mAEklZGse9MjKcDnMzZhwsbtGqb8pkTmf04aav3DxXNzyuMyZK7aB68khs3/h1Vz/uxNLph/qoe8uM5JgJb972X8sD/pjWd4hkru0HWUop9QDZB7eLvMu4R1HSzEJmPw9viP0GIO2fJifQKy4iKTrAfBGDPrhPOMwt3k6t6AHO27NtIFD+Jdt0X9PMvKQcnoW9DTLv+MRpTz+KdT7wt7y3SUuFxGekcp3PNbf2c/8S/prz+KuoHEvCV1/T+QN2RDhR/H7CFPGRUZNUb7va1RP9F2kZ9WtJbPJA0Dc+en9/7N6Wc4BLdAv7gd5YNzX+M4kCEc8IPall55rhlVNbF1Kd+n8L/vIibLv9OHhjU9H5cxj1iYjTlmtseQanvXyj1/xAz9ycY8cr/0fCU4gCkrU+y/fzP4Y6O2xE5DiOdpcKQ3kprZooQBx3HIz3DLJA0nBBfTPuMjWBO9cSG7y5c0KptShkZj3B+jLRJT756cc8IMZT6Ao2Db2P7hVflRwm5zrQ7XtWdMaOW8qbbH0dp4OMU+p5Bff/K3Fl4NA6EYJj9IcBCHS4qsmaYObjxjku+hfk+4hKY+lqlhzgppYFAFr8wf8euE8o1CxOGRsYjMOcxFz+RKL6Udt1Xdu/NUbinxMVAiNu0pn6W7Ze8vXNeIWp6P06zg0jveAL9/TuJC8M0VtBxOsfi7kTFiMbB71Bv/DVAp2wsIsejuiu/N2CfJyqAo4qW9A7DyBIge1H+jhPbDLUwYWjojLycFhV/mOKAdZYNe4dnKcW+COxekvoPsn34/Tqv8ARVPf+6bdnzVPr7PkII59GcWsnjG46i0wTv9iHe/cT9eRO8fg5ETpjzaTxD5x5Kb/FA0gDCk6l++Uxqnd20x2lhgtbssmH2snzZsIea4N0TyusjsmQf7f3PZsfGj8+GBTk+Vc83C2ze/Ryi8r/inEGrnmKht5bdjEBrxrHsTwHUBC9yojoDrKPWbbRnfMWOchE5KjOyJKXYN0h9+pkATBx/vjn5QNTdbfi44ct6btnQPT9Op13/Lw7du4kbnrxXOwtP0FW3FKhZwjW3/RBx5R/B13UOhu6tC6t7RqESSJqfZ9vQZ3A3Jka1dCxyIsY6S4Vp+4ukyXfy5UM1xEsPcXNCBCF6PnBCYx4WYDlnVwAyCPmyYf1AZ1fZSubgltB3Skzj0F/zvYM/zc1Pm2HEI4WsE5BXstpsnvxR4tIH8bRA2s4IoTcC9xEsIyoEgv0ZZt7p09PPhMiJMHPcDbMDbNl3J1HxkaTtjNVwYoisER5ImuDZprygcEX7eD/Dyd8IxzpDSt1f1hNDSt0dLKWyPqZ+8P+y7cIf4+YrZvKdhTrD7rh1K1nX7RklLo+TpTFpkmG9GLLcCSGmcWgGz/4qf58mwYuclO6OXffb88GlqmhJDzELJE0nFM7nlMEhoLOSN38nV3nKJ35nXLdnmKhw6YofUuqZY5FTGohoHPrfbL+omn/BxrSz8ER0K1nX7v5JCpU/I2sbWdo7S8cP5GSU+iIaUx9nx8avzZ7dKSInL/jtnVN4VvaLcZEHclLKAzH1A5uALxxeyZufk1zi6/xlxospDcQretkwn5FlxKVA49Cb2HHJu/OlQjKo6RXW8brqvQVq1ua620cpVP6crE1Ph6y5zP8fYMf7ZBKRo5i8t3N9DZO0e2yzlAgAbvmRcWwC3n34Z3p+Tu6VRb727mye/HdKA8+iNZ2yEtfeM8+ICwGLEpL6z7Nj+M864xtS0FyX43bVLQVuvqLN5jteTqH/g6RJPmukl0NWfoC0kba+h6UXsP2y+2d/vkXkxHWfR9dPnkXGnYR4kDTxFX8El0iXk2eIpPlNyqdfSO2RU8dzfzjxG2P3oODNex+D2VNo11mR0+DdUwqlgIUpWlM/nIes2fENuoker+rOmJuvaHPtnh8h7v8L0nbo+ZAFdGZnOdi/sP2y+xkZjxSyRBZAN08VPvht3P6bUABde6WXGIGk5cTls2jd/wQARifmfc87iZtjdxS9PY/yujJZmh5+Rq0Q7imFcgR+P1njxdx42YdnZz3J8esOcX3LbS+iWB4nS6JVs1yIB7LUwMfBbXYIr4icLM/7HWsZ5l8kKoApaEmvsZRCBTJ/NsDx3CNO/AY5u0aZvQR3Vtzk7O60d8++STrzfLYN/4dmZJ2Ebsi65gs/QGnwL/EsJktWScjqlIWbU98mCx8Hcx25I7KQZs+IuwsL+WwikV5ibngKkAet7jDeeTixxvV8bTJly1dPwaee1Vk2jFbMZhLPUooDEVn7S7TrL+WGy/YePlJHjlv3a7fl9icT9f8N0Efa6tERDkfhZBT6jOTAv3LjJYcY94hRjfoQWXCZ79WqofQkp3McT/YkNn9xPTU7kB8pdewXDSd2o+yOoPeZZ1IaOI0sSVdMY6N7QnkwIm3to9F8DjdcqpB1MkbGI2pXJrz59ouJ+v4Rs1Pyie+rJGQB4JYvG/LXgJ3I5F8ReRiTm/KbURS+RNJkRfbzijwcMyNNMuLy6YTkMgBG5tendWIVrdkbkb2YEDuOr4hiVh6yYtr1PdSnX8i7nvh1TXs/CfkcqZSrbz2Hct8/EOJH0ppJCT12duHDcicqRDSnvosluwAtG4ostKGxPGiF6Gu0GwkhivHUV1xfr8jDcfIj2ur3PQP4j/n2aZ3Aqwo3alcmXHVLAdLnkDRtRbw6cU8or4tJmrfRaj1vNmRp2vuJ6Q7r/NVbN1Du/wfi0uNpzSQ9d3bhseRPHAd2ze42XGn9hiK9rtYJWnHr22D3EiKtIEoP6vZpRc/Ifz+/Pq3jD0jVTu3qlHUbCYXzSZrL3xCddUJWu/5ZsoMv4J0bv8X4uELWCfP8e/zGu0pU+v6KUv/lNA4lmK3MYbQnyzCMfwC021BkUZjnL9I3ToH/DyEGRS3pPaGz9P0kqrsH8pND/Jj3jBMISN3dI+nzKA0EnOUNM+4JlXUx7ZnPUm++iG1PupeR8YjRUYWsE+JGdVdEzTL60/dRWXclMwcSwmoMWe6EKKJ+aIYs/hjgOttQZJGMdO839nXy7gMFLektZkbScqLC2TTjS4B59WmdQNDqlMqMF+SDKo+d5hZNd7mwNXML2f0/yLs23sfIeMSEQtYJq5I3v2+evJHKhldQ399enSELwDIKFTD7DDdc+D9Uq/msHxFZeEOd3l6zr2IBLdFLb7KUYh+QPQWY1zyt47uB5mMdMn7l9kcCT8m3Oi7TuVXZbCXrczQP/iC/+dTv4R4wLReesO6csevueBOV9W+hfiABCsv9sBaN4/kShv1r/o6xAApaIovsK3kPvLNiRgKJHC+37wd+l+FNCzzeoTvWoVL8for965dtGrx7QmUwpjV9K4emfpDfvOK7nSNTdJM8Ud0RGNfu+RFKg++iOZVCtroa3x/IPKI17eAf7bxHPz8ii2X2hpR+nTRhxYwEEjkuHkhaYDwpn7l47PvG8QWt7lgH47mEOK8ILLXZEQ6N22nVX8R7Oj1ZWi48cSPemZV12xMplv6MpJ3lc6VW8YXQPSMuG2n7S5SSLwBQU8+IyKKZmMjfun+TtA2+Anarixwvw0ibgJ/P577yKDCnWn3Yn+Xj+0GvPSfJt79nmzp/0dI+UTxLKQ3EtBv7aB/8QW66/Dv57kKFrBNW9cCEpbxl95mU+v4aC/1k7eXfSbroLCMuAfaf1Da2GHeNdRBZTEMj+fPL+BZpqzvkWs856TFmuKcUB0pQfyIAw2MPW5SY/8206gEcLrr0fAiX0G4ubem3e6xO0vwiafOF3PjkbzDi2l14UtyYnDCqu4vEhQ9RrDyadmP1zco6KjfcwbKPAWgavMgiG+uEqlK8H2d/viqinCU96HB/b94Qf4z7x3FULTpjHdr+LEqDMe4JS9XJ6J4fEJ0lXyM7+CJ2bPwa4xpGepKMKnk1sGG/R2XdM6iv4llZR3AnhIjmoSZR9J/5+zTWQWRRzd4tkoPA/RrxIL1r9oDpvKJ1jMGl87+pTt7bfUJcuaQrLO4pcTkiS+8la/wg2598D9WdMaM6VuekVDtHE23efTWVU36emf2rdFbWUThOoWy065PEH/hqPkhRGylEFpd5Z+d6iy2T+1kLhXNZpcw6g0uHufoTFWpWf7gDpudZ0XJjYjSlursI/jSSFkvSn+WeERcj8IO0Gy9l28ZJxjuN23LiumMcttzxAgqVm2geSjFfQ1c9y4iKAJ+gVsuo7lpD/3aRZTTWqWu5fYf8XHpVtKT3GEbahhCdTeh7PHD41JyjmF9Y6n6Chg0TCo9ekmN33DOi2MAaNA79KDds/EynkqXlwpNR9ZAPJN37GEL5z3Fn1e8wfCCjU/a1fwOYzxwUEVkAw517ifl3NLRUepjNtjQVixvzd+16yEw0z7DU/QThmUty7I67EyIIcUZr6ie46fKPz855khPnbgx3mt+D/QVx6XSSVrb6dxjO5Y6FiOZUA69/FoA9elUtsiT2dINW+G4etPTUk15lni9/hycf6yPneYPtHrvjP7DoMx3zkJVSKAfaM7/IjU/4O6qukLUQxnbluzQb9luU1z+VxtQa2WE4h+PERXC/i/LlX1N/lsgy8Ow+TYaXnmadhvjML8vf8dAN8fMIWp0b0dWfqOA8hXZznn/uhDiElOJATPPQW9ix8X1cdUuBmhrfT1q3t23L7p+nsv61a6r5/Qid/izjFmqWMb5MR0iJrEm7Om/te2QZeQOxSA9ys06/+kVUv1zOX7Af/ef52DeZbn9W8fSLCdF5pC2wRbo5OSl962Pq+3ewY+NNVHfG3HxFe1H+rrVkZDxi1FI2772UqPLbtOoprKXm97k687Pc/gvQ/CyRpdTth3S+h2drqjVUVhlzI2uDhbNp1s8DHrIhfh6BqdOfZdnTKA3kDWCLwT2hb0NM/f4/4obhLZ2eLDW+nyx3Y2jEuea2fiz8P0LUR9KyNXvOmFmgNZMRhc/n73j4+ScisoA6p/AQsv14ll+fRHqSGVmWUawUwC4GYPJEg9bs/Cx/Vj7FdxF2iWSeUFkf0zjwYb64+ypGxiPGNqWoU/Lkje2KqFlGXHgPlcGNtGYSQliby2VORlQwsva3KAzcBeh8Q5El1UlaqR8iS0BNWtLTLCMUAC4FYOjoKyTHuOHOnZ/Fk0kXYX6WZynlgZjG1OdJvvsKJkYyhvY4pm2/J627U3Pz5M9SXv/z1A+skcnvD8HciUpg0R3UzpnJDwLVz5nIkumed4hNk7QzLOi8Q+lhbngG+BOAuYPdj/Dwoam73tiKHwc8jmSBzzfszqFoN75KmHkZNz7zECMTgVpNyzknqzsv69o9FxAVfpt2PcPXal9Wh1s+NsS9u2y4Nit7IstmLH9jYRpooHOlpbdZXpm1C3A3JkaOml2OcaPp9Gdl6RWUBqNOf9bCBC33jKgQyLIDtBsv4x1P/Drj4/nZe3KS3BjGGPeIKHofcWmQtO1rti9rVmc7rtmty/1IRNaksbE8VYV2HbyFBeUs6WX5hHj80Wzde+rsMVMPMM9X9OFp+SuPBVpmyWdlORY5relX8s7Lbs+nvitkLYjqrnyX4ef21KisfzrNNTgv68HyQaWNqYwsnczfpUZ4kWWRtRoYLe06lJ5mlle0LDoF7DHA4WOm5nj4fp3apm7weUontYUFKWhZSCn1x0zf/8vceNmH84GkmpW1IEa6h0Xv+QHi8vU0DqYYaz1kdQaVFoy0+Q3ur38ZUCO8yFLr3j7K5TpNa+bvME0ulR7WaYFqzVwAfK6zEnjEi/iHrmh1G4XfsvtMzC8maeVnxJ30Y/KEyrqYmQM3ceOlvzt7wLEsADeGcK7dO0gIf4hZp1FPLxvzRvgCOHdz8xUzVF2N8CJLrnspmkhw6urRkp7nnaN4smzooT7koYPW5Fj+jIhtI4XKIFly8tPl3BMqG2Lq9/81Nwy/JQ9Zm7RcuFCqnVEOlr2T0vrzaddTUDUL6DTCx4Dtyd/x0AeAisiiyVNVrZZh3aAl0uPygsYlD/W/H/pmMzsPwp5CVAJO8jw495Rif0xz6guU/GepVkM+K0tVhQUxPp4fsXPt5EspDVxF42CCBYWsIzh4unu5H4WIANDUiqH0POvsPDQeA3C0QesP86q+0yjsfF9nTsSJPyPcM+JiIGvfS2i+nNrGKRhDs7IWiLuxZ8S5evepxNH/JUscz1SxOYJHJA0w2ws85LwTEVlsnXuJ08RM9wHpbe6BrA1k5/HGT60jf0V/RF56iJtx5yDp6u4iZpfmg0pP8KWHuxNiB8toNX+St1/6xfyA45OskMlh3envhXATpcFzSZopZgpas9wJkdFuNsC/AsDQHl3cRZZDtdOWYt6paOmpKD3MgCwF7FQqp5wDPOjMw6PfjLsfNFN+NFjnIOkTXUy3lGJ/RGvmV7hx+GP5GAdTX9ZCmV0y3P0yyv0/ly8ZruHp70fjljfCG99gpvhtAGpjurqLLIux/I1bPt5Bz0Tpad0zD/ti4iw/XHpyPkFruPNBId1Isa9AlmWcSEWre1B048DvHd5heKV2GC6U7pLhlq+eQhz/DqmWDI/KvNsI/xXec2FTR++ILKPJiU5Fi7Z6tGR1sIwQQ8qFwIPOPDz6TXlP94PSJ3duUMe/zOdZSnkwpn7wP7l/5lfmHBQtC6W7ZJhNbae07lySRqYlw6PoHr0DXwRgeExXd5Fl550X3XrRI6uBgdnjj/Z/HuKm3GmEN56Urz0eZyO8e0ahHNGqf5Mw8wpuvqLN0IgOil5I3SXDzXs3UaxclQ8m1S7Dh2QG7l8CYI9eRossm5GR/K1bovEOsjrMHi796Pz3m441sLTbCP/lMnBJ3gh/PM+GzvE6TkrS/on8DEM1vy8sNyaAq79WwfhdNZQeg7mRpuB2DwDD+mKJLJvZFRMNqpZVo3O4NHnQekDeeXDQ6jbCp+mjcDuXrJ3fqObLLaU0GJHMXMONw/+h5vdFME5gYjSlcGgLlQ2X0J7RYNKH4wTSJgT7KgATE8v8gEQEy/SCR1YJgywBz86k+u2B/H2Hc9ODd6d1G+HbzSFKgzHNqfn3/XiWUjklpr7//7Hj0ner+X0RjIznB0Zv3XcxIb6WxiGNcnhYndEOaatOFN9HdWcMZwSqO7VmIbI8Yqo7oWmoGV5WBXMjS8HCqUwfeCQwRRXrnqf74KDVLeuaXTanEX4eN3LPxzg0D+2hnL2WqgfGSKkt4D9GYASYANL03RT7K52gpavVQ3FzothIs+/w9gu/uNwPR0TIX3xv2TujHi1ZHczIUqdQLuEzZwFfnN1dy1ErWpu65dwnPOAA6oeWDyU1smSaVv0VbLt8ipHxCBtVX9ZCGve8mnXd5CuoDL6gE7K0ZPiwOk2K7mU273kbIeRjMbQxQ2SZeMBpgz+FdiP/vSpb0uvMMkIcYeFRAAyd8ZBByxi1lKoHmvsuJm0zvyeBpRT7Yhr738BNl+/WkuFicGMPTvWudTSzG0hajq5Ox2ZmZG0I0SMpDfz6cj8cEelo1/Nfan2Q1cA78xrdzs3fsWn2fx0ZtKpVo1Zz2nsfifNo0nZ+YOLDf/KEyoaYxn1/xI6N71PIWiTjBEYtZfOerfSd8ihmDmgC/LwZeOrUD2pThsiK4ZHaHmT16PwoB+8ErV2z/+fIG/XkcOewz/A44sIASdMf9ongnleymofuoNR4o/qyFknVA6NkXLv3IqL4TTQOZZhHKmgdDzPsKEvlIrJMdP2S1cQNT8E9XzqcvHe2PeXIku3hNcWLKZSBhxnL4J6fH5cmM7SbP03tihkmJ9T7shgmJwzMsexGCpUyWerHN9tMREREFo0ZeT9wOBuA8ZHZHvWjr407l86zLysiabyZd152O9WdMROjWppZaOPjEROjKdfvfSHlgR+iqQZ4ERGRFcU7Q0uN03nVznJedMpnaT0gaO3KE5j7JXj60INKPUuprIupH/gQN2x8b96X9Rz1ZS28/NDo6s6Y1Lfjnu+YExERkRWkM0vL/TTOPmcwf1f+f+YGLaNWy6h6DDyOtJ0ntAd9rs45hs3pr2H8EtVqyA+L1orhghv3QM0yGo/8OcrrL6c1o+GkIiIiK0136RDW4a31AIzxgIpWtVMpObT7LPCzH2LHoWPBwZyk/QtsH/oek2Pqy1oM7saeMWfzF9djNkZSV1+WiIjIymR45sSFAOGMuf/jcNDqTjEtFc6jUOojy7IH3djdUyrrI1rTN3Dj8MfyviydY7goJgjUahk0rqa8/hySZobNZ0K/iIiILD3LiIrg4RHA7JGGh7e7d3ccpunFFAeg3fQjGuLdU4r9MfUDn6di/4uR8YjaJoWsxeBuGBnXT56FR79Ka8pBS4YiIiIrluOEAoTpPGh1jjScc/PelL8J4QJCyP/I4T+dTzxN2w2Mn6e2scXQSL6EKAtvlADmpGyhNLiBNNV5hiIiIr3AOXPub+cuHXrnAy4gS2FuOctJKQ9EJI23su3i2xn3iJrpHMPFUPXABBlbdp9PFL+GZnc4qYiIiKxsDvAQPVoTI1lnyeoxZOnh9iz3lPJgTH3/x7lh+F1Ud8aMKmQtmuHOcFK3t1Hsr5ClD+6VExERkZXJ7XQAhjc5dHu03POdg1u+uB783Hy0gwfACbHRbkxB9tp8qdAzNMthcYyMR4yOZGzdPYQVfzI/agdVs0RERFY6c+tEpFMB2JNnpbyi1Zn1QGifBXZ6Pt3UAEsp9QfS5ha2b7xHS4ZLwZzM3kqxr4hnGukgIiLSE4y89co2AHTzUh60JjtBy/zRFMsBJ8M9ozwQ0zjwUXZs/B3GPWJUoxwWTdUDE6MZb9l3GVFxNK9maaehiIhIT/BORctsA9WdnakO3rmRD+VbEMl4NFEJ8LSzZHiIJP0lYLYEJoskn2PmhOR6in1xXs3S8fYiIiI9Ig9a7hu494xy953xkR+TPS5/6xmlgQIz97+Nd176xfwsQ9NZhoul6oEand6s0o/ROOg6OFpERKSHGHkbu3kflaQPmMK7S4edzngIjyVrQ6GvROPAf1IZ+u18MOmVClmLqbvTMLPrKPYVcLREKyIi0mvcwa1AoTIAwBiWV7RG6TS4+7n5Db/dxPx11Cyj6uoTWkxVD4ySce2eCwiFn6B5yPO5WVo1FBER6R3dg6W9hPlA970BPK+mVHeWyfxMin1G2n4724Z2a5fhEuhWs4JdTWmgTOapdhqKiIj0HMPdiYtG6AStyQkLVMfym3rrtPXEhXOZuncfZb8hn+mEQtZiqlYDoyMZV996DiH8dH6moabAi4iI9CSzjKgAziAAIyMEGMv/Z1Q6k1Ao4ryO2sZW509op+FiGh7Lq1ml0i9RWjeoMw1FRER6mDtYBEknaO3ZZTHsCkBGO7kUkg+xY3iXZmYtgfy4o4wtt5+C22tozXSqWcpZIiIiPc2Y26O1qbM8GB3CfCvuxp4xVbIW29iuKK8YFn6GyvpHkrYyVbNERER6mXleL/H+7nvi2Wb3+6c+zM1XtNkO6CzDRWZQ25RS3V2kkb2OpKnhpCIiIquCgR8OWodHN9x8RTvfgSiLrvrxGMxpxS+mNHgxrbrruB0REZHVwAA6QWsTD7i5q/l9aezKq4hZ9isABH3dRUREVo1gc5YOZWmNjEfURlOu33sFxJtoTum4HRERkdXCAKyv+1stVy25kfxN6r9Esc9AuztFRERWDQfwUv6bXapoLSl3wyxl6+2PxMPLaU2j43ZERERWk855hx2qaC2lsV35EmFWfCXldRtI00TH7YiIiKw6RQCGN7kqWktpbFPKN28pQPqLpE0wlbJERERWD7d8OnwnaE1MqKK1ZEY8wgxOHXw2xf4hWvUMUBO8iIjIquLQrWgNjbiC1pKZAHA8eTUhBkwHdouIiKwmRn7eYTdoofEOS6PbBH/t3rMJ4SW0pl1N8CIiIqvN7H29U8ga09Lhkug2wUf+CkqDg2RZqiZ4ERGRVcoPrxiqorUUxjalTI5HOD9D2lITvIiIyKrWOVZvbEw9Wosub4J3HrvxKcTFy9UELyIispo5zBmfpaC12IZ2dapX9tMU+gDUBC8iIrKqdQpZpqXDReZGzRKu3TuIZT9GewYUbkVERFYvh9mlQ3TTX1zVXRF5R9YLKa07i3Yzw/Q1FxERWSt0019Mk/c64AR/BWaOBS0bioiIrCFaOlwsRxwgzfNpzxhodpaIiMhaoorWYunOzqL4Usrr1pEmKabZWSIiImuJgtai2ZQvE7r/BFmmQpaIiMgapKC1GKrVQM0y3rrn0Zg9k3Yd9LUWERFZc3TzXxSb8q9rFr2Y0mCFLNWROyIiImuQgtai6CwbZtnL0bGGIiIia5aC1kKr+uFlwxCeni8b6qgjERGRtUgBYMHtCoCR0Fk2zBKVtERERNYmBa0FtykDHOyH8AzMFbJERETWKA0sXUj5kNIsH1Jqz6BdBydotIOIiMjapIrWQhrrnG2YFZ5LaUBDSkVERNY4Ba2F1D3b0PghLDiYL/dDEhERkeWjpcMF48aEpVR3D9DInk27bijIioiIrGkKAgtlfCL/WrZKT6HQdxZJK8P09RUREVnLFAQWyp4z8l4sT15EXAIsW94HJCIiIstNQWuh1DalVD2AP5+0hYaUioiIiMLAQqh6AHPSLz4ewkaSBlo2FBEREYWBBbEr/zq228+iNFggy1I0PEtERGTNU9BaCMP3dsc4PC9/o7EOIiIiovEOC8CNUUupfrlMo/4MkgZ5f5YqWiIiImudKlona6Qz1mFq5glExfNImo6Zvq4iIiKioHXShjpjHSKeRbEPsHR5H5CIiIisFApaJ21TPi/L7Fl4BrjWDEVERARQ0DpJbtQs4/W7B4Ar8v4sfU1FREQkp1BwMrr9WevCpcTFs0lbjpkqWiIiIgIoaJ2cbn+W29Mp9IGrP0tEREQOU9A6GZOd+VnmT8v7s0REREQO0xytE+bGhKW88a4S3n4SSRMUXEVERGQOBYMTVe1MJB1ILsCiR5O2wLTjUERERA5T0DphnfMNM7uC0kDAPQU1wouIiMhhClony/g+LKDzDUVEROSBFLROVG1Td4fhE8naYDrcUERERI6koHUi3A3MefO+03G/OG+Ed30tRURE5AgKByditDOotJReQqG0gSxx9WeJiIjIAylonYihkTxUZeFJxBUNKhUREZGjUtA6EcN0B5VeDuqBFxERkaNT0DoRo3TGwIeNpG3UnyUiIiJHo4BwvOY2wpM9Pg9a2nEoIiIiD6agdby6jfBxdj5R8RTStmNqhBcREZEHU9A6XkNn5KEqCsMUKoAa4UVEROToFLROVOZDWjEUERGRh6Ogddw2dRrhfZgsBXSQtIiIiBydgtZxcaNmGdXdRbDHk6kRXkRERB6agtbxqI7loapRORPLHkWqMw5FRETkoSloHY/JTtCi9TjiSglPdfSOiIiIPCQFreMxtKsbqh5HXNLROyIiIvKwFLROhHHRcj8EERERWfkUtI7H8L2dgw3tAlxnHIqIiMjDU9CaP2N0NM3HOWSPI0vQGYciIiLycBQU5q1Twdr8uXU4Z+uMQxERETkWBa35qnZCVaH/TMw24KliloiIiDwsBa35muzEqpSzKZQLZJ5ptIOIiIg8HAWt+eqOdsh4LKEA6oYXERGRY1DQmrdN+RvzxxICYApaIiIi8rAUtOZrstsNz7kqZomIiMh8KGjN19BYd4bWuWSpzjgUERGRY1LQmq9aLcPdcD8bT8FdQUtEREQeloLWfHRD1Zu+sh6zU/NhpapoiYiIyMNT0JqPsU6oig+cAn4KWaaYJSIiIsekoHU8SsVTCIUSnrpmaImIiMixKGjNx3CnfpWERxLF4GjboYiIiByTgtZ87OkMKzV/ZD6sVEFLREREjk1Ba142dd76mYQIFLRERERkHhS05mVX562dkQ8rVXuWiIiIHJuC1nwMb8orWJ6djmfL/GBERESkVyhozcfERP7W7PR81VDDSkVEROTYFLTmY3ykU8ayU/BMkx1ERERkXhS0jskNM2dkPMJYR5bp+B0RERGZFwWt+Rp6RgkYyHu0lLNERETk2BS0jqU7yOHg/WW8G7RU0RIREZFjU9CarzgqY/TlPVrL/WBERESkFyhoHcvYbKwaBIqaVSoiIiLzpaA1XxEDmEWdgaWqaYmIiMgxKWgdy+RE55zDrI8Qg7tKWiIiIjIvClrHNJK/cavonEMRERE5Hgpax9LJWZj3YRGYgpaIiIjMT7zcD2DF27MrXzrMQh8hAjfXrsMeZ3p9ISIii8CzqLP6NXujUdCar2CV5X4IcpKclFJ/RGvqelL7CJEXyLJ0uR+WiIisEiF2slYgpIfyd5graM2XZ6Xlfghy0pwQQ+p7uXHoluV+MCIisvopaM1bKC73I5CF4BB5P1UPsCdmclIVLRERWRhDI87khDE04tQsAwWt46GK1mrhIaJmGdWdGROjCloiIrJo1BU8X1o6XD1coVlERJaGgtZ8WSgs90OQBRIUtEREZGkoaM1bpq/VamGhb7kfgoiIrA0KD/Om4UurhmeDy/0QRERkbVB4mDePlvsRyEIwcBtY7kchIiJrg4LW/OlrtVqYb1juhyAiImuDwoOsIW54BrABgMl7dW6liIgsKgWt+cuW+wHISTLAM3DWAzA+ou+piIgsKgWteTPdlHudY3gKxmkAmDnoiHAREVk8Clrz5apo9T6DLAPsVKpfLufv0+qhiIgsHgWteXMFrV5nnle0YJBun5ZyloiILCIFrfky2sv9EORkGWQpYIM0GmcAMKalQxERWTwKWvPXWu4HICfNcM8olANYHrQmFbRERGTxKGjNV0ZzuR+CLADDCRGYPxqAoV0KWiIismgUtObLMi0drgaOE2Lw7LH5OzYt68MREZHVTUFrvkJoLPdDkIVgnX0N9hgAhtUOLyIii0dBa748m1nuhyALwQNZAtj5AIxqbIeIiCweBa358sIMWZaPCJAeZpAmYP4orrmtH8xB31MREVkcClrHMrwpX1oyr+NpPl1cepe5kbWB8EhC4WwAqvqeiojI4lDQOpaJifyttxv5DCbdlHubGVmWUSgXCHYhoBEPIiKyaBS0jmVoJK9oRfEUWQJmuin3PMuIi4ANARrxICIii0ZBa74a7Sk8S/OClmunWq/L++0uBw4vD4uIiCwwBa1jGsvflEuHcG+jgtYq4CHv0+JSqh4YtXS5H5GIiKxOClrHMjaWVzuytIFRx4IOIu51hpG0wP182nedBUC1queCiIgsON1cjqVbwDqYNXGbwgL5SADpXWZkaUaxv0KWPAGA4TGVKkVEZMEpaM3XGcMzwME8aCln9T7LiIpAeCoAe9QQLyIiC09B65jMcTdqlgEHCQFMFa2eZxhZAs7T8nfs0oR4ERFZcPFyP4CeMDoRgBTz/XmPlqOm+B7nHkiaAE9iy+2nULvsftxNIVpERBaSKlrzMtJ5a9/Lm7Z0M+55ZkaaZBTKp+HFJwIwMaHng4iILCjdWOZjdqBldm/eoyWrREahBGTPAWDPGSpTiojIglJqmJdN+ZuMb+VLhiporQqGkbYBy4PW2CbN0xIRkQWloDUvu/I3Fr6j8w5XEw+0G2A8kc17H4OZa56WiIgsJN1U5mOyc0SLhe+QJaCgtUqYkaUppXVlgj0XMNik54SIiCwY3VTmY6i7Vph9m7SdLznJKpJB5i8FHDZpzIOIiCwYBa3j0c6+S9puYJHpYOlVwgi062B+Jdfc9ghqluGuIC0iIgtCQWs+ap2KVuvQ/Rj3EWJwjXhYHcxIk5TS4HoK8fPBjbFd0XI/KhERWR0UtOalE6re8/2HcLuPEKGdh6uQh9H8e63lQxERWRgKWvOV70Zz4JuYjuFZVYxAawYsPJfr7zxHy4ciIrJQFLTmrbMbzfhavnSoktbq0dl9WB7sJ01+HEDLhyIishAUtI6bfXW5H4EsCiNpAfYaqjvjzvBSVbVEROSkKGgdt/QreApoaWlVMQu06xnFvmGaZz0PM2fc9fwQEZGTohvJfHWHlnr8VdIE8rN4ZFWxLN/okL4egD1aHhYRkZOjoDVf3aGlFr5Bu9EihKBZWquMEdGccqzwIq7dexE1nKqqWiIicuJ0E5mv7iytUt83MP8uIdKEh9XHcFJK/QWCvx7MGVafloiInDgFrXkzBzdq58zg/DehAIpaq495RGvasfCzbL39kYyS6aBpERE5UbqBHI9qZ8u/2ZeJYsA02HLVMSNNU8rrNuDxVZ0BpnqeiIjICdEN5ERkfs9yPwRZVIH2jEN4PdVbN1DblGqXqYiInAgFrRNhtjfvg9fNd1UyAkkro7zuTBrlV4P5bDVTRETkOChoHZfOGXhmd9OeATPdfFctM9ozjvmbeeNd6xjblOpYHhEROV4KWsdjbHbEw1dI2wc7h0urIX41mq1qbTibvvZrMXMdyyMiIsdLQet4WMhD1T233YfZVwkFnXm4qpnlOxCja7h696mwSzsQRUTkuOimcVwcRsYjJkZT4C4ijXhY1YxA2soor3skxehN1GoZw2NaPhQRkXlT0DpeQ2fkN1rndkIg3/4vq5ZZoDmVEcKvct1d5zKiuVoiIjJ/umGcqMBu0gRMk8NXNzOytlMaXIclY5i5qloiIjJfClrHrbPzMI320p5JwSK0fLi6WQg0DmbEpVexZe+TGbWUkXE1xouIyDEpaB2v7pmHlUNfJUu/SaSG+DXA8MyJCjGe3QTAyDI/IhER6QkKWsfNnKoHalfMQJgkKuZHEcvqZhbRnEopr382W3b/FKOjKeOuqpaIiDwsBa0Tsiv/uhm3EiJVtNYOI2k4Fu9gy+2nsAfXEFMREXk4ClonYnhTZ3CpfR5P1RC/VpjlQ0xL684hi36DmmUaYioiIg9HQetE7OlUsNL2HTSnE7CAGuLXBrOIxsGUQvl1bN73TGpXJoyrMV5ERI5OQetEzDbE2xch+xpxwXAdxbN2OFgw8Pdy9ScqTIAOGBcRkaNR0Doh5oyMR9Q2tsC+QFQCLFvuRyVLJqI9k1JZP0Rx3RgToylVLSGKiMiDKWidqO6EeOzT+cqhrCkWAs2DKXHlLVy751nUrkw0W0tERB4oXu4H0LOG782XCtvJZ4mbgAfUE7+WGFlmRCEQR3/EtXufRN/F07gbpmOZREQkp1LMiRoZyZcKC+ELJPX7iQpBfVprjFmgXU8oDZ5P8HdrF6KIiDyQgtaJMnOq1cD2oe/hdjtxEUx9WmuOWUzjUEJ53c9z7R0/Q+3KhOpOVYpFRARQ0DpJm7pfv08QdBTPmuVZRKueUez7Ha7ZPaR+LRER6dIr75Mx2RlcSvgvsjbq01qjzIysnRH3D1KM/x83fe1pHHxUU/1aIiKioHUyhsbym2ho3kIzOURUGCRLHExpa60xi2hNJ1Q2PIF799/MdvsZ2BkDKRpmKyKyZmnp8GTUahnVamDbZd/Gwq3EJQD1aa1VZjH1AwnlDT/NdXdc1+nX0hKiiMgapqB10jp9Wpn/e96npaWiNc08onkooTiwg7d84YfVHC8isrYpaJ2sbp9W8H8jbZH3acnaZUaWRGRpRmng/Wy+4wk6D1FEZO1SKDhZE52lQi9/ltbMvZqnJVgw0iaYDRJKf8vVt57D6GiqnYgisiaNjEf42j0PVkHrpJlT9cCOxx8APkmhAurTEguBdj2lWHk05b6/5dq9g0yMZFRV8RSRNaLqgWo1MDGaruUd2LroL4hdATCMj+QbDtfuD5TMYSGicSihOPBkYvsQV30u79Vaw6/sRGQNqHpgZDyiZhm1WsbmvT/E9Xdenv+/6prLHWrSXRCbMsDJfCfNqRTT11U6zGIaBxIqG17AKf5+avYK8IA7a/kVnoisQtVqYHLMqFkKwJa7n4b5ZsrrfpiZ+38cuI3hMYPa8j7OJaZAsBBqloEbX57Yx+OGJyn2XUqrnmG25pK7HIVZTH1/Qt8pP8GWvVPU7BeZHI9wzxS2RKTnVauB4TFj1FKowVv2XUYp2oz7TxKXjHY9g9BY7oe5XBS0Fkp1V0RtNGHLvn8mKl0KjQwtzUqXWczM/oS+9a9my94G2y95A6PjEXimpWYR6UnuxgRhNmBtmbyQEL8Ft1cRV4o0DkKatCn2FSBbs/dDBa2F0h3zYNk/kjSuRSFLHsiImTmQ0Lfhl9myL2H7xW9iZDxiXJUtEekh7sbYrgizBEjZ/MXziLOryfhFin0DNA5B42CKWYT7mt9traC1ULpjHr4381lO5WvEpfNImlo+lCMZ3crWr7J1X8S2i9/ImHq2RKQXuFGdDVgJ10+ehcdvhPR1FAY20DwE9QMpZgGzNR+wuhQCFow54x5x8xUzEP0rhbKDacyDPFi3slVe9wa27ntv3uMHGv0gIiuTW37ChTm1KxOuue0RXH9XFQq3UerfirGB+v0pnnonYGln9Ry6sC+K9G9JE9OUeHlIs2Fr/VVcf+efMzoRqFmmoaYismL4AwJWdfepXH/3Wyn2fYHiwBjwCOoHE7LEsRCRzzeSB9DS4UIa7SwfTh/8d/r4NnHxkSTtDFOglaMwYmbuT6hseCXnX76ea/7lJ7jphdOMeMREZ3u0iMiSc2OcgFkK5AGrGb+GdvQGiv3n0pqG+v4UCJjFKmA9PAWABWXO+HjEe77/IMZHKFQcTYmXh9Md/VDqfwnFx/8rb/n0mUxYqoOoRWTpzalgjVrK1Z84la13XUe7dCvlddsxO5f6/SlpO18iNFWw5kNBa6HtOcMAw8JfkqWGa/lQjsEspn4goVh6OqXT/oPNt1yal+ldYUtEFt+Dlghv3cBb77mO8mlfoNS/A7PzqB9ISFr5EqEC1nHRhXyh1TalgFMMH6cx9W0KWj6UeTCL8+N6+s4n3rCTLbt/mpr9c76MiGZticjCO3JMQ8KWydOw8Bpa4fWUKo+iXc93EWqJ8KTo5r/gOrsPaxcexPgnLR/KvJnFNKcz8NOIKv/Ilsk3MGEpjnYkisjCcTfGPcK6uwjveQRvvft6QvFWSoPbCOFR1A+keQVLS4QnSxfvRRVNaPehHJcQAkk7I20ZpXXvYevd/5exXfnhrOrbEpGTUa2G2YA1ainXT57F1rvHKGVfoND/doxHUT+Y5KswClgLRRfuxdDdfdiu/xue/A9x+VySlpYPZX7MAu5O42BKZcMv0X7UJVxz289Tu/zLVHfG1K7Ml6dFROaj6oFhDp9FuHn3eUSl1+H+i5T6T+/sIkyAKF8ilIWkG/+iMKe6M+amy6cx+2sKFdDyoRwPM8Msor4/ISo9m1L/J9hy54upXZngrqVEETm2qgdGxvOK+KilbJm8kLfe/S5C8QsU+7Zgdjr1/d1dhLEqWItDF+vFMnlvXnGI7C9o1wGd9yQnwCymeSjF7Eziwj+yZd/bsTHTUqKIPKSR8Yiq50OQJ0ZTtu67jC37biYUPk+h703ABuoHNKZhieiLu7iM6s6IxiNvo1AZpl3X2YdyYtwzMKisD7RmdpK1fontQ3cxMh4xtMep1VQxFVnTOkNGR+fsUt667xlYeANuP0apr0hzCrIswXzppri7ZxT7Aq36y9hxyd8z7lG+hLl26Ka/mKo7I2pXJmB/QVxCZx/KCTMLGIH6/oRC6Uqi4qfYsvfnmRhNqdVU3RJZszo7CLtDRjHn+n0/yNa7P4xF/0mh7xV4WqR+oHMWIbGOyllaujgvqk15sLL0L2geehvBirg7qiTKicrnbaVE8SmUBv6I6+9+MUy9idoTv67qlsga0p2BVbOEUVKqu4s0Sz9K4A1E8TOxGFqHoNFOMULnsGdZBgpai6lmWWed/B42T+6iPPgCGlMZhn7g5cSZRaSJkx7KqKz/cdr2dDbfuZUdF/0pgHYmiqxiVQ+wK8wOGb127yCF8JMk4Zcpli4DJ5/HR6f/Sveb5aagteh2BSAj2J+CvTC/96mgJScpb16NqO9PiYtnU+77E95698tIs+uoXfQlMBj5YMTE6JrqhRBZtUbGIxiBmqVAxvWTZ+HhVVj0GoqVx5G0oTWV4ph6gVcWBa3Flh/JA8XoH2ge/BZR8UxSHckjC8RCRNJ20nZGad3LofEctu77de65/beYGE0Z8YhxMkxH+Ij0IGPcA3vGnFrnRdPb7ryElKvAfprSwOn5MTkHU8A6FSxZYXSzX3RzjuSBD1LsA83UkoVkZmARjYMpnp1CafA3ueCJ/8XmPT/AhKVY52dQRHrD7CHP5A3utVrG1nuewdY7/4wsfI7SwJuA0zsHPXenuOt+vkKporUUJibyt0n2PlrTb9CauSyKbu9W/UBGqf+pwL9x/Z3/l2Z9jFH7DmCMjActJ4qsUN0J7mYpkDCyu8hFlZeRpb+E8VwK/dCcgvrBBFxT3HuEEvBSmBhNqVYD79x4G2n7ExT7wdHNThZed6J8cyojazvFwddR7Ps8W+9+DVQtX07sDDMUkRWgM56hO2B01FK23v5I3nr3m3l8fBuhMEFcfi5pK18i9Cwf0aAhoz1DaXjJbApQy8BvxsKz1BQvi8pCHqTq+xPi4jnE5Zu5/qd+Dv/J/8W2iz8G5LsTxzal6t8SWQbVaoBNYXY8A8Dmu55IHH4BT3+CQt8ZWBOaU50eS+0g7FW60y8Zz7/W1T39NGwfcfkcHTQtSyKf3ZZR6o/IUsjSPydr/2+2D90FkE9qnjNNWkQWS758zwhMdKajv/GuEuvDS0jT1wDPpzQQ0ZqBtN1tcO/te4Qmw+smv3TMqe6KqG2cgvCnOmhalszscuJ0RrvhFCo/RSh+juvveifX33nO7DTp6s549gWBiCycuc3tE6MpE5by1i89mq13Xk+/30Yo/iXFvhfhWfSAMwh1j14FtHS4pLqT4uM/onnozfmk+Mx1HIIsie5Fu3EwJUQDlAavoTn9Kt5697tIwu9Qe/wBoDPwdFOqCpfIyXBjhAATzDa3Vz2Q3P08MvtZPHkppcH1JI18eTAfMKoJ7quQbvBLbWQ8HyK5ZfJDlNa9nMbBVE8sWXruuKVEcUyxD1r1L0P2W6TRH7NjTuBSD5fI8elObq9dmcy+b/Pu87Dw41j8U8SFJxEV892DWbo6lgcfjpYOVdFaeiP5m5T3kLZejsKuLAszjJi0nY+DiIuPpdD/LlrTv8rWL/4WU+kfUrvwIDXyHq49YzpDUeShuBsTBPbg1CwDMq66pcAZ667Ew8/g2Q9R6l9P2oJWPYO66/zBtUNBa6lNWD7qoXbJv7N572co9j+F9kwK2k0iy6B7lE/SzkhaTlx8DMXyb8L0G9l69+9QTP+EUfsu0AlcszcSkTWuszQ4QndpsDO5/UsXkSWvAB8lFIYIBWjPdGdfhVVdvZKjUtBaFpsCWAL73kOI3o+rTUuWmRHAOBy4So+lUH4nzZlr2HrXHxHi32fUvgrkSyOTGBPaqShrjlF1Yxhj1FImSJkAtv7/9u49zq66vPf45/mttS9zyU1BRZGLEC6TBFHwUq8TtdoW7WmPzLS2turR0uPLYkspN9u+JnNeAgl4aQ/WWlqrp1fPTO3FYo/FS4JVRIqKQkICQW5SkICQzGT2df2e88fae89MLhBCktkz832/GCazs9fMThjW+s7ze37PuvNojLfh/ktkjddTWlKiWd2zepVqAWNx0n/1OdHa2XXBt8qUlt9OWjqRRt016kG6hhPBnaSQUOyD+uRO3P4W49NcsfK7neeNbExhU9Syoixo++q7GrmnTIyvpem/jMVzKPQ+F4959SrGhd97daDUo6WgNWdGNqaMrm1y6dbfpbz0o1R2NjFVGKXLuDtYRggppf7W8MTwJciu5dHJf+PasxtAvskDYHxIVS5ZGPYVrnDj4q0/RQjngv88hfJJJAU6c6/yK2rQEsUMCloKWnOnPcD0gRXUdm8jpM8ma6qqJV2qtUvRSCn2AxGatR8Q+QxJ7fNcvuaBzlNHNqYwGNXLJfNMviy4V7gC/uDuNbj/N2L8RcxeSrEPmlVoVPOxDBB0S5z9UNBS0JpTnarWHVdSXnYplSeaukmodDkHjzhGoSeQFqG2+wnM/gW3v6b4wA2di1S7IqAREdK13BgaDwwcbXuFq9/bdiYF/3kI5+B+NuUlgayeLw26qbH9QCloaalqbm2K4Ea48xPUJj5AkvQTM3XGSzez1j3XoFGJNKqRJFlOoeddxMa7aDz/B/z+nX9PPf0nRm0bEBkFhjxhCHSrH5lz7VEMQKehPf8N40PbX0LMzsF4Kx5fRmmZ5eGqApWd0+HKUGO7HDB9p8y19gDTi7f8b3qXn0/lCQ0wlXnGPW+eb1e5SlCbrOJ+Ax7HCMUvcuVJP+48fcwTxkG7FuWIaVdX91zSHrm9SL38MojnAD8LfialJXTCldMOV4aulwdHFS1VtObcwJC3qlp/RG3yfYRQ1m15ZH4xw1pz4NpVrmBlir1vwcJbaEzu4LJt12OFcQpTX2XYJjuHDnl+3BhRy4tyyLgbwwQGNuVLgu0hogCX/ujZhKlX4f5z1HkjwVZS6IesBo3qzMqVqXIlh4KC1lwbtcjYWMLw8A+5ZPPf0LP8N6js0g5EmZ/ynpWAR6c+GXEgKRxNqedXidmvUi/cz2Xbrsf98+x+4kausV35ceSha2CTaVyEPH1ujGCdqpVZpD1AFNpDRNfi/AzsfjVp+ShCCs0aNKpOs54pXMnhoot5NxgHcMM2X0Vt8tcIVlJVS+a31sR5g/w2P418aTEtHkeh531k9ffRt+xHXLr1Kxj/gvfcwHp7vHO4u7FuU5Iv9eBaYpTZZgSrLYPOuGX590mranXZd4/Ges/G7U24D5I11lDqL+RzrqpQ2x3B4oyGdoUrOWz0ndUt2uvWl2y+VlUtWbDyXq78ApcWA4UeiE2oVx7C2ITZl8ji19lw+r2zjhsaSxg42lo9Nk6+pV4WjZnBaoczPjy7x+ej9/fwWGMNsfk6LL6RyMsp9jyLpNjqt6qCx/YxGsVwJKlHSxfyrrGZvFcrvWvDdFXLHYVhWUjyOXEzbvfTaIeuY0jL7wDeQZyc4tKt3wH/d4hf4SeV27j27KlZn2dkY+vcpYrXguRuDLfGLmzZsXfFauT2IvX0NNxfhYVBHq2+DONFlJeAZ3mwqk9FqLSqVpg2Gclc0UW8m7R3IF6y5ZP0LH+/diDKopH/UJFfREOSUChDSNsTt+8jhBux5GvE8HXWn3TnXsePecLmTflFeWxIjfXzysz+Ktjn3LUL7u+htHuAkLwC5zXE7OWYnZQHK897rbJaPt/K3HBVrbqGKlqqaHWV9g7EdPuV1CbfSUj6cc3VkkXAWj1dAJ459amI45gnpKXjSUvHA++gNlnn0q1bwG/G/ZuEcDPFh7YzbNPDJo3p7fyrBp3NuKpe3aIVqlZhbN7UXgqOs6pVo8DI1qOocgZJeBmx+Wp88kxC+kKKfXmwyup5uKrsauZ32TCbNd9KZ0zpIvp27DbttH/xlqvoW34RU5oWL4vcdF+XEUJCWoKkmF9waxMZ2DYIN+ONm2nyXfp7tzF64hN7fZ6RkQCDedVkuvKVfwU51Ax3WDejUrW/2zJdcH8PYfIkCvZiLHk5MTsLY4C0tIK0nC8FNut5uHLPOp9fU9nnB1W0VNHqOpvXOe7G7939ESq73ktSWEHWjLoHoixaM/u6PDr1ikM1D14WEtLSAGlxAHg39Smo1R/i0q23434LIfkuxDupV+9m9MzdMGNsRPvHzM5YCfIANrDZGV2nCtgBaVWotoxbvlkBOs3q0yF2xoDQe8pU6ieScDoxeykhOQumTsPtBEr9YAnERh6sGlWnUcumK1YEtVLIfKSKVjdqJ/5Lt1xCefl69WqJ7I87judb9QHzhKRoJMW8x8szqE2C+4NY2AL8AOw2zLdDfTtXrHlkv/1cnYbsIYNNsGXQGcBhHYskiBk4jKwztqwyhoZoLffBlvGn7oUb2XoUDT+BmJ2KpWcCA0RfhXEsxb6EkELM8kpVVgc8w80xDHf1WC0UqmgpaHUld2Mdxo7NvSwNt5GUjqdZd1W1RA6Au2PE/KLt+b0Zk0K+3BhaP680KtCs78LCfbjfhdlWjB9C2E7M7qNcfpjRE6tP+bU6t3aZoRPIgHX49Fl2ToOZdVZIndaSHrAF61Tz2lYNOkMHOKn/wlv7oPwciunzifWTsLASj6sxOwH3EwjJcop9YGHGEmCDPFSR//dxMwzd4mahUtDSN3bX6szVuuPd9Cz9DJWdqmqJHBxvXdQdb4UH84SQGkkBQiEPArR2rzVqVYyHIP4YD/di5G/u99CMj9CXPMJPkse45pTa038lrSoZQzBEq0K0L4Mzfr3pSR7bw6rB6XA0Dgw8w40AF97aR7lwFFnyHEiOwZvHYxwLHIdzIsGOIfrzSItF0laQjTGfjZbV84qVe5Z//fYSYOu9LA4KWgpaXa3903LteTdR6D2LxlRGe2eWiDxD7WXHmUHEE0JihBSSNO8ZCkkeGGIGzQq478LZifmPgYfAHsHjIxgPAz/GkkdxfwKynVhxJ82sSu9pFUZn7Iw88n9U44N3FSlnRdKkTGApbsvw5jKiLwdbATwPOAbz5+AcjfEc3J4Fvoyk0EtaghBafVStv4/YzHuqYmz1YrUDVatCpeU/UdBSM3xXW4UxvLbJJVsvhvjVuX45IgtLZ8lq5mP5eIlmdLJ6K4h56zdaO91CshRLlhKSFxKSPHh0luV8uucoJg2IVQKTVLfu5NI7duNewcJuiJPABE4FsypOFfcagSoe6hgOsYkHx71JiAbt3cchzRckPSVYQvQyRgmPZSyUcC+DlYElGL2493HZ1h566QX68GY/WShhFElKUGxX9Np/TJ8OUt4OVA2n3ozTfx9G3ktFXqGaOZ5DP7+LzKKg1c2GLctvOH3a17hk8z/Ss+y/U5nQrXlEDqsZAcw6/5oWm57Pt3Ngz2U5nxHIrICFAhaWYOEYLOSBxloFn1nFHpvxbo+v5955WXvzTsabNaXCZwQ/InjMf+1xxptDoxZpVPdeWswb0lt/ls4XT/Z6fft6vSIyiy7Y3W5za4hpYcul1Cs/SwglDTEVmUvtILav/wVnPObR80CTf9Q61DshaL99U3s+bPt5fI+vt/fnsU4QykNT/sF0c34+MmF/n0OnGJFDQrvYut2oRcYIfHjVXWS1j1FaEnDfe+ifiHQZa08sb00ttwAkmLXeSPf9Znu87e9x28/xnee31zWTzte31mtSihI5YhS05oMhIiMeKLOe6hP3UigrbImIiMwDClrzgZmzCmN09STRLiIp5m2oIiIi0tUUtOaLYcsY84SrTv8Hqru+RGlJMuO+XyIiItKFFLTmk82dhtrfplGtkKT5FGwRERHpSgpa88moRYY8Yf3AnWT1Kyj1J4CqWiIiIl1KQWu+GW81xk8VrqayczPFnhSPaowXERHpQgpa8445W8aNa06pYY0P4NGxpHUbEREREekmClrz0fhwxsjGlCvPuIF69U8pL01U1RIREek+mgw/X60bzMAD1R9+iNqut1Iov5BGLbaGIoqIiEgX0EV5vjJzVo0bG07aiccPEFLD9ndLDxEREZkLClrz2XBrCXH9wHXUJj/TWkLULkQREZEuoaXD+a69hFi77UKqE28iLR9LU0uIIiIi3UAX4/nOWrsQ15/xOB7fT6IlRBERkW6hoLUQtHchbhj4IrXJP6O8LMFpzvXLEhERWey0dLhQtJcQeeT3qD7+BgrllTQqWkIUERGZQ7oILxTtJcTR506SZe/FPRKCg+6FKCIiMlcUtBaS9hLi1av+g8bUFZSWJbjuhSgiIjJXFLQWmtHBjCFPOHvVOqpPfJNSf4q7wpaIiMgcUNBacMwZwBm2DLJ306xNEAqGawlRRETkSFPQWohGLTLmCetXb6dR/QDFngCmqpaIiMgRpqC1UA1bq19rzV9T3fVpepeluGvkg4iIyBGkoLWQjQ5mDI0llJd9kOrEbRT7UmKMc/2yREREFgsFrQXNnIEhZ/QFUzRq7yQ2p0iLrn4tERGRI0NBa6EbtcjIxpSPnPEDapUPUOhJ1K8lIiJyZChoLQaja5t52Fr9Waq7PkXvcvVriYiIHAEKWovFula/1lT6O1R23qz5WiIiIoefgtZiYa1+rWtOqZHwy2T1HaTFgLua40VERA4TBa3FpD1f6/LT7qFWeScWIKRR90MUERE5PBS0Fpv2fK2PrLmeeuViyv0pruZ4ERGRw0FBazEaHczD1lWrPkJl519pmKmIiMjhkc71C5C5YM46z8AD8BtUt62kvOSnqO7KsJDM9asTERFZKFTRWqzM8r6sUatjlSHq1Qcp9CSaHC8iInLoKGgtZu3m+Cte8iD1+tuJsUpSQDsRRUREDg0FrcWu3Rz/0VXfJtZ+nUIxEBLtRBQRETkEFLSkNTneU9avGqc6cQnlJdqJKCIicggoaElu1PLb9Fy15iqmdn5St+kRERF55hS0ZNq6wYyxsYQNp/0WlZ3/RI/CloiIyDOhoCXTzJzhzY4DP5l8J7WJb1FekhIVtkRERA6GgpbsYTSyDuPas6eoV36BxtSdlPt0A2oREZGDoKAlexu1yNBYwkfPfIR6/efIGg9SKCcKWyIiIk+Pgpbs2/hwxpgnfGTN3TQn34b7E6TFhKgZWyIiIgdKQUv2rz1ja8OZ36M69Ys4VdLUNNBURETkwChoyZMbXZuPffjomk00KkNYkhFS8KiBpiIiIk9BQUueWnug6dVrriOr/gpJGrDUFbZERESenIKWHJhRm54e35h6D4VSIKQR1616RERE9kdBSw7cqDU575YCG1Z/ltrkeRTKCRZcYUtERGTfFLTk6bn27AYjnnLV6j+nPvl+ir35TagVtkRERPaioCVP3/Qy4qeo7zqfQk+isCUiIrI3BS05OJ2wtfoT1He/n7S9jKgGeRERkTYFLTl4nbB1+qeoTZxHoazdiCIiIjMoaMkzM2r5nK2rVv85tcn/QVqwfM6WhpqKiIgoaMkz156zddXqz9Dc/Q5CmpGkQbfrERGRxU5BSw6NzjLimv9LvfJ2LKlSKAZiVNgSEZFFS0FLDp32MuLVq79AtXIOZo9T7Al4zOb6pYmIiMwFBS05tDr3Rlz9NWq73wz+IMW+BPfmXL80ERGRI01BSw69dti6+oxbmJp4A1njTspLUoUtERFZbBS05PAYXdtkzBM+duadNHatpVm9iZ7lClsiIrKoKGjJ4TNsGUNjCVef9V88/qOfpjZxHb0rWmFLo7ZERGThU9CSw2t8OGPEA59cO8n27/8ClZ1/Sc/yFCzTLXtERGShS+f6BcgiMGoRdwMiZu/l0q33U+xbR33K8RgxU+AXEZEFSRc4OTLM8urVkCesP22U2sR7SQoZaTHgrvEPIiKyICloyZFj5oxbxoinbFj1l2S1c8Aeo9ir8Q8iIrIgKWjJkdcebLp+4HoaU68lNrfQs0w7EkVEZMFR0JK50Z61ddWaO3jisddR3/0lelek4GqSFxGRBUNBS+bO6NomQ2MJf/KKx7jr1rdSmbiG0tIEC+C6IbWIiMx/Cloyt8aHM0ZGAmNDkfWnfJDaxPsJhYy0pHskiojIvKegJXNvdDRiwJgnrD/9U2SVt4A/SHmpmuRFRGReU9CSLmHOcHtH4uqv0XziVTTrG+ldngLq2xIRkXlJQUu6y6jl90jccPb9fOP+N1Pd9QlK/QkhMc3bEhGR+UZBS7pPXtkK3DCYceVp59OYfA8h2a15WyIiMt8oaEl3GrV81+HIxpQrTv8szdpric3v07M8xTUCQkRE5gcFLeli5vm8LU/ZsOp7PF59DbWpv6K8VEuJIiIyLyhoSfcbtXze1idXT3Llye+iNvGbhFRLiSIi0vUUtGR+GB/OwI2xsYT1p19LffJ1ZM3v0bsixT3iUUuJIiLSdRS0ZB4xZ3g4Y2RjytUv/i6PPvEaahN/QrE3kJa0lCgiIl1HQUvmn7xvK3Dt2VNcccpvUa+ci/Nwa8CpGuVFRKRrKGjJ/DRqEdwY8oQNp3+eauXlNCrX0bNMjfIiItI1FLRkHjNn3DLGPOFjax7gipVvoz55PpZMUupvNcqruiUiMrc8Iy7ec7GClsx/w5bfmHrEA1ec+gmatVfSrH2dnuUppuqWiMicyM+9TrE/wSjO9cuZKwpasjCMjkZGLTKyMeWqVZsp/M1aapOXYMmUqlsiIkeMd364LS9JSEsJU4//OzH7Pu7GEHGOX98RZ3P9AkQOuREPrMMxcy7Z/BKS4jUU+15NbQJilmGWzPVLFBFZWNxxImYJpSXQmHLcvwDxj7ny9I1z/ermkoKWLFwjG1NG1+bDTk8+80Is/CGFUj/ViQwImOn7X0Tkmch3eUdCklDqh9ruJvB5jD/iilNuAmb/8LsI6UIjC9uIB0ZDBIfLbh/Ayh+l0PMzNKYgq2dYUHVLROTpciK4k6QJxT6oTU5hyd8Tsmv48KnfB/Lz75ZxywdOL14KWrIYGCMbE0bX5rfruWzbbxKSUQo9z6WyM+8XMFO/oojIU3GPgJMWEwq9UJ98DMJniNU/Y/3q7QAMjSUMDHk+hkcUtGTxmFm+/t3bXkip9GGSwq8D0Kg0MRLQcqKIyN48wzGKPYFQgPrUfRifpjHxaa4+678AGPKEARSw9qCLiiw+7d4tgEvvfCvGekr9q9QsLyIykztuGeYpxX7AoV65lZD+KRPxc1xzyi4Axjxh8zpndFQBax8UtGRxcjeGxwPjwxnn3dLLs5ZeSLCLKfT0U92l5UQRWbycCERCSCn1Q30KPF6PhU9y1/eu6/RcjXnCEHGxNrkfKAUtWdyGxpLOSeOiO04lTS8nLbwdgPqUdieKyGKS4Q5pKaHYA9XJSeAfcLuW9Su/1XnWmCcME0EB60DoAiKCGyObppvlP7TtHDz5X5R6Xkp9CrKG+rdEZIFqzb+CQKnPsATqU/eA/w3B/g+Xn3I30NpBiDFui3oH4cHQhUOkbcTzpcJRiwyNFTn5zPdj4VKKvc+jugs8qn9LRBYG9wjWWh7sg0YdvPlN8L+g8azPc/XRE4Aa3A8BBS2RPc1cTvydW46hd9lFYP+TQrmH6i7HiKDAJSLzjrfGMxiFciAtQ333BMR/xcNfcOXK6QnuIxtT2BTV4P7MKWiJ7Jsx5oHhVpn8su2rMUYIdi6hALVJNcyLyPzQbm438uZ2j9CsbSXGvwP7W9af+sPWE40xgvqvDi0FLZEn426MMyNwbX0jIfw+SXktnkG9kgGmwCUiXcbBI07e3F4oQ22yAXwF7C+Z5F+55pQakFfxgcU+wf1wUdASORAz+7cALrnz7STh9ymUX0JWh0ZVgUtE5l6798pIKfble3jqU/djNkZI/ooPn3Rb57laHjwiFLREno6hsYTxobysft6fFXjW2ndiXESp73QaVWjWFLhE5Ajr7Byc7r2q7oqE5CuYfZb6w9dx9Wvy5vYRD6zCtDx45ChoiRyMIU8625wvuLGHnue+B/MLKPScTLMKDQUuETnM2vcdDEl+Y2eP0KjeRQhjxOYYV572g85zxzxhs3YPzgUFLZGDN7th/qI7lpCGd2PhfIq9KxW4ROSQaze24wnFXiMpQn1yArcvQfZ3PDZ5PdeePZU/t91jqurVXFLQEnnG2jt1WoHrwlv7KPW/F4+/Ral3Jc0GNNQ0LyIHa8bSYFoKFMpQr4Bn38H5HF78BzaceG/n6SMbUxiMql51BwUtkUNmH4Gr3PcruH+QQu9qYhPqUxHDNYdLRJ6cO5DvGkzShEIveAaN6n1Y+GdIP8cVJ97UefrQWMLQEKpedR8FLZFDbo/Adf6/leg/eYgQPkCSvhIC1Cfzn1CNoFv7iEjOHSziTt531QsWoL77cdy/AtnnaNqXufr0ic4h2jnY9XSCFzls9ghcYHxo289hdj4e3kKxDLXdEGMTPNHNq0UWo5nhKuSVq5BAdWIKCzcAn8eK/8YVJzzUOUSN7fOKTuwih91egQsu2/pqQnoesTlEaWkPjSlo1tXHJbIo7DdcVTG7CeI/Euw6Lj/tns4hWhqctxS0RI6kIU8YI2KtE+Wlt59MKL4H510Ue1/Q6uPKezO0rCiygLR7rswJlnbCVW2ygtmNYP+MFf8flx9/d+eQEQ+wKbBuMOucM2Te0UlcZC6MeGDLuHVuefHb9yynr3ku8D5C8op8y3ZnWTGoyiUyD3krXEHec1XoyffB1HbVwG7Ewr/g9kXWr9w+4xhj3aZEfVcLh4KWyFwaGQmsWmezlxXvWovxXjz+PKX+JTRr0KjmgwlV5RLpbtNzrgJJIR/FgEFtchL3G8G/QIMv87GBOzvHjIwEGAwaybAw6YQt0hX20cd14ebjKZd+CY+/RlJcTUihMQVZU71cIt3D88qV5UNE05JRKEPMoFnZAfZNIl/Ak6+y4aT7p49qV64UrhY6BS2RbjM0ls/Yai8rDt1e5KT0DYTwK8BbKfatIGtAowKOlhZFjjR3x1r9VkZKoQeSIjSrkDXvAdsI9kWKPV9n9AWPdo5T5WpRUtAS6Vbtk/Lo2mbnsYvvPJYQz8Xsl4BXUFpiNCrQrMXOT9QaEyFy6Lm3/x8LJGkg7YEQoDaZgX0fs+tJ/EtMlm/m48dVOse1G9rVc7Vo6YQs0vXcGCLA+HSVC+APt59F5sN4di5p+UUkBWaELgeCQpfIQdqzapWWIC3lS4KNymNY+Dbu10P4KleefPusY8c8r0oPzdhhLIuWTsIi80m7r2N0MOvM0snvrfg63M8F/xmKPc8Hy0NXbGTkz1LoEnlS7dlW+KxGdgtQmwTsDoLdQIxfpph8g9GTH5l1+MjGlC07nPEhzbmSWXTiFZmvRjywitk7FkfuWU69+WYsvp0Y30Cp/6hO6MoaraUPQr57UWQxc89DlUUMw0JCWoakAFkd6pXHCHwbty8Tkq/z6M7buPbsRufwzpKg+q3kySloicx7raXFIZi9a3H7cyjU3wh2LhZeR6HnKELSWl6sT/eb5JUunQtkgZsRrHAjhIS0lDexxwzqU1Ng34P4DaLdQDJ1C1e+dMesT6ElQTkIOrmKLCitMRHje/RzjTx4FPXK6yC+DfxNpKVj811StXynlNPEMHDN6ZIFYmbFylsVq1aw8gjVyTrGHVj4JthGQvqfXP6i+2Z9illVK1xLgnIwdEIVWajcjXHCXjefveiOJRSTn8J5C/Am3M+gtARiMw9dMcs6fSqqdsl84e7YjB6rkITpYJVBbXcVC1tx/xZk/0Et/icfX719j09ijGxK2DLos26VJfIM6AQqshi0QxfMXl7EjQ/d+2IsezPub8Ljyyj0LCckrWpXrT2ry8BMvV3SHWYuAwLmCaFgpCUIKcQG1CuTmN9B5NuYfQOS78y61U1bezlw8zrX+AU5HBS0RBadVk/XwCabNaML4EP3HoPXX00IP03WfC0eT6NnmeGeh66sBm4KXnIEtUNVa+mu3bieFPJxC9Da7NH8McTNwE2E9CbMbuXylQ/s9elGNqb5LwYjo9b6vCKHj4KWyOJmjLjtc6DiiKfU7ziNyOsJ4fXAy7DkBIq9eY9Ls57vzupUvPJLoHq85ODtI1RhCWkhXwK0JF/ibkxVcL8X+A74t7Hi9/CpLaw/4/E9Pl++FLhq0FtL6ApWcsTphCgi0/a7xAhccGMPPc9eA/Yq8NcT40uxcByl/nwEUdZoBa+Y93iZG05o5S6da2Qmz8dWtXuqoNNXlRTyEQshgawJ9d0ZcB8WbiNmt2N2M0nPbbz4+Pv3+h5tN6+vGnQtBUq30MlPRPbDjRHyateWQWd8j4vaebf0smLpqYT4SrBX4/5i8JUU+0p5n0wzD15ZA9yzToXC25UvnX8WPvfWZHXvBCrzvEoV0rxKlaSAtWdX1QnhXjzbhtuthHArSdzMzuRerjmlttenH/OEzZuMLTucsSE1r0tX0olORA6QG0PjgYGjbZ9DGt2NP9h2Ak07kyS8kpi9BOIqLDyfYn8+YTs2pytf0N7dqGXHec3bEWp6yS//MGAhkKR5g3pSaD0cW5PWeQSze3DfhtmteLaNRuMO+tMHGV1d3+vLzKpW4Rq3IPOFTmoicpCeouIFMHJ7P43CycAZeHYWHtbgfjLmx1JcYoQkv/C2q18xAzzDWxdQw3AP+ZlKIWxu7C9IARAIFgitMBWSvI+K1lJyo5KB/RjzB3DuArZitplG816SnnvYcNLOfX7JobGEgaNNoUoWAp24RORQMUZGjFXrjM2b9l31Arjg/h4KEy8iFAcgG4C4BlgJHI8lyyj25hdrj3nwio3W+ywy80Kfh7B2NQwFsadrRoAyy3umpqtR1vrrDFjIA3FI8jBlgfzS4e2BtxmER8AfBv8RltyFZ3djYRvwIE1/kKtPn9jPizDGPLB5k033Va1TqJIFRScmETmMZlS9ANYNZvvto7nsB88llp+PNU7BklOJPkCw4/F4HNizSUulfOdZ67QVs7wSlocwcI/TvUAOGK2G/PZ5bqEGMm//Q/vfZq3HOsGJ/O+jFU7NAhZaFaiQB9v2r9uFqxjbA2wrwE7gYZyHMf8vPNwHfj/RHiBJ7qMy+Sh//JInnuQl5ncs6AQqValk8VhoJxwR6Xqt8LUK6zQyz7xd0J4uvLWPcu/zqGfHUQjHE7OTwI4DPw63Y8FWQFxBsWd6CQvLK2Ie86ngccZ7Yr5L0j1PFIbvdSrMK2Utlr/mWU852LDm08FiVsQwn/XAPsNoKyx1qnhmtNvaLLTeZv56xsdY68+ftUZz1MDjbpxJ8AmwHRgP4/4IxkOE8CAxPgzJDpLmwzzuj/HJ1ZNP+cdrL/kBbBl0BhSoRBS0RKQ7uBvrZlS/Vg06w9ZaLtyPEQ/UHlxBNnEUqR0FvADn+ThHQXwe2DHgR2NhKe5LMZYCZSwk031FYUb+aeedVlXHW2/MfD/z95k+bhab9W76A2s91v799mN7vJ917IznurfCUja9nGo0cCrAbrApjEnw3WCPgT8O9jj4DmL8CUlhBzR3gD1OKOwk9Z2sWzlxwLv1Rjx0AjLAlh3OwJCzrrX8KCJ7UdASkS7XqoBtwRjYZDAIbHryZcg9jdxTZuKxfnp6+vB0BZk/ixCXg6+AsJxoKyBbRghLcJYCS8F6cC8DZYwy7iWMAlgKVgBPgXRGhSm/lYt7xCzLx1h4BrT71JpgDfAmbo38Y/KPjRpuVYwaWAWPFSxMgU8BE8AExq5OFSowSUx2Yb4T0p2EWKHSqMCuCh9/VeWg/o6HxgMDQ61rwqb8XTtIjXaqfgpTIk/T/wfF9Uultj9PQgAAAABJRU5ErkJggg==','44','https://www.microsoft.com/en-in/windows/microsoft-edge','[''Mac'',''Windows'']','SUPPORTED',NULL,NULL,CURRENT_TIMESTAMP,CURRENT_TIMESTAMP,CURRENT_TIMESTAMP,0),('15610336163','Mozilla Firefox','iVBORw0KGgoAAAANSUhEUgAAASwAAAE2CAYAAADbMK+IAACAAElEQVR42uy9d5wkd3nn/36qOkze2ZyDcs4gQAEJCRDRYKJNMvYdxtjEMzj9bIJzPCfOvnM4zmeMjW2cOGxsgzEIkRVR1mq1Wmm1u7NxdnJ3Vz2/P6q6+1tV30o9PRukqderZ7qrvlXdXV3fT32ez5NgeVlelpfURSdwdYJX6AQbls/GyV+c5VOwvCwvqWAlwHXALwKbls/IMmAtL8vLqbxsA34VuAi4ePl0LAPW8rK8nKrsagz4GHA1UAGeEzKu5WUZsJaX5eWUAqsK8E7gjcYceQ6wdvnsLAPW8rK8nEpgBXAj8N+AAWPTBcCzwu3LyzJgLS/LyymxnAH8EiS8gkPA22MgtrwsA9bysrycNHY1CHwIeBYyAFKLD7mJQNNaXpYBa3lZXk4qWAnwOuAtIA7ONpDx+LDVwI/oBEPLZ2wZsJaX5eVkLucBPwWMIkPgbgNns22KvBx44bKWtQxYy8vycrLY1RDw08D5wazYBDIEzlqQ4fjwMQJBfjnyfRmwlpfl5aSYgq8CXgM4yAC4mwEheL4teB5drgX+i07gLp/BZcBaXpaXE7mcAfwMMBLMiLUgo+EmAWeLTcuqAD8GXLdsGi4D1vKyvJwodlUPgefCDg45W6LTQgagclaIUZFlI/ARYP3ymVwGrOVleTkRy/XAD3TmgbMCnJWWWbIB3E1p+38oBL7lZRmwlpflZcnY1UqCmKvVXfNvI1C1jHbBPQdkzGYa/lfgNct5hsuAtbwsL0sDVvs7MVfPj5h+TobjT0agcp4N0FYQJElftaxnLQPW8rK89H8RtgPvwUyzcdaCDObMlg3gbsfiNTwH+A1g6/LJXQas5WV56R+7eoIK8F8Ialx1p4GzocB0cMA9Gxyrzn498GGdYHT5LC8D1vKyvPRncbkIU2hvm3uyqiA7q0PlAiP0wTgyvAV4z7IIvwxYy8vysnh2tYsqDj+CsCU6C1bbEp0zQGsMKhcHuld0GQB+AnjTclDpMmAtL8vL4pY6VyG8hogI5YbewZJOPmctuBeQIsL/IvDiZc/hMmAtL8tLb+xqJ3Uc3oXEqobKiM28K0KzwN0ClXNCazCybAJ+E7hy2XO4DFjLy/JSfqnybBxelqBSzkqbaVd8+rhngrvDNpUuAH4POHcZtJYBa3lZXoqzq/sYoMJ/QVgT3eKCs26RR3eD+KxkkrQAzwN+F9i+/Cv0Z6ksn4LlpdTy4VYwS4UKIm5naiKx/+F60eh/Oq9bCC0+VPWX/DMPcikVXpa06uogK/pC3wI9ywfvieA7ds/Ai4Df0AneLetY5lrLgLW89G35iTkQqggjiKwEWYNQR2QAYT0iG0A3gawFxgkqHLilBOtgqAccB47ym41DCPsQfQrhIMIConMIh0CPIUwjtHj3YG/s6ju41Hh7QruCoAqD9KlEu9TADUO7oqDlAt8LzOgEPy7rOLJ8oS0D1vJSZnn/VAVhBSIjCGsQOReRi0HXgqwG2QasQ1gR0Aec8H8SnCTjv7Qnbex/h3UZjwDEGqAa/p9EOIDwOOhR/sfsAUS/i/AIokcQpoDjvHPEy/yuK7gAl1diQ1VnTX9VkQhoPRkwru48ezMwqxP8jKxjcvkiXAas5SW+/OjRkDHJEMJWRC5CZCPolSAXA6sDNxljwbVgYUoSmngiUZCSOELFn8fBSeMAFQUywUV0MNw+hDAeaD96tbF/E2ESmAYOInoPfzx1D8KToPeFTG2OH1rRBNBv4lDj1Ti2NvNVWzJzH0HLAW+PCVpVggj7aZ3g52UdM/16S/2DAHXlR/GXAWt5Ob2Wdx6qIrIJYQfoJSA3AluCyc8aoNIFoaxHCngVZldYAKoAkEnGGKiCrglYoe5AeHZ4zCbCBKJ7gN18YvJLiD7w08d/e+qXt/38a0Q0SaNkGJwlyqKRGlQuAmrg7QJa7S11ghzGOZ3g12Qdc4sGqz/s6GTHgG8uA9bycmovP3SgishahDMRuQm4BLgcZCMw2LF5TJDKZEZxJmVbV5BdRRmUHZzsbCs6tvMWCQBrP68iuhnYjPA8RN+AMHdQ1xxTkQ3S1ZOMYw0t8eVfgcq5gbDvPQTaaG8YBD4YgtbvyjrmFweOnA38CsJf6h/zTXnHMmAtL6fQIm/bKyCDKnIGjlxNkHR7DbABYSyBLqkgVQS0JAZcPbKrNJaVxbbMsWkmpbmfqZsJ7qAzN/KStV8YcRzfOstx1rL0UT1uEKMlNWjdD9ohVMPA/we0dIKPyzoWemJX/5NBhJ8CLkN4AuH3oLdjLQPW8tK/H+nNuwEZVXEuUNXrVOSlCBcQlOntMihzNtvYUYdpSdT0sz63IJPYEKoAu7ICj2YDWtpYG8hFwQqAMwd3c+2qNAvJ6TG6vZfFCdqFVerQuhf0eHvDKPBhoKET/C9ZR6MUWP0vAG5CeC2Cg8NFCJuBXcuAdQotkzuudwjaMR1ZsfvW/U/XH6b+xp0gMqoiZ6vqyzQw964AVqjgJMy0hBmXAlIlbA0rmEgOyyryIIVtSVm2ZQcrRHnVus+xfiAl7Enq/QtnKHounbVQfVbAtPwD7e89BvwCoDrBH5UCrcCD+z6EFTiAsAPhJv0zdskPLAPWKbEc2/78qiqvF9EfV+RHgacVYA2/7n5UpKbi7FD8mxXn1SBXEIjlogIqEmM9NuASizmYBUiSLbbH2ZVQnl1lmoA9sK3IV42C1VhliptXfwVHUpxmMnKCAav9vqNQuRy8R8B7nFCMXxGCFkVBS/8YgBchXIeEHFtwEd6E8LcEAvwyYJ3M5ej2GyoKPyTCLyvUkKePOTv6mu+iIitV9dkgb0W4lsCr57RnZRSo4lqOpLAsmzmYtl0K7B8HsB7YVSbL03zdCuygZ6y7cPgBrhy/KwM4huBkVX8x62l5D4POQhCE+4uFQUsYBd6OMBiCVRu0no3wfOCflgHrJC5Htt8oCq8Q+AVFV4kwTyBcntbLilfdWUVkm6p+L8j3qHAl0v5ewSxVBBUb28lgVWlMCigmvBcQ23tlV0W0rMKhEJoAMBGfm1d+hbHKdMaEP9mXjhvkHsooePeDfwTQdlmamk7wB5neQ+Fy4JoYWIHDCMI79K/4knwfU8uAdTLAatuNoFyCyK8oula6n3v8dDzhq175bUIv35UKr1N4NbBF2/FRxkxVTKYTAphkgJMUZEpxQMpkPxliu6ToZmlAl6aFlQK2DJNQlCFnlheu/c90cxC3T/mDvS4myK4E9yqQnWGQaWsF8FHACb2HCdDSP0WA1+IwHgOr9v8bEV6gf8M/yeuXAesk/LwyivBzwPmGvFIR0bHT6USvednXQZwVgZePHwK5gSDSPDD3JPKdw3XdWR7oV3EdKYUJiVi0KAtIZZmDaUGiZJh1CU8eyRSdiFieA0pZJmQK2zp3cCcXjDycwa6qoUl4koAqHhImA0HitKwITcSZtvewphP8diK4VNgIvABBLGAFwggO70H4ytNRyzqlAevIthvFR14LvEzMSRBM6oHT4QSve8lXBZFVCrco+naQawKbpAtE5hdTCyAoWeAhpHoMEyBVFHUKWI+Z5iApr3uc5FKQbaE8e8XtrKsdyjimw4mrqqQFT4UbdJyWMfAeAP/gKOjPAAM6wa/LOqaN034Rwtmd39QOWtfh8Gr9e/5MvnfRP8IptZzS9bB8nI2K/BjIUPwOr8gZu858zSlbgnbDi78sG275yipB3wz8HfAnBCkUw+3rV2MsRpFEPJVK3CzMAJA8MywLnCjgHcwyB0s/NOW1lhfsw32q0uD5K7+BSMYclTpI5QQAlSaeZi8SsCz3CnDPAqrDBBHxH9YJxgD0EzgItyAMRs5JErQGEN6LE6tdvwxYS8uuFPleRC7v/qDS/f1FLxqVY6cky9r0oi+NC/oG4O9DoHo+MGhnUW1x3cKs4pqW2LEjVb9KG5gLCD2Yg2VE90IsrGRIBMq66kGuHr8j59dZypScXoDKAqju+VC5FGR4EHgv8Es6wUqEIeDqiDmYDlqXIPyw/r+nVzOMU9IkfHTba/E5ulqRtwGVyDzssBI9w8Ubh8UnkPZr2XLzF0YUeaEqPwZci3RBqnsNC3ZxXSJmYdwzqJJBN/KYFgXDGdKCRQuZgzm6Vk+si4wg0iRYbB/Yk2MOEnoIpc8g1ScL2OQRzqbgs3oP1PEPvRO0zkb+nP2cmQApsYJXBYcfRPgn/Re+LS9dBqwlWQ5tvUk8PX6JL851KnJZXLtqMw2BMUXGgX0n+zNvu/FfqyryPFV9NyIvAUaTOpQdCNQKOBZAK8p4UuOnyk5SyaNUJfIHe2VdlvVpWpav3Ljqa4xVc7z5fZM+lwKo4tfBOLhXgjxcxdvzdrZ713GM9TQzgcp8vgmHDyJBWZtlwOrzcnDrzXg45yvOL4JuB63Hgao9PxRWgV4GPHCyPu+OG/7ZUeQc0B9T5I3AOhtAaApt0VxwknBMGlhZ8gdtbKkn/SqDuaXumgdEBXEyT78SGydpcf7Iw0jue8opDlQ2E/FCYKTKqkcu4MJ5eAg6oOVknjNBeDnCa/Tf+XN50ekvwJ9SgOXhjqnIxxR5gYPW4teYGNeJQE3Q5z1x1ks+vfXRz5/QH+LM6z+LImtQfRvCj/jIWXY9UKLVvY0ndm9gjElGwE+y510RppUVf1VEv8rVmVLAhyJmoEZDIrLisuJaliqrq0e4ZOSBAmDlnh5AFVnaVR9GYP394E7CIwR1GfJZ1jAOHwjDHHaf7oB1yojuB7fcjCKv9JFXACMq1KySZjesAUUurUlj9ER+zrOu/ce6qL5Y0E8Dv6xwDvGaU2RrSkoyTsrmIcwFpTRwkh4JhhRZL8XNQxNo+sG+Uhef7QNPsH3wyQJmVrUHoNKuiH7SOEo7gfpKWLsOzpfAf1BMJ7wE4QP6JWqnO2CdMgyrJZVRH+ctwGCnrKxE+48IYcXv9nwWvdTBOxf4zlJ/vnOu+TtRZAfo+xXeArJKbfTP8Pqp1TxMuXdbY69iHkIbkOWCWla5GckYV9J0SzUPF2MOav5/APVZUzvCkDtf4A0qBUHqZLGpvK8QJlCvfgTcPfCoB7MZYNVOjHZ4M8I/65f5V7lhmWEtarl/6xtQ5BpFntdmURqbyKrmvbljVq0Anj95zjXVibNvXLLPd95z/2ZIVL9P0H8A3t0FK5vtk3aNSzcANJH/JxkAViK4SlJMx8KxWHFWmBF/1at5mGUW9sS+ApPwstH7qDmNfMASN59NcbLZVM73bSdQrzwPzq0GsyDLzA+er0b4aYT1ywxrEcvElhcyz8y5Hs47EVZI58LSyPUimBHf7S3igr6hpa4L+gngUD8/2/lXf1oQOVvhJ4A3EhRdKziJi9Wf0gIYopKCOpI/P8vZlj2akkVYE30wC20sy/epSotnjd2dL7hLWpT7Kcyo0j6YuuCcAWN1OPtBeHwuaJyWfXO4Fod36G38qlzbLTS/zLBKLB7uCPARRV7Q/Wk0yq5M7crUsIJBV/rIz4K++qk+sqwLnv2XA4K+AeUzBN1ORpM3XimsK3XDGtJiqMRgYXFTsAAISY/okrVfr4J7oVIyeSwsozJD5GP4VKXB+vrBHr7wqc6oLMJZ5GVYzXTkMjhzDFaR5zWsIPxIt3nHMmD1AFjO8xV5hcJ4PGCy+9uEZVZiP2H4qGpQufGHXfE3L/bzXHTVJ7noWX+xVeBXUP4XwiWpAo8U0aMkw0TM17JS51pqQT37Z3PFRxJJyWXxTYrrWUWZVGrMVnFzcMidY6wyVR4E9FQHqnTcijL5tTB4BexYDaulC1p2trUZ4ef0G6xcNglLLvu33DLQEOf7FcYEEiEAXTNQLexCO7+lBK8vR3nTxDnX/fd1j3zV6+XzXHzln7vAdar8EqLP7bRiL3yZCcVimoqBgxaiKTZTURmUBTZX93FF/R5WuFNM6Boea53BGbXHWV+ZYMiZZXN1H1VpcZxRDnjrOayrubt5GXu8bczpUDkAzTd0U0zFHszDNuvSALDW1I6wrna4J8vq1Db7ylwuY1C/DLbeD+4BOKppWhYIN+HwNv02H5dn4y0DVsGliXOuh7wwal11gShAI+16CGNgFZhXHT2rCvpOVedzwP1lP8ulV/zZqKr+V4UPIrLJ5kHTLJ0pZSZrysyOp+NkS03F0K4uDc6vP8J1g1/nlSOf55zaLuapc8Bfx7Azy+bqU6ypHKLuNLqHdLpv0ZIK+/0NPNC8gP89/Xb+fvZ7WaCeDVZSGH/tvQeLYHFadQYNvMnraxPFGJYqnJK9RhcBVJHzNQz1S2CzC+5TAWjZtEShjnRis+5cBqwCy4EtL5IFnDcosl46mpVGQUi6AKWmjJEwuTobzgTeu++c579/4yNfKdTv7bLL/jeI7FDVDyPy/cBADkFPYUJ5E7hAGZgeLDMRZZ17iBuHbuM1o5/lhqHbWFM5gisevjg0qXCB81BQwSAtYjxc74rHoMzh4SIoTnxyp4JUAQ9hL1oWmr2vH7zf5oEDDDhFulv5pxBg6RKxvwGoXQwbq0HYw1Hf+lsjbEf4ab2Dd8iVTC4DVr52td5DXqqhRdeBHTUZlQTrQxxrmygav0lL5FJ/g8I/7z3v+n/a/NCtmZ/hikv/xFH0OlV+FZGrWapC3z14CzXnGA4+26p7efXo53nr2Ke5oP4Qg+58hMU44lOXRm5goYfLzuZZ/L+5l/M3M6/j/uZFTOlID512sjC6oOlXlH0Zws6IO4MrXrF9tNnf3OeTxaYylypUz4f1Lji74ahnvWcivALhDXoXfyKXnx5pOycNsFq4V/nIBV3dSjqisGZezZoIcegAWxAOsRKRn0W5A0gNfb7ykj+qq/IG4BcRthUGmMKJxNIjONn3G5AFzqntZpe3nfXVQ7x57DN8/9jfc259J67jLWoSTvjr+OzsK/idyfew19sCTrwzT0lBqKyHsKxXsa1f+RrSbi0BFs2nMVBpdGq758LaCjg7A9BKlrQeRPggwm29yCjPGMDav+XF1Xnkjb7IoLSDGFQL1l1KixaP6ExXqshPPHbe83/yjIe+Ei0/s+OnuGrkjFWqfADR90QKfJeZML2R/oxjSuK7AFSkxeUDD/CjK/+MKwbu4/NzN/LK0X/j3PouXKcFji6iiB544rKnuYUvzjyfieYqgtZTTvh5nB4rPfR6FkqM1S5QFTMH28f3nuZAZa5ywT0TVjsgj8Cxlq32/jkIH9Lv8mNyCbPLgGU3Bze2cK5WY3rak4S7WlbEDIyK7eHFa6avqKvwdhX5zs7zb/jk2Q9+2Qe44sL/gSPOVlR/GZE3QJncKin5uhf9RiL4tdY9zDvG/4ofHv8Um2r7UBEuHnwQx/FCvU/TmUqBx5wO8FdTr+fnD/80u1vbuyag74fPNajOuZQmVOGbhEb/a/e7j1amlwhAT1egMhcX3DNglYA8DJOtOJsVhNch/Kvex6flolPbNDxJgCXPUeRMzRJVTcYVilcqmj48FuqgQaDnRxF27brw+q++yn+dOMpFwG+rcBNpMWh9CcDMusTyBzric2X9Pj629nd4wfDXqTjNTgurDlCV6veXXA56a/jlIx/iTyZ/gGkdTbI9ccBxUhqr9gOAepjNEmdYwTLklqjhqPPPAJBKXFFBtYeVAjwEU634+RxB+CmEbwOPnsqAdcIDRw9seZHTwn2OB1UDXDosSmPxfH77eZiq037tq3R8Pu2QSN94hK/PUPR3pqleNoBzo8CfAzdnf28pfC0sxfVYlSZvHP0cn9r4fl44/FUq0kqvgd4Dq0Lg0eaZvHP/7/LxI+9k2huJfhHHAdcNHrLE6nSvJrhGAate2CQEdHoJfrmsaPQleo/S7+OAux1WngtjFZuedQnCe/TBtDiWZyjD8nFW+3Czxopb2a/SRHBowLRUI2PM36xtFmpnX7lyluqntsjx0ScY35oPNhomuXu0BX0vYIWF2FFZvapL3D0cafEDK/6ej6z5fVZXj0bZVNscigNVyUv+voULefeB3+TWuWvxcVOi5IVTe9FO0GgnYr3wrrOhTlftE4iciowqA/nd7TDuA4/ArGducoC3AV/Qh/icnHdqmoYnHLAWcLc0cbZozl1WY/DQsRDF/rupoWepRLbLCuYufJvcwZ9xFU8wjosy5CywxplhzG1Qd1qsdadZW5lipTvDmDtP3WniOD4INKTCnNSYZIgJXcF+fyUHdZwGFQ7rCg7qOFMM4RWNimjHaYTLusoRvnf0C7SkwkfX/B6rKsdiwLR4dqUi3D5/Oe868NvcPn8FihMep3sjwAnNwNNhMRjWgl+GFDRAWz3UxVoKADlR76NJ83CFB+yC+YgTYiXCTyLczilQevxU0bBuUFhlc+0LnXrtSR3L9nt1tC0iTEtj7EtEucjZzwfd/+QJd5zxyizbKkdZ7x5nyG3gOD5VpxUAVNvr5mj3IRq2swuee45DU1x8gSkGeUpXs8vbwIS/kjua5/JAaxtHdAVH/bFcn9TZtT388rrf5qrBe1FHWOVOJiO8e2VXxrjvzF/BO/b9HncvXGI4LcL/EpqBjssJDVLSgm8XHxe7EGb9wRLv2SIIbRhcHICcViAVXx16D8dawOOwEAmmfR7wI/oIvyDnnHoVHU4oYE1seZFzDOdyX8SJGuD2k6sSjbiKDDVZlII6RAv+odScFkOVBqPVeeqVJmc7E0gHiLoAlOjKEvfAxcKSXPHC2CdlyJlnvXOEK+RhcAI2dlRHmNBxvr5wMXc1z+HOxvk86a1nNhZEf0FtF7+9/td47vBdQWt12+exfbai7CpcvrtwEe966re4e/4iY38DrBw3LL3SA5j0BYSk2Mw0XcXG/sdbIyU+YBN0Ksi9e8YBVWzqV86BMQ+OPwFN7aoTwjsQ/k0f5TY56xkMWD6s8ZHLfNVuqkgctDTGsoiVc4lc6d0yNG0LoeL4DLpNVlTnGKw0qLqewZQyzKo2gCaAy9geyWWL60vB+JrTZL0cYb1zmEsGd+KJwz5/NTtbW/i3uefyjYVLebB5Bhurh/id9b/K84buygBNy+coya4ebezg3ft+jTvmLrO0n3fAqSTB6gTLUcUALgyzUInEYKGw4NXKvaEeAzY/Q4HKXKpQOQ9Gm3B8P3idwRuBnwR+ADj6jAWsBdwdHpxh058kplsFuYOa6v7W2C9RdTxWVOYZrcwz4LYQ07zDAgJpZpYVyEjmt9lek3ztiseW6gRbagd4/sgdTOowtzcuYGXlOFcO3Z/UqtCUY2tpdjXRWsuH9v88t848L9FlGpGQWUmPCFJC6C08C0swLe2ek9JzXGeD22deMb+nLVDFQKt6AYy2YOqgud+Lge/XXfxPOfPUyRg/0YC1pYUz1AamiPasXZNOOs9jWot5QYf/BpwW45U5xioLVOOR3+QDilUTsjCnxGssr7NAL8ztW+kc54XD3whrFmn6+6Ueu9i8n9MBfuXg+/ns8VsMsNLuQZyMsAWNnS+VXE8uGWZ74TlXeHzUMzjZHKOlLhUpGMWuk0E8lgydQCG93++x2OOZgwcC0Bpuwuyx9u9fR3gv8J+cQmk7J8wWmNjyQhH0Gj8ouEf6Q7uxV3S91+2HH16rdfHYUJlme/UYqytzVMVLZ0VS5HUGc7IxqSwTLgv0ckDN3gU5RVNLefg4/PXkq/nTI2+mpZVkXRzXLWAGan/maMIdLAXGS4mPJuyd28CcV0Z4XwhZVplCeX05Camryh1rMcdLGzwCtQthcMhUXM5F+IA+VtpDcfoDlo/UmziX+nRLIEcCQTvPwyBQBV81XN/9XxOP9e402yvHWO3MURHfAiY5AJIqrBd8XRR0rLpXmk6Vx7QKMiyB2+cu5WP7P8SUN5Kc5Y4TgpXaEaBIpGxqKQnpD/bFo4lzln0L6zjaXFHiDTzQw30AkBMNVPR4vByg6zDccahfAPW6+cO+HuFFuvsZBlizVAYXcFa1wcoPYSvCqNQEp2j3HAefVe4c26uTrHFnqYpvKQjXizmo/XttsrW4qVlEE8sDNchlWUe9cX5h/wd5rLEtelUqAVCJ27/5WAaM4lS6TM2dzoVgqZqoypHGOAcW1pS8gx4G9Z4hQFVif1kHA2dBtdIeuwLlg8CGZxRgOehG0M0dVqXd/wkzEDMNRxl2GmyrHGeTO0NdPHtDrSxAyDQHbTpWSfPQ6jEkI4ZKc3SqPHMxjcU6fOLw9/FvUzdazk+oW5W1FHrKTZISc6lk6dJOH7huDteCX2PKGy55RU6DzvQZpJYQqHSJgSrCwrfCwDZwO7/J84Af1MeXqF7cqQhYTeRsT2WlzRQ0QcvXrnlYwWeDO8M2d4oRp5ls22A1/WyC+iK8hZnmYUbd7NwwCeyBoWkgRz7Lunf+fD5+6L8Ekd/xC9OpEG1D1ANLyvJIWSdUCd1KS4BdTOtf8Go8NF0yYEgXQI/2Cah6BZYTpE9lHsP2vg44Z0J9XfvnqADvBC55xgDWnDrrPajbTEE/9kBhVBrsqBxnbUengnZl0uR1ncN4lsw8pL9hEmkmYZoJaCwLWuf3D/4Xdi9sJdG6Ks8jmAZImocaJdlaKbNRov+zrDt1+PqRK/HULfdm/gF6q491GuhThYEq7ZoIY7RqK9rrtgHv18cZfkYA1gLOmE+GRzBkWa74rHdn2VaZYlBaRgcdSzKPZAFBkTE5++S9lh6Ar5C4XiKUIdz+1emr+bujLzdCQdrHsOlW2tu86hW4Uj2FJeK9IjpWrGGlwmOz25jzShYa0GMlzcLTSJ/qFagim4aheh5UBtpT8DXAi3XP0xywDm69WVz0LFO78uOgJTAgLba506xz56iIluuwbjXbiowpoIOlsaRM87CkAyCPzWWwrGl/mD84+HaOtFYkL0bH7QGJ1GhbFBuTC1xSzGyMC/Bl9CwRA8CCg+yZ28i+hXUlr8wG6L6CwNCv8IeTqU+VAbj2Nb0SamcG15EyCnwAZd3TGrBm1a01ke0BOKkllEFZIQ12VKYZc5rYiwVbLmMpwW5Km3pqf68s7SwxfwuYg0XNw4w5fOvUc/ji8etiF2CYJygx3Sr1qi7Zrl3Jb/BZlr1pjlmoMWAzxu2bX8fdkxeWBw9/AlhYYjbVj+MtEVDlbpCgu3RtU7sTzHOAN+vjJ6cJ8wl502NUBluwrhuq0AUuQVnnzLO1MkO9DWViUYSzTLgibKa06WcDuyIsqYD5VyZqPsMMbEe0f+LQG5n0RmPXW4pXME+zyvUUFhTec83AvrXjAVWaXpV7j59XvmaZToF/ZInNvl6Pt1h9quh+ORRPXXDPguo4KDWUHwXOe9oC1ow6Ix6s7AaEBgSggs8Wd5aN7hwufmeyxvuHSlqfmTSzjwyzrgzj6YklLcIclILmoLHcOXsxXzx+vcXR46TkCWaZZikglmuX92AGmiwKC3tK+98eLxJN0VH494PXMdkcLXl1euA/QVDU75mkTxUc39lcD6o7uAOgnIXyI/p4mZ4IpxFgLai4nlLxteshrIrPVneW1U7D6vzK1a+KaFE2s67IcaTse2k6iPYMfPnmYIsKnzr8vRxtjSUvQHELXNwFWFNC1yqjY/XQXigP4NrHNVOLwvWPzmznybke4hv1SDTE4XQK9FwqoLKtkHGongHiCPB9oXn49AMsD9rtE/CBuvhsd2cZl2Z4s7QzqNzLXUjXmYrqVVamVmBM0RAHKQt8GXM9huzHG6N8/dhVoe5sAEqcXSn0lh+Ts5+WAJhS5qFk/+AaApZKJCXi4MJqvnDw+h6u0Cb4exYR+X6aCellgco8/+4mqK4jFN7fq7sZedoB1rxKzUcrPsqgeOxw5xh1WmFXKU05SdoV3ePxV1m6UxozyQ130MWNyfs8FDT/0oDQMocHp33Wz09aritLGIOmCe+aMa6IjiXF5mJR8zBTdDfeul0D0tTPfeFLB5/LvNdDHwX/YMlA0tNFn+oHUJmbKuCeDe4wKC9FuUUfO3Flak8IYCkMKtSGQrAallbywk+N6tYcdpUTs5SnX2Udi4wwiVI6GOlOgMLAFz8twsAxeI3+B1VaBhA5bW9ObyBSWscqK66XvbYl8b2Dr2l8T+1qc984ciUPTvdSJrMJ/u5Qy3o66VP9Airz2hwKTEMqwyjvA1Y/rQDLQauD4lW2u/MMhTWL4swqoWMVaY+epVX1pF9RLryhiGlHjr6WKd5nmIRNB5mu8kLnm5zLni47cmLajmpB7apgPJZaLMa+sCfJZlWJiHenq2MZ+xxeWMm/T1zXW4cjPRg8nu76lPYCarFxznqobgB4DsprdNeJYVlLDliHt77AuaQye8lZ7vzAcJhiI7HJXLo5chGtigywydS0eglvID/+K6tTc+b3SgGx41VoOGyXfbxFPkcFr9sANQ5CuaZgCqCVNgsXy6YyWFsczCAI24ilT3i+yz8+9eIevIWh2urvIhqX9UzRp2ybs76oC5Ud4IzUUN6F5tacPvUB69DWm1Hk2mHxf24Qf6BzCXbCF2xgZWhXmdaBlhPLU82xHJOtaNhE3nGsn0ctn7lgZ5ypWrCrwJucz3MBu4xDqJ1ZZV7sOROiKNZpihkXBx7KsCu7SYxbsRxTufvoBXzj8BU96hfHAgG+g4S9sKlegepk61NxoMr7aoNQ3QG4F6O8SXcuPctaUsBS5VzgN0HPiF/pknt2LYK7DbSywGdRWlV8vxxTNO84eZ+nSEyHYQ4y3e2rt1UO8D75S4Z03h4iQA54adrFnWIWkmIWpmlkaWOKaGCp0e6h8N5pwNT9TtOtYf5+7y00vWpvVRP8PUEZ5X4J6aeTPlWKeQHuOqisr6D8IMqZpy1gTWx54Xrg14Fnd4HHnMCaDjySY5NIFkhZzC5K5hhCsTI1UDCOK+M4tu15JuF8BRZcY4jyRvffeS1fwPFb6eCUa+dpiinZi1mY8T+PTaXOx9g+7X6KFpD8/P4b2TWzNR1AM5c58HcGPQyfifqUdWza8Vyobgdn8ByUH9CHl7Zm1pIA1oHNLx4E+Sng5ZiJX2KbkxqGNxSoAFwEaIoI7BTVwbS3GC16OE4e0JnLTCWsw9MdMMIMH3b/iOfo3UG3IRuz0oLhDWnMTOmD+N6jZmWrtaVApWoFvb1zG/j7vS+xiwtFPoseBH2SYu7W01GfKgtUGWNkGKrbXHDeTGBVnT6AtX/zLY7CG4H/AlQkEgSqCZYlBXCptLgO5QJEc/WsIrmKS5TPGP9cKnC8Zh10tvMEv+/8Mlfo/RZmRYZZGHueNjbWsWhJWVYaq4qDl+MGntGYN9HzHf7miZexf25tcSsu8t5+IMDr8T7oTKeiPpU3tiSYVTaAO34Gyg/og0vXjauvgPXUppeiynOBjwKj1lxA0WLAFB9TWlwvKIKXib3K0sGKxGhJET0t53v5oYaVIgZd6TzAn8rP8nz9TpCfaYrwZdtA5TGRvrCsPM0qB7wQqNSINKwIt987eR6f338DqmUTotuP0DSkydMifqqsPpUiTFvBTKpQ2y5Q/X78pUuM7jfDWgfy88B2GzhE57Tm3OqyROoMBkPBdVkAZyvFXEgvy9HBrJoXuZkokaXhogtu6mBBuVwe4M+dn+DH+CSrTPE4Dl4aN+80I4hUYwxMe2NZedpVJhNLOU6l0k3VMRhjw6vwvx97PUcbYz3oWO2vNgH+45T3GPZRn1pyoNISQJWxuONQXbcF5Af1vqXRsvp20L0bX1ZF+GmB73dEXRHFkaAlfTsFRyTIG3TAWB97Dp3nSIxhSQix8ShTh2QvP8cytr0u3rY+8TpljKP2YybGxUCt7Bjbd2w/pmtwaLAbXGueMGP/FTLFTc43ea5zN/PUOSLjzMhQOFZiJ9mogND9UaJjILoN83/8x8qhzJH3sHpbjPFijySOfC4H1IdWK8HIJuZXc+HYo1w6/mBBKm9jmlMgY4FWkwt2ZTsxa4lDaYm3LjK2D2PMGx4CzqDQPLIZv/mvH/sDDp6SgPXExpcDXC/CrwiMmWDV+W8CU6hdRYEsPvc0Blg2MNJiYJQJchnjHArsq5ZxWnxMHGzTwKq9fqoGR+sBVpiAZdmv4nicIU/ySvdLvMS5lSucB9gsBxh0FhiQBiMyy4jM4oiiOHjiRsEKA4giAJZyVxELsEkG6KSBGDkAhdhBq9VMTLCWVji0sJJXbvoiQ5X58he3QNDHcApYDVI7tYBKewG0foBZynanCuqN0Zyc+ui79D8/9of9baTWH3FMZRzhpwRdm8e74x5CpGAH9iKhB6l3y5zefnlmZm5gZ5+CUQt8Rrs52PbW2M/5AAtc5jzAZfIAviPMOINMyQhNqdByKhySleyTtTzOFnbpduZkgCMyzh7dwn5dzzHGaFFlgTq+OmZn4G4Hm/j/1B8/NlAtO0h8mxi/YVgHy1ynYbHCShUaC4kT863Dl/FPT76IHzrzr4uLp4m5PQX+g+BeCp0yUGVA52kOVOZS2+CwcOh1NCc/ATxySgHWng2vdEBfD9wIiG1CSoqulBeCVPiKSgOo0ppXSXE9E6R6CEbNA14F5twYKpQ7aw4+o8wwKjOdz3WW87jBMBVcoSkuM84wh1jJQVnNrAyyU3dwp3cpD3tncVTH2e1vY1LH0I4UqjH0tYBO/AuKJkHI/P62/SUFtKp1aDQD87Dj0RTmtc4f7nwzL934n2wcnLDPySKnUQ+C/yg456bLv1oSpHoGn36ZdAVBSEuYhk4d6pvOojnzGr2z9RtyRdv7c2owrLOADwADkbnZiVDvirRmiSaRIgzMNkCLhycUBaMyQJMqrhcR3Mkfk7XeF2i4BYLVtBDOpx5Hoeq0GJdJxp1jnO08Bg7c7HwF33FYkBozzhA7/TO43zuP25uX858L1/K4t40Zf9j4CAYg5bIqumJ6HqtKgFb4oZ0KVGvQmA9rZnVB6+6jF/LJ3a/mx8//Exzxy2GKeb34e4A6ODuI1JZ/2utTJbfX1jhUDr6VhUOfAp44JTSs3etfVQM+KqIvEVGJaFSioT4VX4dFx8IYH5U1Euwm75EpwOesyxX1C2hekie405vg7gCeCweGwHO6llPnu4pdgE8r55r5sHhAAhESEaXqtBhyZtlSeYor6t/lJYNf5LUj/8Q1g99injq7W9tpZd0LswT3NM3Lqm1ZtjtOKL5rxBTycdg1vY2b1n+N9fXDi8jL1iA2SwaBkRTUPwlA1U+zbzFA1XkTB3BWsjC556P/1fvWx/74JAPWY+tejQg3CHxMRIediFew/Rwc2q+7IOVEPISG8E53TKJoX5pAnQYwfQcjtQOS9ENc12Kfz3NgYgg8iQFWTBTPBCrpbbsYVlDsczriM+rOcF5tJy8b+TdqTpOvz18dgFamJzBLaC8AWmLZxwlDG1pNY4IG6441VrDgDfDijbdSlVZvZiFtEf4YyGhQG6o08Jyu+lRJIHPrLq3ZcZrT//SxP2a2H4C1mDisUVRKF++SooJ4aU+OFjQHtaBpllc4kBRtS8vrYkU1LGKhSpJzERf1z/Q0zs50RmWaH17xCc6t7ezuo2mR7mTEV2Gp6mDumwwU7ayv1oNKDhqdiKrC3+55KZ/be1P69yucTjQP/gMBcJ0W8VOLibHKCjzW9O3iwsDaK3AGXqBf7w/D6gmwHl37GhR5CXBztkyjlvCckjWZ0rSmIjpS4bumlgejwjFHaeJ6ScEdkkXs+uow7tVMSa4bdWZY4xzOBgIrQGEHtEzQipeXIQhxqA9Gx4U6/PHGCL9637vYPb2l/CmJP/xp8O4PQx5SxtpX9AmocsZoAUalBYAsE6jIDoKtjQ9QW/kDQRDbyWNYa4B3Iwxbqy5E5lzG7b7f9d6gvMewCDPKAs+iYJqX8lPkPPgmWylhamjv2FQetISmVpjRITsjszGotIh2E5Rs+2YBmFuF2kDgqGifNz/YdueRC/n1+9/JXKteMjnb9p0nQ9CaWaJCefSe35cJQprDpvK2ZwCV+XXEhcF1z8MdetZJAayda14HyPeAXN3pbhPrECMpEzBRpYESVRqKJjgvysQskFdYJJUnk23lmawZ+6tkm2S6GNARO5Mowjpi66b8UQ61VpOo6qAprErzQMuybxaAaSi41QZjRf4Im1U4fHLXq/nMnpcGcWVlTEPr4yh494JOFzf7tBdA6wNQ9dvsK8K2aiMrGVj9Ov0K1ZPBsNYD7wAdsM/HdsVQLcayFsWeciZ+XqWEooynJzDSArqY5geixY9tgFa076j2GBBZAsAKWOwAU/4Qs/5gcmMpVpUCWjZwiidDm3f3iGnYfUw1RvjY3e/jziMXsuhFAf8oePcZoLVYs6/IuBOlT9G7WaiAVKA+/krqK3acUMB6eM0bRJGXAleWBZX+WH9aXBzPNeWKCuraIxjliPR5+lnmN7FQVi1wdns2DcXCktL3v3P2Qg43VyRE7yQAFgSttO1kMKz280otMA0tzGjn8e38f3d+kIm5NT3U7rKdQwtonaxE5CXXpzTDBLZsq49soT72PfofJ5JhKSsJ6lzVemJC5oRPn4Yl2RP57Cn1uIt0oy0GjIqE+BcF0MXeCrQPxwiP4yN8eerZNLxK9NgR0JJs8b2IJ9DWTSfOttqgVh8MgMvSyeeL+67jF+95NzOtoeJie9bDPwqte8E/XgyoyupThdjSCdKnbKicts2puAyuehXV4VUnBLAeXP19AC8EnhWVdDQDdOzAIQUAoWcLrUzkeGFTjnLMrmh0fdnv4eSAVUa14+g4WQSYkQQe4wPvaW3ky1NXR0FKU1hg4fCFNP3K5i206VkuDAyHXXba4nswpuW5/Okjb+CPHv4+Wn6f6s7pZKhpHckHqn7qU9qL2bcYszANxNQOYtXBKxnb8KwTAljAqCJvJ0zBSV6J6TWkTB1LigrUeY0nsmbVUrCnssyuiClaJp0obbwWBEUtpj9FJkFBzaojZiP84/Gb2Dm3wwi4s3SWpoConqlf5Y2xjHOrMDBi9DLsPmZbg/zqd9/Fv+wNi/0tutQzQahD617wJ0gvP32Kxk+VBaospmWCmFsZpjb8Bv3GhsrSA1ZQSfQa21WbXXygTE3sjB6FmY0nigJOH9jTYsGoF3bWXp9gWJJkLIsyBUl2ukn/qRL7P9zazh/sfwstv5qcnNojaBV+nsW2wtfVemAexkHJh4nZ1fz4t/4/vj5xZfEmrLmgNgfeA+A/FSRkP131qVSTMM60BGpDz6c+sm1JAeuBVW+qgrwVWJFvwi1ZNGMP5uESsScpgQJlgKyvXd160bKkPMiFr4/7w/zK/nfyyMyOsPu0RC/iMqCVpk1lmoWWbViAqz4E1RQRfnIH7/3mh7nv6Dm9C++J87UArYfB2wN4T099KhWoLKzScc9kcPRm/deBpQMshYsUXlQckLS8LlWKjZwIUOwhEr3Md5AesEfCqqepGKPFT1euaZhV/Cf64Rta4eOH38xfH3xZMF8cM/apIGjlRrJTXLPy46zNPLYDgyNQqSf2U4XbD17Ce77xUR6d2t678J54NMF7NHjQPM31qR6Bqltlw6VSezUbzxpZEsC6b+VbHFS+F1hXxGqJPC9aCK8MGEmGuVcICBcDgNo7U+v1Pc19KwoDXrbxLBlMKc5qin6UjDnl4fKXky/jN/f9EPNeLdCu3EoUqIqAVpYpSEGzMN6IwreZhhLoWEOjga7lk2h3/5V9z+G93/gIe6Y39fEG6AUsq3U/+LOnsT6VA1RZgbHtl477bAYGz1kSwNIAqL4nLMJb2tCQpWJGZb2Bixlb+otr8c9QhrE5iow0+ms+5rWdz+jo3NIKn568hZ/a++McbYWNHpxKELAJiwCtDC2LEpqVFbjCdVKBobGgSinRfX3f4fNP3MD7v/Fh9s+u7QPDMs6BNxGI8fHmIH0FKkpuL6lPaQkASzBJBZE1uJVX6L2X9hewvjv+NlBeCFwUzJECTUv7LbH0IlyzSCAqBVq6NJ8hbRlqlQ9tKAtgBUqWzOkAf3jkDbzvyZ9m/8Lq4IIUAn2oU3CPmLexKGjFBfgcU5Ac4IozLNNzOLQiANkYuPi+8Nk9N/PBb/4ME/Or6euik9C6L/Qg+uX0Ke1Rnyolli/G7IuDm+VDKYI4L6I+OF721OW5F4dAXgtajU+wxWaz9F1jXoxpV9TcswF0YRDqD7uUkSZa84LKo/FDZ4V/2CqMam8/wr7mGn7tyA/yJ0dfEyQ5t89JZSDM3TOqipqVQSW8gEW6NehVumEoSjccomO2xiuMGusj5m/8JKS9jp0otwrDK2B6ErxWZEzLc/n0rlegCr959a+wcWgi/7cufAnOBuVp3K3BwzoVF1NITzM+T9o2zXiZ0QW8t/WX4ziXALf20yQ8B3he6oSOdG7WnkGrUFnkU3lZCq9f2r51DxluFbcrS/XgS39jVZj0RviHyZv4vid+jf9x+I3M+IPdO7tTgaoRMhDvY2jrLh0Zh4WR0Vv4QpppmBgTrnfrMDwednwh0tuw5bn89aOv4P3f+Dn2zqwvbj4XWprg7YbWI4E38UQL6eSxpoJCeu56ta0fAV6uO59bqohoKsO6e8XbRVVfi+ja4pMwPdJdMsctJVAsBuxKMLYy6TWL+WyisHoejtXtnr5IRxtJZ1pqYQZimxfC3sY6vjj3bP7v1Cv41sLFTPuDYSXRcCfHgdpQGJSpXdYjFqYlBqCZTKstmLdZmFlILc6iEmwrh2F1vpumUyK3BiPjAdNqNSLHaanLZ3a9hLlWnd993s9zxuiTfbyUfPD2BYzLPTvof1iaMRVkTYW3lWVaaYHKmesFeAEiY8DRfpiEa4AXi5WFafGJ3S+7rx8spv82aG9XbVmxPW6OjzXQuofOuwgaw5oe7DzLLg2/yiPeVv56+oX8w8wNPNjcQYNalxK3QcWRAKycigE0JUDLBBiJgYtKDH8kBZl7MAVt4GWCVnPBMFPBU5fPPX4Ts81Bfv+aj3HB+M7+Xhf+MfDvg8qZ4Kw1jJ9eTLt+A1XB9ZlAZf2QF6B6JfDFRZuEqnIFcMkpBQZygseedIBL+TwDLWTlQs7nLRK2kIyOn/UH+PLcFbz34H/jlid/l188/IPcs3A2Da1Gzbw2ONWGg8RioqZU1PSwmIc28V3VIsanCPJFTEHNMQV9y3qnGpiHbfMWInW0vrT3Gn7oP3+d2w9dEqTx9HrfSouMbz4Erd1B7JaWNe2WSkjPWU+WwJ7iTAjWjwLP053PLXwirQzrzrEfqoC+Fhg8LZjLiWZZZcouL9H3lbVz6KEBaJVMZE4ZfsQf48vzl/GJ6Vfw1fnLOOqPGV0ujJ0lnChuJcjNa1dBiLOpQkyLbjuutglrivEUZVuLYVjG+vb5cSoBaIkD8zORsb4vfGP/5bz1i7/Ff3/eL/GiLbfiit/HH7cF3uPgz0DlrLA7zwkQ0ntmWmnJ3YXXvwz048CxngFLVdaL6HXGL9yi2/tl6Sfk6QpkJ3IZbiIrGnC4Xgw0NYk9ChzwV/HZuWv45PQtfHvhQua0bnS60STKiRPk5NWGwHVjF64UBy1i6+IeRKuJSEzbKgNcREy83CxycWEoFOJnj4PvdQ+n8MCRs/mv//mr/NJzfpPvP/ufqDnNPsqjGjRtbc6HJuI49lzRU1afKgNeZwHbFgVYwHWKnN2WM4D7ES4mz6t4uk360xnIXEXWz6LHat0UtSJCOkFVhad0Nf8wcx2fmH4Z9zXOZEFrsdLQbSBpsyEnSGepDkKlYgBLFrPKAC1znQ1NOwCGhW31AlzGPtaJlRLzMTASMK7ZUIw3yNTe6fV84Ks/y4HZNfzohX/OSHW2v7+xPwXNB8DdDu4Gul35lhCoetKnygBVwru5BrgJuKcnwLp99B010JeA1sLD34roCqBy0k2h5SW6rGgEjyN1IhnxCS0rbHOF8IS/lr9euIE/n34x9y2ciYdr1MyX2IRvA1WtWx9dHMtFLTmgZfs8cVMwHp9FjG2lAJfEtbp+MKzY9uogjIRMa2E2qLwQLkfnV/DRb76P3ZNb+NmrPs6m4QN9YlntMQ1o7Qq9iNtAaqe6kF4UqNrrHODZ+vDVFTn3W63SgKXKRoTnh5fVkw78K8pPPy3Z0+m+uIpsnEWP11AvzVOoKMI+XcVfzz6fT0y/lAca22lSjQKVxpmIhIxqIEhfMetbxdvJ54JWioaV8PrZgkFjrCjC7IzJkQpcaeCVAmAJVhru61RgZGXgSZw5Bn4XtOb8Af7ovu/j0aNb+V/X/Cw71jzZn9+385N40HrK0LVGejTvTrg+VRS8ngW6CdiTd0osJp5cC2wOdCv5X0Eclqx8xoLCqU4YxxsQ9xgaVUCP6CifmHsxrz74UX760H/lvrkdeL6DqN/17Pga9fy5NaiPBh7ATtpKzOuHuU4t3sGcbZ2L2eJVTHgR4+k9FoFZ0zyKZHsKrevTxjiBiTgwStwL63kuX3jyOn7jK+9gfm89YjoWusZyCwSGoQ/NB8A/ROQNFpOInBnoSXK9pngBtYh30BbwqqC6GeWMIqcqAljfGn6nq/BioA58XdDPofLycpN3mYqd0MVRZNMsVKMzpKEVvti4jDcf+knef/Bd3DV3Fi0/COwUbT/8qGDu1qA2CrWRIDk4Djjx51bQij2sAEYy8j0OTqpJEEskU6eU57VFgZcBL1+yxw2OBWZirNKD7wuf3P9q/t+3b4KdBJVkFl25NPbwZ8PQhydAvcUnIhcFKsoAUhqoxT5Td90g6LP1ofzqyTGTULYB1wLHVeW3cPQMCJGvSDyinmJ4Vebz9H2s9J+epb3vaBNZswD7Axf4Pm81vzP9Kj45exNH/DFUnKB3ZHjxRGQuUdSphWJ6LRbUid1si2hcpnmXJ7rbxmPPE4y8BynR7oa+RcxUjJgdkhLRIOmUOnKu4+NCD2Kzkcg/PO6N8usHf5jnPngnW2b3w3lEior3hcX7LfD3gD8PlW0g9VNVn0o/t9F1DsoLgN8HFsqYhJcAW1D5R4EvovIKUmOx5NQCppM9ttBSsOFp2XZcjsLGObTmc9f8mfzQoffzh1Mv56g3YqHt3VK94rhIdRipjVjz6OwMqwjTKvgftZubZiCp1UzMYFxgD5jMqnZgY1rEWVaMabm1rmkYY0F3zl/En0y9Ee8JF+4CJhfBsEgb74N3AJoPgz+dwZqgj4GeOcwpw+xLBLom1m0GHStsEn5j6EcrqvIq4JDC7ziOtwa47pTSeU4bYCpx7H6993CTJ1eO8IGj7+DWhQvxNGAtoj4SNraVtjkoglQGA9PPrQal7lWzzb880EqAUQZYoQXWpZiJakmWjgOX5lTL1KxyLFm6UgzA6qNB4nS8Tpjv8sfH38jttYvhEHAnMFHgRlQU0CL1tY5B40Hwj1gAO8Xs06z1fden0k32qDl7Bsp5hQFLkVXAFaryZ4rcoyqXEgR0ndridJkCoqU/Y4miXT1VtpH+nU+B6XXwpDtuaFTti8MPgEtB3DpObQSp1BEkGBMvuWkK4RQBLc1nVJQFvxSmZwMutdzts8DLqqWo/biZs8cNigB2ksy7O+1rrOP3mj/A3PoBmCaIMnqCIGauDMsqBGBz0NgJrQNhyMWJ0qe0iD6Vs67zdBT0/OKiu3JV2GD+/1ScFsD3hOL74sxB7ROe9VzZWE4OaC4liFuO66tDU10uWbkzBCc/ClziIrUhnOoAIk5HdDfHSJpYTgFWlcmaMvangPieB1xxVmH1FqrdbMwtepfzqA4mm1r4ivrwz0/cyG1rr4LVwDxwP/AIkbLuuQyrMJA1oPkYtPaAtgoCUh+YUzmzL2udoJyj918muYB12+B7BLgK5K9Q2QWyQpErtVgXQczGXloILCSzz2fyxzmFMqvjn6UwWPWRTVmWpu/yO/d+H3ccPM+Y8KFW5dZwqsM4UgnNvyRQmevsOlVBUzCVdRVgaKSYorleQ03fngVeqlibLZTRmEQMLSs64Y/Oj/E/H/p+Zi4ZhGGCBLddwL3A3CIYVqqZ6EFzbwBcfuPE6VPaC1DZKqHqc1AdzmdYyrgiW1X59HNm/9BX5XKC4n3pk6sDiotnMnqiQadIJYPCjG4RXZT7KL7X3SY3bLyDqcZgqF1pmMc7iFMZRNpmS7s/XgegfAto+QVBq6T4Tg4jy9XNMoBLs8xAzQGwFBArAmZKwLCq9Rgj80F9vvDo87ht7iq4DKiG1ve+0EScoreQh8xxCt5BaD4KOn9i9ClKgVKM5UbGbANnZRGTcIMitymy5zsj7wDkCmAka2L2A2T0hIBTSQDSxZifGZ+tV3AqAVpnjz5JzWmGupTiuHUctxqK7SEYGQJ8++LMBq08z14JHUsXo2NphvfSMoE0xWRMmKpZMVtkx5iZwbb1Yevnmpwf4X/f+VrmN9cDCtCWuw6FoHWU8rFYuWMUvCOBruXP9M6yCgGVpgvpaYGrqV5dHQE/H7AUZ4uq/Mc1cx9XYFjhZrv5JkldajE1gfqtD2lJYFoMMyvzGVQWB7gFQcuRNtD4XW9gwvQzwcuPAZcNtIyJ6RONii8swms2sJVmWzYTUtNNQas2VxSQCpqG1cGgPrzlM/z7zmu548CFcAFgVlmeBO4GDtj9Hvlewpwx3nFo7gySqJdMSC9pCmoGw4JxlEzh3bm1/n5X4WGQp8KJtBaVC/olDmvpSSrF7jZFdS7tFSikPIiUAeF+9ocN96s5TSrS6oKQ76UAUWwdXXDKNA8pGdpQmHWVBStKvs5Zn2n2FRTgHTdIZSIZYnF0bpRP3fMKWvVKYBoOGb/dHHAfsBd7Ok+vZmLHGzMDjUfBn+xNn6Jv+lQ+w1Ktgl6Wx7B8VPZeN/+7fsiiLlRYFwcAzZlr8flmBSrNWLdYk2upvH1mM89CwCJLo1sV2G+oMseAs4Co4jgVHHFDfhxnUBYzMBe0dPGhDb2AFVlxWppiDqbFYqXEYKWBWJpHMe1RGwyrWUQ3qA//9si1PH5sY1BM5QKiIdsN4CGC1F+vRzE+a7s/B41d4B1dXPxUYaAqYwrGz7Ws1buiaYV6zyXoPUHx48r1C7+jof+Cbw6/C9S/AWFQFwUWgi01pbfMnUWkuLTrLtl+SMlZV+gDC/ZUjoxj5u1XBMxSxledFhXxEFXUb4UZKmGclTjhteoDTngI35g5fjjZfLSzPTpGrd/BVrlhsb+vUXom8hsK2YX6bNVF08rGaMpHlpJ3CmNxq0EEvDeb2PfRI1v4t0eu5V3P+augZN0BwCzq0CQIefCA7VhLXy1KNtAFaDwG1R3gjlv20cWvg2SqjxYYg+GUQTeENbcbnW3f3r+VFbWVwD3x1Jyawrm9gFQ/vIVkhVHk3UkKsaUSbaEL61Pk5KZJebZV5O5qWXw/BCVVRD1QL8miEkyqDNOKxWrF2ZBP/1iWH9vuUyBUIk/LIlujirC6Hh6EDTnijgNf8T3hM/e+iOPzI1AjaE0cT3rzCMIedoUUoicvYcY2bUBjN7SOLl6LKq9P2ePC4hqash1xVnRe/uGaMZr6SzT0TRDPJVQ2g1zanmTpRfaj3QTT5qFGJmyZfvFZE9223maGSe93pkLrSsRV5YJaf5ap5hBzzdB3rj7i+3bdyvASZoFW0nsYKMNSVlQvPTYjRae0dkV6WEOqnqXFzUBbiIOI9Zh37zuXhw7tCN57NYHX0LGA1uPAYwZoldWwMgGuAc3Hg5QePQH6VGGg6pyrdeCsAdCPr63i82P4vIGGv1bvukic6PeSLTE/hnHMLPYgmdpNVNsqwHJ0ESEPPTGjHj16uceUAgxKehPhLfvMNAdoeW4kJSfqAUwCU/4236J9+UnQ8osAUwqQ+VnexRTGVYhlUUx0Vy0fypAqvlcCszDiXQ3+H55ZwT/df2NXPT6bQNNyw9digNbu8OH1kWG1t/kNaDwO/nHSW9n3SZ9KXZfKsEbBWaW/u1ZQXoHKB/GlDrIV1aF4xdFzNVEMwxLWEPmoUV1BI6PsWo1dtimhgeTqULb3zSrXW/a9jK4vqccSVBW/5eCHOowi3Ru8A+L6OBUfqfhI+3VVQZTp5gDiwHB1PpuYGQVD7z54Fg2vEv5iXUYEPqpOeJikbtX9KrFtkecSowN++Hs76bqWSrT0sqlHJS6CvN9H0vWqhFZpayAbG5MolVzk2iuo31bqsDCT/Kl84auPXcnk/AgrBqYDb+F5wLdT2NTj4Y47yO6m0IsjRxegsQdqO0CGT5A+VWhM0AFE5Tx8PoroKgSoOFuBlR3A+trgu11Fny+IqxbTS8V+SVnBR+2ES7LE8KLHKnShF/gBRexeIMkYlwNqitBquMwtVGk2K8zPVWk0KqjvdGC/fXhHFMdRHNfHcXwcB+bcKvtHhrloxy7uOHQ2f7XzRl591te4ZtP9jNTmuoCvwrxXpV5p4UgQdrDg17h17yWoj1H7KmRCAOKDOuFXLAhaEgCdWEDKXFe+j3eWYJ+1Lk1cL9DaSyz1sbLKAGfVyspbqoPhXcRPmA13PXUuDx3cwdVb7w1WbwI2EES/25jTnvDn2Eait2rPAnzn+VwAWtUd4AzkiOv9AKoCdbdUq8w0zkD5UZSLOx2cXFkDbDAZ1gDKGfaSTRKZwJmOrYJer756DNM8fHF2pXlvnOO9s+yvKjSaFWbmahyfGmJhoUKr5QZGsmgATKLBc0fDZsnaxUHfwReH7y5s4c+OXs/9jc1ctucxvvesrzExu4L3ffldPHvDw7zlgi92gEscZaoxxG37zuTitY+xYfgouyc38NDRLQhdkOmEJBgABG1wSjIoTfMeprCr+PoI405lVxleReuNrAxYZRzPdi1IirNFgMXkYTjVwOPqe4nJOTU/xDf3XNIFrGqoZR0J/WJxU64NWpUQ3HrB0Szdy5sBnoDq9rDBhZYEpR6AC1sYRedFhYnmu/DlcqRzhwVkENWVbecpP1R9znqBHxN0tUh7sgX/RUKhtv087FHQfR2YMcG4bv/N7nrC/THGaKdvQKcNnhhqWKL5i7ExPijykKislvUgtl/aush6CU0wYXa+xsThMQ5MjDN5bJhGo4r6TtDAURS3DVgOuGFXd9cAMVcUXxz+fepifuvAy3hwfhPzfp3dU+v56r6L8XyXw/Nj7J5azxeeuIJ7j+xgRX2WDcNHGavP0PCr/P7dr8FxlLsOnc3/2/W8gO2En9Nx64i4ScYQniOJMJD2P5uxLgXWlDCbNEcz1IKmV6ruVzazoN+OEIHGXNAWLE5YVBBRXnvpF6k4IaANAjPAceMeYF6nSpB3WCNIol5siIPNPNQWOCN2Gqc9AFchhmUFLuFoczNHWpXOCVBgpOKxpvqZijH2bBU2RnQRW7iCpXRsuzNT4ibVWaHW9W29S/t52aTpTfHPndCgimhYwX7zC1UOHhthcmowaOjQBqHQ++YY150jbe6inf9Ox4gS/mP6Aj4+8UKOecPhSQy2TTfqQSJzaMrMNut84fEr+eb+C3jR9tt556X/zHmrnuTmrXfws7f9IA2/GoYWaRRWVO3aFRbzUEDVD+EoY12cYUXOrR8kxUsG2yrKntXWCgxLbBb0FI+Vy6akd8CqDMD8dIyxBM8fPbSZQzPjbFkxEWxzCQqRHyQoEGwzDf1Q06oCq/rIsNpL62iAiNUN0bl+4oCqu1REkvNOqijrDZNQzgQd1kQYgthBKx6aIMlg0QRw2b5sgcafCVNNU0TUFG0s34QsBmqeLxyZGubg0VEaTRdxTKDCAKpwncSBKtweMs0HWhv4o4M3MOkNBsAR1j3v/k6hWC6KaHCU4wuDfObh67jz4Nl86Nl/w/O3fJfzV+7h3/Y8K2KUIcHn0fBiSIJToGnlm31F10nCTNRc/VCiXoNCzpGU50X0xkwHjIW5yWLMwoo9Tw94/PBG7t57XhewAFaG/vknU8zCdnj34wWYlvayXqF1MKgP767sAZQWC1zG71hxuiWppTMHK6DbXYBb6+8H0ZeJcHPbxHMSJmD3uWOagLFHdH0Id2I3BzvPTetLQmYgMSKX+5Acky/LtMw3KxutCk8dGmfi6Cie74QmXQA+TnhOOmag0zX7AjPQGBNum6XGxw/exIMzm7pmHNH2el3jywma2rg1RAJmemR+lNueuogNw8fw1OH2A+catxZBnApOpZ6wrSXBHOLmnaQYVNGDSOYRjeeJsJisFCcpH69mG69pN1dID7/pocJG3jI/Felf2CEzvsOztj7A83Z8N/qxagSllP0U01AIwhzmgLFQ1+prqpcGUfrOEDi1pWFPRV7P+7Cv2SUhCIy6sKayu82wqiCXayQ8AUsX4fYhpWeynCRRlnAAtGtBZN0hs7x71juuYC3Sn5NSMztf48lDK5hdqHUAu82komZeqPu1zUFi5qDBxm6f3c7tx7cHsU5ojLRKGNzp4Lg1xKnQ8oOeUa47gKMeLb/J0bkRfuPbr2PV0DSOSHjkIPbKcSpG+WMn9tXNdTHWJH6gs8TMwu64Igwrybg0/uObZqItRCTV/FOLQJ/zO0esA1s4SsbMzuyek4EE4gYPbVq3f333xfyYV6XmGtvHCeKy9lvYlcm4pkMmZqbw9KpfJdY3ofkUyPZYl+kTAFwmU1YJ4teiP+WmSghAK1A9R2ItvDuxYNbW3pIi9Ug4TYPSJhoyJu3AXPuZZri5Y+tzvXs9gprkmBUKM3M1njg0znyzGgKVpgOVEF1n6FUmkHnq8KWj5zHvVcIQBI05ZxQRl4pbR5wqilB1B/DDGiSuU0GcCp7f4uDsSg7MjoN4OG4dFRff93DCJFyJAVQifKGzzicZ7GMzAW0g5eT8KN3xmTmqWbFtcT0r1Vts8QJaY7AkOnEkR9wv4zns4KhjNQlR+O7eszgyM8aGscPdzS6wBTgcmn9kmIfHQrF+fc686MU89GaheQCqm6K/7eI9gOlmYELol+5lA4GZorqmzbCGQcbb+qjmaVgx/SoAoK6GlapdZQaPFk2WztCbioQsFA13UJhrVnny4EoWmpUOO0rqVWnCelSvMoHsicYKvju7KQD0DmfFaPUnVJ1aKGh3J7FDO4FZcUQQt4rjVGj5DXy/hfoLuNVhHKeG4KCRROYigGQCSzLWSlIBygAwNfRM87n56IjyGXpiYQofG68x0iQpYQy219huzr02JQgb0+q0deJOzg1zfH44CliEgvoKgsJ+WYClofk4EDKzfonvHbv1GMggVFaleBZ71KeKvO7UXjMum6qAMlYJt69AGOreTWJ6Q3iBdX1Y6cQl8nlFIrpKJAq+TPBoEcE81zNoo/fpwNf0XZ46vIKFRsUirGuKsB4V3hMsK9x21Btiyqt3RXL10bAxqIhQcaohOClqVlcITbN2dHkAiAH78pwmLW8Bv7WAWxsxLpgYaInEgkFJBojaTMUYQEUBzACyNH08wlK6N7pMdhU3CzO9hSVNQyuzkpjLe5FLuwWYhWUcnRnl0YObOXfdnug+VYJ4q+PGhNUME3E/QauYgT6ENxCTDZoHA9ByBosDVQqjLP3ap8uenPC8oNI2CXcIrIi0DkvoR2L8ppKqYkWcPea1ajHB0ozC9PACm2ewgKloS6XRFAADfBUmjo0wO1eLmHKF9SozYNSy70F/hGa7bTzRpsiOuLjiJNzhUctcI3NARHCdKiB4fgPxva4NmgAtU6dyUkDIiexrM//sRplfjGEZgrxK+zYmPbArSwhEpmmYpouKfQItNs5G3Gg9e2NZaFS568lzeOlFX0/ut4YgbWc2dq3aGFcjZFqb6T19JzX/thGYhrUtMbGsD8J6VtiEalLDqgbXRmgSyrmgNcM46ZiCGvf/RLzRYlws4bUm8Yi3LIKUFqNV4G6Zml4TBzVbTawU4As/xNTsAMemBtOZUopelWRZNpBT9jbHwq9tuDlCNKqEnW3UNBMx02raTMkxvrqP4OBKpYs1GqxLAo8Zme7HQMumUeXpV9liO3F+bQUx6H7jmGaQyq4sd7k8cEoDxLSbnqZJtgXCzTUm9Mc2KrDnyHo7gAyEpuF87HtqCuOaIoiUX02x1MgypqE3HcRoVVZbxvSgTxV53WZYfvjbVyTwoIaOUVDOUMOnrjHTUOM6Vgy0FA0jeKPsSQwhPiK6h9G+6UCUbWqWitfKK6oXA75my+XQ5DCoGLqVAUAxPco098ztaeagAAcXRjq00yBMOCI4IhaAojNpu2ctBK3O/j4iDq5T7ehccQ9hMo/QAKC2ZyaWaiMpulYxH4hvZVbRI5ggZgJXAY3I6jG0XVMSFc1tic+FhfccNIhMQDfpIDDA6/jcMJ7v4Dp+8qutD5mTlwFa5jV9NGRlg30U39tPmoeDBGlnoM9AlRGU6psERAKCp0rlP6ofEkXrEkvPVYvmY3S6i1ThELFjQsfE6AzSgh4ic4al5fdJtCyIZFRoKCG0T84MhLqVRY9Ki2Y3tidEd5NlScBp5rxq5Eduf3QXx0hWTgEojYOJCUhRVhUauGFcmxPVJ0SSoJjlGYyFNkhHg0p/5I+Jsi9RCXTP0FTsiPNp2pXNY1iUcXXs8DTh3RLyULobt4RmYQNbzaQnjqxlrllnpD6X3HckfEzlAFV7nRd6FzeG1lu/GJYShGa0DkN1Y8Y56RNQacwkjFx/KhVVqYvoRlNcjwCUSkocipCfn6WpnkF7aEPyzCW02jxqvxih3XOZnB60x09JSjQ7RnJzmuhubBeUmnqd766GTeiEHZm7oQ3xG1jKushXi5uCJhDFWZsfZVWJsAdJ9Q6WT17XKIglTEO1AJop0Ke8o1WiUHtIQ5lI98UmQHdA0TUmXvR4ByZXcnxu2A5YNYLo92mLyJvGuOYIOvGs7Kf43vYaHgdnFNyRpQMqc1vHJAxDGkLptAKMKrLJbOGlMS9hOmjRuajVEt7QNe8McDIuIA2flyqlrjkepbJCuzHm+OwArZZrMKUcPQq76B7ZLtHtgrLBnQ5ipCLzKyyQZ5SG0Yh3MCae56xLmoJdgIqGLORpVuX0Kyuriph8cdvfBC4swKXR5xHWlXHhFBXe0wR2zZGsiuAz2GOxwpfHZoY5MjPKpvFD9mOsDr2ArRSwsoHWZGgW1vsovne8hodBBkLYKApEGa/TQEuJtj0bBCrBeasoslrQNeG4WZBjKJtsoKUdT6NkhjUkzUK1alnxcIdc54xVk0oBq7w8w9h+nucwPVdPApTk6FWSrlcl9w0A6YKhCap4NNWJSClO+KN1wUctpCANoKI5fFJIOHcsWO8XEtF7YlUJYLMAV8fcC15LOzwmNBej2hdJ8Mp93k0ITwJXSi7qYohWvJmrcbDZhTrH5zKSAtua1HQGWMVByycIKl1Lfv2ssqahNxf0OuzkGvbKpjLYVeecSbft2UhHg9QKsE5VRkPR/WHgEMimuDc1SZftJmGUjUfjsFI9gpqWBZThKUwT1POK8KWMmW9UaTbdKMBYRPfCepUF5NqnbOvAUYacBSa9bjUGaacjxZKfIzpTBmhpTOeK7tMOWbAJ8PakZbvlVMJDmMWqLMAlRMMbJO41jPxoliRQMxQnLRq+SNVRpb/VZszS0TFE8H3w/IybQIUgKHQ2B6ziv9V8uM9wP8X3tgB/DJxhkGp/gcp87hENHB3obNeKqgyIaBVEVeXrKmzTWHyK1UtoCIsB+wpNQktYQzsOq52mk+optHgfJdP7l61JFRXjFWFmroaowYokRa8qGiQqUc8iTvexY/AoFw5O8I3prR1zW0y3RsKMc6LhD6lMK8qebECXzZT8RTIqOuCTDmLp4NXl4zZzEIN1aUy2sFUY0ei1WsYkTIs1zbUP0xoZaEr6iWY3lhBglHb30HyHqcm2jodmodtH8R2C2lmt40EEfE/AlMWuwvPRVPAM6l/vbqsAtVBNmVfk88CPdUCqQ5NNrQpDs0p6CZPWm1Csh52k/vARr3QJTcrOvOJR8ILvB1VDXYx0miy9qmAqTtsE7JTICB/D1QVuWrWT26c30cQ1GJYGIG3VnhwLefDtoQYdj55j/006WlY3UNTOqsrEXMU1rAKCe+fiSdGs4uahybrCfU3wEqMOl8S12LbnMQFiQswdmzGBi5TjVrsH3DJZ1Q8cPZmHGgkZxlwKOKUBWCs0JVf0i10Z69oCvFTL61NZQNVeFkKWhQRgNdI9XkWR9YJWFXlE0AcVqceDR8n1FMabU0gHrNqVF1QMLcsQ44MIb7UI+TnRODmaVPExsNCs4LUcw5uXUuNKyqTixIFKI4+b1zzC3x28iAdn14aA70cqN5QBLYywBbspGA9riJsTfreMRxbDsk6Sdu6EQoEQhiSLMu56KUBmBaqOfzQWNmNUgWgn30cZmNpBLFVsl0WIWUZXIEs3BPWDiPdMgb8aAtZ8D+boXKiBVfvErjr3sQZ4U1BZ2Zs+ZQUqjZq0bUY5AAx0t1VAtqpKRZFviOM/1U5UM+9OaojutsoNJusS4xaQViamW9XBFmRa4AYWd1Xniew5Y1pNNzQHydWj8qLYzRLRSaDq7ry2PsWbNt/BLz96E/O+0UvQrOKaAVpY9StJ0bziYQpFTT0/RZeKP/x0apIR2R43/8S4hjSyHQO8yACvEN4SWRgaY2DdazjKxGKoYUw+LaFrJe6/nWYU0Ynse8p8s5pL0BgNvX82KyONabV/lpmQZUkfGVYnzGEk9BiW0KeKgNasdEMaatr2RgF4FVW2iNBU5NZAlzdFTElWbugkQnfNwjQWLeHFGvEUdlpexUIHQzd/pNij9Ci8S3bJGHOdqtBoVHAlWzDvalIpXsF2qEgbnJykKWiClzjKi9c9xDcmt/IvE+cHWpb6gQZoYVKpQnyKuWeNmbLkB0bNQu2AWW6Wi01IN8ApYRpmmH/RsckwhjTdKgJUpjloBTDDVISIjiEhGmmGVtVzPrTvoQZgmceRPA2rvQyHWpSf4TFPA6QFgnzDWp9NQ78ZlKFxR/vLrjR0GLQv0dVqdDzSYxWQjYpMoNymERNfIl1yohdfrKGBcaGqqY0YwBS/c9qFdxIR712WliG8xzSpqOhO5j6+L3iek82iRHO3J0xAUhiWkaMz7Db4kTO+zq7ZVTw4vR5fWzjqICnmnxW0UktD+ZGAzzQPf9Is9I00HYk+zzX3DHMnXs2hfTdKAFdK7FXnmtKkvhURTlM0UsNMNP92AM1SkllCB0x60GiJAn4GYHXq6scmsKM+rvj5h6yFHsNGCQ+meTpmw/2lT+yq/aI1FXgMcfKF9Dygaj/xgLnwmnM0DILtzPtDFUXWicqjCPuxJT6neAs7zzVWzUXShHe1eP8WGfGulpSevADS2GvV4K4b16PiZl6aXiUdsIoBlBMFp+C1JrSsM0YO8xPn/wcfvu+l7JtbTUWq4X2gCGiFQaBZJZ8S1UJ79wDaEww0RXzHHmcVB664bhUT2CXu8ZPoulTRHTPgOalndbfHA3ckOo+kjOBucfP7rbDVWnKbKx4DlUb+YauhFtW0sKsiekozBLs6iwgctazzFsCf75afKcKg8kBLjbCGAWBQTeb2ZAVlhYr8I+iUBr0JG/FEaI3VyIqK6slSM8nqo1HhPa4tRJlWOutN1aiswJSjY4Uf0ms54EusQF9K7FWcZVlFdRNZDXBC7ZghcNWqJ/nQhV/kl+67halGDQc3nJt5oGWAkalfFWpOYzMLJaXOVbFyMenmX5qmpRlhDdEYqzhQ2aqFxNfH82OjDCoGTnG2FZlDxgktGNXQCYuNmITdSRn8/DHASju2E7IsyQGrLNCaD4FPemRX1vU+tKahOlDM7IscI2WbFwKsEhS8GvLbx1XgsYoiTeDeW7xf0f90f9wPsDhuBrZbrCdFy+hPFL/41YjBiupYKhq7Dydv3+kddzICQdUyu1Nfg+e52V5BW+yVGGCFRacihdCIWh+Oo9ywbicLrvDb330ZxxurjdzeHNCy6lcxr2HB0lBFGFb0IksBto4YqZYod7UK8PawBrUAVTudK5k/Ec+riJ4AYiCWz7Ywbss2iYYiRqP60Q7QnfMSmISO+MWckHW7ozMzRcnc1gqBoNpH4R3Am4dKi/R6WUUrO4TPFyQwCX0JGm24nfFNlD0VRR5FuT1kOj6ic2roVGqrPtohLJIqvncLN0rslh9NxRFbM4G4HBER4SmnY6UlQrdjND3pAFEyyh2rXhXJ8u+wK1O7sgGTnV21H66jvHjjQ1QGW/z+7a/i4NwqY77ZvYO2U9b9mr4FRCQZgtAJd9AOS0vVoQpoV2n5gYlQhpjgbgtdsOUSRlhTIZYVNQ0x2D6JHo62PqylWsQmz4fvhaBlMxn9rvCetwzSDSDN63qWlhe5ENOyFhPa0JlDrSBlxx3J16c0hWmZ22YF5kMP1nrP3KcFHK6gPKEih7ocT2bjGpZKknElO+9KJOpd2q+JCe8xsdNeuM9+tjqXa5aOZX1Naga/KLhpuYJxj2GEPcVAKGICFmdX5sNFuXnLA4wNLfB733oVu45tjIFWgWDPvO7ttD2RttAFM65LciaS5sZbZYUyRJlQFjiZIjzpWlaEZcX0KzQma4QsP6FRRQq65vc5zMUrH/WaiLVag1J3GwxWF4pVOK3GPIW25Ns8basVPip9jMlCA8ByhkgE4fYCWlNAU2DYh3HfOIb6QLOiyHdEtR2W5qHM5Rfzi0e8S2ptrIjWldFFh5RA0cI6VopGZU2WbttbGrCBhF5lSXiWCHuKMylSwxdS42ytTEtxWsLVmx7hozf+BX/w7Zfz7afOo6Vu0rTLArCCYQllQhfsbCsHxCLUOMMEjCU+R4AqM1MinWXFU+olDJ2JMK225GJpB9fxJPZGrcLry0P8ZtQkNCbo2MAMq4ani5mE5rVSpOl1WkR8g/6n63gL4La6MVmFgCol2LQR6lirNQwY7Yw7juqBCnDby/h5BXhB8zf5UvWD2o5d0ZjwrmSXmTFF3LiWZcZVdYICVbtVSjseHiWdkGe1AEvJGdQUHatNxDTfK0jcDCRmAqYxKynGrLpxW934nDPH9/EDl3+B+VaNuw+cia+WNJs0AAsnv/k8EaJQKFxBMthWFogVBK5IYUfJ0bEsDN9W19Y0B2OBolGAwgJkFrZlIwQFpL6AE7QQrxGyQE2I8mtHJlkxNFPswO1GDI1sSTfTRGx3j/aSktPiYrI88BfAdUuyK0soxFR4vWxoBXOiC1j7gYkKQZ3CmI8nPXi0m+ic1LAS+rcpRxkBpInKDRFmZFaTJBoKkfA0WsR2sxa4LeTB3B4e00nUrjK+laSxI5u4ngVcGRZU/JgIrihnrtzPjTvuYd/UKg7Mrswv3FrAgMsX023VNNTqHRRr4EkB4LJ6CmMJWZFqD3HwUiNpPOnFNmdsXK9KApQUNgPTpYuUH8RrRMMaVCNJbFtXH2SkPp+TbG2sqxZ0iOQ9b6ZEtSwmJstbMMIbCgJVHLRawGEnCGdY5xk5mAqwG5isEJSvN95ajrcvHLUGj5oJpbEAUrp3bZX43dfQoQzTELMRQ8ovZs0rjGSnZzSe0BRdK5w4TrueulmzKtIAQpNMihSTkDTRnRTgSxkXAu9YbZbXXfRVLtnwGH/53Rv56uMXM+fVY8yq+PNipqAWZlgUYVfWdfmMKiLKFwkUjQASUeZW0BTsvFeG8F7MfusK7uKHdVIsovuakUmqTqv4oWvpN5ni3t0QGGqUT9fJWuc3jIT7HtnVgsCkAys9GPHjIRKHQBqVl/OxePfS/Rqv0GBUbYjXdDfHqKFxm4nxXcJu0bGMZFU1GzMUog0SVUkTGpUlnCHG4CSiW8WaPkBmCaZUqzixzmICogXyhAXX8blw3R5++oa/4qt7LubT99zAg4e24ambGeqQyrK6szXx6JqQNnDTDBDTHoArS4CPhyeQAC9TWI+DVNJ8JBnVnNJHQOIWzSKEd20tIOrZm4wCm8aPlLM13RwgytpmYrtvEd8XC1x+K0jXabe3twJVTpJ0U4LHtlYQzhA1o5+UFx1M+AtQZJ+gnqq4ahTq0zDtxiw3QyScQQrqWBLVsVIqkBIjLKm1uEuFN0Rft81BEYk2Uk+UVzISvkyPIKQnOKeyqhSWZQaZWoB3qNLgRWffwZWbd/Jvj1zJPzxwLU9OrsVTxxq+kKlftX+33Lmo6egcRpiLsa3ieAzV5hmqz+NIOwK9G32uIsw2B5lqDNH0q1bBPcHgxQ5euf8NVmUJB+0mmUf7rCXnvAq9LYo0Zw1zMDpBa5Uml23b3bsTUkuAlG1cK0N8117W+QFoudXiidDx59PtcIaWsU1BWQDuxOLgBNivyILCUCfmylq5wbgQYxqWNY5TJVmUL7xbRpmWwZxS8go7Olbp8IakWeiYQJVgVprPsOJzhRw2RU58lqhdb5OgXtaaoUlef8mtrB6e4l8eejZ37T+LuVY9k2XZGhwnTJQEoNma5XYBzBEYqDbYMHaY89fvZtPYIc5f/xjbV+1j5dBxXNe3FAUVJhdGePzYJr67/xyeOLaR7+4/h6em1jLfqqPqWEy9qNmXCGUwQS0u8pnhKxYvYdefCGk1XpK3zzIhDQvhxEsmAa8cnubsDfvK1Y53SpqCWYDmk19Xq3QJ5XmjFVgJoGovEy6sacGYFzcrjwKPpgCWTADTIEPZsVgYbnVS7uIGw5JkPJYaKRLmRWj7BVPrYxUKb4iZieaFLBrpap38b/EOxumdpJiE8Tgt0RzWpZZWTjExSpWq0+Li9bvZO7max4+tZ36qZr0w0/UrTZqC1gtcI7+nI8q60aOcueYprj3jbi7dtJOtKw+wZuRo0FuvgGNhixzgog2P8rLzb8VTl/3Tq3n08Fb+7eFr+Nrjl/PY4S00/UrMe0g0GTrCxuLJ890KrtGQHE2JaDe8h2Atn9RTVIPvIV4zWVom/InHB2cYH5xN3t3zAKss60pbfIu3cLGmYTtINl6lo+jzaYEdzfC6i5iUUwQ1VG0mIdMo84pRgSGiY9k8g4aOJXaWFclVi5gTGonfsqdIlAxv0JTXcbMwYfYV8FWTATRpWlSW/iWaBLPO5ybai88QhDePHeJtV32Ba3bcz2cfeC637r6EgzPj+InSMxrTpySqStnYlvEhB6oN1o4c4/Itj/Cc7fdx+eaH2bjiEPVqIzVdMN3PH13nOh6bxybYvGKCa8+4i4mZlXxl17P4m7tfzN17zw9ZlybBC7GAlMG+OoGlmihA2dG7YuAkEatNFl/X3ZsHrxGYhJbyyJdsfZxVI9M9xksswmw0j+VlgGBPwNUGLDfFJMwIKm2G1RnWN23jH2k7B5OApdJCgrxwNbLfo+K6xBpR2GmDxkTV7tyz1ceSqLjbcYHbwxuSuYEWITXLLGwfI57zYzMF4wJ67u3GEgWfqlnZtOnY57S1awcq4nH+2ic4a81TvPbSr/LFnVfwjT0XsOvIJuZatRC8xM6yUvICXcdnsNbgjNX7uHDDbp67414u2LA78GhVWkkNPQvYtRhwtSsXbBw9xBsv/zy3nHcbX3zkufyfb72K7+47J3Qw2MIaLLmDmOfI5ofWGPuKeQnNiSK9cyy/tRBoOoaeY7Qo5uqzH6HqtsqxoqxWoNoDgHn0OVUn1LEcp2DlBuP5jMAqDwZ8m5fxm4RFom0a1hRwQJGztGP25cRjYY/JMuOxhHgxP1t9rLj2mR7ekOgcnjbJyfEe2kxBLOwrL2I9HocVT9UxQyKsOK9Rc0eNu71q9Hnss1YdjzNX7ePM5+zj9Zd9hceObuDOp87mrqfO4vDsCg7OjjPTGKSplTAANTiPFTcAp5XDU6wcmmbLygmu3v4A21cdYNuqA4wOzCKOpgu4knMRS8Z6TR83PjjFay/9d645404+dfvL+fNvv4Ijs+OJYpJRk870GGrStIvlrHbZF4mQh6TVIsXsQ3OSteYR9ZPxbMBgrcG5G/f1V3Cnj8daTDyW7xnzrgRoicmuIuagDzwmLw1Krto0rBlVHlPkGtP8a08YE5iiimp0Rkeaq6bkFAa4ERXdzTufLfOg72ahWM6+FDALs0pFphHPNJ3MdDaY5mo8jcjCsuLL+MA0V2zayeWbH6XpV5ht1Tk4s4KJmZUcmxuh4VdRgarrsXJ4irUjk6wemWS4Pk+t2oxqUVbFvqTpl8WsIDNie+PYId53w1/wrG338ltf/AHueercEHDjWpYNwIgmQCda1JlmYJoMEf2QRas1qHrQnDEK9kV3OmPdBJds25MdktArSJUd12ZZ/YrHiodxaIppGD+hg15gEiZCITgM3Ns+hE3D8gTuj5uE8UBSIF3LiqVsJOotGRqWWjw/HdAL75SSF/W+GLPQyfmlxPJaCoAUNmDCHgphy3Fsz7o44KY1Ak28rVJzm9QqTcYHpzln7d7ikfdFLvxezMI8kLK8rjgtbjjrdrav3Mev/fsP8a8PXNM1ETMT5+KhDWoBJ8NkVDKbTthxO8XF5rfQtn4Vv6YUztn4FCuHZilQtzIbKMowLc0Q33WRIBX77kZJmGLmINqVvVTjd4bdwGOpfocXe78CyEE1WjJ1dCuMvEIVI0YlGt8Tf2B8lrZnMeJp1KipmWV7adYPomLxsBH1DkbIkcRSYjJE9lSA0vT9s0IeIj+6xExAoizL9vnNcUvxSD3HGeMyf3zLPmljLK93rHqKX3zlx3n9Ff9GVZo46gcml6/Bf1XE9zvPO9u1vd143hkXPLrHSm4zx3QfGj7iz4MHzTnEb3VrYRmPitPipVfcndSvFvvb5P1W9PCb9rJO/a5ZZ4JP5vPYo0NCFFQfRXUmlWGFh9mHygJCPQJcSCcYME3LEsO7iMYYl0SLgMSLrmWZhVnWSa5ZaDMD1VrvN/0WIhSbzQkNi6TAbh7U5gkUE3y1sJa1JHoGJVhAGWYFxSsPhK9XDx3jZ275Uxx8/vaOF9H0XcO8E+INgG0sixQzMFL3PTU2qoibTtHmTFCpweIdXDN6nEu378mPgcpiQ9rjb5jGkoyMmkWbhb4fPMRJYVQl8gtVPeALiDQzAQuVnQiHVWVTOz0hLSbLWmomZtmY5qOZogOGiZcW9W6YbxIxCzFMS01PfNY8r1toFsZjsdJE+LZnMTNVR5MewuQ5jsaamPFWGi9kGDMXydeyelrKaCe9CO5SUIDPAK0VA1N88EV/xvT8EP9873X4mkyijlRvsJiBJDyBZvJ1mS9pO18e2pozCvNF93n2Wbs4c/1Eb+K50p8gz4TuVMLcLCK8ozbxPA+cbLrXNHCfvHyKPIa1H9iryKZua69oik4nETojvCGqaZlt66MeQ4xSMxqKqYluOineQqtZKDmlkTUWLuGEyl0hjUItzKuEOZkGSLZ4qzSWZYnLWjJPk5QAsKLpImV0LMtxVw9N8hMv/j/sPbqWu5441wgWlRQRXRJSulq9h3FfoRYDbGOM7y2grYVEDSxBqbg+N178APVKqzdPXxGG1Ssz6mfPQo205oqCU1rajn39I8BO8y1SwsZkHpWjZtpNXMuKpOl0HqaJGG1e0NG8NJY4rYYHkq5O0wXGrPNkoUBp+g9xjUvsrCpVZMmjIgW1r7TPoPHPG9Ou0sap9E+jKqKnFNVJiugfRV9bnm9duZ/3vOCvWFGftmhVpvZk6Fa+xnSrdE3LfNiO29G7Yvtqaz40BzWyP+qzYfwoN170YO+6oldSjypjEub9doV/U81+RPUpU9y2jb8D1cMFAIsFhXvaABT3EpqgpLGi/h2g0ehnwvAkEtsvDoLxWd8GrqhX1GgzFunUG5vgacAQnwSixc2ktCugELNKAxrJF9o1b9sSCe5548qI7b2K75bn15x1Fzecc3sErCIAZRPcO89jAOerdT2JfbIePn5zGlEvrKkfoIEQ7H/jRQ+wefXR3m8krR5vQppjKPiLBKlM4Z2U52p5jrm+Afpl+Z5ZzQWsW/xfUpBvBB11TKYT1anQaOsvTYmu1FgDAjVYQ9z7aDK39LiBLG9hAc9gnHVFzkRaTo3tVywQUNj5DJIBTimMycay0rYtVmzvlVVpgTt8GSArAcB1t8mLL/o6A+5CJkA55nrf4h1MYVrS8QBqgnXZHngNtDVvBbPh+gIvf9Y91NrewaIg34uXsCzTkhIeXS3CxIoAFWlA1d5/P8o34x+9kvGd94rKnArVuJdQSepZEfFdJBmTpfZAUjM2i4wg0gTx6WTwGFVMs0okS574nlbnIFu06QBr2Gre3FVM70vEE5MmoBPTr4zn1nGmxrWINP5exPaygaMlg0aLPr9w4y5WDk5y4PhqohUYNJn4nPAcJpN3iJSbKXc+tTWHeg1s1Rku3b6Hq895rLwGmPWb9CMOaylE946GlVOwTzPzDe8G9hUGLJA9CntVZawb8d5lPu3yMulR75KweMQwC+PewnYZ23bPwngQaTSnMNnjSuMdxrPAKSG+C4lqormxFO2wBSfU4TRokeV3fabqaPgaIwcxrN/eHucQ9GBDo65lNTyXeSCWF+agiwSxPuYMFp6kBTsBVcTDxesmGUvWjmS8LvKls6m035wxgkW7+1dcj9df8x1GB+aLpy/ZlmaJ37Sf4Fc62l2TAaBFot/VWKn8K8JsccBSJhC+q8gF3SaqMe+fURwu0UEHEtHu3Yh37eQXdhmbJhqsqoFCtoIfqd5CslJzMmKf2uAhWvBqEgQ/KK6sbnCcEIi0fadx2rXhY1zbAfxgnMS3ma/bTMCRLviF++KkeBFL6XD0L/6qTMhCQY9g3ud64vB6pmaHQqBIa9iYzbIymRYm40o/Weq38FuzwfUQG3Lupv3cdNkD3fAbevi+7Vrs2keQSlM4+tKvUIuBk337AeA2eXWDEiahtIBHRQ1QsQSPmhUcMs1CtecXirk9UiIkrDKQ1VEnKyYrHoNViHVB8UjVsNasKI54eDj4nhum+gRgJeFzDYGrA7xtUdIJbyaOUXjaGGs+V+N4kYBUc7yjXTO0zMwvE26UZxL2AlplmVX4vNGq8Pm7nsfcQg2nc5MgWlompRRymvkXr/JuZQUWEPfa5qBGb6IV1+N119zBxvHJ3sGqLYy3ejD1igLYUpiFSeZkASrr9nuBh21vnQpYL9Vf4PP87FdU5H2qMhQ3C80KDnGwika55wWRmnmBpoZFRiVSjFLdaTFZGfl41shxLGk2mjEDo1UtHWmiWsPzKx2wUjUAJRRfg0BYp0ObxekKkRra/qIxHSA8hqqxzTH/ExnXmaDtoNhYRQkRsovBmTeHslpWL6Bled32NDui1nFNr8Jn77yOf73n6jCRXuMpzVaTMAJknSFlzcLkJq85Db6fcAedtX6CV119V1Su6EVu9MJHryZ+P1hYmbFSGJyIxWd5KP+IBOVkSmhYoMhDoIcU2WY1CzUWbyVx8w/Sgki7WrgY9bHE6CUXq3VkpOpoEfE9L/I9pXZ6R0dKrSOvVtNTBFy3gXpCy691P28MfCQCRIE7vQMy4XMxnneAze+CVmeckxwXNC4Jgc8x2KZop8Ru8JVTyjN3SsSHwZhp4R7mcYuAWQ5Ieerw1LEV7Dm8igf2bWTXxBrmWxU2rTzOFTv2sH3tEVaPTtPyHZ48soov3Ps8/v72m5ieG0TEJ270RSLdLUK7WllWUn7QAra1aguvNUc8oKni+Lzphm+xcdXk4kvC+NgTlcvolFqCYfXTLCySotNddwi4VV7T0tKABRxE5RGQbTazMB5TZfUYtgHJahLGzULDrIs3Wm3fH9Xo/CKx2aFRJldIbE/NL8yxfSw6mKBUKgvgQaM12D2+bzApX8ExgMoxtjspYOSEOld7jONb9wnGEWx3QvAKQUgk1L1CdqVGepGIoeGpZldTdYjV9ZLoMTI71yfP5eTcIHc8vpXP33MR39q1g/3Hx1hoVSO1qKoVj/HhWVaPztD0HA5MrsDTjbjuUBDvlGikK0nHTB4FTHFaSKTsnn0Wt1qzQXXR2PaLtu3le55zT9CTe7GA1SQZ4NkLuPQqpBcd20kX0xImYAS8bgUeTPvYeYA1o8h/KHKzGv0Gk95Cm+geFefNDivxvEJVTTAtYqk6QeqF3Tce7dxjZ0CZYrtaKpym/tAWtmZqJ6pUK/MgykJzFL/lIiHAJIAnAjp+YnvnuRgg5vjR17Hx6hjHb7Ms3wCots5lgJGGZqP4cYBS2uWnOoDkG6AlXXKiJugJ1vr13Zx44cjMEF968Fw+c/vl3PfkRqYX6hEz32S3zZbDwckRJiZHadPZoRrBecUw/a1FvOKeZk03/ToNdqOzMPOSUJ9mYzLM0+0u9WqLt9/8DdavmFqcdtVezGiJXthULhvqk+geAahSzAqUBvA5eb230BNgvVR/Qf9Ffu4eReYVGeiwKIu3MBLeIMkgz0Rj5vBYXU9ht/a4CVamhqXxbjpGu67UOlmJcADSE41NbcssJqZp+6WFHEDVnUccn/mFFbRadaMdvQFSEgUdET8DrLKBCgPMzON3t5tgFIZTSFTrErGMCUFMDZMxDmwRtubHGZlGol2OzQ7yHw+ew19+60ru37uRhu92tKV21oKZAxEvYBxY7Q6uuGFITLbQnjAVjbHEBXaNgZfVwo1CV7M1g9+aj3kAlesv3MlLr7ovun4xHW8W4yEsuk37wMQSmmAhoGr/eRz4j6zTUCkA1Heg7AK5MGEWGoyLjGBSsepY7U460ZisiAfRiMkKbqw9JERnBo/maFukFf6LeR5t4r5AxWkwNHiY+YUVzDfGUN+JgUgQXSoJcLGs7zxPGW/uYwHGKCC1zUSNaFfx1x2BPqJtxdepwZ4MYJOwwkgIYLPNKrfuPIO/+NaV3LlnC41WUBpGRGMBB2bRPIk0tm1fS1WnhosT5O7lxkZIrApD0g+oaf0uYwX9JDZbffVoNCaD3EFj1zVj0/zIS7/K2OB8EhB6TVRv9hGstI/MLJWtaR442QJLPws8tSjAAjkEPKTIhRrTr8xYrHggqc00lMzmFGniu0SjropEvltDHGJmX1aFTwoAWaISKNbATsfxGBw8iltdYGZ2Da3WgAEKXVYlcQaWsd7O0NJMSmN9h0lp7DPEQUoj7Cj1tQF0JlC1j6kCDd/hrr0b+ItvX8HXHt3BTKPWLfIRL5krQqRTc6zciwCuU2WgMhzKbX6iHJEtMDTaxkwT8CNohqiePrtbzekuuwrHOaK84bo7eNbZe8oFyuaxqxaLDxbNNOH6BFzxTuyZQBWJwToGfFbeaA3eKAFYSkOF/6fIKxWpRBhUhmmoqfpWVICPFvZLF99NGp+MfMdy8cVDHHIaO6TVUScNyDJYFtFtIkq9Ok1lbJ7ZudXMzq3G8yrhxDfARWKmn4VtWU3IhJkZNw19Q5DXBCgVArO4GRkfK4SfrcuGHj26kr+842L+/cGzmZwbDH9hPxJcgAquuFScGlW3jojb0aU89Wh68/jhL1txa9TcYRzcwMMa4U7pwJVgWMZNL1FOhixG1H3h+c2QXUUj26846wl+8IXfpOp6/WsW0coQ3HthTYsV1/OOUZRZRZ9/G/hO3qnIBayX8fP8s374DoWjiqw1G1EkTcOU0jJx1iWG4G6MN8V3YuJ7JPK9SIiD2c8unjCcFtJgq51uq/5pS4vRmA5iOZ7rtBgdOUB94DjT0+uZm1+J77tRIIoDjhhMyVyXysL8fG0sYgLGwcgCbCbzsrCwOHBNzA7y2QfP4u/vPZ99x0fDa1IN3Sj4nV2nSt0dpOrUccTtZEy0waHiVKk7A93fuKPaW6LaO5pVFAyTdbGStCe9u7NYLjBQVRqNY/jeQgTPVo7M8p5XfoUN48f729lmgfJ5hGVrZkkf2BVxL2EBZtX9hv+XoGDf4gArXB4BblfkJWadqkjgaKyoX9IU7OoSkQ46ampaRjMKDVmXWCLfrSEOSYofbQWWB04xAV00u9geeaYiKXl/UKvOsnLVboYWDjM1tYHZuVWBNzHBtkJQsoBXlJ35xRhZG8xMgIuwKQt4Gaypux9W4JtqVvnS7s387b3nsvPwSjyjpZgayeUVKtTdIWruACJOlJGanhTt+n6RkGnHVMvOrx6e84gBKMbvW2h2poT8x3ZvtmZpNKciwUtV1+etN32b6y/alTKRezQHNfQQLoV3sN8hDWb4iuYkO0f3exD4knxf/terFDtnMoPyNUFuURHpMqK0VJ2kGZgIZejEY6k1IbrLwuiAVXaIQ9z9LAaQpQSSFjUXEywr2wSMAhXRygqiHQfCwMAk9cEpFhZGOX58E7Mzq2k1BgwGEwUnMQEql4HFwckCYvFjxAEqMY7Y5whez/sOd06s4tP3n8XdB9bQ8Fwj2rELOo441J0B6u5QwKg6OlXcvu9WnY2K6hl6lWoy0DeWixo5VqxRqiQUs5ik0DYFtcl841hoknZn3PUXPsoPvvBbVB2vv+zK64N+pX0AtcKAZtOvNGs/D/j7PLGdDJXRuvwzH75KRD/viL/GEQ/X8XDEx5Hgvxv+d5zuuu4j/tpH4q/xcUSNbcHEdAgmbPBcO8+l/Zz4azrJxIJGwc0wdQITCSPcgEj8UmRb2vOscZH3wj7eGKMiNJrDzEyvZfLYZqbnxqiKdMEpDlaSAUwSFd3jjK0sYNm0NkSZarnce3SMzz+2mdv3r2a2VYk22zXKZ9ecGgPuEBWpRppEqOmJMz3OEos5F0mGFhQcA6T4kJMt6TVjaijKTOMIC62o5XLOpkP83rv+gQu2HsieVb14COeBY30KYcgCMKdPjMvNyL+0A+fjwC3y/TxU5HQUNQlR5FHgQUWuKy68G6ajRnWu9BpZXT0LQ88yU3aiNd+jV0I0U6wXlmWwImuNdQt7EnLqV6UwMUMHE1HqtSnqa6YYGt/L3z5wBQcObuPsQZ9NNWXA0QDEnRhgSYw9WVmZn8rO0kHLDlRNYP98lbuPjPKfT61h5+QIc61K8ooMT6kjLoPuIHVnAAnznjQlAiHahCTZWCJuAganPmOM1fSTqCalpPgJk7NzoTVNszVtNEiFVaOz/MTrvsT5myeyO+EsJmB0KczBxbKu1PVa5r0U+Dvg0aKno1Li1E2i/IMi14JIB3ziAGXxCtIGK8vYRJiDJeo9kl+YKO5HJARBpGsKmBE+ES2rSPsszRbQ7eN6qF9lWT9QmedZ2x7ig0+s57NHh1hfVbbX4eJBWF2BtVWoh4ASBRcLm7K9jjM1Ry1mZ9cknfVh30KFXbM1vnVojMemBjk0Xws61ghdz590gwVEHepOncGI+edbCi5KRIPCti1hFpL6PJrc3DX9bKGidpPRToea/jxzjWOoUaRxoNbknS/9Oi+4ZGeydEw/Fj9FcD9V4rAKSoDW18Hz/cBfyJuyQxl6AqyX8zH9HB/5MuhBRdZZY7JSEqJtMVhRkDLAzQxx0BC0LMX9sgJJC7Esm8cwFZzogT2RXoQvAVxJ0DtnxVHedO6DfPyey3h0weHRBfjKFAw6sKkK66sOG6rKtpqwynWoCgy5SlWCMllt8IkI8hJnWCagebREmVVoqnLUVx6dq/DEbI0n5is8OVNn1nPxI8npWNlSVaoMuYNUpYbgJMTyruZoAy9ywColubkDRxIL8Mwq1BfVstJCHDxtMds4imqzs7Xq+rz1BXfwlhvvoOL4MdG5j+EMXh/NwaUOIpUC7xFlV58F7ilzSiolT+H9qNypyC0qTkcEj7OrLBNREu3tMRKhzfxCIm7u7EBSG8si1rg1w2OYGV9lGVeEPUkBAd4sbRw7vivwyh27uPPgWv5z7xYUaClMefCQBw/NB+Pqjs+gEwDVeMVnTVVZU4FxV9BWEKRZdVtUXZ9atYWq0PBdGp4bnJNKkwW3yUSjwkTD4dBClTnfYdaDOc81au7HzaioBKSquLgMOHUGnUEcnPBrdYM7gyR4E4NSwEvoMO2opl7E/IsBlZgpPxbzMFFZOwpsvnrMNo/ieV2q4zo+r7z6fn705V9nqN7sT65gmn7lFxy7lKK79vk9g+cHgT+VN2fG8C8asGYV+UyYDF2JMiynqztlmIdm2ZnuOo0wrXbaTtxr2GFZhgmRzrJMqbUHlpUaX5XjIcyK1SppGo5WGrzr4nt4cmaER8kjQ5EAADGISURBVI6NW3/7eU+YD+/CEw3h4ch5aIZatIZeugoq4KuEDUhBpQ7UI2En0XIXJjBpyHqjJeRFhLrUGJKBQFTvaHtmrXmxsKu0W3Qe08p6nu4ptDKsDDNQ8ZhtHqPRmun6bBzlxZc/wk+9/suMD8313ww0T0ev6TiLBZ9+7ZseVa/APwJ3lT0tbpnBn+LLvJkbp4FXiTBuBDh0vHMixn9zG/bXmOsjeWndsbaerdL2/pkHIVpBQMLJ1I3lSWaGdUqkmNerSPR5/ADxg5ljsrblrk9uH68vsHlkmm8f2MBcqxqr51+8G6oSgFSnD2Ts7VMdWSmtywTBQahJhRFnkGEZoIITOUWR31fMT9K9mQS/e3SbJBrCxbZLtCGcJDoLRMKR46Ulo7dP1USavoRdQ+ZbU8y3ul2HHVFuuOQxPvrmL7J+fLq/cVDxpQmdEnZLFX/Vb9BzCgPYAeCD8haeKAtYTg/Yv0uRL0YaqEb6EWbHYWkQnGC5pGL5iRoX7s1YaaMss9pbi1l7H6b2MCSjtRY5PQXTWnH18jx5TAGuXrefH77ou6yrCCPUqAUGV4+37UgrpZC1qhEQHkuuahcdbN8PVHFVGKTKuAwxLsMMUA2LWxitrfDDgoV+WMTQN45l9v+LbmuXiTZbZJHoJaiRY3f38xN9AgVbv0GN7NfuP4gxbr45xWzzeKdqrCs+N1y0i4++6QtsXDlVvlVX2vq0xwLZBfsWy6Y0/xIptb7I8267g79Fy2lXPTGskGX5b+bGJsL3iGhdJIVhUYxhSQJquixLzAYUbSGZLpMqxrIklRglaIaVIZVkSYtiWPb1jsBZ45P44rP78CZqWqcuFaphlHhm0GNm6TmDgYlGTECNnCXBxaEmFYalzogzwKDUqIjb/d1EYwwqeTqS7Ip8dpXYboJqHrvCwq4gJYksHOcz700z0zoeBocqruPzwst38pE3/QebV031n+nYvIOzfdaUyoruZdcL6cV5o+ueAD4obysWKLpYDau9fBPlu4pcE9GqNF+/KhL93tZKul7DcNqYwrtSUMvS7EoOCXE9riXZhHKL/iRFtass8T1dlK+JxxvPfYCWV+GzD1+OeBWquAyG4RtNPDyUlno08fDDW5mfkSlnniUxCiZIWKesgktVKrg4VKWC00mjCW4ekewLopV4RO26VHxbVM2yCel5Lbvy2ncVa+fVPtKcN8NM6zgaqt1V1+flz36In3jdV1m7YqY3846SHsQG+W3p+xnW0A9PoZBdZjl47qH8GcL9vUp7vQLWUUX+CuS5ijhpZWesAGUGkaodtMQoVSOWpOho70Kbx5CO4Ct5lRyQHgR0C8gUBqKS4nu7nRcw6LZ40wXfRdXhnx+5lIZXCW9sQr39U0q1A1aBEqN4+Pgoviq+JdpIRHCRoDBeW50KU6PE5ESdHpIGkY1V/OnUi08AVNa2dpBwMlc51o0rOSYSRBpDhY630Q5S3fzD4NqY9WaYbk2FMA+1qscbr7+X97zyG4yPzC9eYC/aLHWBE6db9aUscgqjSgLW/cAn5G3F464WbRIa4vsRgVcIrIqagVE6HxHhxVgPxnZDaDf2iVhGNuEdiwkopjAb19ajybQR0zBiVvZg3i3aBIwJ/ylCfNXxuWjtQVSUnUfW0vJdy7wIBHEnNOWquNRwqUuFgdijLhXqBGytgoOLE+7bNaft5l26r8H+OiqSm04Vm0mZMB0T5qEanyFpBiZNU7WUnG/reT4zrSlmQrACGBta4IdvuZ13vexbjA01emMnvZiFrTCcoR/ieBHw6Re7yju2sgD8AvDFj/1D75jv9rrjm7nxOMiZIlwtRsRUro5lgpcQBS+b9lHEY0i34mXU20cCvISorhU96SdSu7K46Qp6EiuOzwVrDjJcW2DnkbUseFWWahHLR0x7HQGbuG4V3w4WLyCZ2pXd25cCSplA1r1p+uoz7R1nzpvpHHvbmkl+6vVf5Q3X38tA1evN9OsVtOahFP84GTFVWKxuyWRWoHwZ+Kj8oL1915IDVii+HwFeIzDUDWWwMyxHTFDSjpdLiIJWMZalURE+0fBAI3hTmGX1AlSLZVhlQh2M566jnLPyEFtXHOPRo2uYbgywlEsaUOWxLskbnwJucWCyva8kxsXBLsm4zP08bTHlHWfen0VDcf3Z5zzFR77/y1x/4R4qjvZ+snpZPCOUYalF9SxvYS+Ce7YpeBT4EHDPx/5xcdehu5id38yNh0EuEeFiM5YqYv5lsCziLIt8lgV28zBuEibjsSwsKwFaiwCfRQFUzvtY14HjwOaxSS5YM8G+6TEOzo6mVrbvN3ClmYuZYCUWZpVqGmaMacfspQGS1TMY3a/pN5hsHaPhBw1aRgcbvPG6+/iZ13+VszYcNU9zfxlW1vZ+sauyYnu/8gftGpYP/DnwB/JDeIu9/hYFWJ/iy603c+Mc8D0i1JM6hBr6lEbAycqyLFpWAg8MUyHBphImoSYCHwXJwJJFhCDkmXiSLIOS+z5ZrMt4uXpwhis27kUE9kyuoum7nIglj3WVZVqJAFGKBIhmsStL6IIq8/4ck94kLW3hiHLupsP81Otu40033NvVq7QEAPUDtLw+iO1lmVY/6mTlAVbLOcBC5X3yTv+pflxzlT4c4zZFvqYqtyRDGoJ0HWsogwh+KAzHPYsS7xJt5iim5hjaq5LGXcmKGsUBbGEOaeELOevb3rx25+W4p9APa2EVCXWIHCM21hejBVk3ZGDVwCxvveTbnLt6gk/fdwW7j63upN8sOXAZGdDavmnFiiKY4XK2XiIdr298Pyyew8i6qNcRTSb9tGvMe+oz7c8w68+h+IwNNnjlsx/hbTfdw7Z1k8kMnqX2CJpfoUE0b1CXALTKAPFitK72f09gz7jLvlGCslenBmBNAv9HVW5QcQaCLjhOp7ZVF8Bi68LyuWmlabBEuUdyDDu5cNK5uuNVSZOJ0VlhDil5htYE5bT1RUMWUkIdbGDUHtsJb0hZ5wcexOu2PsY5qw/yjw9dwpceO4fjCwOcuEVzAScKXinhDMTDFwxQIp4EHd6GzMTqeGcchQYLTHkzLGiTiutzxZn7+cGb7+baC56kVvXKe/sk43XaurTjeEQbpS4FUGWBVa/AlRfOcHgQ9o4O48uKfl1hi7YdwhCHp0CeL7C9qzMltayEriBaSsdKWEdGkq7EdySW05grwOdEwJc2GUvsV8p7mLcORmoLXLZxL+euPshUY4DDs8NhffUTu0hZsxFSvINxbSsu0KeHLfh4TOsMx70pfGlyxrpJ3nnLHbz35d/hwq2HcB1dSvwuNmaBbhkZ6WH/XsCmH4J7FmDNV+ChNTBXaYH89cfuOfbYqcKw2l6AP1HkasWpJ1iWYSL6RjsvX52Qd2UzLFFi9bLCS7TT/qtd+z183Y7EjgWTSqItmHZqIKVGwBdmUD0wLyMoNJ1tGcfNW2eYkhXxuXzDXs5ZPcG3ntrOPz98EY8cXkvTcznxSz7zspqOMUJrW58IIg1H+SgL2uC4ztCiyYaV07zsykd53TUPsmXNFI6jS1dpoczSignti03tKbp/P+OwbKbg7hVwrA4OAtovnOmfS+lzfGQt8PeO+Nd26rw7Xkpddw83Utc9WfM9WvddO8/btd3bz0XUUvfdN+q9G3XfxYzD6YZEiK3+O9hrs6fVbM9cH9ueNbbwOtt2Y1ysOepkY4Dv7N3Gvz5yAY8cXmc0ijiZi6Apff9UbJenJDpvJVKxBBraYtqfY4F5Nq46zi2XP8Yrr36EszYcC4AqvmtKRQrb22fOnLK13DX0DHqLuhf0Bjh+HzSrNHY1MQz3rAPfAVfnEV4pn971hVOJYUFYkEuRq5QsLStkVxHBPTYuzrK0S/rNtB06tZmSRf46jCpFgFfzzh+ytmgDV06iRhVjbnmszGR1voTivkaOsaI2z01nPsxztu7mzv1b+PKuc7hvYiNT8wMnkWionWVhbe4dCPMq9v7MAi31mPbn8CqzbFt/hJdeuYsXXrqbrWuO47rau8eviI6VpVulrW8UBKt+p+n49L9zTvv/bAUeXAXzLrgKiI+jC6ccwwpZ1hrg7xzxry/Csmysylzf7p4T77IjZHXX0U4HnmR3Hfv/Lsvq2h7dTjtpDKoEwyrFtmIsKWtd4jg57Mt4Pe9V2DO5kq/uPos7n9rKk5PjNFoVTp1FIgCWxqYAmuoxL/NUBo9z6Y6nePFlu3nuuXtZPTbfTYovyqbKsCopMZvi2zyLZ/BEMKw4u1qsSWgClidwz1rYsyK4/lyFqj/NWOMl8oknbzvVGBbAIeB/qspVKs6QovjqdHLyEyEPaEq9LPM8+Iku093yJwb7ki7rEOn2M+zqV5p6ziXWtCIxK06URtVhScQ8grF1KbpV5P1iHsTOmPD1gNvi3NUTnLNmglfP382uI6v52uNn8cjBdeydHGfhpIOXputcof7Y0BaVgSm2rT/A887fw7Xn7eWsDUepV73FNS6VRXxkKehVKwtW2qdtZcX2Isyq/XhyBHaPBdebG37hseYsZx49dkoyrJBlrQA+7Yh/S5dlmcwpv2ehrXdhOsOK6lhOR6tqr0/rZahG5LMaQYcp/QyLaFSF2FYGM8tbV0TrKsO0Yu/j4TDdqPHo4bXsPLyWu/du4anJcY7PDzDfqsJJhzDFcVsMDh9n49qDPOu83VyyfYJzNx5hqN7qeJ2tjCmPTfWiY5XVstpLk3LlY3o1FdPAyu/xuJrx/1gdbtsMM9Ug9sDV4HHG5F1cfPBF8qN66FRkWBDEZf2uqjxPxRkLWJYZDBr3HqYxrWgnaTOYlEjpmaiO1alAGnoLzaDS/NisaA349IDSGIspExRq06gSgaIp66y6VYxNxcfHmZbExvp06s664rOiPs+Vm/dw5ZY9vPLiezi+MMBTkyu4f/8mDkyN8vjR1Rw4PsZCs0ozbGSxVIvj+FRdj6HBObauO8jGtYe4cPtezt18kDWjc0EDiLJhACd78ehf+k3Z7Wlg1StDa/9fcOGutXCsFoBVmxYPerBx+mFET12GFbKsIeCPHPHfHOkO7WRpWF5mZ+jIOjTKrozO0TbPYZtJ2TyIENezSPca9uIRLKRHlfASJjSsImwqi4Vl7BNbpwhTjToT06Mcnx/gscNr2DmxjiMzwyy0qhybG2J2ocZCq4LnO7Hy1SmgJErF9RioNRkdnGNsaJ56tcnmNUc4d/M+1q+aZHxkmrUrphmotfIZVBmGVWR7r95BSRG7myeBWZnv7y/StIzHcHkCd6+B+9aEdz3tMqyzjsGlB39H3ut/oF/YsiRCxcv52Ozn+Mjvq8pNimxs61ZRPSvuQYy+xlIEkHYsl/gdD2OnTrupW5GMgG8zKGyxWabMEMZyWb2GGX0EUzUq02uXqlFRKJK9c5yIhlVEt7KwMD/88jFtK7JP+yKXgIWJwFh9nrGBeRDlym178FRoqUPLd5haGGByfpBjs4NMLQzQ8twuAKaAyECtwfjwLCuGZxkbnmOo3sB1faoVL2ni6SInuRTcXlSLKvN+7S44fgnq0O/0nMWK7b4FuPaMwL2roSUhuwo3Dnqw/XgD1/96P7FlKZXVOxT5lCIfUHWcNhj5OKFXLgZa2hXcfTQAJIkDlhNUg8wS4MPqC6Zp2E11E0vHqXTTMDXXsEhIg02ct4nwRdelHTsPtMTcRjTkIUWQD9hVxnrDrHRFcZ0W9QoM1xfYsGLSYG4WFmdu6+iDKWzndDDxioJlqw/sZjHsqx+hDHFz8PAAfGNDEMrgave6EoVtkzA+f4geWnllMvKl+o1ezseawB+qygNBJx0nkkfY7o2n6nQ67UTXRR++OY6cTj0moKnRA0bjJeQAS2NXNF4aLtZtx9b5xsf4T4nOOMY6P2edb3k/tbyvdZt0jxd/H9+yT9b69jH92P/OdxX7PonzcZo8/JKvzfU+3Q7Ovb5/GpCU/Q7kHD9rm298Tx+YqcDXNsKhge42X4LvOb4A5xwF0Z0oB04XhgVBS7Df9ZHfE2QgGkjqoNKunh0kQjsZjSpMAR5DwEfMsIcQgMxGFTbTUDXCtiRBYsyA0m4Ti+Sdxia4W9Jm8kxAq9lY0gSMCehWEzA+VmKMy2YmmusTzMtyF5fY2M5/YqxL7NGh/QgvyDtOkQDPsu+fNt5bhFeuH7pWVnuusmJ9e13TQe9YD0+MBrKKZwwc9ODSgzDUUuBfgOP9BJQlzc8IE6N3CTwLOLtb96p4o1VrQ86sZOhIbnH3rEuW0GopqRzdT9IrlJatZxX5wJZ1afsUGZ94bdkWP07aMRLvk3PSMtXulHW6ZH6f/nSc6YdH0D9B3yVrTF5/w7xtJoP0Bf+BNeid68FzovZKReHKCTjzOAiTwK/Le/pUV2apTULDNDymyK8qzgGfpBkYed7RtaLNVn2NmX7mfoaZmWUaqsU07LK1GBNWsHbSU5tpaDHx8kw70+RK3Sdlnc3MTDUBDZMtz9SzjWt/Bj9ju8ZNQ9vDNoYUs7qgudUP066fZqHGTKbFmoF5JiEFzUa/hNmX990Bf88K/G9vQptuzAIiMAPPPxow8KBR6l39xpMTVXPkayh/qup4Xa3KSXaDjgGSH2pdURBz7ONtulZnHAngwgCr9nNUEppWKT3LtwCYL/YJbgOtPCDzM46bBVqpgJgBZoXAyfwcRXQryQA5Fqdt+SVByWdptCs/BCqvDyDUD/D1e9CrwBpkqoeG8L6xFZ2rEWnpIaBnTcLVE1DxQfGAz6BM9xtITkjK/qf4sv8mbnwY4XoRNndqukenf0YXlZQu0R3zMNp5LmkaSsQcNDtJk2IdZbcIsxgykmGO5ZqIKSZcERNQyDft4pUPUs2/MmZfmQCogutU0n38iw1pKKPXLOZ92mbgUhZ7LVNBQVlcddK2E3yqTvMrZ6ITI53fqDMXzjqGc91TMNRqj98D/Ly8j0P9/uonMmFsryq/qMifKc5KDcMH2jWynLBkcpv0OVnR7xqv+IDZaMzILyQS7gBmRQcs0e/RUIdujiGRHEVrVYdISEJMhM+LZM+rwJA6vh1uEBPb8+KrIoK7qXVkiOo+duHcSZy8DJXbyDiwivKxchrmTcVyqNS36zc4FInfiptf/fxcvYY1+IsU20N2pXNVml/bgf/UiugAR3DOOoJz7V4YarYBToHPIjyyFD/HCSuKFArwjwMbgGcJOPkCfEovu47ALol+hsSbTNgITKrYrkmSEbKrKLMqKMJntupKWZcrqBcU28uI63miea6oXoR1ZazTtHGLFOa1x8lfVqDOiyA/EYum6FeL/J7adGl+czuth9dFiyhWfNwLDuI+70kYbHUZssoBkJ+U97N3Kb7mCa2b+3I+tgD8liK35wrwCS3LscRnxfUrJ13TSuhbdER3szGUltGziorwnbtvxroiulXuNuw60VLoVr3EXdl0qzQNL/4ekfixJRDh/R7361WvOhGxY3nvlfd5PIfm3Vto3r8R9btOLgY8Ks/ai/ucJ6HuxfXMf0D57lJhyAkvO/kmbpwUOAByi6CDXUIQq+8u9nW29l8St6nNUIQMhlUk1EGs5EdiZEdy6sGX1a1s+2YwLRsLSlTsLBnOYN2+WN3Ksk1TmJXpDLEyLikXud1vDawIg7FoQUtuFuZVZChqEvpC48FNLHx7B9rqwoSzco7qNbtxzz0Uhk9Gblh7UT4kH9QnnzaAFZiGN+xGGBKRa0RwzLb25hlNi82KmobSBTVTDowDl5DoQSgl5mGit15ChLeBQ1EQOhGglSHUJ09O8ZNSBKS0oPCuBYFLbSBGb7FXRTvJaAmwkiUEriKmnE9vpm9HjxMaO9cz/7WzYaESnGXXp3LGEWrX7cLdMBWzKgRUPJD/AfLpj/27+k8bwAL4C77svVluvA+4SuAMiUjmBQNIyeiuQ4zkZDGsDD0rmaUvsWMV9BzmdXNOBZseQCtT21oMu+qzfqV5zKskcKVVhuhnYKj2EXSWimmVEdqV2PkLHo3H1jJ327nobD1gVSML1K54gtqVe3CGFywyAKByDyo/KT/pHVnKr3/SOhH8BV+eebPc8DDwQmBld45rzPwzWnjlmIZxszAKKBJlQikRAXE2JtaogBIivPTIpgptywhV6EvoQg4A2Y7V9shqn4R3zTAJ4yBmTLq+mIXaI1CdLFDLrXclFt3R0BAFmk+uZvYrF6LTA0jFo7b9EAPX7KS6/RDiaFps3QzKTwO3fuyLS+t9OKmtU94sN+4TmEbkZhGtmbFZNpadbhqKnV1hi8mKzU3bfLXEZwk2J5zkg9ZiTMBSoFVCtyrlGTwZulVZkzCLdRUAr6KmYBboCSd3iZiCWcCEfRvQ3L+K6S9fjD89QGX1FINX7aJ+aciqUo8pCvJJkN+Rn2k1l/prnlTA+gu+rG+RGx4E1gpylYBTxDQkyzQ0wh0gPdQhFQsKWElRHV2KhzukCu99BC0r8ynKrGxnN+dkqHEX0BKMKk/fKgVceUxLzGLwJ37Ji+Pql6nqpQAT+cDVPLiSqVsvRnxh8OLHGbrqUSrrJkNWZTte57zfj8p75Web+0/2qTxhy7/Iz20Q9JMi/s3JyqRmxdGM/oVEK5BGuuqQrE4aPO9WJHXMmu+lu+2YlUrDK8hWEz6jb2BmVdGsTjmFK4gWWF90e+a2jDHkjCNtH/O1xu5UmvI8xpTN7VheW8hp6ZkiJ3jGxTvW+JJiBmaxSaFxaJzZu86mOn6cgbP34o7ORgsmRvaJAP8R4B3A38uHGyfkVnAqdNPkLXLDNMgDCDeKsDrtFpRXxSFh/iVCHeJ6VjGGFSUx2lmZ7jk06srbmNZS6Va9hC70JSi0rPDeR90q0wyMmYya97qkKSg9gsxiQyzix/AEWk55M1AFb24A7/AYA2c8xcD2Azi1pvE+GXqXSgOV/w7yp/KRhneisOKUAKy/4Cu8RW7YL/AUyM0CQ3mmYbZZKAmQEkOdT43PyhDhpc2gIuPEcpwCMVp9161KgJSUCVfoE0hpGY9hvwT3FJNRsetfsYDhQuZaP4BnseN9gabT/Q5WfUqiNdyM9SJKdcU0Tr0RPSeask+w3gc+A3xEProwfSKx4pQArBC09C3y/IcRfOB6wjxHEbVSq4QXMQSGZKhDmp4lSe9hJD4iPm81VcfKC3dYNGgV9QKWEd1ND0RhUb1XRpXDkHrSrQowqQTI5QTGaAqAJSZ9QdBaasFFgaYbq9yRAVwWD1/kusxnVYHIrnIbKu+Wn1946kTjxCkDWACf5Cv+W7jhHhE2InKpiDoUFeAzwhziwZ22QNI0hpWmnduL/cniQCtLiC8KWn1jV30CKe3BY5gHXCrFt5HGvCyvUwHMmLTx9WlAlma+9Rus2qagnw5KeaAV3T9nX+R+kHciPPCxr7R4RgNWCFqNt8gNtwMXCJxjDyo1cSSeHC2pelYybUdSAaes59A8hqSAlqT1lyqjW5WOaD8JQaE9mX9lTcIsfUzSzUDNAK9UAMsCMcs22/79BK4wz4+mm+4JjABmAW0rj2EG4/eg/BjwNfnF+ZOCD6ccYAF8Ur8y9VZ5/u0EpZW3FhHg0y7lZEUHyRbhDUpWtKxyko2lBZYWBK0ibGqpxPVFA9lidas0ZlWCdSWAJ09wF6u+Y12XBmLxK9IGFkgO8yn48B1ouGEYAwX2oYdtic++H+R9IP8svzx30mL9T0nAAnirPP8wyL0IzxeR1ckIeCJucTHYk3WaSIz9pIrwksKwpCRopcVo9RG0UvP/SEla7kVU76dulcKI8ryAtqRnTTHhijAppBiAJdaJXYSOMxHrLbVPD5Wg07LnlDABFwNaBCVjlA8Afye/OntSC+mcsoD1Sb2Vt8rznwJ2ATcCo3GmZWVZlgYVce0qWqFUokCXYSKWYlqZgaUlQKvnYNFe2NUiQSozcLRApHvp8IUUjaoUeGEPb7ACWBpYkZ7+EgebtDZned5BNXSrtiloA8pUMy/dUxjdP/H59wE/DvI38muz3snGhVMWsLqgdf0uEXkKuDEIdyAn8l0j4BPVsuwifLrnsDciUhS0UoV4O13rn7gui2VSBRhVXgWGnnSrDA+gZmlYPZiFNk1HM8T4NJPPBjplTEVz/5YDC5VFsikpoG11Xu9B5X0gn5HfmPFOBUw4pQErBC19q1z/IMJRkGuBwSw9y/5aMkT4dM9hPFk6bhZKDmZIv0Er0yzsAzhJjwCmfRbce8kdTHjtyoCX5DAPy7o4I7EBU4KxpI3JeoTv64Vg5ZcxAekR2FDgQeDdCP8svzntnyp4cMoDFsCf663+W53rvyvIPMLzRKjbtaxoz04KifDpbCsNM2w5zUUcdT2BViq76tH8W8qkZiszKmj+FRHcNed5mhmoGWZjpoaV4knMM6XSzLk0TUpzdCs/BKuEbkWJvMGCpiCiqHwd5J0gX5XfmtZTCQtOC8AKQOur3lud6+8EGiDXALXuFI9FwQuREIZU4ErxHGZrWZJJdMRI3ckGrYJxWkvOrtKOkwNSWgTA+iC4a17FUSkHXnGwiO+Tty4TvCS9WkKWtpVlEvoSeATNEAZNAZ7FC+8tVD4HvAvlXvntqVMOB04bwApBq/U25/o7Jaii/RyBWlzHIleEl1TPoVXLIloWORW0IlHvmulVLARa2gNI9dxMYqlLx+Qxq0Wm4PQSymAFtCy9ihxNi5zg0iIAZWFNjUo6WFkDRvP0sVTQmgH+FPgQyBPyu1OnJAYIp+Hy7+5PDYrohwT9CUf84W7lBq9TgaH9vFu1wajugG+Ma1d70G51B7OCQ3scsSoOnSoQGlvXfu2HeNPd3mnnKkbbizDtx1rlAdIrMWSt77XigpMzloLHKVKhgbyxsTHYPktsH8iv2mB9bdvHsOusVRyM6hFZs8n8/GVmZNsj2HBT0oHEss72WnLKPQvAPuAXEf0z+b3jM6fy3HdPR8AKmNZ13wJpifAckdA8tDaniKbqmKQlWaVUIgzI1Jsi+YZpzjuymZYtcdo0OdOrPCxStzoh0e05upUWZFxFKjEUYV2LjcPKFOLj20g3+9LCBbJCH3zpgpXfqycwx0QNHj5wB/Bu4G/l948vnOpz/7QELID/69/Weptz3XeAOZDniFCPa1hkCfBG6EJSBCcldYfYQcVaK89aJVCytbFs0CqpTxUuGbNYkOpBt9IC3sOE1kSB5yU0rEJBotiFcSsIYDe9oEDYgmVdyw1MQd8p6AmkF4/hHCqfROW9IHfI/5j0T4d5L5zmyxcrP1kHfaeIfsQRf1XXNLQU9CNW9M8wAR2MAn+mCShmcT/TBPQ75p5jK/gXKe6XLABomofx521HQtI87ME0LGrulS7YZzMTS5h/kfVpJmHKtn6bgWkmYLyAYNqsiZh8ml38L2/GeWEkux8vjWNZsszA9O0KPA78OvBJ+cNjU6fTfHdPd8D6v/5t3g84194pwgTwPIHhPAE+WYpG7DFamaEOUTPNyrSKOPASOYtiKbdcIqlx0eL6IkzCTOG9n4J7QTOwH7mDagkOzQoejYvyKikpPhYW1LKFL5RhUrkxWA1U/hXk3SCflf95bOF0m++nPcNqL/9R/VAF+F5Bf9MRf5tNbI+v6wrryRLKXVFejZLKPTAtk1GlMi0iz9uMzGRanefEGEZR5lSEhfW95HEes4oxn0Liu2WfuLidx6LS2BYlRPf4sWyivPXGlSK++06YIyj5TCpNTE9lVaLAk8DvgP4fhCPyv46elvP8aQNYIWg5gr5ARH9b0Isd8cUKVBaPYaQGvGEiSgLcNBO0uh7GlPrvqXXhewGtXryDiwSpwgC2SOCyglgcbMrWcLeAVal1MVRII6FkeBJt49qxVl5OR+s08Ip7DaNj5oF/AX4VuEP++EjrdJ7jTyvACkFLBL1URH9XxL/ewXfiTSniwNXWrBJsK6Zr9QpaFGpmQQLA2uuzwx560a8WoVuxiHGlQxlKaFi9alY2bSpNr7IxMSvzStO7LOsjYJUBQrmARVzz8oGHgd9E+Fv5k8OTT4f5/bQDLIAvVT8IcIaI/+uO6KtE/KoT6awTE9xT47PaoJUSn2UDrVicVl7nHWt8lglgqWJ8fAKkmX1LybbyhPc0kCpiEhY0/YowqVSTT0vEXRUR3rNMRAu6tMMXPClgApYwA+EQ8OfAHyI8Kn962H+6zO2nJWC1l/+s/fhaQf8/Ef2vjvjDHXDKAK6TC1qkehBNZlXKRFyUl9AGMinAVNb8K9WyK4d1lTUDpaRelQVieSBlA7Z209NOPfaSJmAaA1Nmgf9A+O/A1+QThxaebnP6aQ1YAWj9tyGBt4v4H3ZE10eAiri2pZbI936AVn6vQ6C8GN9xCpY0Efu1DZZWcC9q+mUBUUKLKmoWFgErTY9ut64L38dzgk43iVpYUhy0ouuawHeAjwP/T/7s0PGn63x+2gMWwJdr/81F9CWC/poj/oWO+NKJz8K3ewoTsVl20Ip7D4NxMXaVACkbeJHwJMaBKlvXspiIbWBwejQJYfEew7K6VRHTL4s5ZZp8ahfIs0T3osJ7UTPQc8LGEQVNwGyW1UJ4GPifwF8DE/J/D+rTeS4/IwArAK0PiAgXC/qLIv5LnVDXMoGrP6Bl5h5mgVbsv0WcTxXjU3StUibiYnSrPPOwF8E9AWKUCBTtp4aVBVYF8gbTxPV2nFXLyb9Yc01E8YHHgE8i+n+APfLnB/1nwjx+xgAWwFfqH0DQNaA/IaLvdMQfSwettCh4jYU82OK0zHUFTcIiYnyerpVmIhIX5DNAipKg1jfBPcdczNSpSka5p+pYadpWER0rBWnEACtPktHo5UBLgd3AXwL/F3hE/mLCfybN4WcUYLWXW+vvHxDRVwv6URH/3MBEDEMeegEtM6whhV0l1i0isDRpLiZNxP6xrTxdqkwKTi+6VZbnsIjZt5hYrAytKk94b4/xBVoSS7UpOCW747wQqD6F8Jegj8inJlrPxLn7jAQsgFsH3ucIemlgIuqLHPFr+aCl1jitBGhZBPk4GLXZWG6MVooY3z8TMc/E66F0TNno9azxqXoWi4tyLyS658Rc5W33QrDSAtPMAmK+OrrgubtrrvcJ1/H/EnhM/vKAxzN4EZ7hy1cH3rtaRH9E0Pc54q+1g1a699AMg+gEi6al8CQ8h3lhDxhmoUbMwnwTMUuQXwLhHfoQKNqrhkV/k51zRXfNn0F+CbCKAZevLpMz40wcX3/7ftUfPaZ859Vf+5LP8rIMWAC3DbynKsJNoB9xxL9axHdTQSueZxhblwStuJmYBV42hlXSRCzDtuhzKENR4LKyKbLTc6C4N7CwPtVD3FVuYCglTcDuQZqtKkemV7P30DYOH18/3fLqb19Q5zPf+/jvLk/SZcCKgdbgexB0q6D/TUTfJuKvKgJayRSeoiK8hV1FKpameA4zTcR+sS0WWTpmMSZhAda1aA0rDZQWIbq3dy/JqlSFucYABybXs/fwFo7PjuP7NRXkkyDvesXjvz+zPDuXASt1+drgu+si+mJBf07Ev8oRdeKhDPFKD1l6lmPLM+zoWOkexHQRHquJmIyOj4JYJtsqaiZSErhsGhf0HjRaOg7LZtqVicUqIbr7hGVhil1nnu9y7P9v79xi5CzLOP77f3PY7uzObt3dHhdEDjZoFANEjAajsSEhIUQFFBFFRUACF15w4SHRxHgjMTFegBq80AtjvDDR2AAaosYgWk5SwVJaaGlLtwe2tN3u7Glm53u8mG+7M/MdZ3a2Uvs+SZPZ2d3pzff+9v//v8/7vLNlJk5u5Nip9cxWy2AewkPSTqHP3Hjg4V1uRTpgpdY/S/dL2IXA/ZJ/pycbW4JWdJ7VPuGhFWCRvVodNZW251bRAOtUbXVuE+nyCE7G3CpRPXUKrxWG7lmDdwvyKj89RDfEbLWPY6dHOHxqPW9VRlisF5cghYeH8I5Jukdo240HHja3Gh2wMtf20n1FYR+T7FvCrlVbs2nrPK02K9gSyDcDqj3PWmFzaZNFjDs0Hau2gicgVW0l5VarOfOqUxvYs76rpAyr6fd8ZToLWPXznJgZ5PDUKIenxpir9mOWQ3h48oKLfj3ynlU88Y16vfDIJw/+dNGtQAesbqCFZOuE3S3s65K/vpfWMBZeWSziGRBZxj6tcI7VsU2E7o/gZAnVV5xh0V3jaJKiav89a4JVrOXzODXfz5HTw0xMjTA1N8iiXwggpYaqOqOsRKlvYW64NPNg3qs/eM2ObfNu5TlgraieHrg3L/hokG1d68kKzdBqVllRgXzsDmJsrtX4rOg+rfapDhFqKynb6sQm9hpcIWVFB4edu7GBnRx2zjC0zyLsX1CLvsdMtcDE6WGOTA8xWRmiVi8AXsPuLampJmVVyBmb1h6fGxmc+hHoB1ue+nvFrTYHrJ7UMwP3ArZBsjuF3SfZuCdfzY2iS7uIqdYw1FzamTWMUl1ReVZiV3yiTWwLYjq5TKLXrQxdHceJC9gzAqwdYksWMKSkxHS1yNFKiUNTQxyfHWSuVmyC1LKaWlZWIp+D0YFpLls/UVtXPvFwrV74ztDjexysHLB6X88OfC2H7CphD0h2gyd/MPbi1UibmNanlX7+kJRAPl5thfu2OraJq5JbnY2ZVzGtDFl6rqxVSZ2cLzA508/+qTIn59YwW+sLIBVAKVBQXpOqkjz6cj5jAxUuGTvKhqGTtb589ReIb+r3EyfdynLAWtV6bvCeAWHXI3vAw66W/GJUIB9WVHG5Vly/VsIRnkxqK/yaXtjEFY2OWcWZV92G7qH/M7gXy2BuMcfUQp4DUyXenFnD5Gw/tXoesyV7t6ymWpWVKOaNcrHG+PApNg+dYnRgmrxXn0M8AnxPfzjkYOWAdbagdTcSG4XdDnaXJ3+LZF6o7SFBZUXnWhksYg/UVrpNXG1wxSit1cywkkL3AFSLwEzN40ilyNGZPg6d7qdSLVCtt+3uBcppWVmJgif68j6j/fOM9M8zPjTF8Jp51uRrS380TiB+iHhI295wNtAB6+zX8+W7JOySxnRT+4LkXyRMcTYxLtcK92vF7yLSBqno4zy0hPPLli8KVPFz47sCV1Y11c1h56jPWkHflS9jelGcqonDlQJvTPcxNV+gUs1jSxlU0H6wBKa8RNGDUsGnlPcpFepsGJhntH+eUrFGuVgl54US+n2IbwO/02MHq27lOGD9T+tf5a/mJHuPsDsku03YuOTLC7Uz+C1z373YGfDZVFac2oqCVTiUz37hhdpslJLu3+sot0rKsDLCq4vQfb4OB2c8Jhc8JmbyVKo56n4OSeQCtVTwoC8H/XljsOBTLtTJebAm71MuLjJYWKSYW7qRKXYSaQ3xF+C7yJ7T4wfdYWYHrLdPvTB0Z0HY5ZJ9RdhNkl0ofK+55SFyDE2iRYzv1QqprRDASLCJ8QeoE4P5JHClqquzkGGl5lqNDoVFH+rWeN08X88L/uVkwWtru6Xbsq6oScTPkf0YmNSfDrgF4oD19qx/D385B1wu7HbJbhF2qRSAK7PKCjea0lHbAyGoQYbu+EzgSrGKqXYxg9Lq1gZ23XeV0jyaHVY14Clk30c8qSf219yKcMA6J+rF4S/lgHdJ9ukAXpcLf83yjmBEg2nM8L+0tgfaMq04WGXeQcxw8UUYXEAndrEnNjDuRuaMl0wkzbrq7PIJv5FV2U+AXyEm9efX3SJwwDr36qW1dwjYKOw6yW4NziiWJVPzJFLF2cKIni1Ssi2auuNbQ/lom5hlBzEruFLtYiYb2IMMK/E9Ui5JTZmBtfy1gU0ifgs8hNijv+6ru6feAeucr/+s/SJggxJXC7tNsq3CLpb8XItF7OJS1si+rZVkWl2Aq6OcC1Y2sC+TLYxQR70a2Nf47OPAY4ifIZ7T3/Y6++eA9f9ZO99xe0HYOyWuE3arZB8Q/lrJFAcqTwYpN/FkVVmha8Sygiu0q7i8wJUArsxZV5qSWq257dnnYBmyYwGofol4Vk++5g4uO2CdH7Vr5POADQu7QuImsE9ItsULsq6st0jH2sUOwviWYL4bcCXZxTTV1SsbuFozsGAR2T5gG+LXwE7949UF9wQ7YJ239cro5yRsk7ArETcL+5Bkl4nG8Z9OWh7OWMDY+Vq9BlfndjEzvGJtY5zls+4tYPhnpsBeQPwG8QSwX9v3uH4qByxXzbVn7LN5YRuAjwTjm7c2GlKtmJZtxWdZxO4iJo+naQZXXDsEHU2C6BxeHaitzDlWLKxmEa+DPYp4HPE8UNEzu900UAcsV2n12tgtBcS4sI8L20qjq/4SycrC8pnD+Kh8q8Uytp5J5Mz3k8C1/HWWs4lhcEXbsY7hlXTxRCSsrHWnT8wD+8GeRDyKeBY4pudfcWrKActVt7V33c15YSOSvRPsCsmuF7ZFcKlkg2dCeWjKvUjJt8h0B2J0ON+slpJ3Els6AXoBr6yZVXReZYi3gFcRT4P9EfEyMKEduxykHLBc9bpeX/8pgKJkw8LeL3gvsg8Lu0qy0QBsOYi53KJLcIVglTHXCr/XDbxafy7+6Q4prjriRNAztR3YjmwHYjdQ0YsvO0g5YLk623Vw440FwRjYesk+CHal4OLgcPYYsj5hhchgPgFc2XKtDHYxxTJGQSl6Emqi+loEFmiMdNkFthfxQkNJ8Say49q501344IDl6u1WhzbdgLB+YJNkm4SNg10j8T5hw8g2CxsT9BN03ice4QntMBLKvKJBlW03sV1ZRSmqpvcMMQecAA4LToO9AjwNHACOAhPArHa/5B4GByxX52Id2Xy9JOsDKwrWIbtI2EWCQbBLJXs3MC5suGEpKQkbQFYQ5LLCKjbrSofX0n3KC2AzwAKiLjgJNgHsBfYJZsAOAgcQbwaqasHb/aLbzXPAcnU+1OQFW4XoEzYMDEiWEzZC4yzkZsQFwi4AKwd2UoJS48iRlYB+YfkAVGoClUlmwBxYTTALNiMx2wSuBeAYsgnBUbCjwHHBNFgdMd14TTW3Z4eD0nlS/wV73LhYd76ulwAAAABJRU5ErkJggg==','66','https://www.mozilla.org/en-US/firefox/new/','[''Mac'',''Windows'',''Linux'']','SUPPORTED',NULL,NULL,CURRENT_TIMESTAMP,CURRENT_TIMESTAMP,CURRENT_TIMESTAMP,0),('15610336249','Apple Safari','iVBORw0KGgoAAAANSUhEUgAAAJYAAABwCAYAAAD8HIl9AAAAAXNSR0IArs4c6QAAAARnQU1BAACxjwv8YQUAAAAJcEhZcwAADsQAAA7EAZUrDhsAADyCSURBVHhe7X0HeF3Vme26vahcdVm23C3L2LgBpmPAFJOE3gMYSAgQQgoZQgmEBEgChBaSCSEkgQlJCJgkQzMMxfRqwA33Llm2itV1e39r7XOv7WEmM2/eG3+6Nvr1HZ22T7l7r7P+9f9nn3NsWRqGbMj+l82eGw/ZkP2v2hCwhmyP2BCwhmyP2BCwhmyP2BCwhmyP2BCwhmyP2BCwhmyP2BCwhmyP2BCwhmyP2BCwhmyP2BCwhmyP2NC9wv9LUzXlq8pms5lhyP6xDQHrM5ZIJBCJRJBKpWC325FOp+FyuQyoksmkAZTD4di5TvOZTAZOpxNerxcej2cIdLTPPbAEoHA4jGAwaACkwe/3G/DkLc9Q+arKT+9edQKZAClgap8+nw+BQMAA7vNonztgqdHj8fhOQAlIRUVFBkx5EwP9T6tFYBOL5U0A6+vrM4ATi+WHzwvQPjfAEpB6e3tN46txNQhQ+vkCEicIDkYzdv7TBPLubHe3lq+q/2yZxtxXWkzGyRzQBLhoNLoTzAJaZWXlPg+wfR5Y+nnt7e2mkcvKykyD5l2ZwdBOksmDKYs3N8axeGsKK9vS+KA5gXDURgZKI0n8qYST29idNpT47ZhU7cCs0U4cVO/E0RPc8HvkQi2QGeM2mRzQ8kzY1dVlzqOiouLfudx9yfZZYMkVhUIho3tqa2uNyxNjZNnKLpEFgZZJZ7B4ewbNnSn8ZWkc/7YugVg3q8PGgaAB2/z8A3x4dlXM7PPQ0dRfbjteJ/DcXDd7rAdvb0ygP5wmJRJycaKoyIa5k904dT83prP8zBFObsONWc3JFMcEmIugEoP19PQYwS/mdLtVaN+xfRJYajBFcHntlGcKAyibAxGyz31vRPHm+gQ+bKHo7k7DWe5AKprF81eX49GPonh+VRx1JU5s/WElxt/Rhc0dacz/SgApYueSJwdQH7Bjy81VOPSBHoIzhUtmeXDdsUWY9MNOOIoYMXJfcGRx1Dg39hvmxE0nejG6wsUTSCOV1HlY0aXAH4vFzPnV1NTo9PcJ26cSpGKk1tZW02DSMWKDNJc5nQSVi+6MjHHCgz0IfLcbP3whgtc3JHHxLD+yjwxHKigg2DCy3I5LDvIhlbahhYCTDSslPbGmwgREUsVYzueyqi4issraMKnGBRIgwOOkMzas/lEVLjncj3eaUvjt+1FMuKUbB93Tg+V0sU6W0TmliTBFj+Xl5eYC2Lp1q/kN+4LtM8BSukBaSoBSI6VSaeIkA5fbhrcIoDMe7ofnik4sXJ/GnWeX4OyDvHB67Xi3WfQBVNcRPNRHTyxN4KCRZBYJsLhF5vXlxncabSazcV2Rz6q6KIFVRobSNo8tjnMfdhwzkSxV48Tji2Owc1fzDvVjw09qsHhDAjN+1IvJd/TilVXJHMAyOyPHuro67Nixw0STe7vtE8BSY8idDBs2zMxn2FBerw3BBPDdv4Yw9zcD2NKbRTn1jodg8rJB/3ox3Vpfxgj09mAGN8wpMnr79c1JVFInjawimKizYqksfASnmEi4ErgcFO7aR+tAGjECq5QgO6jegfebU/S0Nhw2xtJLqTCjRLLZrXOL8Nr6JGwlBG+ZAw3VLsx9OIjjfsHz6soQVA5qkrRxh9XV1Wbc1tZm9rG32l4PrG3bthmXp2RkkurYRV3j8Trw9JI4Ajd044F3qZXIOMturMQB9XRXbLRHPpIYt2HCBI9hpj8uieGcaV4Dno83JeElcPanLqqodGLcPX14YwuBKoYiqAQsN8s1DwCzHgpSs9sMEIvJVL2xLCqKHZg70YWfvRWhkHfiS1M8GFfpwNfmh+Ch4j+SkeOzl5dhP4L8jaYkxt3Si1sWhOEkeN1kLzFtcXGx0Ydy63ura9xrgaUKb2lp2aWlKHB8PhsG6I0ufCyIM38VwpemelHOht4+kMHNL4Wx8OvlSLG9l21L400y0yPnlJgauP/dGK5/KWJpKeUSaNOGOwzb+AgYN92Zw2FnIJlVMGmmtcxjWEy6zIFmsl+I7OUiY93D/T38cRLFdJHnz/TifQJIeQpJsBe/VoZHF8WwhoI/y4XfP6UYD7wVx9gf9WFjN8xvkGvMXyxiLgUie5vtlcBSxSsXJFCZe3a8ytUgG9pTmH53P/7ySRwNDS4suLwcX5rsAR0UWYqIY1NeQ7dkozu89sUwZo91Yb86FzWTHW9SZBdzH066vw9aUmikK5TLsxMo1gCUEGRyi3J3WubkECahnEe2W9aeRpTt7+O+l7RlkMhkUVtix0UzPLj51Sg83O83jvBxHzZc9mSQALbhCor7O75YghFktCYy4NSf9ePZZQnjxq2gw2l+Y2dnp0mf7E22VwJLLkJXs0l0Zggqvw3vbkxi4s0DdE12+MlSzdRUNz4fxJ8uLEU2ncWOSBbffT6CeQe4CQhgSZMV8V00083IzkadRMAQYFUEw19WJOEngLwEkhhKQKqlPrr5zTjuomstJXgM2MhuTkaHwUQGywmsLAuL8Eq4PsbI8KypHqynhtrQk0ER96ec1g9eiQKcnky3/DAZ87zHB7CpR+LdhhFkvtN/E8Ktz4f5m3gBJRPIEKClpaXo7u7eq8C1V+Wx5P4EKglcYzx1H5ng52/E8U9PRjB+lAsbb67CD+n2fvxyiKzgwKtXBFBJ4B1KAe+hHo+QYaR5+qJZnDbZjV980YeDHg4hQZwZhiKr9bHto/RbdQSZBL1NCVOyHqFDIMtb0q+p2jjWqo5QRpkKHkf3GbmM5dZ2sPSPy3DDy1E8zGixiizU1p/hJlbG/7XLSng+dky7vQsuuuDTeS5PXVyKGffswPJlYVw114H7zvAikWI06nCbi0j5uZEjRxqWLnRz3ErLTRe0Cf9yCSUlJSZPpaSnv8iB216M4vtPRmErFUsAK8gcD55Zglc3p7CN2upvq5P451OLjAZa3ZlBfZkoyG70UQvXk2ywcgcBw8UONp5Yy09NHyDrcNZiLP5TisGhgQjStBm4XtpJ7q2IQ1bbaxHHAqmOr/PQdtpPgAHAQCKLrx3kJXN6cNhDfYjztxw2yoEXLgvgjN934v2NdJOuCD5eHcGmzgjOm+EkozrNnQPlvFQHYrBCt8KHfs5UofluLRm6vyJGYr+lSL71qRgeYqNccbgPEWqc+UtjuOP1MN67KoADRjpB+YVL/x7C788swoiAHSkiSG5MDZ9lg/96cQpJosFpxLmdyy0gEQ0WIMgqAtMurSWQ5ADGwZShazXld5ahS6Vw/9d11F1kMDfdpfYtEIulfv4lP75Dt7wjbMP4Chve/HopfvpKN575qAPJWC+uOjiCVactw5Nv9OH03/WisiJjNJf2oWixo6PDqpQCtr2CsZT8VJ5KukrusJiu7W8ExMWPxVBU7TD37x49vxTL2tJo6s/ilZVJVBBEy9std7WCTHU4WeFrB3lw74dcR/dpI2ux/clc1lhg0SAWEhuZeQLGzIuJNAhMGptyXG+meYLaF6dFVxqZf3R5HoJXwNMKYbU1lMX7lxfj/ZY0bnw1huEMSt22FJo7grj/1VYkM/34Xvkq3PX6j3F4/wlIEISrN3uQdfpx0gwvo0NeAE6XiRI1KHIsVCt4jaWbtWKrqqoqJFiZxRS+rdQqjXdGGGk50Ev/52QDHMkI742vl2He/CD+uioBN5eVU5BrHKMAHk7xPaOOLmdTCgGKcnG1AQmPYQDDarAJYZq3sGAmbGQZ2C2NZZblzVSbtSBfhWactXpOmEltS70lAa5lMQJjv0o7NlOsx0hfzkwCsfAAOrp7yFRRPBZ+Fhctn48Ta87Ga8OO4O4rMGbUcDR1FeGpy0twziwXBghOJ92nksKjR482v6EQzarJAjU1hvpQSVclyVQkJtipZUbeHMIx+3nR89NqXHCAjw0HvNWUwimPDeBP55XgkpleKK3oImMINH4CqTsOvLwlTZ3jMF1eLJdFypabyrkv4+K0TmPOs/1MWQeDAC03Gis32LWMNGT2wbFVPjdvplWG24vNzDKLWdcxQkzTlbuzEWSivejqa0VZ/0qs7X0IFy96DN9IN+K18okMCd24+KhabLlzLA6Y5MW5/xLH0tYMSnhhKd2iG9ZKDheqFTSw+vv7DbjUKDZe/l5GXac8HAHIVOrictGfB/D4haX44wWlGMYI7tWNSZzxeAgPn1GEsxhlBSme8iJbEWGxEeS5Dn1scOP6BBLOC4ACmDW21knT7FxmpncftJz7yYHLHMdso7HmtY7z0mw6fxEL6c9jp1ZKBhEJdWFz13Z8o2UBtvc+gcY1H+LPvV48PH4OQ0sv7j1/DB67YiSu/nsES1pIf4wqD747ApuHUSVZUOCSmNeFV4hW0MBSpen2RpqUVOyjMP8khQVL06hjZKd+VY8vjeOY3/Th/OluXHWYFz6y2etbkpj7hxD+dHYRjh7rNPf6BAS5OQMoAYGDzUGAmWkuywHFAhMHAcYAzBpzdW5618DFOXbjPN2ttR9to33tGnYew56BPZOELR5Ee7Abwfb1eKT5MdyXXoyBpm2IbmjC5dPPZkEy7uyRuPaMETj0wRh++xH9J93reYwiR1c6cdnjcRSVKH+XNX241DtVurPQrGA1lm5l6IoUCJxkmT7WXeOdMYypcmLF9ZX48cIwoz+yl9azoYu8cjUEARs3nCTLsbGVUpDGEnvIfYlRpHnkqiwms8BlsQl3xQmrTIbLuNzoKlaPKfAZU61psbSU9c/SVfxnxmx4syydQSadQjoWQZh6akd/Fw5regsLOl+C0+/D9jUb4d6yAV9uOB5vNJyA2uqJSAfGIuKipswoqrXhlcvLcNwEF059pA/PL4vj+SvcOLnRgYGYpUGls6RBC8lY5YVnqixRvW5p6B6gn1fotU8nEIoCKzuSuOjxAVx/rB/LvluBRkaFCYb0RQSRmESVXJoDmTvPKAZUXKd7fQRe3lXlXZdVRsxirbNzR6ac9ifm2Vlut8HsJ19eZXdNGw2mZXR92SwZJxFCZ7AT8ba1uHbdE3ip429weovQurEZkc2b8Zfhk/Fa3QwMqxoDd2U9vKVliMGNUyb7kP5ZNbx0pzPu78FL6xPwMBD8yUspRNTjkPJAF58kg+qrkKwgGUv3AWUClp+VGiZwKq6JwlNlQzxBwFBvVBc7cM/JRfjyDA9+uDCKH78RxdhqJ9x54HBsXJ5p5Fzj5xjJTKtMbh2nOJ1zjZzj1E6S+u8qZ3cuE3NlTeadLMWGTyeiSEdCWBuOYNrGt/H41mcxNt1HjViB1vUb0NncTHfmxOFTzoG9fgYCI2ci7BmGHXE/Fl1diYPrnbj9tQjufpPMTByFowSSC4gOZPGXrzjx5em6g8DjsgnlEocPH547k8E3U62FZLofJsZyOJxspAzcxcDxv42jYRT10t21WHBFwDBCfwK44MkgTvlTELcf70Xi9gpdJuaGs8UmeaaxeiQYRjIMJNbKAc0sJ8OI2Siw5QqVPZepsdJ0Z9YTPBrUt8oaNJ3VMq5TGZXlnGl8u/ITGfrtlJ5V7MaWzhZcs/QPeH/tgxhLHkJRJbauWoW2pmZMTkdwcsNcJOqnomxYA5IldZgxOoDUT2tMqmT8ff24+x1uwxPVze+HzylG5Gc1uPwYPy54iBXg0YlmTHCj8yykXhAFByxdefncjAT7a6syWNcBtCYy+MLv+oxuitxRhW8e4cXIcife2pJC/T0DeG5dEvOme032XdsbvaSxAZCYS4yk5dJUOSbLiWvDZDyeYScDEsM9rB0NxAmHtJm2howZrOWaN2XFUmzkdIJuPNyPjaEQard8gJc+uR8/aX+dLFULuLxoXbcO7Vu3Y7Qjg5/UTcXmMYdgWPVYOCpGwOUrQcbhxi8WxTHx/iDi9G46/9t44XT+qBKHjnHjJNbBH5eQpvx2PPRWCmWMhtUPTclSucRCsYJzher3rbyVGjjAq/Zbz6Xw69fIAHR96reu3NQ5dH9jK5x4dEmM86xYRk0J/gr16lSuyDCR0UZqGM7vZKj8MpGABTwNqgANSpIa7tEyIs1UzK5/uf9cnRurnFnIkY1aMJuKIxYOYk04isvXPIu7Nj2HIu3L6YXN4yGo1qNtawtqeM5rPEU4ffo5qJl4JDw14+EsHkYGKkIsaUcwlkW5h+fCU2kfSOG2OX6saE/ib58mEFSnL/1YAnq/WjtWf8+F/iiZOm29AkAiXhJisK2ggCU3qGhQN1mVtxog+4y+PYl7zilFfZkN178QwQA9QJDLA7xiy3wOugGBSG1MBmKDEU85wW2ByqwzgJJLdFigMyDbCQ+TzjAY4TJVh6CmTn5ZuTVtwHlTTSqUNzOrjVgmlUCG7rsrFoV7+yo8tPxPmDOwiUAp5T55TIJq64oV6GxtN8yijPvZ089EW8Ns1IycDkegDnAXcacOHkfPH1p5qiwxpMNu69WDrlnqTRu+1ODEg2cW87fzgpnXivnf8uCs/YH+mB2RSNj035KgH2xTrRWMSbQrbyW9UMro59V1rFWy/qLmBEaUOrH15kq8+NUSXEDGUvfh1mCa/JJjnhwDqfHNvJnmTs20BQIzFvByoCIkLCBxmdzaLqfGsVwcNxCDZajdLAbL/Zl5gS+JdCqGWHQAzf3dOHDNq1j+3p2YE2pG1lvGMmx8ssf2tXR/La1w+f0YG+3H7WMPw9rxh6GmZgycZTWMEP28KJw8D50cT4D7dnBbdSLc0pfBMeNcuOukIvTdWo67Ti7G7z+KofFn3UClEy+t5fnph/C8xFQDAwOaGXQrKMZqZpQktlK/7+pqG8bcmsLWAWkhXvwUr5NqXTh3ugc3HO0zfaBeXJ/E9xfGUUr2Mr0TJMwJGiPEc9OGrXKuMO8WuZTNwKZQrikPoFw1GBBpLZdJM2lslgiAanUBkNuJUbOJGCIcNnV341eLH8GV7Z8YHZWxuyx8GPcnTbWN4PGiilHiCl8xTpp7IxqHNxgX6KBg16M8YkgxlQbOIBTPYEaNHdcf7sHhDFw2dadxw8sRfLglYR7iKOGFFabLrPJn8cm3HCjmvICsJ3zGjh1rfstgGqupMExPLCuTLLbSAxHpcAbNTcDFs7yYWuOAn/ppZXsKty6MwHZTD36wMIovTnThmQuKyFwCEblLwDFuz/BYblqMpDHnFS3yzwIVQcNyGQGI0wJURvMEUIaoSNvIhlyW5p+Z537SXJ+mf0pnCCgyT+tAN9KblyD5/BUE1WK6M7KtQMV92gikZrq/tuYWYs0LXzqFLqcbFxwyD40jJsBXOxbu0io4+Jt131GRrHUfUlgWqG0YXeYwj5dV3NGHxgcG8PqmBHqop2qLnUYKfPMoLzq6gJWtWXgYDBhQ0lIFkIkvGMZS11uJT7FNDeXGgx9mccMLNrxwdQBHj3OjLZjBC2sSuPdduh5W9kDK6m8+usy64aseDjvv3RnW4nQ+7cBph7RO7jISeOTK8qxk3JyYSmRhujPo6ieQVDNiNI5UTdlMCnbqqSAjv96eDly74lncsvEV0mkxXafTYjWByuXC9g0b0LqlGb7ci0cqEhFcNeNkfMihfuwMuAIU69JVNicBYbGVksEaS1vp8f++aIbCPIMaBjGa12shvnuYF2fu70ZNsR0LVsVw+fwQDhmRwTNftWFHr87TSj8Mdia+YIClbiBiDhsBUMs6OfZXGby71QYvXWA9r9ypI5z49hFe/NOLMeyIZKxbNebyViJVgNJVb4HJDFxPfO1kKt3GkVkgIZi43ECGP99iKgtMRncRXOI8gUwMJ9Ziy5qE57YkRfWOFqx6/U6MifXQ9flZjvvOg4ruT5qqo2Ub3GQq7a86FsbztePw7eO+iYYRjfDXT4LdV8pzdxGsdhM86LdbgOLAf+atNQScWUdQxZNZeHl+f72wCHcsjGFVRwpNXRL1GUSVJP2lHe0duoCsOxf19fX6uYNmBQEsRUDqFan8knpbOskS0x4Aehn9KW0QTIh51NBATakDJYqIxEqsaMuNiJUsV2j0FSvXgIwT+V6danRzLLkLuloTfakXuwDG1s/YOS0GM6DKgYtFM0ghm4wjRDbt7e/CpatfxYPL5gO+ALIOAkM7Fah4LIGqaflydLfvgIeRmdb5yXA2usHxF/4Ck2tHwz9sPFxltTxvuX0dm2AmiIgfAyABTHdnLJARYFwvz5YgsMLUXd2sFDvrqMSZRYkHKHEBaxjk9N8jN003mLWbTpECVv43D4YVBLDynflcLje1VBardwCH/jqL318YwLgqB97ZnERTXxbre9IcZ7A9qHQDXWaJndtYADLJToFJLJXTLAZgAqDWcbmAIqgITGpAKUzCifNax0bVWH8qq3J0fWm6sO0MJso7NuOhD/4Fp+xYC3hLWZYHo7EC+Y/A5YlsW78ebU1bLffHdU7us4gsd9oR89Bz4KmoImsJVA4KeLtcp0AlRqJbz0i7iaUIIj1Ua9yiYS2gcyCDESXA2AAwrdqB4aV2HDjCgVkjXeingK+9uQt/PDeN0/ezoZfspbSN+mvpsf3BsoIAlq4wMZYqQmmG59YA854CDm/wYG4jh0kuViQRROumG2wdyOK9lhQeWJSkRKG+Mgy1G5jY5iaXxWUOEx1yIU0NKQFuiWOCRyxlmIsNLPFrlpEh2MgZtrCy6JuSCZy0+g08vPQpjIr1I+stMaARF6jqdrm/tXR/2437M8fiUBUL4dfjD8YDs7+C8WOmw1U5nEK+1LCVdQ4WkAy4CCQxlVyhHmkzt4qI8Ja+NP5+tgfHjVVQwCAnkcHLG1J4YXUcK9pS6GV9bOhI47ojs7j7pCzaBnReGZO2GcyHLgoCWHplo8S7GKuqKIt737HhplcIBja2koamxQkAN93gnPEuXHyAB3WlNnznpQToJeEScOganBxLo1nuTwDbja10IF3+ZKs0x3nWMrdnpK3EEnKR/EulYwhGw+jt6sCj7/0GX25dRp9WSfDlWEq7Eqh0PI8bW5YtR097Jzx+KzGpCi1OxLCirAZnnHozJo5oQFFdA5zUVQ66TxupVfuQGQ1FcGl/abo7C1Q5gJGxYok0KohVucaP9UQ1966o11xmXKaMuzr+HVafxVtX8aIz9++z5qELPSMwWFYQwFJST8/MeTxeVPizuH4B8OxGN86a6caG7gyCcYp7RkddpHm2pnmUXS6uji5B71Gw2IqrOJjeplynp5RNtl1gELCETTaIZqyUAhuUc0qEaipN9KWppzQdDvchGurGi6ODmPWdeQw9JxFUBJFOVqYqE6joclvWrUd7c4txf2YVBwcPNoLbj7rgLgTGHYByaitPoA4OMpVcoE1iSNuzrMVWAhLPQ6wlpuK8cYtcJ5cYS3A+lYWb5xqPZeClXKjx21FNHI+pcOCtjdSAAymsvyGDtj5tmzZv3NEbAwfLLB8xyJaiOjXuikwSZwW2Bm2YMsyB+04twXNfCeCNrwfw8ldLMZyaSn2T6slW9QEHwcMGIiBIZmxQuiT97Xad5HsqyBQDas6s5YRNGxFcxjgtsa5rLJNJMkJtxzdHAbOOPwq9D/wWaG+Djeeobc11yP3a3G5sW7cBndtad4JKpjKjw934+qzTkB41BQFl1ovIHE6LqfK26yy5L+1PP5/MyctBJ2fW6Fj6TepXpvug0oMBHurdKwN496oAnr40gJ+fWowZjJiDyQz6QiJkAnK3OhgsKwjGyr/4wq3nBun+Ln3aiQXUWeb9VAKHx45h1SR/VlqJl4ykSTZSnqWc+ieWMuxlsZRhLxYQXmW7UgxqVHKTwMSyKbPc0lXpdBzt3Tsw29GB5+YdxCgwjgyvetuiD1B+/XV0h376XQKEoNq8bBl6Orrgzbk/mfZdTl31xOjpuGXuVRgzdjo8FbVwukv5uzzmKhZQeDIcrHSIJsVOegDS9N0Te/GfnodUmJfihZblkCBzpcRerJMIo8NQkIWVyGM5Gy+4emL37a+mzFNMkTjrkueYf63TYFiu2gffdNUK49IXcdaXiyE19JopL8dkqfa+lLmNs7k3jc09GQzQJYh1che3wZ/aTA2WN83+R5PryxXlkC8tpopFQgi1bcWz506lO7QYyk4XnT3kMPTecx9sOzrMdi1r1qCbmuqzoHLSp3V5/bjv8LNRUTMSjpIK2N1+gtzB9TwuC6mcIUuzFU3T/BGKRO2GOXPLZSrM+QTrRVxXziCvssjOqNCBiXUONIxzo3GCy/QCiROEeimJtdHgW0Ewlt7EJ8bS/T7ZWU86sKHXiWXXlZtnCAUaU9+6xGl6wcajS5N4cnUaAQpbG8NCsy0B6CBV2ZzKPqung/SW2WQ3xmLEx3klRFNGrCv/k2aIHsK69evxzEk1OG3ycPREEgbshlJoaTJX8dtvof+M07A9kYJb7JUzlVAqdfqOHZh6zjXYMvNEjKgeCXdgBFxurzkn8hMLkVG5T52FQ7kN7V7bkp5EWurFbGksi71Io0hSZxXzPF/4cpG5IyFwWrVhnZf2J7Nd0YqVN2ZRy9OK0C2K/QeTsQoGWMq9CByqprPnO7G224GnqCF0K0d4Mo1stYV5TvDFjSm8tCljkoS7gGUzT8/YBLD/Clj8xeYeIV1gkvF+NhVDc0sTrh6fxh0nNKInbH3axNrOSlf4vF58sKUJnU88gSn33o0MgZVVYJCzYZF+/HzSEbjz7BvQUD4MjvI6uD3FxDpBRRAZl6zx/xBYCjQicZ4zI0YXzzct78cyJjvPaWnKLtZRGS+whRcnUFssV5gyqZvPPbCksZQkdTLKcrHxL37GibeaHIyAJDTUAAKVDS5qCetBUD3l7DAv2VBXYwMgLndIY7GsHjL9xxqLjcNpkwSlYE+l4ogwCvR0rsd7X5lh0gEJNnTeNWusRlq1ahVWrlgB37hxKFn0ERpuvAGJygoDrpJEDGtKq3DmWdehdvxMeJSv8gQIduoqIlsgkrszANNv4TloWpMGWIoGiaRsSqkQniFBYzQWgZUS0KSx1Iee5fSC3oGw9FZaBA2nOUdebKyHhRfHUUnvrLdC599pOliWq/bBtXwjqpbVAMQM4rwKq8qcOLTBhYsO9eK6E/10BTaMoL6oD+jVjNyGZfOaxFweGvKRHi236jMm8BnHZBrQTlBsXLEOC85pRLHX8x9ApU5zK1euxLp161AaCMDV1YWBg2dh0y23wN3dY6JFRyqJHxxxJpx1Y+EMVMPuoc9yOglqsZN1FvqvY2osXahTNaZp/giSEYHOY+5cQVNhzXPQq5NcrBelHPQc5aUHerFfjVjZZl7JpCSxj0izXCWPlb+iBskKAlhqPOVeRPsuewZONu4NXyhC5+1VePnyAO49xY8vNlKkEkzmSiZ2THOReSTgxT5aYMDJGcoS4kv5Kk7sbCirlTRLbmBZrotFsLlpC35xQiXGjKhmA1kuUPtRwygX9NFHH2H16tX/rlemu7sLfcfOwYa778aEYC9uJKiWzPoCqitGwFlUTsb0GvAKMKbfltmK+81PCfvmB1jnbM7MtIRVVj9D0Z6YTFspjEjQVwo0RYyILyKwfnicD69fWY7uH1fhumP8SDCYKfdamkw22N2TC8IVKkGqWzoKkSv9WfzodRfuf9+FmaOc2M5IcCBuQ4ynOTzgYIRk9axU9dWX6w3IcndkILoC3d7JJ0jlMh28uv9dglQtSuBYvQfi6GhrwTRXJ/4+bzrCescQzTQ0y8iViKnkApXBzldTfqxsf1FtJRb/7gncOG4uRteOhLNsGEV9gDrPKCt19yITWbpRHGnP7dtuPLy1fFeClGOjnwgubpdPkCbpAsVm6tmwtI0FJL4iXOBUfdhRTRZv6UmhmqBa++0omnusC0rn/LlPkOY/92HajENNMfUR9dK6ziQ6QyQWPa4Ss8LpOWMdeOJsP9Z9qxhVXr3vytpI17rYS40iQSsAiAu01hhbMdeUFMdJpKJhJLu34b4Tx5iVpjwHNbz6pa+gnlrPKFH323YHlVnvcqLcncWP//UD/KDucNRXk6noAh2+IjIVga3jGLYyhxWWyVIKQngG5rysM5Fp1zp7cw4qZ+as4+n36Pf/7DgvllxVgo4bAnj9slJ87ySf6UbUui2J5ZuS5oW+o8u4D26W33awXWFBMJYiQr0BWX2qSj1ZvLbFiYv/1Y2Dx7lx0YE+nDDRhbEVVgSmKFHDwi0p/MtSXsFiKdah9fYXsoGmRVJcaG5CG9ayKlk3oVOZBLLxIFasWoOnTg3g5IMb0d0XMQ1toj+6vEWLFmHz5s3W00I5UzUp8tQDDZs6+/GNhc3wN+yPyvpx8KjHgsfPY5GpyFbKR9l5LIFMrMU5Astyr1quLsQ6o503ocVWvCIU8cmTKSo0kV+aZ8XlLb0pTCx3YPYoO07fz0WdaTf3Sv0uO3qjGYy6rRffOSSKm45MYkfYbhhZEaFc+WBZQQArRQEsYMm81BBb++2Y/YgHN55QjANHu7B4WwrrupQczWBTXwY9MaC8yGHemrd7txkBygBLUSIBYIFM4xxXZekC4yE0NTfh6NIePPmNI9DdHTaMojJiTjGVNFW+Z0C+esRSLm7/28XNeKYtg5pJM+GrrIOjiILeU2ySoPoTW8n9ye0ZN6h9U+8ZF6hd5ZbpfOTqdvbFIpAU9f2HbjNyk4wK1ashxCi5n25QrDc6AEytdWJ8hfUO1ue+HMZhIzOm75r6canfu37TYFlBAEu2fft287Cqi8xTRp18wK/96CDFq3dmNMlTTLOS2BrV1Vpv6SYDJDaoARWpwQKXlWKw0g1sUC4zY/qlTDKB/q5WOLs34dUrpxsdpdskefe3fPlybNy4cadQV9UoPVDud6M/OIBLn1+PzLBxCNSPh7eqHnYvXZ/Lw/27WE6VyfPJSl3lpk16wZpWQk03p/NspVo33ZANuDQIELlpAs0EKQpoDOBUVp390mjp1kcSqAGpF7VcwUGkw4n4vX1oC4mtuIznPGaMXPzg2eBB+jOmRlZDSpsGXBnMGJ5CjGDSy2iPneDG69+k1rm/ClOrBTQWMmZHglezLmt18VVjqaHMtUKWMO9RYFEJ4UwqQV0VRF/LRjxw6hhUlhUZUOmqzkd/SikIVMKB3JSPLOVhUPCXT7bgjGeaUDptNoZNmoWiuvFwF5eT4fwM8wkqsRSP5cgQVNzOcoU8tgDOnalnrJZL8+Ur3OTVNORAYzoaqgwZzQCa8/GUDd1Rnj8LJPibK338TXdVYcElJZgzwYMxDF70Vz48DTclhMCo6Fp1OdhWMMCSG9KVxipHd8yG0xtTcBJYn15bjoVXBPBpWxpf+3vIvBPdyXJd4Sw2d6dRR6GvVzCq2aSh2B5mkIg1gxovk0QmFqUL3IKvTvXimKn16Asldrq/pUuXYsuWLaZznAElh6oiDwZCIdz80nr8pc2LsTOPQlHNWLhKq+E0esptNJSDINJg3B63M/cv9cdztNIKHJt9Wkwi06zmpdYFpvy0xuZ8uX2ULnFcuQ3/dIjbdBtq6U9TImRw1dMhbOhK4w/nFmPxdyvIXg6c1pBENGLVnfTqYPbDylvBuEKF3Zs2bTKNLfcztiwN27UVmDDR0g2qXNa1eRpHn3L75mE+3HKMB12MFuc8FqXmgnGjVldkNg39pHGJaq10BAPdbYg2r0DzA2egrzds2lLub9myZea4hqlYFXrtY6XPhZdXbsXvlnXDNmp/VNSPhSNQCbu/hNpNX6nX9Sie4nEEHs6KOWxyTaQo05GPbCh/bFwhGVMAs7Lu+q0EfM7l7erzLjeYm+d0iFpq+jA7njnPB3pAvLQhaS6sHTtSsHnIUl6gwpvFxu12vHbZACZWppHghahOk1OnTjXHGUwrGGDJ9N4G3dqRD5lQkcbsx0rwUStdjSNj3tnQWOvCBTM9+O6RPhMZPrs2iZtei5s7/uqzJF1lst0En3FPRi3rq6lt6G1ejaU3Hopiur0kG0+g+vDDD6GHZMVUsmIPtUosjp8tXItF4QDGT54G77AxsPsIKL2YKvfMYN54JCJBQOK0btEQYGJLMZgQZfJWnFa/sLxrMAASoHLA2pnHEtsSYNa9Qg7cNhjNYltHCpcd6sZVB3tw4Agnlrel8KOXw/hkawqdoQzG8wJ89twwo1G5Qn1JzGNeejvYVlDAUqJU0aEa3U+d9XazE+f/qRhfmOXEj+YW45BRLryxKYHffxw36YYBMpmSpvpyqpjOeicWpzk2ja0bzIkQ2jZ+iu/PLsW3505FP32Ml5UvppKmUkpBVVBT6sM7q7fiD4s70FfWgLrxjXDogVJqKZvLzZ0JtQKSda4aaVYuzDCXAZk1LYQJVKaQprUBTcfJPyCRB5iYy5rPRYW7LZM2pLNER78VFc4a7sCZk1249mgrjWC7pANXnZjE7UdH0Uf5IDeop3MGs6973goKWDJlu3XVqSdkmrrlsEeLMbvBh7NmuHHjixH0kdDCcfXptpuXrzlzaQXzaiICSl2SDanY6DISUfR0tmB8ciPevP1U9A8k4NpNU8n9uRk1Div14Ja/LsKiPg8qxkxB6SiCqqjMRH1g1CfQSvlwpxZYjClilNDWbSUL2KpJC2wCD89LFMb53CIuU5RHqIiVcsDSzWft03KPAlfWPEOoj3ia2zocdQWtvJbms1T7epxeD+ou2ZbE/DPCOLyeFxnrRaY0gz6yMNhWcMDSt3L0nifd66rwZ3Dfez7c+TbDfydrmBU6qkJv8is2XZPPeyLIaMhOANrM09GVRQ7Td91hT8OeDCPStwNbV3+E5F/OR0SP4bPCP/jgA+Nyi4tLEPA7sb6lG3f+22rEavbD8HGT4aqogaOEeoqAgiPXQHlkaJSbtSyHGpqVo7LWG47atYrgEANZYNvpCncfK9WQYyztoLHChrc3J819wfaBNBZdFTCBym0Lw1ixLYVyVkeUDDatMoO3LiHLD7AOGA1KtA9mj4bdLc/SBWNlZWVsQ0vARngVntKYQFkxXVXAbgDVfFOluVpv14ttCaIe6owIr/D75npx/4kedOjdR8kkEuF+bNuwGo9fOYtXuumghSVLljAybEZleQD1bJ3fv7Ict73SBMfomRi134HwVI+Cu5juz6WX6iqNIFfEwxg0iQnFQtZYsMmvM89oGDeoPzJnDlTaTL9Fbs0ClX6XlglodJqctuZZhoO6yLi4w6fP8+OXX/KZfSQJutteDWNkwIZPrynHT7/oR8DLC6nXiVtmR9Af48/jTrR9XisWghUcY+l0pLMU3ci9jQ6kceHTJVjTW4Q1N1eYN9q93aRv+fGqZZh49DgP/u3SYpM0bPzFABKZJNyMArdvXI55U2x46Kpj6TpB90dQNTVhWEUAfaEQfjR/Edo9I1E1bgqKh42Eu2yY1Y3YPPRASBEdAoKQIzYibmjmn2U8TwFIPVHl/gQpq0wOVFxvWIrbGvCYaYlzoUmgEshURsylY6Up2gmYpC6oDNZ8swTlfjvOfzKE+R9G4Ob0flU2LPunCpz+aBCvrI4i8v1urOmk9iNCJR/GjRtnnUABWMEBS5YX8XKHarTRpWl4bqkhNSRQUuUyHzuS27v1RD8uP9iLn74Zww9eiWB0Ba/4TBjh7u0oH1iDxfeeSVdZhDfefged7W2orijBgg/W46F3W1A2Zn9UN8wkoMhQ1FPmHVVkNbGRAGLxEdvM/P/HlsOSMQMmTRgm0pQFJgtAAlPe/amspi1dpfImGjTbqUdDFk2daVx3tBd3n+THgjUJXP10EFv1Vf2INnZg4WX9jJyTiKWsR+onTZpUEInRvBWcK5QpqlElqZLlHqKs6FvmhsBwzjy1cupkNzbcUI4TJjgx68E+/IDhdx0DIUdK7//sQ9viT/Dc9cfBW1SK9z/8CMGeHfC4nfjZU+/hl+93o27KkaicMBOu8uGw+8q5IY/FqpDEMd1VJJoFEl1zZrAA9NlByw2YcuAx23AnZlog4r5MKkHDTlDtvk7TNnSG5c610gKXbtXUlNjwy/eimHx/H0aW2YwEuPggAsflwMnTEmSvBNnNZu6z6uHUQgKVrCCBJRs1apT1oltOt4fsuHRaFNPqkojuyOCpeQH86t0oJt3bi0+2pHDceAfGlKQRC/Zhy6oVuP2iSRg/djTee/d9hHrbsWF7Dy791euM+iow7qDj4K+fDEdgBGweoZENYnMaMJn8ERtWDa/pnWAQcMx8bshNW8sFHG2Xm6Z7tsCj/eT2l1tv7Ts3TVoUqNTl+Jaj3BhVYjePy2t+eKnNpBbkMtso3g/+ZZ/5uOekarm9LK47NMwLjtsT2BLthSLYd7eCBZZutehLqsrNSMf4XBncMXsAnkq6q2914IbngohHgdso2hd+rRQzKmNo3bIJx0+kqL1kDj56/x00N23Go698iuv/sBJFE45A9aTD4aoeD3tJLeyeYrab3k1lNw2vBhJbmZ6sAo4ZBBTNE2BscDPebdr0QGAha/v8ek0TOLnttb+doDPrBS5r2ooIuY4AeeerxRjmB7b2ZDCrzoEFl5biB3O86GdwUkbs3/V6CDc9HsU9J4ZwYG0SIT0dnU6Zd46KsQrNClJj5U2PhOl2ixpH70moK0rjzveLcc87JaiuyuCm44txzVE+nPyb7Xj10+3wdCzHkl+cgkCyC7/560I8+uYWtMSKMXzyQXR79XCWVsHpL4XdpUfdCVCHIjiqKYV2GitLoLEOnpuX/rEuv7zqskz97c06TbMKtda67yc2spZpLDOsJyAZlhKgtILTBJWy5T3RLL53mAc3UVMd9fAA3l0dx8WHefHoecX4pCWJw8lYOolpVUl8/JUurO+2XvImndbY2FgQeavPWkEDS6Z3auY7AbKtMbkyiRH/XIsxNT689+1S+K9tBhL9iG5ajaevn4I5Y4Hv/PJ5/OGdTgRGj0fJsHFwV40x77NKOHwo8aubC5FiEqlWklORnxraZOx1UP4zKQUDHgEsJ+hVVfkCEuZcZ24Wcqz1XGAto6lPlcob0S7W4v60eZyRh7oB6cEHLjHrdeFs6c7gwVN8+MahPhxEIC3enMC4Wgc23liBCXf2oieYxLvzus0jYHKDEuyKApWeKUQreGDJ1FdL789y8srUB5v8bmDGI5XobaUrqA6ju6MFpzQCz1xWgWNueA7vNNvhrm9EoHoE/GXVyFKgeyj8b57tww2vJ3JfWOWPF6YIGgMF/lP23BiPYTGXClmLBCQzo/mdVWaBxVpncGUmCRez3Mxz2tJj1h2DQ0fY8Y0D3ThrfhilHoFKr4TMopSk0zaQwa3H++gC/dj/vm6sbad75jJ9Ru/Fc7sxrSaJ3qiSoSlzK6qQ0guftVxNFraNGDHC0H2KrtEETxz+dnoPvOU2hMJRHDvOhfkXFeGE29/DO30jgPL98co10zF1Qj0SzlIMJF247AAvLpnpMQI5H/ZbGooDG93SQNJCXKdlRh/ldFROL5kxo1JrWoPWadht253zHOc1FOeluZT8fK85ZT53d+4UFzqDaVT5bHiLGjGW0BuQbfjxqxHc+koYK6+tRAP1JNIe/PmUXhxQqxfbCogpoz8V3BSy7RWMJZOI18MNaiw9iVPkSKKpJ4VjH3DgyMYBDPcE8dRyIoJAeunaMZjeUIX9f051b3eiscaF975eiqMfCWJznxiPXETmEaHE09bbXORi1ANVtWFcpNiLM3rIVaxDjtslt2jSU8ZdqoyQacoTtASRdq7z1DsoiC+47bqfqC0zph/ZFya48Odz/Gi4rx8DsTT+jUK9qsiG0Td3o6aG0WE4gyl0g8uabLjjuF5cOTOE1qB0lXRaFg0NDTt7uRaq7RWMJdNVqu62VgqA7iNmw8iSJB67MIj3Wvx4an0liqtH4TeXN2LuQcNRd3uE+smJ7oEs3iWo7n47hqXb03CwccQiyofFyRKPnOKlbiPA9Hg7USCQUPKYbzbrpWaKAMU2+UjPihw5bZhLjCYBDvMYvPZppSMy2BGkW5vtxl3HkSWJb0WPSnwG6MafXxPHgrVJvHhJMXbQnZ/2hwHDVr+ZV4IQ3WIZXeSy5gy37cFXp4XQ0q/AIGMurvHjxxc8qGR7DbBkuhemvkbKb4lFehNuHFjvwOPnkBqKKlFeWYXTD6rE8Q+GzIcxO/vS+PVZxVJCuPPNiOlJoB8sACQJCIXxx49zmn5Nu9wjxyxX5LQAZLk1a3mSfrg7TN2jdAOZQ8sFQj2dPLbUhoR594LKZuHlsgXrUzh/fxfKqJ/Uy1W3hnq4vbrsf+e5EBqqHPjuXD+2bU/igJ+TmSjcR5Xb0dnmxO++1IN5U0LYEbZYMUlQSRIUYmrhP7O9Cliy8vJyc9WmUinoa+5xux8HjHJh/dVBbA97MOyWID7abnVlOW2ax3zSt+GeXvR1pfD4eUV4lqywtTeF1v40bjvWi+fJHJu6xGQWI6nLSjXF/dIrilFOdkmSjnS7RWAsYiR32Qy97VgsReBxLLAF6FqfPc8Hr0Pl1DUG5p3sHzYnTZfiOdRUHdRT+vzdH88pRgeXtfVncNq/9OH+U4txyCQ3o8IUbNd2Ym1HFk9c2IEvjY+gO2Y3+k9RozTVYL7k439qex2wZEoKClwmv8X5aNpF9WLH5itaceL4OIKMnNQz4cpDvfjth1Fs3JI074A4fYoHl84PolyP6keyOH2yG39bmUAolkU7oy/lmvTa62olKvsy5laL6RNFhhLDlbhs+MmxHgVpDCTIWGIubhOOkeHcdsNSxLsR5VG62R5u/+tFcTx8uh/JzhTmL4vh1P3cpht1sTuL5z6K4e3NCRwxyokENdTM6gTeOr8NR9VH0RGyG5Am4nHD0koW7022VwJLJuaaOHGiAZf0SzRtRzRFnXJCJ35xXDcGul245pkIblgQRFHAjmuO9GFDZxpLNsTNd2quPcZjXmX9+JIYRpXZ8M+n+AkI60sQc8c78PH2FIIEjBgsr7WS8nMErJ4MkpvUOpkize3cto46Sd+3ufYID0aV2k1A8PyqhCkzhYL9uSVxvE8We+aiUrpplh/mxJyHyFpvpHDu9CCePHkHdWMKnRHroVMJdaUUdCHtbbbXAkumXM6UKVNMLwilImJki1DChtMmhPHx17fCnoyij1d+dZEd58304my6nopyh2Gl7x3twz1vhpGmDrvtWB/mUGv1k2HCHM4gq6wlCNXXq47solcFiYnMs2nkyJTG9HcVZL4kRX4/gfVhUwon78dggWw1Y5gD3zvSgyCXr2pJ4h0y5vwLiw37zf1tH44Y68L0EU66Q6CazPXXM1rx8zk95tvWfXEbNZy6BTlNj4W9EVSyvRpYMkVIApcYTFGTWKWHrrDElcbbF7Ti/mO7GP1Rv1zRiY09afMeiK/NohYrceCnz4dhL7ZhDtnkjjcidE/cIcV1bYkdG3akkObw0dUBfKGBoIuQGQ1BkbGoq+qKHVj2rVLzzeoQmW0ly542idFAfwoLNyRw9lQPUgRtFUX9l/88gCnDXJg6xkFNloXz293Y1JnEpfsHseKrW3FgTRwdYT0jyUiUF4iCFD1pM5iPyP//2l4PLJnyWtJcI0eOJJukOCQRTtronhw4Z1IIT5/WjltP1BeMbIiE3Fi6LYXL5w9AL0ufS+2lR/UffidmojUf3aZsTYdCPsvVbSYglcRStGey7ZxV12CZbtvoCZktDA70enBlcN/YwBCQ1jDaYQR+O8F2+u/7yII2xENOfOuQPrxwZjt+cng3tvEce8VSaX0XJ20ehtD9P5Mj24ttnwBW3tR9ZNq0acZFKjzXW+8kgn2OFC6YNICtl2/BHXM60NqTwO8/0Ee8HfA57Xh7I3UQ2ULfqjl7qpvuNIOPtyZgq7Cqp41RnIIB0/uTplxX2LxtkEBkESfxJrDKyupc+LQpzvkk6gNO9AZtjBAdeGVtAldO6cHGqzfjmgN6UelNoZ0spdcUiaX0ZNLMmTMLsgvM/4vtU8CSqYGkTfS0ijq/ib0ktvWOraZ+By7YL4hl85rxr2Sx88lmnzYP4Oi7yWZONyLUZ+vIVL9+J4osmWd4ibXPtl7GnGQlh0VgJi8WjWfNPT6lFZRZ30jX9vM3I6Y7C9xuHHBLHza1h3FGQwi3H9aJLVc24fsHdyPI8+iNWe+jSCYT5t2mOtf999/f6Kp9xfaaWzr/L6ZuN+odob7u0l+632i+EEY343dmTMjfHnFS3ziwtN2D9zt8+HCbB32chp5Sz2ZwyBgXFm1Pws0218cLJtewbGvafO97PAOBTT0sphlGpHo77eyGKA6vi2N6DaPNkgQjRWozQlGi3Hy6jvsUQwn0ykvV1tbuU4DK2z4NrN1N35vWo2VW1t4y3Q/Uuzv1GTs3mSc/VpWs7vZiU58La7pdCKYcCCYdGIgxCqTO0oekyjwZEyCMKklhSlUcjeV6XCtj3reezNhNAJlIM4I0AaSq2KpmgVtaUB+q3Nt11H9lnxtg5a23t9ewWCgUMk8C6b6j+Yimus/kGlr3nfWWGX1C2EOw6eVtDi7TapUwt344Vr8ofeFCaQ69NyGn9Y1pvxLjCizETnrmT5Frofaf+t+2zx2w8qboMRgMmieCNGhaQBCL5QfLdgHuPzO5Nln+5rgGuTZpPeWg9GCI0ga6if55ss8tsD5rApXcpEAmJlMPTS2TNvtHVSTACURybwKScmpiJI3FVJ9nGwLWf2MKAFRFn2UtLTMabR8U3v8bNgSsIdsjts/lsYasMGwIWEO2R2wIWEO2R2wIWEO2R2wIWEO2R2wIWEO2R2wIWEO2R2wIWEO2R2wIWEO2R2wIWEO2R2wIWEO2R2wIWEO2Bwz4P562YarPq4oOAAAAAElFTkSuQmCC','12.1','https://support.apple.com/downloads/safari','[''Mac'']','SUPPORTED',NULL,NULL,CURRENT_TIMESTAMP,CURRENT_TIMESTAMP,CURRENT_TIMESTAMP,0),('15610336360','Internet Explorer','iVBORw0KGgoAAAANSUhEUgAAAMgAAADICAYAAACtWK6eAAAAAXNSR0IArs4c6QAAAARnQU1BAACxjwv8YQUAAAAJcEhZcwAADsQAAA7EAZUrDhsAAAAGYktHRAD/AP8A/6C9p5MAAIa3SURBVHhe7Z0HoGdFdf/P+9VXt/ddYIEFlg7SQbEiYO+KRk00lqhJjMGowcT4N7FijAYVUSOxomg0RhSVXqRK773usuyy9dVf/X8/58z9vbfLlreV3fWd9+Y3M2fOlDtzzpw5c+fe29YU2BiMwRisFXLJH4MxGIO1wJiAjMEYrAfGBGQMxmA9MCYgYzAG64ExARmDMVgPjAnIGIzBemBMQMZgM4A7BJnbOWHsPsgYrAfWZI3RCEPbCLfjw5gGGYN1QCYMmUCMDI9k/pECQTp+PYV3fBjTIGMgyFhgJCusGcaNFIIMBzDPEs7m2zXjOy6MCcifNGRDvyYLNJIPZGngYHj8kYICZD64fARb/o4NYwLyJwXZUOOPHPaR+Mxfm5CsmSfTFAhIh9wIqDxlNvCQ/MXyHzBbdYfZ0BKzFdeYDQrfL5qqHKuxTNFQZVGuJNczzaz7YLMJh5l17afwPsLJz3dDuc1gTED+ZIBhzlymAYCR+AwHpxIeqS2yNADtABcXPObQFO0T55o9dYGEQQLRL1d5WAKgfCMVTU7SkJMU5JS/LUsYAbAjZTUG5SQ9NAGH4BT2MpvyLLOpLzeb/RaotzqMCchOC9mw4uNgRjgtA3DEs/QsLeNIIMPjOpMT1JZLE9xg1ne7hOIHZoukFdAGyEwRAZDgwPxN/Ew9bCYgNKibmgSnoiBuz1ebzT9dzdoDiq0CYwKyU0LG9MBIf2Q422nCZUKQhbOZnWk7LWlqi8ye/KXcL7RkkmbofzDIEIKClldoiqbKbJNzrVFTXMKxFiWx+UChqmeoT8qsbDbpxWZHqm1bAcYEZKeAbAjxcc65cjA7kOEzIciEIxOMzIEbJ6cl1OBCufukHX4sLSE3tFJmxhSlSYuwTKqLvk30DakOXwpJIDyeymHG31LaY31APTUJSq/Ch33WbI+PBH4LwZiA7BSQMXc2XRMHEAQgSydOGJcJCYCmmBDBJ8/W8ukqs+VyDVnSMHxBWsSLQitobYNA1FNZCAhMWkdAQCmcU7kIEIK0rQDt1af2zvsbswO+nJCbD2MCssMCwyYmbGmLzAHgs/TEyKv5GAwsnSQYQ09ouXSn2YKvmS29RHbEHAlEV6TBGo0kEAgHzF9XHGZspnjmY7e70AhcSLahcLRAfTEoTdemZd9LucbNhzEB2SEBRmfY1lxKJQZtCQJpMArxjAbBkACs/J0EQm7FH8T7A2JwWdg54REImB4hYNlUR0MQlo+guEBkfmoHGsSXVAq75qBduGcIKqvMxh9vdtylCbHpMCYgOwRkQ5QxOQAui+PjwGUCgYCIid2x+6S0wcVmS36iZdQ5IhEDl2RTtLHdqjSEAA2QaYzGUPKJqzwEhTIRGscLh5JAMKgvayKwtu3bbQ0ISX6S2YlPJcSmwZiA7BAghmzdlIMh8TNHnHQcYQQiMa3bFhKC/ivMHv+mBOSRSC/0yFd5rgnQGKLFhnAtgUAonC2l8CnL8aoPIcLGoO6WBkluk5ZV5E0+9Tg7yrly1I8LG+Vm4Y2APgnJAZ8x2/OjCbHxMCYg2yVkQ5KYxbklExDCMGbmEAgcAgIzA+0KShh6bzB75HPKUpa2mCVfhoIzHYyflkwwfk35m1pmuaZIN+hcQGBY+WzbOvNSh8C1hnCg+Rm1YFC3POqoIXAKZ1m5eZgfJ+FlFy3ZP7SzJpuisUI+GkxA/jxby9KKWf3rA4TkqJ+ZzXhNQmwcjAnIDgILF6+wx5cO2AL5VTHvYHXIapr1C7mq5TWjF8sF62ubZHtMGrDjxv3aGssvsjYxfK48UaPsFnQIAMyNpoBBnfnTUsoFQ4JSUxzObW3fIhQwq1xLY1BOYnZgfTO72yqUq/JUnaka3zCb9S6zjhlmE48Tw0uAC2pncXwICEY2QN6qGLy+XP4y5V2kJeLvtUT8udmipbEjXdISEfup1Zg1oC7BryrtZVS+8TAmINsBDA7V7Kb7FtvKgSG75q4ltnBFv1113xK7/8lVtuqpfjFUh02b3mkTeso2bXK7dXbkbUJXm3WXm1bu7BD/l2yfwu12bPliO3zW9VYZmmuNQrdYOZi6KSZvS0sn/JyYv002Rk72SpsEpa1JHIFIzIxzIZCD71qCIYcwrHepQ5rosAGQrfbpZl1zzaa/zmyyDOcJRzrVFoHHf2B272elJW6TkEgVsR3tamlk+xTukxY66PNmu3844UYPYwLyDMHvrn3Yrr5joZ3/h/tteSNvvd3dMg3arWvSOCt3tduECe3W3VGycV05y2v2LucbVszXrSNfs1Jbw0qaZFe0zbRDSn+044r/a3sU7lGpHTZU77I8K6m6BMOXKA0NckWKQJqBZVVtwOoISGVAfC+h0czelEYqiJvzKreYhx0QDvmZxgHWKhzQpjizPbN1n8Kqxg74gATiOdIQz5aQaHm3NWHVzWbXvMJsuZaVE9iiXmPJx4ZDab7Z80S3kTAmINsA6mK0C65/xG57eJmd8ft77aF7l9q4Q3a3ObtNtbkH7uZM2TYkRhUz5pntxdjtEoq8hKJd4VKhYV2FmoRE4aK4P1ey/Uq32QuKv7Dx+bvFnHOt1tZuTS212sS0DRnSTdcSwbRNCUaTM0wuIIMuEM3moOXYkpXfkPHtNPLrVdUvYSkWJJi5NitIIHLMzmsD7pRXNTvXxELtM8Wcx5jt+2lpjH0SwTaGlRKAy9WGvATVNyJGwIA02rO+azb7rQkxOhgTkK0IDy5Ybv941uV240MrbOWUqdY9dbzN2GWqjZvQ6fNuE0aWg6kL4vu8kAhLISfBQGNIMDoLVSsTl906mJ9iexTvt+cXfmJ75u+VoHRred0tgUozuYSr4Wt+BGHIhSQEQwJR65fNW5UwDMpPNBKgugzvXNIUbb48kebhT8FYWcmOUQoC48IJUF+110xmgM3Zy2yPj5tNO1mz9NRIfyaBU8RXHK5rls1SHCEkLPkmPdfs6EsSYnQwJiBbGC744yN22a0L7VM/uMlysybaUScebpNnTrRmvxjWZ3YJhCZehAKBwOUkFGUERILQgZaQ31WSxpDfWWpYI99lcwv323Nyv7E5+ctFuLdWMe3K2CYtwfBhZ6ABxPhVaQgtnRAINEZTS6qcBKTB8oe6Cct3O0PQhiTg1J5wapALHICfkxChlRSUvTKuXLNHxGvt+37Aph34n061XcIF09TexcOahKXhE9J2b8mubXQwJiBbCL7+v7fYOefdZneUx9nkudNt7l4zrFAoaaLWrI2WYKmCYIj58PNiPARCE7PvQrUXtKyR31XEr1uPBMRy7VYsl+zE3A/s4PwVytxp1cIEWFhhZUx3sxti9qbW2W2yJxr1PvebVfkSmkYVwRBd2r6tK08OgcA2Uf0uBHj4rTvgwRL8uiBLHEttGBZmn+7/sv3PfQfbwjsqdsI+eTv7oy9w/HYHQwvNLtxbWo2LQ/PpujDWjzlP2u4lTjIaGBOQzYDHFq+yz597k/3nz2+zmcfsZwces68VxW2NajCuT8b8ifFZprRJU+TlIxCF5DoKTReITgkIhvi4kmb/fNkmlIZs37br7fj8V8W4c62anySjW6X4aLEEqmppJIaXhsAIt0q/bJ2K5Sp9VpeWyEsgMMZZakHX0FLKtZeEw7UOBfnQq5EuGKsDC66iDVnJKvZEcxf798oX7HtDb7S5uRXWU+izYnfZFj64yG489w92yPyJ9q33H2eH7TMj5d5OoP8+s/O0BJzIfrCutSbVN/X1Zof9JNJHAWMCsonwmtN+aVc/stJ6Dplvu+w+zcqlgpb6YtQmRm0mGHKJ//AzOwMBwfBmKYWAlCUg3cWalUp1qxWm2h75e+zV9mUttyoSjGkqRxlxGmQM7wYaAI3AEkqagrvgDdkEubqWcVpiNSQwOYxxBIOdqrSMarpRwaBrvUSbuJcx4n5GFsyb2sINC3HGP9R/ZjfUj7eBRoeNtyUqW8stEVJWW76gZuVtyZIV9vB1d9vk/hX2s0++zPbffXIUuD3AxXtKmzykzuecma6p/Qiz469MiRuGMQHZCFj4VK+9+4zL7VeXPWJHvu35Nm32ZKv19YtZYvcop7UTgsByKgRDeK2EcorwoF0eWwPNITujUwKCjdFTqkoQqpYvddr43Cp7bf4/bFzbQ1bPa+bzJ/OUUc5tDLZuZUvk2LaVxmDnyY1PNEi1XyuoqmyMWEq5Ye6CoTbgs45yhSHtQ5mByWQj0kTX2ey3JW0z7XP2bftF42Tb05ZZUbicqOuc3xKh73q5oOAHLqelYF3tveD7l9jEer+d9/ET7JgDZ1PyMwvLrjK76lgZ7OkeCQ9xHXutWfe+kb4BGBOQUcI7P/t7+9UtT9iUYw+yXXad7EJhbIlKJYRtIauCZQvCISHAxshpycRWKRqkJFxRcZZRZWmNLnanJChdJbPlhd3tNW1fsQNy10iIClbLT1CZCEdiXzF8jWVTZlM0B61tqE9oNAYaRMIgwWB3qk2zZD1pDN+dcqZQu3CUl5UpGB54aTJ/9sPs88Wz7Qp7uQ02u2xcE40hNIQIBEW5gKS4FxsC48IiASp2FG3FykG758pbbNZgr1379TdZB1twzxRwVOXSZ+kiHldEfcru2zGXadn1nEjfAIwJyAbgP39xs/3NGVfa/JcfY3vst4uWsTJ+hYfP0BiwDPcJwOU0M2daA+Mbn2VUQZqjI23b9rBLVai5EV7Pd9v8/G32kuY3rU0Z6oVpKkTMRLkMi+96sevEkmlAtvaQD3CTm37SGE22chEMbA2ERULBTpkb4XA7IsDoejtXB9Dovc7mKmTJvl/6lH0l/3GbKbujo7HcNWJoCpoSmgI7hhm4IQkhv6fjo9mUw/FJiPId7TZUbdilZ/3Gnn/QdPuZNMrEnnaq3vZw8xvNFsjuYNsXjfusn5vNeFVKXD+MCcg6oHdgyE7+25/aXROn2/6HzbN2bIyqDGMxW2gMNEe2lMKXkEgYSOO+WlFp7FKVCfv9DG70NWRrSHMUxEylCfZCO8cObfudjPLJEo5xXqYX4FwnuwIbQ8sVNEOzoplPwtCQYLCMalTCOG+TYDRYfol5OXsVBjhcioAgtnjJF2SDXZLGyIux/1g62b5d/Jw9mD/QJjWWqBzVRT60AoTKgCAAw0srofEhcD8Jyoj0wKkPikV79JHFtvKqG+1Drz7QTn3j4V7WNoUHTje748OyP2Ss8+jw/l8ym/vBlLh+GBOQNWBIy6ZP//B6+3//fYsd994TbFyH1tYSDGB1gRgpIMHXLKdih8pcGNAcfqNPWsVtDQlJodRhM3OP22ubn1CGiVYrzpBgsZyiBhhTDCrBaMjIxuhuSDCaGJdaUrGVi+ZgScX9DO57NPwclViR2d3ZFKdyRghFBqTkRFeWHXNf6Qj7avlb9sfCQbYbGgM7RgRoClg7k69MOEiUcnIBcCFQIjYRwEkBlldhkySBUbZMYIBcd5ddc+FNNnHJIvvxR0+wo/bdhjteS35ndsWJsjuSgOx5qtn8L6TE9YOGcgwyqNfqtusbvmPfuqvPTjr15dYhhq8OBuO4ELjDpgi7Aj/vGkVLCiEQDO6El5Kdwb0NjPEuhEO2xsqOPe3Etv+219rp1ijuLuGYKeFgSaXC4CMxWqMG43NPQ0sq7IuallJoDV5MkJZVfrOvKeFBOMSAHA0JrUEhKmsN4QgWbVq50Wtl2TC/7DjVTu251hYW5tu85pN+nwNhR8rJ6k5xv2dDUSTph0nAJwW5nMrDj+rQnikfDhqyOQ6BU9NX9tqRz97PJhx9sB37sV/bj35/J43aNtA+N+uEAO4LjRLGNEiCU8+60r74k9vshL9/pbVV6mJOMY0GF6aAAcKPOMIAJ+ChMRASBIPDfh0SCI6KsG3brvC4kmyDQrfNy98tW+NrslfaZXtMVsZkazByydbwM1IuFMpT0UyHXVFBY3B+Co3CUgoBkjCwnGIRRJjNAd9Nwo0ARRlcibm1S+juKx5h75t8rXUry9T6UomVUpEr0cAFmu+T5lBGhNXxnqAwPnZGaAeQq2uK5IOv88tlKZfjI823p2XDdEwZbxefe4WNX7XU7vrmm2x8V5kCtx5Ul5v9YqLZpKRBdn2v2QFfT4nrhzEBEbzyQz+1K/OT7OBj5sVyBccsKf5lxnQnnnGcmKdNCfmcjGHFEY6CGLRUbFhJfnuyNWJJJUErTbHD7ff2XPuBbI0pVi9ha3CjRM4ZRmzKkkozO/ZEk+cfEBA/BChhkCZxjZItqeRaRrjnVxCGXkM4fFD10ymtwfNUn5p2kd1Rer511Xstj/Yhj9IzAXAucLkgoDhF63pYOpHI8gnI0jOhIH8WDh/aEWEJC8KVCQm7fxjzuXK7LV603BZcdLX9+v+91I7ab6aXu1WgssTs/6aaTcgE5P0SkDNS4vrhT1pA7n9sqc178w/toDe/wGbOmWD1fq3tEQK0BczvwiAhSUuI0ChoDARHgiGfI+ic4euQwJQkED3lqnW1ye5oL1m70t7c/KR12AqrlfdQGUkw4EgxSdzbkABUZVvUVvryyYbE0LI5WFZxf6NNaSEUohVzsaQSgTOtN3QNIBVXUN6ihOr33X9rX574Hza9ge3BPZNIdx8GFv9TZiMCXgeQPI/zB2FLi7j0KE9WhqJAXYjY7sVxiYorj2sU4voJQcEpBSFtL9ul377APvqqefaZdx4bBW1p4JTvhYeY9SQB2V0G+n4y1EcBT+/hPxE46/9utYM++Es7/q9fYVOndGt5L+aER8QkjJt3jMeTkEhg/P6GC1CbL6kK2BrCcT+jXUsqzlF1K9xon2Bz8o/ZW2qfsI58m9VKu6scllQyxgEYCI0gjRFGtwzwSp+EQWHOUHF8BFtDGoQtXj+2LqZy4eAZD4BGrgHwNCv+DmmNYqViX59ytn170n/YbtIaHY1VkcWvKflcFxmFQPDBs5wEdIkpHrgsjBCFj53BXyw/haBILw9HMZFH+CzBy0n1UAEC0z9oL3jni+ysW5fbIe/+kYi2Agw9oiVtCgO8F3iU4Jf2pwbv/uKF9t6f3mPHveNkf/6CgfIdKKmEvNSDu4LiHmYZRRhtIa0hHi8JV/atWwlEuS47o2ZT2qs2qb1iPR05e0Hul/bKxket1D7e6oXp1lbksVAxBFMuO1MyvBvVFRq45dYYeMraBpZa2+Byaw4uxZp1YWnKKEeL5Djo6PcfMCzxnevCjQAXDnaoJGB3lp9vJ8xv2g2db7cZjRVqu5aDXIcuoqBrLBDm+nRdhXSNaESWi1wnabGdndGpbF13bEgQD58yUYhoWPqFsunDHL6XJadmuq+4H7WRFo3ywSus9FrvgB10/EFWP/Qg63r5WXbbQ5v3JpKnwcp7Vuf0zt1TYMPwJycgh7/3HPvfBVU74XXH+c6K85rwPuPhE3enQZSPI40bgDAKR0aKEgye14hdKs5Rxb2NofIse0Pjc/Ys+62WVEfI5uhQRmVoijMQDi2T/GZfXYzPURHu6iIIcnXXJNwNlwDJ109oDBcKqQ/XHjSSVq4OmOvt7FANDtjnZ15in59+ke0/uMq6mlpOkEfDrKuRozzN4P5HEuVxbTHLg/PrVZ7oAyHIRzp/4FITPE0u6FPzhILhW+VBiyAlGsBx+E4X6eDqA0M2aVKX7Xni0XbY+861VX3qgy0Fg/erYQRSIzvmEhkV/MnYIMt6B22/v/yRTTz2WTZn7lSr9Q+Id/POv9nNP58VCTN4PqtqtiSstCIzqO9Scfq24cspbIwJZQ1ksdP2LtxtJ1W1ri3Nsnq+S8TSGs4V6l4eUKrx5J6EoyKh1BKqXlnpy6hs14ojIg1uCEqI4oiI8mWCQQPWAgwc56zKEq4/dr/R/mPmOb5D1d7QMs3tieAHhRItPhjh5DH0IvO04ALsCQ8EzpuBXREIt0GEY3+r0VCb1E7fS3NColFnZsfE/RHh9cOLUdh9a9SDnkt0GwUc9g0+NMrX1tVll53xczvrQ8fbu07ez8vaLLjiOLO+a9WP7dLQHDX5g9nEY1Li+mHtPb8Twu5v/q6NP+xAmzV7kpb5mqlHzJLDLs184ho6RkHxZtz447lwzlNhiJdlb3BnvLug2b40yebl7rSTal+yZnGW1XhAh3sbvkulArAf0o0/1xYSiIaWULkqR0ekNSQsPDNdwx6R0d7mN9+UkXy0gAatBSi6IGEqD/XbBZM+bF+ZfY5Nll3DrlVOguzaR+2O3V8EXfpDgubFJalAK2RTOtqFpGxpRdjxnhZ5/PQvkSblKO7lkU8+wibiwKM1Iu704CNAcC2On6gDiaqv6rMj33qCvfvrV9slNz6qhM2AmgSioqWrn4aWNi5O0Qwy+mfkd3oN8sATK+3AvzzHDnrzCdZZysswrgUTaEBCY2QOxuDGWNIm6s+C8OxQcV+DLVsOG45Dc+TqNr6jak0JwyubZ9ic5g1aUu0jxpCa8Z0qOLPimgOBcGO8skpLKQnEkHzFWVbl/IUJErLsISa3NRgOXGKa1SDwzNodGvg+m2AfnvekDUggpzAzep7QEs5rimajiwAwQ+PH3XJo2ElSIlXjKx0tQVNgWs52sTPlJPIpypvpNMz+EaYu7qmQFlpEeSWkHldaU+qDcmgLWoWdLky/YU0SPmWG1mnyPJe1T5pgF531f/ZvbzzQ/vHNm3hEZdllZlc9V4LRrQo0Dh1HmT3n8pS4YdBI7txw0F/+0HY/4QjrkPFQ50EmH25mN5hg2PmdYaWEsIRwhM3BcxvsVMXDTWgOHoO14jg7qfE1m9N2t9VK8yQTEozsBC4Gdcb8CIWWQDyv0Ybd4XEt77SsYsnVEg7nELhJjobg1KZwAeg1Yh0DvXZH50vt4/MWWsGKNlU2jQul2qzWe5ZgeK4prguh4M+HXF5O1+VtTfEMyK9iBIhhGOTQxSwfPgLhvichsPI5Rk4dQroWSfV5UZ6PTKnfA+WpyqX6go6w76IpThsGliyzo17/PDvtJ7fZ7697SKmbAHzLhE6jQg51dk4K/Chhp9Ugi5b1215v+67td8qJYmyxiaYkdmg4eRv3M3AwCjssGiAZGyxDeJMITFFiG1dM1Fnk2EjdNUdnXkuY9rw/v/HntQ9JSCbGCVze9KeBZcaN909JODhDxfJJtob7g70uEG0SELZt64QlFL4UyjQHgwinBAsRaAGDlJedUlTZ50w/086d9h6bJ8OWN6BkAwgPAszqLhZZgnwEhrpgZgBakqFM/0k20TTE4nqcQpm9meRHjqEhCa2Q8vGcO3W6dlAa2gnt4RrF8ypNy0fXEIrXRY8dk2kPfJ59pyvcZqEeaZ5qTUvayRPt0m+fZ1982yH2odccoho3Aq5/ZXz4pzROwrLS7MCvms19X0rcMOy0AjL1dd+2yUcdbDNlkPuxETE9AhFblJlgaLbzMOeoEBKe2eAGYFPLqIYVik3rljC0S3NM6KiIrmwzS4vtVdXTrVRqt4a/KrMo5os1uN/Qc80waE1ew6+Z3Y+MYIxLYHJoDI6NsEMlhogHmeAIeS3hAFYXjlhSUY7Zx+YvsJWFmTZBZasUT4fZKcLDcjGgzMpiPg8zo/uvfmB2YQmCc2JyBUN7fqcNxgYyFgkBSUIhH3rHgeBHxdZVEcV7VD+cSogk+VwqAkEeSYALiCTC77YLh1CQx51LSJtVECTSpZ2v+9GFdueZr7X5u22EFviZrohj9tz7WKk+POEGxQ9NiRuGnVJA9vuL71nuiGfZ1KndsgHiSIivgFwoQiDcibH9/oALThw25FFYllWdJYzyhk1ol9bISUg6yrZb2/12cu0fZZgfIoNcZbvhJxBHcBfcBUA2Rhww1GBwF1y2B0LjR9VR8VpS+ZF01xrKC+cipesA2LF9qNeuHf92+/rcs22qiig0B4RV+xONWMkZG+B4iJeLl4WV6iKgMBrCUfhi0KABo7iWSZ6aWAJGJ04sy+t33GH3xMxgsx0ofNrlLCUCfwJRvqeJyaEWSQgHOGhcYyShcFf3fF4maaJVVk8rjBtnV3zzf+38T51kJx62q0rbAAzKwP+16MZNVjv6zJYPmr2eVowe1j0yOyi86p9/ZUunzbIpU8dZfUjMqCuMyTmYhIj/4StNciFcU0srllRoEHaqxJT5mpZmVX/yb6g8ww5pXirh+IrsjcOtme9UHphLmdMulT/QVNFSyu9raBk1JLsDn90rCU4NA1G0rV0qnNftrXoaxDCqHbI3/jD5r+zbEo4ZtZosjgHPAitn5cSOUZTHSyGkz/zCcr7b5DG/Rr9W/fBHCW0ypIMBIq4GeizCAtBJeLPfeBOKEvjXhCOW1kTBZKNUL9v1lP/SztgPlPPrJKx2osKJUp58gpGqPGozVO47MspBaCsrV9mBL3+2veRjvxZiFLD4d2bjtQQuTVeBHWb7/EVKGD3sVBrko2ddYV+6eZUd+4IDJBwsiehfllTYFhpExbmTCzPFXVz5sk9YXmFncIeZm34cV59QljEum6O9o9OObfzMDrRfWb3Ed7qlqilI6p+3huQ4S+VLqKQ5BuU30CD9EhoOGKI5tPTyqRPmSkzIoMfP04ABKbFdW23ap/a9wx5r39emV6SNoI//tYIPJMMJQURaOGfYCMYMr2tHYzhoJoci4viavaEms2uAyMuMDxtzPyPoFZXvMz1xJYOL3anQJGgHlmPZkowuoHzoYkkV9oZrDNcglJccZdfkRFxTPM56yazTNPDILy6yx3/8dmsvF2nE2uG298SbTbiuyhNm8z+ntffoX/kDpB7a8eHq2xfYly96yI5+4cFW7ePFzGk2Ymml0eVCGWR+mPl81lUa76JCe6A5/EyV/C4JS1dxyFa2z7OX1L9hBzYvk+Y4QIXIGOe5ZhhDSyWeEectImzZWiU51yCDEg4Eo6KBTjf+nLlYVimzT4nemqcBRbfX2Qou2uf3vt6WlkcIhyB+vQFruMwThRg6KJl98ePIR9StfzpEfYONAmsHbRYHeKI+sB6OgOIsKUXjWomyJSwqB02aMJ4pQqFJPExAhbjWpt8dMTwmw75CXANaCyQ/ThplkI9Hinlas/3Ave3FH/0/EtcOfKq6qfVocapmm4ly3P/YJSWOHrwZOzoMDVXtmHf9zJ71quOt3tcnhk997P0cmiPujGOAi8XV2dAU5bNbxXLKDxoWa9IcQzaxPGid5bL9Vf3vbJfc3VZXx/KKm9itYklV8fsZjaEVWucuMxvg1fxPSYsoLtsjN9Rn9bS8yvm0iWDIZY1aB8Ab7dVVtrB0oL3lyCFb2n6Y9bBE82wwFi5j6IzhIgzjRroWNaJlG5eqSMFnqcMrenyzAhomDsIKkM5zLWxV+zKJpZfKDTuNcqGj+eARGOGcLqsr6+OoyzW2Alwu9h35h20/ykp+qw2MBz4HQDVGKtfPv8lHsuPFGJQpbV/QCqBasTnzd7VrG93291+/TFe4Fhh4TIX3mHVIKMoztdQ6wqxr4+/Kq2k7Phz3V+fYwe88SRNGRYMhlnCe0QARxAeh/5FnhBgUDs/xWCz3OXi4iTenc7ZqeXmevbH6aZuSX2S1Ih+eiW1cn4H52Izf3xjUQHFkhKMjWlJxfkrahOc26rI32NVyerRGa5ZeN7Bkae9dZVdMfp99bp9bbK8+LfVku8DYkTeYJJg1wiPxw4yX4ZndFVIwGDlpB5qktGwWj7ZRB/0UNAiBKyHKoaOEl/g4BQsff57FgXJUr0L+KiEyZR2sOrM6qJ9t3gBvQPig3OkHtHw8bBoSyO8v2kvlAOAQmPrAoB141Hz72iUP260PLE6pI4CHpMqTfCveXz/auaeam7V79LDD2yAnf/z/7MbCJJu3l2YJLWOybVzsCT/yIIdfdDz3Qnj6TyqaM1WyNbpLDX/AaVJ5wF8QPb5s9vrap62zVLc637grCOmDK0Zv3RmXMc5JXG74SUDqinNUnZcrcH/DtYYvqeToXmeytYPzhZZrPAp7zi5n2/kz3m67DUgImT0TZIweMIzPcMMjGIjV6YfT/cUOKSFwWbgeosGuk/59G5ilE7YCf6zh5WMLxHMhCH2yMURKKZndgfbxfQi52J3KfOwOdqcoT66FryucUx7ui7RZzePqahXiefWDAq7RFuwQ4bFFuNPOva1Krmi3fOc31rziA6p0BCw6T5mWqnEiRNNPfbFZ9/yUOHpY98jtAHDzvU/a+Xcstz32mq3OSoPPP4OcAloQ+CzEpISgsMRiiYDNwclcTuSyW9Wu9VZfeTd7Q+2T0iIVqyEcPBYL0MkytNEScX6KM1U8szEomYknAU32Rl1rXtcczm6M4BqcugZAWWgMWHnVgH1h/h123ZS32+48A+8zbtAAMfvHEgpZQ+gRdLel5Pw4uTvSMpqsAHxmc3AMd7QnmkW5AFoAbZCima3hfUieCHuyyqVXo9zIw4zv+gVSp0MTDNcfGP5IDfxwujL5ZKD8wnk7FMuWdYBPdOT3a2bSg4p6tRxT23Z5xTH2po//IogzwF4s8WizHJpjE4QD2GE1yONLem3+O35kh7zj5VZbsUIao+BMEWvZ6ETWsDmto4TS2hVVrSWpeB7h6C7FM+PYHF3Fpo2Txjil/v+sXGq3OirZH3BSRhnZLhyyDTDImY2avGRtQDYI2oLtXdHwrHjrFC4+nDPMcU8DOp0n/JYW5tnn971FiA5r5z6JAEGAgmK4nlJ7wYqlKGugv269fQPW29tvtSoaizrRmDxnUbCurg7r7ChbZ3cRXvbZnHsJA/3cg6FNXBazv6ItYY54+CRo1oYFmbVpBwa9tJzjRC6M49A8XqBmdA8pL1rBi5DzHSkvDh8NELWhETzuNKFZ/IwW5bjmQNOEJqkRR/NIO4NH09TryWe1q/RmqWy3XXWbfer5s+0f3vgsLsRsxU26UI1hvU+d2G3Ws2mngndYAXmJlla3aoaYs/t07/GimCOMTwmGGKAg5mapTJgJhGVVSePbXuYpwLqNa49X8rCd21va1U5t/IU/01ErTg2DnIH3EWQbtxIGuYShic9hw4qMcQSDbV5GXOrf7xFIk4W6klsHMKe2cyNRDPfBQ4asvV6wdl7GIAzZuIb2zoL1aPm8XEvpG6550C6/8G5bfM8TltdF7DOzx/ac0mU9EpzOYt6PaAxUG7ZyoGKPLBuwB5f0W+/SfuuYM9kOOWKu7b3vLDv22TNsUDLSu8ysMiTBEmOhcWP40TBiYm4cOjfA5MG4AOLiSy6Y2TGi1fUy37PcyrFE0h/nr/y4CAxNfhcMxZU9llYhENm7fZ3x5QN1XlyhOmr0n/B8fxHhYnvXl2JaTlFuCIzoq6qRdNHjc3Px1nMutObF6RjJoIx04f2nfbY6VoO/CbBDCsh5f7jfXnbGjXbMy4/QjK6ZW/xckBQw4YcG0YBrRmW3yjWHGLZdWoL7G9gcaI5JZV7FU5OgmJ1S+5Q0S8Ff3hZH1b3HNRBaOvGMOIJRWS47Q0ssMTbPifPceIPdLG7+MWIMBJyAcCBc6wAo24dW2fWT/ty+Oe87NlNFtdmQBrnNOjqLfl/m0YcX23WX3GeP3/Kw7amZ+znH7WHvesl+tussvn65EaD2nP2bO+2Pdy+y8y+93+qzJtmex+5t8/aZavPmz7CKFGL/qiHxTsY8Yk5Bdn8E1uA1pjkYmWuTQIS9MkIDCV1nV8uFRL5omTCwKxAs+B+60BSihf/1F4KThIdiEBjKcl+O50ZUTs1pJHjK6BoEOzATFKXhI1MxSZh13XSD3XDWm739XuF6JqrRwA4nIHzwct8//55NecULrW1gQAIhQZCGYInBM+MIij87zpIDO4M0jTfvpYrX8GhpVWzY5PaKrSjtYR9uvsM68zWrldAcIoa5fVDiBiAP+fubRdjCrYDjLeqyUaRFeAlbCAejLMdgrGdAYKwOlXf3uBfbl+f/1qZWYKyafwNk8gyza65YYGd/6ld27IHT7KOvOtAOnjfVdp0hod1CcPcjS+2SmxbYudc8ZBfftthO/LNj7LWvn29PLla/9kuD6VJgB5ZgMHJoFbSGOlB4FxJfWok5vZ+UJg9Gp88aTA4wbhIkyotlFk50KjMEBSFC+MiGMIUm8WKUn3w1NIqqC0EgX+Sto1HAS3jQYggHfpX1VrHd7r3iJjv33YfaS44e/WO164MdTkDe8G+/s0trPbbbrlOSsc0r+DFadTEaIJZWTIhFzcQMNELB8qqnjDHesImcrSrUrEvGyJsb/2Y9xarV85qZfbdKguEDI83gT/yxjYvmGJLmWKG4jHBwmtVZXrk6QDgIbEiFq+yytNH/7Ham/W7We2yGGLJQKviS6fpr7rPLv3mJnXTobPvuP5+cMmx9+OR/XW1n/uIW2+OkQ+1lvnbPW//K2CRguepPDSIACESNZZgYWX9omPgoUBw2dIbnT4weO1/B0PTL8BILPIKnuHAhKDA3VGF7eNxpFVfAhUt4lk9umygdDeI2SopXtfSiTDQMQl3V4N/xvd9b8/I1drU2ETYwqtsXMCude8lDtsvc6Zp5mcM0IH4FjAaGJOFst0SCIQFCe/BqHh6PLXNkXXbHstI8e13zS9aT77NaTsLh++PKDCNo6RTPhksQJAz+nQ22cGWHtHaqYlQFqpdR3YBwwADlwV67YPbH7KIZ77HpfUM2aWbJv3X+j2860ybf9Zjd9/23blPhAD7xjqPt9h++zd6xS4fa8U279Hd32m67l3zSqdeZaOBW+pLdI12Ha0cF5MXzL/Q7S1s6I9GL0HtDk1NQQxwjQk8gSqR4qmtc70iBME4X6cN+5CQt8qpEpwPkuzDjh2MkJxx3gH3iW5cHyWbCDqVBjnjPj2zoyCOt1BbHDdAU3FnFd9tDfRQ2h5ZTRe538NaReLP6xI6KHzxs7+yy1zS/YrMLD1mNN45wtko9EN/4Q3Os0jTEaz+lMXjQSbN+G7YIn01Gc7hw0GVyrYFaN/A+q+LgoP3HflfZfT1H20zl7xift69+8tdWeGyJ3S0G3V7gH8641L5x7QJ729+fYLvuNsVWLB3yZaprEoEb1h4QjutHYyiEsc3Sqs4AyFfHCBcaY/j9vWiONZZSSm9pjiyudDROaIzQIDXqkeaosbxLGoSlF3Q1yvMlFkuuNqtUq5bvGWd3n3eZXfKJF232O4DjyncAuOaOBXZ3tWjtJdkY9IyAWS14FIZlBoo4s0heQsQDT+xYlXkKsFizvuIce6H9yGa33W/VAl9uknVPVmkmbvD5BzBrfIhGGsOf/kOTSKOwi2XpyT9Gk/siLiTrBw23C8f3551tD3UfbbtqFdevAf77V5xp//7yfbYr4QA+/4Hn2s8/+Gz7r3/6uV139YM2fZeyMx1LWb9sda5mVPmhraPvmdn1x4QlAcD3P8JOIOZeU8P6QPm/O5/ZsnhWjwKZpmA8yeO+E1KDgLp8HKI+gLbVe/ts3Pw97F/PucFxmwM7jAbpee13bPbzj7SejoJ3XHzHm9O4iiud9zKhRfwOubQI9zl4d9WkDtkb3AzsbLdjc7+xo/LnSnPMD+EgI8smDhRKc3BHPDfANq6WV9X4pFlDy6zYqUIokvZg/zjGY61Ah/rTf5WqnXboUhvITbTZ3WbXXfOw3XjG+Xbzue9Y/ynU7QBeeurP7eb+hv396a+1FU9VJSjYGprBlRbbvWJ8tIRrEc3erHXVP+EnTaOZPV5xih1BxmRrKKgulR+2BpoFO8LTU9x3qAjLxqgpHhpEvseVUzYRO2zYHbGbhQ3S5sZ6o6Y6Zd/d+pPL7bEfvN5mT+2hNZsEO4QG+eM9T1hvscu6u9u983x2oeWuQmSLSFP43WX1i39+QEsqP4TIM+R5djc6bZ/crXaU/UrCsZfoycd4qFOlknn9jr8bVw4NUpfW8CcD6xxXH7FTxdB6nbRq7QClL6uGqvbV+RfakIRj/myzc793td32wyvs7l++Z7sXDuC8019tX3rdAXbqKWdbz5Si+ooOV7+nLqA/3KPv3S7AJsTicNFQsmiZR/DVX+SLfkuzfQuBNnBxUzDijhbzZ7YFGwawqtcnFI8wkN81TfqjhKgnNF6tUrFdX3qkvecLvyXXJoPXuT0DM84bP/VbO+Slx1hdMzL2RRw1UEegQehAxVlO8SQgL1boku3BF5wmlCvWIWbcvfSwvcQ+YdXSbHVi3ATk1Z9+lqrW6zcBm7zpsLJCCkWag8+bSXNwhMRtDu4PoEHoLkZhHcAw8hwHr/382yOb9nDnC2ymJq8v/dvFdvxQv9129luCcAeB179gH7vh9JfYqS//uvVMKlqRPXOYVcISHqMgP+sTfO8i4Vk2oXE0URk2jHwY2ecmlkaidT4XWUYfyyqK4CfRZILQ8nESRnzq9wkSnvAssR6TZCKYXe3tdsFTOfvVVQ968zYFVOz2DZff+pgt7pooO0DLIEaFbpYfg0JvsIuhkHA8ERjvreJkbl1aREuz/IC9wf5dmuNQdSTLKgmHmN7feSsbI77BIc2B9pANkvMHnDg6wjkGhEIO4aA+r3PtQMsKTXa88vaFfW+0dsnUnnPMzv7apTa/v98+//fb6ffENwAH7zXN7vr2G+wjr/+mby5kTOznwDTLc7IXrYGFwK3Btgb3oeSjJWBaLcEYpjb5MDXgHmX4X4TdUwJBlJWHtJTKhIJMrfyugRT35S6UhBkDCaCngdaPVgHjdpllXz7vds+3KbDdC8gpp19mU+fvruVPRa1lpqEbUKN0As8NsI3Lw07cLedBJ95AUrPuspZZ7Z32rsL7xLldcqXoRD8eIkEYkubgfBUvV6gslw2yUob5KmmOITfM/VyVBtq3XMiYBmdtoFRpDp4obLP3HVm1pe0H2VTZHN8/83p7UVvFfv5vLw3CHRT22W2y3fzVV9nH3/JfNmVW9p1BjYIGARM2m/2ZtHjxRWgMuk84DZAvUfHlsRQOBs4ceVM4JWDpEGdlkKV5NsYe4UE4VVgrr3B+9s7TYtp0nIRlysyJdsFVi6x/YCiavZGgYrZfWLqi355YoeVSj2wPxdU/3oneMcTVSSyxCkrlfbkcW+/QAPGpM17q9nr7gohmabw6PB9bj/7iBDSHDHG2c3nziL/1UILDNq4fwGNmYlmF4UhFjIIHng5QFhqUUbLP7XerTZIcj5dw3nrLAltwxZ32pY+cEIQ7OBwkTXL2+4+10z/8K5s8vaQuQrvCwExYsBH32+X7rE8UgWHMog8RDmhJRAN4b6YuTTGPE8riXg4xCgK8KP0l4Ugx4eWEoyVg/XQxaIUbWpZPfd4h9qEzLqaEjYbtWkDe9pnf2p4vPkLMV9PsoIv2GQTtwXMfHCdhs0JLKS2puqU5ekoNMeeQ1cpT7O3Ff7NdS49Y1T+pnNdqiRt8FX9+IzSHbA7ZHrx1hM+b+ccxpT3c5uATA8x69A6Duo5uIqVUl9apF+y9Rw7Zqvzebv9I1OzCT//C7v/+W4NwJ4FTTtzXXrxLh5179rU2fhKaBI6FJQXyXSCI+xjhpAucmSVI6hN2tNycVncGTqTex5GPOGn+CK9HSGfcMdjRGqE5EATqa2kU8YG/08zRnOIma2gUxnHCjAn245uX2j2PLhNi44Aitkt49MlVdsMTA9bR0ymbAVYEUger2XQOj8xiN/LWQ7QHNwJrxXF2bP4im5G71yq5KfSj+kj569IOvjOF5uDeBs91DEpopHp5CyK2xmqaQxkZiJZbHaBEc9Qa7fbZ/e60aSqmLAFknf6Jt33H7vjpO4NwJ4NvnfpCu+e8P/oL6/M8SpD6hhmdpREmh+YvFxaGzbW9fLcrMs3hgOAwmsO960s0+ThG2X3KkJC4zemTlfCEyZnK8/LxMxovJ6MVkw8OWWXSFLvi9oXCbRxstwLy3QvutoHpsyw/JHtArWQm8VlJvmsOBESzNW8+5FnyceWqFUtlO7x4tZ1Y/KbV8rsrUz6WAmgOXhpd7bXmkGwNNAdhXmxc5w2Ha9McaRDcrQ5gsDma0hzvPnzABgu7W6FWsYlaevzXFy6y73zgWBvXvZW/u/cMwuLz/so++sazrNgO14sJ3VZTvzDby/7I7JCcJi2/2644R+Jz8v0NKeRxznYWboWDGYnHxgsJaAG2mHmzPvHYzk8aBSL9I4yUAziKoH7wsVe4bzN1txn2zq9c6TQbA9Gm7RC+8L+32+QZk9Q5MZfAlP4yAfmoWT9jJSHhRdI8FVjiSG+xy16SO8PqeZ4j179rDjQCN7qkLXy3KrM5NOX7sYWkMZ6mOQDwq3cRGF7cVq+V7bP73mYzVExJAlgo562/v2Erb33Q/vyl+wfxTgzvevFedtVl91qpXFQ/h0b3R43TdO7MyZ8CSmp1qeOzcPYjRCuMJz/LgkD57iU0CrPA4l4YqkUi41SxDEMjeczTvAzlIys/xVJRKq9sCxbzku/Rw3YpIA8tWG4rakXr7Ma4FuhqaWheswbPkfNh/g40h2wO7piPK4f98Q+l91mjsIs6RrO3hIlnxNu4z8HDSRxb52EnXiLNkXWWWw12q9amOUbCcJy+jt2qnL33sEHrK8yTDcLyrM1K7Xk77c++bY/+bOdcWq0JZ/7tc+3asy+1nmlp+aPO4b5I7EApnq2znLnF1EztcDRGg6C1QwUKhCLe9Z5MOZ4tkacJUmEvW2qFs5Lc0aJY116U4gVKUFPZ8AtC4qU1ajb1uAPt7792KQWOGrz67Q3O/OUtNu2APTTry27QlTKDsMzi4lG5PH3KO6zc7pBxviy/m726+G3ryFWtzkdS6FkYXzN7rc6HMPkWx6Bv77LNi+bgyHpoDvVudp8jhmoErB7n67DNWsE+v8+NNkXFlFieqT3FYsFuvO5BO+U5o/9y0Y4OMOFpbz3CfvSt661nXPpYEP/ejcz28uDeMCIkLzGrtwD8iP6NUDbjh2wFEsGJ8XdNBAaBUFgjHPWIztlDP1k2cNCQDzzvLGgf12XXP7zSVvSNfsuXcrcr6Bus2s/+8IhN3GOmZmoOCHKxbOdyE1CCIYHgfkd3Kb4NmCu12yvLP7C5xWutWpjqA+FnhWSI12V35AfD3uCUbtsQ56s4SsKz5BIQaQ4/Y+U966MxAhiNwBHKyyDnbNX7DqnassJ+/t1xZi2WgJNmtdlF37jY/vP9z3b6PxX42zccarf+3422fKn6WZzIEqtBX6pnfDcrMa9YXD+hRThoGkn0eWJguFzg6wRwKUYgtomxI5THaYlG+bwRsyFNQm7SmOtcKAGWZuBY/lGEluDloYo9Uh5vF94w+o/yRFu2I7jzoadsSUe35QY127N/553BkfaGCwlfleWMFQ8/cShxZmGRvbD4C6u27ekdzYdb6tIcbnynZRSPyvpRdmkNnkTjlK33Gr0eI7heyFnNCpW6fWHvq61HWREO8qDuOzpLWos/bi89ZKZNHt+RcvzpwCfecqjd8MeHrVguxA4WTt3qhxTXgBAUQj61OM75P8OnLGgPGNNtDoRCYd+kIa4INgi+r4oVkAhIOBVO+b1qsY4LKDOsC0/YLKVxPXbBzY8rNDrY7gTk+5fcZzZ5imb4ut8AZElVwBDnBqA0Ryf3O4pV373Kl7vsPR1/Z7XCRHVRzOYspfIyxnnLuj8/7nfMsTlimZXDLsFwV3exZx69uS5o82VVaXDAPnBQ0xaUj7QOnkNPefBY437/X39lZ2/jh522F/iLk/ez239+nU2aifUhZkRK4FQFY+qGxWJ55b3mP8L5xBdhmB0qojC7z11EcJQDpKLZGIMn/OiKpIJktpy9GhygyhDSWOIFLWls2kyaNtG+/pPRHz3Jitxu4Jw/PGzjJ3X7zELrmAiYPfyt64p3FBEUaYLCOHtr+XRd9Wx1Jt/okHDIvmhrymiWMEhCpEG0zBJD5/xhKBkNCIV3KXPJhoDRaUhzVOyrc//X29HNLpjQpAAcr7//vkV28jEb/87XnQWmTey0/ad22qMPDmj5mx4h0FgwYfk84gPpSLlhzxmeWV+C4rQZmrxZJMsiPxMYlmmMos9taA98lYOtyqO5CI/XiC96smVaiASO49nEcbZwySowGwRl3b5g0WP91tHdodmFvW5pD00Z/k1yaQxO6I4rVqxSnGJv7/ia7VW6yyq58T7joB04Q9V0jdHnu1b+sUwegPKllpZWaA6/L0KPrf/S/W2HA3122j4P2p1dr7AeLdXQOzEpcWSlzbrG5+3KX91k//LG0X+QZWeEL3/4hfaDr11s7Z0c40+Tj3MkQF+L6RkjYsz8cDCrZyX5lq3+SXPBGDEuRLMbkZykyEvYXFAoS4W4aMH0QiEk3EH3ZVeiYdmVCQd0rNj5XkzPvrvbV352k7AbhuHWbAfws8vutcI+s2U/1NUwbgjxbAeaoyEDPd6f28i3yyB/xOaXL7bB/DTR+eM66oy6cYSdE5w5CUoDQzydr1KCwuohhoEZTT1GjI5bGzBYpcqg/Wj2V+yp0lzZHf0+GNnUhsfsp+WsDd36iB02f/Me69zRgS8+PX77437LKY6MDPcsfUXc5UCOfneuY7ZxuhAecJ7mQoBd4UlicH6I+FlhVmauzR1HefJ9vguSKNEj5I14Vr6jJUHt0ybb9XctILZB8HZsL/DTS+6xqZwRF7PzrcACmoOtXPk95ap1lRo2s7zS/rrnn9woz6sneImC39Ngp0qOs1X+QmkXEi2J2Obl8TXZMT5CvrURkPpxNcCO6RjstS/v9mu7YOJf26QRy6qR9F09Jfvdrx+0U16yn89uf+rwpuN3t/vuX2C89C4ArsQBwaG+vF1bVyUcHsyP7zkVQADgcD9upDjMjkAw9py/QgicGO2gSStbcvndeqH5iFBwuX6Y+YQsqpBbV+ZGdTbLs24vcM/CFVpedekC2bHS8koX6baHllcdbXVblNvd3tJ5pvBlMS09IkNP0xbPdvhHbOQ4NsIb1rl7jmD47AHQwRsAZqh2Lc+umPRXdmP3yTa1tkp9TzevDmB4S9ClF99l73jpFvjQ/U4AR+89xZ58dIXleeGxT+H095rsNdyXhLIYlD5OGSIxchZlM8X3oDIEQNHKw5wHeuToOpnSSfOFGDRopoRnZbEq125LVvSDWS+seQXPGNx47yJ7pN7uX3Hl1Aj3PNi16irz3Q4tkUqd9sbuH9qM8p1WabJrpQ7D+OYUrpi66R+wCfuDly3Eti73ObA70P3rv1Q6r0Pa5xdTPmvfmPE1m8Ed+FDmAu/pFiA0gwN1W37HYzZvl437rPDOCofvNdUe1bKF9wgnVlwNYFpn3AwyrQsjh+fAYSI3Q1rDNTxuhBqaOf2lHcqEHGWk1BglKpYhRIACgRygXJZoCGNdE/H5N2x4mUVR2wUsXTloQ6WyLoC3kXBKlzeScEqXG4R8bbbPTuz4hdWau8rYEsOnnSlsDTfQZURzp7xN+Zv+RgD1gqtl3GpD8zQQhbVLIB7sONJ+POUjNk2C1nThIOXpwK7aoieX2XMPlb00Bg5zpnbb4OKVVuJWEF0e6HWDaBii1YeG/l6zz4fjQcrv2ksPSgptRUJ7yHlUAa9TrthethsfWuo064PtRkAuuX2R5bu6rNRWaxnkfLC/u1S13vws+9jEf5Lg5P1C/e2HVZZUUpHSGP7+qgrhoTDSJTiuOfyG4Lo7FKC89nqv3dj5Wvv4nGtsNmWujXwEjjciPnLvUjvxoD9t43wk7DZzvJUXPmVS9D6zr7vHRwAzegoGEGNE1gWUuu7SyZ2UxeogHiBHlovlVvf4LvvVZQ8lzLphuxGQux5frtmnHDtX0hwICOetqrlx9vzOC629+JSWVl1SClLgPPknIeB9Vf6Mh3xJjLsGQsE00erItXcmAFW5wZF3s8/P/KlNU1lr72KVkcYNIx5DdNmTy23+nImBHAOH8ZM6bdkSbEd2nDYEMZuvLg6rxzYWnj7S6xh7VcOzLCa22RBsBwISXfnLGx+3SRPaXSj4DBp2R1fZbNfSAnv7hK/bUH2Orle02BYsqdixYueqJg2iWd8/minjy7dzs5537bFu4OM1K9pm21/s2W/TlV/SJuywMAyD6h1RVLndbOXjy2zPWeMTZgyAYw6abQ/e86QVMNSBp/XjSIhHF1bfOyEykiXXLID4useU++qrp667AZzXs9lT7Krb1m+HSNv4dPsMAkxZsLYXnGGHvvF46ylU/YULs3qqtjC3j31rzvtsRnGxDeV71AMyuv1OuZZXQys180t78JoeaRN/l5XSeWUZN5Qc1iUgyKQEsb1/wN635wpFx1lnbpXkKqeZhc6TFtMMw8NWvCUen7fHu/ZQmVN3Ldvn3/49+/hrDrSenrLxWk2HZ7gntzqk7lxbr/Iy8O//322Wf97BduChu1lf35DouLvNMDSsVldMqwNe48QWbL2msZSmqfJ6dsU5bcv5rVo1OrHmGyxtSmcXqmnVKktmxcXYvDSO9wvUamiheFFcRfRhesZL6ioV7ovJxyZV3UMVrTrIj88L5hRb8OAT9p1X72J/ftK6n995hgUETs1Zb/+g9bzzx3bUCw+xicUh62mX7dHVac8bf429bdpXpD12V0N1tWzpyl7w7VzOWmlpleN5cpZbLjyUpw7MxfME6wJmj45mv31i+g22oHyodTZW+VOK5MurN9iFcQFhuzkJSktAZKB3TSjb1efdaiuqEkevk8F3TzS6Inw53x+gIfgpLQPIPZrS1wTuGmwpiBNLawDFw7zynp4aWL8yEhVlws2AflgtnwLMER1aeu5/8BzrmdQjBkUQeNuhrsQFRMW4gMDwEoQkIP7BHMV5Ozudxody2G7nTYkIGALkgsTXtOhECUq8aTHepMhjC80kIPi8bb4uQamIH1h14yM4lEN7ERyElXF7anm/vW/Xqv37+58X17EWeAYFhGrp9bxdevNj9oqzrraDDtvTJpeGbFxnU8urdvv8nI9auzpdbOm0HBnhk1r+zlwJiL/Ch3NX6hQ3ynHiztad2LUAtXYM9dp3ppxlF3e/yya2rdSAt/nWMvXEWR4OSapedU0IiuIF4tJ1eZUvbunsidffZLvH+KRnccYSl3GSCyCVJyDopK3A0wH0iCybBCG+a4GUsGZ61sbMRzAQeH9FGDiFSRuZznXC36QN9A8prLFyjcGrQUNz1MT4HB6soxF0YSMFxAWBsUsC4ueqJAj4LkCCupif9QFHRWqix0eQKuJ+NEgIRmiUelUaQw3kNaVoHpqKYHANCCJFVvSzspazlzUfsZ/8yyu9jrXBMyggceEIyHfPv8U+cdUC23P3yTaju2qr2mbYF+Z+wvYuPyA7arwzJJ864wYgd8qbHGXH/tDF+ncCfcR09ZzaZImkUtfGc+A7pIEu6Hy3nT7lG7ZXdZnlCgV1qgQAQXRBQTyGBcV3zlS2axK1I1t6MQvy0FD0XizFeEcsGoa4v1DNp98AmMEFZgS0omvgAermNz1b57iNAz8xppxr6YkoGn704MjSs+uJa8kF4ysORJqYEalwiDCTAnRiT38TuwZKAsL1IhgIhDRHMu/8TJyWsmJXr9wfyxEeRqZP+d4HgtFQnAbW0QwIjqpEWBgDzsGhEXgcl6UaTUSjoBkQkKoEpaaCWUohCGpC0KFJVD9fy61UmtZXLNl+j91uV5/xRr+atcHa+GgbgPd0y1+8ote6OktWlnHesKLNLi+2vbv+YP2yDZzx1QX+2nsJiO9ecXxEHSfF7Xa7l8PojRzpNYCaOhq99lhhX/vWuG/YvOoK4bIM+NmgC7xZWTyV6zhhiSZOD4aJAc6YJwsHCfGYQT0mXOYoEwb1YKIf6fxMk1xDFzgSPxpHgZEv2vM0l9pCYM204bZnwp+lRXuYTEJbRtlKcRwRZIN+ol/9kn3sQFAAwkpQ9EQTHZDVEz7nrdL0AHe2hgWjXnhlgY5Tv9SbSnA65qaW7IKinfrzQ4vefuH94BYB8E3rVaP7+XjjOuAZEBDvheRzNQ1buHSljR9fsg7NNKVim31q1mmaUfZQJypd2oLXgvKCN+538LoevzmIkGjWQPH6QGRrm6z4EQCq1OyVOi7b66bdYePrGObCp87mh7matnhUjoFihBgEpwErlPexOpU+Bo+PdkCrOFVkFohJA9XCDadFOURpgwcS7UhQLWpVzLZoA1rJ35qQ4fnL6MhH/qcB9QjtE30EWxDtpd1iPGgUZ5kE1fC1UH/kiushIek5pnKNISd2GzyrIWb0YUlNht7fsqh/PPxoNfXwA07lgVAEIUrVept4WpEyvBrROnlWnyLexgyP74SB4zslFMvRVh8qFc79kOXVvD0pW2RdkLhqW0N22TS5YQODQ9bZXlDTy3ZU1/U2ubhMqlUdxBKKrVe3NbS8kvbgLnku3SlHpXsZ3rsC75kodSSo+/xBm3+YdI3tyzuxFPcZLDWDISIe3Ir/9BI82dHDaRkZfghKxJ0+K1wQ6aplOKtDau6IwNohY3TaOVJQsr8Mhw+sVTAA6kj1rKu60HbBFlxPCAS+ewLVlJUhP7tmf/eY02e0WZ95pFWfk3vne9R9GJWWJ9JIor88lvBy+AgY98qQCGwZ8nlepw+N0hpXLoP5U57jyZ/a62Hl7Je/sm/dN0S2sYDQ1NT6uCy5mg1WBqyjq2ADbT32V3P+yQZrk9QRWkOypcvjsrI/eCKQR2f5ZgfrUt+aiKkguWFvNVBPtFf67T0T7rUFuYOlSWTkC8eM48m0QQa0NyV0scqJrnYmhy5N88zn2bD5cwzpWuhs0jNm8KURAyiSmHkzTYRzEgdK8FKyADPeiPQMYPjsj7maNoz8y7TFOrUGQLm0JTHVmgMf2kKlqYEhGMSzawvIrg8vFLYEM6X7tSkDzB5LI01C1KX01H0qMASBCK1OpcX1Uz+0HlQbhPS2OI1AAdJZIdFWaGSu+CFtypciaW0muLBQkYeTr3xePhUAXlHTBmWn9A2Kl9YBfpnbDmgVLcb3FsppAaEr62uMtw/OONOswptBMMx4NBZDi+PqFV04d8plh+jKOcFLF3t+RnEdwKq3vdFn53X8tT2am2fj6ovVYTCRiiI7IQL8J+fFZiOldjl+ZM/KY+Ajqla0kkIIHAuNNyviwWhiHgYuUKsBKB9IHF2yAUAIRv5tEKiAcmm3I54O0S7aF+URDy2IsGfXM2zXZPRul3gwlZz8yM9PFiETAhV9SgLd6iCf6/CqUxgBkOdxIJZYiqgt2VOHbMlTiL8kG7zTpsFxLzK3NEkqDyxhiqtL0oOX1g5k3caQTZP4rAdlY+Rz9qyuO+2kSefbYKPb8Q1eByq7I24Gojm0xMJI1xTh62KK4ILXASR3NlfZecX325fbv2LTm08yvN53zFhuCKYBM3Y/mIJSmvMFBSjg399ThC8n+T0PEbBzwwCFsapmKAwTRaYMR11Bl9H4jKhRCdphYBC8SqpKgxkIuc0B8qdyYJKsSKoZCSEA0Reh/bi2aCfxDIK5I55dI5oyK592uw3MNM50DlHqJH8vFnnx1QKVpP5kDCiMtql+1A1RPLjX8akfVQwKHuBRW9/VV1HORalosvnnp9UuFhmOA4kAcR26IG8nvl+HLBIh6qiidQDk2whoBK0FvNUe4g0k9wzMs7+b/Q2h41kQFwLsDfblJCBoDj+hS3dxxXTkiIFbDVIVpaaES1V8tuMMm954SvnykURWmFyBrATw/joadZrPJvxrgJAHH0+vD0IGWp7y04xgKHJHc3D+KTFBpOMYjCxMvmAK3EjwcUuu1TBGfw26UUOrMIHKGxFcDYbbEe3KIDPUM8jiGU12HQGEdW1Yxe6DiszQOBn0GUJAlwLJy4j0l/LRYHCMg8qCHoFwl+EVQGh8mz+7QNIIpwkvynRPTdJ4SZrijStpXBQefOYFJLtaAJ84o1+1ZUPt9vpdL7JZ7bdbf71dDCZB4Og6NwN5xtx3q6RlJCDcDHTtAde2Rm+Ni9MV5UVbl0C8rmOJ7VrnqTGMfXl0iHoF4WAAwYH2pY8y8iH8nM9+KkSJ/tLkNOv47ot8ZqZsKvPZUznTmMtn1wZGChy7W8zC2WzMPZLw1Z4oYjXIBiObEVu2EbQ4whty0NFGgQuzyiFKcbiRQBuC8WkP9y0CF9oEfLQ3uhpclBDXoDjX73lEqzRPp34mDeE8OSuA/ku+940aSx000IVN2VSKfqJuwHGURwo+RVGX51Vc5PSVaxmu1csRgmK4aIqPgvWvzPqvu50ZZeHTrEr1GbdB1GIHWpW5aGVHsWR/vtf5VumfKRSzOFoD24P7Hgonu8MvkDx+GDFyD5c7DODbm4P2L8Vf2pCNFwW2S5YGfepghTw3nUrRWRihyBIZ8ORzX8HjYm5PT4USbg2oezDVcDyEIm6mBWO1+U01GIybZGsC1eFokl8xkQwcsR5HOqA85MvKYJBHFgNEu6Md8U100Yo4hER9NEI4Ykk5soRg0LDFRKuw2wf6Z+bmJiE+N+p86arrxY9lD0SiwaNVTCYEAx1h/XIzkTq8HPpfEa9DebLL9PbTRtCK+Dim9tNw31nTv9PjUx2RQMvxq/FI47U2oO+2MqQWtS4LH87g5kyPdS/7jnU37vO1YFudm4CDfqSEF0275uBIu5Zb/mJkeiBucXvDmTmi7ABCnc1e+2nb39qFuZNsXONJ71zwzsQImnd2ULt9QcfyF0T68R72smEMb7V+fNVMxPOgGUTr2aV1NErDzEQGyosyiXudCmTx0Cxtls/XXVi82hGgYloDQ5LPklFtVL8O5zs88l0DKR9lZOWMBNpA+0M4WCYGDp81PMJAmyOOsODrx4E415sYWJ3iS5Zkd7DsccHx8j3Z2+2MibCQJV0vXRh2ByPAOIEgHSEggyLeP1njyMNP5AXqkg7fsqE95Mj6WT8e5zoYd4XRPpQ6Yrr1GOfs1gVr67+tAN48uaxZ0UyzsjXv/2drFKbogqQ16A0/isA9DwkRdoio4hFLXGpuXJmXmP0CJeuzxTbbzsp9xubWF8XAQZwGd8QYxyD57AUzBNL/0myX3fRiFoxZMcXVDOi85MiY8nM9GaR6WxAVx9Ilo9fgqsxMuDLcSCBX5gBqwEG6pluz9izPmpDVxTIv6o/rD5e1b224zOnq4XgHekJ1ifFceOFaVYzwgY+4EKE65ISXBHs55OPX0ZFGFDxAmoeVBGQTDkCRbovKOVuQlnJmNJ6Gp56JMRYFCOjlhS3rhH4Ob12wlQWEFtBiHByW+bjJZg+eJo0wVWg1WbYGTwNy+LDJBzt5+Mm3KrTEIp9fzOoQqLjqNmklnoZ+XvMx6+Beh3DZLOedRNXK4B2loON9IPmLDkRV+5IAuuQjk77kgJG0vMveL4v2iXmI9Gz9Ljqao/JiScLShNoAtEjM2l63XGajYANQ/4YEhcHCZfGRbk38mkC5CIRCcggHr3ON5Z4znNshaMPMbuJ6WBrSbvBxfdhT0Ubaq+uTZPC6V74Lgs9M7tfsQiRaFwg51aHsqoj+VooiPhaoPHz+PIF+VdkejjpDYBXxOOWQDi7pmZSHAnwsRUT2yBt53HcS2p3wouGno7juz3JzFVsRsqGiuTiahBO+utzsqd+aFbuVRMfCJLikOXzWYQD8qmIU1wGIB3bHZ2tft6nNIf/aLLgWcyaPMrwLvUz+GRwo6TAxAnTgqct7k86ua+WQlkgIiXc+bZHvA8MZIcUYaIVbg+G9z2DgBy4YEiEib+AQJJY55I0ys7xbDigPF8KJC5sjBIZ2RLszXPiZ3ZQJB3j1E9fp3aOG6spVmnDymcoRBvnQ0s9Q+Owu+lhKJfA+hyZ+vSg5p3DhogCV5YhUkve1I4SXT5n0POV7OiMB8EtiUIcbkS9D6odr4BVAfEphXaAathbQUFoSzQ6fEcH+mGT28CcUXSYSXQy2h5ZVvCqUI+yxxSu/xnpYZWimdabNgGAqFq9LS6vv1T9kP6m91yYYdoeQctm636MKEKc+8vjcIxzMwowSz3VAGI6Bd55X3SyvES6aL7GLMlVONpasgUmG2WH+CEPDbEobKFR0EoRsho6W0yYYjzJD23kljo80b7LXF259MJIOhzBSDnXFsxlcUAx5CEKkcS3Zyd0QBujJG9caM27QZXabs6tXJDzXCw0XTX1+8fSg6BEc7ByEi9rQwuCJKD9UHpTzuNelvuBPcZ+EvG6FvS9IEU5tDLxnUz75ysuig30c4lEwZZCWonLUDQ1hPmXNow3rgq0oIBl4k5LvTZITPPYNs4KWWaShLSQQwcAcMYkLDw6kOyJnC0Akr2QDHv5E5Ys2s+0x0TGrCVLHRM4Y6CgHPMwNjjAY2D7FoYFBaCeZVJhSYgDS8gIq5xMhoYeIAQgtkg1yZA/G53pYnmSMGe0Jg5h8QYuAsVzzfvCSw8/KyujW5bJ0fNoQGiPyZ5qAMJAJQhZnRy3Ss7pTn3FJDkEYMsA1Kh0hcjpNN0rw/oCAMkSumNsIYctlRUBPINrlL5aWH30fI5HFgSANgYEfXHM5baKT53RBkYAQQjiMCWL9e94sDP/whWRd+Dpg3SmbBVkn43MF9E7mJprd8y4t/OYpuSYtwQunsT3QHPE5Zl/W+EDR0ZqFFaK0NQFbIC+ak3rvtT3tcRHF/YWMKcIxmCBVmjuQDJ2jhuOeD5cEEl/OmYAE+W6DECan1Eq2CcCyA42EvRJbpiwzQiCoOp4FYcdoWEiiX/IKJy2pcgIPoyIkCEu0I/oNOhgaF+1Y3THrK4PT4nPdCKdYztsZ5Xl7RRv10q4QBDZyQmBIj/qj/dRPRuH8slMjaXNibndCe1leB0lMQmpDwkHq9af2Uxb1xhY+EcLRjx6nDG8L14FP+6ELAXOna3JbhnZDr/6FhCYq5GWi/cnH4VdyUGdWJs+JjC+ZTRmXffv96bCVBIQBySB1qIPwQwvNll2pEaFR9JimLqYXdq38nkdcfKStu3l0TmduwM4c/Cd7sj5LBjp2C/TkjU4gjAcDxp8GLfrN0515nMopPQA9x0qIMzt6j8NgmU+KRpuq/MgDYaGdXzRQISQwF/c5hoUk2obgxNqeenAhDMN4AHoATaOSFU/1pDwhJGu6SIOOPOECsvJEoXCMRxjfw2n+YJOyxJKGdK4jaaFsHFSPl0oeEYnMC3CtoY6lLNJb9UGgfsNTViUq7BGyJ4YlmuL0IXQe5zqcOAPCXnqgKVcBzyM8guLDI/DlofBRZZThJzSECP5ylI8vr7bt7li3ka78GfmWAoqjafg4bA4cR4q1pLrz7RKQiyUgskN4aFjaozpUscGhfmmNun/gRixjOXo54xiKganCcx+7Y4EEY49lj9vx5fusLV9Sx7CnXfD1biGv2VFMwFeI2mSFYYjB9jz5R6/yBCFD5HGBe+pg1qN0cE4I71zRcZQBRqbmmHWb1tHdriSVzZv+PCv1wEryGVs5+JsiyMqA8TpViDMcvvMW+BHgcejUBZ7uSH5GB8GMqfysw+Rog7fNifgJcMYWHh807W7hyCOHTxplxuQiX0j/83z8wagI1AhfhH4jTo4yYVCvRz+BHo5D52HheQKQdDYL6tBU5eTXXEsIx3wqAp4QROZ5EhFcxGNyIm8VevkV90Xvj97yRGHdBgrtdtTyu+yKL73O+2FtsBUERFeorglHGOHA58agllcXqNfHHRJxrqw2YJVaxYYGeEm0utR3sMS4jLBzioDsLAHCU3rDtcfLnvqjrcpPsWJbzR+J5VuGMLz7rXjBmREGxyjFp1TebQWjO5OrnpwzevgIkr+EWYTKpR92qniEVi0Q50/dpdu+/Dc/sid7uYkZAuGXS5OTT69mzR8JQQrrjEjMguQFFM/KWRMcHYUEKOx1pejawId4RGPWpM+KWiuQ6HWMKEPByMOIhBCQghaIglsEAVmYMtwPbzXwokak4ygL/MgMWTxDUWYrOYVpB4QeTs7TcEpziZYvIdp/n3F223f/DIK1wlYQEFR41irCCAZXNd7s7veZPfUbMVyXkiU4fjOQLz/VrLdvULOd1sXKh+pj4vO+BsieBEQ8bl2FPnvX4h/blfUTbXpxsQj5+q0IMs2hgURDIBgIAMsJkpn9wQMep55MUJImyEnVwAfk9XLkszzyHR+mY01x0/bosZ984Ad243fe4mWNwc4LwS1bDBCKjK0JA8Tlqou0tLpInMnLW5FgCY8LCbMz60rCSpJ0h5CsAfCnvM5cnz1RnWnn9L3BJrctcjUMYNwBIe5ekML45GLOll6QIHgyPz7LKKAMsaNFMGpOVO7HpCMfcrUVH7nuk2bq6x/Fq/nGYIeGLSwgQDBnODQIbpzZI/8uM+SplCQO4845i0ZcupPstOJA2BR+bEFqJTbKULNsL3r8Ctu3eG+8QUOzu+9yYMTKJxxGLTiV6Gtb0lSHjOdYNyOQaqnqYl1bF6HjFfZywClv0BJXhLpYAkirVAbNCuM77LElvdGwMdhpYQsKiHN+BFthHAIjePDzZqUpQkkIsMQcDxciFLxeJ8uLaEQ4wwAwbmdp0L607FRbWR/nWgfAYBML64+ZP4BwFvLyEADfRVLc/8lB3cM1BC7++Cfmv6Lxxz9Fj66j7by7qa2z3Z5aHvdgxmDnhS0oIBlT4sNcmZNh/vDpEg7ZIAiGb+dioCctApMKz25T4kn3Nbd7FMDvyPfassEe+8fH/9Wm5Rca9wzYnXBfBAhQaA+xeCssxlbZLJ3Y3qT6eJ490qjBm5Tl83LYXVHcyRRm9wM6NBtlqS2VoYqNmzHRnlwxJiA7O2wFDQKHA5nACPfkz2R7jLhrDvexbIEjWbbon/NORB1Y6OP5r0AJGMunPHqO7dN5n1Wb3B5MIFLxtmhZpiUcLO04mJt0frlppplfmiSwTpAgpNKXWAq7LSJU2CTxR7qLh9pZrzZt3OQeu+OR5Z57DHZe2EICEgwYfmI+d91mi/7HrPcWhZWe2RwISLI9fAoX47K9Sh7nWReQWPRoArfuYr99/om/sSt6j7Y8z7Az+7v2ENPKhe2BAMjHKR2pyTQDAuTaQD72BjbJcJrwaA3PQ3NEBA4jxLWJR6XwoNXCTvXxWswZu02y3936BK0dg50YtpCABEMPA2EERfhHPiftwRsSJQx+FELO7Q6c0uE+0fFBRsyQViluM8gYbpMgFc0+8uh/2Kzi456e3TnmYRkCfiMKhFxoAdcnI8pCAIbzxQ9A/fzSftGkHH4gL/NTmaHppIGEwvCfPKnHLrt5odONwc4LW0BAEtO3ACbDdZhVF0uDXCcB6RJJpj2Scx6UDygc9y6CIb1VXkzDOgtDdvItP7SpxXvTTK+ZHM2Rqq0pzlIIzYCc8NLk0CqeXQ5a6SLo0BKutCI/2gN83MFVPpUTaZQlnz/k2GmG02hiuZS37r1n2MMLVnAFY7CTwhYQEDgdbgZG+pr2H/iUWZeMdBeIxNGkMRvjE2VKziATEAGTd9mG7K7+PezSlUdbZ9uAeJt0LZHSjA7jBjGMju1AhEIpHcGBmUGiG/DRLIQVQnr0z0KO34jIR4iS5si2doMmykIYJSVWqTbsyCP3sO/97i6ljcHOCltIg1CMptrESC4cg4+aLfx+aA80RWw7hRaBIVnjIxwjBKSc5w3qEeYcVKmnaYf88QJrt35nTvLwbQjP7jYBDxthUzDDK02Omb6lEVRWxOFpvjmBICk7doTngU5Mn9JDZtKf55evuuKckNKQGfKp3sG+AXv2S/e37/7q1mjwGOyUsAUERFzjDhAXOZTMll8m7hwImYG5PQ0hIqh4677HMGCo+6yvcHdpwC54/Cgbqk60jhwCQjEwM7O4HHLitJnmEATS/awcuN5Rqh9bA6y3MuVxAeBPQkC5kp1Ezx9h0pRTEZUa2FTm4Mq61XeZbjfd82QUNgY7HWzmWaxMICgiMb+f2u02+3057n34BzuYfrn3AZeJjiqZ3jnwtAYMDFVFJm2gfPOuvNLq5aoVRVcocI5KCimXd1vFw/ILSuOzafk24eVz7oqP3PhpXewa5eN4oh9GlPyQ5ocTszNachyxynFOi3sxkgTC4KCHxn1wSAkng3W9Xk8hb/c/sMhmPfyofeuDz09XMAY7E2ymBhHnuHAACAsO41yG66AEJSch8ekYAUE4CKc4XLcWgLG7ChX7zsLX2JJKjy+1kGGMZrJRR9gWLIlCe7ghreIIh/YgLVXFqg56qtQPcul06ALS/SeLk0i7RO/6hrLQGfKdSBjReExRPhO2x57T7Du/vpsCxmAnhM0UEJgGB+dqSvew/DvfK+NcWoTnOOFenAtH4s5sel4LlKQFWKH93XXfs67SE36vA/vC7z9ktoCEzT/zJe73NJUZXxAiPXNiYjnsCJrnWikTKASFppHXyxIdzssmr+goX87r83DUycNQvKky8jSsUCrZoa8+wj73/eviAsZgp4LNFJAMMk0i47y6UvbHH4TiiUEJhgsPjnQg89cBhX477cKXm41/QBEtZsSIrin4U1a3QRSnSp/dk8bIagiaCIut3VcRTksEWwNiTuh6HI2hDApGXvQD5cqnTK7MNYlTkB6F+wlf5R1cNWAvePmhdub/cjN0DHY22AwbJMvGrhRsBDtp6l94jtnNp5iVOZgIDRpEHn5iUi3oQTwdGkNmE/axS8Zfac8/7TfWve+e1qxW/ZhJochTgW1WVAT7A9vDnxjExvC40qFTIrZEZqPwhCB4f1Aqx4NUWCTCqwltlEUa3xPMh+1BPO7JcFVESFcO6FWuMO67EvRELSo7S3blxXfYW2eV7O9ey8NgfxoA6+T2+YzlDtlFGpnJkHHVACevBYTpwIzVPD2FmaBa9Ppx2iw8Mg2/lRiQ8ZPTJKKsHscnHwBfrdtBe4y3m7++7m8SrgmbISDO9QI6BrbhwShpjT+eZLbkQimTdDiRJNYp/jSet9r/nw5C9kv77P9Zsz0/Ym3HnGE9LzxKGiQEq1jKjHMEBEN8pCCEgZ0JRIZDMHjC0IUAJ672JwvzDfkhUDA/IpMryBGG+d1Xi9QkFyx1NEJEh8cTiboOynE8gicNpPi3P3KONS74q3Q9Oz+87u//x5onH21Tp/TEd8w1TmhvtxfVRb6FrgBsgH3nyltxHpuFfWKbXfhEmy15nS5b0pJfYX90VgnI4citfc7FEaZMXkThzRBRBZ5LKw2XE02M/Y8usm+9cTd758kHpCvYMIgNNhXIqppb3J4efL+Xl8FJOLCO2cqFwfkMEL3grQ2yp0FTRr2uCeEAPvbuw23V4qViTvaMKEYdwL0POornjb2D6BR8bAM6KXWcd1aiBed+GhANFHaE4/32jGjVg26/eL5skGKQibOUwiD3gVNBvoSTT/leZ61NtlPRXvyBF9vrP/4rb//ODr+4/AG7olq0ObtMsYFVg1YbrFplSIw5VLHqQC38IfmDNatWqjY0KOYdEs1A1WoV4YWrK15VnprCpPEtdPKAIw9CR7gi+roc+fAbHpbNOaS+Vx6+iNvQSsM/Ia18/mlpjQufauOjF0xk/s2SBx/aKOEANkNAALgdBwtrhl30c9/hjbgcHIYP4+OvSziAoUGzAz6dImYvPGiW5fpWWU0zPTO6Myp/zCheZoS9BhiWuoi7EOCHTMLUQUd6CrsLW8OBsigHl/BZXhrN7EcbfEdNsxL1c5PSn6Enl7TjYP+gHXjo7nbRQyvs3keWknGnhj87/UI7/hWH2Yr00Bhd5feSsBd9yo5+5C8bA/pUc0qii3FSTGFw4QOeh7zuhmmdxsuhkJTm48MQyicdJlM5jFcLFOxb3muvP3mfhBg9bAEBAVIxD/y7zBDZIWwR+UXQUvmxVgmatQH3SDp2Ndv9bxJCAnLYrnbSLLMBaQuqQZPEmyrUQT5zx2zv6lUd7ppBYVfJ4NIOF89/cF7LVbPP+qoOOsKipQx/UwbplCdNkdWhUJThmoZdsFS+0mKXizJJk2vmbOnjy+zlf32y7f2ec9NV7Jzw9n/9rR34iqNt4qQeXbtmdfULGnn4hAJjQV/i6GP6PfoZaXEcYwJt1t/qVxgcTY49430qvI+Nsjm9aDyP+txPTYAXoWv3VI5rj7RMdlCeSq5gXauetH9508bbh5spIGqhg4oZeNis93ZxspZaalQs/HQlXN2GgC/PTn+JlBDHUobhjS/cz+zRR4Vn75dioyO9M92nCn7oXKrS7K54dHZU7xpBOJzPMv6X8BoEn3EEIg28O/2pDF6Z6WXoWsA7KWXrz+lVhsflc3+EE8Sd5aI9+03Ptnd98jxy7HTwx7uesP+7Z6kddtw+vrSim+gMfPpEIe8z8W9Ko3/cE0LM7zQpDbzvUEq4FPZ8jiYP5UTe8IlHPoU80BpTypHPuD8NNERsyx84wWy/uVMScvSwmQJC9lTEU5eaVZYx1StCi9UqtnrWpzkcRIeWPuDrER0BbztRArJkkdadVS8WLeKzkmsSdXZVYXUS2oGZxWf9bIbyMLdigga8z2I+QyUaSYhrI3DZTAatymeGymwafxYkoyPOOOBLhXg6dYJUO3rFNIcdt7f9ZrBk//DNK+NCdhLo7Ruyw9/7P/baD77Mli9a7jO691fy3chOfZiNhY9LKy20gvdzSoepMxyaAA3CSoG+95UBZWR5snJxaHXSXduQJ3w2UUZCU5Nr/fY77Yy/2bSTDhvi3lEAAiFYnIxTMWVAwm8Iqn1mc09IkafDv77tcBt4aplmcdQmmOxou5xm9tAWzDDwbPiZo3OZbXxm8nRlz3yCHtaPz0IxAykLUafD+To3oxOQt6W93A3PgLSHNq54Yrm9/E1H2xfOv9+uuX3neGYEQ3nPN51tb/nMKVbtH/I+4Mq58OH+lxOt9w1/3jepnzJ8y0We+KH/6VPsuyjD0YybMmXj6uW70BCGB5zEfdLZgVwNhPTdtcF+O2yv6Qm5cbAFBCTB3Vp3l3tUohoZ031KWA/AuXDjfl9MiKfD+155gM1rLLOBXCzdWFuSDa3hmgRHHK3gMz3agVknZndmGmYj1wDyq6QL7/TZbASdpjfW0D5D+WwUacxekV/ONY1oqIeBUnv8WXd2xVRG4LnT3rS+FUP2kf98mx39kV/bf51/Z7qaHRMGh6pWfslZduxfv8Lyuu5KRdeuPlcXe9+ztMy0umsA97M4NkKkhxZJ40J/kS6f2T+0hNLIl/LG6WwJAGFPJx5lqBrRKU6afARstUlZ8Xo+b0MLF9jPTntBQm48bBkBGXgk7fKOQihGAsZ514FmPXLrgInd7faKI3ex+uLF1uSOoAYjhCQY1GcehekfhdxXn8uHRhinUVxhfKYymNlnMK8B2khTn1OCfkMInSLD47sLClWZ6lHE6yWgfBowR0mbPPHAYnv7x19j7zzjD3bD3YvA7nCwYuWgzXnDt+1VH361jetp14xc1fXRI1x7XLfbcthp9Icn8E88+oQEgt5f9JHHKSUmFh8r4smHFueTDm4EnjK8HM8HDRWqlrVMyEP5su3WWGUvPny3hNl42DIC8uAX/B4hlz960AUNVKQ9Tk/xdcMX33u82T33+UxCPjoj29Vi9vAZSz2FVvFwmm18DatwaI6Ey2YiHHmVKbSOBkJ+a7ZS3qycKAOcXFYnZae6/ciZ0nw3RX3ga22fBeVraXLqme+0wz56vp327avignYQuPC6h23CK8+2kz7yJuvpLFpFSyu0Zcz60T+tvvJ48lt9F+nZ+GS46H/5SXPQb/iuGVpx8qSyFW/1u/drlBltGOaJkdAs5N32OOtvj1/vy6k3BFtGQJbfxRmPFBktSJj65U1dt/0xEj7xjsOtf9ESt0WGgVmEqVz/zGLqUPWnzzauOdghSTMPP6T5soiZJznSMj9z/IyMs/SiuV6W1yrwepLTHwLiaOEDoz9mVQ3gE/cttnec9mr79h3L7f2f+63Tbe9w8od/YW848xp75+lv0axTdRsk+klTANcuGr9k+iTFoy/kiDMexFvICI+06YY1Q/LTeLHsDhoFUz/7eHodqa/lWDmEcMhbDZp+09IGlkt7zE24TYPNF5DeO+SuVEnlhBglDK0yO+TvUmTD8PFTjrBDS8tt0L9ESFepyhy7Wrl4szczCrOOmDne6B2zTJUZh5lH8ZjhIp7NZK0ZLktXx7tmUufHLCbXRnqiyWYxT09lpfJ9RoNetK5ReCO52kr+wZUD9tq/fIFdN36atb30LLv30e3zZuK3f3OHlU78ug0dvr+99m9fZr3Leq2KcIgX45qTlh5x3Y6nz+iXrJ/oM+8L+pI0aVf8LL87aQrKcMe4hQZxP5UPnd/7wE9xHOPKLunaDPOa7NX644/Y5Z9+WUJuOmy+gAwtNqvy5OBGFgWPT3lehEcBPOj0sTcfZrW77lOEh7ACz+zhswp/6kicr0/TzMMP88yw5ki+06aZqYUHh/gJ4Xn1TzkjZsNAU9eI+Mg0ykwuZjv55Fc7ly1cZvsfuoe94cOvsmNO+4295h9/qRzbB9zx4BJ73ju/Z5+8YoG98tRX2S67TLEVi1ZE33E9XJ9fU2gAd0prXWPEUlqiJTN44pm9IeKRfRRjkvIkTeIaxMvO0hkbxVt59OMlPh1YYVREdPiEhj374NkJu+mwmU8UCu74oGyQL8cO1miBU7tlGebPvT4hRg8HvOcndmf7dOvsam91UFwBe+DpMKM0y8hDjBmeLfKRp3sjLhUtx5sdoRt2CB8HEUWrTkcQHa+a/E6t/HiXV0Yr36Phh50UfuDYXIiDj/g9U3vsgbsX2AVf+739wykH2UfecKhNGseLvbcdDAzV7H8uv8/+7dyb7YGhvL3ynS+09lKbDfUO+kxOx9K1PuHIh1GRGBcWgnBtwodAMHUgMBEnHEwNfeDRBtlSmDhaJvxIR+PgZ7gs7lpJPloEQaLPnw6izeWt78o/Wu2Cd/lB1c2FzReQq44zW/EHzeobISBVLa92eZe4/ayEGD1cfuvj9txPXmCl/Q+xUgXNBVcyljAep2059ZsERJzKCV+EYVhQVvfjBO9IwRmJx1cV+nEBcD8JjOoMAYk84DOhIB2C1X3SmPWibJinvb3oDHPXbY/aostusefsPdm+9ZEXW1dnycvdWvDoEyvtw1+/3K6RbVTaf57tue8cmz57ot8ZZ9njczMMnTgDBnXmE1NncbjGBQY6hCOlO/M7PtKJZ8xP+vBNxXDDaSkuQSAP/UIcQaWcWNJBz7k4Jppoy0hAe/Q+uczetGfOfvTR0dm2G4LNF5Bz1NIpGyEcXNlTK81es0JCNS4hNw6++OPr7NTfLLLuOTOsDes8AZfCxfhz6jzfwVF3FxTiiekzAVF4dc0RjO7H2dVElnSZlnHhEI50wP0Uz9JAZLTkb/mRQZoHAQ6ECwwtdZo2KxXz1jl5vD32wBP2m+9dZt2adj/2mn3toLmT7dC9ptpsaZtNhbsfWWpLlg/YVXctshseeMp+dOGD1r7rZHv+K4+0mbtPs4Flq8LG0LqeJtF/zhL6zxgdpm7FRYZw+z9MLHrsPQCGJgHP7xcRhl4/4RMP9zTBSHTuqx7sjNhdDHzVj/c9/U55BtQ82Fa0vRfdbjed+WYrbvSm0dph8wXkxxrsKbw5cZTFsCBf2W/22s2rtu3FZ1rh0EOsg/5yhguIy2nGA1aaaYY1iZiUMDgYWTgY/GmaI3MqM/ApHWZ2fGJwfEWoGR9wPLTCqhpnflLI10r3JVbCE08+7S6WC1YqFa1/YNAeuvcJW/7EMms88ZR1ruq1fXafbHvMGm/7z53iGmbOlA7rEC1X2ztQsYVP9VvfYNUeXLjCnljaZ7fft8SWD1RtcPw4a3Z12vg5U2z85B6bOWeS94cfQ69W1Q5e2UorxKjJ9+USISWEI5zFg4EhgLH5y+Yo8JkQ+WkHZ3pcLKM83MKvLiStsPL7cgrBEC2aA3y1GkvorM9WA+VpFovW+4eb7Q//cZIdc8CslLD5sHkCsuAcs+tOMetCE4yyGHav9jjVbN8vJMSmwT2aGQ/+h19bc+/9rFStwGUpJQaSQeDzvq5JxOFhg8TSalhzBHO3KVBQ9gijXUKYQjAUJs3jzvXO6PEQFQkhNIEPZve4IAQH2sC7Dyb9OA5CT5ejC8GpGj4dly/lrNjRboWOki16ZImtWLLKnlz4lA32V62vd8DX40ChVLCerrKVRTdB2rx7XKdN22WqlToLVu+riMlqVpe94et91vBkgqm8PvkqhmWVswJ9l4YyEwQ0BahIjr4FQ9hxztjB9OBQKH4jFzqnRwBIDw0R9IEPFztkTpc0RtgesbsldOrLtQDlYHc8+ZS9fZ+CnX3qi1LCloHNE5D7Pisd/rGNM9ARkMN+ajbjtQmx6fCef7/Azrqzbt0zJlsbd+uc8wLisqRJ+FahOnfYBgmNsLrmCOYfpoPvIz3TNPqP9MTArINJB8BTM7TuQ6NAS1g8npZYogjBIJ6lyVd7M02jXPqBZR3tYber/FrS+tt/BJ4edM547kIQuPFGA6K2oB32g7k9CgeqDPISoO/CRXrgg3FdkJJPHHqvE80gMoQt2oBTOGkMysqEwPEeHvaHBUhxNRuNkm3ttq55HTBUKFvPnTfY/We/xcZrotiSsHkCcv3JZkt+qynMn5LaMPBlqTZpm+P+aNax+VtwwPRT/tuWTZ+r2bOsTly9F7NB9mUWDCZmIRzCkAlEFg9GRyvAp3y7EBwlulAp4ELhz66L5ciDL+YNHwdN0LUEQv/kJTCSxjEuBxCEzzPzvsU5Io//chHKBF7FJoi0gCRMyVF39mILOoBdH8J+U1WBGPLMBx/9lMVhdAoa1hz4UQ7hTLPA2JQJ05PmzC48TE5jh+NKRyOQNwkCePINCwZpmeYQfkOaw0F00h79V99oC3/yZpsxaZR8uBGgodkMGJAtkYtnNUYFPEhVnrvFhAP47adeavUH77VKOx8GVY+OgIwhY9ZiMHDZq0g1aO5n6cln4JQ3w1EkPsuGltHpOPLDHDANOJgkpcE0MIjCXoczFmVRfjAHeH86kbCvt+VSPGO+qEN5xMxORx58d0rjDx96/TgNYehabVXdKgHmi7RET7m0Bb9VblYPtOQCBx04pZEXWsr1fJGXdN+dymiJKxD9DL3w9KnwmRtOpw1ZmZmLstac8FYD6tIytP/hhfbXr5m/VYQD2HQNUl1mdvkRutLHVcooz7qwvNrnX83mnZYQWwauvmOhHXPq+dZ12EGWq1WRjJQSEFeoDtd0wA4Xk1KelzS45sDPHDM3OGYuXNC6T340iUryL+O6H0JIXvflWrYJ/8RF5wPtcbyg9binqXFoHBoJvSP1L2alzZl2cWKHNYYLvJgq0hORSBCQAAQEBIJBOTB55pMOPui9n1ygCMsp3VGeN/ODeSkLJieBlRyNiJ2reDzaMc7o+CEEGeO3BEt+aA7OwyWhcRspxmDdoPrVZ70r+u2UqSvth594RcJveVhvM9YLlSW6osUKjLYIDYoUiE08KqJbEI7eb6a96TmzrO+RhdbkLrsP6zA40zFwvo8up2TGMAZH1MlvDeLTwpHHwz7AGnCPM6smOl8aJEZwGuedoFOAcMSVJs6L5UuiI59aGHHSoEs4D8tRh+elHDRScmoDC6wWjdMFTeAogDKgJx0/2hnMTloq0+lIi/YGnjyEk49D40HjcWjpV2iyeGL2RJ/RZY54pBNXfekAJOOjrBsQjoDBqgq57batKhzApmuQpZdp6n6uWVGqLThw/QDJk9Igp2xadaOBU/7ll3bO4h7rHt+lC1MHrqVdDBDo1g3DNPuzbY6mQMu4Dw3axPFoBxW3mp9mOV0ONgr0oUU0/5HgmmQYD6BZOMBIGcKulpZQLT+84BTXMi1IiYIM28qThjJ+HRH/IBT1oUYQkBj3U1x4eWJcCIMOgSFjJpSEYWLAFUQWTzQukDC7UIFPQuHLx8CHMCgfySokJh3sD8VFkPXF+kBZrFooWfnOm+2eM19v0yev/pj2loZRyOo6QJ3ird3wNQVgf3Sm8FaCH/2LZpN777K+oWxHiwauDjA7DODGoA8yA4gfs1imFbg8+IAwAx10WZywmEJlOF0aZGcm+R7OlgxeJnWxrk/awWdx6qCuVIbH8ZUmGt7pFIwl52VHWvi4lEHO486IkU7+bJvV49Ao4HXrL7RLinv+0GgZLhg2HRIEP8L5taWwyJWHfpNTRqdN9beunT/oPF/QU1cIRyqXQkcFaqeEY+ji6+xX//SirS4cwKZrkCfPM7vuZaPf4uV4yeQTzY48PyG2DqzqG7L93/0je2Lu/lbWpWk4UsrqwFX7nVkJUmz9amZPu1WhSdAuxEMjZL7P+mgQlRxvjAcvvymavApFs0AjQhSJQvJpB3mZJaMM1S5ShWmIEN5OqauIe7bABaXX14LVNMoIEPO5l/L5RXopqZyRaHz4UllccIVzx5/whBEc/w59M46fwMwUNSwckc+FE+aF2RE+SQKf3XbbwtPBI7D4CIScwi6ISqf/NggirEs4+u+7y776pgPsfa88KCVsXdh0DVLdyOPa6gjr3CPCWxG4YXb9Ga+36u+u8ndq+QisBZzR9cMAxrF2zYK+tmaAlU3OlwTyGchwI2ZQ5Yt9ffloCwaeNA1+a/bMwi1tAi1LC8JpJvXy5NQmGKopZhQ61Y+Dg/lnJqbeVM/aHEyodP27o5ygj2vCUa6nUbcCPvN7+8JFm0dcD+mOjzyRj/Ssb4bb5HSESUc4PJ5w9C80bm+oz2VvxDiMTjgaRQnH/Y/au46Yts2EA9h0AaksZ9RGD9Dy7qttANMmdtndP3uzmdapVXXsupoZs3wMEELiz0av5jgsJ9+d0mEehf0GFj7pVWgiznMp/hy1l5Wefwcnv6ryIp9cNcLgnIbyKypb5VW0OvQn7ZTPhQl6yuINLl43jnaszaWyRJvlx8/aF22qqw7wtB/aaH+0p5ZoFCdNZfo1Zf0g2pHPavh1eFrkb9VH/crr9eqCog3J566+0nwnEM25IfmQcNQLRet7+BF7zfyCnfWhLXunfEOw6QLCh3JGIfyrQfuMFNj6sPeuU+zKT59sg7/5g9XUwT5trgN8oNISwoUgmyWd2bPZU3GfTdOaO9MKPjtCk/Lhy/lMm3BZ/ig75XOGIi3VCSNks3KKOx46yvc61UavF9wazsvjFamioyzhxOPyKY+0rF7qpJ6YyYM2ytR/zPjQeD7SFHYaOfnDmoS8yXn+ROP0lEGdkcevBcEXDvtnVEsqgLzFovU//qSdMLPNfvbPL00J2w423QZ58HSzOz48ehuEeyBHyP6YJjtkG8I1dyyw55x2vuUPPMQKNQ7nrR/oDdbkCE3YJppFlIlB9fsb8rFNsAPCZ7dLP/gQqgBmRwU8nc6VqSLzgHxRvtMhlJEtwkqQeSL6qAdbwOsj2WOQUe6GAOZVKVGwc3z2mDJLuoQKPDj+xOBcT2wZ609toZ1OpwBCQPuIk4YAUSb1EEdAKAQhBGJpmgQlCR7ljVowAMqVzTHw2CP2gmlmF3zuVSlh28JoenwdUNJFpOBogL7BJtjGcNR+s+zaz7/EBs+/wqp+13/9jYaXEA4GlHV0NoO3ZkcPZ7Ot/DQzO57Z1fOF32ISmApcSo9HSMP5LO8zLWUG0/kMTjnUDU2a7WNWTjPz0xxtibRsZ8mXPjCacB5WGbEcEg68twt6aOI6gj6uwcuk/dCTlvmpTDfKk/M+oLyMJuXfKFsjA/oXm+Phx+2lc/LPmHAAm65BHvtvs5v+XMumnoRYH6iKoV5x6+/NpmzbNWQG9z221I744C+sb97+VuYOuF/2+gcNEu+epC1QGGSJeyfp2DwCpbhSXQOAQGPgr/YUISgvACUkARTOFYnxcm4tPRSKCRb6LB4zuWsSdqha0xltXxuIRoxJ2UGjehSn/UAWFv+KTsKoMEkILwGuNa4Z4qAjD63hHyFmty52r0IwoMGPHSyFlcZEQPrwjt3owdtQKlvfPffYKQeMtx+edlJKeWag1eUbDYWJPh6jg0TIV2+fIZg3Z5Ldc9YbrXrpNdY/VBcTbfjSGVyWBfzFbBiDP7yeTzOywtgLzjDJj9kW2uR7OGbxoJNPOc0wumMWl2vFqQuNEjZFTXFPd0dZa3HUC52XRVzO8w2nY6O4phGNt4G2ZHVneeTHPRDyK91paK+0ktoXtlFcc1Zu5KOPsr6LJeRGAddZbLe+P9xk/3zybs+4cACbrkGeukQL/OeP/k76oGyQA//TbLcPJMQzA7VqzZ7zwXPt6sY06548QaPKe39HN5L0VMyMzO+a4fN5zTDYHMovHJqF/X9ODLtw8ZN81uyuUVxDUEak6d/DmjeVrjSmatLwON2b5jBliR8yEJSLVohxPeQId9TFH98wIYHzUZSLsFG3Xwccr/rYVg4OCEGkCtcUxMkubUYxtA8h8HIkGNTok0GW7v2y8RrDQXlpc0X583ffbt9871H2lhftmxKfWdh0DcJ6fmM7Y+iJFHjmoFAs2FVfPcV2H3zCeu9/yGplXpTgHLJBYPDD0BRzwEhsizJ7MpNqnSIF09IOzK4ex1fcmUm+7ziJJpuF9e++2w2tuLSIl0s4aQQcs3SqL/KjHWDQwJGu5FS+yki2iGsM4fyOf5ZP5TmNlxntpX1uVLMTpohrQtLI6+nKQ9ngPaxyNkdjJOCNmf2VmlUuutpu+uIrthvhADZdgww+Znb54QqsVCmjOPLOnfSpMrYO/3lCPPPwtZ/faO//7m3Wsc/ebje0Zu+NALovZs9gErRF2Crh+3MebvMknz+lBb1PnkHvePzAe7CZF/NIs2QCrDL0rzoUDIwDtB4XM7sKcAgh9hmfmH7c5sjwtFt4b38iQMOA9dO+ykXcfQkOdg1C5mnKQF4/c7YZwG6h5UvWu2ixPbdrhV1w+uv8AbftCTZdQICLJSDVW9VTo3iKqz4Y/omV8LcT+OZvbrd3f+FSKxx5uJWKUvHVasaxo4asC11Q+EsCUpALhtbPCN+3hSHx/V/w8oRzbGJij8Hs7kWZWT3QQTUMqw8h9xqCJqhCUDJfAgM5ggFWvpSBU4fhLqZFk6huNIkLDgKShIIfXx4qb7qMTQDVrTZW2jutct0N9qIDJ9rvP7N1T+VuKmyegPzxZWaLfz26JwrpzSekbd6y6dVtTdjvnd+3Oytd1r3HbhJ67pfQzk3jAIzeYCR8mBtW5KwWqcFYsLDjZbOw0KW+7D6H53NfhC5hkc5vJMiNHDbReVUp6kkgxOtkD584ApvhJQDyyRUaBKaNvOCDLQK3+QIxAlRgo1C0wZVaUTx8r130yZPt+IPnpMTtD2JENhW6n6XZho4cBUCGHC3euocVNxXu+Paf2Rdfvqv1nn+V9Te0qNmYJyXXgFhmBVPxD8P5mr91rAM/1vFukzgOWyDSwvYYmS7f70SnfDJqgiY5P8oBfVYWYeGlKpwW353SMl/pcd8ko4t7Fm6LKN3lw4Uic8Q3H3h+vO+hx2z3VY/bjV961XYtHMDmaRA+u/bruWbjR/lWk3qvaF9sdvT2KSTAspX99oqP/9KuWNltnbOnWU7M47P3FuAQ76H0EzMzkSjXmdAD2R101IZP7al+T+QnMAq2sssnyK9HVXjEAdHqGkhwTaEUj47QGNSNv1F3ukcN1KPCC7I1VvXZ1MUP2QdO2tv++a1Hp/TtGzZPQIAfqlOn99APG4Ym05XWGc+93axjl4TcPuFD37jCvvSjWyx/5LOsWC5Zsbb6q4U2F6LXo9NGhp2T4z/sDgQ01Zv564YQqGxEXYiUP9vmBU8JLkbx77DhcjcRVCGv5KkU2q164022y6Q2u/bfX20zJm395zi2FGy+gNz4JrOFPzYrSUhGA9wP2eWtZgd/NyG2b3je351rVz4hFtt1VyuXitxISQy1lZhqBIRt4CF+Woy/LoAUkmF+j8DW4v91ghralDZqyxds1WMLbFr/YvvffzrJjt5/y73QbVvB5gvI4z80u+Et0gijFBBGfXmf2es3r9ptCdfescA/pdYs91hh/32tXBvS0kvacJtz3vYP7MZV80UbemqZOu42+8KHj/WP90/s8S8s7XCw+QICXHKoWeUOLWJH+dKuugSkY3+z429JiO0EfPqN4Nrg/GsftL/88qX2eH6CdcyZ5ad9XaOQ6U9ZWDKNUSjaqkVLrLRssX3g+Jn2xfdv+rcBtxfYMgJy/2fMbvvHjXsF6YCWWvt92mzPjyXEdgBohbjLF/G1wIq+IfvN1Q/ZKZ+6QLbXNMvvs4+VGhUr8Mw9+TYgZDsVuGDkfGequnix2fV32XvfeoD9xQnz7cj52+7Zn60JW0ZAgF8VZIeIuXKjVKUw0WIJybP/22zO2wL3TEB1hTRav4RDRnhRy8TCpFEzOBrl775+ud1b67T6pGnWM65TK8i6G8YOO6NWQSjktRUKxlOJA08stgmDy+yvXjDXPv2u5wTNTgRbTkAw1K+Rwd49SlvEQVUP9Jrt/jdmB3w54bYRrLo9hIM2FLrkppjlJdzFiRvUIiOhIia57s6F9v6zrrGbb37S7MB9LD9hopXb6pZn1y72VBP1DgiwB+2XxzKqkitaZUiTyR33mA312X+d+hx73kFzbPeZ41OGnQu2nIAAD3zW7FYtmbo2Ukj6JSTjdjU7+EdmE49N+C0M3LMZEgOvvNFscIHaOE8CoUEtSSDyHXITJCTyC8nfxHXSh79xmV1+2wK7ZkVJdla3dU2d6Pc1mnVplqyrt3eBSe3033zBj8SsWiZtv6rXdmnrtcNnd9pn3/Mc23uO+m4nhy0rIMDvxeiVRzfuje8wY22lljoK7vJ22Sb/KSbdmPzrgGXXSyCulnA8rrI1wCz/ylNVtgQDQSBexJdAuF+OetEi6djHpsKvr3nQLrttoX3uv28y6+k222NXaxs3zsrWsLycl551Pb7LzLYWHNVLEzKBVTsa0p5+9Ny0hKpIUzymvrtvgT3vRXPtrcfvbicdvpvNmjKKo0U7CWx5AQGufb3Zop9qBt0Iox2gKTVpE1Y+E8W0c95tNuPVYlotgTo148PYa86+CBbvCUYr9GrZxFJvhQQDu6JrL7P23SUUYv68bItCZwhGmwSjBE7l5jXYHCspyqhsl/CUp6eCtxw8+uRK+9JPb7Ab71ts1z/VZr350C6lznZ/K72f3apzO0++wq0r3KJCQ9kpKEAIHHI80ai46u/tGzTr67W2yqDt11W1/aZ32p+ffIC95Cj14Z8obB0BAa44RkKi2Xs8d02ZL6lmlIPNiNUG/NCgA6dey3uqGAlITkzOC9rQNvzUn5JbquXTEjG5mJ2j9+0zFZZN4RpBeVq2BUsoCS1xwnyOAQHqOUgMO0e4TT9/NVq48d4n7aFFK+0X1zxqv7ppgS29T8I9S22dIgHu7LQ22XAF2S5oGY6S5PzuOL5g5FCtb9gy5pcPVVCqJKERw6q0Y4P3C/X3mXG/YolcddCefeQudsqz59r8OePt6H1nWmf7pn+Af2eBrScgwJO/luH+cjGkBrksRo3DQKMAmpQJk8LeRAmD51+zuWIdHrSAkUrSAjx3UkRbIAgsnbAxJKRtEhYYp4iWkJtwnOyeQ0KrPMNwszTLRTc+bPc+tsxueWCpPVXL2YLBnA04M0vbcL8F4Y0PnWj1x8ngnHy/AyPglzNWcvWmukl9welGNgjqmmTk52sVK6oPp5WbNjlft72mtcuwnmTPPWSOnXDoHCtwSmAMngZbV0CA3rvM7v2E2e0/MZusOAbwag9YUX0mDJsDYoo2la251/IShrwEhPPlXN6QtMyMl0oojlcb5ErSMNtAW2wqrOgd8m8NDlZrtnDpgD2+tM+/QbhisGqPLem3ZQNVW7qyYgM1Xjyn69M1IirtpbxN7C7Z+I6CzdISdZLC08a124wJ7bbX7AmaH9psztRumzW5yzb3Yac/Fdj6ApIBs/9t7zV7/GdaPmlJxPgUxdA5XurmBPxsBCShislTM6VsDpYN7RIMlk7jDzPrPsBs5ilmk3a+/fkx2Daw7QQkg4FHw4h+7GwJyy8VF04mgfR/MLsfudbM7/4IoJncV8BnpYUNgj8kh6kye5qE4nlaz79O9sQeISBjMAabCdteQNYGT11stlxCM/S4lmR3ivHF9Vo+tJSKy4xUju/+7CphmiXtICEgPPmFQTMGY7AVYPsQkDEYg+0Uxiy1MRiD9cCYgIzBGKwHxgRkDMZgPTAmIGMwBuuBMQEZgzFYD4wJyBiMwXpgTEDGYAzWA2MCMgZjsB4YE5AxGIP1wJiAjMEYrAfGBGQMxmA9MCYgYzAG6wSz/w/kcRFzjQFDuwAAAABJRU5ErkJggg==','11','https://www.microsoft.com/en-in/download/Internet-Explorer-11-for-Windows-7-details.aspx','[''Windows'']','SUPPORTED_WITH_WARNING',NULL,NULL,CURRENT_TIMESTAMP,CURRENT_TIMESTAMP,CURRENT_TIMESTAMP,0);

INSERT INTO `browsersupportdisplaynametext` (`BrowserSupport_id`, `Locale_id`, `displayNameText`, `createdby`, `modifiedby`) VALUES ('15610335893', 'en-US', 'Chrome Browser', 'Kony user', 'Kony user');
INSERT INTO `browsersupportdisplaynametext` (`BrowserSupport_id`, `Locale_id`, `displayNameText`, `createdby`, `modifiedby`) VALUES ('15610336043', 'en-US', 'Microsoft Edge', 'Kony user', 'Kony user');
INSERT INTO `browsersupportdisplaynametext` (`BrowserSupport_id`, `Locale_id`, `displayNameText`, `createdby`, `modifiedby`) VALUES ('15610336163', 'en-US', 'Mozilla Firefox', 'Kony user', 'Kony user');
INSERT INTO `browsersupportdisplaynametext` (`BrowserSupport_id`, `Locale_id`, `displayNameText`, `createdby`, `modifiedby`) VALUES ('15610336249', 'en-US', 'Apple Safari', 'Kony user', 'Kony user');
INSERT INTO `browsersupportdisplaynametext` (`BrowserSupport_id`, `Locale_id`, `displayNameText`, `createdby`, `modifiedby`) VALUES ('15610336360', 'en-US', 'Internet Explorer', 'Kony user', 'Kony user');
INSERT INTO `browsersupportdisplaynametext` (`BrowserSupport_id`, `Locale_id`, `displayNameText`, `createdby`, `modifiedby`, `createdts`, `lastmodifiedts`, `synctimestamp`, `softdeleteflag`) VALUES ('15610335893', 'en-GB', 'Chrome Browser', 'Kony user', 'Kony user', CURRENT_TIMESTAMP, CURRENT_TIMESTAMP, CURRENT_TIMESTAMP, '0');
INSERT INTO `browsersupportdisplaynametext` (`BrowserSupport_id`, `Locale_id`, `displayNameText`, `createdby`, `modifiedby`, `createdts`, `lastmodifiedts`, `synctimestamp`, `softdeleteflag`) VALUES ('15610336043', 'en-GB', 'Microsoft Edge', 'Kony user', 'Kony user', CURRENT_TIMESTAMP, CURRENT_TIMESTAMP, CURRENT_TIMESTAMP, '0');
INSERT INTO `browsersupportdisplaynametext` (`BrowserSupport_id`, `Locale_id`, `displayNameText`, `createdby`, `modifiedby`, `createdts`, `lastmodifiedts`, `synctimestamp`, `softdeleteflag`) VALUES ('15610336163', 'en-GB', 'Mozilla Firefox', 'Kony user', 'Kony user', CURRENT_TIMESTAMP, CURRENT_TIMESTAMP, CURRENT_TIMESTAMP, '0');
INSERT INTO `browsersupportdisplaynametext` (`BrowserSupport_id`, `Locale_id`, `displayNameText`, `createdby`, `modifiedby`, `createdts`, `lastmodifiedts`, `synctimestamp`, `softdeleteflag`) VALUES ('15610336249', 'en-GB', 'Apple Safari', 'Kony user', 'Kony user', CURRENT_TIMESTAMP, CURRENT_TIMESTAMP, CURRENT_TIMESTAMP, '0');
INSERT INTO `browsersupportdisplaynametext` (`BrowserSupport_id`, `Locale_id`, `displayNameText`, `createdby`, `modifiedby`, `createdts`, `lastmodifiedts`, `synctimestamp`, `softdeleteflag`) VALUES ('15610336360', 'en-GB', 'Internet Explorer', 'Kony user', 'Kony user', CURRENT_TIMESTAMP, CURRENT_TIMESTAMP, CURRENT_TIMESTAMP, '0');
INSERT INTO `browsersupportdisplaynametext` (`BrowserSupport_id`, `Locale_id`, `displayNameText`, `createdby`, `modifiedby`, `createdts`, `lastmodifiedts`, `synctimestamp`, `softdeleteflag`) VALUES ('15610335893', 'fr-FR', 'Navigateur Chrome', 'Kony user', 'Kony user', CURRENT_TIMESTAMP, CURRENT_TIMESTAMP, CURRENT_TIMESTAMP, '0');
INSERT INTO `browsersupportdisplaynametext` (`BrowserSupport_id`, `Locale_id`, `displayNameText`, `createdby`, `modifiedby`, `createdts`, `lastmodifiedts`, `synctimestamp`, `softdeleteflag`) VALUES ('15610336043', 'fr-FR', 'Microsoft Edge', 'Kony user', 'Kony user', CURRENT_TIMESTAMP, CURRENT_TIMESTAMP, CURRENT_TIMESTAMP, '0');
INSERT INTO `browsersupportdisplaynametext` (`BrowserSupport_id`, `Locale_id`, `displayNameText`, `createdby`, `modifiedby`, `createdts`, `lastmodifiedts`, `synctimestamp`, `softdeleteflag`) VALUES ('15610336163', 'fr-FR', 'Mozilla Firefox', 'Kony user', 'Kony user', CURRENT_TIMESTAMP, CURRENT_TIMESTAMP, CURRENT_TIMESTAMP, '0');
INSERT INTO `browsersupportdisplaynametext` (`BrowserSupport_id`, `Locale_id`, `displayNameText`, `createdby`, `modifiedby`, `createdts`, `lastmodifiedts`, `synctimestamp`, `softdeleteflag`) VALUES ('15610336249', 'fr-FR', 'Apple Safari', 'Kony user', 'Kony user', CURRENT_TIMESTAMP, CURRENT_TIMESTAMP, CURRENT_TIMESTAMP, '0');
INSERT INTO `browsersupportdisplaynametext` (`BrowserSupport_id`, `Locale_id`, `displayNameText`, `createdby`, `modifiedby`, `createdts`, `lastmodifiedts`, `synctimestamp`, `softdeleteflag`) VALUES ('15610336360', 'fr-FR', 'Internet Explorer', 'Kony user', 'Kony user', CURRENT_TIMESTAMP, CURRENT_TIMESTAMP, CURRENT_TIMESTAMP, '0');
INSERT INTO `browsersupportdisplaynametext` (`BrowserSupport_id`, `Locale_id`, `displayNameText`, `createdby`, `modifiedby`, `createdts`, `lastmodifiedts`, `synctimestamp`, `softdeleteflag`) VALUES ('15610335893', 'es-ES', 'Navegador chrome', 'Kony user', 'Kony user', CURRENT_TIMESTAMP, CURRENT_TIMESTAMP, CURRENT_TIMESTAMP, '0');
INSERT INTO `browsersupportdisplaynametext` (`BrowserSupport_id`, `Locale_id`, `displayNameText`, `createdby`, `modifiedby`, `createdts`, `lastmodifiedts`, `synctimestamp`, `softdeleteflag`) VALUES ('15610336043', 'es-ES', 'Microsoft Edge', 'Kony user', 'Kony user', CURRENT_TIMESTAMP, CURRENT_TIMESTAMP, CURRENT_TIMESTAMP, '0');
INSERT INTO `browsersupportdisplaynametext` (`BrowserSupport_id`, `Locale_id`, `displayNameText`, `createdby`, `modifiedby`, `createdts`, `lastmodifiedts`, `synctimestamp`, `softdeleteflag`) VALUES ('15610336163', 'es-ES', 'Mozilla Firefox', 'Kony user', 'Kony user', CURRENT_TIMESTAMP, CURRENT_TIMESTAMP, CURRENT_TIMESTAMP, '0');
INSERT INTO `browsersupportdisplaynametext` (`BrowserSupport_id`, `Locale_id`, `displayNameText`, `createdby`, `modifiedby`, `createdts`, `lastmodifiedts`, `synctimestamp`, `softdeleteflag`) VALUES ('15610336249', 'es-ES', 'Apple Safari', 'Kony user', 'Kony user', CURRENT_TIMESTAMP, CURRENT_TIMESTAMP, CURRENT_TIMESTAMP, '0');
INSERT INTO `browsersupportdisplaynametext` (`BrowserSupport_id`, `Locale_id`, `displayNameText`, `createdby`, `modifiedby`, `createdts`, `lastmodifiedts`, `synctimestamp`, `softdeleteflag`) VALUES ('15610336360', 'es-ES', 'Explorador de Internet', 'Kony user', 'Kony user', CURRENT_TIMESTAMP, CURRENT_TIMESTAMP, CURRENT_TIMESTAMP, '0');
INSERT INTO `browsersupportdisplaynametext` (`BrowserSupport_id`, `Locale_id`, `displayNameText`, `createdby`, `modifiedby`, `createdts`, `lastmodifiedts`, `synctimestamp`, `softdeleteflag`) VALUES ('15610335893', 'it-IT', 'Browser Chrome', 'Kony user', 'Kony user', CURRENT_TIMESTAMP, CURRENT_TIMESTAMP, CURRENT_TIMESTAMP, '0');
INSERT INTO `browsersupportdisplaynametext` (`BrowserSupport_id`, `Locale_id`, `displayNameText`, `createdby`, `modifiedby`, `createdts`, `lastmodifiedts`, `synctimestamp`, `softdeleteflag`) VALUES ('15610336043', 'it-IT', 'Microsoft Edge', 'Kony user', 'Kony user', CURRENT_TIMESTAMP, CURRENT_TIMESTAMP, CURRENT_TIMESTAMP, '0');
INSERT INTO `browsersupportdisplaynametext` (`BrowserSupport_id`, `Locale_id`, `displayNameText`, `createdby`, `modifiedby`, `createdts`, `lastmodifiedts`, `synctimestamp`, `softdeleteflag`) VALUES ('15610336163', 'it-IT', 'Mozilla Firefox', 'Kony user', 'Kony user', CURRENT_TIMESTAMP, CURRENT_TIMESTAMP, CURRENT_TIMESTAMP, '0');
INSERT INTO `browsersupportdisplaynametext` (`BrowserSupport_id`, `Locale_id`, `displayNameText`, `createdby`, `modifiedby`, `createdts`, `lastmodifiedts`, `synctimestamp`, `softdeleteflag`) VALUES ('15610336249', 'it-IT', 'Apple Safari', 'Kony user', 'Kony user', CURRENT_TIMESTAMP, CURRENT_TIMESTAMP, CURRENT_TIMESTAMP, '0');
INSERT INTO `browsersupportdisplaynametext` (`BrowserSupport_id`, `Locale_id`, `displayNameText`, `createdby`, `modifiedby`, `createdts`, `lastmodifiedts`, `synctimestamp`, `softdeleteflag`) VALUES ('15610336360', 'it-IT', 'Internet Explorer', 'Kony user', 'Kony user', CURRENT_TIMESTAMP, CURRENT_TIMESTAMP, CURRENT_TIMESTAMP, '0');

INSERT INTO `configurations` (`configuration_id`, `bundle_id`, `config_type`, `config_key`, `description`, `config_value`, `target`, `isPreLoginConfiguration`, `createdby`, `modifiedby`, `createdts`, `lastmodifiedts`, `synctimestamp`, `softdeleteflag`) VALUES ('3bca9ff8-74e7-4e93-9db1-6686b2b05432', 'NUO_CONFIG_BUNDLE', 'PREFERENCE', 'CONFIGURABLE_FLOW', 'NUO configurable flow', 'FastOnBoarding,Membership Eligibility,Phone No,Personal Information,ID information,Accept and Submit,Create Member,MemberShip Acknowledgement,Create UserName Password,Create UserName Acknowledgement', 'SERVER', '1', 'Kony dev', 'Kony dev', CURRENT_TIMESTAMP, CURRENT_TIMESTAMP, CURRENT_TIMESTAMP, '0');

INSERT INTO `contenttype` (`id`, `Name`, `createdby`) VALUES ('TEXT', 'Text', 'Kony User');
INSERT INTO `contenttype` (`id`, `Name`, `createdby`) VALUES ('URL', 'URL', 'Kony User');

INSERT INTO `termandcondition` (`id`, `Code`, `Title`, `Description`) VALUES ('1920000', 'DBX_Default_T&C', 'DBX default terms & conditions', 'This terms & condition is used by default to support the DBX apps that does not send any code in its request');

INSERT INTO `termandconditiontext` (`id`, `TermAndConditionId`, `LanguageCode`, `ContentType_id`) VALUES ('3434211', '1920000', 'en-US', 'TEXT');

UPDATE `termandconditiontext` SET `Content` = '<p>This Agreement covers Kony Online Banking, Electronic Funds Transfers, Bill Payer and External Transfer services. \"You\" refers to the persons receiving the services provided under this Agreement.</p><p>&nbsp;</p><p><strong> 1. Enrolling in Online Banking </strong></p><div style=\"padding: 0px 0px 0px 35px;\"><ol><li>After you have reviewed this agreement, you can enroll in Online Banking by clicking on the \"Accept\" button. Please retain a copy of this Agreement for your records, either by printing a copy or saving a copy on your computer\'s hard drive. Your clicking on the Accept button constitutes your consent to the terms of this Agreement and your acknowledgment that you have been able to retain a copy of this Agreement in paper or electronic form.</li><li>Bill Payer: Bill Payer requires an additional enrollment from within Online Banking.</li><li>Wire Transfers: Wire Transfers requires your acceptance of the Wire Transfer Agreement found at the Wire Transfer selection site. This service allows you to transfer funds via the Automated Clearinghouse (ACH) system from any of your accounts at any financial institution to any other account held by you or another person at the same or another financial institution.</li></ol></div><p>&nbsp;</p><p><strong> 2. Account Review </strong></p><p style=\"padding: 0px 0px 0px 35px;\">All enrollments in Online Banking, Bill Payer and External transfer Wire service are subject to Bank review and approval. Your accounts with the Bank must be in good standing. To use Bill Pay, you must have a Bank checking account.</p><p>&nbsp;</p><p><strong> 3. Other Governing Laws and Agreements </strong></p><p style=\"padding: 0px 0px 0px 35px;\">Your use of Online Banking, Bill Payer or External Transfer Wire services to conduct transactions on your Bank accounts is also subject to the terms of your Bank Member Account Handbook, Master Membership Agreement and Schedule of Fees and Charges. Online Banking, Bill Payer and External Transfer Wire service are subject to applicable California and federal law, including but not limited to the Electronic Funds Transfer Act and Federal Reserve Regulation E. External transfer Wire service is also subject to the rules of the National Automated Clearing House Association (NACHA). If any provision of this Agreement is unenforceable, the remaining provisions will continue in effect. This Agreement will be given its reasonable meaning and not construed against either party.</p><p>&nbsp;</p><p><strong> 4. Required Equipment </strong></p><p style=\"padding: 0px 0px 0px 35px;\">To use Online Banking, Bill Payer or External transfer Wire service, you will need the following: (a) Internet access; (b) a computer with modem and Internet browser that can support SSL and 128-bit encryption (Microsoft Internet Explorer 4.01 or later, Netscape Navigator/Communicator 4.51 or later, or AOL 3.0 or later, should support this level of encryption); and (c) access to a printer and/or other storage medium such as a hard drive for downloading information or printing disclosures. If these requirements change, we will notify you at least 21 days in advance. By clicking on the Accept button, you confirm that you have the equipment required to use Online Banking, Bill Payer and External transfer Wire service.</p><p>&nbsp;</p><p><strong> 5. Your Responsibility for Your Equipment </strong></p><p style=\"padding: 0px 0px 0px 35px;\">You are solely responsible for installing, maintaining and operating your computer and your internet access. We will not be responsible for errors, deletions, failures, or damages of any kind that occur because of malfunctions of your computer, software or internet service. We will not be responsible for any virus that affects your computer or software while using our Online Banking, Bill Payer and or External Transfer Wire service. The warranties provided for Online Banking, Bill Payer and External Transfer WIREis limited to those expressly stated in this Agreement.</p><p>&nbsp;</p><p><strong> 6. Your Responsibility for Complying with This Agreement </strong></p><p style=\"padding: 0px 0px 0px 35px;\">EWireowner of an account on which Online Banking and/or Bill Payer and/or External Transfer Wire service is established is responsible, jointly and individually, to meet the terms of this Agreement. These obligations continue until you notify us to terminate Online Banking and/or Bill Payer and/or External Transfer Wire service or we cancel your Online Banking, Bill Payer service or External Transfer Wire service for a reason permitted by law or this Agreement. EWireowner is responsible for all obligations incurred as a result of authorized use of Online Banking, Bill Payer or External Transfer Wire service until you or we terminate the service(s). Termination of Online Banking, Bill Payer or External Transfer Wire service will not relieve you of obligations incurred prior to termination. This obligation to the Bank will continue even if an owner is later relieved of the obligation by an agreement or court order to which we are not a party, such as a divorce decree. We are not subject to any agreement or court order to which we are not a party. No release from the obligations under this Agreement will be valid unless (a) in writing and signed by an authorized Bank employee or (b) pursuant to a court order in an action to which the Bank is a party.</p><p>&nbsp;</p><p><strong> 7. Security of Your Accounts </strong></p><div style=\"padding: 0px 0px 0px 35px;\"><ol><li><strong> Your passcode: </strong> When you sign up for Online Banking, you will choose your own Access Identification Code (Access ID) and a Passcode. You will need both the Access ID and the Passcode to use the Service You are responsible for keeping your Access ID and Passcode secure. Refer to section 12 of this Agreement for information about your potential liability for unauthorized use of your accounts. Your Passcode is encrypted into our Online Banking database through Digital Insight. No person at Kony Bank or Digital Insight has access to your Passcode. No person at Kony Bank or Digital Insight is permitted to ask you for your Passcode. If any person requests your Passcode, please report the incident to us immediately. If you voluntarily give your Passcode to any person, you are authorizing that person to see any information and conduct any transaction on your accounts that you can see or conduct yourself. You are responsible for all transactions initiated by that person. That person\'s authorization to see and use your accounts continues until you change your Passcode.</li><li><strong> Log-On Security: </strong> Your session will be automatically logged off if you have reached your current timeout period without activity. This is to reduce the risk of unauthorized use if you inadvertently leave your computer unattended with Online Banking open. When you return to your computer, you will be prompted to re-enter your Passcode, and your session will continue where you left off.</li><li><strong> Security Technology: </strong> (i) Online Banking uses Secure Socket Layer (SSL) encryption. The system will typically warn you if your Internet Browser does not have sufficient capacity to support our encryption system. If SSL is securing your communications with us, the appearance of a small padlock icon at the bottom of your screen should change to indicate this fact. (ii) The servers hosting Online Banking at Digital Insight have been certified by \"Certificate Authority\" to assure you that you are actually talking to Digital Insight instead of someone pretending to be Digital Insight. Depending on the age of your browser, you may see that \"Certificate Authorities\" have expired. If this happens, you must update it on your browser. Instructions for upgrading your browser are located in the Browser Update Link, which is located at the bottom of the Online Banking login page. (iii) Digital Insight will pass an encrypted cookie to your computer during your Online Banking sessions. These cookies do not collect any personal information about you. The cookies allow you to process several transactions without re-entering your Passcode for eWiretransaction. The cookie is destroyed when you log off of Online Banking, close your browser, or turn off your computer.</li><li><strong> Security Notices: </strong> In addition to the security features described above, there may be other security-related notices posted on our web site or Online Banking service from time to time. You are responsible for reading all security notices.</li><li><strong> No Security Warranty: </strong> Notwithstanding our efforts to ensure that Online Banking is secure, we cannot and do not warrant that either the Online Banking Home Banking system or data transmitted using the system will be free from monitoring or access by others.</li></ol></div><p>&nbsp;</p><p><strong> 8. Available Services </strong></p><div style=\"padding: 0px 0px 0px 35px;\"><p>If you enroll in Online Banking online, you will have completed your enrollment and may start using the service immediately.</p><p>Online Banking, Bill Payer and External transfer Wire service are generally available 24 hours a day, 7 days a week. The system may be temporarily unavailable from time to time for maintenance, due to high Internet traffic volume, or for other reasons beyond our control. If this happens, please try your transaction again later. We are not responsible for any delays you have in accessing or using Online Banking, Bill Payer or External transfer Wire service.</p><strong> You can use Online Banking to: </strong><ul style=\"padding: 0px 0px 0px 35px;\"><li>Review up to 6 months of transaction history</li><li>Review account balances and available balances</li><li>Review account transactions</li><li>Review interest earned on accounts and interest paid on loans</li><li>Send secure e-mails</li><li>Transfer funds to pay Bank loans</li><li>Transfer funds between Bank accounts</li><li>Advance funds from your Bank Line of Credit</li><li>Download account data to current versions of Quicken</li><li>Pay bills using your Bank checking account with the Bill Payer Service</li><li>Access eStatements</li><li>Change your email address</li><li>Reorder checks</li><li>View images of cleared checks</li><li>Stop payment on checks you have written</li><li>Change online timeout period</li><li>Change your Online Banking passcode</li><li>Change you Access I.D.</li><li>Change history date range and default sort order</li><li>Change your start page</li><li>Execute external transfers</li><li>Utilize Secure Chat</li><li>Complete cross account transfers</li></ul></div><p>&nbsp;</p><p><strong> 9. Limitations </strong></p><div style=\"padding: 0px 0px 0px 35px;\"><ol><li><strong> Limits on Non-Personal Transfers and Withdrawals </strong><p>As required by Federal Reserve Regulation D, you are limited to six non-personal transfers or withdrawals out of your non-transaction accounts per month. Only checking/share draft accounts are considered transaction accounts. Non-personal transfers include transfers made via Online Banking, Bill Payer, audio response, ACH, and overdraft protection transfers. The following types of transactions do not count toward the six-per-month limit on withdrawals and transfers out of non-transaction accounts: (a) transactions made in person; (b) transactions made by messenger; (c) transactions at ATMs; (d) withdrawals in the form of a check mailed to you at your address in your records. All Bill Payer payments must be made from a Bank checking/share draft account.</p></li><li><strong> Account Balance Information </strong><p>Balances displayed on Online Banking may include deposits that we have not yet verified and therefore are not actually available for withdrawal. Online Banking balances may also differ from your records due to deposits in progress, checks outstanding, or other circumstances. When a transaction is presented to us via Online Banking, we will use the available balance in your account to determine whether to authorize the transaction. Our completion of a transaction does not necessarily mean that there are sufficient funds to pay all items that have not cleared your account.</p></li></ol></div><p>&nbsp;</p><p><strong> 10. Fees </strong></p><p style=\"padding: 0px 0px 0px 35px;\">Online Banking is free. The same fees that apply to account transactions conducted by other means will apply to transactions initiated using Online Banking or Bill Payer. For example, if a Bill Payer transaction is returned unpaid due to insufficient funds, you will pay our standard checking/share draft NSF fee with a max per day per account of six. Fees are subject to change. Please refer to the current Bank Schedule of Fees and Charges for fees and fee waiver qualifications.</p><p>&nbsp;</p><p><strong> 11. Our Liability for Failure to Cancel or Stop Payments </strong></p><p style=\"padding: 0px 0px 0px 35px;\">If you attempt to cancel a payment or transfer and we do not do so even though we have sufficient time to act on your request, we will be liable for your losses or damages. In no event will we be liable for damages in excess of the actual loss caused by our failure to cancel the payment, and we will not be liable for any incidental, special or consequential damages.</p><p>&nbsp;</p><p><strong> 12. Your Liability for Unauthorized Use of Online Banking, Bill Payer and External transfer Wire service </strong></p><div style=\"padding: 0px 0px 0px 35px;\"><p>Tell us AT ONCE if you believe your Access ID or Passcode has been lost, stolen or compromised. Telephoning is the best way to keep your possible losses down. Call us at the number or write to us at the address below under \"How to Contact Us.\" in Section 23. You could lose all of the money in your accounts (plus your maximum overdraft line of credit) if you do not tell us on time.</p><ol><li>If you believe your Passcode has been compromised, lost or stolen, and you tell us within two business days after you learn of the loss or theft, you can lose no more than $50 if someone used your Passcode without your permission.</li><li>If you do NOT tell us within two business days after you learn of the loss or theft of your Passcode, and we can prove we could have stopped someone from using your Passcode without your permission if you had told us sooner, you could lose as much as $500.</li><li>If your statement shows transfers or payments that you did not make, tell us at once. If you do not tell us within 60 days after we sent you the first statement on which the unauthorized transfer or payment appeared, you may not get back any money you lost after the 60-day period if we can prove that we could have stopped someone from taking the money if you had told us on time.</li><li>If a good reason (such as a long trip or hospital stay) prevented you from telling us, we may extend the time periods.</li><li>Remember that if you give someone your Access ID and Passcode, you are authorizing them to use Online Banking, Bill Payer and External transfer Wire service and you are responsible for all transactions they perform until you tell us to change or cancel your Access ID and Passcode. This is true even if the person exceeds the scope of permission you gave them to use your accounts. We are not subject to agreements that you make with other people limiting their use of your accounts.</li><li>You are not liable for fraudulent transfers initiated by our employees or by employees of Digital Insight.</li></ol></div><p>&nbsp;</p><p><strong> 13. Privacy </strong></p><p style=\"padding: 0px 0px 0px 35px;\">Please refer to the privacy statement on our website or to our printed privacy policy for full details of our policy on protecting your personal and financial information. With respect to your use of Online Banking, Bill Payer External transfer Wire service, we will disclose information about your accounts and the transfers you make to third parties (a) when necessary to complete transfers; (b) to verify the existence and condition of your account for a third party such as a credit bureau or merchant; (c) to comply with a governmental agency or court order; (d) if you give us written permission; (e) if necessary to fulfill agreements between us and our third party Online Banking, Bill Payer and External transfer Wire service providers; or (f) if it involves a claim by or against us in connection with a deposit to or withdrawal from your account.</p><p>&nbsp;</p><p><strong> 14. Our Liability for Failure to Complete Your Transactions </strong></p><div style=\"padding: 0px 0px 0px 35px;\"><p>If we do not complete a transaction to or from your accounts on time or in the correct amount according to our agreement with you, we will be liable for your losses or damages. However, there are some exceptions. We will not be liable if:</p><ol><li>Through no fault of ours, you do not have available funds or overdraft protection to complete the transaction;</li><li>Your account is closed;</li><li>The Online Banking system was not working properly and you knew or should have know about the problem when you started your transaction;</li><li>The transaction failure or error resulted from a problem with your hardware, software, Internet service provider or other equipment or services over which we have no control;</li><li>Circumstances beyond our control (such as fire, flood, telephone disruption, computer breakdown or postal service disruption) prevent completion of the transaction despite our having taken reasonable precautions;</li><li>Your Access ID or Passcode have been reported lost or stolen and we have blocked their use;</li><li>You failed to supply complete and accurate information required to complete your transaction;</li><li>You failed to allow sufficient time for a Bill Payment to reWirethe payee;</li><li>We deliver a Bill Payment to the payee on time but the payee fails to post the payment in a timely manner;</li><li>Your account is blocked by a legal proceeding such as a garnishment or a court-ordered block that prevents us from making the payment;</li><li>We establish other lawful exceptions and give you proper advance notice of them.</li></ol><p>In no event will be liable for damages in excess of your actual damages, limited to the amount of the payment plus any late fee up to $50. (See the Payment Guarantee below.) We will not be liable for incidental, special, consequential or punitive damages.</p><p>We are not responsible for delays in posting by payees as long as the payee receives payment from us in a timely manner. We are not responsible for losses or damages resulting from your failure to provide us with correct information about your payments or payees. We are not responsible for checks lost by the U.S. postal service or for other untimely payments that result from circumstances outside our control.</p><p>&nbsp;</p></div><p><strong> 15. Payment Guarantee </strong></p><p style=\"padding: 0px 0px 0px 35px;\">Due to circumstances beyond the control of the Bank and our service providers for Online Banking, Bill Payer and External transfer Wire services, particularly delays in handling and posting payments by Billers or financial institutions, some transactions may take longer to be credited to your account. We will bear responsibility for any late payment related charges up to $50.00 should a payment post after its Due Date as long as the payment was scheduled in accordance with the guidelines described under \"Payment Scheduling\" in this Agreement.</p><p>&nbsp;</p><p><strong> 16. Our Responsibility to Follow Your Instructions </strong></p><p style=\"padding: 0px 0px 0px 35px;\">The Bank and Digital Insight will carry out instructions we receive using your Access ID and Passcode in a reasonable manner. You agree to defend, indemnify and hold the Bank, Digital Insight and any of our officers, directors, agents, employees, consultants, or contractors harmless from all costs, claims, damages, expenses and liability we sustain as a result of carrying out, in a reasonable manner, instructions that we receive from you or authorized users of your Online Banking and/or Bill Payer External transfer Wire services.</p><p>&nbsp;</p><p><strong> 17. Your Right to Receive Documentation of Transactions </strong></p><p style=\"padding: 0px 0px 0px 35px;\">You can review your Online Banking, Bill Payer and External transfer Wire service transactions at any time using Online Banking. Online Banking and Bill Payer transactions will appear on your periodic account statements. Please use the Online Banking \"Help\" menu if you have difficulty with information being cut off when you print out account history data.</p><p>&nbsp;</p><p><strong> 18. Termination </strong></p><p style=\"padding: 0px 0px 0px 35px;\">We can discontinue any services we offer, including Online Banking, Bill Payer or External transfer Wire service. . We will notify you at least 21 days in advance if we do this. We can cancel your use of Online Banking, Bill Payer or External transfer Wire service without notice if you default on any term of any agreement you have with Kony Bank. If you close your Bank accounts, or if you have not used Online Banking for 6 consecutive months, Online Banking will be discontinued. You can ask to terminate Online Banking and/or Bill Payer and/or External transfer Wire service at any time by submitting a request by mail, in person, or by e-mail. Termination of your Online Banking, Bill Payer or External transfer Wire service will not relieve you of your liability with respect to any transactions processed before the service was terminated.</p><p>&nbsp;</p><p><strong> 19. Business Days </strong></p><p style=\"padding: 0px 0px 0px 35px;\">Our business days are Monday through Friday, excluding federal holidays.</p><p>&nbsp;</p><p><strong> 20. Changes in Terms </strong></p><p style=\"padding: 0px 0px 0px 35px;\">We can change the terms of this Agreement by giving you at least 21 days advance notice. A change in terms may include adding new terms, deleting existing terms, or changing existing terms. If you object to a change, you can avoid its application to your accounts by discontinuing the related service. If you have elected to receive Bank disclosures electronically, we will notify you by e-mail that the Change in Terms notice is available for you to pick up on our secure web site. Otherwise the change will be mailed to you. We can change terms without advance notice if (a) the change is not adverse to you, or (b) the change is necessary to maintain or restore the security of the Online Banking Home Banking system.</p><p>&nbsp;</p><p><strong> 21. Setoff, Attorney\'s Fees and Collection Costs </strong></p><p style=\"padding: 0px 0px 0px 35px;\">If your use of Online Banking, Bill Payer or External transfer Wire service results in your becoming indebted to us, and you do not pay what you owe upon our written demand, you agree that we can, unless prohibited by law or the account agreement, take funds in any Bank account in which you have an interest to recover all or part of what you owe without advance notice to you. Our exercising this right in the event of your default will not waive our right to use other lawful means to collect what you owe us. If we cannot recover what you owe from your other Bank accounts, you agree to pay reasonable collection costs we incur before we take legal action. If we take legal action to collect what you owe, you agree to pay our reasonable attorney\'s fees and costs of suit in addition to any other remedy the court finds proper, whether the legal action is a collection lawsuit, a proceeding to protect our interests if you become a bankruptcy debtor, an action to enforce a judgment, an appeal, or another type of legal action.</p><p>&nbsp;</p><p><strong> 22. In Case of Errors or Questions Regarding Electronic Funds Transfers </strong></p><div style=\"padding: 0px 0px 0px 35px;\"><p>If you believe that an unauthorized electronic funds transfer occurred on your account or that any other type of error occurred on an electronic funds transfer, please contact us as indicated under \"How to Contact Us\" below.</p><p>Contact us as soon as you can if you think your account history is wrong, or if you need more information concerning an EFT transaction on your account history. We must hear from you not later than 60 days after we sent you the FIRST statement on which the error or problem appeared.</p><p>Please give us the following information about Online Banking transactions:</p><ul><li>Your name</li><li>Your account number</li><li>Your Access ID (but not your Passcode)</li><li>A description of the error or the transaction you are not sure about, and as clear an explanation as you can provide of why you believe there is an error or why you need more information</li><li>The dollar amount of the suspected error</li></ul><p>For Bill Payer transactions, we will need the following information:</p><ul><li>The account number used to pay the bill</li><li>The name of the payee</li><li>The date the payment was scheduled</li><li>The payment confirmation number</li><li>The payment amount</li><li>The payee account number for the payment in question.</li></ul><p>If you tell us orally, we may require you to send your complaint or question in writing within 10 business days.</p><p>We will determine whether an error occurred within 10 business days after we hear from you and will correct any error promptly. If we need more time, however, we may take up to 45 days to investigate your complaint or question (90 days if you have had accounts with us for less than 30 days or if your transaction was initiated outside the United States). If we decide to take more time, we will provisionally credit your account within 10 business days (20 days if you have had accounts with us for less than 30 days) for the amount you think is in error, so you will have use of the money while we investigate. If you do not put your complaint or question in writing within 10 days after we ask you to do so, we may not provisionally credit your account while we are investigating.</p><p>We will tell you the results within three business days after we complete our investigation. If we decide there was no error, we will send you a written explanation. You can request copies of the documents we used in our investigation. If there was no error, we will reverse any credits to your account and notify you that we have done so. We will pay any amounts by which your accounts are overdrawn for five business days after we reverse the provisional credit and we will not charge any overdraft fees, but only to the extent the overdraft does not exceed the amount of the provisional credit. If any overdraft exceeds the amount of the reversed provisional credit, we are not obligated to pay it unless you have overdraft protection available, and we are entitled to collect overdraft fees. In any event, you are obligated to restore any amounts by which your accounts are in negative balance.</p><p>&nbsp;</p></div><p><strong> 23. How to Contact Us </strong></p><div style=\"padding: 0px 0px 0px 35px;\"><p>You can</p><ul><li>Write to us at Kony Bank, P.O. Box 18460 , San Jose, CA 95158-8460</li><li>Telephone us at (408) 445-3386 or (800) 232-8669. Telephone assistance is available 6:00 a.m. to 6:00 p.m. (Pacific Time) Monday through Thursday and 6:00 a.m. to 7:00 p.m. (Pacific Time) on Friday.</li><li>Use the \"Request Payment Inquiry\" link in the Payments section of Online Banking</li><li>Visit any Bank Office.</li></ul><p>&nbsp;</p></div><p><strong> 24. Additional Terms </strong></p><div style=\"padding: 0px 0px 0px 35px;\"><ul><li>You authorize Kony Bank and Digital Insight to copy, use, modify, display and distribute any information, data, materials or other content as necessary to provide the services you request that are described in this Agreement and Disclosure.</li><li>You grant Kony Bank and Digital Insight a license to access the web sites and databases of other financial institutions where you hold accounts, as designated by you, to retrieve information and implement fund transfers and other transactions that you request under this Agreement and Disclosure</li><li>You represent and warrant that you have the right to authorize Kony Bank and Digital Insight to access your accounts to implement fund transfers and other transactions you request under this Agreement and Disclosure.</li><li>You represent that by disclosing and authorizing Kony Bank and Digital Insight to use such information, you are not violating any third party\'s rights.</li><li>You warrant and represent that all information you provide to Kony Bank and Digital Insight is true, current, accurate, and complete.</li><li>You appoint Kony Bank and Digital Insight as your true and lawful attorney-in-fact and agent, with full power of substitution and re-substitution, for you and in your name, place and stead, in any and all capacities, to access accounts to affect fund transfers and other transactions described in this Agreement and Disclosures and requested by you, with full power and authority to do so and to perform eWireand every act and thing necessary to be done in connection with implementing requested transactions, including verifying the content and authenticity of fund transfer and other transaction instructions for purposes of security procedures applicable to accounts, as fully to all intents and purposes as you might or could in person.</li><li>You authorize us to select any reasonable and lawful means to implement your transaction instructions.</li><li>You represent and warrant that you are at least 18 years of age, you have read this Agreement and Disclosure, and you agree to be bound by its terms and conditions. You agree that we can and will rely on your warranties, representations, covenants and agreements in this Agreement and Disclosure.</li></ul><p>ONLINE BANKING, BILL PAYER AND EXTERNAL TRANSFER WIRE SERVICE AND RELATED DOCUMENTATION ARE PROVIDED \"AS IS\" WITHOUT WARRANTY OF ANY KIND, EITHER EXPRESSED OR IMPLIED, INCLUDING, BUT NOT LIMITED TO, THE IMPLIED WARRANTIES OF MERCHANTABILITY AND FITNESS FOR A PARTICULAR PURPOSE.</p><p><strong> Proceed with enrollment for The Service. </strong> By clicking on the \" <strong> Accept </strong> \" button you are acknowledging that you have read and agree to the terms and conditions of this Agreement and would like to proceed with online registration.</p><p>(If you do not agree, choose cancel below.)</p><p>If you click \" <strong> cancel </strong> \" you can still enroll in our Online Banking at a later time by completing an application in one of our offices or by mailing us the enrollment application. You will still be required to accept the Terms of this Agreement.</p><p><strong> FinanceWorks &amp; Debit Rewards Offers -- End User License Agreement </strong></p><p><strong> In addition to the above content, if you decide to use either FinanceWorks or the Debit Rewards Offers application, you acknowledge and agree to the following terms and conditions of service. </strong></p><p><strong> LICENSE GRANT AND RESTRICTIONS. </strong> You are granted a personal, limited, non-exclusive, non-transferable license, to electronically access and use the FinanceWorks Service (the \"Service\") solely to manage your financial data, and the purchase rewards application (\"Debit Rewards Offers\") to benefit from your debit card purchases.</p><p>In addition to the FinanceWorks Service and the Debit Rewards Offers, the terms \"Service\" and \"Debit Rewards Offers\" also include any other programs, tools, internet-based services, components and any \"updates\" (for example, Service maintenance, Debit Rewards information, help content, bug fixes, or maintenance releases, etc.) of the Service or Debit Rewards Offers if and when they are made available to you by us or by our third party vendors. Certain Service and Debit Rewards Offers may be accompanied by, and will be subject to, additional terms and conditions.</p><p>You are not licensed or permitted to do any of the following and you may not allow any third party to do any of the following: (i) access or attempt to access any other systems, programs or data that are not made available for public use; (ii) copy, reproduce, republish, upload, post, transmit, resell or distribute in any way the material from the FinanceWorks site or from the Debit Rewards Offers program; (iii) permit any third party to benefit from the use or functionality of the Service or Debit Rewards Offers, or any other services provided in connection with them, via a rental, lease, timesharing, service bureau, or other arrangement; (iv) transfer any of the rights granted to you ' WHERE (`id` = '3434211');

INSERT INTO `appversiontype` (`id`, `description`, `createdby`, `modifiedby`) VALUES ('MAJOR', 'Major version', 'Kony user', 'Kony user');
INSERT INTO `appversiontype` (`id`, `description`, `createdby`, `modifiedby`) VALUES ('MINOR', 'Minor version', 'Kony user', 'Kony user');
INSERT INTO `appversiontype` (`id`, `description`, `createdby`, `modifiedby`) VALUES ('HOT_FIX', 'Hot fix version', 'Kony user', 'Kony user');

INSERT INTO `appchannel` (`id`, `description`, `createdby`, `modifiedby`) VALUES ('DESKTOP_WEB', 'Desktop web channel', 'Kony user', 'Kony user');
INSERT INTO `appchannel` (`id`, `description`, `createdby`, `modifiedby`) VALUES ('ANDROID_MOBILE', 'Android Mobile channel', 'Kony user', 'Kony user');
INSERT INTO `appchannel` (`id`, `description`, `createdby`, `modifiedby`) VALUES ('ANDROID_TABLET', 'Android Tablet channel', 'Kony user', 'Kony user');
INSERT INTO `appchannel` (`id`, `description`, `createdby`, `modifiedby`) VALUES ('IOS_MOBILE', 'IOS Mobile channel', 'Kony user', 'Kony user');
INSERT INTO `appchannel` (`id`, `description`, `createdby`, `modifiedby`) VALUES ('IOS_TABLET', 'IOS Tablet channel', 'Kony user', 'Kony user');

INSERT INTO `appversion` (`id`, `version`, `versionType`, `isSupported`, `app`, `channel`, `createdby`, `modifiedby`) VALUES ('573548232', '4.1', 'MAJOR', '1', 'RETAIL_BANKING', 'DESKTOP_WEB', 'Kony user', 'Kony user');
INSERT INTO `appversion` (`id`, `version`, `versionType`, `isSupported`, `app`, `channel`, `createdby`, `modifiedby`) VALUES ('573548233', '4.1', 'MAJOR', '1', 'RETAIL_BANKING', 'ANDROID_MOBILE', 'Kony user', 'Kony user');
INSERT INTO `appversion` (`id`, `version`, `versionType`, `isSupported`, `app`, `channel`, `createdby`, `modifiedby`) VALUES ('573548234', '4.1', 'MAJOR', '1', 'RETAIL_BANKING', 'ANDROID_TABLET', 'Kony user', 'Kony user');
INSERT INTO `appversion` (`id`, `version`, `versionType`, `isSupported`, `app`, `channel`, `createdby`, `modifiedby`) VALUES ('573548235', '4.1', 'MAJOR', '1', 'RETAIL_BANKING', 'IOS_MOBILE', 'Kony user', 'Kony user');
INSERT INTO `appversion` (`id`, `version`, `versionType`, `isSupported`, `app`, `channel`, `createdby`, `modifiedby`) VALUES ('573548236', '4.1', 'MAJOR', '1', 'RETAIL_BANKING', 'IOS_TABLET', 'Kony user', 'Kony user');
INSERT INTO `appversion` (`id`, `version`, `versionType`, `isSupported`, `app`, `channel`, `createdby`, `modifiedby`) VALUES ('573548241', '4.1.1', 'MINOR', '1', 'RETAIL_BANKING', 'DESKTOP_WEB', 'Kony user', 'Kony user');
INSERT INTO `appversion` (`id`, `version`, `versionType`, `isSupported`, `app`, `channel`, `createdby`, `modifiedby`) VALUES ('573548242', '4.1.1', 'MINOR', '1', 'RETAIL_BANKING', 'ANDROID_MOBILE', 'Kony user', 'Kony user');
INSERT INTO `appversion` (`id`, `version`, `versionType`, `isSupported`, `app`, `channel`, `createdby`, `modifiedby`) VALUES ('573548243', '4.1.1', 'MINOR', '1', 'RETAIL_BANKING', 'ANDROID_TABLET', 'Kony user', 'Kony user');
INSERT INTO `appversion` (`id`, `version`, `versionType`, `isSupported`, `app`, `channel`, `createdby`, `modifiedby`) VALUES ('573548244', '4.1.1', 'MINOR', '1', 'RETAIL_BANKING', 'IOS_MOBILE', 'Kony user', 'Kony user');
INSERT INTO `appversion` (`id`, `version`, `versionType`, `isSupported`, `app`, `channel`, `createdby`, `modifiedby`) VALUES ('573548245', '4.1.1', 'MINOR', '1', 'RETAIL_BANKING', 'IOS_TABLET', 'Kony user', 'Kony user');
INSERT INTO `appversion` (`id`, `version`, `versionType`, `isSupported`, `app`, `channel`, `createdby`, `modifiedby`) VALUES ('573548246', '4.2', 'MAJOR', '1', 'RETAIL_BANKING', 'DESKTOP_WEB', 'Kony user', 'Kony user');
INSERT INTO `appversion` (`id`, `version`, `versionType`, `isSupported`, `app`, `channel`, `createdby`, `modifiedby`) VALUES ('573548247', '4.2', 'MAJOR', '1', 'RETAIL_BANKING', 'ANDROID_MOBILE', 'Kony user', 'Kony user');
INSERT INTO `appversion` (`id`, `version`, `versionType`, `isSupported`, `app`, `channel`, `createdby`, `modifiedby`) VALUES ('573548248', '4.2', 'MAJOR', '1', 'RETAIL_BANKING', 'ANDROID_TABLET', 'Kony user', 'Kony user');
INSERT INTO `appversion` (`id`, `version`, `versionType`, `isSupported`, `app`, `channel`, `createdby`, `modifiedby`) VALUES ('573548249', '4.2', 'MAJOR', '1', 'RETAIL_BANKING', 'IOS_MOBILE', 'Kony user', 'Kony user');
INSERT INTO `appversion` (`id`, `version`, `versionType`, `isSupported`, `app`, `channel`, `createdby`, `modifiedby`) VALUES ('573548250', '4.2', 'MAJOR', '1', 'RETAIL_BANKING', 'IOS_TABLET', 'Kony user', 'Kony user');
INSERT INTO `appversion` (`id`, `version`, `versionType`, `isSupported`, `app`, `channel`, `createdby`, `modifiedby`) VALUES ('573548251', '4.2', 'MAJOR', '1', 'BUSINESS_BANKING', 'DESKTOP_WEB', 'Kony user', 'Kony user');
INSERT INTO `appversion` (`id`, `version`, `versionType`, `isSupported`, `app`, `channel`, `createdby`, `modifiedby`) VALUES ('573548252', '4.2', 'MAJOR', '1', 'ONBOARDING', 'DESKTOP_WEB', 'Kony user', 'Kony user');
INSERT INTO `appversion` (`id`, `version`, `versionType`, `isSupported`, `app`, `channel`, `createdby`, `modifiedby`) VALUES ('573548253', '4.2.0.1', 'MAJOR', '1', 'CONSUMER_LENDING', 'DESKTOP_WEB', 'Kony user', 'Kony user');
INSERT INTO `appversion` (`id`, `version`, `versionType`, `isSupported`, `app`, `channel`, `createdby`, `modifiedby`) VALUES ('573548254', '4.2.1', 'MAJOR', '1', 'CONSUMER_LENDING', 'DESKTOP_WEB', 'Kony user', 'Kony user');
INSERT INTO `appversion` (`id`, `version`, `versionType`, `isSupported`, `app`, `channel`, `createdby`, `modifiedby`) VALUES ('573548255', '4.2.1', 'MAJOR', '1', 'ONBOARDING', 'DESKTOP_WEB', 'Kony user', 'Kony user');
INSERT INTO `appversion` (`id`, `version`, `versionType`, `isSupported`, `app`, `channel`, `createdby`, `modifiedby`) VALUES ('573548256', '4.2.1', 'MAJOR', '1', 'RETAIL_BANKING', 'DESKTOP_WEB', 'Kony user', 'Kony user');
INSERT INTO `appversion` (`id`, `version`, `versionType`, `isSupported`, `app`, `channel`, `createdby`, `modifiedby`) VALUES ('573548257', '4.2.1', 'MAJOR', '1', 'BUSINESS_BANKING', 'DESKTOP_WEB', 'Kony user', 'Kony user');
INSERT INTO `appversion` (`id`, `version`, `versionType`, `isSupported`, `app`, `channel`, `createdby`, `modifiedby`) VALUES ('573548258', '4.2.1', 'MAJOR', '1', 'RETAIL_BANKING', 'ANDROID_MOBILE', 'Kony user', 'Kony user');
INSERT INTO `appversion` (`id`, `version`, `versionType`, `isSupported`, `app`, `channel`, `createdby`, `modifiedby`) VALUES ('573548259', '4.2.1', 'MAJOR', '1', 'RETAIL_BANKING', 'ANDROID_TABLET', 'Kony user', 'Kony user');
INSERT INTO `appversion` (`id`, `version`, `versionType`, `isSupported`, `app`, `channel`, `createdby`, `modifiedby`) VALUES ('573548260', '4.2.1', 'MAJOR', '1', 'RETAIL_BANKING', 'IOS_MOBILE', 'Kony user', 'Kony user');
INSERT INTO `appversion` (`id`, `version`, `versionType`, `isSupported`, `app`, `channel`, `createdby`, `modifiedby`) VALUES ('573548261', '4.2.1', 'MAJOR', '1', 'RETAIL_BANKING', 'IOS_TABLET', 'Kony user', 'Kony user');
INSERT INTO `appversion` (`id`, `version`, `versionType`, `isSupported`, `app`, `channel`, `createdby`, `modifiedby`, `createdts`, `lastmodifiedts`, `synctimestamp`, `softdeleteflag`) VALUES ('573548262', '4.2.2', 'MINOR', '1', 'CONSUMER_LENDING', 'DESKTOP_WEB', 'Kony user', 'Kony user', CURRENT_TIMESTAMP, CURRENT_TIMESTAMP, CURRENT_TIMESTAMP, '0');
INSERT INTO `appversion` (`id`, `version`, `versionType`, `isSupported`, `app`, `channel`, `createdby`, `modifiedby`, `createdts`, `lastmodifiedts`, `synctimestamp`, `softdeleteflag`) VALUES ('573548263', '4.2.2', 'MINOR', '1', 'ONBOARDING', 'DESKTOP_WEB', 'Kony user', 'Kony user', CURRENT_TIMESTAMP, CURRENT_TIMESTAMP, CURRENT_TIMESTAMP, '0');
INSERT INTO `appversion` (`id`, `version`, `versionType`, `isSupported`, `app`, `channel`, `createdby`, `modifiedby`, `createdts`, `lastmodifiedts`, `synctimestamp`, `softdeleteflag`) VALUES ('573548264', '4.2.2', 'MINOR', '1', 'RETAIL_BANKING', 'DESKTOP_WEB', 'Kony user', 'Kony user', CURRENT_TIMESTAMP, CURRENT_TIMESTAMP, CURRENT_TIMESTAMP, '0');
INSERT INTO `appversion` (`id`, `version`, `versionType`, `isSupported`, `app`, `channel`, `createdby`, `modifiedby`, `createdts`, `lastmodifiedts`, `synctimestamp`, `softdeleteflag`) VALUES ('573548265', '4.2.2', 'MINOR', '1', 'BUSINESS_BANKING', 'DESKTOP_WEB', 'Kony user', 'Kony user', CURRENT_TIMESTAMP, CURRENT_TIMESTAMP, CURRENT_TIMESTAMP, '0');
INSERT INTO `appversion` (`id`, `version`, `versionType`, `isSupported`, `app`, `channel`, `createdby`, `modifiedby`, `createdts`, `lastmodifiedts`, `synctimestamp`, `softdeleteflag`) VALUES ('573548266', '4.2.2', 'MINOR', '1', 'RETAIL_BANKING', 'ANDROID_MOBILE', 'Kony user', 'Kony user', CURRENT_TIMESTAMP, CURRENT_TIMESTAMP, CURRENT_TIMESTAMP, '0');
INSERT INTO `appversion` (`id`, `version`, `versionType`, `isSupported`, `app`, `channel`, `createdby`, `modifiedby`, `createdts`, `lastmodifiedts`, `synctimestamp`, `softdeleteflag`) VALUES ('573548267', '4.2.2', 'MINOR', '1', 'RETAIL_BANKING', 'ANDROID_TABLET', 'Kony user', 'Kony user', CURRENT_TIMESTAMP, CURRENT_TIMESTAMP, CURRENT_TIMESTAMP, '0');
INSERT INTO `appversion` (`id`, `version`, `versionType`, `isSupported`, `app`, `channel`, `createdby`, `modifiedby`, `createdts`, `lastmodifiedts`, `synctimestamp`, `softdeleteflag`) VALUES ('573548268', '4.2.2', 'MINOR', '1', 'RETAIL_BANKING', 'IOS_MOBILE', 'Kony user', 'Kony user', CURRENT_TIMESTAMP, CURRENT_TIMESTAMP, CURRENT_TIMESTAMP, '0');
INSERT INTO `appversion` (`id`, `version`, `versionType`, `isSupported`, `app`, `channel`, `createdby`, `modifiedby`, `createdts`, `lastmodifiedts`, `synctimestamp`, `softdeleteflag`) VALUES ('573548269', '4.2.2', 'MINOR', '1', 'RETAIL_BANKING', 'IOS_TABLET', 'Kony user', 'Kony user', CURRENT_TIMESTAMP, CURRENT_TIMESTAMP, CURRENT_TIMESTAMP, '0');
INSERT INTO `appversion` (`id`, `version`, `versionType`, `isSupported`, `app`, `channel`, `createdby`, `modifiedby`, `createdts`, `lastmodifiedts`, `synctimestamp`, `softdeleteflag`) VALUES ('573548270', '4.2.3', 'MINOR', '1', 'CONSUMER_LENDING', 'DESKTOP_WEB', 'Kony user', 'Kony user', CURRENT_TIMESTAMP, CURRENT_TIMESTAMP, CURRENT_TIMESTAMP, '0');
INSERT INTO `appversion` (`id`, `version`, `versionType`, `isSupported`, `app`, `channel`, `createdby`, `modifiedby`, `createdts`, `lastmodifiedts`, `synctimestamp`, `softdeleteflag`) VALUES ('573548271', '4.2.3', 'MINOR', '1', 'ONBOARDING', 'DESKTOP_WEB', 'Kony user', 'Kony user', CURRENT_TIMESTAMP, CURRENT_TIMESTAMP, CURRENT_TIMESTAMP, '0');
INSERT INTO `appversion` (`id`, `version`, `versionType`, `isSupported`, `app`, `channel`, `createdby`, `modifiedby`, `createdts`, `lastmodifiedts`, `synctimestamp`, `softdeleteflag`) VALUES ('573548272', '4.2.3', 'MINOR', '1', 'RETAIL_BANKING', 'DESKTOP_WEB', 'Kony user', 'Kony user', CURRENT_TIMESTAMP, CURRENT_TIMESTAMP, CURRENT_TIMESTAMP, '0');
INSERT INTO `appversion` (`id`, `version`, `versionType`, `isSupported`, `app`, `channel`, `createdby`, `modifiedby`, `createdts`, `lastmodifiedts`, `synctimestamp`, `softdeleteflag`) VALUES ('573548273', '4.2.3', 'MINOR', '1', 'BUSINESS_BANKING', 'DESKTOP_WEB', 'Kony user', 'Kony user', CURRENT_TIMESTAMP, CURRENT_TIMESTAMP, CURRENT_TIMESTAMP, '0');
INSERT INTO `appversion` (`id`, `version`, `versionType`, `isSupported`, `app`, `channel`, `createdby`, `modifiedby`, `createdts`, `lastmodifiedts`, `synctimestamp`, `softdeleteflag`) VALUES ('573548274', '4.2.3', 'MINOR', '1', 'RETAIL_BANKING', 'ANDROID_MOBILE', 'Kony user', 'Kony user', CURRENT_TIMESTAMP, CURRENT_TIMESTAMP, CURRENT_TIMESTAMP, '0');
INSERT INTO `appversion` (`id`, `version`, `versionType`, `isSupported`, `app`, `channel`, `createdby`, `modifiedby`, `createdts`, `lastmodifiedts`, `synctimestamp`, `softdeleteflag`) VALUES ('573548275', '4.2.3', 'MINOR', '1', 'RETAIL_BANKING', 'ANDROID_TABLET', 'Kony user', 'Kony user', CURRENT_TIMESTAMP, CURRENT_TIMESTAMP, CURRENT_TIMESTAMP, '0');
INSERT INTO `appversion` (`id`, `version`, `versionType`, `isSupported`, `app`, `channel`, `createdby`, `modifiedby`, `createdts`, `lastmodifiedts`, `synctimestamp`, `softdeleteflag`) VALUES ('573548276', '4.2.3', 'MINOR', '1', 'RETAIL_BANKING', 'IOS_MOBILE', 'Kony user', 'Kony user', CURRENT_TIMESTAMP, CURRENT_TIMESTAMP, CURRENT_TIMESTAMP, '0');
INSERT INTO `appversion` (`id`, `version`, `versionType`, `isSupported`, `app`, `channel`, `createdby`, `modifiedby`, `createdts`, `lastmodifiedts`, `synctimestamp`, `softdeleteflag`) VALUES ('573548277', '4.2.3', 'MINOR', '1', 'RETAIL_BANKING', 'IOS_TABLET', 'Kony user', 'Kony user', CURRENT_TIMESTAMP, CURRENT_TIMESTAMP, CURRENT_TIMESTAMP, '0');

INSERT INTO `termandcondition` (`id`, `Code`, `Title`, `Description`) VALUES ('1920003', 'C360_CustomerOnboarding', 'T&C to onboard a new customer through C360', 'Terms & Conditions to onboard a new customer through C360');
INSERT INTO `termandconditiontext` (`id`, `TermAndConditionId`, `LanguageCode`, `ContentType_id`) VALUES ('3434214', '1920003', 'en-US', 'TEXT');
UPDATE `termandconditiontext` SET `Content` = 'PULL CREDIT REPORT<br><b>You authorize, XYZ Bank, to:&nbsp;</b><div><ol><li>Pull a credit report on you and co-applicant (if any) in order to make a credit decision.<br></li><li>Use the information on this application and any other information we or our affiliates have about you to determine your ability to pay, as required by federal law.<br></li><li>Verify, at our option and for your benefit, your application information.<br></li><li>Contact you or receive a detailed message or messages at the telephone, email or direct mail contact data you provided above for purposes of fulfilling this inquiry about automobile loan financing even if you have previously registered on a Do No Call registry or requested XYZ Bank not to send marketing information to you by email and/or direct mail.<br></li></ol><div><br></div></div>VALIDATE CONTACT INFORMATION<div><b>By giving us your phone number and submitting this application, you acknowledge that,</b><br><ol><li>You\'ve reviewed any special disclosure that applies in your state: ME, CA, NY, RI, OH, VT and WI residents</li><li>&nbsp;All information you\'ve submitted is true and correct and is given to obtain credit from us</li><li>Co-applicant (if any) has authorized you to submit this application on his or her behalf.</li><li>You and co-applicant (if any) are of legal contracting age.</li><li>&nbsp;Credit approval, Annual Percentage Rate (APR), and credit terms are based on our review of each applicants application information and credit report.</li><li>You understand we collect your individual income information to determine your individual ability to pay. Examples may include income earned from your employment (salary, overtime, bonus), retirement/pension benefits, and rental properties. Student loans are not acceptable sources of income. Alimony, child support, or separate maintenance income need not be revealed if you don\'t wish it to be considered as a basis for repayment.</li></ol><b>And you agree that XYZ Bank, N.A. may,</b><br>Use automatic telephone dialling systems and prerecorded voice messages in connection with calls or texts made to any telephone number you provide even if the telephone number is assigned to a cellular/mobile telephone service or other service for which the called party is charged according to their normal text messaging rates.<br><br class="\&quot;\&quot;"><br><b>Privacy</b><br>All financial institutions are required by federal law to obtain, verify and record information that identifies each customer before opening an account with us. When you open an account with us, we will ask you for your name, address and other information that will allow us to identify you, such as Social Security number and date of birth. In addition, if the account application is approved, do we have your permission to open your account prior to sending you a copy of our XYZ Bank US Consumer Privacy Notice, which will be sent with your customary account disclosures?<br><br class="\&quot;\&quot;"><br><b>Electronic Consumer Information consent</b><br>To receive the Consumer Information electronically, scroll to read the complete disclosure and then select I consent on this page.<br><br class="\&quot;\&quot;"><br>As part of your online loan application, XYZ bank., is required by law to provide you with certain Consumer Information. You have the right to receive the Consumer Information on paper. With your consent, we may provide the Consumer Information to you electronically instead. If you prefer to receive the Consumer Information on paper, youll need to visit any XYZ banking center to apply in person.<br><br class="\&quot;\&quot;"><br>Your consent only applies to this loan application and the documents listed here. You aren\'t required to consent to receive information electronically to complete this application. If youd like to withdraw your consent after consenting to receive information electronically, or if after receiving electronic documents you would like paper copies, you may do so in the Application Status Center or contact us at 1.888.266.1034 and we will provide you with paper copies at no charge. You can also update your contact information with us by calling that same telephone number. Consent withdrawal wont apply to any actions already taken or initiated in reliance on your consent.<br><br class="\&quot;\&quot;"><br>Type of electronic Consumer Information you may receive:</div><div>&nbsp; &nbsp;&nbsp; Credit Score Notice, if your application is approved</div><div>&nbsp; &nbsp;&nbsp; Adverse Action Letter, if your application is declined</div><div>&nbsp; &nbsp;&nbsp; Any other information related to your application</div>' WHERE (`id` = '3434214');

UPDATE IGNORE `product` SET `OtherProductType_id` = 'OTHER_PRODUCT_TYPE_ID2' WHERE (`id` = 'PRODUCT13');
UPDATE IGNORE `product` SET `OtherProductType_id` = 'OTHER_PRODUCT_TYPE_ID2' WHERE (`id` = 'PRODUCT14');
UPDATE IGNORE `product` SET `OtherProductType_id` = 'OTHER_PRODUCT_TYPE_ID2' WHERE (`id` = 'PRODUCT7');
UPDATE IGNORE `product` SET `OtherProductType_id` = 'OTHER_PRODUCT_TYPE_ID2' WHERE (`id` = 'PRODUCT8');
UPDATE IGNORE `product` SET `OtherProductType_id` = 'OTHER_PRODUCT_TYPE_ID2' WHERE (`id` = 'PRODUCT9');

UPDATE IGNORE `otherproducttype` SET `id` = 'OTHER_PRODUCT_TYPE_ID1', `Name` = 'deposits', `Description` = 'deposits' WHERE (`id` = 'OTHER_PRODUCT_TYPE_ID1');
INSERT IGNORE INTO `otherproducttype` (`id`, `Name`, `Description`, `createdby`, `modifiedby`) VALUES ('OTHER_PRODUCT_TYPE_ID2', 'loans', 'loans', 'Kony user', 'Kony user');

INSERT INTO `permissiontype` (`id`, `Description`, `createdby`, `modifiedby`) VALUES ('PER_TYPE_DECISIONMANAGEMENT', 'Permission Type Decision Management', 'Kony User', 'Kony Dev');

INSERT INTO `permission` (`id`, `Type_id`, `Status_id`, `Name`, `Description`, `isComposite`, `PermissionValue`, `createdby`, `modifiedby`) VALUES ('PID74', 'PER_TYPE_DECISIONMANAGEMENT', 'SID_ACTIVE', 'ViewDecisionFiles', 'User with this permission can view and download decision files', '0', 'TRUE', 'Kony User', 'Kony Dev');
INSERT INTO `permission` (`id`, `Type_id`, `Status_id`, `Name`, `Description`, `isComposite`, `PermissionValue`, `createdby`, `modifiedby`) VALUES ('PID75', 'PER_TYPE_DECISIONMANAGEMENT', 'SID_ACTIVE', 'UpdateDecision', 'User with tis permission can update decision files', '0', 'TRUE', 'Kony User', 'Kony Dev');
INSERT INTO `permission` (`id`, `Type_id`, `Status_id`, `Name`, `Description`, `isComposite`, `PermissionValue`, `createdby`, `modifiedby`) VALUES ('PID76', 'PER_TYPE_DECISIONMANAGEMENT', 'SID_ACTIVE', 'DeleteDecision', 'User with this permission can delete decisions', '0', 'TRUE', 'Kony User', 'Kony Dev');

INSERT INTO `rolepermission` (`Role_id`, `Permission_id`, `createdby`, `modifiedby`) VALUES ('RID_SUPERADMIN', 'PID74', 'Kony User', 'Kony Dev');
INSERT INTO `rolepermission` (`Role_id`, `Permission_id`, `createdby`, `modifiedby`) VALUES ('RID_SUPERADMIN', 'PID75', 'Kony User', 'Kony Dev');
INSERT INTO `rolepermission` (`Role_id`, `Permission_id`, `createdby`, `modifiedby`) VALUES ('RID_SUPERADMIN', 'PID76', 'Kony User', 'Kony Dev');
INSERT INTO `rolepermission` (`Role_id`, `Permission_id`, `createdby`, `modifiedby`) VALUES ('RID_MANAGER', 'PID74', 'Kony User', 'Kony Dev');
INSERT INTO `rolepermission` (`Role_id`, `Permission_id`, `createdby`, `modifiedby`) VALUES ('RID_BUSINESS', 'PID74', 'Kony User', 'Kony Dev');
INSERT INTO `rolepermission` (`Role_id`, `Permission_id`, `createdby`, `modifiedby`) VALUES ('RID_OPS', 'PID74', 'Kony User', 'Kony Dev');

UPDATE `termandconditiontext` SET `Content` = 'This Agreement covers Kony Online Banking, Electronic Funds Transfers, Bill Payer and External Transfer services. \"You\" refers to the persons receiving the services provided under this Agreement. <br><ol><li> <b> <u> Enrolling in Online Banking </u> </b><div 0px=\"\" 35px;\"=\"\" style=\'\"padding:\'><ol><li align=\"\" left\'\'=\"\"> After you have reviewed this agreement, you can enroll in Online Banking by clicking on the \"Accept\" button. Please retain a copy of this Agreement for your records, either by printing a copy or saving a copy on your computer\'s hard drive. Your clicking on the Accept button constitutes your consent to the terms of this Agreement and your acknowledgment that you have been able to retain a copy of this Agreement in paper or electronic form.</li><li> Bill Payer: Bill Payer requires an additional enrollment from within Online Banking.</li><li> Wire Transfers: Wire Transfers requires your acceptance of the Wire Transfer Agreement found at the Wire Transfer selection site. This service allows you to transfer funds via the Automated Clearinghouse (ACH) system from any of your accounts at any financial institution to any other account held by you or another person at the same or another financial institution.</li></ol></div></li><li><p></p><p> <strong> <u> Account Review </u> </strong></p><p 0px=\"\" 35px;\"=\"\" style=\'\"padding:\'> All enrollments in Online Banking, Bill Payer and External transfer Wire service are subject to Bank review and approval. Your accounts with the Bank must be in good standing. To use Bill Pay, you must have a Bank checking account.</p></li><li><p></p><p> <strong> <u> Other Governing Laws and Agreements </u> </strong></p><p 0px=\"\" 35px;\"=\"\" style=\'\"padding:\'> Your use of Online Banking, Bill Payer or External Transfer Wire services to conduct transactions on your Bank accounts is also subject to the terms of your Bank Member Account Handbook, Master Membership Agreement and Schedule of Fees and Charges. Online Banking, Bill Payer and External Transfer Wire service are subject to applicable California and federal law, including but not limited to the Electronic Funds Transfer Act and Federal Reserve Regulation E. External transfer Wire service is also subject to the rules of the National Automated Clearing House Association (NACHA). If any provision of this Agreement is unenforceable, the remaining provisions will continue in effect. This Agreement will be given its reasonable meaning and not construed against either party.</p></li><li><p></p><p> <strong> <u> Required Equipment </u> </strong></p><p 0px=\"\" 35px;\"=\"\" style=\'\"padding:\'> To use Online Banking, Bill Payer or External transfer Wire service, you will need the following:<ul><li> Internet access</li><li> A computer with modem and Internet browser that can support SSL and 128-bit encryption (Microsoft Internet Explorer 4.01 or later, Netscape Navigator/Communicator 4.51 or later, or AOL 3.0 or later, should support this level of encryption)</li><li> Access to a printer and/or other storage medium such as a hard drive for downloading information or printing disclosures. If these requirements change, we will notify you at least 21 days in advance. By clicking on the Accept button, you confirm that you have the equipment required to use Online Banking, Bill Payer and External transfer Wire service.</li></ul></p></li><li><p></p><p> <strong> <u> Your Responsibility for Your Equipment </u> </strong></p><p 0px=\"\" 35px;\"=\"\" style=\'\"padding:\'> You are solely responsible for installing, maintaining and operating your computer and your internet access. We will not be responsible for errors, deletions, failures, or damages of any kind that occur because of malfunctions of your computer, software or internet service. We will not be responsible for any virus that affects your computer or software while using our Online Banking, Bill Payer and or External Transfer Wire service. The warranties provided for Online Banking, Bill Payer and External Transfer WIREis limited to those expressly stated in this Agreement.</p></li><li><p></p><p> <strong> <u> Your Responsibility for Complying with This Agreement </u> </strong></p><p 0px=\"\" 35px;\"=\"\" style=\'\"padding:\'> EWireowner of an account on which Online Banking and/or Bill Payer and/or External Transfer Wire service is established is responsible, jointly and individually, to meet the terms of this Agreement. These obligations continue until you notify us to terminate Online Banking and/or Bill Payer and/or External Transfer Wire service or we cancel your Online Banking, Bill Payer service or External Transfer Wire service for a reason permitted by law or this Agreement. EWireowner is responsible for all obligations incurred as a result of authorized use of Online Banking, Bill Payer or External Transfer Wire service until you or we terminate the service(s). Termination of Online Banking, Bill Payer or External Transfer Wire service will not relieve you of obligations incurred prior to termination. This obligation to the Bank will continue even if an owner is later relieved of the obligation by an agreement or court order to which we are not a party, such as a divorce decree. We are not subject to any agreement or court order to which we are not a party. No release from the obligations under this Agreement will be valid unless<ul><li> In writing and signed by an authorized Bank employee.</li><li> Pursuant to a court order in an action to which the Bank is a party.</li></ul></p></li><li><p></p><p> <strong> <u>Security of Your Accounts</u> </strong></p> <br><div 0px=\"\" 35px;\"=\"\" style=\'\"padding:\'><ol><li> <strong> Your passcode: </strong> When you sign up for Online Banking, you will choose your own Access Identification Code (Access ID) and a Passcode. You will need both the Access ID and the Passcode to use the Service You are responsible for keeping your Access ID and Passcode secure. Refer to section 12 of this Agreement for information about your potential liability for unauthorized use of your accounts. Your Passcode is encrypted into our Online Banking database through Digital Insight. No person at Kony Bank or Digital Insight has access to your Passcode. No person at Kony Bank or Digital Insight is permitted to ask you for your Passcode. If any person requests your Passcode, please report the incident to us immediately. If you voluntarily give your Passcode to any person, you are authorizing that person to see any information and conduct any transaction on your accounts that you can see or conduct yourself. You are responsible for all transactions initiated by that person. That person\'s authorization to see and use your accounts continues until you change your Passcode.</li><li> <strong> Log-On Security: </strong> Your session will be automatically logged off if you have reached your current timeout period without activity. This is to reduce the risk of unauthorized use if you inadvertently leave your computer unattended with Online Banking open. When you return to your computer, you will be prompted to re-enter your Passcode, and your session will continue where you left off.</li><li> <strong> Security Technology: </strong> (i) Online Banking uses Secure Socket Layer (SSL) encryption. The system will typically warn you if your Internet Browser does not have sufficient capacity to support our encryption system. If SSL is securing your communications with us, the appearance of a small padlock icon at the bottom of your screen should change to indicate this fact. (ii) The servers hosting Online Banking at Digital Insight have been certified by \"Certificate Authority\" to assure you that you are actually talking to Digital Insight instead of someone pretending to be Digital Insight. Depending on the age of your browser, you may see that \"Certificate Authorities\" have expired. If this happens, you must update it on your browser. Instructions for upgrading your browser are located in the Browser Update Link, which is located at the bottom of the Online Banking login page. (iii) Digital Insight will pass an encrypted cookie to your computer during your Online Banking sessions. These cookies do not collect any personal information about you. The cookies allow you to process several transactions without re-entering your Passcode for eWiretransaction. The cookie is destroyed when you log off of Online Banking, close your browser, or turn off your computer.</li><li> <strong> Security Notices: </strong> In addition to the security features described above, there may be other security-related notices posted on our web site or Online Banking service from time to time. You are responsible for reading all security notices.</li><li> <strong> No Security Warranty: </strong> Notwithstanding our efforts to ensure that Online Banking is secure, we cannot and do not warrant that either the Online Banking Home Banking system or data transmitted using the system will be free from monitoring or access by others.</li></ol></div> </br></li><li><p></p><p> <strong> <u>Available Services</u> </strong></p><div 0px=\"\" 35px;\"=\"\" style=\'\"padding:\'><p> If you enroll in Online Banking online, you will have completed your enrollment and may start using the service immediately.</p><p> Online Banking, Bill Payer and External transfer Wire service are generally available 24 hours a day, 7 days a week. The system may be temporarily unavailable from time to time for maintenance, due to high Internet traffic volume, or for other reasons beyond our control. If this happens, please try your transaction again later. We are not responsible for any delays you have in accessing or using Online Banking, Bill Payer or External transfer Wire service.</p> You can use Online Banking to:<ul 0px=\"\" 35px;\"=\"\" style=\'\"padding:\'><li> Review up to 6 months of transaction history</li><li> Review account balances and available balances</li><li> Review account transactions</li><li> Review interest earned on accounts and interest paid on loans</li><li> Send secure e-mails</li><li> Transfer funds to pay Bank loans</li><li> Transfer funds between Bank accounts</li><li> Advance funds from your Bank Line of Credit</li><li> Download account data to current versions of Quicken</li><li> Pay bills using your Bank checking account with the Bill Payer Service</li><li> Access eStatements</li><li> Change your email address</li><li> Reorder checks</li><li> View images of cleared checks</li><li> Stop payment on checks you have written</li><li> Change online timeout period</li><li> Change your Online Banking passcode</li><li> Change you Access I.D.</li><li> Change history date range and default sort order</li><li> Change your start page</li><li> Execute external transfers</li><li> Utilize Secure Chat</li><li> Complete cross account transfers</li></ul></div></li><li><p></p><p> <strong> <u>Limitations</u> </strong></p> <br><div 0px=\"\" 35px;\"=\"\" style=\'\"padding:\'><ol><li> <strong> Limits on Non-Personal Transfers and Withdrawals </strong><p> As required by Federal Reserve Regulation D, you are limited to six non-personal transfers or withdrawals out of your non-transaction accounts per month. Only checking/share draft accounts are considered transaction accounts. Non-personal transfers include transfers made via Online Banking, Bill Payer, audio response, ACH, and overdraft protection transfers. The following types of transactions do not count toward the six-per-month limit on withdrawals and transfers out of non-transaction accounts: (a) transactions made in person; (b) transactions made by messenger; (c) transactions at ATMs; (d) withdrawals in the form of a check mailed to you at your address in your records. All Bill Payer payments must be made from a Bank checking/share draft account.</p></li><li> <strong> Account Balance Information </strong><p> Balances displayed on Online Banking may include deposits that we have not yet verified and therefore are not actually available for withdrawal. Online Banking balances may also differ from your records due to deposits in progress, checks outstanding, or other circumstances. When a transaction is presented to us via Online Banking, we will use the available balance in your account to determine whether to authorize the transaction. Our completion of a transaction does not necessarily mean that there are sufficient funds to pay all items that have not cleared your account.</p></li></ol></div> </br></li><li><p></p><p> <strong> <u>Fees</u> </strong></p><p 0px=\"\" 35px;\"=\"\" style=\'\"padding:\'> Online Banking is free. The same fees that apply to account transactions conducted by other means will apply to transactions initiated using Online Banking or Bill Payer. For example, if a Bill Payer transaction is returned unpaid due to insufficient funds, you will pay our standard checking/share draft NSF fee with a max per day per account of six. Fees are subject to change. Please refer to the current Bank Schedule of Fees and Charges for fees and fee waiver qualifications.</p></li><li><p></p><p> <strong> <u>Our Liability for Failure to Cancel or Stop Payments</u> </strong></p><p 0px=\"\" 35px;\"=\"\" style=\'\"padding:\'> If you attempt to cancel a payment or transfer and we do not do so even though we have sufficient time to act on your request, we will be liable for your losses or damages. In no event will we be liable for damages in excess of the actual loss caused by our failure to cancel the payment, and we will not be liable for any incidental, special or consequential damages.</p></li><li><p></p><p> <strong> <u>Your Liability for Unauthorized Use of Online Banking, Bill Payer and External transfer Wire service</u> </strong></p><div 0px=\"\" 35px;\"=\"\" style=\'\"padding:\'><p> Tell us AT ONCE if you believe your Access ID or Passcode has been lost, stolen or compromised. Telephoning is the best way to keep your possible losses down. Call us at the number or write to us at the address below under \"How to Contact Us.\" in Section 23. You could lose all of the money in your accounts (plus your maximum overdraft line of credit) if you do not tell us on time.</p><ul><li> If you believe your Passcode has been compromised, lost or stolen, and you tell us within two business days after you learn of the loss or theft, you can lose no more than $50 if someone used your Passcode without your permission.</li><li> If you do NOT tell us within two business days after you learn of the loss or theft of your Passcode, and we can prove we could have stopped someone from using your Passcode without your permission if you had told us sooner, you could lose as much as $500.</li><li> If your statement shows transfers or payments that you did not make, tell us at once. If you do not tell us within 60 days after we sent you the first statement on which the unauthorized transfer or payment appeared, you may not get back any money you lost after the 60-day period if we can prove that we could have stopped someone from taking the money if you had told us on time.</li><li> If a good reason (such as a long trip or hospital stay) prevented you from telling us, we may extend the time periods.</li><li> Remember that if you give someone your Access ID and Passcode, you are authorizing them to use Online Banking, Bill Payer and External transfer Wire service and you are responsible for all transactions they perform until you tell us to change or cancel your Access ID and Passcode. This is true even if the person exceeds the scope of permission you gave them to use your accounts. We are not subject to agreements that you make with other people limiting their use of your accounts.</li><li> You are not liable for fraudulent transfers initiated by our employees or by employees of Digital Insight.</li></ul></div></li><li><p></p><p> <strong> <u>Privacy</u> </strong></p><p 0px=\"\" 35px;\"=\"\" style=\'\"padding:\'> Please refer to the privacy statement on our website or to our printed privacy policy for full details of our policy on protecting your personal and financial information. With respect to your use of Online Banking, Bill Payer External transfer Wire service, we will disclose information about your accounts and the transfers you make to third parties (a) when necessary to complete transfers; (b) to verify the existence and condition of your account for a third party such as a credit bureau or merchant; (c) to comply with a governmental agency or court order; (d) if you give us written permission; (e) if necessary to fulfill agreements between us and our third party Online Banking, Bill Payer and External transfer Wire service providers; or (f) if it involves a claim by or against us in connection with a deposit to or withdrawal from your account.</p></li><li><p></p><p> <strong> <u>Our Liability for Failure to Complete Your Transactions</u> </strong></p><div 0px=\"\" 35px;\"=\"\" style=\'\"padding:\'><p> If we do not complete a transaction to or from your accounts on time or in the correct amount according to our agreement with you, we will be liable for your losses or damages. However, there are some exceptions. We will not be liable if:</p><ol><li> Through no fault of ours, you do not have available funds or overdraft protection to complete the transaction;</li><li> Your account is closed;</li><li> The Online Banking system was not working properly and you knew or should have know about the problem when you started your transaction;</li><li> The transaction failure or error resulted from a problem with your hardware, software, Internet service provider or other equipment or services over which we have no control;</li><li> Circumstances beyond our control (such as fire, flood, telephone disruption, computer breakdown or postal service disruption) prevent completion of the transaction despite our having taken reasonable precautions;</li><li> Your Access ID or Passcode have been reported lost or stolen and we have blocked their use;</li><li> You failed to supply complete and accurate information required to complete your transaction;</li><li> You failed to allow sufficient time for a Bill Payment to reWirethe payee;</li><li> We deliver a Bill Payment to the payee on time but the payee fails to post the payment in a timely manner;</li><li> Your account is blocked by a legal proceeding such as a garnishment or a court-ordered block that prevents us from making the payment;</li><li> We establish other lawful exceptions and give you proper advance notice of them.</li></ol><p> In no event will be liable for damages in excess of your actual damages, limited to the amount of the payment plus any late fee up to $50. (See the Payment Guarantee below.) We will not be liable for incidental, special, consequential or punitive damages.</p><p> We are not responsible for delays in posting by payees as long as the payee receives payment from us in a timely manner. We are not responsible for losses or damages resulting from your failure to provide us with correct information about your payments or payees. We are not responsible for checks lost by the U.S. postal service or for other untimely payments that result from circumstances outside our control.</p></div></li><li><p></p><p> <strong> <u>Payment Guarantee</u> </strong></p><p 0px=\"\" 35px;\"=\"\" style=\'\"padding:\'> Due to circumstances beyond the control of the Bank and our service providers for Online Banking, Bill Payer and External transfer Wire services, particularly delays in handling and posting payments by Billers or financial institutions, some transactions may take longer to be credited to your account. We will bear responsibility for any late payment related charges up to $50.00 should a payment post after its Due Date as long as the payment was scheduled in accordance with the guidelines described under \"Payment Scheduling\" in this Agreement.</p></li><li><p></p><p> <strong> <u>Our Responsibility to Follow Your Instructions</u> </strong></p><p 0px=\"\" 35px;\"=\"\" style=\'\"padding:\'> The Bank and Digital Insight will carry out instructions we receive using your Access ID and Passcode in a reasonable manner. You agree to defend, indemnify and hold the Bank, Digital Insight and any of our officers, directors, agents, employees, consultants, or contractors harmless from all costs, claims, damages, expenses and liability we sustain as a result of carrying out, in a reasonable manner, instructions that we receive from you or authorized users of your Online Banking and/or Bill Payer External transfer Wire services.</p></li><li><p></p><p> <strong> <u>Your Right to Receive Documentation of Transactions</u> </strong></p><p 0px=\"\" 35px;\"=\"\" style=\'\"padding:\'> You can review your Online Banking, Bill Payer and External transfer Wire service transactions at any time using Online Banking. Online Banking and Bill Payer transactions will appear on your periodic account statements. Please use the Online Banking \"Help\" menu if you have difficulty with information being cut off when you print out account history data.</p></li><li><p></p><p> <strong> <u>Termination</u> </strong></p><p 0px=\"\" 35px;\"=\"\" style=\'\"padding:\'> We can discontinue any services we offer, including Online Banking, Bill Payer or External transfer Wire service. . We will notify you at least 21 days in advance if we do this. We can cancel your use of Online Banking, Bill Payer or External transfer Wire service without notice if you default on any term of any agreement you have with Kony Bank. If you close your Bank accounts, or if you have not used Online Banking for 6 consecutive months, Online Banking will be discontinued. You can ask to terminate Online Banking and/or Bill Payer and/or External transfer Wire service at any time by submitting a request by mail, in person, or by e-mail. Termination of your Online Banking, Bill Payer or External transfer Wire service will not relieve you of your liability with respect to any transactions processed before the service was terminated.</p></li><li><p></p><p> <strong> <u>Business Days</u> </strong></p><p 0px=\"\" 35px;\"=\"\" style=\'\"padding:\'> Our business days are Monday through Friday, excluding federal holidays.</p></li><li><p></p><p> <strong> <u>Changes in Terms</u> </strong></p><p 0px=\"\" 35px;\"=\"\" style=\'\"padding:\'> We can change the terms of this Agreement by giving you at least 21 days advance notice. A change in terms may include adding new terms, deleting existing terms, or changing existing terms. If you object to a change, you can avoid its application to your accounts by discontinuing the related service. If you have elected to receive Bank disclosures electronically, we will notify you by e-mail that the Change in Terms notice is available for you to pick up on our secure web site. Otherwise the change will be mailed to you. We can change terms without advance notice if (a) the change is not adverse to you, or (b) the change is necessary to maintain or restore the security of the Online Banking Home Banking system.</p></li><li><p></p><p> <strong> <u>Setoff, Attorney\'s Fees and Collection Costs</u> </strong></p><p 0px=\"\" 35px;\"=\"\" style=\'\"padding:\'> If your use of Online Banking, Bill Payer or External transfer Wire service results in your becoming indebted to us, and you do not pay what you owe upon our written demand, you agree that we can, unless prohibited by law or the account agreement, take funds in any Bank account in which you have an interest to recover all or part of what you owe without advance notice to you. Our exercising this right in the event of your default will not waive our right to use other lawful means to collect what you owe us. If we cannot recover what you owe from your other Bank accounts, you agree to pay reasonable collection costs we incur before we take legal action. If we take legal action to collect what you owe, you agree to pay our reasonable attorney\'s fees and costs of suit in addition to any other remedy the court finds proper, whether the legal action is a collection lawsuit, a proceeding to protect our interests if you become a bankruptcy debtor, an action to enforce a judgment, an appeal, or another type of legal action.</p></li><li><p></p><p> <strong> <u>In Case of Errors or Questions Regarding Electronic Funds Transfers</u> </strong></p><div 0px=\"\" 35px;\"=\"\" style=\'\"padding:\'><p> If you believe that an unauthorized electronic funds transfer occurred on your account or that any other type of error occurred on an electronic funds transfer, please contact us as indicated under \"How to Contact Us\" below.</p><p> Contact us as soon as you can if you think your account history is wrong, or if you need more information concerning an EFT transaction on your account history. We must hear from you not later than 60 days after we sent you the FIRST statement on which the error or problem appeared.</p><p> Please give us the following information about Online Banking transactions:</p><ul><li> Your name</li><li> Your account number</li><li> Your Access ID (but not your Passcode)</li><li> A description of the error or the transaction you are not sure about, and as clear an explanation as you can provide of why you believe there is an error or why you need more information</li><li> The dollar amount of the suspected error</li></ul><p> For Bill Payer transactions, we will need the following information:</p><ul><li> The account number used to pay the bill</li><li> The name of the payee</li><li> The date the payment was scheduled</li><li> The payment confirmation number</li><li> The payment amount</li><li> The payee account number for the payment in question.</li></ul><p> If you tell us orally, we may require you to send your complaint or question in writing within 10 business days.</p><p> We will determine whether an error occurred within 10 business days after we hear from you and will correct any error promptly. If we need more time, however, we may take up to 45 days to investigate your complaint or question (90 days if you have had accounts with us for less than 30 days or if your transaction was initiated outside the United States). If we decide to take more time, we will provisionally credit your account within 10 business days (20 days if you have had accounts with us for less than 30 days) for the amount you think is in error, so you will have use of the money while we investigate. If you do not put your complaint or question in writing within 10 days after we ask you to do so, we may not provisionally credit your account while we are investigating.</p><p> We will tell you the results within three business days after we complete our investigation. If we decide there was no error, we will send you a written explanation. You can request copies of the documents we used in our investigation. If there was no error, we will reverse any credits to your account and notify you that we have done so. We will pay any amounts by which your accounts are overdrawn for five business days after we reverse the provisional credit and we will not charge any overdraft fees, but only to the extent the overdraft does not exceed the amount of the provisional credit. If any overdraft exceeds the amount of the reversed provisional credit, we are not obligated to pay it unless you have overdraft protection available, and we are entitled to collect overdraft fees. In any event, you are obligated to restore any amounts by which your accounts are in negative balance.</p></div></li><li><p></p><p> <strong> <u>How to Contact Us</u> </strong></p><div 0px=\"\" 35px;\"=\"\" style=\'\"padding:\'><p> You can</p><ul><li> Write to us at Kony Bank, P.O. Box 18460 , San Jose, CA 95158-8460</li><li> Telephone us at (408) 445-3386 or (800) 232-8669. Telephone assistance is available 6:00 a.m. to 6:00 p.m. (Pacific Time) Monday through Thursday and 6:00 a.m. to 7:00 p.m. (Pacific Time) on Friday.</li><li> Use the \"Request Payment Inquiry\" link in the Payments section of Online Banking</li><li> Visit any Bank Office.</li></ul></div></li><li><p></p><p> <strong> <u>Additional Terms</u> </strong></p><div 0px=\"\" 35px;\"=\"\" style=\'\"padding:\'><ul><li> You authorize Kony Bank and Digital Insight to copy, use, modify, display and distribute any information, data, materials or other content as necessary to provide the services you request that are described in this Agreement and Disclosure.</li><li> You grant Kony Bank and Digital Insight a license to access the web sites and databases of other financial institutions where you hold accounts, as designated by you, to retrieve information and implement fund transfers and other transactions that you request under this Agreement and Disclosure</li><li> You represent and warrant that you have the right to authorize Kony Bank and Digital Insight to access your accounts to implement fund transfers and other transactions you request under this Agreement and Disclosure.</li><li> You represent that by disclosing and authorizing Kony Bank and Digital Insight to use such information, you are not violating any third party\'s rights.</li><li> You warrant and represent that all information you provide to Kony Bank and Digital Insight is true, current, accurate, and complete.</li><li> You appoint Kony Bank and Digital Insight as your true and lawful attorney-in-fact and agent, with full power of substitution and re-substitution, for you and in your name, place and stead, in any and all capacities, to access accounts to affect fund transfers and other transactions described in this Agreement and Disclosures and requested by you, with full power and authority to do so and to perform eWireand every act and thing necessary to be done in connection with implementing requested transactions, including verifying the content and authenticity of fund transfer and other transaction instructions for purposes of security procedures applicable to accounts, as fully to all intents and purposes as you might or could in person.</li><li> You authorize us to select any reasonable and lawful means to implement your transaction instructions.</li><li> You represent and warrant that you are at least 18 years of age, you have read this Agreement and Disclosure, and you agree to be bound by its terms and conditions. You agree that we can and will rely on your warranties, representations, covenants and agreements in this Agreement and Disclosure.</li></ul><p> ONLINE BANKING, BILL PAYER AND EXTERNAL TRANSFER WIRE SERVICE AND RELATED DOCUMENTATION ARE PROVIDED \"AS IS\" WITHOUT WARRANTY OF ANY KIND, EITHER EXPRESSED OR IMPLIED, INCLUDING, BUT NOT LIMITED TO, THE IMPLIED WARRANTIES OF MERCHANTABILITY AND FITNESS FOR A PARTICULAR PURPOSE.</p><p> <strong> Proceed with enrollment for The Service. </strong> By clicking on the \" <strong> Accept </strong> \" button you are acknowledging that you have read and agree to the terms and conditions of this Agreement and would like to proceed with online registration.</p><p> (If you do not agree, choose cancel below.)</p><p> If you click \" <strong> cancel </strong> \" you can still enroll in our Online Banking at a later time by completing an application in one of our offices or by mailing us the enrollment application. You will still be required to accept the Terms of this Agreement.</p><p> <strong> FinanceWorks & Debit Rewards Offers -- End User License Agreement </strong></p><p> <strong> In addition to the above content, if you decide to use either FinanceWorks or the Debit Rewards Offers application, you acknowledge and agree to the following terms and conditions of service. </strong></p><p> <strong> <b>LICENSE GRANT AND RESTRICTIONS.</b> </strong> You are granted a personal, limited, non-exclusive, non-transferable license, to electronically access and use the FinanceWorks Service (the \"Service\") solely to manage your financial data, and the purchase rewards application (\"Debit Rewards Offers\") to benefit from your debit card purchases.</p><p> In addition to the FinanceWorks Service and the Debit Rewards Offers, the terms \"Service\" and \"Debit Rewards Offers\" also include any other programs, tools, internet-based services, components and any \"updates\" (for example, Service maintenance, Debit Rewards information, help content, bug fixes, or maintenance releases, etc.) of the Service or Debit Rewards Offers if and when they are made available to you by us or by our third party vendors. Certain Service and Debit Rewards Offers may be accompanied by, and will be subject to, additional terms and conditions.</p><p> You are not licensed or permitted to do any of the following and you may not allow any third party to do any of the following: (i) access or attempt to access any other systems, programs or data that are not made available for public use; (ii) copy, reproduce, republish, upload, post, transmit, resell or distribute in any way the material from the FinanceWorks site or from the Debit Rewards Offers program; (iii) permit any third party to benefit from the use or functionality of the Service or Debit Rewards Offers, or any other services provided in connection with them, via a rental, lease, timesharing, service bureau, or other arrangement; (iv) transfer any of the rights granted to you </p></div></li></ol> </br>' WHERE (`id` = '3434211');

INSERT IGNORE INTO `securityquestion` (`id`, `Status_id`, `Question`, `createdby`, `modifiedby`, `createdts`, `lastmodifiedts`, `synctimestamp`, `softdeleteflag`) VALUES ('SEC_QUES_ID_12', 'SID_ACTIVE', 'In what city or town was your first job?', 'Kony User', 'Kony Dev', CURRENT_TIMESTAMP, CURRENT_TIMESTAMP, CURRENT_TIMESTAMP, '0');
INSERT IGNORE INTO `securityquestion` (`id`, `Status_id`, `Question`, `createdby`, `modifiedby`, `createdts`, `lastmodifiedts`, `synctimestamp`, `softdeleteflag`) VALUES ('SEC_QUES_ID_13', 'SID_ACTIVE', 'What street did you live on in third grade?', 'Kony User', 'Kony Dev', CURRENT_TIMESTAMP, CURRENT_TIMESTAMP, CURRENT_TIMESTAMP, '0');
INSERT IGNORE INTO `securityquestion` (`id`, `Status_id`, `Question`, `createdby`, `modifiedby`, `createdts`, `lastmodifiedts`, `synctimestamp`, `softdeleteflag`) VALUES ('SEC_QUES_ID_14', 'SID_ACTIVE', 'Who was your childhood hero?', 'Kony User', 'Kony Dev', CURRENT_TIMESTAMP, CURRENT_TIMESTAMP, CURRENT_TIMESTAMP, '0');
INSERT IGNORE INTO `securityquestion` (`id`, `Status_id`, `Question`, `createdby`, `modifiedby`, `createdts`, `lastmodifiedts`, `synctimestamp`, `softdeleteflag`) VALUES ('SEC_QUES_ID_15', 'SID_ACTIVE', 'What was your dream job as a child?', 'Kony User', 'Kony Dev', CURRENT_TIMESTAMP, CURRENT_TIMESTAMP, CURRENT_TIMESTAMP, '0');
INSERT IGNORE INTO `securityquestion` (`id`, `Status_id`, `Question`, `createdby`, `modifiedby`, `createdts`, `lastmodifiedts`, `synctimestamp`, `softdeleteflag`) VALUES ('SEC_QUES_ID_16', 'SID_ACTIVE', 'What celebrity do you most resemble?', 'Kony User', 'Kony Dev', CURRENT_TIMESTAMP, CURRENT_TIMESTAMP, CURRENT_TIMESTAMP, '0');
INSERT IGNORE INTO `securityquestion` (`id`, `Status_id`, `Question`, `createdby`, `modifiedby`, `createdts`, `lastmodifiedts`, `synctimestamp`, `softdeleteflag`) VALUES ('SEC_QUES_ID_17', 'SID_ACTIVE', 'What is the name of your favorite charity?', 'Kony User', 'Kony Dev', CURRENT_TIMESTAMP, CURRENT_TIMESTAMP, CURRENT_TIMESTAMP, '0');
INSERT IGNORE INTO `securityquestion` (`id`, `Status_id`, `Question`, `createdby`, `modifiedby`, `createdts`, `lastmodifiedts`, `synctimestamp`, `softdeleteflag`) VALUES ('SEC_QUES_ID_18', 'SID_ACTIVE', 'What is your best friends first name?', 'Kony User', 'Kony Dev', CURRENT_TIMESTAMP, CURRENT_TIMESTAMP, CURRENT_TIMESTAMP, '0');
INSERT IGNORE INTO `securityquestion` (`id`, `Status_id`, `Question`, `createdby`, `modifiedby`, `createdts`, `lastmodifiedts`, `synctimestamp`, `softdeleteflag`) VALUES ('SEC_QUES_ID_19', 'SID_ACTIVE', 'What is your favorite cheat meal?', 'Kony User', 'Kony Dev', CURRENT_TIMESTAMP, CURRENT_TIMESTAMP, CURRENT_TIMESTAMP, '0');

UPDATE `browsersupport` SET `minimumVersionSupported` = '43' WHERE (`id` = '15610336043');
UPDATE `browsersupport` SET `minimumVersionSupported` = '11' WHERE (`id` = '15610336249');

INSERT INTO `permission` (`id`, `Type_id`, `Status_id`, `Name`, `Description`, `isComposite`, `PermissionValue`, `createdby`, `modifiedby`, `createdts`, `lastmodifiedts`, `synctimestamp`, `softdeleteflag`) VALUES ('PID77', 'PER_TYPE_ROLE', 'SID_ACTIVE', 'ViewInterRoleToCustomerRoleMapping', 'Permission to view the list of customer roles assigned to internal role', '0', 'TRUE', 'Kony User', 'Kony Dev', CURRENT_TIMESTAMP, CURRENT_TIMESTAMP, CURRENT_TIMESTAMP, '0');
INSERT INTO `permission` (`id`, `Type_id`, `Status_id`, `Name`, `Description`, `isComposite`, `PermissionValue`, `createdby`, `modifiedby`, `createdts`, `lastmodifiedts`, `synctimestamp`, `softdeleteflag`) VALUES ('PID78', 'PER_TYPE_ROLE', 'SID_ACTIVE', 'UpdateInterRoleToCustomerRoleMapping', 'Permission to update the list of customer roles assigned to internal role', '0', 'TRUE', 'Kony User', 'Kony Dev', CURRENT_TIMESTAMP, CURRENT_TIMESTAMP, CURRENT_TIMESTAMP, '0');

INSERT INTO `rolepermission` (`Role_id`, `Permission_id`, `createdby`, `modifiedby`) VALUES ('RID_SUPERADMIN', 'PID77', 'Kony User', 'Kony Dev');
INSERT INTO `rolepermission` (`Role_id`, `Permission_id`, `createdby`, `modifiedby`) VALUES ('RID_SUPERADMIN', 'PID78', 'Kony User', 'Kony Dev');

UPDATE `compositepermission` SET `Name` = NULL, `Description` = NULL, `Entitlement_id` = 'SERVICE_ID_3' WHERE (`id` = 'CPID03');
UPDATE `compositepermission` SET `Name` = NULL, `Description` = NULL, `Entitlement_id` = 'SERVICE_ID_2' WHERE (`id` = 'CPID02');
UPDATE `compositepermission` SET `Name` = NULL, `Description` = NULL, `Entitlement_id` = 'SERVICE_ID_1' WHERE (`id` = 'CPID01');
UPDATE `compositepermission` SET `Name` = NULL, `Description` = NULL, `Entitlement_id` = 'SERVICE_ID_4' WHERE (`id` = 'CPID04');
UPDATE `compositepermission` SET `Name` = NULL, `Description` = NULL, `Entitlement_id` = 'SERVICE_ID_5' WHERE (`id` = 'CPID06');
UPDATE `compositepermission` SET `Name` = NULL, `Description` = NULL, `Entitlement_id` = 'SERVICE_ID_6' WHERE (`id` = 'CPID07');
UPDATE `compositepermission` SET `Name` = NULL, `Description` = NULL, `Entitlement_id` = 'SERVICE_ID_7' WHERE (`id` = 'CPID08');
UPDATE `compositepermission` SET `Name` = NULL, `Description` = NULL, `Entitlement_id` = 'SERVICE_ID_8' WHERE (`id` = 'CPID09');
UPDATE `compositepermission` SET `Name` = NULL, `Description` = NULL, `Entitlement_id` = 'SERVICE_ID_9' WHERE (`id` = 'CPID10');
UPDATE `compositepermission` SET `Name` = NULL, `Description` = NULL, `Entitlement_id` = 'SERVICE_ID_10' WHERE (`id` = 'CPID11');
UPDATE `compositepermission` SET `Name` = NULL, `Description` = NULL, `Entitlement_id` = 'SERVICE_ID_11' WHERE (`id` = 'CPID12');
UPDATE `compositepermission` SET `Name` = NULL, `Description` = NULL, `Entitlement_id` = 'SERVICE_ID_12' WHERE (`id` = 'CPID13');
INSERT INTO `compositepermission` (`id`, `Permission_id`, `Entitlement_id`, `isEnabled`, `createdby`, `modifiedby`) VALUES ('CPID14', 'PID45', 'SERVICE_ID_14', '1', 'Kony Dev', 'Kony User');
INSERT INTO `compositepermission` (`id`, `Permission_id`, `Entitlement_id`, `isEnabled`, `createdby`, `modifiedby`) VALUES ('CPID15', 'PID45', 'SERVICE_ID_15', '1', 'Kony Dev', 'Kony User');
INSERT INTO `compositepermission` (`id`, `Permission_id`, `Entitlement_id`, `isEnabled`, `createdby`, `modifiedby`) VALUES ('CPID16', 'PID45', 'SERVICE_ID_16', '1', 'Kony Dev', 'Kony User');
INSERT INTO `compositepermission` (`id`, `Permission_id`, `Entitlement_id`, `isEnabled`, `createdby`, `modifiedby`) VALUES ('CPID17', 'PID45', 'SERVICE_ID_17', '1', 'Kony Dev', 'Kony User');
INSERT INTO `compositepermission` (`id`, `Permission_id`, `Entitlement_id`, `isEnabled`, `createdby`, `modifiedby`) VALUES ('CPID18', 'PID45', 'SERVICE_ID_18', '1', 'Kony Dev', 'Kony User');
INSERT INTO `compositepermission` (`id`, `Permission_id`, `Entitlement_id`, `isEnabled`, `createdby`, `modifiedby`) VALUES ('CPID19', 'PID45', 'SERVICE_ID_19', '1', 'Kony Dev', 'Kony User');
INSERT INTO `compositepermission` (`id`, `Permission_id`, `Entitlement_id`, `isEnabled`, `createdby`, `modifiedby`) VALUES ('CPID20', 'PID45', 'SERVICE_ID_20', '1', 'Kony Dev', 'Kony User');
INSERT INTO `compositepermission` (`id`, `Permission_id`, `Entitlement_id`, `isEnabled`, `createdby`, `modifiedby`) VALUES ('CPID21', 'PID45', 'SERVICE_ID_21', '1', 'Kony Dev', 'Kony User');
INSERT INTO `compositepermission` (`id`, `Permission_id`, `Entitlement_id`, `isEnabled`, `createdby`, `modifiedby`) VALUES ('CPID22', 'PID45', 'SERVICE_ID_22', '1', 'Kony Dev', 'Kony User');
INSERT INTO `compositepermission` (`id`, `Permission_id`, `Entitlement_id`, `isEnabled`, `createdby`, `modifiedby`) VALUES ('CPID23', 'PID45', 'SERVICE_ID_23', '1', 'Kony Dev', 'Kony User');
INSERT INTO `compositepermission` (`id`, `Permission_id`, `Entitlement_id`, `isEnabled`, `createdby`, `modifiedby`) VALUES ('CPID24', 'PID45', 'SERVICE_ID_24', '1', 'Kony Dev', 'Kony User');
INSERT INTO `compositepermission` (`id`, `Permission_id`, `Entitlement_id`, `isEnabled`, `createdby`, `modifiedby`) VALUES ('CPID25', 'PID45', 'SERVICE_ID_25', '1', 'Kony Dev', 'Kony User');
INSERT INTO `compositepermission` (`id`, `Permission_id`, `Entitlement_id`, `isEnabled`, `createdby`, `modifiedby`) VALUES ('CPID26', 'PID45', 'SERVICE_ID_26', '1', 'Kony Dev', 'Kony User');
INSERT INTO `compositepermission` (`id`, `Permission_id`, `Entitlement_id`, `isEnabled`, `createdby`, `modifiedby`) VALUES ('CPID27', 'PID45', 'SERVICE_ID_27', '1', 'Kony Dev', 'Kony User');
INSERT INTO `compositepermission` (`id`, `Permission_id`, `Entitlement_id`, `isEnabled`, `createdby`, `modifiedby`) VALUES ('CPID28', 'PID45', 'SERVICE_ID_28', '1', 'Kony Dev', 'Kony User');
INSERT INTO `compositepermission` (`id`, `Permission_id`, `Entitlement_id`, `isEnabled`, `createdby`, `modifiedby`) VALUES ('CPID29', 'PID45', 'SERVICE_ID_29', '1', 'Kony Dev', 'Kony User');
INSERT INTO `compositepermission` (`id`, `Permission_id`, `Entitlement_id`, `isEnabled`, `createdby`, `modifiedby`) VALUES ('CPID30', 'PID45', 'SERVICE_ID_30', '1', 'Kony Dev', 'Kony User');
INSERT INTO `compositepermission` (`id`, `Permission_id`, `Entitlement_id`, `isEnabled`, `createdby`, `modifiedby`) VALUES ('CPID31', 'PID45', 'SERVICE_ID_31', '1', 'Kony Dev', 'Kony User');
INSERT INTO `compositepermission` (`id`, `Permission_id`, `Entitlement_id`, `isEnabled`, `createdby`, `modifiedby`) VALUES ('CPID32', 'PID45', 'SERVICE_ID_32', '1', 'Kony Dev', 'Kony User');
INSERT INTO `compositepermission` (`id`, `Permission_id`, `Entitlement_id`, `isEnabled`, `createdby`, `modifiedby`) VALUES ('CPID33', 'PID45', 'SERVICE_ID_33', '1', 'Kony Dev', 'Kony User');
INSERT INTO `compositepermission` (`id`, `Permission_id`, `Entitlement_id`, `isEnabled`, `createdby`, `modifiedby`) VALUES ('CPID34', 'PID45', 'SERVICE_ID_34', '1', 'Kony Dev', 'Kony User');
INSERT INTO `compositepermission` (`id`, `Permission_id`, `Entitlement_id`, `isEnabled`, `createdby`, `modifiedby`) VALUES ('CPID35', 'PID45', 'SERVICE_ID_35', '1', 'Kony Dev', 'Kony User');
INSERT INTO `compositepermission` (`id`, `Permission_id`, `Entitlement_id`, `isEnabled`, `createdby`, `modifiedby`) VALUES ('CPID36', 'PID45', 'SERVICE_ID_36', '1', 'Kony Dev', 'Kony User');
INSERT INTO `compositepermission` (`id`, `Permission_id`, `Entitlement_id`, `isEnabled`, `createdby`, `modifiedby`) VALUES ('CPID37', 'PID45', 'SERVICE_ID_37', '1', 'Kony Dev', 'Kony User');
INSERT INTO `compositepermission` (`id`, `Permission_id`, `Entitlement_id`, `isEnabled`, `createdby`, `modifiedby`) VALUES ('CPID38', 'PID45', 'SERVICE_ID_38', '1', 'Kony Dev', 'Kony User');
INSERT INTO `compositepermission` (`id`, `Permission_id`, `Entitlement_id`, `isEnabled`, `createdby`, `modifiedby`) VALUES ('CPID39', 'PID45', 'SERVICE_ID_39', '1', 'Kony Dev', 'Kony User');
INSERT INTO `compositepermission` (`id`, `Permission_id`, `Entitlement_id`, `isEnabled`, `createdby`, `modifiedby`) VALUES ('CPID40', 'PID45', 'SERVICE_ID_40', '1', 'Kony Dev', 'Kony User');
INSERT INTO `compositepermission` (`id`, `Permission_id`, `Entitlement_id`, `isEnabled`, `createdby`, `modifiedby`) VALUES ('CPID41', 'PID45', 'SERVICE_ID_41', '1', 'Kony Dev', 'Kony User');
INSERT INTO `compositepermission` (`id`, `Permission_id`, `Entitlement_id`, `isEnabled`, `createdby`, `modifiedby`) VALUES ('CPID42', 'PID45', 'SERVICE_ID_42', '1', 'Kony Dev', 'Kony User');
INSERT INTO `compositepermission` (`id`, `Permission_id`, `Entitlement_id`, `isEnabled`, `createdby`, `modifiedby`) VALUES ('CPID43', 'PID45', 'SERVICE_ID_43', '1', 'Kony Dev', 'Kony User');
INSERT INTO `compositepermission` (`id`, `Permission_id`, `Entitlement_id`, `isEnabled`, `createdby`, `modifiedby`) VALUES ('CPID44', 'PID45', 'SERVICE_ID_44', '1', 'Kony Dev', 'Kony User');
INSERT INTO `compositepermission` (`id`, `Permission_id`, `Entitlement_id`, `isEnabled`, `createdby`, `modifiedby`) VALUES ('CPID45', 'PID45', 'SERVICE_ID_45', '1', 'Kony Dev', 'Kony User');
INSERT INTO `compositepermission` (`id`, `Permission_id`, `Entitlement_id`, `isEnabled`, `createdby`, `modifiedby`) VALUES ('CPID46', 'PID45', 'SERVICE_ID_46', '1', 'Kony Dev', 'Kony User');
INSERT INTO `compositepermission` (`id`, `Permission_id`, `Entitlement_id`, `isEnabled`, `createdby`, `modifiedby`) VALUES ('CPID47', 'PID45', 'SERVICE_ID_47', '1', 'Kony Dev', 'Kony User');
INSERT INTO `compositepermission` (`id`, `Permission_id`, `Entitlement_id`, `isEnabled`, `createdby`, `modifiedby`) VALUES ('CPID48', 'PID45', 'SERVICE_ID_48', '1', 'Kony Dev', 'Kony User');
INSERT INTO `compositepermission` (`id`, `Permission_id`, `Entitlement_id`, `isEnabled`, `createdby`, `modifiedby`) VALUES ('CPID49', 'PID45', 'SERVICE_ID_49', '1', 'Kony Dev', 'Kony User');
INSERT INTO `compositepermission` (`id`, `Permission_id`, `Entitlement_id`, `isEnabled`, `createdby`, `modifiedby`) VALUES ('CPID50', 'PID45', 'SERVICE_ID_50', '1', 'Kony Dev', 'Kony User');
INSERT INTO `compositepermission` (`id`, `Permission_id`, `Entitlement_id`, `isEnabled`, `createdby`, `modifiedby`) VALUES ('CPID51', 'PID45', 'SERVICE_ID_51', '1', 'Kony Dev', 'Kony User');
INSERT INTO `compositepermission` (`id`, `Permission_id`, `Entitlement_id`, `isEnabled`, `createdby`, `modifiedby`) VALUES ('CPID52', 'PID45', 'SERVICE_ID_52', '1', 'Kony Dev', 'Kony User');
INSERT INTO `compositepermission` (`id`, `Permission_id`, `Entitlement_id`, `isEnabled`, `createdby`, `modifiedby`) VALUES ('CPID53', 'PID45', 'SERVICE_ID_53', '1', 'Kony Dev', 'Kony User');
INSERT INTO `compositepermission` (`id`, `Permission_id`, `Entitlement_id`, `isEnabled`, `createdby`, `modifiedby`) VALUES ('CPID54', 'PID45', 'SERVICE_ID_54', '1', 'Kony Dev', 'Kony User');
INSERT INTO `compositepermission` (`id`, `Permission_id`, `Entitlement_id`, `isEnabled`, `createdby`, `modifiedby`) VALUES ('CPID55', 'PID45', 'SERVICE_ID_55', '1', 'Kony Dev', 'Kony User');
INSERT INTO `compositepermission` (`id`, `Permission_id`, `Entitlement_id`, `isEnabled`, `createdby`, `modifiedby`) VALUES ('CPID56', 'PID45', 'SERVICE_ID_56', '1', 'Kony Dev', 'Kony User');
INSERT INTO `compositepermission` (`id`, `Permission_id`, `Entitlement_id`, `isEnabled`, `createdby`, `modifiedby`) VALUES ('CPID57', 'PID45', 'SERVICE_ID_57', '1', 'Kony Dev', 'Kony User');
INSERT INTO `compositepermission` (`id`, `Permission_id`, `Entitlement_id`, `isEnabled`, `createdby`, `modifiedby`) VALUES ('CPID58', 'PID45', 'SERVICE_ID_58', '1', 'Kony Dev', 'Kony User');
INSERT INTO `compositepermission` (`id`, `Permission_id`, `Entitlement_id`, `isEnabled`, `createdby`, `modifiedby`) VALUES ('CPID59', 'PID45', 'SERVICE_ID_59', '1', 'Kony Dev', 'Kony User');
INSERT INTO `compositepermission` (`id`, `Permission_id`, `Entitlement_id`, `isEnabled`, `createdby`, `modifiedby`) VALUES ('CPID60', 'PID45', 'SERVICE_ID_60', '1', 'Kony Dev', 'Kony User');
INSERT INTO `compositepermission` (`id`, `Permission_id`, `Entitlement_id`, `isEnabled`, `createdby`, `modifiedby`) VALUES ('CPID61', 'PID45', 'SERVICE_ID_61', '1', 'Kony Dev', 'Kony User');
INSERT INTO `compositepermission` (`id`, `Permission_id`, `Entitlement_id`, `isEnabled`, `createdby`, `modifiedby`) VALUES ('CPID62', 'PID45', 'SERVICE_ID_62', '1', 'Kony Dev', 'Kony User');
INSERT INTO `compositepermission` (`id`, `Permission_id`, `Entitlement_id`, `isEnabled`, `createdby`, `modifiedby`) VALUES ('CPID63', 'PID45', 'SERVICE_ID_63', '1', 'Kony Dev', 'Kony User');
INSERT INTO `compositepermission` (`id`, `Permission_id`, `Entitlement_id`, `isEnabled`, `createdby`, `modifiedby`) VALUES ('CPID64', 'PID45', 'SERVICE_ID_64', '1', 'Kony Dev', 'Kony User');
INSERT INTO `compositepermission` (`id`, `Permission_id`, `Entitlement_id`, `isEnabled`, `createdby`, `modifiedby`) VALUES ('CPID65', 'PID45', 'SERVICE_ID_65', '1', 'Kony Dev', 'Kony User');
INSERT INTO `compositepermission` (`id`, `Permission_id`, `Entitlement_id`, `isEnabled`, `createdby`, `modifiedby`) VALUES ('CPID66', 'PID45', 'SERVICE_ID_66', '1', 'Kony Dev', 'Kony User');
INSERT INTO `compositepermission` (`id`, `Permission_id`, `Entitlement_id`, `isEnabled`, `createdby`, `modifiedby`) VALUES ('CPID67', 'PID45', 'SERVICE_ID_67', '1', 'Kony Dev', 'Kony User');

INSERT INTO `service_permission_mapper` (`id`, `service_name`, `object_name`, `operation`, `user_type`, `permissions`) VALUES ('002bea3b-7f21-462f-9a62-360039956435','CustomerManagementObjService','Applicant','createApplicant','C360_API_USER','API_ACCESS');
INSERT INTO `service_permission_mapper` (`id`, `service_name`, `object_name`, `operation`, `user_type`, `permissions`) VALUES ('00e3cc04-f37b-4e56-880a-a546a5938f9a','AlertAndAlertTypes','alertcategory','getCustomerAlertCategoryChannelPreference','C360_API_USER','API_ACCESS');
INSERT INTO `service_permission_mapper` (`id`, `service_name`, `object_name`, `operation`, `user_type`, `permissions`) VALUES ('0125291e-b0d9-4cf5-81db-491d393aa66e','IdentityManagementObjService','identitymanagement','updateUsernameRules','TYPE_ID_CUSTOMER360','CreateUpdateIdentityManagement');
INSERT INTO `service_permission_mapper` (`id`, `service_name`, `object_name`, `operation`, `user_type`, `permissions`) VALUES ('02368437-63c4-47a7-a988-aeea27c44392','CustomerManagementObjService','CustomerRequest','downloadMessageAttachment','C360_API_USER','API_ACCESS');
INSERT INTO `service_permission_mapper` (`id`, `service_name`, `object_name`, `operation`, `user_type`, `permissions`) VALUES ('02f09c6f-1b14-433e-9774-193b24ee0a8b','AuditLogsObjSvc','TransactionAndAuditLogs','getTransactionLogs','TYPE_ID_CUSTOMER360','ViewTransactionLogs');
INSERT INTO `service_permission_mapper` (`id`, `service_name`, `object_name`, `operation`, `user_type`, `permissions`) VALUES ('0395de33-c6d2-44e4-bc08-ad9dc8ea7848','BusinessBankingObjService','customer','createCustomer','C360_API_USER','API_ACCESS');
INSERT INTO `service_permission_mapper` (`id`, `service_name`, `object_name`, `operation`, `user_type`, `permissions`) VALUES ('03c50d90-2231-47a8-b2b5-320d2b278505','AccountRequestsObjService','TravelNotification','deleteTravelNotification','C360_API_USER','API_ACCESS');
INSERT INTO `service_permission_mapper` (`id`, `service_name`, `object_name`, `operation`, `user_type`, `permissions`) VALUES ('042ce61f-887a-4c4e-8d3e-1f1f0f7d914b','BankProductManagment','product','getProductList','C360_API_USER','API_ACCESS');
INSERT INTO `service_permission_mapper` (`id`, `service_name`, `object_name`, `operation`, `user_type`, `permissions`) VALUES ('04f9d2b1-6e20-4b39-ba01-45016dff03a5','CustomerManagementObjService','ProductTransaction','GetCustomerTransactions','TYPE_ID_CUSTOMER360','ViewCustomer');
INSERT INTO `service_permission_mapper` (`id`, `service_name`, `object_name`, `operation`, `user_type`, `permissions`) VALUES ('052b50b5-6432-42ae-8199-933d598309a3','CustomerManagementObjService','Customer','CSRAssistAuthorization','TYPE_ID_CUSTOMER360','CSRAssist');
INSERT INTO `service_permission_mapper` (`id`, `service_name`, `object_name`, `operation`, `user_type`, `permissions`) VALUES ('057d96e1-2ba4-42f3-be5b-fee92db893b9','CustomerManagementObjService','alerthistory','getCustomerAlertHistory','TYPE_ID_CUSTOMER360','ViewCustomer');
INSERT INTO `service_permission_mapper` (`id`, `service_name`, `object_name`, `operation`, `user_type`, `permissions`) VALUES ('05fb69a5-3a7b-4910-9d50-c0859d3e9ccb','StaticContentObjService','frequentlyAskedQuestions','updateFAQs','TYPE_ID_CUSTOMER360','ModifyAppContentStatus,UpdateAppContent');
INSERT INTO `service_permission_mapper` (`id`, `service_name`, `object_name`, `operation`, `user_type`, `permissions`) VALUES ('070339eb-241e-476f-8e9e-7f372acdf008','ReportsObjService','MessagesReport','exportMessagesReport','TYPE_ID_CUSTOMER360','ViewMessageReports');
INSERT INTO `service_permission_mapper` (`id`, `service_name`, `object_name`, `operation`, `user_type`, `permissions`) VALUES ('077ad03e-7322-4815-a3d1-77fae342539d','AlertAndAlertTypes','alertcategory','reorderAlertCategory','TYPE_ID_CUSTOMER360','UpdateAlerts');
INSERT INTO `service_permission_mapper` (`id`, `service_name`, `object_name`, `operation`, `user_type`, `permissions`) VALUES ('079535ab-b509-4050-a7e6-6af2a21e94da','AlertAndAlertTypes','alertType','editAlertType','TYPE_ID_CUSTOMER360','UpdateAlerts');
INSERT INTO `service_permission_mapper` (`id`, `service_name`, `object_name`, `operation`, `user_type`, `permissions`) VALUES ('07cbbf9c-a5e7-4131-a251-f22d88b139d1','RolesAndPermissionsObjService','role','getInternalRoleToCustomerRoleMapping','TYPE_ID_CUSTOMER360','ViewInterRoleToCustomerRoleMapping');
INSERT INTO `service_permission_mapper` (`id`, `service_name`, `object_name`, `operation`, `user_type`, `permissions`) VALUES ('07ed9c90-3ff9-4892-a8aa-cb40d0e2be1d','RolesAndPermissionsObjService','PermissionObject','getRoles','TYPE_ID_CUSTOMER360','ViewCustomer,ViewRoles');
INSERT INTO `service_permission_mapper` (`id`, `service_name`, `object_name`, `operation`, `user_type`, `permissions`) VALUES ('08eefc58-6ae1-49db-baef-22034b9bd34e','StaticContentObjService','frequentlyAskedQuestions','createFAQs','TYPE_ID_CUSTOMER360','CreateAppContent');
INSERT INTO `service_permission_mapper` (`id`, `service_name`, `object_name`, `operation`, `user_type`, `permissions`) VALUES ('091d9777-141b-419e-bfa7-3a1ffc50f84b','ManageLimitsAndFees','periodLimitEndUser','update','TYPE_ID_CUSTOMER360','UpdateCustomerEntitlements');
INSERT INTO `service_permission_mapper` (`id`, `service_name`, `object_name`, `operation`, `user_type`, `permissions`) VALUES ('0a2892c5-b3f3-4f44-881b-3b2cf2d2afe9','MFAObjService','mfaconfigandscenarios','getMFAVariableReference','TYPE_ID_CUSTOMER360','ViewMFAConfig');
INSERT INTO `service_permission_mapper` (`id`, `service_name`, `object_name`, `operation`, `user_type`, `permissions`) VALUES ('0a50744b-474f-4849-a2f9-8b01bebf6fd1','BusinessBankingObjService','customer','getCustomerAccounts','C360_API_USER','API_ACCESS');
INSERT INTO `service_permission_mapper` (`id`, `service_name`, `object_name`, `operation`, `user_type`, `permissions`) VALUES ('0b908e99-d7c3-4db2-816e-1678bc1754eb','CustomerManagementObjService','Customer','CSRAssistAuthorizationResumeLoan','TYPE_ID_CUSTOMER360','ViewAppContent');
INSERT INTO `service_permission_mapper` (`id`, `service_name`, `object_name`, `operation`, `user_type`, `permissions`) VALUES ('0c068d00-bec3-456f-860e-3af871c8bd85','RolesAndPermissionsObjService','userdirectpermission_view','get','TYPE_ID_CUSTOMER360','ViewPermissions,UpdatePermission,ModifyPermissionStatus,ViewUser,ViewUserReports');
INSERT INTO `service_permission_mapper` (`id`, `service_name`, `object_name`, `operation`, `user_type`, `permissions`) VALUES ('0c18f826-540e-4ad4-8875-29f7cd8df7ee','StaticContentObjService','service','manageServiceStatus','TYPE_ID_CUSTOMER360','ModifyServiceStatus');
INSERT INTO `service_permission_mapper` (`id`, `service_name`, `object_name`, `operation`, `user_type`, `permissions`) VALUES ('0c28fa77-603d-46e5-ac00-9138d1aa2484','IdentityManagementObjService','identitymanagement','updatePasswordPolicy','TYPE_ID_CUSTOMER360','CreateUpdateIdentityManagement');
INSERT INTO `service_permission_mapper` (`id`, `service_name`, `object_name`, `operation`, `user_type`, `permissions`) VALUES ('0c676983-dff0-459c-8923-57a01e94e3f8','CustomerManagementObjService','CustomerContact','EditCustomerContact','TYPE_ID_CUSTOMER360','UpdateCustomerContact,UpdateCustomer');
INSERT INTO `service_permission_mapper` (`id`, `service_name`, `object_name`, `operation`, `user_type`, `permissions`) VALUES ('0cc5b9fd-fc16-4458-8b2b-4ac5531fa5b5','CustomerManagementObjService','CustomerGroup','createCustomerGroup','TYPE_ID_CUSTOMER360','UpdateCustomerGroup');
INSERT INTO `service_permission_mapper` (`id`, `service_name`, `object_name`, `operation`, `user_type`, `permissions`) VALUES ('0d2e4b04-f44d-474d-836e-a661ef683e13','IdentityManagementObjService','identitymanagement','deletePasswordPolicy','TYPE_ID_CUSTOMER360','CreateUpdateIdentityManagement');
INSERT INTO `service_permission_mapper` (`id`, `service_name`, `object_name`, `operation`, `user_type`, `permissions`) VALUES ('0e35f088-b6a0-4389-ac35-72799dfdf073','StaticContentObjService','termsAndConditions','getTermsAndConditions','C360_API_USER','API_ACCESS');
INSERT INTO `service_permission_mapper` (`id`, `service_name`, `object_name`, `operation`, `user_type`, `permissions`) VALUES ('0edba9ae-d37b-40ce-8111-ab2209be12db','CustomerManagementObjService','Customer','GetCustomerLockStatus','TYPE_ID_CUSTOMER360','ViewCustomer');
INSERT INTO `service_permission_mapper` (`id`, `service_name`, `object_name`, `operation`, `user_type`, `permissions`) VALUES ('0f720cfe-82d8-4120-8204-0a30853ff3a9','CustomerGroupsAndEntitlObjSvc','Group','createGroup','TYPE_ID_CUSTOMER360','CreateGroup');
INSERT INTO `service_permission_mapper` (`id`, `service_name`, `object_name`, `operation`, `user_type`, `permissions`) VALUES ('10b1b813-63d3-45ed-bcbe-8ba8ab4b70f6','CustomerManagementObjService','Customer','GetApplicantInfo','TYPE_ID_CUSTOMER360','ViewCustomer');
INSERT INTO `service_permission_mapper` (`id`, `service_name`, `object_name`, `operation`, `user_type`, `permissions`) VALUES ('1129244c-99be-4385-838e-912621dd9721','StaticContentObjService','privacyPolicy','get','C360_API_USER','API_ACCESS');
INSERT INTO `service_permission_mapper` (`id`, `service_name`, `object_name`, `operation`, `user_type`, `permissions`) VALUES ('119cd028-0a21-4971-986a-127753ab8aba','BusinessBankingObjService','customer','createCustomer','TYPE_ID_CUSTOMER360','UpdateBusinessUsers');
INSERT INTO `service_permission_mapper` (`id`, `service_name`, `object_name`, `operation`, `user_type`, `permissions`) VALUES ('119e7e79-a985-4957-bf3c-7af38e693b77','IdentityManagementObjService','identitymanagement','createUsernamePolicy','TYPE_ID_CUSTOMER360','CreateUpdateIdentityManagement');
INSERT INTO `service_permission_mapper` (`id`, `service_name`, `object_name`, `operation`, `user_type`, `permissions`) VALUES ('11bef521-ef53-45e9-90e1-452cb401a55d','RolesAndPermissionsObjService','permissions_view','downloadPermissionsList','TYPE_ID_CUSTOMER360','ViewAppContent');
INSERT INTO `service_permission_mapper` (`id`, `service_name`, `object_name`, `operation`, `user_type`, `permissions`) VALUES ('123f31f5-c449-4d5c-8634-a8ae3eeff829','AlertAndAlertTypes','alert','deleteAlert','TYPE_ID_CUSTOMER360','UpdateAlerts');
INSERT INTO `service_permission_mapper` (`id`, `service_name`, `object_name`, `operation`, `user_type`, `permissions`) VALUES ('12c406af-5047-4eb9-8059-e9a1852ba95f','ConfigurationObjService','Configuration','fetchBundleAndConfigurations','TYPE_ID_CUSTOMER360','ViewAppContent');
INSERT INTO `service_permission_mapper` (`id`, `service_name`, `object_name`, `operation`, `user_type`, `permissions`) VALUES ('142084de-91ce-40ca-9b24-8283aa4c637d','LeadAndApplicant','leadsummary','getStatusCountSummary','TYPE_ID_CUSTOMER360','ViewAppContent');
INSERT INTO `service_permission_mapper` (`id`, `service_name`, `object_name`, `operation`, `user_type`, `permissions`) VALUES ('1476de2a-bf0f-43ea-9c17-73649f73bacf','CustomerManagementObjService','Customer','GetBasicInfo','TYPE_ID_CUSTOMER360','ViewCustomer');
INSERT INTO `service_permission_mapper` (`id`, `service_name`, `object_name`, `operation`, `user_type`, `permissions`) VALUES ('159be924-99e9-479a-a456-fdd8b7155efa','BusinessConfigObjService','EligibilityCriteria','editEligibilityCriteria','TYPE_ID_CUSTOMER360','UpdateAppContent');
INSERT INTO `service_permission_mapper` (`id`, `service_name`, `object_name`, `operation`, `user_type`, `permissions`) VALUES ('163d0a6d-60bc-433e-886a-5e0c7aabd38c','CustomerManagementObjService','Applicant','getApplicantStatus','TYPE_ID_CUSTOMER360','ViewCustomer');
INSERT INTO `service_permission_mapper` (`id`, `service_name`, `object_name`, `operation`, `user_type`, `permissions`) VALUES ('16adf8a5-0407-491d-9e2b-368a490c59da','StaticContentObjService','service','getServicesForLogs','TYPE_ID_CUSTOMER360','ViewTransactionLogs,ViewLogs');
INSERT INTO `service_permission_mapper` (`id`, `service_name`, `object_name`, `operation`, `user_type`, `permissions`) VALUES ('17f977af-ec52-4728-a58c-c26610d9a971','LocationObjService','LocationServicesObject','updateLocationAndLocationServices','TYPE_ID_CUSTOMER360','ModifyAppContentStatus,UpdateAppContent');
INSERT INTO `service_permission_mapper` (`id`, `service_name`, `object_name`, `operation`, `user_type`, `permissions`) VALUES ('18337a7e-3aea-458d-b294-0109b1569760','StaticContentObjService','privacyPolicy','getPrivacyPolicy','TYPE_ID_CUSTOMER360','ViewAppContent');
INSERT INTO `service_permission_mapper` (`id`, `service_name`, `object_name`, `operation`, `user_type`, `permissions`) VALUES ('18bf98ae-c23d-4ce3-840a-e6db52ec34d4','CustomerManagementObjService','CustomerRequest','getRequests','C360_API_USER','API_ACCESS');
INSERT INTO `service_permission_mapper` (`id`, `service_name`, `object_name`, `operation`, `user_type`, `permissions`) VALUES ('1979c21f-6009-4369-897e-0cf80de76291','RolesAndPermissionsObjService','PermissionObject','partialupdate','TYPE_ID_CUSTOMER360','ModifyPermissionStatus');
INSERT INTO `service_permission_mapper` (`id`, `service_name`, `object_name`, `operation`, `user_type`, `permissions`) VALUES ('19c4c0f1-8a17-4176-a701-0d8e7ba6c316','AlertAndAlertTypes','alertcategory','getCustomerAlertCategoryPreference','TYPE_ID_CUSTOMER360','ViewCustomer,ViewAlerts');
INSERT INTO `service_permission_mapper` (`id`, `service_name`, `object_name`, `operation`, `user_type`, `permissions`) VALUES ('19d45ee1-5347-43aa-a188-ac59c28d2f15','RolesAndPermissionsObjService','role','getRoles','TYPE_ID_CUSTOMER360','ViewCustomer,ViewRoles');
INSERT INTO `service_permission_mapper` (`id`, `service_name`, `object_name`, `operation`, `user_type`, `permissions`) VALUES ('1ab43145-5d0a-462e-9da1-483cffbf3704','MFAObjService','mfaconfigandscenarios','getMFAMode','C360_API_USER','API_ACCESS');
INSERT INTO `service_permission_mapper` (`id`, `service_name`, `object_name`, `operation`, `user_type`, `permissions`) VALUES ('1b316db8-9fe5-4810-97a3-db4fcab2e299','CustomerManagementObjService','CustomerRequest','getRequestCategory','C360_API_USER','API_ACCESS');
INSERT INTO `service_permission_mapper` (`id`, `service_name`, `object_name`, `operation`, `user_type`, `permissions`) VALUES ('1b9226ee-7e04-4975-8814-0122ab74f58d','AlertAndAlertTypes','alertcontentfield','getAlertContentFields','TYPE_ID_CUSTOMER360','ViewAlerts');
INSERT INTO `service_permission_mapper` (`id`, `service_name`, `object_name`, `operation`, `user_type`, `permissions`) VALUES ('1c80d434-fd7d-416d-9359-5ce57c984812','BusinessBankingObjService','bbcustomerservicelimit','createBBCustomerServiceLimit','C360_API_USER','API_ACCESS');
INSERT INTO `service_permission_mapper` (`id`, `service_name`, `object_name`, `operation`, `user_type`, `permissions`) VALUES ('1d69e13f-7c84-44db-9367-4ef89fbc8b5b','ManageLimitsAndFees','overallPaymentLimits','update','TYPE_ID_CUSTOMER360','UpdateCustomerEntitlements');
INSERT INTO `service_permission_mapper` (`id`, `service_name`, `object_name`, `operation`, `user_type`, `permissions`) VALUES ('1d79731c-14ef-462f-9060-3b4be44539e6','MFAObjService','mfaconfigandscenarios','deleteMFAScenario','TYPE_ID_CUSTOMER360','CreateUpdateMFAConfig');
INSERT INTO `service_permission_mapper` (`id`, `service_name`, `object_name`, `operation`, `user_type`, `permissions`) VALUES ('1e871200-854c-45b1-a412-5a9a612f9f28','StaticContentObjService','service','getService','TYPE_ID_CUSTOMER360','ViewAppContent');
INSERT INTO `service_permission_mapper` (`id`, `service_name`, `object_name`, `operation`, `user_type`, `permissions`) VALUES ('1f1797cb-18f3-4e9f-a981-708cfaa5b7b4','AuditLogsObjSvc','LogView','deleteFilter','TYPE_ID_CUSTOMER360','ViewLogs');
INSERT INTO `service_permission_mapper` (`id`, `service_name`, `object_name`, `operation`, `user_type`, `permissions`) VALUES ('1faeb06a-3b43-466b-a27b-741fe378fa9e','ManageLimitsAndFees','periodLimitService','fetchServicePeriodicLimitsView','TYPE_ID_CUSTOMER360','ViewEntitlement');
INSERT INTO `service_permission_mapper` (`id`, `service_name`, `object_name`, `operation`, `user_type`, `permissions`) VALUES ('209aae5e-3dea-49d5-a885-975dfa7f93a0','StaticContentObjService','privacyPolicy','updatePrivacyPolicy','TYPE_ID_CUSTOMER360','ModifyAppContentStatus,UpdateAppContent');
INSERT INTO `service_permission_mapper` (`id`, `service_name`, `object_name`, `operation`, `user_type`, `permissions`) VALUES ('21d97d26-6d04-40a0-9c92-a64101725dd6','CustomerManagementObjService','CustomerNotification','GetNotifications','TYPE_ID_CUSTOMER360','ViewCustomer');
INSERT INTO `service_permission_mapper` (`id`, `service_name`, `object_name`, `operation`, `user_type`, `permissions`) VALUES ('22266ad6-c02d-432b-8e52-6b15c277d117','BusinessBankingObjService','bbcustomerservicelimit','getBBCustomerServiceLimit','TYPE_ID_CUSTOMER360','ViewAppContent');
INSERT INTO `service_permission_mapper` (`id`, `service_name`, `object_name`, `operation`, `user_type`, `permissions`) VALUES ('233b95ad-db8a-4b12-a581-5173032b3c92','ManageLimitsAndFees','transactionFeesEndUser','update','TYPE_ID_CUSTOMER360','UpdateCustomerEntitlements');
INSERT INTO `service_permission_mapper` (`id`, `service_name`, `object_name`, `operation`, `user_type`, `permissions`) VALUES ('23f8f43a-1766-4c55-bf9a-5a68bd6f3985','StaticContentObjService','service','updateService','TYPE_ID_CUSTOMER360','UpdateServiceDesc,UpdateServiceLimitsFee');
INSERT INTO `service_permission_mapper` (`id`, `service_name`, `object_name`, `operation`, `user_type`, `permissions`) VALUES ('243e1b79-3a50-4026-b0fe-f32dadeaf3c4','SecurityAttributes','permissions','getGrantedPermissions','TYPE_ID_CUSTOMER360','ViewAppContent');
INSERT INTO `service_permission_mapper` (`id`, `service_name`, `object_name`, `operation`, `user_type`, `permissions`) VALUES ('24f1b315-78e1-43b8-9e34-f40c4022d192','BankProductManagment','product','update','TYPE_ID_CUSTOMER360','CreateAppContent,UpdateAppContent,ModifyAppContentStatus');
INSERT INTO `service_permission_mapper` (`id`, `service_name`, `object_name`, `operation`, `user_type`, `permissions`) VALUES ('2563ae0a-96ae-47dc-b880-49f2eb456809','BusinessBankingObjService','company','validateTIN','TYPE_ID_CUSTOMER360','UpdateCompany');
INSERT INTO `service_permission_mapper` (`id`, `service_name`, `object_name`, `operation`, `user_type`, `permissions`) VALUES ('26dfa3e1-c254-4ee3-afa2-c1deb8ddff24','DashboardObjService','dashboardalerts','GetDashboardAlerts','TYPE_ID_CUSTOMER360','ViewDashboard');
INSERT INTO `service_permission_mapper` (`id`, `service_name`, `object_name`, `operation`, `user_type`, `permissions`) VALUES ('27fa1176-3812-4db5-a283-a4e8dd403520','CustServiceObjService','ServiceAndServiceComm','editServiceAndServiceCommunicationRecords','TYPE_ID_CUSTOMER360','ModifyAppContentStatus,UpdateAppContent');
INSERT INTO `service_permission_mapper` (`id`, `service_name`, `object_name`, `operation`, `user_type`, `permissions`) VALUES ('2941657e-1ab2-40d1-8387-71e2625796e1','MFAObjService','mfaconfigandscenarios','createMFAScenario','TYPE_ID_CUSTOMER360','CreateUpdateMFAConfig');
INSERT INTO `service_permission_mapper` (`id`, `service_name`, `object_name`, `operation`, `user_type`, `permissions`) VALUES ('2956db92-47ed-4861-832b-b0a5351e3dc3','ManageLimitsAndFees','overallPaymentLimits','create','TYPE_ID_CUSTOMER360','UpdateServiceLimitsFee');
INSERT INTO `service_permission_mapper` (`id`, `service_name`, `object_name`, `operation`, `user_type`, `permissions`) VALUES ('2a4c46ec-61dc-4bad-93a1-7b066a412997','CustomerManagementObjService','CustomerRequest','downloadMessageAttachment','TYPE_ID_CUSTOMER360','ViewMessages');
INSERT INTO `service_permission_mapper` (`id`, `service_name`, `object_name`, `operation`, `user_type`, `permissions`) VALUES ('2add193a-8893-4e3f-b538-f9ebeb0c2f34','RolesAndPermissionsObjService','permissions_view','getPermissions','TYPE_ID_CUSTOMER360','CreateRoles,UpdateRole,ViewPermissions,UpdatePermission,ModifyPermissionStatus,CreateUser,AssignRolePermissions');
INSERT INTO `service_permission_mapper` (`id`, `service_name`, `object_name`, `operation`, `user_type`, `permissions`) VALUES ('2c5a34cb-94e1-474a-8495-0403200d7105','CustomerManagementObjService','Customer','fetchCustomerDetailsForOlb','C360_API_USER','API_ACCESS');
INSERT INTO `service_permission_mapper` (`id`, `service_name`, `object_name`, `operation`, `user_type`, `permissions`) VALUES ('2cd46486-44e4-4ade-9e26-29e4e69ce441','LeadAndApplicant','leadconfiguration','getLeadConfiguration','TYPE_ID_CUSTOMER360','ViewAppContent');
INSERT INTO `service_permission_mapper` (`id`, `service_name`, `object_name`, `operation`, `user_type`, `permissions`) VALUES ('2d358b5c-2819-4a25-901e-d51888005a47','InternalusersObjService','Users','manageUserCompositePermissions','TYPE_ID_CUSTOMER360','UpdateUser');
INSERT INTO `service_permission_mapper` (`id`, `service_name`, `object_name`, `operation`, `user_type`, `permissions`) VALUES ('2d6b6243-24b4-4f76-8052-9c18f0dc0ebc','ConfigurationObjService','Configuration','fetchBundleAndConfigurations','C360_API_USER','API_ACCESS');
INSERT INTO `service_permission_mapper` (`id`, `service_name`, `object_name`, `operation`, `user_type`, `permissions`) VALUES ('2e766271-7e36-4621-9fc0-af8fb5b922d7','CustomerManagementObjService','Customer','CSRAssistAuthorizationCreateApplicant','TYPE_ID_CUSTOMER360','ViewAppContent');
INSERT INTO `service_permission_mapper` (`id`, `service_name`, `object_name`, `operation`, `user_type`, `permissions`) VALUES ('2eb9498b-2210-4c91-89c2-cb0c7aa29541','RolesAndPermissionsObjService','permissions_view','get','TYPE_ID_CUSTOMER360','CreateRoles,UpdateRole,ViewPermissions,UpdatePermission,ModifyPermissionStatus,CreateUser,AssignRolePermissions');
INSERT INTO `service_permission_mapper` (`id`, `service_name`, `object_name`, `operation`, `user_type`, `permissions`) VALUES ('2ede8bcb-423f-4693-89a5-e50a38b56d36','BusinessConfigObjService','EligibilityCriteria','getEligibilityCriteria','C360_API_USER','API_ACCESS');
INSERT INTO `service_permission_mapper` (`id`, `service_name`, `object_name`, `operation`, `user_type`, `permissions`) VALUES ('2f32131f-f2ec-453b-8d16-2dbb0f1278a7','MasterDataObjService','app','getApplications','TYPE_ID_CUSTOMER360','ViewAppContent');
INSERT INTO `service_permission_mapper` (`id`, `service_name`, `object_name`, `operation`, `user_type`, `permissions`) VALUES ('308bbd5b-470f-4bcb-9dc3-602a7adb50dd','CustServiceObjService','ServiceAndServiceComm','getServiceAndServiceCommunicationRecords','TYPE_ID_CUSTOMER360','ViewAppContent');
INSERT INTO `service_permission_mapper` (`id`, `service_name`, `object_name`, `operation`, `user_type`, `permissions`) VALUES ('313a7fff-b65d-4ce5-8adc-a2cca0bca3e0','CustServiceObjService','messageTemplate','createMessageTemplate','TYPE_ID_CUSTOMER360','CreateMessageTemplate');
INSERT INTO `service_permission_mapper` (`id`, `service_name`, `object_name`, `operation`, `user_type`, `permissions`) VALUES ('3150beb9-9a5e-403b-ac00-a87cee51d624','AlertAndAlertTypes','alertcategory','getAlertCategoryDefinition','TYPE_ID_CUSTOMER360','ViewAlerts');
INSERT INTO `service_permission_mapper` (`id`, `service_name`, `object_name`, `operation`, `user_type`, `permissions`) VALUES ('32e0b38e-646c-40e2-aac8-bff96149cd4d','CustomerManagementObjService','Note','GetNotes','TYPE_ID_CUSTOMER360','ViewCustomer');
INSERT INTO `service_permission_mapper` (`id`, `service_name`, `object_name`, `operation`, `user_type`, `permissions`) VALUES ('34534c13-1615-4618-a84f-fb56989639ca','AlertAndAlertTypes','alertType','updateAlertType','TYPE_ID_CUSTOMER360','UpdateAlerts');
INSERT INTO `service_permission_mapper` (`id`, `service_name`, `object_name`, `operation`, `user_type`, `permissions`) VALUES ('349f9e93-9012-4429-85f7-af9add0d13bb','CustomerManagementObjService','CustomerRequest','getMessageAttachments','TYPE_ID_CUSTOMER360','ViewCustomer,ViewMessages');
INSERT INTO `service_permission_mapper` (`id`, `service_name`, `object_name`, `operation`, `user_type`, `permissions`) VALUES ('35fd8aff-1ac7-4c72-8430-9d3db0e76965','CustomerManagementObjService','CustomerDevice','GetCustomerDevices','TYPE_ID_CUSTOMER360','ViewCustomer');
INSERT INTO `service_permission_mapper` (`id`, `service_name`, `object_name`, `operation`, `user_type`, `permissions`) VALUES ('36508dce-c1db-4c73-974b-7a39df945fe5','BusinessBankingObjService','company','getCompanyCustomers','C360_API_USER','API_ACCESS');
INSERT INTO `service_permission_mapper` (`id`, `service_name`, `object_name`, `operation`, `user_type`, `permissions`) VALUES ('38adbee2-3234-49de-856c-92fd235d4a68','CustomerManagementObjService','CustomerSecurityQuestions','verifyCustomerSecurityQuestions','C360_API_USER','API_ACCESS');
INSERT INTO `service_permission_mapper` (`id`, `service_name`, `object_name`, `operation`, `user_type`, `permissions`) VALUES ('3968ff26-712f-4859-8fda-a5ca3f0c8544','CustomerManagementObjService','CustomerProduct','GetCustomerProducts','TYPE_ID_CUSTOMER360','ViewCustomer');
INSERT INTO `service_permission_mapper` (`id`, `service_name`, `object_name`, `operation`, `user_type`, `permissions`) VALUES ('3a35ac66-03fb-4a99-9505-22bfb46f659a','ReportsObjService','TransactionReport','getTransactionValueVolumeByService','TYPE_ID_CUSTOMER360','ViewTransactionReports');
INSERT INTO `service_permission_mapper` (`id`, `service_name`, `object_name`, `operation`, `user_type`, `permissions`) VALUES ('3ad056fd-004e-420b-aa28-c6b8cd766b3a','StaticContentObjService','outageMessage','updateOutageMessage','TYPE_ID_CUSTOMER360','ModifyAppContentStatus,UpdateAppContent');
INSERT INTO `service_permission_mapper` (`id`, `service_name`, `object_name`, `operation`, `user_type`, `permissions`) VALUES ('3bc4019f-572a-4ccb-96f8-6936d5b656ed','InternalusersObjService','createUser','create','TYPE_ID_CUSTOMER360','CreateUser');
INSERT INTO `service_permission_mapper` (`id`, `service_name`, `object_name`, `operation`, `user_type`, `permissions`) VALUES ('3c71aa98-0e52-4ad2-9829-310d576bd3ee','BusinessConfigObjService','EligibilityCriteria','getEligibilityCriteria','TYPE_ID_CUSTOMER360','ViewAppContent');
INSERT INTO `service_permission_mapper` (`id`, `service_name`, `object_name`, `operation`, `user_type`, `permissions`) VALUES ('3c7ccb54-5449-475c-8e94-f851d41d1972','RolesAndPermissionsObjService','roleuser_view','get','TYPE_ID_CUSTOMER360','CreateRoles,UpdateRole');
INSERT INTO `service_permission_mapper` (`id`, `service_name`, `object_name`, `operation`, `user_type`, `permissions`) VALUES ('3d3ef384-fc86-4b74-b041-4b3e3229d6ae','ManageLimitsAndFees','periodLimitUserGroup','read','TYPE_ID_CUSTOMER360','ViewEntitlement');
INSERT INTO `service_permission_mapper` (`id`, `service_name`, `object_name`, `operation`, `user_type`, `permissions`) VALUES ('3daa7d10-f066-45f4-94e8-2fad92712bdb','CustomerManagementObjService','CustomerRequest','updateCustomerRequest','TYPE_ID_CUSTOMER360','UpdateMessages');
INSERT INTO `service_permission_mapper` (`id`, `service_name`, `object_name`, `operation`, `user_type`, `permissions`) VALUES ('3eb15e1f-dec5-403b-95e0-5ec94241716d','CustomerManagementObjService','CustomerContact','GetCustomerContact','C360_API_USER','API_ACCESS');
INSERT INTO `service_permission_mapper` (`id`, `service_name`, `object_name`, `operation`, `user_type`, `permissions`) VALUES ('3ec4d6a6-f9b9-4a03-b38a-be0ca6e43606','AccountRequestsObjService','CardRequests','createCardRequest','C360_API_USER','API_ACCESS');
INSERT INTO `service_permission_mapper` (`id`, `service_name`, `object_name`, `operation`, `user_type`, `permissions`) VALUES ('3ef2ac89-619d-4557-bedb-5de0e9b3c7d1','CustomerManagementObjService','Customer','sendResetPasswordLink','TYPE_ID_CUSTOMER360','ViewAppContent');
INSERT INTO `service_permission_mapper` (`id`, `service_name`, `object_name`, `operation`, `user_type`, `permissions`) VALUES ('3ef9ef3e-f940-46bf-a3ae-21e9b36ed086','ManageLimitsAndFees','transferFeeGroup','update','TYPE_ID_CUSTOMER360','UpdateCustomerEntitlements');
INSERT INTO `service_permission_mapper` (`id`, `service_name`, `object_name`, `operation`, `user_type`, `permissions`) VALUES ('3f4aabed-b976-469e-ae98-38a27659e45c','MFAObjService','mfaconfigandscenarios','getMFAConfiguration','C360_API_USER','API_ACCESS');
INSERT INTO `service_permission_mapper` (`id`, `service_name`, `object_name`, `operation`, `user_type`, `permissions`) VALUES ('3fb0065e-7ac6-466f-90a3-ca07422c3e6a','ManageLimitsAndFees','overallPaymentLimits','read','TYPE_ID_CUSTOMER360','ViewEntitlement');
INSERT INTO `service_permission_mapper` (`id`, `service_name`, `object_name`, `operation`, `user_type`, `permissions`) VALUES ('412bbc39-c229-48ab-afef-ad882c636fa3','ManageLimitsAndFees','transactionFeesEndUser','fetchTransactionFeesForEndUser','TYPE_ID_CUSTOMER360','ViewEntitlement');
INSERT INTO `service_permission_mapper` (`id`, `service_name`, `object_name`, `operation`, `user_type`, `permissions`) VALUES ('4252a422-880e-46e8-b72d-7100502fa76d','DecisionManagement','decision','GetAllFilesofDecisionRule','TYPE_ID_CUSTOMER360','ViewDecisionFiles');
INSERT INTO `service_permission_mapper` (`id`, `service_name`, `object_name`, `operation`, `user_type`, `permissions`) VALUES ('4797920a-04e1-4ad8-b715-392808efa109','RolesAndPermissionsObjService','PermissionObject','get','TYPE_ID_CUSTOMER360','ModifyPermissionStatus,ViewPermissions');
INSERT INTO `service_permission_mapper` (`id`, `service_name`, `object_name`, `operation`, `user_type`, `permissions`) VALUES ('48499226-a39e-41c6-b3a9-02692401ca59','ReportsObjService','TransactionReport','exportTransactionReport','TYPE_ID_CUSTOMER360','ViewTransactionReports');
INSERT INTO `service_permission_mapper` (`id`, `service_name`, `object_name`, `operation`, `user_type`, `permissions`) VALUES ('49d12cdc-0d18-4baf-bce1-703c3eac771f','CustomerManagementObjService','CustomerActivity','getLastNCustomerSessions','TYPE_ID_CUSTOMER360','ViewCustomerActivityLogs');
INSERT INTO `service_permission_mapper` (`id`, `service_name`, `object_name`, `operation`, `user_type`, `permissions`) VALUES ('49d4e2f7-e9fe-4441-b156-2a2ad8bb590e','BusinessBankingObjService','company','editCompany','TYPE_ID_CUSTOMER360','UpdateCompany');
INSERT INTO `service_permission_mapper` (`id`, `service_name`, `object_name`, `operation`, `user_type`, `permissions`) VALUES ('4a536012-5770-4399-b0e2-9241ffb0ae77','LocationObjService','LocationsUsingCSV','downloadLocationsCSV','TYPE_ID_CUSTOMER360','ViewAppContent');
INSERT INTO `service_permission_mapper` (`id`, `service_name`, `object_name`, `operation`, `user_type`, `permissions`) VALUES ('4ab6b879-fe56-4078-a838-305d36f9b43a','CustomerManagementObjService','CustomerRequest','getRequestMessages','TYPE_ID_CUSTOMER360','UpdateMessages,ViewMessages,ViewCustomer');
INSERT INTO `service_permission_mapper` (`id`, `service_name`, `object_name`, `operation`, `user_type`, `permissions`) VALUES ('4adff6f1-0323-475a-babf-00d2a618d286','CustomerGroupsAndEntitlObjSvc','Group','createGroup','C360_API_USER','API_ACCESS');
INSERT INTO `service_permission_mapper` (`id`, `service_name`, `object_name`, `operation`, `user_type`, `permissions`) VALUES ('4b223fb3-4ce2-4ce8-9086-5abbd432753a','CustServiceObjService','ServiceAndServiceComm','createServiceAndServiceCommunicationRecords','TYPE_ID_CUSTOMER360','CreateAppContent');
INSERT INTO `service_permission_mapper` (`id`, `service_name`, `object_name`, `operation`, `user_type`, `permissions`) VALUES ('4bdfe13f-efbf-4f59-8870-b3ea10fe3719','CustomerGroupsAndEntitlObjSvc','GroupRecords','getGroups','C360_API_USER','API_ACCESS');
INSERT INTO `service_permission_mapper` (`id`, `service_name`, `object_name`, `operation`, `user_type`, `permissions`) VALUES ('4c6a3bef-348b-4585-b0b6-167b88ca5c99','IdentityManagementObjService','identitymanagement','updatePasswordLockoutSettings','TYPE_ID_CUSTOMER360','CreateUpdateIdentityManagement');
INSERT INTO `service_permission_mapper` (`id`, `service_name`, `object_name`, `operation`, `user_type`, `permissions`) VALUES ('4cb6ca2d-3b66-4d37-aa08-f0f750f4f761','CustomerManagementObjService','CustomerDevice','CustomerUpdateDeviceInformation','C360_API_USER','API_ACCESS');
INSERT INTO `service_permission_mapper` (`id`, `service_name`, `object_name`, `operation`, `user_type`, `permissions`) VALUES ('4d27c053-5e9b-4cc6-a057-f142abd50d44','StaticContentObjService','service','getServiceChannels','TYPE_ID_CUSTOMER360','ViewEntitlement');
INSERT INTO `service_permission_mapper` (`id`, `service_name`, `object_name`, `operation`, `user_type`, `permissions`) VALUES ('4db999cb-02d7-4717-a0b8-917b78cc7aaa','CustomerManagementObjService','CustomerRequest','createNewCustomerRequest','TYPE_ID_CUSTOMER360','CreateNewMessage,UpdateMessages');
INSERT INTO `service_permission_mapper` (`id`, `service_name`, `object_name`, `operation`, `user_type`, `permissions`) VALUES ('4e0d0ff0-19ef-4446-b441-16ac65461eb5','ManageLimitsAndFees','periodLimitUserGroup','create','TYPE_ID_CUSTOMER360','CreateUpdateGroupEntitlements');
INSERT INTO `service_permission_mapper` (`id`, `service_name`, `object_name`, `operation`, `user_type`, `permissions`) VALUES ('4e69e3eb-e33f-4990-a0d9-7c64e8f6ab2d','BusinessBankingObjService','customer','upgradeRolesAndEntiltlements','TYPE_ID_CUSTOMER360','ViewAppContent');
INSERT INTO `service_permission_mapper` (`id`, `service_name`, `object_name`, `operation`, `user_type`, `permissions`) VALUES ('4f7a30b1-6df0-4a6c-8d7c-f1da1b051310','CustomerManagementObjService','CustomerRequest','createNewCustomerRequestMessage','C360_API_USER','API_ACCESS');
INSERT INTO `service_permission_mapper` (`id`, `service_name`, `object_name`, `operation`, `user_type`, `permissions`) VALUES ('4fa20520-1247-432a-8918-8118adb687ea','DecisionManagement','decision','editDecisionRule','TYPE_ID_CUSTOMER360','UpdateDecision,DeleteDecision');
INSERT INTO `service_permission_mapper` (`id`, `service_name`, `object_name`, `operation`, `user_type`, `permissions`) VALUES ('4fb4320d-e5e2-4d07-a867-a6d707d998ef','BusinessBankingObjService','company','getAllAccounts','C360_API_USER','API_ACCESS');
INSERT INTO `service_permission_mapper` (`id`, `service_name`, `object_name`, `operation`, `user_type`, `permissions`) VALUES ('50b8b45c-6bd7-46df-acd5-1f55ec1142c2','MFAObjService','mfaconfigandscenarios','editMFAConfiguration','TYPE_ID_CUSTOMER360','CreateUpdateMFAConfig');
INSERT INTO `service_permission_mapper` (`id`, `service_name`, `object_name`, `operation`, `user_type`, `permissions`) VALUES ('50bbbcd2-6135-4f55-ad58-a38763b70af6','RolesAndPermissionsObjService','systemuser_view','get','TYPE_ID_CUSTOMER360','CreateRoles,UpdateRole,UpdatePermission,AssignRolePermissions,ViewUser,ViewUserReports');
INSERT INTO `service_permission_mapper` (`id`, `service_name`, `object_name`, `operation`, `user_type`, `permissions`) VALUES ('52d9eb24-da48-4788-a815-8f2e0602343d','BusinessBankingObjService','company','getCompanyDetails','TYPE_ID_CUSTOMER360','ViewCompanies');
INSERT INTO `service_permission_mapper` (`id`, `service_name`, `object_name`, `operation`, `user_type`, `permissions`) VALUES ('541c3a67-66be-4756-a05f-9d58240f7e15','StaticContentObjService','termsAndConditions','createTermsAndConditions','TYPE_ID_CUSTOMER360','CreateAppContent');
INSERT INTO `service_permission_mapper` (`id`, `service_name`, `object_name`, `operation`, `user_type`, `permissions`) VALUES ('5478fb32-410c-4477-9a0c-98d96bce9d37','LocationObjService','LocationObject','getLocations','TYPE_ID_CUSTOMER360','ViewAppContent');
INSERT INTO `service_permission_mapper` (`id`, `service_name`, `object_name`, `operation`, `user_type`, `permissions`) VALUES ('54ae08cc-fd5a-4361-ab8d-c52d9d325f7f','CustomerManagementObjService','CustomerRequest','getallmessages','C360_API_USER','API_ACCESS');
INSERT INTO `service_permission_mapper` (`id`, `service_name`, `object_name`, `operation`, `user_type`, `permissions`) VALUES ('55d710a3-c706-4e7b-971e-69ff6d356596','ManageLimitsAndFees','validateTransactionLimit','validate','TYPE_ID_CUSTOMER360','ViewEntitlement');
INSERT INTO `service_permission_mapper` (`id`, `service_name`, `object_name`, `operation`, `user_type`, `permissions`) VALUES ('55dd139a-7934-4736-9fab-3296a85969da','BusinessBankingObjService','customer','verifyUsername','TYPE_ID_CUSTOMER360','UpdateBusinessUsers');
INSERT INTO `service_permission_mapper` (`id`, `service_name`, `object_name`, `operation`, `user_type`, `permissions`) VALUES ('5635133d-301b-4d14-bde6-94bc39e15ff5','CustServiceObjService','ServiceAndServiceComm','contactUs','TYPE_ID_CUSTOMER360','ViewAppContent');
INSERT INTO `service_permission_mapper` (`id`, `service_name`, `object_name`, `operation`, `user_type`, `permissions`) VALUES ('5644f6e1-0ed2-4932-92d2-6e6a5d72e9a5','ConfigurationObjService','Configuration','fetchBundles','TYPE_ID_CUSTOMER360','ViewAppContent');
INSERT INTO `service_permission_mapper` (`id`, `service_name`, `object_name`, `operation`, `user_type`, `permissions`) VALUES ('5685041e-ec5b-4901-b635-02860097830d','InternalusersObjService','city','get','TYPE_ID_CUSTOMER360','ViewUser,UpdateAppContent,CreateAppContent,ViewCustomer,ViewGroup');
INSERT INTO `service_permission_mapper` (`id`, `service_name`, `object_name`, `operation`, `user_type`, `permissions`) VALUES ('56b4fd6b-068f-4ca5-9c7c-f3a66ab17d41','CustomerManagementObjService','Customer','Enroll','TYPE_ID_CUSTOMER360','CreateCustomer');
INSERT INTO `service_permission_mapper` (`id`, `service_name`, `object_name`, `operation`, `user_type`, `permissions`) VALUES ('56c1c46c-7033-4461-980e-c561122c0172','StaticContentObjService','termsAndConditions','getTermsAndConditions','TYPE_ID_CUSTOMER360','ViewAppContent');
INSERT INTO `service_permission_mapper` (`id`, `service_name`, `object_name`, `operation`, `user_type`, `permissions`) VALUES ('57963adb-7546-49d3-b94b-86c1d5113fe6','LeadAndApplicant','lead','createLead','TYPE_ID_CUSTOMER360','ViewAppContent');
INSERT INTO `service_permission_mapper` (`id`, `service_name`, `object_name`, `operation`, `user_type`, `permissions`) VALUES ('5868ed87-d23a-407a-9129-6a679b34dc8a','MFAObjService','mfaconfigandscenarios','getApp','TYPE_ID_CUSTOMER360','ViewMFAConfig');
INSERT INTO `service_permission_mapper` (`id`, `service_name`, `object_name`, `operation`, `user_type`, `permissions`) VALUES ('58ab0d41-47ad-4fb2-9160-41737cc26537','CustomerManagementObjService','Customer','CSRAssistLogCloseEvent','TYPE_ID_CUSTOMER360','ViewAppContent');
INSERT INTO `service_permission_mapper` (`id`, `service_name`, `object_name`, `operation`, `user_type`, `permissions`) VALUES ('58cffbd0-7590-4542-8336-2563858848db','CustomerGroupsAndEntitlObjSvc','GroupRecords','getGroups','TYPE_ID_CUSTOMER360','ViewGroup,CreateGroup,ModifyGroupStatus,UpdateGroup,AssignCustomerGroup,CreateUpdateGroupEntitlements');
INSERT INTO `service_permission_mapper` (`id`, `service_name`, `object_name`, `operation`, `user_type`, `permissions`) VALUES ('5ab61400-f9a7-4b9a-997c-1a1e2659a2cb','SecurityAttributes','grants','getAllowedOperations','TYPE_ID_CUSTOMER360','ViewAppContent');
INSERT INTO `service_permission_mapper` (`id`, `service_name`, `object_name`, `operation`, `user_type`, `permissions`) VALUES ('5b8c6347-1fe0-4583-b7f6-8785adfb183b','CustomerManagementObjService','CustomerRequest','getRequestSummaryCount','TYPE_ID_CUSTOMER360','ViewDashboard');
INSERT INTO `service_permission_mapper` (`id`, `service_name`, `object_name`, `operation`, `user_type`, `permissions`) VALUES ('5bb30583-fd79-498e-8284-e703dbed1d26','AlertAndAlertTypes','alertchannels','getAlertChannels','TYPE_ID_CUSTOMER360','ViewAlerts');
INSERT INTO `service_permission_mapper` (`id`, `service_name`, `object_name`, `operation`, `user_type`, `permissions`) VALUES ('5bc9c786-352b-4c5c-aaec-e41ac474892e','AuditLogsObjSvc','TransactionAndAuditLogs','getCustomerActivityMasterData','TYPE_ID_CUSTOMER360','ViewCustomerActivityLogs');
INSERT INTO `service_permission_mapper` (`id`, `service_name`, `object_name`, `operation`, `user_type`, `permissions`) VALUES ('5c160593-ff61-4795-b8ca-dab4d0fd3617','DashboardObjService','CustomerRequestSummary','getRequestSummaryCount','TYPE_ID_CUSTOMER360','ViewDashboard');
INSERT INTO `service_permission_mapper` (`id`, `service_name`, `object_name`, `operation`, `user_type`, `permissions`) VALUES ('5c955a97-b73b-46a5-89d3-100acba12c27','BankProductManagment','product','create','TYPE_ID_CUSTOMER360','CreateAppContent');
INSERT INTO `service_permission_mapper` (`id`, `service_name`, `object_name`, `operation`, `user_type`, `permissions`) VALUES ('5d442bca-bd2b-4cc6-9465-9bbe66c1ba8f','BusinessBankingObjService','company','createCompany','TYPE_ID_CUSTOMER360','UpdateCompany');
INSERT INTO `service_permission_mapper` (`id`, `service_name`, `object_name`, `operation`, `user_type`, `permissions`) VALUES ('5e06302e-7ec3-4a49-88ad-ffa523c0eab6','RolesAndPermissionsObjService','role','get','TYPE_ID_CUSTOMER360','ViewCustomer,ViewRoles');
INSERT INTO `service_permission_mapper` (`id`, `service_name`, `object_name`, `operation`, `user_type`, `permissions`) VALUES ('5e59d813-180e-4786-9d59-0d5a02bc78bc','CustomerManagementObjService','Customer','CSRAssistAuthorizationApplyCreditLoan','TYPE_ID_CUSTOMER360','ViewAppContent');
INSERT INTO `service_permission_mapper` (`id`, `service_name`, `object_name`, `operation`, `user_type`, `permissions`) VALUES ('5e6bac8e-8c41-4b15-8369-92c14518f0f1','SecurityOpsObjService','manageSecurityImages','updateSecurityImages','TYPE_ID_CUSTOMER360','ModifyAppContentStatus,UpdateAppContent');
INSERT INTO `service_permission_mapper` (`id`, `service_name`, `object_name`, `operation`, `user_type`, `permissions`) VALUES ('5f02184c-e2e3-45a4-8048-0d5bf3879463','CustomerManagementObjService','Customer','GetStatus','TYPE_ID_CUSTOMER360','ViewCustomer');
INSERT INTO `service_permission_mapper` (`id`, `service_name`, `object_name`, `operation`, `user_type`, `permissions`) VALUES ('5fa76609-6389-4ea3-943c-c6339e8c9cd4','CustomerManagementObjService','Customer','CSRAssistAuthorizationLearnPersonalLoan','TYPE_ID_CUSTOMER360','ViewAppContent');
INSERT INTO `service_permission_mapper` (`id`, `service_name`, `object_name`, `operation`, `user_type`, `permissions`) VALUES ('601a6e93-7de4-497a-b00c-3d35238c665d','CustServiceObjService','messageTemplate','deleteMessageTemplate','TYPE_ID_CUSTOMER360','UpdateMessageTemplate');
INSERT INTO `service_permission_mapper` (`id`, `service_name`, `object_name`, `operation`, `user_type`, `permissions`) VALUES ('604a4b1e-6b98-4de5-80dd-c4c696b1b7d9','CustomerManagementObjService','Customer','CSRAssistAuthorizationLearnVehicleLoan','TYPE_ID_CUSTOMER360','ViewAppContent');
INSERT INTO `service_permission_mapper` (`id`, `service_name`, `object_name`, `operation`, `user_type`, `permissions`) VALUES ('60991754-db52-4bc3-846f-727fcbaa9a26','MFAObjService','mfaconfigandscenarios','editMFAScenario','TYPE_ID_CUSTOMER360','CreateUpdateMFAConfig');
INSERT INTO `service_permission_mapper` (`id`, `service_name`, `object_name`, `operation`, `user_type`, `permissions`) VALUES ('61d09739-dcc2-42ff-ae54-b66843a7870e','CustomerManagementObjService','Applicant','deleteApplicant','TYPE_ID_CUSTOMER360','UpdateCustomer');
INSERT INTO `service_permission_mapper` (`id`, `service_name`, `object_name`, `operation`, `user_type`, `permissions`) VALUES ('61d8beb1-4053-4d1a-86e5-08c409ca0cfe','CustomerGroupsAndEntitlObjSvc','GroupCustomers','getGroupCustomers','TYPE_ID_CUSTOMER360','ViewGroup,UpdateGroup');
INSERT INTO `service_permission_mapper` (`id`, `service_name`, `object_name`, `operation`, `user_type`, `permissions`) VALUES ('61e1f55d-bcbd-40ad-9d3d-9e23fd94d2bb','CustomerManagementObjService','Applicant','getApplicantStatus','C360_API_USER','API_ACCESS');
INSERT INTO `service_permission_mapper` (`id`, `service_name`, `object_name`, `operation`, `user_type`, `permissions`) VALUES ('62028d6f-d55f-4f27-a10e-cfb946307ca9','AuditLogsObjSvc','LogView','createFilter','TYPE_ID_CUSTOMER360','ViewLogs');
INSERT INTO `service_permission_mapper` (`id`, `service_name`, `object_name`, `operation`, `user_type`, `permissions`) VALUES ('621bdbd3-e6cc-4180-b411-57554191e439','AlertAndAlertTypes','alertType','getCustomerAlertTypePreference','TYPE_ID_CUSTOMER360','ViewCustomer');
INSERT INTO `service_permission_mapper` (`id`, `service_name`, `object_name`, `operation`, `user_type`, `permissions`) VALUES ('630a93ba-93a8-436e-afb7-ea94101eed48','StaticContentObjService','termsAndConditions','updateTermsAndConditions','TYPE_ID_CUSTOMER360','ModifyAppContentStatus,UpdateAppContent');
INSERT INTO `service_permission_mapper` (`id`, `service_name`, `object_name`, `operation`, `user_type`, `permissions`) VALUES ('63627c94-b2a6-4f55-9201-c81b9d7a7c57','CustomerManagementObjService','CustomerEntitlement','GetCustomerEntitlement','TYPE_ID_CUSTOMER360','UpdateCustomerEntitlements,ViewEntitlement');
INSERT INTO `service_permission_mapper` (`id`, `service_name`, `object_name`, `operation`, `user_type`, `permissions`) VALUES ('66369bb8-30ec-4175-a27f-743fee20c5d5','SecurityOpsObjService','manageSecurityQuestions','getSecurityQuestions','C360_API_USER','API_ACCESS');
INSERT INTO `service_permission_mapper` (`id`, `service_name`, `object_name`, `operation`, `user_type`, `permissions`) VALUES ('66fb54be-fb86-4ec7-a28e-bef93c518837','LeadAndApplicant','leadnote','createLeadNote','TYPE_ID_CUSTOMER360','ViewAppContent');
INSERT INTO `service_permission_mapper` (`id`, `service_name`, `object_name`, `operation`, `user_type`, `permissions`) VALUES ('685743ad-ed8c-4ef8-89cb-79aa93d7ce1a','BusinessBankingObjService','company','getCompanyAccounts','C360_API_USER','API_ACCESS');
INSERT INTO `service_permission_mapper` (`id`, `service_name`, `object_name`, `operation`, `user_type`, `permissions`) VALUES ('68ea2222-d3ea-43d5-a508-791e891881a8','BusinessBankingObjService','customer','upgradeUser','TYPE_ID_CUSTOMER360','UpgradeRetailUserToBusiness');
INSERT INTO `service_permission_mapper` (`id`, `service_name`, `object_name`, `operation`, `user_type`, `permissions`) VALUES ('68f89b0d-3878-45f6-a3cd-bb2f185dffe0','AlertAndAlertTypes','alertsubtype','createAlertSubType','TYPE_ID_CUSTOMER360','CreateAlerts');
INSERT INTO `service_permission_mapper` (`id`, `service_name`, `object_name`, `operation`, `user_type`, `permissions`) VALUES ('6a0b2628-372c-4043-99c3-5cba4386b24f','LeadAndApplicant','leadnote','fetchLeadNotes','TYPE_ID_CUSTOMER360','ViewAppContent');
INSERT INTO `service_permission_mapper` (`id`, `service_name`, `object_name`, `operation`, `user_type`, `permissions`) VALUES ('6a658985-8a72-4302-9134-24bea069278f','CustomerManagementObjService','CustomerRequest','getUnreadMessageCount','C360_API_USER','API_ACCESS');
INSERT INTO `service_permission_mapper` (`id`, `service_name`, `object_name`, `operation`, `user_type`, `permissions`) VALUES ('6b3ed698-175d-4e79-af14-e28f4efd8ebd','MFAObjService','mfaconfigandscenarios','getMFAConfiguration','TYPE_ID_CUSTOMER360','ViewMFAConfig');
INSERT INTO `service_permission_mapper` (`id`, `service_name`, `object_name`, `operation`, `user_type`, `permissions`) VALUES ('6b5d0c94-33ed-4e66-aee7-4141c8b71eb2','BusinessBankingObjService','customer','upgradeRolesAndEntiltlements','C360_API_USER','API_ACCESS');
INSERT INTO `service_permission_mapper` (`id`, `service_name`, `object_name`, `operation`, `user_type`, `permissions`) VALUES ('6b839f69-dc9a-47c4-b3b1-a5259bc3ee3f','MasterDataObjService','systemconfiguration','updateSystemConfiguration','TYPE_ID_CUSTOMER360','UpdateAppContent');
INSERT INTO `service_permission_mapper` (`id`, `service_name`, `object_name`, `operation`, `user_type`, `permissions`) VALUES ('6c07cb09-2f4e-4b9d-8aba-1c1375173b0a','AuditLogsObjSvc','TransactionAndAuditLogs','getAdminActivityLogs','TYPE_ID_CUSTOMER360','ViewAdminLogs');
INSERT INTO `service_permission_mapper` (`id`, `service_name`, `object_name`, `operation`, `user_type`, `permissions`) VALUES ('6cc1e509-064c-4489-a946-564673db3ff2','AlertAndAlertTypes','alertcategory','getCustomerAlertCategories','C360_API_USER','API_ACCESS');
INSERT INTO `service_permission_mapper` (`id`, `service_name`, `object_name`, `operation`, `user_type`, `permissions`) VALUES ('6ee9e51d-e316-44e3-bab3-ecacbe1a1f9d','LeadAndApplicant','lead','updateLead','TYPE_ID_CUSTOMER360','ViewAppContent');
INSERT INTO `service_permission_mapper` (`id`, `service_name`, `object_name`, `operation`, `user_type`, `permissions`) VALUES ('6ffe6a93-fa88-4c3f-b8f2-58c50fd7d336','TermsAndConditionsObjService','termsandconditions','editTermsAndConditions','TYPE_ID_CUSTOMER360','UpdateAppContent');
INSERT INTO `service_permission_mapper` (`id`, `service_name`, `object_name`, `operation`, `user_type`, `permissions`) VALUES ('709fd7bc-edbf-449c-b686-4c958c1d8187','ConfigurationObjService','Configuration','fetchConfigurations','TYPE_ID_CUSTOMER360','ViewAppContent');
INSERT INTO `service_permission_mapper` (`id`, `service_name`, `object_name`, `operation`, `user_type`, `permissions`) VALUES ('72106db3-3ad4-4d1c-89c0-268ec0820d6e','CustomerManagementObjService','Customer','CSRAssistAuthorizationNativeApplication','C360_API_USER','API_ACCESS');
INSERT INTO `service_permission_mapper` (`id`, `service_name`, `object_name`, `operation`, `user_type`, `permissions`) VALUES ('723143d5-71e7-4782-bbac-392df4cdc9db','LocationObjService','LocationServicesObject','createLocationAndAssignServices','TYPE_ID_CUSTOMER360','CreateAppContent');
INSERT INTO `service_permission_mapper` (`id`, `service_name`, `object_name`, `operation`, `user_type`, `permissions`) VALUES ('7234745d-f65d-4141-9d1d-648e8a999124','StaticContentObjService','outageMessage','getOutageMessageOfInactiveServices','C360_API_USER','API_ACCESS');
INSERT INTO `service_permission_mapper` (`id`, `service_name`, `object_name`, `operation`, `user_type`, `permissions`) VALUES ('742cd2ff-f283-4a92-a651-0dca6b64698b','LeadAndApplicant','lead','closeLead','TYPE_ID_CUSTOMER360','ViewAppContent');
INSERT INTO `service_permission_mapper` (`id`, `service_name`, `object_name`, `operation`, `user_type`, `permissions`) VALUES ('74a8c6fd-0839-4994-b25c-81a1e7ff0247','ManageLimitsAndFees','periodLimitEndUser','fetchPeriodicLimitForEndUser','TYPE_ID_CUSTOMER360','ViewEntitlement');
INSERT INTO `service_permission_mapper` (`id`, `service_name`, `object_name`, `operation`, `user_type`, `permissions`) VALUES ('75a0add5-48dc-48f0-8f11-be2f0612c1c0','BusinessBankingObjService','company','unlinkAccounts','TYPE_ID_CUSTOMER360','UpdateCompany');
INSERT INTO `service_permission_mapper` (`id`, `service_name`, `object_name`, `operation`, `user_type`, `permissions`) VALUES ('75b3ae10-ba09-40f5-8fea-ef38d9bc3204','CustomerManagementObjService','Customer','UpdateCustomerLockStatus','TYPE_ID_CUSTOMER360','UpdateCustomer');
INSERT INTO `service_permission_mapper` (`id`, `service_name`, `object_name`, `operation`, `user_type`, `permissions`) VALUES ('75d316d0-98c3-4d8d-a51b-6f411fbaf2fe','InternalusersObjService','Users','UpdateUserStatus','TYPE_ID_CUSTOMER360','ModifyUserStatus');
INSERT INTO `service_permission_mapper` (`id`, `service_name`, `object_name`, `operation`, `user_type`, `permissions`) VALUES ('760202e0-5502-4a77-8f79-e994047dd8e2','ManageLimitsAndFees','transferFeeService','getTransferFeeService','TYPE_ID_CUSTOMER360','ViewEntitlement');
INSERT INTO `service_permission_mapper` (`id`, `service_name`, `object_name`, `operation`, `user_type`, `permissions`) VALUES ('762c4c59-44c1-4689-981a-88102cf1a600','CustomerManagementObjService','Customer','getListOfCustomersAndGroups','TYPE_ID_CUSTOMER360','ViewMessages,ViewCustomer');
INSERT INTO `service_permission_mapper` (`id`, `service_name`, `object_name`, `operation`, `user_type`, `permissions`) VALUES ('769cfea1-bda3-4d67-bf94-161c40515ccb','BusinessBankingObjService','company','getCompanyCustomers','TYPE_ID_CUSTOMER360','UpdateBusinessUsers');
INSERT INTO `service_permission_mapper` (`id`, `service_name`, `object_name`, `operation`, `user_type`, `permissions`) VALUES ('778ec3b8-a755-4aed-a47a-cbc44b1c70c1','TermsAndConditionsObjService','termsandconditions','getTermsAndConditions','C360_API_USER','API_ACCESS');
INSERT INTO `service_permission_mapper` (`id`, `service_name`, `object_name`, `operation`, `user_type`, `permissions`) VALUES ('78116958-a154-4d73-b574-9f37d0f18ff9','CustomerManagementObjService','Customer','updateDBPUserStatus','TYPE_ID_CUSTOMER360','ViewAppContent');
INSERT INTO `service_permission_mapper` (`id`, `service_name`, `object_name`, `operation`, `user_type`, `permissions`) VALUES ('78806b7b-7e91-44a5-91c5-f6b9795febbe','SecurityOpsObjService','manageSecurityQuestions','deleteSecurityQuestion','TYPE_ID_CUSTOMER360','UpdateAppContent');
INSERT INTO `service_permission_mapper` (`id`, `service_name`, `object_name`, `operation`, `user_type`, `permissions`) VALUES ('7ab577f7-1644-4a5c-9ed6-b0daa8d67486','AlertAndAlertTypes','alertType','createAlertType','TYPE_ID_CUSTOMER360','CreateAlerts');
INSERT INTO `service_permission_mapper` (`id`, `service_name`, `object_name`, `operation`, `user_type`, `permissions`) VALUES ('7ae2da3c-f5cc-49b5-92e8-391fcf685226','IdentityManagementObjService','identitymanagement','createPasswordPolicy','TYPE_ID_CUSTOMER360','CreateUpdateIdentityManagement');
INSERT INTO `service_permission_mapper` (`id`, `service_name`, `object_name`, `operation`, `user_type`, `permissions`) VALUES ('7b040989-141f-4076-98a5-e983b51b57bd','LocationObjService','LocationsUsingCSV','importLocations','TYPE_ID_CUSTOMER360','CreateAppContent');
INSERT INTO `service_permission_mapper` (`id`, `service_name`, `object_name`, `operation`, `user_type`, `permissions`) VALUES ('7bbef8eb-2e0c-4c2e-a9fd-3e6f51efca68','SecurityOpsObjService','manageSecurityImages','insertSecurityImages','TYPE_ID_CUSTOMER360','CreateAppContent');
INSERT INTO `service_permission_mapper` (`id`, `service_name`, `object_name`, `operation`, `user_type`, `permissions`) VALUES ('7cf1eee3-f4ed-46b2-aa51-9edcce1c3ce0','CustomerManagementObjService','CustomerDevice','RegisterCustomerDevice','C360_API_USER','API_ACCESS');
INSERT INTO `service_permission_mapper` (`id`, `service_name`, `object_name`, `operation`, `user_type`, `permissions`) VALUES ('7d82591b-01c1-4fca-86ed-9303453dda6c','ManageLimitsAndFees','periodLimitUserGroup','update','TYPE_ID_CUSTOMER360','UpdateCustomerEntitlements');
INSERT INTO `service_permission_mapper` (`id`, `service_name`, `object_name`, `operation`, `user_type`, `permissions`) VALUES ('7db857fa-7291-4bbd-a299-faca287e9264','BusinessBankingObjService','bbcustomerservicelimit','editBBCustomerServiceLimit','C360_API_USER','API_ACCESS');
INSERT INTO `service_permission_mapper` (`id`, `service_name`, `object_name`, `operation`, `user_type`, `permissions`) VALUES ('7dd51cd0-bdac-411f-88e7-f51e46b0654f','AuditLogsObjSvc','TransactionAndAuditLogs','exportAdminConsoleLogs','TYPE_ID_CUSTOMER360','ViewAdminLogs');
INSERT INTO `service_permission_mapper` (`id`, `service_name`, `object_name`, `operation`, `user_type`, `permissions`) VALUES ('7e0471d7-4dda-488f-9567-2580c318d929','IdentityManagementObjService','identitymanagement','getPasswordLockoutSettings','TYPE_ID_CUSTOMER360','ViewIdentityManagement');
INSERT INTO `service_permission_mapper` (`id`, `service_name`, `object_name`, `operation`, `user_type`, `permissions`) VALUES ('7e41682d-c8d5-4525-9438-159f15342544','CustomerManagementObjService','CustomerGroup','EditCustomerGroup','TYPE_ID_CUSTOMER360','UpdateCustomer,UpdateCustomerGroup');
INSERT INTO `service_permission_mapper` (`id`, `service_name`, `object_name`, `operation`, `user_type`, `permissions`) VALUES ('7f1a5d72-68b9-4198-9b06-55aaabdc96bc','ManageLimitsAndFees','transferFeeService','create','TYPE_ID_CUSTOMER360','UpdateServiceLimitsFee');
INSERT INTO `service_permission_mapper` (`id`, `service_name`, `object_name`, `operation`, `user_type`, `permissions`) VALUES ('7f398da7-d1bb-40f0-9ae3-1dccca057554','SecurityOpsObjService','manageSecurityQuestions','updateSecurityQuestion','TYPE_ID_CUSTOMER360','ModifyAppContentStatus,UpdateAppContent');
INSERT INTO `service_permission_mapper` (`id`, `service_name`, `object_name`, `operation`, `user_type`, `permissions`) VALUES ('817fc64e-2e0e-48f6-937a-7924f86ae60a','AlertAndAlertTypes','alertType','getAlertTypeDefinition','TYPE_ID_CUSTOMER360','ViewAlerts');
INSERT INTO `service_permission_mapper` (`id`, `service_name`, `object_name`, `operation`, `user_type`, `permissions`) VALUES ('8377314d-a3c1-4db1-9667-3301a1eea2f3','CustomerManagementObjService','Applicant','createApplicantViaAssistedOnboarding','TYPE_ID_CUSTOMER360','DoAssistedOnboarding');
INSERT INTO `service_permission_mapper` (`id`, `service_name`, `object_name`, `operation`, `user_type`, `permissions`) VALUES ('84664138-a8e3-4bd3-bf0f-664957b27419','CustomerGroupsAndEntitlObjSvc','Group','manageStatus','TYPE_ID_CUSTOMER360','ModifyGroupStatus');
INSERT INTO `service_permission_mapper` (`id`, `service_name`, `object_name`, `operation`, `user_type`, `permissions`) VALUES ('855f0a49-19e8-4c71-bb10-c519eaa96684','ConfigurationObjService','Configuration','manageBundleAndConfigurations','TYPE_ID_CUSTOMER360','CreateAppContent,ModifyAppContentStatus,UpdateAppContent');
INSERT INTO `service_permission_mapper` (`id`, `service_name`, `object_name`, `operation`, `user_type`, `permissions`) VALUES ('863d9fd1-f0c6-4777-8d32-5a894693c443','AccountRequestsObjService','TravelNotification','cancelTravelNotification','TYPE_ID_CUSTOMER360','ViewCustomer');
INSERT INTO `service_permission_mapper` (`id`, `service_name`, `object_name`, `operation`, `user_type`, `permissions`) VALUES ('866b684f-4824-46e0-bc59-5f779095e5a9','CustomerGroupsAndEntitlObjSvc','Group','editGroup','TYPE_ID_CUSTOMER360','UpdateGroup,AssignCustomerGroup,CreateUpdateGroupEntitlements');
INSERT INTO `service_permission_mapper` (`id`, `service_name`, `object_name`, `operation`, `user_type`, `permissions`) VALUES ('86d5e10f-e899-4ef6-9c55-bcae675b141a','AlertAndAlertTypes','alertsubtype','editAlertSubType','TYPE_ID_CUSTOMER360','UpdateAlerts');
INSERT INTO `service_permission_mapper` (`id`, `service_name`, `object_name`, `operation`, `user_type`, `permissions`) VALUES ('86d7732c-f58b-4d8e-abe3-731cdc3d3c5c','MFAObjService','mfaconfigandscenarios','getFrequencyType','TYPE_ID_CUSTOMER360','ViewMFAConfig');
INSERT INTO `service_permission_mapper` (`id`, `service_name`, `object_name`, `operation`, `user_type`, `permissions`) VALUES ('86e990d7-63e0-4279-91d9-8371073c83ff','AlertAndAlertTypes','alertcondition','getAlertConditions','TYPE_ID_CUSTOMER360','ViewAlerts,ViewAppContent');
INSERT INTO `service_permission_mapper` (`id`, `service_name`, `object_name`, `operation`, `user_type`, `permissions`) VALUES ('87736176-b118-45d8-88d9-c956e04d1d46','CustomerGroupsAndEntitlObjSvc','GroupEntitlements','getGroupEntitlements','TYPE_ID_CUSTOMER360','ViewGroup,UpdateGroup,ViewAppContent');
INSERT INTO `service_permission_mapper` (`id`, `service_name`, `object_name`, `operation`, `user_type`, `permissions`) VALUES ('8789c015-3a5d-412f-b5d6-cf9be53188a2','CustomerManagementObjService','Note','CreateNote','TYPE_ID_CUSTOMER360','UpdateCustomer');
INSERT INTO `service_permission_mapper` (`id`, `service_name`, `object_name`, `operation`, `user_type`, `permissions`) VALUES ('8810bb51-7b69-459a-8e03-a058a0f6f749','CustomerManagementObjService','CustomerRequest','getCustomerRequests','TYPE_ID_CUSTOMER360','UpdateMessages,CreateNewMessage,ViewMessages,ViewCustomer');
INSERT INTO `service_permission_mapper` (`id`, `service_name`, `object_name`, `operation`, `user_type`, `permissions`) VALUES ('88147224-604f-4eee-985f-bd889959f927','DecisionManagement','decision','createDecisionRule','TYPE_ID_CUSTOMER360','UpdateDecision');
INSERT INTO `service_permission_mapper` (`id`, `service_name`, `object_name`, `operation`, `user_type`, `permissions`) VALUES ('8820ab9b-b446-4eea-bdf5-60efb6fff363','BusinessBankingObjService','company','verifyOFACandCIP','C360_API_USER','API_ACCESS');
INSERT INTO `service_permission_mapper` (`id`, `service_name`, `object_name`, `operation`, `user_type`, `permissions`) VALUES ('893fd60d-4060-4b9f-90f9-bd5777728a75','LeadAndApplicant','lead','assignLeads','TYPE_ID_CUSTOMER360','ViewAppContent');
INSERT INTO `service_permission_mapper` (`id`, `service_name`, `object_name`, `operation`, `user_type`, `permissions`) VALUES ('894c4d23-59b7-431b-b334-f187b297d3ae','CustomerManagementObjService','CustomerProduct','updateEstatementStatus','TYPE_ID_CUSTOMER360','UpdateCustomer');
INSERT INTO `service_permission_mapper` (`id`, `service_name`, `object_name`, `operation`, `user_type`, `permissions`) VALUES ('8961341b-eae0-4674-b947-dc8605c41c32','StaticContentObjService','privacyPolicy','getPrivacyPolicy','C360_API_USER','API_ACCESS');
INSERT INTO `service_permission_mapper` (`id`, `service_name`, `object_name`, `operation`, `user_type`, `permissions`) VALUES ('896f57cb-e1d7-4dcd-b3f4-6fa2a9531848','CustomerManagementObjService','CustomerRequest','createNewCustomerRequestMessage','TYPE_ID_CUSTOMER360','CreateNewMessage,UpdateMessages');
INSERT INTO `service_permission_mapper` (`id`, `service_name`, `object_name`, `operation`, `user_type`, `permissions`) VALUES ('89cf8da8-64a4-452c-8016-2dbe0b1f5b0c','ManageLimitsAndFees','period','update','TYPE_ID_CUSTOMER360','UpdateAppContent');
INSERT INTO `service_permission_mapper` (`id`, `service_name`, `object_name`, `operation`, `user_type`, `permissions`) VALUES ('8a3842d0-2461-4b8a-920e-cf41126daa0f','ManageLimitsAndFees','periodLimitEndUser','create','TYPE_ID_CUSTOMER360','UpdateServiceLimitsFee');
INSERT INTO `service_permission_mapper` (`id`, `service_name`, `object_name`, `operation`, `user_type`, `permissions`) VALUES ('8bd42fbc-201b-4b2a-b791-b2e9cae3b668','AuditLogsObjSvc','TransactionAndAuditLogs','getAdminActivityMasterData','TYPE_ID_CUSTOMER360','ViewAdminLogs');
INSERT INTO `service_permission_mapper` (`id`, `service_name`, `object_name`, `operation`, `user_type`, `permissions`) VALUES ('8c6dc2a5-016a-48ab-ba74-1085a2834fc6','CustomerManagementObjService','CustomerEntitlement','EditCustomerEntitlement','TYPE_ID_CUSTOMER360','UpdateCustomerEntitlements,UpdateCustomer');
INSERT INTO `service_permission_mapper` (`id`, `service_name`, `object_name`, `operation`, `user_type`, `permissions`) VALUES ('8c9fc662-85e1-4c61-a616-40833cfb2a57','LocationObjService','LocationServicesObject','deleteLocation','TYPE_ID_CUSTOMER360','UpdateAppContent');
INSERT INTO `service_permission_mapper` (`id`, `service_name`, `object_name`, `operation`, `user_type`, `permissions`) VALUES ('8ca1e810-a40a-4aad-842e-f9c8ada3d329','RolesAndPermissionsObjService','role','editInternalRoleToCustomerRoleMapping','TYPE_ID_CUSTOMER360','UpdateInterRoleToCustomerRoleMapping');
INSERT INTO `service_permission_mapper` (`id`, `service_name`, `object_name`, `operation`, `user_type`, `permissions`) VALUES ('8d3e16cd-bf52-439b-9d08-615c34548b62','StaticContentObjService','outageMessage','create','TYPE_ID_CUSTOMER360','CreateAppContent');
INSERT INTO `service_permission_mapper` (`id`, `service_name`, `object_name`, `operation`, `user_type`, `permissions`) VALUES ('8dd32aad-081e-4d6d-863d-b337bac77cc4','AuditLogsObjSvc','TransactionAndAuditLogs','exportCustomerActivityLogs','TYPE_ID_CUSTOMER360','ViewCustomerActivityLogs');
INSERT INTO `service_permission_mapper` (`id`, `service_name`, `object_name`, `operation`, `user_type`, `permissions`) VALUES ('8ddf45f5-9d71-43ec-b830-7a88a4b5f5a2','AlertAndAlertTypes','alert','updateAlert','TYPE_ID_CUSTOMER360','UpdateAlerts');
INSERT INTO `service_permission_mapper` (`id`, `service_name`, `object_name`, `operation`, `user_type`, `permissions`) VALUES ('90029956-4612-49f4-84f8-95971e123d8a','BusinessBankingObjService','bbcustomerservicelimit','editBBCustomerServiceLimit','TYPE_ID_CUSTOMER360','ViewAppContent');
INSERT INTO `service_permission_mapper` (`id`, `service_name`, `object_name`, `operation`, `user_type`, `permissions`) VALUES ('907cbc0d-4a33-44bb-9809-2bda55e2d0cc','StaticContentObjService','privacyPolicy','get','TYPE_ID_CUSTOMER360','ViewAppContent');
INSERT INTO `service_permission_mapper` (`id`, `service_name`, `object_name`, `operation`, `user_type`, `permissions`) VALUES ('90e1abba-afb6-4800-b7b4-9ae3f53b7f4d','ReportsObjService','ReportsInfo','getReportsInfo','TYPE_ID_CUSTOMER360','ViewReports');
INSERT INTO `service_permission_mapper` (`id`, `service_name`, `object_name`, `operation`, `user_type`, `permissions`) VALUES ('91081bb0-02b1-4e54-9fcf-bfb69ced254d','BusinessBankingObjService','customer','getCustomerAccounts','TYPE_ID_CUSTOMER360','UpdateBusinessUsers');
INSERT INTO `service_permission_mapper` (`id`, `service_name`, `object_name`, `operation`, `user_type`, `permissions`) VALUES ('919ecb36-2225-4e6c-98fc-a66f69853e32','LeadAndApplicant','leadproduct','setSupportedProducts','TYPE_ID_CUSTOMER360','ViewAppContent');
INSERT INTO `service_permission_mapper` (`id`, `service_name`, `object_name`, `operation`, `user_type`, `permissions`) VALUES ('91ef2e69-877b-4c63-84f9-5e53a5546aed','IdentityManagementObjService','identitymanagement','deleteUsernamePolicy','TYPE_ID_CUSTOMER360','CreateUpdateIdentityManagement');
INSERT INTO `service_permission_mapper` (`id`, `service_name`, `object_name`, `operation`, `user_type`, `permissions`) VALUES ('91f3cc6c-f8ef-4be1-95ff-f14edfd448b2','CustomerManagementObjService','CustomerDevice','GetCustomerDevices','C360_API_USER','API_ACCESS');
INSERT INTO `service_permission_mapper` (`id`, `service_name`, `object_name`, `operation`, `user_type`, `permissions`) VALUES ('92726da4-8337-4418-99e9-d781bf558aa3','CustServiceObjService','messageTemplate','getMessageTemplate','TYPE_ID_CUSTOMER360','UpdateMessages,CreateMessageTemplate,ViewMessages,CreateNewMessage');
INSERT INTO `service_permission_mapper` (`id`, `service_name`, `object_name`, `operation`, `user_type`, `permissions`) VALUES ('9287a2a4-54a0-41a3-885c-ef68a18f9fcd','CustServiceObjService','messageTemplate','updateMessageTemplate','TYPE_ID_CUSTOMER360','UpdateMessageTemplate');
INSERT INTO `service_permission_mapper` (`id`, `service_name`, `object_name`, `operation`, `user_type`, `permissions`) VALUES ('92cb6520-0253-4605-9200-5b54fc0bb429','CustomerManagementObjService','CustomerSecurityQuestions','fetchRandomSecurityQuestions','C360_API_USER','API_ACCESS');
INSERT INTO `service_permission_mapper` (`id`, `service_name`, `object_name`, `operation`, `user_type`, `permissions`) VALUES ('92f8c004-6116-459a-83f5-1d69377faf24','TermsAndConditionsObjService','termsandconditions','getAllTermsAndConditions','TYPE_ID_CUSTOMER360','ViewAppContent');
INSERT INTO `service_permission_mapper` (`id`, `service_name`, `object_name`, `operation`, `user_type`, `permissions`) VALUES ('942704e9-d7c6-4be8-a826-34cf45b481e2','BusinessBankingObjService','company','verifyOFACandCIP','TYPE_ID_CUSTOMER360','UpdateBusinessUsers,UpdateCompany');
INSERT INTO `service_permission_mapper` (`id`, `service_name`, `object_name`, `operation`, `user_type`, `permissions`) VALUES ('945decc9-962d-4696-9d4d-e30e031d2c10','RolesAndPermissionsObjService','role','manageRole','TYPE_ID_CUSTOMER360','ModifyRoleStatus,AssignUsers,AssignUserRole,AssignRolePermissions');
INSERT INTO `service_permission_mapper` (`id`, `service_name`, `object_name`, `operation`, `user_type`, `permissions`) VALUES ('9562303d-1e98-4eeb-aacd-8d393dd6a6ef','CustomerManagementObjService','Customer','CSRAssistAuthorizationApplyVehicleLoan','TYPE_ID_CUSTOMER360','ViewAppContent');
INSERT INTO `service_permission_mapper` (`id`, `service_name`, `object_name`, `operation`, `user_type`, `permissions`) VALUES ('95f155fc-72f1-4dad-b0a7-ec326c1754b5','BusinessBankingObjService','company','validateTIN','C360_API_USER','API_ACCESS');
INSERT INTO `service_permission_mapper` (`id`, `service_name`, `object_name`, `operation`, `user_type`, `permissions`) VALUES ('9726a596-7f8f-4831-9cb7-7f65aae22d90','CustServiceObjService','ServiceAndServiceComm','deleteServiceAndServiceCommunicationRecords','TYPE_ID_CUSTOMER360','UpdateAppContent');
INSERT INTO `service_permission_mapper` (`id`, `service_name`, `object_name`, `operation`, `user_type`, `permissions`) VALUES ('99d8ab5f-05b1-4e22-98fd-2f5cb78d5bde','CustServiceObjService','ServiceAndServiceComm','contactUs','C360_API_USER','API_ACCESS');
INSERT INTO `service_permission_mapper` (`id`, `service_name`, `object_name`, `operation`, `user_type`, `permissions`) VALUES ('9ab91ce9-3862-49c8-baed-f7bf06ae5334','ConfigurationObjService','Configuration','deleteBundleAndConfigurations','TYPE_ID_CUSTOMER360','UpdateAppContent');
INSERT INTO `service_permission_mapper` (`id`, `service_name`, `object_name`, `operation`, `user_type`, `permissions`) VALUES ('9adca092-8031-45f9-950a-f4f9925a3c94','ManageLimitsAndFees','transferFeeGroup','fetchTransferFeeUserGroup','TYPE_ID_CUSTOMER360','ViewEntitlement');
INSERT INTO `service_permission_mapper` (`id`, `service_name`, `object_name`, `operation`, `user_type`, `permissions`) VALUES ('9c03c10e-fbe5-4563-8df1-a6ceef6ce2bc','StaticContentObjService','outageMessage','deleteOutageMessage','TYPE_ID_CUSTOMER360','UpdateAppContent');
INSERT INTO `service_permission_mapper` (`id`, `service_name`, `object_name`, `operation`, `user_type`, `permissions`) VALUES ('9c04feff-6c56-4dd2-bd85-00d318831d91','RolesAndPermissionsObjService','DirectAndIndirectPermissionUsers','getAllUsers','TYPE_ID_CUSTOMER360','ViewUser,ViewUserReports');
INSERT INTO `service_permission_mapper` (`id`, `service_name`, `object_name`, `operation`, `user_type`, `permissions`) VALUES ('9c65df66-b5fe-4251-9821-e95deda28990','CustomerManagementObjService','Customer','EditCustomerBasicInfo','C360_API_USER','API_ACCESS');
INSERT INTO `service_permission_mapper` (`id`, `service_name`, `object_name`, `operation`, `user_type`, `permissions`) VALUES ('9c753bbc-7e67-43b6-b0dc-a56f80ab3a03','StaticContentObjService','service','downloadServicesList','TYPE_ID_CUSTOMER360','ViewAppContent');
INSERT INTO `service_permission_mapper` (`id`, `service_name`, `object_name`, `operation`, `user_type`, `permissions`) VALUES ('9c7655c2-884e-4624-a2da-358e47ec04f2','InternalusersObjService','region','get','C360_API_USER','API_ACCESS');
INSERT INTO `service_permission_mapper` (`id`, `service_name`, `object_name`, `operation`, `user_type`, `permissions`) VALUES ('9cb1f75c-d8f2-4c2e-b7f0-95ec1dd9fb63','CustomerManagementObjService','CustomerGroup','GetAllGroups','TYPE_ID_CUSTOMER360','ViewCustomer');
INSERT INTO `service_permission_mapper` (`id`, `service_name`, `object_name`, `operation`, `user_type`, `permissions`) VALUES ('9cba632d-6695-4cf3-bd42-07ab40a818fd','LeadAndApplicant','leadproduct','getProducts','TYPE_ID_CUSTOMER360','ViewAppContent');
INSERT INTO `service_permission_mapper` (`id`, `service_name`, `object_name`, `operation`, `user_type`, `permissions`) VALUES ('9cbd4833-6f18-4867-9782-42c6ae116787','StaticContentObjService','termsAndConditions','deleteTermsAndConditions','TYPE_ID_CUSTOMER360','UpdateAppContent');
INSERT INTO `service_permission_mapper` (`id`, `service_name`, `object_name`, `operation`, `user_type`, `permissions`) VALUES ('9d367980-6416-4730-9997-3d5a363afe19','ManageLimitsAndFees','transferFeeGroup','create','TYPE_ID_CUSTOMER360','CreateUpdateGroupEntitlements');
INSERT INTO `service_permission_mapper` (`id`, `service_name`, `object_name`, `operation`, `user_type`, `permissions`) VALUES ('9d8de172-5169-405d-8fe8-2d86fbaf22be','AlertAndAlertTypes','alertsubtype','getAlertSubTypeDefinition','TYPE_ID_CUSTOMER360','ViewAppContent');
INSERT INTO `service_permission_mapper` (`id`, `service_name`, `object_name`, `operation`, `user_type`, `permissions`) VALUES ('9e7c8f0f-6b9b-4a9a-9d6a-0024410426d1','BusinessBankingObjService','bbcustomerservicelimit','getBBCustomerServiceLimit','C360_API_USER','API_ACCESS');
INSERT INTO `service_permission_mapper` (`id`, `service_name`, `object_name`, `operation`, `user_type`, `permissions`) VALUES ('9f384f68-c7d3-4c23-91ac-d38e60422054','ManageLimitsAndFees','transactionFeesEndUser','create','TYPE_ID_CUSTOMER360','UpdateCustomerEntitlements');
INSERT INTO `service_permission_mapper` (`id`, `service_name`, `object_name`, `operation`, `user_type`, `permissions`) VALUES ('9ffcedf1-eb43-4b7a-9fa1-3d481131719d','LocationObjService','LocationObject','downloadLocationsList','TYPE_ID_CUSTOMER360','ViewAppContent');
INSERT INTO `service_permission_mapper` (`id`, `service_name`, `object_name`, `operation`, `user_type`, `permissions`) VALUES ('9ffd4bff-bc9f-41a7-b836-478c154456ff','SecurityOpsObjService','manageSecurityQuestions','insertSecurityQuestions','TYPE_ID_CUSTOMER360','CreateAppContent');
INSERT INTO `service_permission_mapper` (`id`, `service_name`, `object_name`, `operation`, `user_type`, `permissions`) VALUES ('a01450ae-0a39-4fa1-bbaa-d49e7a4f963a','AlertAndAlertTypes','alertPreference','updateAlerts','C360_API_USER','API_ACCESS');
INSERT INTO `service_permission_mapper` (`id`, `service_name`, `object_name`, `operation`, `user_type`, `permissions`) VALUES ('a01d19a1-179f-4f85-93e3-9466c52ae8a1','BusinessConfigObjService','EligibilityCriteria','addEligibilityCriteria','TYPE_ID_CUSTOMER360','UpdateAppContent,ViewAppContent');
INSERT INTO `service_permission_mapper` (`id`, `service_name`, `object_name`, `operation`, `user_type`, `permissions`) VALUES ('a058c19f-158e-467e-94a0-9108a24ced61','StaticContentObjService','privacyPolicy','createPrivacyPolicy','TYPE_ID_CUSTOMER360','CreateAppContent');
INSERT INTO `service_permission_mapper` (`id`, `service_name`, `object_name`, `operation`, `user_type`, `permissions`) VALUES ('a0ef60c3-adfa-4698-81d0-394e529e0118','AlertAndAlertTypes','eventtype','getEventTypes','TYPE_ID_CUSTOMER360','ViewAlerts');
INSERT INTO `service_permission_mapper` (`id`, `service_name`, `object_name`, `operation`, `user_type`, `permissions`) VALUES ('a161ed27-a3e2-4789-b895-0ebf3e2bae51','CustomerGroupsAndEntitlObjSvc','Group','downloadGroupsList','TYPE_ID_CUSTOMER360','ViewAppContent');
INSERT INTO `service_permission_mapper` (`id`, `service_name`, `object_name`, `operation`, `user_type`, `permissions`) VALUES ('a171b9a4-1e08-4784-8e2f-941368e1b640','InternalusersObjService','Users','EditInternalUser','TYPE_ID_CUSTOMER360','AssignUserPermission,UpdateUser,AssignUserRole');
INSERT INTO `service_permission_mapper` (`id`, `service_name`, `object_name`, `operation`, `user_type`, `permissions`) VALUES ('a1eff634-c87f-4356-9e71-303d61f9155c','CustomerManagementObjService','CustomerRequest','updateCustomerRequest','C360_API_USER','API_ACCESS');
INSERT INTO `service_permission_mapper` (`id`, `service_name`, `object_name`, `operation`, `user_type`, `permissions`) VALUES ('a4501b41-1531-435b-ae1d-62231e11abb1','CustomerManagementObjService','CustomerGroup','GetCustomerGroup','TYPE_ID_CUSTOMER360','ViewCustomer,UpdateCustomer,UpdateCustomerGroup');
INSERT INTO `service_permission_mapper` (`id`, `service_name`, `object_name`, `operation`, `user_type`, `permissions`) VALUES ('a4870d68-5c81-4995-b2dc-1c9be14d3cf4','StaticContentObjService','frequentlyAskedQuestions','getFAQs','TYPE_ID_CUSTOMER360','ViewAppContent');
INSERT INTO `service_permission_mapper` (`id`, `service_name`, `object_name`, `operation`, `user_type`, `permissions`) VALUES ('a52d9a2f-90cb-4b48-9cfc-0e05bf33e47a','RolesAndPermissionsObjService','role_view','getRoleList','TYPE_ID_CUSTOMER360','ViewRoles,CreateRoles,ModifyRoleStatus,UpdatePermission,CreateUser,AssignUsers,AssignRolePermissions');
INSERT INTO `service_permission_mapper` (`id`, `service_name`, `object_name`, `operation`, `user_type`, `permissions`) VALUES ('a53bcc26-8a44-46f4-a539-c8b67db96693','CustomerManagementObjService','CustomerDevice','CustomerUpdateDeviceInformation','TYPE_ID_CUSTOMER360','UpdateCustomerDevice');
INSERT INTO `service_permission_mapper` (`id`, `service_name`, `object_name`, `operation`, `user_type`, `permissions`) VALUES ('a6e3ba0c-b2d5-4eed-8f54-b91d9c8683ed','CustomerManagementObjService','IdType','getIdTypes','TYPE_ID_CUSTOMER360','ViewAppContent');
INSERT INTO `service_permission_mapper` (`id`, `service_name`, `object_name`, `operation`, `user_type`, `permissions`) VALUES ('a7188429-eb07-467b-b6f0-3a21cbbb7184','DecisionManagement','decision','DownloadRulesFile','TYPE_ID_CUSTOMER360','ViewDecisionFiles,UpdateDecision');
INSERT INTO `service_permission_mapper` (`id`, `service_name`, `object_name`, `operation`, `user_type`, `permissions`) VALUES ('a75c4be3-9553-44c3-8f1d-89c17a330b22','AuditLogsObjSvc','TransactionAndAuditLogs','exportTransactionalLogs','TYPE_ID_CUSTOMER360','ViewTransactionLogs');
INSERT INTO `service_permission_mapper` (`id`, `service_name`, `object_name`, `operation`, `user_type`, `permissions`) VALUES ('a8d84b4d-8f9f-4b32-9598-8d54dc5d8eca','TermsAndConditionsObjService','termsandconditions','getTermsAndConditions','TYPE_ID_CUSTOMER360','ViewAppContent');
INSERT INTO `service_permission_mapper` (`id`, `service_name`, `object_name`, `operation`, `user_type`, `permissions`) VALUES ('aad58d44-e510-4081-bf1e-441843fc57a6','AlertAndAlertTypes','alertattribute','getAlertAttributes','TYPE_ID_CUSTOMER360','ViewAlerts');
INSERT INTO `service_permission_mapper` (`id`, `service_name`, `object_name`, `operation`, `user_type`, `permissions`) VALUES ('ac3927b5-e8b1-4fc4-8595-255e5338953b','BusinessConfigObjService','EligibilityCriteria','deleteEligibilityCriteria','TYPE_ID_CUSTOMER360','UpdateAppContent');
INSERT INTO `service_permission_mapper` (`id`, `service_name`, `object_name`, `operation`, `user_type`, `permissions`) VALUES ('add5e6cb-b0af-43ba-9dfc-33cdcec1dfdc','BusinessBankingObjService','company','getAllAccounts','TYPE_ID_CUSTOMER360','ViewCompanies');
INSERT INTO `service_permission_mapper` (`id`, `service_name`, `object_name`, `operation`, `user_type`, `permissions`) VALUES ('afb43461-1847-4f02-96e9-8c4a5e1097da','IdentityManagementObjService','identitymanagement','updatePasswordRules','TYPE_ID_CUSTOMER360','CreateUpdateIdentityManagement');
INSERT INTO `service_permission_mapper` (`id`, `service_name`, `object_name`, `operation`, `user_type`, `permissions`) VALUES ('affcd735-9af4-48c6-9fb3-f39e975155e5','CustomerGroupsAndEntitlObjSvc','GroupEntitlements','getGroupEntitlements','C360_API_USER','API_ACCESS');
INSERT INTO `service_permission_mapper` (`id`, `service_name`, `object_name`, `operation`, `user_type`, `permissions`) VALUES ('b0a8d30b-cd88-4d03-8749-9f81eb0bec3e','MasterDataObjService','customertype','getCustomerTypes','TYPE_ID_CUSTOMER360','ViewAppContent');
INSERT INTO `service_permission_mapper` (`id`, `service_name`, `object_name`, `operation`, `user_type`, `permissions`) VALUES ('b24ce421-4fce-465d-9497-53538ea17210','StaticContentObjService','service','createService','TYPE_ID_CUSTOMER360','CreateService');
INSERT INTO `service_permission_mapper` (`id`, `service_name`, `object_name`, `operation`, `user_type`, `permissions`) VALUES ('b2b3c973-02a3-4e98-b6b1-d6a15e8e1f66','InternalusersObjService','internalUsers_view','GetUsers','TYPE_ID_CUSTOMER360','ViewUser,AssignUserPermission,ModifyUserStatus,UpdateMessages,CreateNewMessage,ViewMessages,ViewCustomer');
INSERT INTO `service_permission_mapper` (`id`, `service_name`, `object_name`, `operation`, `user_type`, `permissions`) VALUES ('b2fb3d90-35f6-4c6c-867a-016c32c10e51','BusinessBankingObjService','company','unlinkAccounts','C360_API_USER','API_ACCESS');
INSERT INTO `service_permission_mapper` (`id`, `service_name`, `object_name`, `operation`, `user_type`, `permissions`) VALUES ('b32231e6-e519-4a87-9c39-7a3a0ea22f95','LeadAndApplicant','lead','fetchLeads','TYPE_ID_CUSTOMER360','ViewAppContent');
INSERT INTO `service_permission_mapper` (`id`, `service_name`, `object_name`, `operation`, `user_type`, `permissions`) VALUES ('b4b655dc-d8a5-43b9-ba0d-879ed25d371a','StaticContentObjService','frequentlyAskedQuestions','deleteFAQs','TYPE_ID_CUSTOMER360','UpdateAppContent');
INSERT INTO `service_permission_mapper` (`id`, `service_name`, `object_name`, `operation`, `user_type`, `permissions`) VALUES ('b6b689e2-255e-4104-aba0-db21689ae87f','ManageLimitsAndFees','periodLimitService','create','TYPE_ID_CUSTOMER360','UpdateServiceLimitsFee');
INSERT INTO `service_permission_mapper` (`id`, `service_name`, `object_name`, `operation`, `user_type`, `permissions`) VALUES ('b7effa23-9413-4b5c-8705-53163547c39d','MFAObjService','mfaconfigandscenarios','getMFAScenario','TYPE_ID_CUSTOMER360','ViewMFAConfig');
INSERT INTO `service_permission_mapper` (`id`, `service_name`, `object_name`, `operation`, `user_type`, `permissions`) VALUES ('b7f4bc78-77a8-4670-81cb-23dba21e9a50','RolesAndPermissionsObjService','userRole','get','TYPE_ID_CUSTOMER360','ViewUser,ViewUserReports');
INSERT INTO `service_permission_mapper` (`id`, `service_name`, `object_name`, `operation`, `user_type`, `permissions`) VALUES ('b8f72067-6c49-46f7-8ac2-d1cf5e0d07ef','CustomerManagementObjService','Customer','IsEAgreementAvailableForUser','C360_API_USER','API_ACCESS');
INSERT INTO `service_permission_mapper` (`id`, `service_name`, `object_name`, `operation`, `user_type`, `permissions`) VALUES ('b9293b08-163b-4c88-a34c-445e66b9f595','CustomerManagementObjService','CustomerSecurityQuestions','createCustomerSecurityQuestions','C360_API_USER','API_ACCESS');
INSERT INTO `service_permission_mapper` (`id`, `service_name`, `object_name`, `operation`, `user_type`, `permissions`) VALUES ('ba3c1124-4406-4d0c-9938-bf457fbc6fc0','RolesAndPermissionsObjService','role_view','downloadRolesList','TYPE_ID_CUSTOMER360','ViewAppContent');
INSERT INTO `service_permission_mapper` (`id`, `service_name`, `object_name`, `operation`, `user_type`, `permissions`) VALUES ('bce1caa0-24d4-4f64-b7d1-43f826f7093b','CustomerManagementObjService','Customer','CSRAssistAuthorizationApplyPersonalLoan','TYPE_ID_CUSTOMER360','ViewAppContent');
INSERT INTO `service_permission_mapper` (`id`, `service_name`, `object_name`, `operation`, `user_type`, `permissions`) VALUES ('bd20f7d6-32c7-435b-b621-df4ce9e8297b','AlertAndAlertTypes','alertType','reorderAlertType','TYPE_ID_CUSTOMER360','UpdateAlerts');
INSERT INTO `service_permission_mapper` (`id`, `service_name`, `object_name`, `operation`, `user_type`, `permissions`) VALUES ('be4797c0-05f2-492c-975b-6c0aa809d77a','SecurityOpsObjService','manageSecurityQuestions','getSecurityQuestions','TYPE_ID_CUSTOMER360','ViewAppContent');
INSERT INTO `service_permission_mapper` (`id`, `service_name`, `object_name`, `operation`, `user_type`, `permissions`) VALUES ('bf34f809-7a94-4f17-a8cc-2b78b1315c8b','AlertAndAlertTypes','alertcategory','getCustomerAlertCategoryChannelPreference','TYPE_ID_CUSTOMER360','ViewCustomer,ViewAlerts');
INSERT INTO `service_permission_mapper` (`id`, `service_name`, `object_name`, `operation`, `user_type`, `permissions`) VALUES ('c0da815c-7f9a-4afb-bc0d-3f5f5d7a30f5','AuditLogsObjSvc','TransactionAndAuditLogs','getTransactionMasterData','TYPE_ID_CUSTOMER360','ViewTransactionLogs');
INSERT INTO `service_permission_mapper` (`id`, `service_name`, `object_name`, `operation`, `user_type`, `permissions`) VALUES ('c2de51ec-782a-4f34-8673-31f970c2a777','AlertAndAlertTypes','alertcategory','getCustomerAlertCategories','TYPE_ID_CUSTOMER360','ViewAlerts,ViewAppContent');
INSERT INTO `service_permission_mapper` (`id`, `service_name`, `object_name`, `operation`, `user_type`, `permissions`) VALUES ('c3d4b21f-5f1f-4081-8a08-6f39363d7f9b','ManageLimitsAndFees','transferFeeService','update','TYPE_ID_CUSTOMER360','UpdateServiceLimitsFee');
INSERT INTO `service_permission_mapper` (`id`, `service_name`, `object_name`, `operation`, `user_type`, `permissions`) VALUES ('c467c3f9-45b3-454e-9c52-d5cdf22f65e0','StaticContentObjService','privacyPolicy','deletePrivacyPolicy','TYPE_ID_CUSTOMER360','UpdateAppContent');
INSERT INTO `service_permission_mapper` (`id`, `service_name`, `object_name`, `operation`, `user_type`, `permissions`) VALUES ('c48d732a-2635-4a8f-bd1b-c60555554827','IdentityManagementObjService','identitymanagement','updateUsernamePolicy','TYPE_ID_CUSTOMER360','CreateUpdateIdentityManagement');
INSERT INTO `service_permission_mapper` (`id`, `service_name`, `object_name`, `operation`, `user_type`, `permissions`) VALUES ('c5c01612-62fe-4888-b14e-6957bd400a81','AlertAndAlertTypes','eventsubtype','getEventSubTypes','TYPE_ID_CUSTOMER360','ViewAlerts');
INSERT INTO `service_permission_mapper` (`id`, `service_name`, `object_name`, `operation`, `user_type`, `permissions`) VALUES ('c65e4c6c-9488-46ba-a83f-e4bcd9608d88','CardManagementObjService','card','updateCustomerCard','TYPE_ID_CUSTOMER360','ViewCustomer');
INSERT INTO `service_permission_mapper` (`id`, `service_name`, `object_name`, `operation`, `user_type`, `permissions`) VALUES ('c7359aa7-790a-403a-a0aa-a62e8552f04f','CustomerManagementObjService','Applicant','createApplicantAO','TYPE_ID_CUSTOMER360','DoAssistedOnboarding');
INSERT INTO `service_permission_mapper` (`id`, `service_name`, `object_name`, `operation`, `user_type`, `permissions`) VALUES ('c84730d4-fd2b-4be4-ae5c-6e3842f43957','StaticContentObjService','frequentlyAskedQuestions','getOlbFaqs','C360_API_USER','API_ACCESS');
INSERT INTO `service_permission_mapper` (`id`, `service_name`, `object_name`, `operation`, `user_type`, `permissions`) VALUES ('c9b74e3f-4b3b-45a7-8a3b-01000e27352a','AlertAndAlertTypes','alert','getAlertAndAlertTypes','TYPE_ID_CUSTOMER360','ViewAlerts');
INSERT INTO `service_permission_mapper` (`id`, `service_name`, `object_name`, `operation`, `user_type`, `permissions`) VALUES ('ca26c625-5649-4c3a-9bfc-5baa037f6c82','InternalusersObjService','internalUserProfile_view','GetUserProfile','TYPE_ID_CUSTOMER360','AssignUserPermission,UpdateUser,ViewUser');
INSERT INTO `service_permission_mapper` (`id`, `service_name`, `object_name`, `operation`, `user_type`, `permissions`) VALUES ('caa668a6-ce4c-457a-85da-b9f4c38059f7','CustomerManagementObjService','CustomerEntitlement','GetIndirectEntitlements','TYPE_ID_CUSTOMER360','UpdateCustomerEntitlements,ViewEntitlement');
INSERT INTO `service_permission_mapper` (`id`, `service_name`, `object_name`, `operation`, `user_type`, `permissions`) VALUES ('cbacb644-f7c2-4767-8060-119d175c5dc5','CustomerManagementObjService','Note','GetApplicantNotes','TYPE_ID_CUSTOMER360','ViewCustomer');
INSERT INTO `service_permission_mapper` (`id`, `service_name`, `object_name`, `operation`, `user_type`, `permissions`) VALUES ('cbfcc769-fdad-46c6-9391-7b4a33e6814d','StaticContentObjService','outageMessage','getOutageMessage','TYPE_ID_CUSTOMER360','ViewAppContent');
INSERT INTO `service_permission_mapper` (`id`, `service_name`, `object_name`, `operation`, `user_type`, `permissions`) VALUES ('cccea187-09e9-4d6e-bd7b-896fce9a2daf','MFAObjService','mfaconfigandscenarios','getAction','TYPE_ID_CUSTOMER360','ViewMFAConfig');
INSERT INTO `service_permission_mapper` (`id`, `service_name`, `object_name`, `operation`, `user_type`, `permissions`) VALUES ('cd7947a1-81b2-4d4f-8760-6ca90b36a6e5','StaticContentObjService','outageMessage','createOutageMessage','TYPE_ID_CUSTOMER360','CreateAppContent');
INSERT INTO `service_permission_mapper` (`id`, `service_name`, `object_name`, `operation`, `user_type`, `permissions`) VALUES ('cda638dd-4eb9-4064-9330-950cc7401aee','InternalusersObjService','internalUsers_view','downloadUsersList','TYPE_ID_CUSTOMER360','ViewAppContent');
INSERT INTO `service_permission_mapper` (`id`, `service_name`, `object_name`, `operation`, `user_type`, `permissions`) VALUES ('d042ae2c-5166-4dd1-94a6-027df5abc097','RolesAndPermissionsObjService','role','createRole','TYPE_ID_CUSTOMER360','CreateRoles');
INSERT INTO `service_permission_mapper` (`id`, `service_name`, `object_name`, `operation`, `user_type`, `permissions`) VALUES ('d0cfb3d9-dcfd-4fd9-868f-e14eba5d6e8f','MasterDataObjService','systemconfiguration','getSystemConfiguration','TYPE_ID_CUSTOMER360','ViewAppContent');
INSERT INTO `service_permission_mapper` (`id`, `service_name`, `object_name`, `operation`, `user_type`, `permissions`) VALUES ('d1222de1-9631-4ebe-aa0e-dfa3d59dc1ba','CustomerManagementObjService','Customer','CSRAssistAuthorizationLearnCreditLoan','TYPE_ID_CUSTOMER360','ViewAppContent');
INSERT INTO `service_permission_mapper` (`id`, `service_name`, `object_name`, `operation`, `user_type`, `permissions`) VALUES ('d1b9cf10-c190-44b2-bc52-765f97d56e2d','IdentityManagementObjService','identitymanagement','getPasswordLockoutSettings','C360_API_USER','API_ACCESS');
INSERT INTO `service_permission_mapper` (`id`, `service_name`, `object_name`, `operation`, `user_type`, `permissions`) VALUES ('d29c7fb0-e7af-4ec8-b5a5-9103daf58cdb','BusinessBankingObjService','company','getCompanyAccounts','TYPE_ID_CUSTOMER360','UpdateCompany');
INSERT INTO `service_permission_mapper` (`id`, `service_name`, `object_name`, `operation`, `user_type`, `permissions`) VALUES ('d2bbbe07-76fa-4903-a416-f34525fb5634','CustomerManagementObjService','CustomerRequest','getRequests','TYPE_ID_CUSTOMER360','ViewCustomer');
INSERT INTO `service_permission_mapper` (`id`, `service_name`, `object_name`, `operation`, `user_type`, `permissions`) VALUES ('d324374a-f172-4d6b-af00-2a0b3a0d01ad','AlertAndAlertTypes','alertType','getCustomerAlertTypePreference','C360_API_USER','API_ACCESS');
INSERT INTO `service_permission_mapper` (`id`, `service_name`, `object_name`, `operation`, `user_type`, `permissions`) VALUES ('d352dbef-7ef4-4e3e-b7e6-ba1431c6e8b5','CustomerManagementObjService','CustomerProduct','GetAllProducts','TYPE_ID_CUSTOMER360','ViewGroup');
INSERT INTO `service_permission_mapper` (`id`, `service_name`, `object_name`, `operation`, `user_type`, `permissions`) VALUES ('d85edbbe-9e5b-489e-9d03-1fe3a3e9f958','LeadAndApplicant','leadconfiguration','setLeadConfiguration','TYPE_ID_CUSTOMER360','ViewAppContent');
INSERT INTO `service_permission_mapper` (`id`, `service_name`, `object_name`, `operation`, `user_type`, `permissions`) VALUES ('d87fc951-e60c-4070-9f8b-9a3afee5e83f','SecurityOpsObjService','manageSecurityImages','getSecurityImages','TYPE_ID_CUSTOMER360','ViewAppContent');
INSERT INTO `service_permission_mapper` (`id`, `service_name`, `object_name`, `operation`, `user_type`, `permissions`) VALUES ('d88b001d-6132-4124-9350-7969791a55ba','CustomerManagementObjService','CustomerRequest','getRequestCategory','TYPE_ID_CUSTOMER360','UpdateMessages,CreateNewMessage,ViewMessages,ViewCustomer');
INSERT INTO `service_permission_mapper` (`id`, `service_name`, `object_name`, `operation`, `user_type`, `permissions`) VALUES ('d9ebada8-1707-4bef-8718-45c054a7da8c','InternalusersObjService','city','get','C360_API_USER','API_ACCESS');
INSERT INTO `service_permission_mapper` (`id`, `service_name`, `object_name`, `operation`, `user_type`, `permissions`) VALUES ('d9fa0a54-a520-4567-9f87-9809943e0181','CustomerManagementObjService','CustomerActivity','getAllActivitiesInACustomerSession','TYPE_ID_CUSTOMER360','ViewCustomerActivityLogs');
INSERT INTO `service_permission_mapper` (`id`, `service_name`, `object_name`, `operation`, `user_type`, `permissions`) VALUES ('db435ec6-cb63-45ec-bccc-ad88be4babd1','CustomerManagementObjService','CustomerRequest','createNewCustomerRequest','C360_API_USER','API_ACCESS');
INSERT INTO `service_permission_mapper` (`id`, `service_name`, `object_name`, `operation`, `user_type`, `permissions`) VALUES ('dbd611f8-afc5-464b-a567-555fc44279fa','DecisionManagement','decision','getDecisionRules','TYPE_ID_CUSTOMER360','ViewDecisionFiles');
INSERT INTO `service_permission_mapper` (`id`, `service_name`, `object_name`, `operation`, `user_type`, `permissions`) VALUES ('dd4779fc-203b-42bd-910c-fd9fec339677','CustomerManagementObjService','Customer','IsEAgreementAvailableForUser','TYPE_ID_CUSTOMER360','ViewAppContent');
INSERT INTO `service_permission_mapper` (`id`, `service_name`, `object_name`, `operation`, `user_type`, `permissions`) VALUES ('dd84bfcc-c260-4988-8f9a-b76ebdddb638','AlertAndAlertTypes','alertPreference','setAlertPreferences','TYPE_ID_CUSTOMER360','UpdateAlertPreferences');
INSERT INTO `service_permission_mapper` (`id`, `service_name`, `object_name`, `operation`, `user_type`, `permissions`) VALUES ('de0f9788-5f88-41d2-af14-f1a3e140e0c5','RolesAndPermissionsObjService','rolepermission_view','get','TYPE_ID_CUSTOMER360','CreateRoles,UpdateRole,ViewPermissions,UpdatePermission,ModifyPermissionStatus,CreateUser');
INSERT INTO `service_permission_mapper` (`id`, `service_name`, `object_name`, `operation`, `user_type`, `permissions`) VALUES ('e0b568e4-b709-43df-b9a5-35e452dcad5c','MasterDataObjService','locale','getLocales','TYPE_ID_CUSTOMER360','ViewAppContent');
INSERT INTO `service_permission_mapper` (`id`, `service_name`, `object_name`, `operation`, `user_type`, `permissions`) VALUES ('e314d87e-2f9a-4e64-a783-5a2d45215eda','InternalusersObjService','Branch','getAllBranches','TYPE_ID_CUSTOMER360','ViewUser,UpdateAppContent,ViewCustomer');
INSERT INTO `service_permission_mapper` (`id`, `service_name`, `object_name`, `operation`, `user_type`, `permissions`) VALUES ('e32b30ad-652f-41ac-bbe4-c2db6e076ae1','ManageLimitsAndFees','periodLimitService','update','TYPE_ID_CUSTOMER360','UpdateServiceLimitsFee');
INSERT INTO `service_permission_mapper` (`id`, `service_name`, `object_name`, `operation`, `user_type`, `permissions`) VALUES ('e46609ee-0213-4797-9f4a-5486da0e33b6','CustomerManagementObjService','CustomerGroup','GetCustomerGroup','C360_API_USER','API_ACCESS');
INSERT INTO `service_permission_mapper` (`id`, `service_name`, `object_name`, `operation`, `user_type`, `permissions`) VALUES ('e52e9b68-a8e5-4ae6-87b4-1743ae39e535','ManageLimitsAndFees','period','get','TYPE_ID_CUSTOMER360','ViewEntitlement');
INSERT INTO `service_permission_mapper` (`id`, `service_name`, `object_name`, `operation`, `user_type`, `permissions`) VALUES ('e55fa56c-0e3c-4521-afb6-a48b96589b7f','BankProductManagment','product','getProductList','TYPE_ID_CUSTOMER360','ViewAppContent');
INSERT INTO `service_permission_mapper` (`id`, `service_name`, `object_name`, `operation`, `user_type`, `permissions`) VALUES ('e6aa935e-7816-493b-9a8f-fa90dda4ed26','AlertAndAlertTypes','alertPreference','setAlertPreferences','C360_API_USER','API_ACCESS');
INSERT INTO `service_permission_mapper` (`id`, `service_name`, `object_name`, `operation`, `user_type`, `permissions`) VALUES ('e7c33cc9-eb5d-4a12-8a99-3cf43f113373','CustomerManagementObjService','Customer','EditCustomerBasicInfo','TYPE_ID_CUSTOMER360','UpdateCustomer');
INSERT INTO `service_permission_mapper` (`id`, `service_name`, `object_name`, `operation`, `user_type`, `permissions`) VALUES ('ea0a41eb-f88e-4dd7-811c-fbfaa4d3a71b','InternalusersObjService','region','get','TYPE_ID_CUSTOMER360','ViewUser,ModifyUserStatus,UpdateAppContent,CreateAppContent,ViewCustomer');
INSERT INTO `service_permission_mapper` (`id`, `service_name`, `object_name`, `operation`, `user_type`, `permissions`) VALUES ('ea8e1920-d9b3-467f-94cd-8ffb2cf0187f','AlertAndAlertTypes','alertcategory','getCustomerAlertCategoryPreference','C360_API_USER','API_ACCESS');
INSERT INTO `service_permission_mapper` (`id`, `service_name`, `object_name`, `operation`, `user_type`, `permissions`) VALUES ('eb1dab2b-e286-4b22-9273-ae08a4e0acd2','BusinessBankingObjService','company','getCompanyDetails','C360_API_USER','API_ACCESS');
INSERT INTO `service_permission_mapper` (`id`, `service_name`, `object_name`, `operation`, `user_type`, `permissions`) VALUES ('ec32c25e-688e-4544-8c3a-a833238c2cf1','AuditLogsObjSvc','TransactionAndAuditLogs','getCustomerLogs','TYPE_ID_CUSTOMER360','ViewCustomerActivityLogs,ViewCustomer');
INSERT INTO `service_permission_mapper` (`id`, `service_name`, `object_name`, `operation`, `user_type`, `permissions`) VALUES ('ecd12e19-b366-4113-aa45-e2d4aead6d50','RolesAndPermissionsObjService','role','manageRoleCompositePermissions','TYPE_ID_CUSTOMER360','UpdateRoles');
INSERT INTO `service_permission_mapper` (`id`, `service_name`, `object_name`, `operation`, `user_type`, `permissions`) VALUES ('ece3c143-056f-4014-bcfc-7e8eb40b654f','BankProductManagment','product','manageProductStatus','TYPE_ID_CUSTOMER360','UpdateAppContent,ModifyAppContentStatus');
INSERT INTO `service_permission_mapper` (`id`, `service_name`, `object_name`, `operation`, `user_type`, `permissions`) VALUES ('edbdfcd2-676a-4c74-bba3-f20dbd0fedd5','MFAObjService','mfaconfigandscenarios','getMFAType','TYPE_ID_CUSTOMER360','ViewMFAConfig');
INSERT INTO `service_permission_mapper` (`id`, `service_name`, `object_name`, `operation`, `user_type`, `permissions`) VALUES ('edc24409-be74-44cb-a93f-6ab79e6ed4b3','LocationObjService','LocationServicesObject','getLocationAndLocationServices','TYPE_ID_CUSTOMER360','ViewAppContent');
INSERT INTO `service_permission_mapper` (`id`, `service_name`, `object_name`, `operation`, `user_type`, `permissions`) VALUES ('ef18759d-4d9d-4316-a4a2-99a57bcd810a','AlertAndAlertTypes','alertPreference','getAlerts','TYPE_ID_CUSTOMER360','ViewAlerts');
INSERT INTO `service_permission_mapper` (`id`, `service_name`, `object_name`, `operation`, `user_type`, `permissions`) VALUES ('ef4ca924-ba0b-4c7e-bbd4-91b9e0aeb7e3','CustServiceObjService','ServiceAndServiceComm','getServiceAndServiceCommunicationRecords','C360_API_USER','API_ACCESS');
INSERT INTO `service_permission_mapper` (`id`, `service_name`, `object_name`, `operation`, `user_type`, `permissions`) VALUES ('eff45feb-b66a-488a-8ce5-e892e7877176','CustomerManagementObjService','CustomerEntitlement','GetAllEntitlements','TYPE_ID_CUSTOMER360','ViewLogs');
INSERT INTO `service_permission_mapper` (`id`, `service_name`, `object_name`, `operation`, `user_type`, `permissions`) VALUES ('f04c634b-5057-4637-9017-3ce5279bc78f','CustomerManagementObjService','Customer','CustomerSearch','TYPE_ID_CUSTOMER360','ViewCustomerActivityLogs,ViewCustomer,CreateGroup,UpdateCustomerGroup,AssignCustomerGroup,UpdateGroup');
INSERT INTO `service_permission_mapper` (`id`, `service_name`, `object_name`, `operation`, `user_type`, `permissions`) VALUES ('f0d5b710-3af8-4356-b553-871a593b4377','AccountRequestsObjService','TravelNotification','createTravelNotification','C360_API_USER','API_ACCESS');
INSERT INTO `service_permission_mapper` (`id`, `service_name`, `object_name`, `operation`, `user_type`, `permissions`) VALUES ('f2d93c1b-7ec0-4bf8-a3e1-935d28d67774','SecurityOpsObjService','manageSecurityImages','deleteSecurityImages','TYPE_ID_CUSTOMER360','UpdateAppContent');
INSERT INTO `service_permission_mapper` (`id`, `service_name`, `object_name`, `operation`, `user_type`, `permissions`) VALUES ('f32cc51e-38bd-4cc9-97d8-643240d716c0','InternalusersObjService','country','get','C360_API_USER','API_ACCESS');
INSERT INTO `service_permission_mapper` (`id`, `service_name`, `object_name`, `operation`, `user_type`, `permissions`) VALUES ('f34322a4-7281-440f-a3ab-7841134aa5b9','ReportsObjService','MessagesReport','getMessagesReport','TYPE_ID_CUSTOMER360','ViewMessageReports');
INSERT INTO `service_permission_mapper` (`id`, `service_name`, `object_name`, `operation`, `user_type`, `permissions`) VALUES ('f50ab2d5-0a93-4ed8-8bc7-fd7af45ddb4e','AlertAndAlertTypes','alertcategory','editAlertCategory','TYPE_ID_CUSTOMER360','UpdateAlerts');
INSERT INTO `service_permission_mapper` (`id`, `service_name`, `object_name`, `operation`, `user_type`, `permissions`) VALUES ('f6679c83-195d-48fd-8af0-9e975b935278','RolesAndPermissionsObjService','role','getUserOrRoleCompositePermissions','TYPE_ID_CUSTOMER360','ViewUser,CreateUser,UpdateUser,CreateRoles,ViewRoles,UpdateRoles,ViewPermissions,UpdatePermission');
INSERT INTO `service_permission_mapper` (`id`, `service_name`, `object_name`, `operation`, `user_type`, `permissions`) VALUES ('f72bb3c8-7c13-46a1-9d1c-ada555f663bd','StaticContentObjService','frequentlyAskedQuestions','getCategories','TYPE_ID_CUSTOMER360','ViewAppContent');
INSERT INTO `service_permission_mapper` (`id`, `service_name`, `object_name`, `operation`, `user_type`, `permissions`) VALUES ('f7de6825-443f-48cb-b7d2-cb3b7af0bf57','BusinessBankingObjService','customer','editCustomer','TYPE_ID_CUSTOMER360','UpdateBusinessUsers');
INSERT INTO `service_permission_mapper` (`id`, `service_name`, `object_name`, `operation`, `user_type`, `permissions`) VALUES ('f89029aa-5aef-4f00-91f4-a9f15518bfeb','AuditLogsObjSvc','LogView','getFilters','TYPE_ID_CUSTOMER360','ViewLogs');
INSERT INTO `service_permission_mapper` (`id`, `service_name`, `object_name`, `operation`, `user_type`, `permissions`) VALUES ('f8a85538-87b7-4ae2-94e5-dddeb9437b8a','ManageLimitsAndFees','period','create','TYPE_ID_CUSTOMER360','CreateAppContent');
INSERT INTO `service_permission_mapper` (`id`, `service_name`, `object_name`, `operation`, `user_type`, `permissions`) VALUES ('f9a55ff5-38c2-48d7-8dd2-49199746bb4a','AlertAndAlertTypes','alertPreference','getAlerts','C360_API_USER','API_ACCESS');
INSERT INTO `service_permission_mapper` (`id`, `service_name`, `object_name`, `operation`, `user_type`, `permissions`) VALUES ('fa3d2596-5ba1-417d-864a-f3bb6094971a','BusinessBankingObjService','customer','verifyUsername','C360_API_USER','API_ACCESS');
INSERT INTO `service_permission_mapper` (`id`, `service_name`, `object_name`, `operation`, `user_type`, `permissions`) VALUES ('faf714db-f7e4-4a6f-91d3-ad30e6c06077','CustomerManagementObjService','CustomerContact','GetCustomerContact','TYPE_ID_CUSTOMER360','ViewCustomer');
INSERT INTO `service_permission_mapper` (`id`, `service_name`, `object_name`, `operation`, `user_type`, `permissions`) VALUES ('fc8805a8-f4f0-4d77-8ea7-4b1235dd72fb','CardManagementObjService','card','getCustomerCards','TYPE_ID_CUSTOMER360','ViewCustomer');
INSERT INTO `service_permission_mapper` (`id`, `service_name`, `object_name`, `operation`, `user_type`, `permissions`) VALUES ('fcca53f5-44ac-402c-a1d4-d77c28ba33ef','CustomerManagementObjService','CustomerContact','EditCustomerContact','C360_API_USER','API_ACCESS');
INSERT INTO `service_permission_mapper` (`id`, `service_name`, `object_name`, `operation`, `user_type`, `permissions`) VALUES ('fd617655-05db-44fa-88b8-b733bdff24b3','InternalusersObjService','country','get','TYPE_ID_CUSTOMER360','ViewUser,ModifyUserStatus,UpdateAppContent,CreateAppContent,ViewCustomer');
INSERT INTO `service_permission_mapper` (`id`, `service_name`, `object_name`, `operation`, `user_type`, `permissions`) VALUES ('feb727c9-f2c2-454b-9518-fc031a90249b','RolesAndPermissionsObjService','managePermissions','updatePermission','TYPE_ID_CUSTOMER360','UpdatePermission');
INSERT INTO `service_permission_mapper` (`id`, `service_name`, `object_name`, `operation`, `user_type`, `permissions`) VALUES ('ffa0d49b-16b8-4896-891e-a5f4b32d4cae','MasterDataObjService','accounttype','getAccountTypes','TYPE_ID_CUSTOMER360','ViewAppContent');
INSERT INTO `service_permission_mapper` (`id`, `service_name`, `object_name`, `operation`, `user_type`, `permissions`) VALUES ('465fab94-14c7-43d6-85e6-9d1cdfeedbb2', 'CustomerGroupsAndEntitlObjSvc', 'Group', 'CustomerAssignRole', 'TYPE_ID_CUSTOMER360', 'ViewGroup,CreateGroup,ModifyGroupStatus,UpdateGroup,AssignCustomerGroup,CreateUpdateGroupEntitlements');
INSERT INTO `service_permission_mapper` (`id`, `service_name`, `object_name`, `operation`, `user_type`, `permissions`) VALUES ('24b4e875-6ed9-4dad-a23e-9875a159a828', 'CustomerGroupsAndEntitlObjSvc', 'Group', 'FetchEntityStatus', 'TYPE_ID_CUSTOMER360', 'ViewGroup,CreateGroup,ModifyGroupStatus,UpdateGroup,AssignCustomerGroup,CreateUpdateGroupEntitlements');

UPDATE IGNORE `faqs` SET `Question` = 'Can I transfer money to own accounts in the same bank?' WHERE (`id` = 'FAQ_ID11');
UPDATE IGNORE `faqs` SET `Answer` = 'Yes, you can use the profile section to update the username or password as needed from the mobile and online banking apps.' WHERE (`id` = 'FAQ_ID9');


INSERT INTO `service_permission_mapper` (`id`, `service_name`, `object_name`, `operation`, `user_type`, `permissions`) VALUES ('b0a8d30b-cd88-4d03-8749-9f81eb0bec3r', 'CustomerManagementObjService', 'Customer', 'getCustomerTypes', 'TYPE_ID_CUSTOMER360', 'CreateGroup,ViewGroup,ModifyGroupStatus,AssignCustomerGroup,UpdateCustomerGroup,UpdateGroup');
INSERT INTO `service_permission_mapper` (`id`, `service_name`, `object_name`, `operation`, `user_type`, `permissions`) VALUES ('faf714db-f7e4-4a6f-91d3-ad33432344322', 'BrowserManagementObjService', 'Browser', 'getSupportedBrowsers', 'C360_API_USER', 'API_ACCESS');

INSERT INTO `service_permission_mapper` (`id`, `service_name`, `object_name`, `operation`, `user_type`, `permissions`) VALUES ('22a6e2fe-d46c-45a9-9b3d-b3ce15fa8e82', 'IdentityManagementObjService', 'identitymanagement', 'getUsernameAndPasswordRules', 'C360_API_USER', 'API_ACCESS');
INSERT INTO `service_permission_mapper` (`id`, `service_name`, `object_name`, `operation`, `user_type`, `permissions`) VALUES ('33917d23-1c2f-4867-8109-33f776534a0a', 'IdentityManagementObjService', 'identitymanagement', 'getUsernameAndPasswordRulesAndPolicies', 'C360_API_USER', 'API_ACCESS');
INSERT INTO `service_permission_mapper` (`id`, `service_name`, `object_name`, `operation`, `user_type`, `permissions`) VALUES ('fe229b8a-7494-4cea-8a0a-1c56a268468f', 'IdentityManagementObjService', 'identitymanagement', 'getUsernameRulesAndPolicy', 'C360_API_USER', 'API_ACCESS');
INSERT INTO `service_permission_mapper` (`id`, `service_name`, `object_name`, `operation`, `user_type`, `permissions`) VALUES ('5ec935c5-0fbc-438e-ad26-d95ac6e236c0', 'IdentityManagementObjService', 'identitymanagement', 'getPasswordRulesAndPolicy', 'C360_API_USER', 'API_ACCESS');




INSERT INTO `service` (`id`, `Type_id`, `Feature_id`, `Name`, `Description`, `Status_id`, `code`, `DisplayName`, `DisplayDescription`, `createdby`, `modifiedby`) VALUES ('SERVICE_ID_68', 'SER_TYPE_NONTRANS', 'FEATURE_ID16', 'Username Update', 'Username Update Authentication', 'SID_ACTIVE', 'USERNAME_UPDATE', 'Username Update', 'Username Update Authentication', 'Kony User', 'Kony User');
INSERT INTO `service` (`id`, `Type_id`, `Feature_id`, `Name`, `Description`, `Status_id`, `code`, `DisplayName`, `DisplayDescription`, `createdby`, `modifiedby`) VALUES ('SERVICE_ID_69', 'SER_TYPE_NONTRANS', 'FEATURE_ID16', 'Password Update', 'Password Update Authentication', 'SID_ACTIVE', 'PASSWORD_UPDATE', 'Password Update', 'Password Update Authentication', 'Kony User', 'Kony User');

INSERT INTO `appaction` (`id`, `App_id`, `Action_id`) VALUES ('CONSUMER_LENDING_SERVICE_ID_68', 'CONSUMER_LENDING', 'SERVICE_ID_68');
INSERT INTO `appaction` (`id`, `App_id`, `Action_id`) VALUES ('CONSUMER_LENDING_SERVICE_ID_69', 'CONSUMER_LENDING', 'SERVICE_ID_69');

INSERT INTO `appaction` (`id`, `App_id`, `Action_id`) VALUES ('ONBOARDING_SERVICE_ID_68', 'ONBOARDING', 'SERVICE_ID_68');
INSERT INTO `appaction` (`id`, `App_id`, `Action_id`) VALUES ('ONBOARDING_SERVICE_ID_69', 'ONBOARDING', 'SERVICE_ID_69');

INSERT INTO `appaction` (`id`, `App_id`, `Action_id`) VALUES ('BUSINESS_BANKING_SERVICE_ID_68', 'BUSINESS_BANKING', 'SERVICE_ID_68');
INSERT INTO `appaction` (`id`, `App_id`, `Action_id`) VALUES ('BUSINESS_BANKING_SERVICE_ID_69', 'BUSINESS_BANKING', 'SERVICE_ID_69');

INSERT INTO `appaction` (`id`, `App_id`, `Action_id`) VALUES ('RETAIL_BANKING_SERVICE_ID_68', 'RETAIL_BANKING', 'SERVICE_ID_68');
INSERT INTO `appaction` (`id`, `App_id`, `Action_id`) VALUES ('RETAIL_BANKING_SERVICE_ID_69', 'RETAIL_BANKING', 'SERVICE_ID_69');

INSERT INTO `service` (`id`, `Type_id`, `Feature_id`, `Name`, `Description`, `Status_id`, `code`, `DisplayName`, `DisplayDescription`, `createdby`, `modifiedby`) VALUES ('SERVICE_ID_70', 'SER_TYPE_NONTRANS', 'FEATURE_ID6', 'Card Management  Lock Card', 'Temporarily lock or disable any debit or credit card', 'SID_ACTIVE', 'LOCK_CARD', 'Card Management  Lock Card', 'Temporarily lock or disable any debit or credit card', 'Kony User', 'Kony User');
INSERT INTO `service` (`id`, `Type_id`, `Feature_id`, `Name`, `Description`, `Status_id`, `code`, `DisplayName`, `DisplayDescription`, `createdby`, `modifiedby`) VALUES ('SERVICE_ID_71', 'SER_TYPE_NONTRANS', 'FEATURE_ID6', 'Card Management  Unlock Card', 'Unlock a temporarily locked card', 'SID_ACTIVE', 'UNLOCK_CARD', 'Card Management  Unlock Card', 'Unlock a temporarily locked card', 'Kony User', 'Kony User');
INSERT INTO `service` (`id`, `Type_id`, `Feature_id`, `Name`, `Description`, `Status_id`, `code`, `DisplayName`, `DisplayDescription`, `createdby`, `modifiedby`) VALUES ('SERVICE_ID_72', 'SER_TYPE_NONTRANS', 'FEATURE_ID6', 'Card Management  Replace Card', 'Request a replacement for any of the saved debit or credit card', 'SID_ACTIVE', 'REPLACE_CARD', 'Card Management  Replace Card', 'Request a replacement for any of the saved debit or credit card', 'Kony User', 'Kony User');
INSERT INTO `service` (`id`, `Type_id`, `Feature_id`, `Name`, `Description`, `Status_id`, `code`, `DisplayName`, `DisplayDescription`, `createdby`, `modifiedby`) VALUES ('SERVICE_ID_73', 'SER_TYPE_NONTRANS', 'FEATURE_ID6', 'Card Management  Report Card Lost or Stolen', 'Report a lost or stolen card, and block it to prevent any fraudulent transactions', 'SID_ACTIVE', 'CARD_LOST_STOLEN', 'Card Management  Report Card Lost or Stolen', 'Report a lost or stolen card, and block it to prevent any fraudulent transactions', 'Kony User', 'Kony User');
INSERT INTO `service` (`id`, `Type_id`, `Feature_id`, `Name`, `Description`, `Status_id`, `code`, `DisplayName`, `DisplayDescription`, `createdby`, `modifiedby`) VALUES ('SERVICE_ID_74', 'SER_TYPE_NONTRANS', 'FEATURE_ID6', 'Card Management  Change PIN', 'Change debit card pin online or raise a request to change credit card pin', 'SID_ACTIVE', 'CHANGE_PIN', 'Card Management  Change PIN', 'Change debit card pin online or raise a request to change credit card pin', 'Kony User', 'Kony User');
INSERT INTO `service` (`id`, `Type_id`, `Feature_id`, `Name`, `Description`, `Status_id`, `code`, `DisplayName`, `DisplayDescription`, `createdby`, `modifiedby`) VALUES ('SERVICE_ID_75', 'SER_TYPE_NONTRANS', 'FEATURE_ID6', 'Card Management  Cancel Card', 'Stop or cancel the use of any of the saved cards', 'SID_ACTIVE', 'CANCEL_CARD', 'Card Management  Cancel Card', 'Stop or cancel the use of any of the saved cards', 'Kony User', 'Kony User');

INSERT INTO `appaction` (`id`, `App_id`, `Action_id`) VALUES ('CONSUMER_LENDING_SERVICE_ID_70', 'CONSUMER_LENDING', 'SERVICE_ID_70');
INSERT INTO `appaction` (`id`, `App_id`, `Action_id`) VALUES ('ONBOARDING_SERVICE_ID_70', 'ONBOARDING', 'SERVICE_ID_70');
INSERT INTO `appaction` (`id`, `App_id`, `Action_id`) VALUES ('BUSINESS_BANKING_SERVICE_ID_70', 'BUSINESS_BANKING', 'SERVICE_ID_70');
INSERT INTO `appaction` (`id`, `App_id`, `Action_id`) VALUES ('RETAIL_BANKING_SERVICE_ID_70', 'RETAIL_BANKING', 'SERVICE_ID_70');
INSERT INTO `appaction` (`id`, `App_id`, `Action_id`) VALUES ('CONSUMER_LENDING_SERVICE_ID_71', 'CONSUMER_LENDING', 'SERVICE_ID_71');
INSERT INTO `appaction` (`id`, `App_id`, `Action_id`) VALUES ('ONBOARDING_SERVICE_ID_71', 'ONBOARDING', 'SERVICE_ID_71');
INSERT INTO `appaction` (`id`, `App_id`, `Action_id`) VALUES ('BUSINESS_BANKING_SERVICE_ID_71', 'BUSINESS_BANKING', 'SERVICE_ID_71');
INSERT INTO `appaction` (`id`, `App_id`, `Action_id`) VALUES ('RETAIL_BANKING_SERVICE_ID_71', 'RETAIL_BANKING', 'SERVICE_ID_71');
INSERT INTO `appaction` (`id`, `App_id`, `Action_id`) VALUES ('CONSUMER_LENDING_SERVICE_ID_72', 'CONSUMER_LENDING', 'SERVICE_ID_72');
INSERT INTO `appaction` (`id`, `App_id`, `Action_id`) VALUES ('ONBOARDING_SERVICE_ID_72', 'ONBOARDING', 'SERVICE_ID_72');
INSERT INTO `appaction` (`id`, `App_id`, `Action_id`) VALUES ('BUSINESS_BANKING_SERVICE_ID_72', 'BUSINESS_BANKING', 'SERVICE_ID_72');
INSERT INTO `appaction` (`id`, `App_id`, `Action_id`) VALUES ('RETAIL_BANKING_SERVICE_ID_72', 'RETAIL_BANKING', 'SERVICE_ID_72');
INSERT INTO `appaction` (`id`, `App_id`, `Action_id`) VALUES ('CONSUMER_LENDING_SERVICE_ID_73', 'CONSUMER_LENDING', 'SERVICE_ID_73');
INSERT INTO `appaction` (`id`, `App_id`, `Action_id`) VALUES ('ONBOARDING_SERVICE_ID_73', 'ONBOARDING', 'SERVICE_ID_73');
INSERT INTO `appaction` (`id`, `App_id`, `Action_id`) VALUES ('BUSINESS_BANKING_SERVICE_ID_73', 'BUSINESS_BANKING', 'SERVICE_ID_73');
INSERT INTO `appaction` (`id`, `App_id`, `Action_id`) VALUES ('RETAIL_BANKING_SERVICE_ID_73', 'RETAIL_BANKING', 'SERVICE_ID_73');
INSERT INTO `appaction` (`id`, `App_id`, `Action_id`) VALUES ('CONSUMER_LENDING_SERVICE_ID_74', 'CONSUMER_LENDING', 'SERVICE_ID_74');
INSERT INTO `appaction` (`id`, `App_id`, `Action_id`) VALUES ('ONBOARDING_SERVICE_ID_74', 'ONBOARDING', 'SERVICE_ID_74');
INSERT INTO `appaction` (`id`, `App_id`, `Action_id`) VALUES ('BUSINESS_BANKING_SERVICE_ID_74', 'BUSINESS_BANKING', 'SERVICE_ID_74');
INSERT INTO `appaction` (`id`, `App_id`, `Action_id`) VALUES ('RETAIL_BANKING_SERVICE_ID_74', 'RETAIL_BANKING', 'SERVICE_ID_74');
INSERT INTO `appaction` (`id`, `App_id`, `Action_id`) VALUES ('CONSUMER_LENDING_SERVICE_ID_75', 'CONSUMER_LENDING', 'SERVICE_ID_75');
INSERT INTO `appaction` (`id`, `App_id`, `Action_id`) VALUES ('ONBOARDING_SERVICE_ID_75', 'ONBOARDING', 'SERVICE_ID_75');
INSERT INTO `appaction` (`id`, `App_id`, `Action_id`) VALUES ('BUSINESS_BANKING_SERVICE_ID_75', 'BUSINESS_BANKING', 'SERVICE_ID_75');
INSERT INTO `appaction` (`id`, `App_id`, `Action_id`) VALUES ('RETAIL_BANKING_SERVICE_ID_75', 'RETAIL_BANKING', 'SERVICE_ID_75');

INSERT INTO `compositepermission` (`id`, `Permission_id`, `Entitlement_id`, `isEnabled`, `createdby`, `modifiedby`) VALUES ('CPID68', 'PID45', 'SERVICE_ID_68', '1', 'Kony Dev', 'Kony User');
INSERT INTO `compositepermission` (`id`, `Permission_id`, `Entitlement_id`, `isEnabled`, `createdby`, `modifiedby`) VALUES ('CPID69', 'PID45', 'SERVICE_ID_69', '1', 'Kony Dev', 'Kony User');
INSERT INTO `compositepermission` (`id`, `Permission_id`, `Entitlement_id`, `isEnabled`, `createdby`, `modifiedby`) VALUES ('CPID70', 'PID45', 'SERVICE_ID_70', '1', 'Kony Dev', 'Kony User');
INSERT INTO `compositepermission` (`id`, `Permission_id`, `Entitlement_id`, `isEnabled`, `createdby`, `modifiedby`) VALUES ('CPID71', 'PID45', 'SERVICE_ID_71', '1', 'Kony Dev', 'Kony User');
INSERT INTO `compositepermission` (`id`, `Permission_id`, `Entitlement_id`, `isEnabled`, `createdby`, `modifiedby`) VALUES ('CPID72', 'PID45', 'SERVICE_ID_72', '1', 'Kony Dev', 'Kony User');
INSERT INTO `compositepermission` (`id`, `Permission_id`, `Entitlement_id`, `isEnabled`, `createdby`, `modifiedby`) VALUES ('CPID73', 'PID45', 'SERVICE_ID_73', '1', 'Kony Dev', 'Kony User');
INSERT INTO `compositepermission` (`id`, `Permission_id`, `Entitlement_id`, `isEnabled`, `createdby`, `modifiedby`) VALUES ('CPID74', 'PID45', 'SERVICE_ID_74', '1', 'Kony Dev', 'Kony User');
INSERT INTO `compositepermission` (`id`, `Permission_id`, `Entitlement_id`, `isEnabled`, `createdby`, `modifiedby`) VALUES ('CPID75', 'PID45', 'SERVICE_ID_75', '1', 'Kony Dev', 'Kony User');

INSERT INTO `service_permission_mapper` (`id`, `service_name`, `object_name`, `operation`, `user_type`, `permissions`) VALUES ('002bea3b-7f21-462f-9a62-360039956322', 'AuditLogsObjSvc', 'TransactionAndAuditLogs', 'SearchCustomerAuditLogs', 'TYPE_ID_CUSTOMER360', 'ViewLogs,ViewCustomerActivityLogs,ViewTransactionLogs');
INSERT INTO `service_permission_mapper` (`id`, `service_name`, `object_name`, `operation`, `user_type`, `permissions`) VALUES ('002bea3b-7f21-462f-9a62-360039234523', 'AuditLogsObjSvc', 'TransactionAndAuditLogs', 'getModules', 'TYPE_ID_CUSTOMER360', 'ViewLogs,ViewCustomerActivityLogs,ViewTransactionLogs');
INSERT INTO `service_permission_mapper` (`id`, `service_name`, `object_name`, `operation`, `user_type`, `permissions`) VALUES ('002bea3b-7f21-462f-9a623786439234523', 'AuditLogsObjSvc', 'TransactionAndAuditLogs', 'getActivityType', 'TYPE_ID_CUSTOMER360', 'ViewLogs,ViewCustomerActivityLogs,ViewTransactionLogs');

DELETE IGNORE FROM `service_permission_mapper` WHERE `operation` = 'getListOfCustomersAndGroups';
INSERT INTO `service_permission_mapper` (`id`, `service_name`, `object_name`, `operation`, `user_type`, `permissions`) VALUES ('2405b890-2e1c-40c0-a04b-a17c4c6692bc', 'CustomerManagementObjService', 'CustomerAndCustomerGroup', 'getSuggestions', 'TYPE_ID_CUSTOMER360', 'ViewCustomer,ViewGroup');

UPDATE `servicechannel` SET `Description` = 'Mobile Native' WHERE (`id` = 'CH_ID_MOB');
UPDATE `servicechannel` SET `Description` = 'Online' WHERE (`id` = 'CH_ID_INT');
UPDATE `servicechannel` SET `Description` = 'Mobile Web' WHERE (`id` = 'CH_ID_MOB_INT');

UPDATE `requestcategory` SET `Name` = 'General Banking' WHERE (`id` = 'RCID_GENERALBANKING');
UPDATE `requestcategory` SET `Name` = 'Wrong Debit/Credit Charges' WHERE (`id` = 'RCID_INCORRECTDEBITORCREDITCHARGES');

UPDATE `eventtype` SET `Name` = 'Sign in' WHERE (`id` = 'LOGIN');

INSERT INTO `service_channels` (`Service_id`, `Channel_id`, `createdby`, `modifiedby`, `createdts`, `lastmodifiedts`, `synctimestamp`, `softdeleteflag`) VALUES ('SERVICE_ID_1','CH_ID_INT',NULL,NULL,CURRENT_TIMESTAMP,CURRENT_TIMESTAMP,CURRENT_TIMESTAMP,0);
INSERT INTO `service_channels` (`Service_id`, `Channel_id`, `createdby`, `modifiedby`, `createdts`, `lastmodifiedts`, `synctimestamp`, `softdeleteflag`) VALUES ('SERVICE_ID_1','CH_ID_MOB',NULL,NULL,CURRENT_TIMESTAMP,CURRENT_TIMESTAMP,CURRENT_TIMESTAMP,0);
INSERT INTO `service_channels` (`Service_id`, `Channel_id`, `createdby`, `modifiedby`, `createdts`, `lastmodifiedts`, `synctimestamp`, `softdeleteflag`) VALUES ('SERVICE_ID_10','CH_ID_INT',NULL,NULL,CURRENT_TIMESTAMP,CURRENT_TIMESTAMP,CURRENT_TIMESTAMP,0);
INSERT INTO `service_channels` (`Service_id`, `Channel_id`, `createdby`, `modifiedby`, `createdts`, `lastmodifiedts`, `synctimestamp`, `softdeleteflag`) VALUES ('SERVICE_ID_10','CH_ID_MOB',NULL,NULL,CURRENT_TIMESTAMP,CURRENT_TIMESTAMP,CURRENT_TIMESTAMP,0);
INSERT INTO `service_channels` (`Service_id`, `Channel_id`, `createdby`, `modifiedby`, `createdts`, `lastmodifiedts`, `synctimestamp`, `softdeleteflag`) VALUES ('SERVICE_ID_11','CH_ID_INT',NULL,NULL,CURRENT_TIMESTAMP,CURRENT_TIMESTAMP,CURRENT_TIMESTAMP,0);
INSERT INTO `service_channels` (`Service_id`, `Channel_id`, `createdby`, `modifiedby`, `createdts`, `lastmodifiedts`, `synctimestamp`, `softdeleteflag`) VALUES ('SERVICE_ID_11','CH_ID_MOB',NULL,NULL,CURRENT_TIMESTAMP,CURRENT_TIMESTAMP,CURRENT_TIMESTAMP,0);
INSERT INTO `service_channels` (`Service_id`, `Channel_id`, `createdby`, `modifiedby`, `createdts`, `lastmodifiedts`, `synctimestamp`, `softdeleteflag`) VALUES ('SERVICE_ID_12','CH_ID_INT',NULL,NULL,CURRENT_TIMESTAMP,CURRENT_TIMESTAMP,CURRENT_TIMESTAMP,0);
INSERT INTO `service_channels` (`Service_id`, `Channel_id`, `createdby`, `modifiedby`, `createdts`, `lastmodifiedts`, `synctimestamp`, `softdeleteflag`) VALUES ('SERVICE_ID_12','CH_ID_MOB',NULL,NULL,CURRENT_TIMESTAMP,CURRENT_TIMESTAMP,CURRENT_TIMESTAMP,0);
INSERT INTO `service_channels` (`Service_id`, `Channel_id`, `createdby`, `modifiedby`, `createdts`, `lastmodifiedts`, `synctimestamp`, `softdeleteflag`) VALUES ('SERVICE_ID_13','CH_ID_INT',NULL,NULL,CURRENT_TIMESTAMP,CURRENT_TIMESTAMP,CURRENT_TIMESTAMP,0);
INSERT INTO `service_channels` (`Service_id`, `Channel_id`, `createdby`, `modifiedby`, `createdts`, `lastmodifiedts`, `synctimestamp`, `softdeleteflag`) VALUES ('SERVICE_ID_13','CH_ID_MOB',NULL,NULL,CURRENT_TIMESTAMP,CURRENT_TIMESTAMP,CURRENT_TIMESTAMP,0);
INSERT INTO `service_channels` (`Service_id`, `Channel_id`, `createdby`, `modifiedby`, `createdts`, `lastmodifiedts`, `synctimestamp`, `softdeleteflag`) VALUES ('SERVICE_ID_14','CH_ID_INT',NULL,NULL,CURRENT_TIMESTAMP,CURRENT_TIMESTAMP,CURRENT_TIMESTAMP,0);
INSERT INTO `service_channels` (`Service_id`, `Channel_id`, `createdby`, `modifiedby`, `createdts`, `lastmodifiedts`, `synctimestamp`, `softdeleteflag`) VALUES ('SERVICE_ID_14','CH_ID_MOB',NULL,NULL,CURRENT_TIMESTAMP,CURRENT_TIMESTAMP,CURRENT_TIMESTAMP,0);
INSERT INTO `service_channels` (`Service_id`, `Channel_id`, `createdby`, `modifiedby`, `createdts`, `lastmodifiedts`, `synctimestamp`, `softdeleteflag`) VALUES ('SERVICE_ID_15','CH_ID_INT',NULL,NULL,CURRENT_TIMESTAMP,CURRENT_TIMESTAMP,CURRENT_TIMESTAMP,0);
INSERT INTO `service_channels` (`Service_id`, `Channel_id`, `createdby`, `modifiedby`, `createdts`, `lastmodifiedts`, `synctimestamp`, `softdeleteflag`) VALUES ('SERVICE_ID_15','CH_ID_MOB',NULL,NULL,CURRENT_TIMESTAMP,CURRENT_TIMESTAMP,CURRENT_TIMESTAMP,0);
INSERT INTO `service_channels` (`Service_id`, `Channel_id`, `createdby`, `modifiedby`, `createdts`, `lastmodifiedts`, `synctimestamp`, `softdeleteflag`) VALUES ('SERVICE_ID_16','CH_ID_INT',NULL,NULL,CURRENT_TIMESTAMP,CURRENT_TIMESTAMP,CURRENT_TIMESTAMP,0);
INSERT INTO `service_channels` (`Service_id`, `Channel_id`, `createdby`, `modifiedby`, `createdts`, `lastmodifiedts`, `synctimestamp`, `softdeleteflag`) VALUES ('SERVICE_ID_16','CH_ID_MOB',NULL,NULL,CURRENT_TIMESTAMP,CURRENT_TIMESTAMP,CURRENT_TIMESTAMP,0);
INSERT INTO `service_channels` (`Service_id`, `Channel_id`, `createdby`, `modifiedby`, `createdts`, `lastmodifiedts`, `synctimestamp`, `softdeleteflag`) VALUES ('SERVICE_ID_17','CH_ID_INT',NULL,NULL,CURRENT_TIMESTAMP,CURRENT_TIMESTAMP,CURRENT_TIMESTAMP,0);
INSERT INTO `service_channels` (`Service_id`, `Channel_id`, `createdby`, `modifiedby`, `createdts`, `lastmodifiedts`, `synctimestamp`, `softdeleteflag`) VALUES ('SERVICE_ID_17','CH_ID_MOB',NULL,NULL,CURRENT_TIMESTAMP,CURRENT_TIMESTAMP,CURRENT_TIMESTAMP,0);
INSERT INTO `service_channels` (`Service_id`, `Channel_id`, `createdby`, `modifiedby`, `createdts`, `lastmodifiedts`, `synctimestamp`, `softdeleteflag`) VALUES ('SERVICE_ID_18','CH_ID_INT',NULL,NULL,CURRENT_TIMESTAMP,CURRENT_TIMESTAMP,CURRENT_TIMESTAMP,0);
INSERT INTO `service_channels` (`Service_id`, `Channel_id`, `createdby`, `modifiedby`, `createdts`, `lastmodifiedts`, `synctimestamp`, `softdeleteflag`) VALUES ('SERVICE_ID_18','CH_ID_MOB',NULL,NULL,CURRENT_TIMESTAMP,CURRENT_TIMESTAMP,CURRENT_TIMESTAMP,0);
INSERT INTO `service_channels` (`Service_id`, `Channel_id`, `createdby`, `modifiedby`, `createdts`, `lastmodifiedts`, `synctimestamp`, `softdeleteflag`) VALUES ('SERVICE_ID_19','CH_ID_INT',NULL,NULL,CURRENT_TIMESTAMP,CURRENT_TIMESTAMP,CURRENT_TIMESTAMP,0);
INSERT INTO `service_channels` (`Service_id`, `Channel_id`, `createdby`, `modifiedby`, `createdts`, `lastmodifiedts`, `synctimestamp`, `softdeleteflag`) VALUES ('SERVICE_ID_19','CH_ID_MOB',NULL,NULL,CURRENT_TIMESTAMP,CURRENT_TIMESTAMP,CURRENT_TIMESTAMP,0);
INSERT INTO `service_channels` (`Service_id`, `Channel_id`, `createdby`, `modifiedby`, `createdts`, `lastmodifiedts`, `synctimestamp`, `softdeleteflag`) VALUES ('SERVICE_ID_2','CH_ID_INT',NULL,NULL,CURRENT_TIMESTAMP,CURRENT_TIMESTAMP,CURRENT_TIMESTAMP,0);
INSERT INTO `service_channels` (`Service_id`, `Channel_id`, `createdby`, `modifiedby`, `createdts`, `lastmodifiedts`, `synctimestamp`, `softdeleteflag`) VALUES ('SERVICE_ID_2','CH_ID_MOB',NULL,NULL,CURRENT_TIMESTAMP,CURRENT_TIMESTAMP,CURRENT_TIMESTAMP,0);
INSERT INTO `service_channels` (`Service_id`, `Channel_id`, `createdby`, `modifiedby`, `createdts`, `lastmodifiedts`, `synctimestamp`, `softdeleteflag`) VALUES ('SERVICE_ID_20','CH_ID_INT',NULL,NULL,CURRENT_TIMESTAMP,CURRENT_TIMESTAMP,CURRENT_TIMESTAMP,0);
INSERT INTO `service_channels` (`Service_id`, `Channel_id`, `createdby`, `modifiedby`, `createdts`, `lastmodifiedts`, `synctimestamp`, `softdeleteflag`) VALUES ('SERVICE_ID_20','CH_ID_MOB',NULL,NULL,CURRENT_TIMESTAMP,CURRENT_TIMESTAMP,CURRENT_TIMESTAMP,0);
INSERT INTO `service_channels` (`Service_id`, `Channel_id`, `createdby`, `modifiedby`, `createdts`, `lastmodifiedts`, `synctimestamp`, `softdeleteflag`) VALUES ('SERVICE_ID_21','CH_ID_INT',NULL,NULL,CURRENT_TIMESTAMP,CURRENT_TIMESTAMP,CURRENT_TIMESTAMP,0);
INSERT INTO `service_channels` (`Service_id`, `Channel_id`, `createdby`, `modifiedby`, `createdts`, `lastmodifiedts`, `synctimestamp`, `softdeleteflag`) VALUES ('SERVICE_ID_21','CH_ID_MOB',NULL,NULL,CURRENT_TIMESTAMP,CURRENT_TIMESTAMP,CURRENT_TIMESTAMP,0);
INSERT INTO `service_channels` (`Service_id`, `Channel_id`, `createdby`, `modifiedby`, `createdts`, `lastmodifiedts`, `synctimestamp`, `softdeleteflag`) VALUES ('SERVICE_ID_22','CH_ID_INT',NULL,NULL,CURRENT_TIMESTAMP,CURRENT_TIMESTAMP,CURRENT_TIMESTAMP,0);
INSERT INTO `service_channels` (`Service_id`, `Channel_id`, `createdby`, `modifiedby`, `createdts`, `lastmodifiedts`, `synctimestamp`, `softdeleteflag`) VALUES ('SERVICE_ID_22','CH_ID_MOB',NULL,NULL,CURRENT_TIMESTAMP,CURRENT_TIMESTAMP,CURRENT_TIMESTAMP,0);
INSERT INTO `service_channels` (`Service_id`, `Channel_id`, `createdby`, `modifiedby`, `createdts`, `lastmodifiedts`, `synctimestamp`, `softdeleteflag`) VALUES ('SERVICE_ID_23','CH_ID_INT',NULL,NULL,CURRENT_TIMESTAMP,CURRENT_TIMESTAMP,CURRENT_TIMESTAMP,0);
INSERT INTO `service_channels` (`Service_id`, `Channel_id`, `createdby`, `modifiedby`, `createdts`, `lastmodifiedts`, `synctimestamp`, `softdeleteflag`) VALUES ('SERVICE_ID_23','CH_ID_MOB',NULL,NULL,CURRENT_TIMESTAMP,CURRENT_TIMESTAMP,CURRENT_TIMESTAMP,0);
INSERT INTO `service_channels` (`Service_id`, `Channel_id`, `createdby`, `modifiedby`, `createdts`, `lastmodifiedts`, `synctimestamp`, `softdeleteflag`) VALUES ('SERVICE_ID_24','CH_ID_INT',NULL,NULL,CURRENT_TIMESTAMP,CURRENT_TIMESTAMP,CURRENT_TIMESTAMP,0);
INSERT INTO `service_channels` (`Service_id`, `Channel_id`, `createdby`, `modifiedby`, `createdts`, `lastmodifiedts`, `synctimestamp`, `softdeleteflag`) VALUES ('SERVICE_ID_24','CH_ID_MOB',NULL,NULL,CURRENT_TIMESTAMP,CURRENT_TIMESTAMP,CURRENT_TIMESTAMP,0);
INSERT INTO `service_channels` (`Service_id`, `Channel_id`, `createdby`, `modifiedby`, `createdts`, `lastmodifiedts`, `synctimestamp`, `softdeleteflag`) VALUES ('SERVICE_ID_25','CH_ID_INT',NULL,NULL,CURRENT_TIMESTAMP,CURRENT_TIMESTAMP,CURRENT_TIMESTAMP,0);
INSERT INTO `service_channels` (`Service_id`, `Channel_id`, `createdby`, `modifiedby`, `createdts`, `lastmodifiedts`, `synctimestamp`, `softdeleteflag`) VALUES ('SERVICE_ID_25','CH_ID_MOB',NULL,NULL,CURRENT_TIMESTAMP,CURRENT_TIMESTAMP,CURRENT_TIMESTAMP,0);
INSERT INTO `service_channels` (`Service_id`, `Channel_id`, `createdby`, `modifiedby`, `createdts`, `lastmodifiedts`, `synctimestamp`, `softdeleteflag`) VALUES ('SERVICE_ID_26','CH_ID_INT',NULL,NULL,CURRENT_TIMESTAMP,CURRENT_TIMESTAMP,CURRENT_TIMESTAMP,0);
INSERT INTO `service_channels` (`Service_id`, `Channel_id`, `createdby`, `modifiedby`, `createdts`, `lastmodifiedts`, `synctimestamp`, `softdeleteflag`) VALUES ('SERVICE_ID_26','CH_ID_MOB',NULL,NULL,CURRENT_TIMESTAMP,CURRENT_TIMESTAMP,CURRENT_TIMESTAMP,0);
INSERT INTO `service_channels` (`Service_id`, `Channel_id`, `createdby`, `modifiedby`, `createdts`, `lastmodifiedts`, `synctimestamp`, `softdeleteflag`) VALUES ('SERVICE_ID_27','CH_ID_INT',NULL,NULL,CURRENT_TIMESTAMP,CURRENT_TIMESTAMP,CURRENT_TIMESTAMP,0);
INSERT INTO `service_channels` (`Service_id`, `Channel_id`, `createdby`, `modifiedby`, `createdts`, `lastmodifiedts`, `synctimestamp`, `softdeleteflag`) VALUES ('SERVICE_ID_27','CH_ID_MOB',NULL,NULL,CURRENT_TIMESTAMP,CURRENT_TIMESTAMP,CURRENT_TIMESTAMP,0);
INSERT INTO `service_channels` (`Service_id`, `Channel_id`, `createdby`, `modifiedby`, `createdts`, `lastmodifiedts`, `synctimestamp`, `softdeleteflag`) VALUES ('SERVICE_ID_28','CH_ID_INT',NULL,NULL,CURRENT_TIMESTAMP,CURRENT_TIMESTAMP,CURRENT_TIMESTAMP,0);
INSERT INTO `service_channels` (`Service_id`, `Channel_id`, `createdby`, `modifiedby`, `createdts`, `lastmodifiedts`, `synctimestamp`, `softdeleteflag`) VALUES ('SERVICE_ID_28','CH_ID_MOB',NULL,NULL,CURRENT_TIMESTAMP,CURRENT_TIMESTAMP,CURRENT_TIMESTAMP,0);
INSERT INTO `service_channels` (`Service_id`, `Channel_id`, `createdby`, `modifiedby`, `createdts`, `lastmodifiedts`, `synctimestamp`, `softdeleteflag`) VALUES ('SERVICE_ID_29','CH_ID_INT',NULL,NULL,CURRENT_TIMESTAMP,CURRENT_TIMESTAMP,CURRENT_TIMESTAMP,0);
INSERT INTO `service_channels` (`Service_id`, `Channel_id`, `createdby`, `modifiedby`, `createdts`, `lastmodifiedts`, `synctimestamp`, `softdeleteflag`) VALUES ('SERVICE_ID_29','CH_ID_MOB',NULL,NULL,CURRENT_TIMESTAMP,CURRENT_TIMESTAMP,CURRENT_TIMESTAMP,0);
INSERT INTO `service_channels` (`Service_id`, `Channel_id`, `createdby`, `modifiedby`, `createdts`, `lastmodifiedts`, `synctimestamp`, `softdeleteflag`) VALUES ('SERVICE_ID_3','CH_ID_INT',NULL,NULL,CURRENT_TIMESTAMP,CURRENT_TIMESTAMP,CURRENT_TIMESTAMP,0);
INSERT INTO `service_channels` (`Service_id`, `Channel_id`, `createdby`, `modifiedby`, `createdts`, `lastmodifiedts`, `synctimestamp`, `softdeleteflag`) VALUES ('SERVICE_ID_3','CH_ID_MOB',NULL,NULL,CURRENT_TIMESTAMP,CURRENT_TIMESTAMP,CURRENT_TIMESTAMP,0);
INSERT INTO `service_channels` (`Service_id`, `Channel_id`, `createdby`, `modifiedby`, `createdts`, `lastmodifiedts`, `synctimestamp`, `softdeleteflag`) VALUES ('SERVICE_ID_30','CH_ID_INT',NULL,NULL,CURRENT_TIMESTAMP,CURRENT_TIMESTAMP,CURRENT_TIMESTAMP,0);
INSERT INTO `service_channels` (`Service_id`, `Channel_id`, `createdby`, `modifiedby`, `createdts`, `lastmodifiedts`, `synctimestamp`, `softdeleteflag`) VALUES ('SERVICE_ID_30','CH_ID_MOB',NULL,NULL,CURRENT_TIMESTAMP,CURRENT_TIMESTAMP,CURRENT_TIMESTAMP,0);
INSERT INTO `service_channels` (`Service_id`, `Channel_id`, `createdby`, `modifiedby`, `createdts`, `lastmodifiedts`, `synctimestamp`, `softdeleteflag`) VALUES ('SERVICE_ID_31','CH_ID_INT',NULL,NULL,CURRENT_TIMESTAMP,CURRENT_TIMESTAMP,CURRENT_TIMESTAMP,0);
INSERT INTO `service_channels` (`Service_id`, `Channel_id`, `createdby`, `modifiedby`, `createdts`, `lastmodifiedts`, `synctimestamp`, `softdeleteflag`) VALUES ('SERVICE_ID_31','CH_ID_MOB',NULL,NULL,CURRENT_TIMESTAMP,CURRENT_TIMESTAMP,CURRENT_TIMESTAMP,0);
INSERT INTO `service_channels` (`Service_id`, `Channel_id`, `createdby`, `modifiedby`, `createdts`, `lastmodifiedts`, `synctimestamp`, `softdeleteflag`) VALUES ('SERVICE_ID_32','CH_ID_INT',NULL,NULL,CURRENT_TIMESTAMP,CURRENT_TIMESTAMP,CURRENT_TIMESTAMP,0);
INSERT INTO `service_channels` (`Service_id`, `Channel_id`, `createdby`, `modifiedby`, `createdts`, `lastmodifiedts`, `synctimestamp`, `softdeleteflag`) VALUES ('SERVICE_ID_32','CH_ID_MOB',NULL,NULL,CURRENT_TIMESTAMP,CURRENT_TIMESTAMP,CURRENT_TIMESTAMP,0);
INSERT INTO `service_channels` (`Service_id`, `Channel_id`, `createdby`, `modifiedby`, `createdts`, `lastmodifiedts`, `synctimestamp`, `softdeleteflag`) VALUES ('SERVICE_ID_33','CH_ID_INT',NULL,NULL,CURRENT_TIMESTAMP,CURRENT_TIMESTAMP,CURRENT_TIMESTAMP,0);
INSERT INTO `service_channels` (`Service_id`, `Channel_id`, `createdby`, `modifiedby`, `createdts`, `lastmodifiedts`, `synctimestamp`, `softdeleteflag`) VALUES ('SERVICE_ID_33','CH_ID_MOB',NULL,NULL,CURRENT_TIMESTAMP,CURRENT_TIMESTAMP,CURRENT_TIMESTAMP,0);
INSERT INTO `service_channels` (`Service_id`, `Channel_id`, `createdby`, `modifiedby`, `createdts`, `lastmodifiedts`, `synctimestamp`, `softdeleteflag`) VALUES ('SERVICE_ID_34','CH_ID_INT',NULL,NULL,CURRENT_TIMESTAMP,CURRENT_TIMESTAMP,CURRENT_TIMESTAMP,0);
INSERT INTO `service_channels` (`Service_id`, `Channel_id`, `createdby`, `modifiedby`, `createdts`, `lastmodifiedts`, `synctimestamp`, `softdeleteflag`) VALUES ('SERVICE_ID_34','CH_ID_MOB',NULL,NULL,CURRENT_TIMESTAMP,CURRENT_TIMESTAMP,CURRENT_TIMESTAMP,0);
INSERT INTO `service_channels` (`Service_id`, `Channel_id`, `createdby`, `modifiedby`, `createdts`, `lastmodifiedts`, `synctimestamp`, `softdeleteflag`) VALUES ('SERVICE_ID_35','CH_ID_INT',NULL,NULL,CURRENT_TIMESTAMP,CURRENT_TIMESTAMP,CURRENT_TIMESTAMP,0);
INSERT INTO `service_channels` (`Service_id`, `Channel_id`, `createdby`, `modifiedby`, `createdts`, `lastmodifiedts`, `synctimestamp`, `softdeleteflag`) VALUES ('SERVICE_ID_35','CH_ID_MOB',NULL,NULL,CURRENT_TIMESTAMP,CURRENT_TIMESTAMP,CURRENT_TIMESTAMP,0);
INSERT INTO `service_channels` (`Service_id`, `Channel_id`, `createdby`, `modifiedby`, `createdts`, `lastmodifiedts`, `synctimestamp`, `softdeleteflag`) VALUES ('SERVICE_ID_36','CH_ID_INT',NULL,NULL,CURRENT_TIMESTAMP,CURRENT_TIMESTAMP,CURRENT_TIMESTAMP,0);
INSERT INTO `service_channels` (`Service_id`, `Channel_id`, `createdby`, `modifiedby`, `createdts`, `lastmodifiedts`, `synctimestamp`, `softdeleteflag`) VALUES ('SERVICE_ID_36','CH_ID_MOB',NULL,NULL,CURRENT_TIMESTAMP,CURRENT_TIMESTAMP,CURRENT_TIMESTAMP,0);
INSERT INTO `service_channels` (`Service_id`, `Channel_id`, `createdby`, `modifiedby`, `createdts`, `lastmodifiedts`, `synctimestamp`, `softdeleteflag`) VALUES ('SERVICE_ID_37','CH_ID_INT',NULL,NULL,CURRENT_TIMESTAMP,CURRENT_TIMESTAMP,CURRENT_TIMESTAMP,0);
INSERT INTO `service_channels` (`Service_id`, `Channel_id`, `createdby`, `modifiedby`, `createdts`, `lastmodifiedts`, `synctimestamp`, `softdeleteflag`) VALUES ('SERVICE_ID_37','CH_ID_MOB',NULL,NULL,CURRENT_TIMESTAMP,CURRENT_TIMESTAMP,CURRENT_TIMESTAMP,0);
INSERT INTO `service_channels` (`Service_id`, `Channel_id`, `createdby`, `modifiedby`, `createdts`, `lastmodifiedts`, `synctimestamp`, `softdeleteflag`) VALUES ('SERVICE_ID_38','CH_ID_INT',NULL,NULL,CURRENT_TIMESTAMP,CURRENT_TIMESTAMP,CURRENT_TIMESTAMP,0);
INSERT INTO `service_channels` (`Service_id`, `Channel_id`, `createdby`, `modifiedby`, `createdts`, `lastmodifiedts`, `synctimestamp`, `softdeleteflag`) VALUES ('SERVICE_ID_38','CH_ID_MOB',NULL,NULL,CURRENT_TIMESTAMP,CURRENT_TIMESTAMP,CURRENT_TIMESTAMP,0);
INSERT INTO `service_channels` (`Service_id`, `Channel_id`, `createdby`, `modifiedby`, `createdts`, `lastmodifiedts`, `synctimestamp`, `softdeleteflag`) VALUES ('SERVICE_ID_39','CH_ID_INT',NULL,NULL,CURRENT_TIMESTAMP,CURRENT_TIMESTAMP,CURRENT_TIMESTAMP,0);
INSERT INTO `service_channels` (`Service_id`, `Channel_id`, `createdby`, `modifiedby`, `createdts`, `lastmodifiedts`, `synctimestamp`, `softdeleteflag`) VALUES ('SERVICE_ID_39','CH_ID_MOB',NULL,NULL,CURRENT_TIMESTAMP,CURRENT_TIMESTAMP,CURRENT_TIMESTAMP,0);
INSERT INTO `service_channels` (`Service_id`, `Channel_id`, `createdby`, `modifiedby`, `createdts`, `lastmodifiedts`, `synctimestamp`, `softdeleteflag`) VALUES ('SERVICE_ID_4','CH_ID_INT',NULL,NULL,CURRENT_TIMESTAMP,CURRENT_TIMESTAMP,CURRENT_TIMESTAMP,0);
INSERT INTO `service_channels` (`Service_id`, `Channel_id`, `createdby`, `modifiedby`, `createdts`, `lastmodifiedts`, `synctimestamp`, `softdeleteflag`) VALUES ('SERVICE_ID_4','CH_ID_MOB',NULL,NULL,CURRENT_TIMESTAMP,CURRENT_TIMESTAMP,CURRENT_TIMESTAMP,0);
INSERT INTO `service_channels` (`Service_id`, `Channel_id`, `createdby`, `modifiedby`, `createdts`, `lastmodifiedts`, `synctimestamp`, `softdeleteflag`) VALUES ('SERVICE_ID_40','CH_ID_INT',NULL,NULL,CURRENT_TIMESTAMP,CURRENT_TIMESTAMP,CURRENT_TIMESTAMP,0);
INSERT INTO `service_channels` (`Service_id`, `Channel_id`, `createdby`, `modifiedby`, `createdts`, `lastmodifiedts`, `synctimestamp`, `softdeleteflag`) VALUES ('SERVICE_ID_40','CH_ID_MOB',NULL,NULL,CURRENT_TIMESTAMP,CURRENT_TIMESTAMP,CURRENT_TIMESTAMP,0);
INSERT INTO `service_channels` (`Service_id`, `Channel_id`, `createdby`, `modifiedby`, `createdts`, `lastmodifiedts`, `synctimestamp`, `softdeleteflag`) VALUES ('SERVICE_ID_41','CH_ID_INT',NULL,NULL,CURRENT_TIMESTAMP,CURRENT_TIMESTAMP,CURRENT_TIMESTAMP,0);
INSERT INTO `service_channels` (`Service_id`, `Channel_id`, `createdby`, `modifiedby`, `createdts`, `lastmodifiedts`, `synctimestamp`, `softdeleteflag`) VALUES ('SERVICE_ID_41','CH_ID_MOB',NULL,NULL,CURRENT_TIMESTAMP,CURRENT_TIMESTAMP,CURRENT_TIMESTAMP,0);
INSERT INTO `service_channels` (`Service_id`, `Channel_id`, `createdby`, `modifiedby`, `createdts`, `lastmodifiedts`, `synctimestamp`, `softdeleteflag`) VALUES ('SERVICE_ID_42','CH_ID_INT',NULL,NULL,CURRENT_TIMESTAMP,CURRENT_TIMESTAMP,CURRENT_TIMESTAMP,0);
INSERT INTO `service_channels` (`Service_id`, `Channel_id`, `createdby`, `modifiedby`, `createdts`, `lastmodifiedts`, `synctimestamp`, `softdeleteflag`) VALUES ('SERVICE_ID_42','CH_ID_MOB',NULL,NULL,CURRENT_TIMESTAMP,CURRENT_TIMESTAMP,CURRENT_TIMESTAMP,0);
INSERT INTO `service_channels` (`Service_id`, `Channel_id`, `createdby`, `modifiedby`, `createdts`, `lastmodifiedts`, `synctimestamp`, `softdeleteflag`) VALUES ('SERVICE_ID_43','CH_ID_INT',NULL,NULL,CURRENT_TIMESTAMP,CURRENT_TIMESTAMP,CURRENT_TIMESTAMP,0);
INSERT INTO `service_channels` (`Service_id`, `Channel_id`, `createdby`, `modifiedby`, `createdts`, `lastmodifiedts`, `synctimestamp`, `softdeleteflag`) VALUES ('SERVICE_ID_43','CH_ID_MOB',NULL,NULL,CURRENT_TIMESTAMP,CURRENT_TIMESTAMP,CURRENT_TIMESTAMP,0);
INSERT INTO `service_channels` (`Service_id`, `Channel_id`, `createdby`, `modifiedby`, `createdts`, `lastmodifiedts`, `synctimestamp`, `softdeleteflag`) VALUES ('SERVICE_ID_44','CH_ID_INT',NULL,NULL,CURRENT_TIMESTAMP,CURRENT_TIMESTAMP,CURRENT_TIMESTAMP,0);
INSERT INTO `service_channels` (`Service_id`, `Channel_id`, `createdby`, `modifiedby`, `createdts`, `lastmodifiedts`, `synctimestamp`, `softdeleteflag`) VALUES ('SERVICE_ID_44','CH_ID_MOB',NULL,NULL,CURRENT_TIMESTAMP,CURRENT_TIMESTAMP,CURRENT_TIMESTAMP,0);
INSERT INTO `service_channels` (`Service_id`, `Channel_id`, `createdby`, `modifiedby`, `createdts`, `lastmodifiedts`, `synctimestamp`, `softdeleteflag`) VALUES ('SERVICE_ID_45','CH_ID_INT',NULL,NULL,CURRENT_TIMESTAMP,CURRENT_TIMESTAMP,CURRENT_TIMESTAMP,0);
INSERT INTO `service_channels` (`Service_id`, `Channel_id`, `createdby`, `modifiedby`, `createdts`, `lastmodifiedts`, `synctimestamp`, `softdeleteflag`) VALUES ('SERVICE_ID_45','CH_ID_MOB',NULL,NULL,CURRENT_TIMESTAMP,CURRENT_TIMESTAMP,CURRENT_TIMESTAMP,0);
INSERT INTO `service_channels` (`Service_id`, `Channel_id`, `createdby`, `modifiedby`, `createdts`, `lastmodifiedts`, `synctimestamp`, `softdeleteflag`) VALUES ('SERVICE_ID_46','CH_ID_INT',NULL,NULL,CURRENT_TIMESTAMP,CURRENT_TIMESTAMP,CURRENT_TIMESTAMP,0);
INSERT INTO `service_channels` (`Service_id`, `Channel_id`, `createdby`, `modifiedby`, `createdts`, `lastmodifiedts`, `synctimestamp`, `softdeleteflag`) VALUES ('SERVICE_ID_46','CH_ID_MOB',NULL,NULL,CURRENT_TIMESTAMP,CURRENT_TIMESTAMP,CURRENT_TIMESTAMP,0);
INSERT INTO `service_channels` (`Service_id`, `Channel_id`, `createdby`, `modifiedby`, `createdts`, `lastmodifiedts`, `synctimestamp`, `softdeleteflag`) VALUES ('SERVICE_ID_47','CH_ID_INT',NULL,NULL,CURRENT_TIMESTAMP,CURRENT_TIMESTAMP,CURRENT_TIMESTAMP,0);
INSERT INTO `service_channels` (`Service_id`, `Channel_id`, `createdby`, `modifiedby`, `createdts`, `lastmodifiedts`, `synctimestamp`, `softdeleteflag`) VALUES ('SERVICE_ID_47','CH_ID_MOB',NULL,NULL,CURRENT_TIMESTAMP,CURRENT_TIMESTAMP,CURRENT_TIMESTAMP,0);
INSERT INTO `service_channels` (`Service_id`, `Channel_id`, `createdby`, `modifiedby`, `createdts`, `lastmodifiedts`, `synctimestamp`, `softdeleteflag`) VALUES ('SERVICE_ID_48','CH_ID_INT',NULL,NULL,CURRENT_TIMESTAMP,CURRENT_TIMESTAMP,CURRENT_TIMESTAMP,0);
INSERT INTO `service_channels` (`Service_id`, `Channel_id`, `createdby`, `modifiedby`, `createdts`, `lastmodifiedts`, `synctimestamp`, `softdeleteflag`) VALUES ('SERVICE_ID_48','CH_ID_MOB',NULL,NULL,CURRENT_TIMESTAMP,CURRENT_TIMESTAMP,CURRENT_TIMESTAMP,0);
INSERT INTO `service_channels` (`Service_id`, `Channel_id`, `createdby`, `modifiedby`, `createdts`, `lastmodifiedts`, `synctimestamp`, `softdeleteflag`) VALUES ('SERVICE_ID_49','CH_ID_INT',NULL,NULL,CURRENT_TIMESTAMP,CURRENT_TIMESTAMP,CURRENT_TIMESTAMP,0);
INSERT INTO `service_channels` (`Service_id`, `Channel_id`, `createdby`, `modifiedby`, `createdts`, `lastmodifiedts`, `synctimestamp`, `softdeleteflag`) VALUES ('SERVICE_ID_49','CH_ID_MOB',NULL,NULL,CURRENT_TIMESTAMP,CURRENT_TIMESTAMP,CURRENT_TIMESTAMP,0);
INSERT INTO `service_channels` (`Service_id`, `Channel_id`, `createdby`, `modifiedby`, `createdts`, `lastmodifiedts`, `synctimestamp`, `softdeleteflag`) VALUES ('SERVICE_ID_5','CH_ID_INT',NULL,NULL,CURRENT_TIMESTAMP,CURRENT_TIMESTAMP,CURRENT_TIMESTAMP,0);
INSERT INTO `service_channels` (`Service_id`, `Channel_id`, `createdby`, `modifiedby`, `createdts`, `lastmodifiedts`, `synctimestamp`, `softdeleteflag`) VALUES ('SERVICE_ID_5','CH_ID_MOB',NULL,NULL,CURRENT_TIMESTAMP,CURRENT_TIMESTAMP,CURRENT_TIMESTAMP,0);
INSERT INTO `service_channels` (`Service_id`, `Channel_id`, `createdby`, `modifiedby`, `createdts`, `lastmodifiedts`, `synctimestamp`, `softdeleteflag`) VALUES ('SERVICE_ID_50','CH_ID_INT',NULL,NULL,CURRENT_TIMESTAMP,CURRENT_TIMESTAMP,CURRENT_TIMESTAMP,0);
INSERT INTO `service_channels` (`Service_id`, `Channel_id`, `createdby`, `modifiedby`, `createdts`, `lastmodifiedts`, `synctimestamp`, `softdeleteflag`) VALUES ('SERVICE_ID_50','CH_ID_MOB',NULL,NULL,CURRENT_TIMESTAMP,CURRENT_TIMESTAMP,CURRENT_TIMESTAMP,0);
INSERT INTO `service_channels` (`Service_id`, `Channel_id`, `createdby`, `modifiedby`, `createdts`, `lastmodifiedts`, `synctimestamp`, `softdeleteflag`) VALUES ('SERVICE_ID_51','CH_ID_INT',NULL,NULL,CURRENT_TIMESTAMP,CURRENT_TIMESTAMP,CURRENT_TIMESTAMP,0);
INSERT INTO `service_channels` (`Service_id`, `Channel_id`, `createdby`, `modifiedby`, `createdts`, `lastmodifiedts`, `synctimestamp`, `softdeleteflag`) VALUES ('SERVICE_ID_51','CH_ID_MOB',NULL,NULL,CURRENT_TIMESTAMP,CURRENT_TIMESTAMP,CURRENT_TIMESTAMP,0);
INSERT INTO `service_channels` (`Service_id`, `Channel_id`, `createdby`, `modifiedby`, `createdts`, `lastmodifiedts`, `synctimestamp`, `softdeleteflag`) VALUES ('SERVICE_ID_52','CH_ID_INT',NULL,NULL,CURRENT_TIMESTAMP,CURRENT_TIMESTAMP,CURRENT_TIMESTAMP,0);
INSERT INTO `service_channels` (`Service_id`, `Channel_id`, `createdby`, `modifiedby`, `createdts`, `lastmodifiedts`, `synctimestamp`, `softdeleteflag`) VALUES ('SERVICE_ID_52','CH_ID_MOB',NULL,NULL,CURRENT_TIMESTAMP,CURRENT_TIMESTAMP,CURRENT_TIMESTAMP,0);
INSERT INTO `service_channels` (`Service_id`, `Channel_id`, `createdby`, `modifiedby`, `createdts`, `lastmodifiedts`, `synctimestamp`, `softdeleteflag`) VALUES ('SERVICE_ID_53','CH_ID_INT',NULL,NULL,CURRENT_TIMESTAMP,CURRENT_TIMESTAMP,CURRENT_TIMESTAMP,0);
INSERT INTO `service_channels` (`Service_id`, `Channel_id`, `createdby`, `modifiedby`, `createdts`, `lastmodifiedts`, `synctimestamp`, `softdeleteflag`) VALUES ('SERVICE_ID_53','CH_ID_MOB',NULL,NULL,CURRENT_TIMESTAMP,CURRENT_TIMESTAMP,CURRENT_TIMESTAMP,0);
INSERT INTO `service_channels` (`Service_id`, `Channel_id`, `createdby`, `modifiedby`, `createdts`, `lastmodifiedts`, `synctimestamp`, `softdeleteflag`) VALUES ('SERVICE_ID_54','CH_ID_INT',NULL,NULL,CURRENT_TIMESTAMP,CURRENT_TIMESTAMP,CURRENT_TIMESTAMP,0);
INSERT INTO `service_channels` (`Service_id`, `Channel_id`, `createdby`, `modifiedby`, `createdts`, `lastmodifiedts`, `synctimestamp`, `softdeleteflag`) VALUES ('SERVICE_ID_54','CH_ID_MOB',NULL,NULL,CURRENT_TIMESTAMP,CURRENT_TIMESTAMP,CURRENT_TIMESTAMP,0);
INSERT INTO `service_channels` (`Service_id`, `Channel_id`, `createdby`, `modifiedby`, `createdts`, `lastmodifiedts`, `synctimestamp`, `softdeleteflag`) VALUES ('SERVICE_ID_55','CH_ID_INT',NULL,NULL,CURRENT_TIMESTAMP,CURRENT_TIMESTAMP,CURRENT_TIMESTAMP,0);
INSERT INTO `service_channels` (`Service_id`, `Channel_id`, `createdby`, `modifiedby`, `createdts`, `lastmodifiedts`, `synctimestamp`, `softdeleteflag`) VALUES ('SERVICE_ID_55','CH_ID_MOB',NULL,NULL,CURRENT_TIMESTAMP,CURRENT_TIMESTAMP,CURRENT_TIMESTAMP,0);
INSERT INTO `service_channels` (`Service_id`, `Channel_id`, `createdby`, `modifiedby`, `createdts`, `lastmodifiedts`, `synctimestamp`, `softdeleteflag`) VALUES ('SERVICE_ID_56','CH_ID_INT',NULL,NULL,CURRENT_TIMESTAMP,CURRENT_TIMESTAMP,CURRENT_TIMESTAMP,0);
INSERT INTO `service_channels` (`Service_id`, `Channel_id`, `createdby`, `modifiedby`, `createdts`, `lastmodifiedts`, `synctimestamp`, `softdeleteflag`) VALUES ('SERVICE_ID_56','CH_ID_MOB',NULL,NULL,CURRENT_TIMESTAMP,CURRENT_TIMESTAMP,CURRENT_TIMESTAMP,0);
INSERT INTO `service_channels` (`Service_id`, `Channel_id`, `createdby`, `modifiedby`, `createdts`, `lastmodifiedts`, `synctimestamp`, `softdeleteflag`) VALUES ('SERVICE_ID_57','CH_ID_INT',NULL,NULL,CURRENT_TIMESTAMP,CURRENT_TIMESTAMP,CURRENT_TIMESTAMP,0);
INSERT INTO `service_channels` (`Service_id`, `Channel_id`, `createdby`, `modifiedby`, `createdts`, `lastmodifiedts`, `synctimestamp`, `softdeleteflag`) VALUES ('SERVICE_ID_57','CH_ID_MOB',NULL,NULL,CURRENT_TIMESTAMP,CURRENT_TIMESTAMP,CURRENT_TIMESTAMP,0);
INSERT INTO `service_channels` (`Service_id`, `Channel_id`, `createdby`, `modifiedby`, `createdts`, `lastmodifiedts`, `synctimestamp`, `softdeleteflag`) VALUES ('SERVICE_ID_58','CH_ID_INT',NULL,NULL,CURRENT_TIMESTAMP,CURRENT_TIMESTAMP,CURRENT_TIMESTAMP,0);
INSERT INTO `service_channels` (`Service_id`, `Channel_id`, `createdby`, `modifiedby`, `createdts`, `lastmodifiedts`, `synctimestamp`, `softdeleteflag`) VALUES ('SERVICE_ID_58','CH_ID_MOB',NULL,NULL,CURRENT_TIMESTAMP,CURRENT_TIMESTAMP,CURRENT_TIMESTAMP,0);
INSERT INTO `service_channels` (`Service_id`, `Channel_id`, `createdby`, `modifiedby`, `createdts`, `lastmodifiedts`, `synctimestamp`, `softdeleteflag`) VALUES ('SERVICE_ID_59','CH_ID_INT',NULL,NULL,CURRENT_TIMESTAMP,CURRENT_TIMESTAMP,CURRENT_TIMESTAMP,0);
INSERT INTO `service_channels` (`Service_id`, `Channel_id`, `createdby`, `modifiedby`, `createdts`, `lastmodifiedts`, `synctimestamp`, `softdeleteflag`) VALUES ('SERVICE_ID_59','CH_ID_MOB',NULL,NULL,CURRENT_TIMESTAMP,CURRENT_TIMESTAMP,CURRENT_TIMESTAMP,0);
INSERT INTO `service_channels` (`Service_id`, `Channel_id`, `createdby`, `modifiedby`, `createdts`, `lastmodifiedts`, `synctimestamp`, `softdeleteflag`) VALUES ('SERVICE_ID_6','CH_ID_INT',NULL,NULL,CURRENT_TIMESTAMP,CURRENT_TIMESTAMP,CURRENT_TIMESTAMP,0);
INSERT INTO `service_channels` (`Service_id`, `Channel_id`, `createdby`, `modifiedby`, `createdts`, `lastmodifiedts`, `synctimestamp`, `softdeleteflag`) VALUES ('SERVICE_ID_6','CH_ID_MOB',NULL,NULL,CURRENT_TIMESTAMP,CURRENT_TIMESTAMP,CURRENT_TIMESTAMP,0);
INSERT INTO `service_channels` (`Service_id`, `Channel_id`, `createdby`, `modifiedby`, `createdts`, `lastmodifiedts`, `synctimestamp`, `softdeleteflag`) VALUES ('SERVICE_ID_60','CH_ID_INT',NULL,NULL,CURRENT_TIMESTAMP,CURRENT_TIMESTAMP,CURRENT_TIMESTAMP,0);
INSERT INTO `service_channels` (`Service_id`, `Channel_id`, `createdby`, `modifiedby`, `createdts`, `lastmodifiedts`, `synctimestamp`, `softdeleteflag`) VALUES ('SERVICE_ID_60','CH_ID_MOB',NULL,NULL,CURRENT_TIMESTAMP,CURRENT_TIMESTAMP,CURRENT_TIMESTAMP,0);
INSERT INTO `service_channels` (`Service_id`, `Channel_id`, `createdby`, `modifiedby`, `createdts`, `lastmodifiedts`, `synctimestamp`, `softdeleteflag`) VALUES ('SERVICE_ID_61','CH_ID_INT',NULL,NULL,CURRENT_TIMESTAMP,CURRENT_TIMESTAMP,CURRENT_TIMESTAMP,0);
INSERT INTO `service_channels` (`Service_id`, `Channel_id`, `createdby`, `modifiedby`, `createdts`, `lastmodifiedts`, `synctimestamp`, `softdeleteflag`) VALUES ('SERVICE_ID_61','CH_ID_MOB',NULL,NULL,CURRENT_TIMESTAMP,CURRENT_TIMESTAMP,CURRENT_TIMESTAMP,0);
INSERT INTO `service_channels` (`Service_id`, `Channel_id`, `createdby`, `modifiedby`, `createdts`, `lastmodifiedts`, `synctimestamp`, `softdeleteflag`) VALUES ('SERVICE_ID_62','CH_ID_INT',NULL,NULL,CURRENT_TIMESTAMP,CURRENT_TIMESTAMP,CURRENT_TIMESTAMP,0);
INSERT INTO `service_channels` (`Service_id`, `Channel_id`, `createdby`, `modifiedby`, `createdts`, `lastmodifiedts`, `synctimestamp`, `softdeleteflag`) VALUES ('SERVICE_ID_62','CH_ID_MOB',NULL,NULL,CURRENT_TIMESTAMP,CURRENT_TIMESTAMP,CURRENT_TIMESTAMP,0);
INSERT INTO `service_channels` (`Service_id`, `Channel_id`, `createdby`, `modifiedby`, `createdts`, `lastmodifiedts`, `synctimestamp`, `softdeleteflag`) VALUES ('SERVICE_ID_63','CH_ID_INT',NULL,NULL,CURRENT_TIMESTAMP,CURRENT_TIMESTAMP,CURRENT_TIMESTAMP,0);
INSERT INTO `service_channels` (`Service_id`, `Channel_id`, `createdby`, `modifiedby`, `createdts`, `lastmodifiedts`, `synctimestamp`, `softdeleteflag`) VALUES ('SERVICE_ID_63','CH_ID_MOB',NULL,NULL,CURRENT_TIMESTAMP,CURRENT_TIMESTAMP,CURRENT_TIMESTAMP,0);
INSERT INTO `service_channels` (`Service_id`, `Channel_id`, `createdby`, `modifiedby`, `createdts`, `lastmodifiedts`, `synctimestamp`, `softdeleteflag`) VALUES ('SERVICE_ID_64','CH_ID_INT',NULL,NULL,CURRENT_TIMESTAMP,CURRENT_TIMESTAMP,CURRENT_TIMESTAMP,0);
INSERT INTO `service_channels` (`Service_id`, `Channel_id`, `createdby`, `modifiedby`, `createdts`, `lastmodifiedts`, `synctimestamp`, `softdeleteflag`) VALUES ('SERVICE_ID_64','CH_ID_MOB',NULL,NULL,CURRENT_TIMESTAMP,CURRENT_TIMESTAMP,CURRENT_TIMESTAMP,0);
INSERT INTO `service_channels` (`Service_id`, `Channel_id`, `createdby`, `modifiedby`, `createdts`, `lastmodifiedts`, `synctimestamp`, `softdeleteflag`) VALUES ('SERVICE_ID_65','CH_ID_INT',NULL,NULL,CURRENT_TIMESTAMP,CURRENT_TIMESTAMP,CURRENT_TIMESTAMP,0);
INSERT INTO `service_channels` (`Service_id`, `Channel_id`, `createdby`, `modifiedby`, `createdts`, `lastmodifiedts`, `synctimestamp`, `softdeleteflag`) VALUES ('SERVICE_ID_65','CH_ID_MOB',NULL,NULL,CURRENT_TIMESTAMP,CURRENT_TIMESTAMP,CURRENT_TIMESTAMP,0);
INSERT INTO `service_channels` (`Service_id`, `Channel_id`, `createdby`, `modifiedby`, `createdts`, `lastmodifiedts`, `synctimestamp`, `softdeleteflag`) VALUES ('SERVICE_ID_66','CH_ID_INT',NULL,NULL,CURRENT_TIMESTAMP,CURRENT_TIMESTAMP,CURRENT_TIMESTAMP,0);
INSERT INTO `service_channels` (`Service_id`, `Channel_id`, `createdby`, `modifiedby`, `createdts`, `lastmodifiedts`, `synctimestamp`, `softdeleteflag`) VALUES ('SERVICE_ID_66','CH_ID_MOB',NULL,NULL,CURRENT_TIMESTAMP,CURRENT_TIMESTAMP,CURRENT_TIMESTAMP,0);
INSERT INTO `service_channels` (`Service_id`, `Channel_id`, `createdby`, `modifiedby`, `createdts`, `lastmodifiedts`, `synctimestamp`, `softdeleteflag`) VALUES ('SERVICE_ID_67','CH_ID_INT',NULL,NULL,CURRENT_TIMESTAMP,CURRENT_TIMESTAMP,CURRENT_TIMESTAMP,0);
INSERT INTO `service_channels` (`Service_id`, `Channel_id`, `createdby`, `modifiedby`, `createdts`, `lastmodifiedts`, `synctimestamp`, `softdeleteflag`) VALUES ('SERVICE_ID_67','CH_ID_MOB',NULL,NULL,CURRENT_TIMESTAMP,CURRENT_TIMESTAMP,CURRENT_TIMESTAMP,0);
INSERT INTO `service_channels` (`Service_id`, `Channel_id`, `createdby`, `modifiedby`, `createdts`, `lastmodifiedts`, `synctimestamp`, `softdeleteflag`) VALUES ('SERVICE_ID_68','CH_ID_INT',NULL,NULL,CURRENT_TIMESTAMP,CURRENT_TIMESTAMP,CURRENT_TIMESTAMP,0);
INSERT INTO `service_channels` (`Service_id`, `Channel_id`, `createdby`, `modifiedby`, `createdts`, `lastmodifiedts`, `synctimestamp`, `softdeleteflag`) VALUES ('SERVICE_ID_68','CH_ID_MOB',NULL,NULL,CURRENT_TIMESTAMP,CURRENT_TIMESTAMP,CURRENT_TIMESTAMP,0);
INSERT INTO `service_channels` (`Service_id`, `Channel_id`, `createdby`, `modifiedby`, `createdts`, `lastmodifiedts`, `synctimestamp`, `softdeleteflag`) VALUES ('SERVICE_ID_69','CH_ID_INT',NULL,NULL,CURRENT_TIMESTAMP,CURRENT_TIMESTAMP,CURRENT_TIMESTAMP,0);
INSERT INTO `service_channels` (`Service_id`, `Channel_id`, `createdby`, `modifiedby`, `createdts`, `lastmodifiedts`, `synctimestamp`, `softdeleteflag`) VALUES ('SERVICE_ID_69','CH_ID_MOB',NULL,NULL,CURRENT_TIMESTAMP,CURRENT_TIMESTAMP,CURRENT_TIMESTAMP,0);
INSERT INTO `service_channels` (`Service_id`, `Channel_id`, `createdby`, `modifiedby`, `createdts`, `lastmodifiedts`, `synctimestamp`, `softdeleteflag`) VALUES ('SERVICE_ID_7','CH_ID_INT',NULL,NULL,CURRENT_TIMESTAMP,CURRENT_TIMESTAMP,CURRENT_TIMESTAMP,0);
INSERT INTO `service_channels` (`Service_id`, `Channel_id`, `createdby`, `modifiedby`, `createdts`, `lastmodifiedts`, `synctimestamp`, `softdeleteflag`) VALUES ('SERVICE_ID_7','CH_ID_MOB',NULL,NULL,CURRENT_TIMESTAMP,CURRENT_TIMESTAMP,CURRENT_TIMESTAMP,0);
INSERT INTO `service_channels` (`Service_id`, `Channel_id`, `createdby`, `modifiedby`, `createdts`, `lastmodifiedts`, `synctimestamp`, `softdeleteflag`) VALUES ('SERVICE_ID_70','CH_ID_INT',NULL,NULL,CURRENT_TIMESTAMP,CURRENT_TIMESTAMP,CURRENT_TIMESTAMP,0);
INSERT INTO `service_channels` (`Service_id`, `Channel_id`, `createdby`, `modifiedby`, `createdts`, `lastmodifiedts`, `synctimestamp`, `softdeleteflag`) VALUES ('SERVICE_ID_70','CH_ID_MOB',NULL,NULL,CURRENT_TIMESTAMP,CURRENT_TIMESTAMP,CURRENT_TIMESTAMP,0);
INSERT INTO `service_channels` (`Service_id`, `Channel_id`, `createdby`, `modifiedby`, `createdts`, `lastmodifiedts`, `synctimestamp`, `softdeleteflag`) VALUES ('SERVICE_ID_71','CH_ID_INT',NULL,NULL,CURRENT_TIMESTAMP,CURRENT_TIMESTAMP,CURRENT_TIMESTAMP,0);
INSERT INTO `service_channels` (`Service_id`, `Channel_id`, `createdby`, `modifiedby`, `createdts`, `lastmodifiedts`, `synctimestamp`, `softdeleteflag`) VALUES ('SERVICE_ID_71','CH_ID_MOB',NULL,NULL,CURRENT_TIMESTAMP,CURRENT_TIMESTAMP,CURRENT_TIMESTAMP,0);
INSERT INTO `service_channels` (`Service_id`, `Channel_id`, `createdby`, `modifiedby`, `createdts`, `lastmodifiedts`, `synctimestamp`, `softdeleteflag`) VALUES ('SERVICE_ID_72','CH_ID_INT',NULL,NULL,CURRENT_TIMESTAMP,CURRENT_TIMESTAMP,CURRENT_TIMESTAMP,0);
INSERT INTO `service_channels` (`Service_id`, `Channel_id`, `createdby`, `modifiedby`, `createdts`, `lastmodifiedts`, `synctimestamp`, `softdeleteflag`) VALUES ('SERVICE_ID_72','CH_ID_MOB',NULL,NULL,CURRENT_TIMESTAMP,CURRENT_TIMESTAMP,CURRENT_TIMESTAMP,0);
INSERT INTO `service_channels` (`Service_id`, `Channel_id`, `createdby`, `modifiedby`, `createdts`, `lastmodifiedts`, `synctimestamp`, `softdeleteflag`) VALUES ('SERVICE_ID_73','CH_ID_INT',NULL,NULL,CURRENT_TIMESTAMP,CURRENT_TIMESTAMP,CURRENT_TIMESTAMP,0);
INSERT INTO `service_channels` (`Service_id`, `Channel_id`, `createdby`, `modifiedby`, `createdts`, `lastmodifiedts`, `synctimestamp`, `softdeleteflag`) VALUES ('SERVICE_ID_73','CH_ID_MOB',NULL,NULL,CURRENT_TIMESTAMP,CURRENT_TIMESTAMP,CURRENT_TIMESTAMP,0);
INSERT INTO `service_channels` (`Service_id`, `Channel_id`, `createdby`, `modifiedby`, `createdts`, `lastmodifiedts`, `synctimestamp`, `softdeleteflag`) VALUES ('SERVICE_ID_74','CH_ID_INT',NULL,NULL,CURRENT_TIMESTAMP,CURRENT_TIMESTAMP,CURRENT_TIMESTAMP,0);
INSERT INTO `service_channels` (`Service_id`, `Channel_id`, `createdby`, `modifiedby`, `createdts`, `lastmodifiedts`, `synctimestamp`, `softdeleteflag`) VALUES ('SERVICE_ID_74','CH_ID_MOB',NULL,NULL,CURRENT_TIMESTAMP,CURRENT_TIMESTAMP,CURRENT_TIMESTAMP,0);
INSERT INTO `service_channels` (`Service_id`, `Channel_id`, `createdby`, `modifiedby`, `createdts`, `lastmodifiedts`, `synctimestamp`, `softdeleteflag`) VALUES ('SERVICE_ID_75','CH_ID_INT',NULL,NULL,CURRENT_TIMESTAMP,CURRENT_TIMESTAMP,CURRENT_TIMESTAMP,0);
INSERT INTO `service_channels` (`Service_id`, `Channel_id`, `createdby`, `modifiedby`, `createdts`, `lastmodifiedts`, `synctimestamp`, `softdeleteflag`) VALUES ('SERVICE_ID_75','CH_ID_MOB',NULL,NULL,CURRENT_TIMESTAMP,CURRENT_TIMESTAMP,CURRENT_TIMESTAMP,0);
INSERT INTO `service_channels` (`Service_id`, `Channel_id`, `createdby`, `modifiedby`, `createdts`, `lastmodifiedts`, `synctimestamp`, `softdeleteflag`) VALUES ('SERVICE_ID_8','CH_ID_INT',NULL,NULL,CURRENT_TIMESTAMP,CURRENT_TIMESTAMP,CURRENT_TIMESTAMP,0);
INSERT INTO `service_channels` (`Service_id`, `Channel_id`, `createdby`, `modifiedby`, `createdts`, `lastmodifiedts`, `synctimestamp`, `softdeleteflag`) VALUES ('SERVICE_ID_8','CH_ID_MOB',NULL,NULL,CURRENT_TIMESTAMP,CURRENT_TIMESTAMP,CURRENT_TIMESTAMP,0);
INSERT INTO `service_channels` (`Service_id`, `Channel_id`, `createdby`, `modifiedby`, `createdts`, `lastmodifiedts`, `synctimestamp`, `softdeleteflag`) VALUES ('SERVICE_ID_9','CH_ID_INT',NULL,NULL,CURRENT_TIMESTAMP,CURRENT_TIMESTAMP,CURRENT_TIMESTAMP,0);
INSERT INTO `service_channels` (`Service_id`, `Channel_id`, `createdby`, `modifiedby`, `createdts`, `lastmodifiedts`, `synctimestamp`, `softdeleteflag`) VALUES ('SERVICE_ID_9','CH_ID_MOB',NULL,NULL,CURRENT_TIMESTAMP,CURRENT_TIMESTAMP,CURRENT_TIMESTAMP,0);

UPDATE `eligibilitycriteria` SET `Description`='I am an employee or retiree of a company that Kony DBX bank serves.' WHERE `id`='KONY_DBX_BANK_CLIENT_ACQ';
UPDATE `eligibilitycriteria` SET `Description`='I am related to a current Kony DBX bank customer (Note: Eligible relationships include spouse, domestic partner, parent, grandparent, child, sibling, grandchild, step sibling, or adopted children).' WHERE `id`='KONY_DBX_BANK_MEMBER_ACQ';
UPDATE `eligibilitycriteria` SET `Description`='I live, work, worship, or attend school in a community that Kony DBX bank serves.' WHERE `id`='KONY_DBX_BANK_AREA_RESIDENT';

UPDATE `configurations` SET `description`='Time to automatically unlock a customer (in minutes).' WHERE `configuration_id`='1';

INSERT INTO `service_permission_mapper` (`id`, `service_name`, `object_name`, `operation`, `user_type`, `permissions`) VALUES ('ffa0d49b-16b8-4896-891e-a5f4b32d4cee', 'CustomerManagementObjService', 'Customer', 'verifyCSRToken', 'C360_API_USER', 'API_ACCESS');
INSERT INTO `service_permission_mapper` (`id`, `service_name`, `object_name`, `operation`, `user_type`, `permissions`) VALUES ('ffcb0286-2abc-403e-bd6f-9a7edc5fdwss', 'BankProductManagment', 'product', 'FetchBankDetailsBasedOnRoutingNumber', 'C360_API_USER', 'API_ACCESS');
INSERT INTO `service_permission_mapper` (`id`, `service_name`, `object_name`, `operation`, `user_type`, `permissions`) VALUES ('c78e4466-2d96-4a85-8530-4ab47fc61fb7', 'LocationObjService', 'LocationsUsingCSV', 'getImportLocationsStatus', 'TYPE_ID_CUSTOMER360', 'ALLOW');

INSERT INTO `termandconditionapp` (`id`, `TermAndConditionId`, `AppId`, `createdby`, `modifiedby`, `softdeleteflag`) VALUES ('2312332', '1920000', 'RETAIL_BANKING', 'Kony user', '', '0');

UPDATE `faqcategory` SET `Name`='Sign In' WHERE `id`='FAQ_CAT_ID1';

INSERT IGNORE INTO `feature` (`id`, `Name`, `code`, `DisplayName`, `Description`, `Type_id`, `Status_id`) VALUES ('FEATURE_ID17', 'Message', 'MESSAGE', 'Message', 'Message', 'TYPE_NON_MONETARY', 'SID_ACTIVE');

INSERT IGNORE INTO `service` (`id`, `Type_id`, `Feature_id`, `Name`, `Description`, `Status_id`, `code`, `DisplayName`, `DisplayDescription`, `createdby`, `modifiedby`) VALUES ('SERVICE_ID_86', 'SER_TYPE_NONTRANS', 'FEATURE_ID17', 'Create Message', 'Create Message', 'SID_ACTIVE', 'CREATE_MESSAGE', 'Create Message', 'Create Message', 'Kony User', 'Kony User');

INSERT IGNORE INTO `appaction` (`id`, `App_id`, `Action_id`) VALUES ('CONSUMER_LENDING_SERVICE_ID_86', 'CONSUMER_LENDING', 'SERVICE_ID_86');
INSERT IGNORE INTO `appaction` (`id`, `App_id`, `Action_id`) VALUES ('ONBOARDING_SERVICE_ID_86', 'ONBOARDING', 'SERVICE_ID_86');
INSERT IGNORE INTO `appaction` (`id`, `App_id`, `Action_id`) VALUES ('BUSINESS_BANKING_SERVICE_ID_86', 'BUSINESS_BANKING', 'SERVICE_ID_86');
INSERT IGNORE INTO `appaction` (`id`, `App_id`, `Action_id`) VALUES ('RETAIL_BANKING_SERVICE_ID_86', 'RETAIL_BANKING', 'SERVICE_ID_86');

INSERT IGNORE INTO `compositepermission` (`id`, `Permission_id`, `Entitlement_id`, `isEnabled`, `createdby`, `modifiedby`) VALUES ('CPID76', 'PID45', 'SERVICE_ID_86', '0', 'Kony Dev', 'Kony User');

INSERT IGNORE INTO `service_channels` (`Service_id`, `Channel_id`, `createdby`, `modifiedby`, `createdts`, `lastmodifiedts`, `synctimestamp`, `softdeleteflag`) VALUES ('SERVICE_ID_86','CH_ID_INT',NULL,NULL,CURRENT_TIMESTAMP,CURRENT_TIMESTAMP,CURRENT_TIMESTAMP,0);
INSERT IGNORE INTO `service_channels` (`Service_id`, `Channel_id`, `createdby`, `modifiedby`, `createdts`, `lastmodifiedts`, `synctimestamp`, `softdeleteflag`) VALUES ('SERVICE_ID_86','CH_ID_MOB',NULL,NULL,CURRENT_TIMESTAMP,CURRENT_TIMESTAMP,CURRENT_TIMESTAMP,0);

INSERT IGNORE INTO `groupentitlement` (`Group_id`, `Service_id`, `createdby`) VALUES ('GROUP_ADMINISTRATOR', 'SERVICE_ID_86', 'UID11');
INSERT IGNORE INTO `groupentitlement` (`Group_id`, `Service_id`, `createdby`) VALUES ('GROUP_VIEWER', 'SERVICE_ID_86', 'UID11');
INSERT IGNORE INTO `groupentitlement` (`Group_id`, `Service_id`, `createdby`) VALUES ('GROUP_CREATOR', 'SERVICE_ID_86', 'UID11');
INSERT IGNORE INTO `groupentitlement` (`Group_id`, `Service_id`, `createdby`) VALUES ('GROUP_AUTHORIZER', 'SERVICE_ID_86', 'UID11');
INSERT IGNORE INTO `groupentitlement` (`Group_id`, `Service_id`, `createdby`) VALUES ('GROUP_MICRO_ADMINISTRATOR', 'SERVICE_ID_86', 'UID11');
INSERT IGNORE INTO `groupentitlement` (`Group_id`, `Service_id`, `createdby`) VALUES ('GROUP_MICRO_VIEWER', 'SERVICE_ID_86', 'UID11'); 
INSERT IGNORE INTO `groupentitlement` (`Group_id`, `Service_id`, `createdby`) VALUES ('GROUP_MICRO_CREATOR', 'SERVICE_ID_86', 'UID11'); 
INSERT IGNORE INTO `groupentitlement` (`Group_id`, `Service_id`, `createdby`) VALUES ('GROUP_MICRO_AUTHORIZER', 'SERVICE_ID_86', 'UID11');
INSERT IGNORE INTO `groupentitlement` (`Group_id`, `Service_id`, `createdby`) VALUES ('DEFAULT_GROUP', 'SERVICE_ID_86', 'UID11');

INSERT INTO `service_permission_mapper` (`id`, `service_name`, `object_name`, `operation`, `user_type`, `permissions`) VALUES ('04039f1c-e142-4661-bc99-7654345678239', 'AccountRequestsObjService', 'CardRequests', 'getCardRequests', 'C360_API_USER', 'API_ACCESS');
INSERT INTO `service_permission_mapper` (`id`, `service_name`, `object_name`, `operation`, `user_type`, `permissions`) VALUES ('04039f1c-e142-4661-bc99-7654345678240', 'AccountRequestsObjService', 'TravelNotification', 'getTravelNotification', 'C360_API_USER', 'API_ACCESS');
INSERT INTO `service_permission_mapper` (`id`, `service_name`, `object_name`, `operation`, `user_type`, `permissions`) VALUES ('04039f1c-e142-4661-bc99-7654345678241', 'AccountRequestsObjService', 'TravelNotification', 'getTravelNotificationStatus', 'C360_API_USER', 'API_ACCESS');
INSERT INTO `service_permission_mapper` (`id`, `service_name`, `object_name`, `operation`, `user_type`, `permissions`) VALUES ('04039f1c-e142-4661-bc99-7654345678242', 'AccountRequestsObjService', 'TravelNotification', 'updateTravelNotification', 'C360_API_USER', 'API_ACCESS');
INSERT INTO `service_permission_mapper` (`id`, `service_name`, `object_name`, `operation`, `user_type`, `permissions`) VALUES ('04039f1c-e142-4661-bc99-7654345678243', 'AlertAndAlertTypes', 'alertcategory', 'getAlertCategories', 'TYPE_ID_CUSTOMER360', 'ViewAlerts');
INSERT INTO `service_permission_mapper` (`id`, `service_name`, `object_name`, `operation`, `user_type`, `permissions`) VALUES ('04039f1c-e142-4661-bc99-7654345678244', 'BankProductManagment', 'product', 'importProduct', 'TYPE_ID_CUSTOMER360', 'CreateAppContent,UpdateAppContent');
INSERT INTO `service_permission_mapper` (`id`, `service_name`, `object_name`, `operation`, `user_type`, `permissions`) VALUES ('04039f1c-e142-4661-bc99-7654345678246', 'BusinessConfigObjService', 'AddressValidation', 'validateAddress', 'TYPE_ID_CUSTOMER360', 'API_ACCESS');
INSERT INTO `service_permission_mapper` (`id`, `service_name`, `object_name`, `operation`, `user_type`, `permissions`) VALUES ('04039f1c-e142-4661-bc99-7654345678247', 'BusinessConfigObjService', 'OnboardingTermsAndConditions', 'getOnboardingTermsAndConditions', 'C360_API_USER', 'API_ACCESS');
INSERT INTO `service_permission_mapper` (`id`, `service_name`, `object_name`, `operation`, `user_type`, `permissions`) VALUES ('04039f1c-e142-4661-bc99-7654345678248', 'BusinessConfigObjService', 'OnboardingTermsAndConditions', 'getOnboardingTermsAndConditions', 'TYPE_ID_CUSTOMER360', 'ViewAppContent');
INSERT INTO `service_permission_mapper` (`id`, `service_name`, `object_name`, `operation`, `user_type`, `permissions`) VALUES ('04039f1c-e142-4661-bc99-7654345678253', 'CardManagementObjService', 'cardSummary', 'getCustomerCardRequestNotificationSummary', 'TYPE_ID_CUSTOMER360', 'ViewCustomer');
INSERT INTO `service_permission_mapper` (`id`, `service_name`, `object_name`, `operation`, `user_type`, `permissions`) VALUES ('04039f1c-e142-4661-bc99-7654345678254', 'ConfigurationObjService', 'Configuration', 'getConfigurations', 'C360_API_USER', 'API_ACCESS');
INSERT INTO `service_permission_mapper` (`id`, `service_name`, `object_name`, `operation`, `user_type`, `permissions`) VALUES ('04039f1c-e142-4661-bc99-7654345678255', 'ConfigurationObjService', 'Configuration', 'getConfigurations', 'TYPE_ID_CUSTOMER360', 'ViewAppContent');
INSERT INTO `service_permission_mapper` (`id`, `service_name`, `object_name`, `operation`, `user_type`, `permissions`) VALUES ('04039f1c-e142-4661-bc99-7654345678256', 'ConfigurationObjService', 'Configuration', 'getConfigurationsPreLogin', 'TYPE_ID_CUSTOMER360', 'ViewAppContent');
INSERT INTO `service_permission_mapper` (`id`, `service_name`, `object_name`, `operation`, `user_type`, `permissions`) VALUES ('04039f1c-e142-4661-bc99-7654345678257', 'ConfigurationObjService', 'Configuration', 'getConfigurationsPreLogin', 'C360_API_USER', 'API_ACCESS');
INSERT INTO `service_permission_mapper` (`id`, `service_name`, `object_name`, `operation`, `user_type`, `permissions`) VALUES ('04039f1c-e142-4661-bc99-7654345678259', 'CustomerManagementObjService', 'Customer', 'NumberValidation', 'TYPE_ID_CUSTOMER360', 'ViewCustomer');
INSERT INTO `service_permission_mapper` (`id`, `service_name`, `object_name`, `operation`, `user_type`, `permissions`) VALUES ('04039f1c-e142-4661-bc99-7654345678260', 'CustomerManagementObjService', 'Customer', 'createDMSUser', 'C360_API_USER', 'API_ACCESS');
INSERT INTO `service_permission_mapper` (`id`, `service_name`, `object_name`, `operation`, `user_type`, `permissions`) VALUES ('04039f1c-e142-4661-bc99-7654345678261', 'CustomerManagementObjService', 'Customer', 'createMember', 'C360_API_USER', 'API_ACCESS');
INSERT INTO `service_permission_mapper` (`id`, `service_name`, `object_name`, `operation`, `user_type`, `permissions`) VALUES ('04039f1c-e142-4661-bc99-7654345678262', 'CustomerManagementObjService', 'Customer', 'download', 'TYPE_ID_CUSTOMER360', 'ViewCustomer');
INSERT INTO `service_permission_mapper` (`id`, `service_name`, `object_name`, `operation`, `user_type`, `permissions`) VALUES ('04039f1c-e142-4661-bc99-7654345678263', 'CustomerManagementObjService', 'Customer', 'downloadCustomerCSV', 'TYPE_ID_CUSTOMER360', 'ViewCustomer');
INSERT INTO `service_permission_mapper` (`id`, `service_name`, `object_name`, `operation`, `user_type`, `permissions`) VALUES ('04039f1c-e142-4661-bc99-7654345678264', 'CustomerManagementObjService', 'Customer', 'getAllCompanies', 'TYPE_ID_CUSTOMER360', 'ViewCompanies,ViewCustomer');
INSERT INTO `service_permission_mapper` (`id`, `service_name`, `object_name`, `operation`, `user_type`, `permissions`) VALUES ('04039f1c-e142-4661-bc99-7654345678265', 'CustomerManagementObjService', 'Customer', 'getCustomerActions', 'TYPE_ID_CUSTOMER360', 'ViewCustomer');
INSERT INTO `service_permission_mapper` (`id`, `service_name`, `object_name`, `operation`, `user_type`, `permissions`) VALUES ('04039f1c-e142-4661-bc99-7654345678266', 'CustomerManagementObjService', 'Customer', 'getCustomerSearchConfiguration', 'TYPE_ID_CUSTOMER360', 'ViewCustomer');
INSERT INTO `service_permission_mapper` (`id`, `service_name`, `object_name`, `operation`, `user_type`, `permissions`) VALUES ('04039f1c-e142-4661-bc99-7654345678268', 'CustomerManagementObjService', 'Customer', 'importCustomersFromCSV', 'TYPE_ID_CUSTOMER360', 'UpdateCustomer,CreateCustomer');
INSERT INTO `service_permission_mapper` (`id`, `service_name`, `object_name`, `operation`, `user_type`, `permissions`) VALUES ('04039f1c-e142-4661-bc99-7654345678270', 'CustomerManagementObjService', 'CustomerDevice', 'IsDeviceRegistered', 'C360_API_USER', 'API_ACCESS');
INSERT INTO `service_permission_mapper` (`id`, `service_name`, `object_name`, `operation`, `user_type`, `permissions`) VALUES ('04039f1c-e142-4661-bc99-7654345678271', 'CustomerManagementObjService', 'CustomerProduct', 'GetAccountSpecificAlerts', 'TYPE_ID_CUSTOMER360', 'ViewCustomer');
INSERT INTO `service_permission_mapper` (`id`, `service_name`, `object_name`, `operation`, `user_type`, `permissions`) VALUES ('04039f1c-e142-4661-bc99-7654345678272', 'DMSUserCreationObjService', 'DMSUser', 'createUser', 'C360_API_USER', 'API_ACCESS');
INSERT INTO `service_permission_mapper` (`id`, `service_name`, `object_name`, `operation`, `user_type`, `permissions`) VALUES ('04039f1c-e142-4661-bc99-7654345678273', 'DecisionManagement', 'decision', 'UploadRulesFile', 'TYPE_ID_CUSTOMER360', 'UpdateDecision');
INSERT INTO `service_permission_mapper` (`id`, `service_name`, `object_name`, `operation`, `user_type`, `permissions`) VALUES ('04039f1c-e142-4661-bc99-7654345678274', 'EmailObjService', 'email', 'create', 'C360_API_USER', 'API_ACCESS');
INSERT INTO `service_permission_mapper` (`id`, `service_name`, `object_name`, `operation`, `user_type`, `permissions`) VALUES ('04039f1c-e142-4661-bc99-7654345678275', 'IdentityManagementObjService', 'identitymanagement', 'getLocaleList', 'TYPE_ID_CUSTOMER360', 'ViewIdentityManagement');
INSERT INTO `service_permission_mapper` (`id`, `service_name`, `object_name`, `operation`, `user_type`, `permissions`) VALUES ('04039f1c-e142-4661-bc99-7654345678276', 'IdentityManagementObjService', 'identitymanagement', 'getPasswordPolicy', 'TYPE_ID_CUSTOMER360', 'ViewIdentityManagement');
INSERT INTO `service_permission_mapper` (`id`, `service_name`, `object_name`, `operation`, `user_type`, `permissions`) VALUES ('04039f1c-e142-4661-bc99-7654345678277', 'IdentityManagementObjService', 'identitymanagement', 'getPasswordRules', 'TYPE_ID_CUSTOMER360', 'ViewIdentityManagement');
INSERT INTO `service_permission_mapper` (`id`, `service_name`, `object_name`, `operation`, `user_type`, `permissions`) VALUES ('04039f1c-e142-4661-bc99-7654345678278', 'IdentityManagementObjService', 'identitymanagement', 'getPasswordRulesAndPolicy', 'TYPE_ID_CUSTOMER360', 'ViewIdentityManagement');
INSERT INTO `service_permission_mapper` (`id`, `service_name`, `object_name`, `operation`, `user_type`, `permissions`) VALUES ('04039f1c-e142-4661-bc99-7654345678279', 'IdentityManagementObjService', 'identitymanagement', 'getUsernameAndPasswordPolicies', 'TYPE_ID_CUSTOMER360', 'ViewIdentityManagement');
INSERT INTO `service_permission_mapper` (`id`, `service_name`, `object_name`, `operation`, `user_type`, `permissions`) VALUES ('04039f1c-e142-4661-bc99-7654345678280', 'IdentityManagementObjService', 'identitymanagement', 'getUsernameAndPasswordRules', 'TYPE_ID_CUSTOMER360', 'ViewIdentityManagement');
INSERT INTO `service_permission_mapper` (`id`, `service_name`, `object_name`, `operation`, `user_type`, `permissions`) VALUES ('04039f1c-e142-4661-bc99-7654345678281', 'IdentityManagementObjService', 'identitymanagement', 'getUsernameAndPasswordRulesAndPolicies', 'TYPE_ID_CUSTOMER360', 'ViewIdentityManagement');
INSERT INTO `service_permission_mapper` (`id`, `service_name`, `object_name`, `operation`, `user_type`, `permissions`) VALUES ('04039f1c-e142-4661-bc99-7654345678282', 'IdentityManagementObjService', 'identitymanagement', 'getUsernamePolicy', 'TYPE_ID_CUSTOMER360', 'ViewIdentityManagement');
INSERT INTO `service_permission_mapper` (`id`, `service_name`, `object_name`, `operation`, `user_type`, `permissions`) VALUES ('04039f1c-e142-4661-bc99-7654345678283', 'IdentityManagementObjService', 'identitymanagement', 'getUsernameRules', 'TYPE_ID_CUSTOMER360', 'ViewIdentityManagement');
INSERT INTO `service_permission_mapper` (`id`, `service_name`, `object_name`, `operation`, `user_type`, `permissions`) VALUES ('04039f1c-e142-4661-bc99-7654345678284', 'IdentityManagementObjService', 'identitymanagement', 'getUsernameRulesAndPolicy', 'TYPE_ID_CUSTOMER360', 'ViewIdentityManagement');
INSERT INTO `service_permission_mapper` (`id`, `service_name`, `object_name`, `operation`, `user_type`, `permissions`) VALUES ('04039f1c-e142-4661-bc99-7654345678285', 'InternalusersObjService', 'region', 'getDetails', 'C360_API_USER', 'API_ACCESS');
INSERT INTO `service_permission_mapper` (`id`, `service_name`, `object_name`, `operation`, `user_type`, `permissions`) VALUES ('04039f1c-e142-4661-bc99-7654345678286', 'LoansLocalServices', 'CustomerCommunication', 'GetCustomerCommunication', 'TYPE_ID_CUSTOMER360', 'ALLOW');
INSERT INTO `service_permission_mapper` (`id`, `service_name`, `object_name`, `operation`, `user_type`, `permissions`) VALUES ('04039f1c-e142-4661-bc99-7654345678287', 'LoansLocalServices', 'CustomerCommunication', 'get', 'TYPE_ID_CUSTOMER360', 'ALLOW');
INSERT INTO `service_permission_mapper` (`id`, `service_name`, `object_name`, `operation`, `user_type`, `permissions`) VALUES ('04039f1c-e142-4661-bc99-7654345678288', 'LoansLocalServices', 'CustomerDpData', 'update', 'TYPE_ID_CUSTOMER360', 'ALLOW');
INSERT INTO `service_permission_mapper` (`id`, `service_name`, `object_name`, `operation`, `user_type`, `permissions`) VALUES ('04039f1c-e142-4661-bc99-7654345678289', 'LoansLocalServices', 'CustomerPrequalifyPackage', 'GetCustomerPrequalifyPackage', 'TYPE_ID_CUSTOMER360', 'ALLOW');
INSERT INTO `service_permission_mapper` (`id`, `service_name`, `object_name`, `operation`, `user_type`, `permissions`) VALUES ('04039f1c-e142-4661-bc99-7654345678290', 'LoansLocalServices', 'CustomerPrequalifyPackage', 'create', 'TYPE_ID_CUSTOMER360', 'ALLOW');
INSERT INTO `service_permission_mapper` (`id`, `service_name`, `object_name`, `operation`, `user_type`, `permissions`) VALUES ('04039f1c-e142-4661-bc99-7654345678291', 'LoansLocalServices', 'DecisionFailure', 'create', 'TYPE_ID_CUSTOMER360', 'ALLOW');
INSERT INTO `service_permission_mapper` (`id`, `service_name`, `object_name`, `operation`, `user_type`, `permissions`) VALUES ('04039f1c-e142-4661-bc99-7654345678292', 'LoansLocalServices', 'DecisionFailure', 'update', 'TYPE_ID_CUSTOMER360', 'ALLOW');
INSERT INTO `service_permission_mapper` (`id`, `service_name`, `object_name`, `operation`, `user_type`, `permissions`) VALUES ('04039f1c-e142-4661-bc99-7654345678293', 'LoansLocalServices', 'DecisionResult', 'create', 'TYPE_ID_CUSTOMER360', 'ALLOW');
INSERT INTO `service_permission_mapper` (`id`, `service_name`, `object_name`, `operation`, `user_type`, `permissions`) VALUES ('04039f1c-e142-4661-bc99-7654345678294', 'LoansLocalServices', 'Disclaimer', 'get', 'TYPE_ID_CUSTOMER360', 'ALLOW');
INSERT INTO `service_permission_mapper` (`id`, `service_name`, `object_name`, `operation`, `user_type`, `permissions`) VALUES ('04039f1c-e142-4661-bc99-7654345678295', 'LoansLocalServices', 'GetMakesModel', 'GetMakesByVehicleType', 'TYPE_ID_CUSTOMER360', 'ALLOW');
INSERT INTO `service_permission_mapper` (`id`, `service_name`, `object_name`, `operation`, `user_type`, `permissions`) VALUES ('04039f1c-e142-4661-bc99-7654345678296', 'LoansLocalServices', 'GetMakesModel', 'GetModelByMakes', 'TYPE_ID_CUSTOMER360', 'ALLOW');
INSERT INTO `service_permission_mapper` (`id`, `service_name`, `object_name`, `operation`, `user_type`, `permissions`) VALUES ('04039f1c-e142-4661-bc99-7654345678297', 'LoansLocalServices', 'LoanProduct', 'get', 'TYPE_ID_CUSTOMER360', 'ALLOW');
INSERT INTO `service_permission_mapper` (`id`, `service_name`, `object_name`, `operation`, `user_type`, `permissions`) VALUES ('04039f1c-e142-4661-bc99-7654345678298', 'LoansLocalServices', 'LoanType', 'GetAPRs', 'TYPE_ID_CUSTOMER360', 'ALLOW');
INSERT INTO `service_permission_mapper` (`id`, `service_name`, `object_name`, `operation`, `user_type`, `permissions`) VALUES ('04039f1c-e142-4661-bc99-7654345678299', 'LoansLocalServices', 'LoanType', 'Ping', 'TYPE_ID_CUSTOMER360', 'ALLOW');
INSERT INTO `service_permission_mapper` (`id`, `service_name`, `object_name`, `operation`, `user_type`, `permissions`) VALUES ('04039f1c-e142-4661-bc99-7654345678300', 'LoansLocalServices', 'LoanType', 'get', 'TYPE_ID_CUSTOMER360', 'ALLOW');
INSERT INTO `service_permission_mapper` (`id`, `service_name`, `object_name`, `operation`, `user_type`, `permissions`) VALUES ('04039f1c-e142-4661-bc99-7654345678301', 'LoansLocalServices', 'LoansConfigurationMasters', 'fetchConfigurations', 'TYPE_ID_CUSTOMER360', 'ALLOW');
INSERT INTO `service_permission_mapper` (`id`, `service_name`, `object_name`, `operation`, `user_type`, `permissions`) VALUES ('04039f1c-e142-4661-bc99-7654345678302', 'LoansLocalServices', 'LoansConfigurationMasters', 'get', 'TYPE_ID_CUSTOMER360', 'ALLOW');
INSERT INTO `service_permission_mapper` (`id`, `service_name`, `object_name`, `operation`, `user_type`, `permissions`) VALUES ('04039f1c-e142-4661-bc99-7654345678303', 'LoansLocalServices', 'LoansConfigurationMasters', 'update', 'TYPE_ID_CUSTOMER360', 'ALLOW');
INSERT INTO `service_permission_mapper` (`id`, `service_name`, `object_name`, `operation`, `user_type`, `permissions`) VALUES ('04039f1c-e142-4661-bc99-7654345678304', 'LoansLocalServices', 'LoansConfigurations', 'get', 'TYPE_ID_CUSTOMER360', 'ALLOW');
INSERT INTO `service_permission_mapper` (`id`, `service_name`, `object_name`, `operation`, `user_type`, `permissions`) VALUES ('04039f1c-e142-4661-bc99-7654345678305', 'LoansLocalServices', 'LoansCustomer', 'CreateNewCustomer', 'TYPE_ID_CUSTOMER360', 'ALLOW');
INSERT INTO `service_permission_mapper` (`id`, `service_name`, `object_name`, `operation`, `user_type`, `permissions`) VALUES ('04039f1c-e142-4661-bc99-7654345678306', 'LoansLocalServices', 'LoansCustomer', 'CreatePhoneNumberCommunication', 'TYPE_ID_CUSTOMER360', 'ALLOW');
INSERT INTO `service_permission_mapper` (`id`, `service_name`, `object_name`, `operation`, `user_type`, `permissions`) VALUES ('04039f1c-e142-4661-bc99-7654345678307', 'LoansLocalServices', 'LoansCustomer', 'GenerateOTP', 'TYPE_ID_CUSTOMER360', 'ALLOW');
INSERT INTO `service_permission_mapper` (`id`, `service_name`, `object_name`, `operation`, `user_type`, `permissions`) VALUES ('04039f1c-e142-4661-bc99-7654345678308', 'LoansLocalServices', 'LoansCustomer', 'SendEmailService', 'TYPE_ID_CUSTOMER360', 'ALLOW');
INSERT INTO `service_permission_mapper` (`id`, `service_name`, `object_name`, `operation`, `user_type`, `permissions`) VALUES ('04039f1c-e142-4661-bc99-7654345678309', 'LoansLocalServices', 'LoansCustomer', 'SetPassword', 'TYPE_ID_CUSTOMER360', 'ALLOW');
INSERT INTO `service_permission_mapper` (`id`, `service_name`, `object_name`, `operation`, `user_type`, `permissions`) VALUES ('04039f1c-e142-4661-bc99-7654345678310', 'LoansLocalServices', 'LoansCustomer', 'ValidateOTP', 'TYPE_ID_CUSTOMER360', 'ALLOW');
INSERT INTO `service_permission_mapper` (`id`, `service_name`, `object_name`, `operation`, `user_type`, `permissions`) VALUES ('04039f1c-e142-4661-bc99-7654345678311', 'LoansLocalServices', 'LoansCustomer', 'getCustomerAddress', 'TYPE_ID_CUSTOMER360', 'ALLOW');
INSERT INTO `service_permission_mapper` (`id`, `service_name`, `object_name`, `operation`, `user_type`, `permissions`) VALUES ('04039f1c-e142-4661-bc99-7654345678312', 'LoansLocalServices', 'LoansCustomer', 'getCustomerByDetails', 'TYPE_ID_CUSTOMER360', 'ALLOW');
INSERT INTO `service_permission_mapper` (`id`, `service_name`, `object_name`, `operation`, `user_type`, `permissions`) VALUES ('04039f1c-e142-4661-bc99-7654345678313', 'LoansLocalServices', 'LoansCustomer', 'getEmployementDetails', 'TYPE_ID_CUSTOMER360', 'ALLOW');
INSERT INTO `service_permission_mapper` (`id`, `service_name`, `object_name`, `operation`, `user_type`, `permissions`) VALUES ('04039f1c-e142-4661-bc99-7654345678314', 'LoansLocalServices', 'LoansCustomer', 'updateCustomerDetails', 'TYPE_ID_CUSTOMER360', 'ALLOW');
INSERT INTO `service_permission_mapper` (`id`, `service_name`, `object_name`, `operation`, `user_type`, `permissions`) VALUES ('04039f1c-e142-4661-bc99-7654345678315', 'LoansLocalServices', 'QueryCoBorrower', 'ReinviteCoBorrower', 'TYPE_ID_CUSTOMER360', 'ALLOW');
INSERT INTO `service_permission_mapper` (`id`, `service_name`, `object_name`, `operation`, `user_type`, `permissions`) VALUES ('04039f1c-e142-4661-bc99-7654345678316', 'LoansLocalServices', 'QueryCoBorrower', 'VerifyCoBorrower', 'TYPE_ID_CUSTOMER360', 'ALLOW');
INSERT INTO `service_permission_mapper` (`id`, `service_name`, `object_name`, `operation`, `user_type`, `permissions`) VALUES ('04039f1c-e142-4661-bc99-7654345678317', 'LoansLocalServices', 'QueryCoBorrower', 'expireInviteLink', 'TYPE_ID_CUSTOMER360', 'ALLOW');
INSERT INTO `service_permission_mapper` (`id`, `service_name`, `object_name`, `operation`, `user_type`, `permissions`) VALUES ('04039f1c-e142-4661-bc99-7654345678318', 'LoansLocalServices', 'QueryCoBorrower', 'update', 'TYPE_ID_CUSTOMER360', 'ALLOW');
INSERT INTO `service_permission_mapper` (`id`, `service_name`, `object_name`, `operation`, `user_type`, `permissions`) VALUES ('04039f1c-e142-4661-bc99-7654345678319', 'LoansLocalServices', 'QueryDefinition', 'get', 'TYPE_ID_CUSTOMER360', 'ALLOW');
INSERT INTO `service_permission_mapper` (`id`, `service_name`, `object_name`, `operation`, `user_type`, `permissions`) VALUES ('04039f1c-e142-4661-bc99-7654345678320', 'LoansLocalServices', 'QueryDefinition', 'getQuestionOptions', 'TYPE_ID_CUSTOMER360', 'ALLOW');
INSERT INTO `service_permission_mapper` (`id`, `service_name`, `object_name`, `operation`, `user_type`, `permissions`) VALUES ('04039f1c-e142-4661-bc99-7654345678321', 'LoansLocalServices', 'QueryResponse', 'GetLoanAnswers', 'TYPE_ID_CUSTOMER360', 'ALLOW');
INSERT INTO `service_permission_mapper` (`id`, `service_name`, `object_name`, `operation`, `user_type`, `permissions`) VALUES ('04039f1c-e142-4661-bc99-7654345678322', 'LoansLocalServices', 'QueryResponse', 'GetLoanAnswersTrack', 'TYPE_ID_CUSTOMER360', 'ALLOW');
INSERT INTO `service_permission_mapper` (`id`, `service_name`, `object_name`, `operation`, `user_type`, `permissions`) VALUES ('04039f1c-e142-4661-bc99-7654345678323', 'LoansLocalServices', 'QueryResponse', 'SubmitCreditCardApp', 'TYPE_ID_CUSTOMER360', 'ALLOW');
INSERT INTO `service_permission_mapper` (`id`, `service_name`, `object_name`, `operation`, `user_type`, `permissions`) VALUES ('04039f1c-e142-4661-bc99-7654345678324', 'LoansLocalServices', 'QueryResponse', 'SubmitPersonalLoan', 'TYPE_ID_CUSTOMER360', 'ALLOW');
INSERT INTO `service_permission_mapper` (`id`, `service_name`, `object_name`, `operation`, `user_type`, `permissions`) VALUES ('04039f1c-e142-4661-bc99-7654345678325', 'LoansLocalServices', 'QueryResponse', 'SubmitVehicleLoan', 'TYPE_ID_CUSTOMER360', 'ALLOW');
INSERT INTO `service_permission_mapper` (`id`, `service_name`, `object_name`, `operation`, `user_type`, `permissions`) VALUES ('04039f1c-e142-4661-bc99-7654345678326', 'LoansLocalServices', 'QueryResponse', 'create', 'TYPE_ID_CUSTOMER360', 'ALLOW');
INSERT INTO `service_permission_mapper` (`id`, `service_name`, `object_name`, `operation`, `user_type`, `permissions`) VALUES ('04039f1c-e142-4661-bc99-7654345678327', 'LoansLocalServices', 'QueryResponse', 'createCreditCardLoan', 'TYPE_ID_CUSTOMER360', 'ALLOW');
INSERT INTO `service_permission_mapper` (`id`, `service_name`, `object_name`, `operation`, `user_type`, `permissions`) VALUES ('04039f1c-e142-4661-bc99-7654345678328', 'LoansLocalServices', 'QueryResponse', 'createPersonalLoan', 'TYPE_ID_CUSTOMER360', 'ALLOW');
INSERT INTO `service_permission_mapper` (`id`, `service_name`, `object_name`, `operation`, `user_type`, `permissions`) VALUES ('04039f1c-e142-4661-bc99-7654345678329', 'LoansLocalServices', 'QueryResponse', 'createQueryResponse', 'TYPE_ID_CUSTOMER360', 'ALLOW');
INSERT INTO `service_permission_mapper` (`id`, `service_name`, `object_name`, `operation`, `user_type`, `permissions`) VALUES ('04039f1c-e142-4661-bc99-7654345678330', 'LoansLocalServices', 'QueryResponse', 'createVehicleLoan', 'TYPE_ID_CUSTOMER360', 'ALLOW');
INSERT INTO `service_permission_mapper` (`id`, `service_name`, `object_name`, `operation`, `user_type`, `permissions`) VALUES ('04039f1c-e142-4661-bc99-7654345678331', 'LoansLocalServices', 'QueryResponse', 'get', 'TYPE_ID_CUSTOMER360', 'ALLOW');
INSERT INTO `service_permission_mapper` (`id`, `service_name`, `object_name`, `operation`, `user_type`, `permissions`) VALUES ('04039f1c-e142-4661-bc99-7654345678332', 'LoansLocalServices', 'QueryResponse', 'getAllApplications', 'TYPE_ID_CUSTOMER360', 'ALLOW');
INSERT INTO `service_permission_mapper` (`id`, `service_name`, `object_name`, `operation`, `user_type`, `permissions`) VALUES ('04039f1c-e142-4661-bc99-7654345678333', 'LoansLocalServices', 'QueryResponse', 'getApplicationCustomer', 'TYPE_ID_CUSTOMER360', 'ALLOW');
INSERT INTO `service_permission_mapper` (`id`, `service_name`, `object_name`, `operation`, `user_type`, `permissions`) VALUES ('04039f1c-e142-4661-bc99-7654345678334', 'LoansLocalServices', 'QueryResponse', 'getQueryAnswers', 'TYPE_ID_CUSTOMER360', 'ALLOW');
INSERT INTO `service_permission_mapper` (`id`, `service_name`, `object_name`, `operation`, `user_type`, `permissions`) VALUES ('04039f1c-e142-4661-bc99-7654345678335', 'LoansLocalServices', 'QueryResponse', 'getQueryResponseApplicationsList', 'TYPE_ID_CUSTOMER360', 'ALLOW');
INSERT INTO `service_permission_mapper` (`id`, `service_name`, `object_name`, `operation`, `user_type`, `permissions`) VALUES ('04039f1c-e142-4661-bc99-7654345678336', 'LoansLocalServices', 'QueryResponse', 'getRecentApplication', 'TYPE_ID_CUSTOMER360', 'ALLOW');
INSERT INTO `service_permission_mapper` (`id`, `service_name`, `object_name`, `operation`, `user_type`, `permissions`) VALUES ('04039f1c-e142-4661-bc99-7654345678337', 'LoansLocalServices', 'QueryResponse', 'update', 'TYPE_ID_CUSTOMER360', 'ALLOW');
INSERT INTO `service_permission_mapper` (`id`, `service_name`, `object_name`, `operation`, `user_type`, `permissions`) VALUES ('04039f1c-e142-4661-bc99-7654345678338', 'LoansLocalServices', 'QueryResponse', 'updateCreditCardApp', 'TYPE_ID_CUSTOMER360', 'ALLOW');
INSERT INTO `service_permission_mapper` (`id`, `service_name`, `object_name`, `operation`, `user_type`, `permissions`) VALUES ('04039f1c-e142-4661-bc99-7654345678339', 'LoansLocalServices', 'QueryResponse', 'updatePersonalLoan', 'TYPE_ID_CUSTOMER360', 'ALLOW');
INSERT INTO `service_permission_mapper` (`id`, `service_name`, `object_name`, `operation`, `user_type`, `permissions`) VALUES ('04039f1c-e142-4661-bc99-7654345678340', 'LoansLocalServices', 'QueryResponse', 'updateVehicleLoan', 'TYPE_ID_CUSTOMER360', 'ALLOW');
INSERT INTO `service_permission_mapper` (`id`, `service_name`, `object_name`, `operation`, `user_type`, `permissions`) VALUES ('04039f1c-e142-4661-bc99-7654345678341', 'LoansLocalServices', 'QuestionResponse', 'getQuestionResponse', 'TYPE_ID_CUSTOMER360', 'ALLOW');
INSERT INTO `service_permission_mapper` (`id`, `service_name`, `object_name`, `operation`, `user_type`, `permissions`) VALUES ('04039f1c-e142-4661-bc99-7654345678342', 'LoansLocalServices', 'QuestionResponse', 'getQuestionResponseTemp', 'TYPE_ID_CUSTOMER360', 'ALLOW');
INSERT INTO `service_permission_mapper` (`id`, `service_name`, `object_name`, `operation`, `user_type`, `permissions`) VALUES ('04039f1c-e142-4661-bc99-7654345678343', 'LoansLocalServices', 'ValidateVIN', 'verifyVIN', 'TYPE_ID_CUSTOMER360', 'ALLOW');
INSERT INTO `service_permission_mapper` (`id`, `service_name`, `object_name`, `operation`, `user_type`, `permissions`) VALUES ('04039f1c-e142-4661-bc99-7654345678344', 'LoansLocalServices', 'VehicleMakes', 'create', 'TYPE_ID_CUSTOMER360', 'ALLOW');
INSERT INTO `service_permission_mapper` (`id`, `service_name`, `object_name`, `operation`, `user_type`, `permissions`) VALUES ('04039f1c-e142-4661-bc99-7654345678345', 'LoansLocalServices', 'VehicleMakes', 'get', 'TYPE_ID_CUSTOMER360', 'ALLOW');
INSERT INTO `service_permission_mapper` (`id`, `service_name`, `object_name`, `operation`, `user_type`, `permissions`) VALUES ('04039f1c-e142-4661-bc99-7654345678346', 'LoansLocalServices', 'VehicleMakes', 'update', 'TYPE_ID_CUSTOMER360', 'ALLOW');
INSERT INTO `service_permission_mapper` (`id`, `service_name`, `object_name`, `operation`, `user_type`, `permissions`) VALUES ('04039f1c-e142-4661-bc99-7654345678347', 'LoansLocalServices', 'VehicleModels', 'create', 'TYPE_ID_CUSTOMER360', 'ALLOW');
INSERT INTO `service_permission_mapper` (`id`, `service_name`, `object_name`, `operation`, `user_type`, `permissions`) VALUES ('04039f1c-e142-4661-bc99-7654345678348', 'LoansLocalServices', 'VehicleModels', 'get', 'TYPE_ID_CUSTOMER360', 'ALLOW');
INSERT INTO `service_permission_mapper` (`id`, `service_name`, `object_name`, `operation`, `user_type`, `permissions`) VALUES ('04039f1c-e142-4661-bc99-7654345678349', 'LoansLocalServices', 'VehicleModels', 'update', 'TYPE_ID_CUSTOMER360', 'ALLOW');
INSERT INTO `service_permission_mapper` (`id`, `service_name`, `object_name`, `operation`, `user_type`, `permissions`) VALUES ('04039f1c-e142-4661-bc99-7654345678350', 'LoansLocalServices', 'VehicleTypes', 'create', 'TYPE_ID_CUSTOMER360', 'ALLOW');
INSERT INTO `service_permission_mapper` (`id`, `service_name`, `object_name`, `operation`, `user_type`, `permissions`) VALUES ('04039f1c-e142-4661-bc99-7654345678351', 'LoansLocalServices', 'VehicleTypes', 'get', 'TYPE_ID_CUSTOMER360', 'ALLOW');
INSERT INTO `service_permission_mapper` (`id`, `service_name`, `object_name`, `operation`, `user_type`, `permissions`) VALUES ('04039f1c-e142-4661-bc99-7654345678352', 'LoansLocalServices', 'VehicleTypes', 'update', 'TYPE_ID_CUSTOMER360', 'ALLOW');
INSERT INTO `service_permission_mapper` (`id`, `service_name`, `object_name`, `operation`, `user_type`, `permissions`) VALUES ('04039f1c-e142-4661-bc99-7654345678353', 'LocationObjService', 'LocationObject', 'getATMDetails', 'C360_API_USER', 'API_ACCESS');
INSERT INTO `service_permission_mapper` (`id`, `service_name`, `object_name`, `operation`, `user_type`, `permissions`) VALUES ('04039f1c-e142-4661-bc99-7654345678354', 'LocationObjService', 'LocationObject', 'getBranchDetails', 'C360_API_USER', 'API_ACCESS');
INSERT INTO `service_permission_mapper` (`id`, `service_name`, `object_name`, `operation`, `user_type`, `permissions`) VALUES ('04039f1c-e142-4661-bc99-7654345678355', 'LocationObjService', 'currency', 'get', 'TYPE_ID_CUSTOMER360', 'ViewAppContent');
INSERT INTO `service_permission_mapper` (`id`, `service_name`, `object_name`, `operation`, `user_type`, `permissions`) VALUES ('04039f1c-e142-4661-bc99-7654345678356', 'LocationObjService', 'facility', 'get', 'TYPE_ID_CUSTOMER360', 'ViewAppContent');
INSERT INTO `service_permission_mapper` (`id`, `service_name`, `object_name`, `operation`, `user_type`, `permissions`) VALUES ('04039f1c-e142-4661-bc99-7654345678357', 'MasterDataObjService', 'countrycode', 'getCountryCodes', 'TYPE_ID_CUSTOMER360', 'ViewAppContent');
INSERT INTO `service_permission_mapper` (`id`, `service_name`, `object_name`, `operation`, `user_type`, `permissions`) VALUES ('04039f1c-e142-4661-bc99-7654345678358', 'RolesAndPermissionsObjService', 'status', 'get', 'TYPE_ID_CUSTOMER360', 'ViewAppContent');
INSERT INTO `service_permission_mapper` (`id`, `service_name`, `object_name`, `operation`, `user_type`, `permissions`) VALUES ('04039f1c-e142-4661-bc99-7654345678359', 'ServerManagementObjService', 'address', 'validateAddress', 'TYPE_ID_CUSTOMER360', 'ViewAppContent');
INSERT INTO `service_permission_mapper` (`id`, `service_name`, `object_name`, `operation`, `user_type`, `permissions`) VALUES ('04039f1c-e142-4661-bc99-7654345678360', 'ServerManagementObjService', 'maplocation', 'getDetails', 'TYPE_ID_CUSTOMER360', 'ViewAppContent');
INSERT INTO `service_permission_mapper` (`id`, `service_name`, `object_name`, `operation`, `user_type`, `permissions`) VALUES ('04039f1c-e142-4661-bc99-7654345678361', 'ServerManagementObjService', 'maplocation', 'getSuggestions', 'TYPE_ID_CUSTOMER360', 'ViewAppContent');
INSERT INTO `service_permission_mapper` (`id`, `service_name`, `object_name`, `operation`, `user_type`, `permissions`) VALUES ('04039f1c-e142-4661-bc99-7654345678362', 'ServerManagementObjService', 'server', 'getServerTimeZoneOffset', 'TYPE_ID_CUSTOMER360', 'ViewAppContent');
INSERT INTO `service_permission_mapper` (`id`, `service_name`, `object_name`, `operation`, `user_type`, `permissions`) VALUES ('04039f1c-e142-4661-bc99-7654345678363', 'StaticContentObjService', 'service', 'getCategory', 'TYPE_ID_CUSTOMER360', 'CreateService,UpdateService');
INSERT INTO `service_permission_mapper` (`id`, `service_name`, `object_name`, `operation`, `user_type`, `permissions`) VALUES ('04039f1c-e142-4661-bc99-7654345678364', 'StaticContentObjService', 'service', 'getServiceTypes', 'TYPE_ID_CUSTOMER360', 'CreateService,UpdateService');


INSERT IGNORE INTO `feature` (`id`, `Name`, `code`, `DisplayName`, `Description`, `Type_id`, `Status_id`) VALUES ('FEATURE_ID18', 'Customer Feedback', 'CUSTOMER_FEEDBACK', 'Customer Feedback', 'Customer Feedback', 'TYPE_NON_MONETARY', 'SID_ACTIVE');

INSERT  IGNORE INTO `service` (`id`, `Type_id`, `Feature_id`, `Name`, `Description`, `Status_id`, `code`, `DisplayName`, `DisplayDescription`, `createdby`, `modifiedby`) VALUES ('SERVICE_ID_87', 'SER_TYPE_NONTRANS', 'FEATURE_ID18', 'Submit Feedback', 'Submit Customer feedback', 'SID_ACTIVE', 'SUBMIT_FEEDBACK', 'Submit Feedback', 'Submit Feedback', 'Kony User', 'Kony User');

INSERT IGNORE INTO `appaction` (`id`, `App_id`, `Action_id`) VALUES ('BUSINESS_BANKING_SERVICE_ID_87', 'BUSINESS_BANKING', 'SERVICE_ID_87');
INSERT IGNORE INTO `appaction` (`id`, `App_id`, `Action_id`) VALUES ('RETAIL_BANKING_SERVICE_ID_87', 'RETAIL_BANKING', 'SERVICE_ID_87');

INSERT IGNORE INTO `compositepermission` (`id`, `Permission_id`, `Entitlement_id`, `isEnabled`, `createdby`, `modifiedby`) VALUES ('CPID77', 'PID45', 'SERVICE_ID_87', '0', 'Kony Dev', 'Kony User');

INSERT IGNORE INTO `service_channels` (`Service_id`, `Channel_id`, `createdby`, `modifiedby`, `createdts`, `lastmodifiedts`, `synctimestamp`, `softdeleteflag`) VALUES ('SERVICE_ID_87','CH_ID_INT',NULL,NULL,CURRENT_TIMESTAMP,CURRENT_TIMESTAMP,CURRENT_TIMESTAMP,0);
INSERT IGNORE INTO `service_channels` (`Service_id`, `Channel_id`, `createdby`, `modifiedby`, `createdts`, `lastmodifiedts`, `synctimestamp`, `softdeleteflag`) VALUES ('SERVICE_ID_87','CH_ID_MOB',NULL,NULL,CURRENT_TIMESTAMP,CURRENT_TIMESTAMP,CURRENT_TIMESTAMP,0);

INSERT IGNORE INTO `groupentitlement` (`Group_id`, `Service_id`, `createdby`) VALUES ('GROUP_ADMINISTRATOR', 'SERVICE_ID_87', 'UID11');
INSERT IGNORE INTO `groupentitlement` (`Group_id`, `Service_id`, `createdby`) VALUES ('GROUP_VIEWER', 'SERVICE_ID_87', 'UID11');
INSERT IGNORE INTO `groupentitlement` (`Group_id`, `Service_id`, `createdby`) VALUES ('GROUP_CREATOR', 'SERVICE_ID_87', 'UID11');
INSERT IGNORE INTO `groupentitlement` (`Group_id`, `Service_id`, `createdby`) VALUES ('GROUP_AUTHORIZER', 'SERVICE_ID_87', 'UID11');
INSERT IGNORE INTO `groupentitlement` (`Group_id`, `Service_id`, `createdby`) VALUES ('GROUP_MICRO_ADMINISTRATOR', 'SERVICE_ID_87', 'UID11');
INSERT IGNORE INTO `groupentitlement` (`Group_id`, `Service_id`, `createdby`) VALUES ('GROUP_MICRO_VIEWER', 'SERVICE_ID_87', 'UID11'); 
INSERT IGNORE INTO `groupentitlement` (`Group_id`, `Service_id`, `createdby`) VALUES ('GROUP_MICRO_CREATOR', 'SERVICE_ID_87', 'UID11'); 
INSERT IGNORE INTO `groupentitlement` (`Group_id`, `Service_id`, `createdby`) VALUES ('GROUP_MICRO_AUTHORIZER', 'SERVICE_ID_87', 'UID11');
INSERT IGNORE INTO `groupentitlement` (`Group_id`, `Service_id`, `createdby`) VALUES ('DEFAULT_GROUP', 'SERVICE_ID_87', 'UID11');



INSERT IGNORE INTO `feature` (`id`, `Name`, `code`, `DisplayName`, `Description`, `Type_id`, `Status_id`) VALUES ('FEATURE_ID19', 'Profile Settings', 'PROFILE_SETTINGS', 'Profile Settings', 'Profile Settings', 'TYPE_NON_MONETARY', 'SID_ACTIVE');

INSERT IGNORE INTO `service` (`id`, `Type_id`, `Feature_id`, `Name`, `Description`, `Status_id`, `code`, `DisplayName`, `DisplayDescription`, `createdby`, `modifiedby`) VALUES ('SERVICE_ID_88', 'SER_TYPE_NONTRANS', 'FEATURE_ID19', 'View Profile Settings', 'View Profile Settings', 'SID_ACTIVE', 'VIEW_PROFILE_SETTINGS', 'View Profile Settings', 'View Profile Settings', 'Kony User', 'Kony User');

INSERT IGNORE INTO `appaction` (`id`, `App_id`, `Action_id`) VALUES ('BUSINESS_BANKING_SERVICE_ID_88', 'BUSINESS_BANKING', 'SERVICE_ID_88');
INSERT IGNORE INTO `appaction` (`id`, `App_id`, `Action_id`) VALUES ('RETAIL_BANKING_SERVICE_ID_88', 'RETAIL_BANKING', 'SERVICE_ID_88');

INSERT IGNORE INTO `compositepermission` (`id`, `Permission_id`, `Entitlement_id`, `isEnabled`, `createdby`, `modifiedby`) VALUES ('CPID78', 'PID45', 'SERVICE_ID_88', '1', 'Kony Dev', 'Kony User');

INSERT IGNORE INTO `service_channels` (`Service_id`, `Channel_id`, `createdby`, `modifiedby`, `createdts`, `lastmodifiedts`, `synctimestamp`, `softdeleteflag`) VALUES ('SERVICE_ID_88','CH_ID_INT',NULL,NULL,CURRENT_TIMESTAMP,CURRENT_TIMESTAMP,CURRENT_TIMESTAMP,0);
INSERT IGNORE INTO `service_channels` (`Service_id`, `Channel_id`, `createdby`, `modifiedby`, `createdts`, `lastmodifiedts`, `synctimestamp`, `softdeleteflag`) VALUES ('SERVICE_ID_88','CH_ID_MOB',NULL,NULL,CURRENT_TIMESTAMP,CURRENT_TIMESTAMP,CURRENT_TIMESTAMP,0);

INSERT IGNORE INTO `groupentitlement` (`Group_id`, `Service_id`, `createdby`) VALUES ('GROUP_ADMINISTRATOR', 'SERVICE_ID_88', 'UID11');
INSERT IGNORE INTO `groupentitlement` (`Group_id`, `Service_id`, `createdby`) VALUES ('GROUP_VIEWER', 'SERVICE_ID_88', 'UID11');
INSERT IGNORE INTO `groupentitlement` (`Group_id`, `Service_id`, `createdby`) VALUES ('GROUP_CREATOR', 'SERVICE_ID_88', 'UID11');
INSERT IGNORE INTO `groupentitlement` (`Group_id`, `Service_id`, `createdby`) VALUES ('GROUP_AUTHORIZER', 'SERVICE_ID_88', 'UID11');
INSERT IGNORE INTO `groupentitlement` (`Group_id`, `Service_id`, `createdby`) VALUES ('GROUP_MICRO_ADMINISTRATOR', 'SERVICE_ID_88', 'UID11');
INSERT IGNORE INTO `groupentitlement` (`Group_id`, `Service_id`, `createdby`) VALUES ('GROUP_MICRO_VIEWER', 'SERVICE_ID_88', 'UID11'); 
INSERT IGNORE INTO `groupentitlement` (`Group_id`, `Service_id`, `createdby`) VALUES ('GROUP_MICRO_CREATOR', 'SERVICE_ID_88', 'UID11'); 
INSERT IGNORE INTO `groupentitlement` (`Group_id`, `Service_id`, `createdby`) VALUES ('GROUP_MICRO_AUTHORIZER', 'SERVICE_ID_88', 'UID11');
INSERT IGNORE INTO `groupentitlement` (`Group_id`, `Service_id`, `createdby`) VALUES ('DEFAULT_GROUP', 'SERVICE_ID_88', 'UID11');

INSERT IGNORE INTO `service` (`id`, `Type_id`, `Feature_id`, `Name`, `Description`, `Status_id`, `code`, `DisplayName`, `DisplayDescription`, `createdby`, `modifiedby`) VALUES ('SERVICE_ID_89', 'SER_TYPE_NONTRANS', 'FEATURE_ID19', 'Update Profile Settings', 'Update Profile Settings', 'SID_ACTIVE', 'UPDATE_PROFILE_SETTINGS', 'Update Profile Settings', 'Update Profile Settings', 'Kony User', 'Kony User');
INSERT IGNORE INTO `appaction` (`id`, `App_id`, `Action_id`) VALUES ('BUSINESS_BANKING_SERVICE_ID_89', 'BUSINESS_BANKING', 'SERVICE_ID_89');
INSERT IGNORE INTO `appaction` (`id`, `App_id`, `Action_id`) VALUES ('RETAIL_BANKING_SERVICE_ID_89', 'RETAIL_BANKING', 'SERVICE_ID_89');

INSERT IGNORE INTO `compositepermission` (`id`, `Permission_id`, `Entitlement_id`, `isEnabled`, `createdby`, `modifiedby`) VALUES ('CPID79', 'PID45', 'SERVICE_ID_89', '0', 'Kony Dev', 'Kony User');

INSERT IGNORE INTO `service_channels` (`Service_id`, `Channel_id`, `createdby`, `modifiedby`, `createdts`, `lastmodifiedts`, `synctimestamp`, `softdeleteflag`) VALUES ('SERVICE_ID_89','CH_ID_INT',NULL,NULL,CURRENT_TIMESTAMP,CURRENT_TIMESTAMP,CURRENT_TIMESTAMP,0);
INSERT IGNORE INTO `service_channels` (`Service_id`, `Channel_id`, `createdby`, `modifiedby`, `createdts`, `lastmodifiedts`, `synctimestamp`, `softdeleteflag`) VALUES ('SERVICE_ID_89','CH_ID_MOB',NULL,NULL,CURRENT_TIMESTAMP,CURRENT_TIMESTAMP,CURRENT_TIMESTAMP,0);

INSERT IGNORE INTO `groupentitlement` (`Group_id`, `Service_id`, `createdby`) VALUES ('GROUP_ADMINISTRATOR', 'SERVICE_ID_89', 'UID11');
INSERT IGNORE INTO `groupentitlement` (`Group_id`, `Service_id`, `createdby`) VALUES ('GROUP_VIEWER', 'SERVICE_ID_89', 'UID11');
INSERT IGNORE INTO `groupentitlement` (`Group_id`, `Service_id`, `createdby`) VALUES ('GROUP_CREATOR', 'SERVICE_ID_89', 'UID11');
INSERT IGNORE INTO `groupentitlement` (`Group_id`, `Service_id`, `createdby`) VALUES ('GROUP_AUTHORIZER', 'SERVICE_ID_89', 'UID11');
INSERT IGNORE INTO `groupentitlement` (`Group_id`, `Service_id`, `createdby`) VALUES ('GROUP_MICRO_ADMINISTRATOR', 'SERVICE_ID_89', 'UID11');
INSERT IGNORE INTO `groupentitlement` (`Group_id`, `Service_id`, `createdby`) VALUES ('GROUP_MICRO_VIEWER', 'SERVICE_ID_89', 'UID11'); 
INSERT IGNORE INTO `groupentitlement` (`Group_id`, `Service_id`, `createdby`) VALUES ('GROUP_MICRO_CREATOR', 'SERVICE_ID_89', 'UID11'); 
INSERT IGNORE INTO `groupentitlement` (`Group_id`, `Service_id`, `createdby`) VALUES ('GROUP_MICRO_AUTHORIZER', 'SERVICE_ID_89', 'UID11');
INSERT IGNORE INTO `groupentitlement` (`Group_id`, `Service_id`, `createdby`) VALUES ('DEFAULT_GROUP', 'SERVICE_ID_89', 'UID11');



INSERT IGNORE INTO `service` (`id`, `Type_id`, `Feature_id`, `Name`, `Description`, `Status_id`, `code`, `DisplayName`, `DisplayDescription`, `createdby`, `modifiedby`) VALUES ('SERVICE_ID_90', 'SER_TYPE_NONTRANS', 'FEATURE_ID17', 'View Message', 'View Message', 'SID_ACTIVE', 'VIEW_MESSAGE', 'View Message', 'View Message', 'Kony User', 'Kony User');
INSERT IGNORE INTO `appaction` (`id`, `App_id`, `Action_id`) VALUES ('BUSINESS_BANKING_SERVICE_ID_90', 'BUSINESS_BANKING', 'SERVICE_ID_90');
INSERT IGNORE INTO `appaction` (`id`, `App_id`, `Action_id`) VALUES ('RETAIL_BANKING_SERVICE_ID_90', 'RETAIL_BANKING', 'SERVICE_ID_90');

INSERT IGNORE INTO `compositepermission` (`id`, `Permission_id`, `Entitlement_id`, `isEnabled`, `createdby`, `modifiedby`) VALUES ('CPID80', 'PID45', 'SERVICE_ID_90', '1', 'Kony Dev', 'Kony User');

INSERT IGNORE INTO `service_channels` (`Service_id`, `Channel_id`, `createdby`, `modifiedby`, `createdts`, `lastmodifiedts`, `synctimestamp`, `softdeleteflag`) VALUES ('SERVICE_ID_90','CH_ID_INT',NULL,NULL,CURRENT_TIMESTAMP,CURRENT_TIMESTAMP,CURRENT_TIMESTAMP,0);
INSERT IGNORE INTO `service_channels` (`Service_id`, `Channel_id`, `createdby`, `modifiedby`, `createdts`, `lastmodifiedts`, `synctimestamp`, `softdeleteflag`) VALUES ('SERVICE_ID_90','CH_ID_MOB',NULL,NULL,CURRENT_TIMESTAMP,CURRENT_TIMESTAMP,CURRENT_TIMESTAMP,0);

INSERT IGNORE INTO `groupentitlement` (`Group_id`, `Service_id`, `createdby`) VALUES ('GROUP_ADMINISTRATOR', 'SERVICE_ID_90', 'UID11');
INSERT IGNORE INTO `groupentitlement` (`Group_id`, `Service_id`, `createdby`) VALUES ('GROUP_VIEWER', 'SERVICE_ID_90', 'UID11');
INSERT IGNORE INTO `groupentitlement` (`Group_id`, `Service_id`, `createdby`) VALUES ('GROUP_CREATOR', 'SERVICE_ID_90', 'UID11');
INSERT IGNORE INTO `groupentitlement` (`Group_id`, `Service_id`, `createdby`) VALUES ('GROUP_AUTHORIZER', 'SERVICE_ID_90', 'UID11');
INSERT IGNORE INTO `groupentitlement` (`Group_id`, `Service_id`, `createdby`) VALUES ('GROUP_MICRO_ADMINISTRATOR', 'SERVICE_ID_90', 'UID11');
INSERT IGNORE INTO `groupentitlement` (`Group_id`, `Service_id`, `createdby`) VALUES ('GROUP_MICRO_VIEWER', 'SERVICE_ID_90', 'UID11'); 
INSERT IGNORE INTO `groupentitlement` (`Group_id`, `Service_id`, `createdby`) VALUES ('GROUP_MICRO_CREATOR', 'SERVICE_ID_90', 'UID11'); 
INSERT IGNORE INTO `groupentitlement` (`Group_id`, `Service_id`, `createdby`) VALUES ('GROUP_MICRO_AUTHORIZER', 'SERVICE_ID_90', 'UID11');
INSERT IGNORE INTO `groupentitlement` (`Group_id`, `Service_id`, `createdby`) VALUES ('DEFAULT_GROUP', 'SERVICE_ID_90', 'UID11');

INSERT IGNORE INTO `service` (`id`, `Type_id`, `Feature_id`, `Name`, `Description`, `Status_id`, `code`, `DisplayName`, `DisplayDescription`, `createdby`, `modifiedby`) VALUES ('SERVICE_ID_91', 'SER_TYPE_NONTRANS', 'FEATURE_ID17', 'Delete Message', 'Delete Message', 'SID_ACTIVE', 'DELETE_MESSAGE', 'Delete Message', 'Delete Message', 'Kony User', 'Kony User');

INSERT IGNORE INTO `appaction` (`id`, `App_id`, `Action_id`) VALUES ('BUSINESS_BANKING_SERVICE_ID_91', 'BUSINESS_BANKING', 'SERVICE_ID_91');
INSERT IGNORE INTO `appaction` (`id`, `App_id`, `Action_id`) VALUES ('RETAIL_BANKING_SERVICE_ID_91', 'RETAIL_BANKING', 'SERVICE_ID_91');

INSERT IGNORE INTO `compositepermission` (`id`, `Permission_id`, `Entitlement_id`, `isEnabled`, `createdby`, `modifiedby`) VALUES ('CPID81', 'PID45', 'SERVICE_ID_91', '0', 'Kony Dev', 'Kony User');

INSERT IGNORE INTO `service_channels` (`Service_id`, `Channel_id`, `createdby`, `modifiedby`, `createdts`, `lastmodifiedts`, `synctimestamp`, `softdeleteflag`) VALUES ('SERVICE_ID_91','CH_ID_INT',NULL,NULL,CURRENT_TIMESTAMP,CURRENT_TIMESTAMP,CURRENT_TIMESTAMP,0);
INSERT IGNORE INTO `service_channels` (`Service_id`, `Channel_id`, `createdby`, `modifiedby`, `createdts`, `lastmodifiedts`, `synctimestamp`, `softdeleteflag`) VALUES ('SERVICE_ID_91','CH_ID_MOB',NULL,NULL,CURRENT_TIMESTAMP,CURRENT_TIMESTAMP,CURRENT_TIMESTAMP,0);

INSERT IGNORE INTO `groupentitlement` (`Group_id`, `Service_id`, `createdby`) VALUES ('GROUP_ADMINISTRATOR', 'SERVICE_ID_91', 'UID11');
INSERT IGNORE INTO `groupentitlement` (`Group_id`, `Service_id`, `createdby`) VALUES ('GROUP_VIEWER', 'SERVICE_ID_91', 'UID11');
INSERT IGNORE INTO `groupentitlement` (`Group_id`, `Service_id`, `createdby`) VALUES ('GROUP_CREATOR', 'SERVICE_ID_91', 'UID11');
INSERT IGNORE INTO `groupentitlement` (`Group_id`, `Service_id`, `createdby`) VALUES ('GROUP_AUTHORIZER', 'SERVICE_ID_91', 'UID11');
INSERT IGNORE INTO `groupentitlement` (`Group_id`, `Service_id`, `createdby`) VALUES ('GROUP_MICRO_ADMINISTRATOR', 'SERVICE_ID_91', 'UID11');
INSERT IGNORE INTO `groupentitlement` (`Group_id`, `Service_id`, `createdby`) VALUES ('GROUP_MICRO_VIEWER', 'SERVICE_ID_91', 'UID11'); 
INSERT IGNORE INTO `groupentitlement` (`Group_id`, `Service_id`, `createdby`) VALUES ('GROUP_MICRO_CREATOR', 'SERVICE_ID_91', 'UID11'); 
INSERT IGNORE INTO `groupentitlement` (`Group_id`, `Service_id`, `createdby`) VALUES ('GROUP_MICRO_AUTHORIZER', 'SERVICE_ID_91', 'UID11');
INSERT IGNORE INTO `groupentitlement` (`Group_id`, `Service_id`, `createdby`) VALUES ('DEFAULT_GROUP', 'SERVICE_ID_91', 'UID11');


INSERT IGNORE INTO `service` (`id`, `Type_id`, `Feature_id`, `Name`, `Description`, `Status_id`, `code`, `DisplayName`, `DisplayDescription`, `createdby`, `modifiedby`) VALUES ('SERVICE_ID_92', 'SER_TYPE_NONTRANS', 'FEATURE_ID17', 'Reply Message', 'Reply Message', 'SID_ACTIVE', 'REPLY_MESSAGE', 'Reply Message', 'Reply Message', 'Kony User', 'Kony User');
INSERT IGNORE INTO `appaction` (`id`, `App_id`, `Action_id`) VALUES ('BUSINESS_BANKING_SERVICE_ID_92', 'BUSINESS_BANKING', 'SERVICE_ID_92');
INSERT IGNORE INTO `appaction` (`id`, `App_id`, `Action_id`) VALUES ('RETAIL_BANKING_SERVICE_ID_92', 'RETAIL_BANKING', 'SERVICE_ID_92');

INSERT IGNORE INTO `compositepermission` (`id`, `Permission_id`, `Entitlement_id`, `isEnabled`, `createdby`, `modifiedby`) VALUES ('CPID82', 'PID45', 'SERVICE_ID_92', '0', 'Kony Dev', 'Kony User');

INSERT IGNORE INTO `service_channels` (`Service_id`, `Channel_id`, `createdby`, `modifiedby`, `createdts`, `lastmodifiedts`, `synctimestamp`, `softdeleteflag`) VALUES ('SERVICE_ID_92','CH_ID_INT',NULL,NULL,CURRENT_TIMESTAMP,CURRENT_TIMESTAMP,CURRENT_TIMESTAMP,0);
INSERT IGNORE INTO `service_channels` (`Service_id`, `Channel_id`, `createdby`, `modifiedby`, `createdts`, `lastmodifiedts`, `synctimestamp`, `softdeleteflag`) VALUES ('SERVICE_ID_92','CH_ID_MOB',NULL,NULL,CURRENT_TIMESTAMP,CURRENT_TIMESTAMP,CURRENT_TIMESTAMP,0);

INSERT IGNORE INTO `groupentitlement` (`Group_id`, `Service_id`, `createdby`) VALUES ('GROUP_ADMINISTRATOR', 'SERVICE_ID_92', 'UID11');
INSERT IGNORE INTO `groupentitlement` (`Group_id`, `Service_id`, `createdby`) VALUES ('GROUP_VIEWER', 'SERVICE_ID_92', 'UID11');
INSERT IGNORE INTO `groupentitlement` (`Group_id`, `Service_id`, `createdby`) VALUES ('GROUP_CREATOR', 'SERVICE_ID_92', 'UID11');
INSERT IGNORE INTO `groupentitlement` (`Group_id`, `Service_id`, `createdby`) VALUES ('GROUP_AUTHORIZER', 'SERVICE_ID_92', 'UID11');
INSERT IGNORE INTO `groupentitlement` (`Group_id`, `Service_id`, `createdby`) VALUES ('GROUP_MICRO_ADMINISTRATOR', 'SERVICE_ID_92', 'UID11');
INSERT IGNORE INTO `groupentitlement` (`Group_id`, `Service_id`, `createdby`) VALUES ('GROUP_MICRO_VIEWER', 'SERVICE_ID_92', 'UID11'); 
INSERT IGNORE INTO `groupentitlement` (`Group_id`, `Service_id`, `createdby`) VALUES ('GROUP_MICRO_CREATOR', 'SERVICE_ID_92', 'UID11'); 
INSERT IGNORE INTO `groupentitlement` (`Group_id`, `Service_id`, `createdby`) VALUES ('GROUP_MICRO_AUTHORIZER', 'SERVICE_ID_92', 'UID11');
INSERT IGNORE INTO `groupentitlement` (`Group_id`, `Service_id`, `createdby`) VALUES ('DEFAULT_GROUP', 'SERVICE_ID_92', 'UID11');



INSERT IGNORE INTO `feature` (`id`, `Name`, `code`, `DisplayName`, `Description`, `Type_id`, `Status_id`) VALUES ('FEATURE_ID20', 'Notifications', 'NOTIFICATIONS', 'Notifications', 'Notifications', 'TYPE_NON_MONETARY', 'SID_ACTIVE');

INSERT IGNORE INTO `service` (`id`, `Type_id`, `Feature_id`, `Name`, `Description`, `Status_id`, `code`, `DisplayName`, `DisplayDescription`, `createdby`, `modifiedby`) VALUES ('SERVICE_ID_93', 'SER_TYPE_NONTRANS', 'FEATURE_ID20', 'View Notification', 'View Notification', 'SID_ACTIVE', 'VIEW_NOTIFICATION', 'View Notification', 'View Notification', 'Kony User', 'Kony User');
INSERT IGNORE INTO `appaction` (`id`, `App_id`, `Action_id`) VALUES ('BUSINESS_BANKING_SERVICE_ID_93', 'BUSINESS_BANKING', 'SERVICE_ID_93');
INSERT IGNORE INTO `appaction` (`id`, `App_id`, `Action_id`) VALUES ('RETAIL_BANKING_SERVICE_ID_93', 'RETAIL_BANKING', 'SERVICE_ID_93');

INSERT IGNORE INTO `compositepermission` (`id`, `Permission_id`, `Entitlement_id`, `isEnabled`, `createdby`, `modifiedby`) VALUES ('CPID93', 'PID45', 'SERVICE_ID_93', '1', 'Kony Dev', 'Kony User');

INSERT IGNORE INTO `service_channels` (`Service_id`, `Channel_id`, `createdby`, `modifiedby`, `createdts`, `lastmodifiedts`, `synctimestamp`, `softdeleteflag`) VALUES ('SERVICE_ID_93','CH_ID_INT',NULL,NULL,CURRENT_TIMESTAMP,CURRENT_TIMESTAMP,CURRENT_TIMESTAMP,0);
INSERT IGNORE INTO `service_channels` (`Service_id`, `Channel_id`, `createdby`, `modifiedby`, `createdts`, `lastmodifiedts`, `synctimestamp`, `softdeleteflag`) VALUES ('SERVICE_ID_93','CH_ID_MOB',NULL,NULL,CURRENT_TIMESTAMP,CURRENT_TIMESTAMP,CURRENT_TIMESTAMP,0);

INSERT IGNORE INTO `groupentitlement` (`Group_id`, `Service_id`, `createdby`) VALUES ('GROUP_ADMINISTRATOR', 'SERVICE_ID_93', 'UID11');
INSERT IGNORE INTO `groupentitlement` (`Group_id`, `Service_id`, `createdby`) VALUES ('GROUP_VIEWER', 'SERVICE_ID_93', 'UID11');
INSERT IGNORE INTO `groupentitlement` (`Group_id`, `Service_id`, `createdby`) VALUES ('GROUP_CREATOR', 'SERVICE_ID_93', 'UID11');
INSERT IGNORE INTO `groupentitlement` (`Group_id`, `Service_id`, `createdby`) VALUES ('GROUP_AUTHORIZER', 'SERVICE_ID_93', 'UID11');
INSERT IGNORE INTO `groupentitlement` (`Group_id`, `Service_id`, `createdby`) VALUES ('GROUP_MICRO_ADMINISTRATOR', 'SERVICE_ID_92', 'UID11');
INSERT IGNORE INTO `groupentitlement` (`Group_id`, `Service_id`, `createdby`) VALUES ('GROUP_MICRO_VIEWER', 'SERVICE_ID_93', 'UID11'); 
INSERT IGNORE INTO `groupentitlement` (`Group_id`, `Service_id`, `createdby`) VALUES ('GROUP_MICRO_CREATOR', 'SERVICE_ID_93', 'UID11'); 
INSERT IGNORE INTO `groupentitlement` (`Group_id`, `Service_id`, `createdby`) VALUES ('GROUP_MICRO_AUTHORIZER', 'SERVICE_ID_93', 'UID11');
INSERT IGNORE INTO `groupentitlement` (`Group_id`, `Service_id`, `createdby`) VALUES ('DEFAULT_GROUP', 'SERVICE_ID_93', 'UID11');


INSERT IGNORE INTO `service` (`id`, `Type_id`, `Feature_id`, `Name`, `Description`, `Status_id`, `code`, `DisplayName`, `DisplayDescription`, `createdby`, `modifiedby`) VALUES ('SERVICE_ID_94', 'SER_TYPE_NONTRANS', 'FEATURE_ID20', 'Delete Notification', 'Delete Notification', 'SID_ACTIVE', 'DELETE_NOTIFICATION', 'Delete Notification', 'Delete Notification', 'Kony User', 'Kony User');
INSERT IGNORE INTO `appaction` (`id`, `App_id`, `Action_id`) VALUES ('BUSINESS_BANKING_SERVICE_ID_94', 'BUSINESS_BANKING', 'SERVICE_ID_94');
INSERT IGNORE INTO `appaction` (`id`, `App_id`, `Action_id`) VALUES ('RETAIL_BANKING_SERVICE_ID_94', 'RETAIL_BANKING', 'SERVICE_ID_94');

INSERT IGNORE INTO `compositepermission` (`id`, `Permission_id`, `Entitlement_id`, `isEnabled`, `createdby`, `modifiedby`) VALUES ('CPID83', 'PID45', 'SERVICE_ID_94', '0', 'Kony Dev', 'Kony User');

INSERT IGNORE INTO `service_channels` (`Service_id`, `Channel_id`, `createdby`, `modifiedby`, `createdts`, `lastmodifiedts`, `synctimestamp`, `softdeleteflag`) VALUES ('SERVICE_ID_94','CH_ID_INT',NULL,NULL,CURRENT_TIMESTAMP,CURRENT_TIMESTAMP,CURRENT_TIMESTAMP,0);
INSERT IGNORE INTO `service_channels` (`Service_id`, `Channel_id`, `createdby`, `modifiedby`, `createdts`, `lastmodifiedts`, `synctimestamp`, `softdeleteflag`) VALUES ('SERVICE_ID_94','CH_ID_MOB',NULL,NULL,CURRENT_TIMESTAMP,CURRENT_TIMESTAMP,CURRENT_TIMESTAMP,0);

INSERT IGNORE INTO `groupentitlement` (`Group_id`, `Service_id`, `createdby`) VALUES ('GROUP_ADMINISTRATOR', 'SERVICE_ID_94', 'UID11');
INSERT IGNORE INTO `groupentitlement` (`Group_id`, `Service_id`, `createdby`) VALUES ('GROUP_VIEWER', 'SERVICE_ID_94', 'UID11');
INSERT IGNORE INTO `groupentitlement` (`Group_id`, `Service_id`, `createdby`) VALUES ('GROUP_CREATOR', 'SERVICE_ID_94', 'UID11');
INSERT IGNORE INTO `groupentitlement` (`Group_id`, `Service_id`, `createdby`) VALUES ('GROUP_AUTHORIZER', 'SERVICE_ID_94', 'UID11');
INSERT IGNORE INTO `groupentitlement` (`Group_id`, `Service_id`, `createdby`) VALUES ('GROUP_MICRO_ADMINISTRATOR', 'SERVICE_ID_94', 'UID11');
INSERT IGNORE INTO `groupentitlement` (`Group_id`, `Service_id`, `createdby`) VALUES ('GROUP_MICRO_VIEWER', 'SERVICE_ID_94', 'UID11'); 
INSERT IGNORE INTO `groupentitlement` (`Group_id`, `Service_id`, `createdby`) VALUES ('GROUP_MICRO_CREATOR', 'SERVICE_ID_94', 'UID11'); 
INSERT IGNORE INTO `groupentitlement` (`Group_id`, `Service_id`, `createdby`) VALUES ('GROUP_MICRO_AUTHORIZER', 'SERVICE_ID_94', 'UID11');
INSERT IGNORE INTO `groupentitlement` (`Group_id`, `Service_id`, `createdby`) VALUES ('DEFAULT_GROUP', 'SERVICE_ID_94', 'UID11');

INSERT IGNORE INTO `service` (`id`, `Type_id`, `Feature_id`, `Name`, `Description`,`Status_id`, `code`, `DisplayName`, `DisplayDescription`, `createdby`, `modifiedby`) VALUES ('SERVICE_ID_95', 'SER_TYPE_NONTRANS', 'FEATURE_ID2', 'Bulk Bill Pay', 'Bulk Bill Pay','SID_ACTIVE', 'BULK_BILL_PAY', 'Bulk Bill Pay', 'Bulk Bill Pay', 'Kony User', 'Kony User');

INSERT IGNORE INTO `appaction` (`id`, `App_id`, `Action_id`) VALUES ('BUSINESS_BANKING_SERVICE_ID_95', 'BUSINESS_BANKING', 'SERVICE_ID_95');
INSERT IGNORE INTO `appaction` (`id`, `App_id`, `Action_id`) VALUES ('RETAIL_BANKING_SERVICE_ID_95', 'RETAIL_BANKING', 'SERVICE_ID_95');

INSERT IGNORE INTO `compositepermission` (`id`, `Permission_id`, `Entitlement_id`, `isEnabled`, `createdby`, `modifiedby`) VALUES ('CPID84', 'PID45', 'SERVICE_ID_95', '0', 'Kony Dev', 'Kony User');

INSERT IGNORE INTO `service_channels` (`Service_id`, `Channel_id`, `createdby`, `modifiedby`, `createdts`, `lastmodifiedts`, `synctimestamp`, `softdeleteflag`) VALUES ('SERVICE_ID_95','CH_ID_INT',NULL,NULL,CURRENT_TIMESTAMP,CURRENT_TIMESTAMP,CURRENT_TIMESTAMP,0);
INSERT IGNORE INTO `service_channels` (`Service_id`, `Channel_id`, `createdby`, `modifiedby`, `createdts`, `lastmodifiedts`, `synctimestamp`, `softdeleteflag`) VALUES ('SERVICE_ID_95','CH_ID_MOB',NULL,NULL,CURRENT_TIMESTAMP,CURRENT_TIMESTAMP,CURRENT_TIMESTAMP,0);

INSERT IGNORE INTO `groupentitlement` (`Group_id`, `Service_id`, `createdby`) VALUES ('GROUP_ADMINISTRATOR', 'SERVICE_ID_95', 'UID11');
INSERT IGNORE INTO `groupentitlement` (`Group_id`, `Service_id`, `createdby`) VALUES ('GROUP_VIEWER', 'SERVICE_ID_95', 'UID11');
INSERT IGNORE INTO `groupentitlement` (`Group_id`, `Service_id`, `createdby`) VALUES ('GROUP_CREATOR', 'SERVICE_ID_95', 'UID11');
INSERT IGNORE INTO `groupentitlement` (`Group_id`, `Service_id`, `createdby`) VALUES ('GROUP_AUTHORIZER', 'SERVICE_ID_95', 'UID11');
INSERT IGNORE INTO `groupentitlement` (`Group_id`, `Service_id`, `createdby`) VALUES ('GROUP_MICRO_ADMINISTRATOR', 'SERVICE_ID_95', 'UID11');
INSERT IGNORE INTO `groupentitlement` (`Group_id`, `Service_id`, `createdby`) VALUES ('GROUP_MICRO_VIEWER', 'SERVICE_ID_95', 'UID11'); 
INSERT IGNORE INTO `groupentitlement` (`Group_id`, `Service_id`, `createdby`) VALUES ('GROUP_MICRO_CREATOR', 'SERVICE_ID_95', 'UID11'); 
INSERT IGNORE INTO `groupentitlement` (`Group_id`, `Service_id`, `createdby`) VALUES ('GROUP_MICRO_AUTHORIZER', 'SERVICE_ID_95', 'UID11');
INSERT IGNORE INTO `groupentitlement` (`Group_id`, `Service_id`, `createdby`) VALUES ('DEFAULT_GROUP', 'SERVICE_ID_95', 'UID11');


INSERT IGNORE INTO `service` (`id`, `Type_id`, `Feature_id`, `Name`, `Description`,`Status_id`, `code`, `DisplayName`, `DisplayDescription`, `createdby`, `modifiedby`) VALUES ('SERVICE_ID_96', 'SER_TYPE_NONTRANS', 'FEATURE_ID2', 'Activate or Deactivate Bill Pay', 'Activate or Deactivate Bill Pay', 'SID_ACTIVE','ACTIVATE_OR_DEACTIVE_BILL_PAY', 'Activate or Deactivate Bill Pay', 'Activate or Deactivate Bill Pay', 'Kony User', 'Kony User');

INSERT IGNORE INTO `appaction` (`id`, `App_id`, `Action_id`) VALUES ('BUSINESS_BANKING_SERVICE_ID_96', 'BUSINESS_BANKING', 'SERVICE_ID_96');
INSERT IGNORE INTO `appaction` (`id`, `App_id`, `Action_id`) VALUES ('RETAIL_BANKING_SERVICE_ID_96', 'RETAIL_BANKING', 'SERVICE_ID_96');

INSERT IGNORE INTO `compositepermission` (`id`, `Permission_id`, `Entitlement_id`, `isEnabled`, `createdby`, `modifiedby`) VALUES ('CPID85', 'PID45', 'SERVICE_ID_96', '0', 'Kony Dev', 'Kony User');

INSERT IGNORE INTO `service_channels` (`Service_id`, `Channel_id`, `createdby`, `modifiedby`, `createdts`, `lastmodifiedts`, `synctimestamp`, `softdeleteflag`) VALUES ('SERVICE_ID_96','CH_ID_INT',NULL,NULL,CURRENT_TIMESTAMP,CURRENT_TIMESTAMP,CURRENT_TIMESTAMP,0);
INSERT IGNORE INTO `service_channels` (`Service_id`, `Channel_id`, `createdby`, `modifiedby`, `createdts`, `lastmodifiedts`, `synctimestamp`, `softdeleteflag`) VALUES ('SERVICE_ID_96','CH_ID_MOB',NULL,NULL,CURRENT_TIMESTAMP,CURRENT_TIMESTAMP,CURRENT_TIMESTAMP,0);

INSERT IGNORE INTO `groupentitlement` (`Group_id`, `Service_id`, `createdby`) VALUES ('GROUP_ADMINISTRATOR', 'SERVICE_ID_96', 'UID11');
INSERT IGNORE INTO `groupentitlement` (`Group_id`, `Service_id`, `createdby`) VALUES ('GROUP_VIEWER', 'SERVICE_ID_96', 'UID11');
INSERT IGNORE INTO `groupentitlement` (`Group_id`, `Service_id`, `createdby`) VALUES ('GROUP_CREATOR', 'SERVICE_ID_96', 'UID11');
INSERT IGNORE INTO `groupentitlement` (`Group_id`, `Service_id`, `createdby`) VALUES ('GROUP_AUTHORIZER', 'SERVICE_ID_96', 'UID11');
INSERT IGNORE INTO `groupentitlement` (`Group_id`, `Service_id`, `createdby`) VALUES ('GROUP_MICRO_ADMINISTRATOR', 'SERVICE_ID_96', 'UID11');
INSERT IGNORE INTO `groupentitlement` (`Group_id`, `Service_id`, `createdby`) VALUES ('GROUP_MICRO_VIEWER', 'SERVICE_ID_96', 'UID11'); 
INSERT IGNORE INTO `groupentitlement` (`Group_id`, `Service_id`, `createdby`) VALUES ('GROUP_MICRO_CREATOR', 'SERVICE_ID_96', 'UID11'); 
INSERT IGNORE INTO `groupentitlement` (`Group_id`, `Service_id`, `createdby`) VALUES ('GROUP_MICRO_AUTHORIZER', 'SERVICE_ID_96', 'UID11');
INSERT IGNORE INTO `groupentitlement` (`Group_id`, `Service_id`, `createdby`) VALUES ('DEFAULT_GROUP', 'SERVICE_ID_96', 'UID11');


INSERT IGNORE INTO `feature` (`id`, `Name`, `code`, `DisplayName`, `Description`, `Type_id`, `Status_id`) VALUES ('FEATURE_ID21', 'Open New Account', 'OPEN_NEW_ACCOUNT', 'Open New Account', 'Open New Account', 'TYPE_NON_MONETARY', 'SID_ACTIVE');
INSERT IGNORE INTO `service` (`id`, `Type_id`, `Feature_id`, `Name`, `Description`, `Status_id`, `code`, `DisplayName`, `DisplayDescription`, `createdby`, `modifiedby`) VALUES ('SERVICE_ID_97', 'SER_TYPE_NONTRANS', 'FEATURE_ID21', 'Create Applicant', 'Create Applicant', 'SID_ACTIVE', 'CREATE_APPLICANT', 'Create Applicant', 'Create Applicant', 'Kony User', 'Kony User');

INSERT IGNORE INTO `appaction` (`id`, `App_id`, `Action_id`) VALUES ('BUSINESS_BANKING_SERVICE_ID_97', 'BUSINESS_BANKING', 'SERVICE_ID_97');
INSERT IGNORE INTO `appaction` (`id`, `App_id`, `Action_id`) VALUES ('RETAIL_BANKING_SERVICE_ID_97', 'RETAIL_BANKING', 'SERVICE_ID_97');
INSERT IGNORE INTO `appaction` (`id`, `App_id`, `Action_id`) VALUES ('ONBOARDING_SERVICE_ID_97', 'ONBOARDING', 'SERVICE_ID_97');

INSERT IGNORE INTO `compositepermission` (`id`, `Permission_id`, `Entitlement_id`, `isEnabled`, `createdby`, `modifiedby`) VALUES ('CPID86', 'PID45', 'SERVICE_ID_97', '0', 'Kony Dev', 'Kony User');

INSERT IGNORE INTO `service_channels` (`Service_id`, `Channel_id`, `createdby`, `modifiedby`, `createdts`, `lastmodifiedts`, `synctimestamp`, `softdeleteflag`) VALUES ('SERVICE_ID_97','CH_ID_INT',NULL,NULL,CURRENT_TIMESTAMP,CURRENT_TIMESTAMP,CURRENT_TIMESTAMP,0);
INSERT IGNORE INTO `service_channels` (`Service_id`, `Channel_id`, `createdby`, `modifiedby`, `createdts`, `lastmodifiedts`, `synctimestamp`, `softdeleteflag`) VALUES ('SERVICE_ID_97','CH_ID_MOB',NULL,NULL,CURRENT_TIMESTAMP,CURRENT_TIMESTAMP,CURRENT_TIMESTAMP,0);

INSERT IGNORE INTO `groupentitlement` (`Group_id`, `Service_id`, `createdby`) VALUES ('GROUP_ADMINISTRATOR', 'SERVICE_ID_97', 'UID11');
INSERT IGNORE INTO `groupentitlement` (`Group_id`, `Service_id`, `createdby`) VALUES ('GROUP_VIEWER', 'SERVICE_ID_97', 'UID11');
INSERT IGNORE INTO `groupentitlement` (`Group_id`, `Service_id`, `createdby`) VALUES ('GROUP_CREATOR', 'SERVICE_ID_97', 'UID11');
INSERT IGNORE INTO `groupentitlement` (`Group_id`, `Service_id`, `createdby`) VALUES ('GROUP_AUTHORIZER', 'SERVICE_ID_97', 'UID11');
INSERT IGNORE INTO `groupentitlement` (`Group_id`, `Service_id`, `createdby`) VALUES ('GROUP_MICRO_ADMINISTRATOR', 'SERVICE_ID_97', 'UID11');
INSERT IGNORE INTO `groupentitlement` (`Group_id`, `Service_id`, `createdby`) VALUES ('GROUP_MICRO_VIEWER', 'SERVICE_ID_97', 'UID11'); 
INSERT IGNORE INTO `groupentitlement` (`Group_id`, `Service_id`, `createdby`) VALUES ('GROUP_MICRO_CREATOR', 'SERVICE_ID_97', 'UID11'); 
INSERT IGNORE INTO `groupentitlement` (`Group_id`, `Service_id`, `createdby`) VALUES ('GROUP_MICRO_AUTHORIZER', 'SERVICE_ID_97', 'UID11');
INSERT IGNORE INTO `groupentitlement` (`Group_id`, `Service_id`, `createdby`) VALUES ('DEFAULT_GROUP', 'SERVICE_ID_97', 'UID11');




INSERT IGNORE INTO `service` (`id`, `Type_id`, `Feature_id`, `Name`, `Description`, `Status_id`, `code`, `DisplayName`, `DisplayDescription`, `createdby`, `modifiedby`) VALUES ('SERVICE_ID_98', 'SER_TYPE_NONTRANS', 'FEATURE_ID2', 'Delete Transaction', 'Delete Transaction', 'SID_ACTIVE', 'DELETE_TRANSACTIONS', 'Delete Transactions', 'Delete Transactions', 'Kony User', 'Kony User');

INSERT IGNORE INTO `appaction` (`id`, `App_id`, `Action_id`) VALUES ('BUSINESS_BANKING_SERVICE_ID_98', 'BUSINESS_BANKING', 'SERVICE_ID_98');
INSERT IGNORE INTO `appaction` (`id`, `App_id`, `Action_id`) VALUES ('RETAIL_BANKING_SERVICE_ID_98', 'RETAIL_BANKING', 'SERVICE_ID_98');

INSERT IGNORE INTO `compositepermission` (`id`, `Permission_id`, `Entitlement_id`, `isEnabled`, `createdby`, `modifiedby`) VALUES ('CPID87', 'PID45', 'SERVICE_ID_98', '0', 'Kony Dev', 'Kony User');

INSERT IGNORE INTO `service_channels` (`Service_id`, `Channel_id`, `createdby`, `modifiedby`, `createdts`, `lastmodifiedts`, `synctimestamp`, `softdeleteflag`) VALUES ('SERVICE_ID_98','CH_ID_INT',NULL,NULL,CURRENT_TIMESTAMP,CURRENT_TIMESTAMP,CURRENT_TIMESTAMP,0);
INSERT IGNORE INTO `service_channels` (`Service_id`, `Channel_id`, `createdby`, `modifiedby`, `createdts`, `lastmodifiedts`, `synctimestamp`, `softdeleteflag`) VALUES ('SERVICE_ID_98','CH_ID_MOB',NULL,NULL,CURRENT_TIMESTAMP,CURRENT_TIMESTAMP,CURRENT_TIMESTAMP,0);

INSERT IGNORE INTO `groupentitlement` (`Group_id`, `Service_id`, `createdby`) VALUES ('GROUP_ADMINISTRATOR', 'SERVICE_ID_98', 'UID11');
INSERT IGNORE INTO `groupentitlement` (`Group_id`, `Service_id`, `createdby`) VALUES ('GROUP_VIEWER', 'SERVICE_ID_98', 'UID11');
INSERT IGNORE INTO `groupentitlement` (`Group_id`, `Service_id`, `createdby`) VALUES ('GROUP_CREATOR', 'SERVICE_ID_98', 'UID11');
INSERT IGNORE INTO `groupentitlement` (`Group_id`, `Service_id`, `createdby`) VALUES ('GROUP_AUTHORIZER', 'SERVICE_ID_98', 'UID11');
INSERT IGNORE INTO `groupentitlement` (`Group_id`, `Service_id`, `createdby`) VALUES ('GROUP_MICRO_ADMINISTRATOR', 'SERVICE_ID_98', 'UID11');
INSERT IGNORE INTO `groupentitlement` (`Group_id`, `Service_id`, `createdby`) VALUES ('GROUP_MICRO_VIEWER', 'SERVICE_ID_98', 'UID11'); 
INSERT IGNORE INTO `groupentitlement` (`Group_id`, `Service_id`, `createdby`) VALUES ('GROUP_MICRO_CREATOR', 'SERVICE_ID_98', 'UID11'); 
INSERT IGNORE INTO `groupentitlement` (`Group_id`, `Service_id`, `createdby`) VALUES ('GROUP_MICRO_AUTHORIZER', 'SERVICE_ID_98', 'UID11');
INSERT IGNORE INTO `groupentitlement` (`Group_id`, `Service_id`, `createdby`) VALUES ('DEFAULT_GROUP', 'SERVICE_ID_98', 'UID11');


INSERT IGNORE INTO `service` (`id`, `Type_id`, `Feature_id`, `Name`, `Description`, `Status_id`, `code`, `DisplayName`, `DisplayDescription`, `createdby`, `modifiedby`) VALUES ('SERVICE_ID_99', 'SER_TYPE_NONTRANS', 'FEATURE_ID2', 'View Recipients', 'View Recipients', 'SID_ACTIVE', 'VIEW_RECIPIENTS', 'View Recipients', 'View Recipients', 'Kony User', 'Kony User');
INSERT IGNORE INTO `appaction` (`id`, `App_id`, `Action_id`) VALUES ('BUSINESS_BANKING_SERVICE_ID_99', 'BUSINESS_BANKING', 'SERVICE_ID_99');
INSERT IGNORE INTO `appaction` (`id`, `App_id`, `Action_id`) VALUES ('RETAIL_BANKING_SERVICE_ID_99', 'RETAIL_BANKING', 'SERVICE_ID_99');

INSERT IGNORE INTO `compositepermission` (`id`, `Permission_id`, `Entitlement_id`, `isEnabled`, `createdby`, `modifiedby`) VALUES ('CPID88', 'PID45', 'SERVICE_ID_99', '0', 'Kony Dev', 'Kony User');

INSERT IGNORE INTO `service_channels` (`Service_id`, `Channel_id`, `createdby`, `modifiedby`, `createdts`, `lastmodifiedts`, `synctimestamp`, `softdeleteflag`) VALUES ('SERVICE_ID_99','CH_ID_INT',NULL,NULL,CURRENT_TIMESTAMP,CURRENT_TIMESTAMP,CURRENT_TIMESTAMP,0);
INSERT IGNORE INTO `service_channels` (`Service_id`, `Channel_id`, `createdby`, `modifiedby`, `createdts`, `lastmodifiedts`, `synctimestamp`, `softdeleteflag`) VALUES ('SERVICE_ID_99','CH_ID_MOB',NULL,NULL,CURRENT_TIMESTAMP,CURRENT_TIMESTAMP,CURRENT_TIMESTAMP,0);

INSERT IGNORE INTO `groupentitlement` (`Group_id`, `Service_id`, `createdby`) VALUES ('GROUP_ADMINISTRATOR', 'SERVICE_ID_99', 'UID11');
INSERT IGNORE INTO `groupentitlement` (`Group_id`, `Service_id`, `createdby`) VALUES ('GROUP_VIEWER', 'SERVICE_ID_99', 'UID11');
INSERT IGNORE INTO `groupentitlement` (`Group_id`, `Service_id`, `createdby`) VALUES ('GROUP_CREATOR', 'SERVICE_ID_99', 'UID11');
INSERT IGNORE INTO `groupentitlement` (`Group_id`, `Service_id`, `createdby`) VALUES ('GROUP_AUTHORIZER', 'SERVICE_ID_99', 'UID11');
INSERT IGNORE INTO `groupentitlement` (`Group_id`, `Service_id`, `createdby`) VALUES ('GROUP_MICRO_ADMINISTRATOR', 'SERVICE_ID_99', 'UID11');
INSERT IGNORE INTO `groupentitlement` (`Group_id`, `Service_id`, `createdby`) VALUES ('GROUP_MICRO_VIEWER', 'SERVICE_ID_99', 'UID11'); 
INSERT IGNORE INTO `groupentitlement` (`Group_id`, `Service_id`, `createdby`) VALUES ('GROUP_MICRO_CREATOR', 'SERVICE_ID_99', 'UID11'); 
INSERT IGNORE INTO `groupentitlement` (`Group_id`, `Service_id`, `createdby`) VALUES ('GROUP_MICRO_AUTHORIZER', 'SERVICE_ID_99', 'UID11');
INSERT IGNORE INTO `groupentitlement` (`Group_id`, `Service_id`, `createdby`) VALUES ('DEFAULT_GROUP', 'SERVICE_ID_99', 'UID11');



INSERT IGNORE INTO .`service` (`id`, `Type_id`, `Feature_id`, `Name`, `Description`, `Status_id`, `code`, `DisplayName`, `DisplayDescription`, `createdby`, `modifiedby`) VALUES ('SERVICE_ID_100', 'SER_TYPE_NONTRANS', 'FEATURE_ID2', 'View Payee List', 'View Payee List', 'SID_ACTIVE', 'VIEW_PAYEE_LIST', 'View Payee List', 'View Payee List', 'Kony User', 'Kony User');
INSERT IGNORE INTO `appaction` (`id`, `App_id`, `Action_id`) VALUES ('BUSINESS_BANKING_SERVICE_ID_100', 'BUSINESS_BANKING', 'SERVICE_ID_100');
INSERT IGNORE INTO `appaction` (`id`, `App_id`, `Action_id`) VALUES ('RETAIL_BANKING_SERVICE_ID_100', 'RETAIL_BANKING', 'SERVICE_ID_100');

INSERT IGNORE INTO `compositepermission` (`id`, `Permission_id`, `Entitlement_id`, `isEnabled`, `createdby`, `modifiedby`) VALUES ('CPID89', 'PID45', 'SERVICE_ID_100', '0', 'Kony Dev', 'Kony User');

INSERT IGNORE INTO `service_channels` (`Service_id`, `Channel_id`, `createdby`, `modifiedby`, `createdts`, `lastmodifiedts`, `synctimestamp`, `softdeleteflag`) VALUES ('SERVICE_ID_100','CH_ID_INT',NULL,NULL,CURRENT_TIMESTAMP,CURRENT_TIMESTAMP,CURRENT_TIMESTAMP,0);
INSERT IGNORE INTO `service_channels` (`Service_id`, `Channel_id`, `createdby`, `modifiedby`, `createdts`, `lastmodifiedts`, `synctimestamp`, `softdeleteflag`) VALUES ('SERVICE_ID_100','CH_ID_MOB',NULL,NULL,CURRENT_TIMESTAMP,CURRENT_TIMESTAMP,CURRENT_TIMESTAMP,0);

INSERT IGNORE INTO `groupentitlement` (`Group_id`, `Service_id`, `createdby`) VALUES ('GROUP_ADMINISTRATOR', 'SERVICE_ID_100', 'UID11');
INSERT IGNORE INTO `groupentitlement` (`Group_id`, `Service_id`, `createdby`) VALUES ('GROUP_VIEWER', 'SERVICE_ID_100', 'UID11');
INSERT IGNORE INTO `groupentitlement` (`Group_id`, `Service_id`, `createdby`) VALUES ('GROUP_CREATOR', 'SERVICE_ID_100', 'UID11');
INSERT IGNORE INTO `groupentitlement` (`Group_id`, `Service_id`, `createdby`) VALUES ('GROUP_AUTHORIZER', 'SERVICE_ID_100', 'UID11');
INSERT IGNORE INTO `groupentitlement` (`Group_id`, `Service_id`, `createdby`) VALUES ('GROUP_MICRO_ADMINISTRATOR', 'SERVICE_ID_100', 'UID11');
INSERT IGNORE INTO `groupentitlement` (`Group_id`, `Service_id`, `createdby`) VALUES ('GROUP_MICRO_VIEWER', 'SERVICE_ID_100', 'UID11'); 
INSERT IGNORE INTO `groupentitlement` (`Group_id`, `Service_id`, `createdby`) VALUES ('GROUP_MICRO_CREATOR', 'SERVICE_ID_100', 'UID11'); 
INSERT IGNORE INTO `groupentitlement` (`Group_id`, `Service_id`, `createdby`) VALUES ('GROUP_MICRO_AUTHORIZER', 'SERVICE_ID_100', 'UID11');
INSERT IGNORE INTO `groupentitlement` (`Group_id`, `Service_id`, `createdby`) VALUES ('DEFAULT_GROUP', 'SERVICE_ID_100', 'UID11');



INSERT IGNORE INTO `service` (`id`, `Type_id`, `Feature_id`, `Name`, `Description`, `Status_id`, `code`, `DisplayName`, `DisplayDescription`, `createdby`, `modifiedby`) VALUES ('SERVICE_ID_101', 'SER_TYPE_NONTRANS', 'FEATURE_ID2', 'Add Payee', 'Add Payee', 'SID_ACTIVE', 'ADD_PAYEE', 'Add Payee', 'Add Payee', 'Kony User', 'Kony User');
INSERT IGNORE INTO `appaction` (`id`, `App_id`, `Action_id`) VALUES ('BUSINESS_BANKING_SERVICE_ID_101', 'BUSINESS_BANKING', 'SERVICE_ID_101');
INSERT IGNORE INTO `appaction` (`id`, `App_id`, `Action_id`) VALUES ('RETAIL_BANKING_SERVICE_ID_101', 'RETAIL_BANKING', 'SERVICE_ID_101');

INSERT IGNORE INTO `compositepermission` (`id`, `Permission_id`, `Entitlement_id`, `isEnabled`, `createdby`, `modifiedby`) VALUES ('CPID90', 'PID45', 'SERVICE_ID_101', '0', 'Kony Dev', 'Kony User');

INSERT IGNORE INTO `service_channels` (`Service_id`, `Channel_id`, `createdby`, `modifiedby`, `createdts`, `lastmodifiedts`, `synctimestamp`, `softdeleteflag`) VALUES ('SERVICE_ID_101','CH_ID_INT',NULL,NULL,CURRENT_TIMESTAMP,CURRENT_TIMESTAMP,CURRENT_TIMESTAMP,0);
INSERT IGNORE INTO `service_channels` (`Service_id`, `Channel_id`, `createdby`, `modifiedby`, `createdts`, `lastmodifiedts`, `synctimestamp`, `softdeleteflag`) VALUES ('SERVICE_ID_101','CH_ID_MOB',NULL,NULL,CURRENT_TIMESTAMP,CURRENT_TIMESTAMP,CURRENT_TIMESTAMP,0);

INSERT IGNORE INTO `groupentitlement` (`Group_id`, `Service_id`, `createdby`) VALUES ('GROUP_ADMINISTRATOR', 'SERVICE_ID_101', 'UID11');
INSERT IGNORE INTO `groupentitlement` (`Group_id`, `Service_id`, `createdby`) VALUES ('GROUP_VIEWER', 'SERVICE_ID_101', 'UID11');
INSERT IGNORE INTO `groupentitlement` (`Group_id`, `Service_id`, `createdby`) VALUES ('GROUP_CREATOR', 'SERVICE_ID_101', 'UID11');
INSERT IGNORE INTO `groupentitlement` (`Group_id`, `Service_id`, `createdby`) VALUES ('GROUP_AUTHORIZER', 'SERVICE_ID_101', 'UID11');
INSERT IGNORE INTO `groupentitlement` (`Group_id`, `Service_id`, `createdby`) VALUES ('GROUP_MICRO_ADMINISTRATOR', 'SERVICE_ID_101', 'UID11');
INSERT IGNORE INTO `groupentitlement` (`Group_id`, `Service_id`, `createdby`) VALUES ('GROUP_MICRO_VIEWER', 'SERVICE_ID_101', 'UID11'); 
INSERT IGNORE INTO `groupentitlement` (`Group_id`, `Service_id`, `createdby`) VALUES ('GROUP_MICRO_CREATOR', 'SERVICE_ID_101', 'UID11'); 
INSERT IGNORE INTO `groupentitlement` (`Group_id`, `Service_id`, `createdby`) VALUES ('GROUP_MICRO_AUTHORIZER', 'SERVICE_ID_101', 'UID11');
INSERT IGNORE INTO `groupentitlement` (`Group_id`, `Service_id`, `createdby`) VALUES ('DEFAULT_GROUP', 'SERVICE_ID_101', 'UID11');



INSERT IGNORE INTO `service` (`id`, `Type_id`, `Feature_id`, `Name`, `Description`, `Status_id`, `code`, `DisplayName`, `DisplayDescription`, `createdby`, `modifiedby`) VALUES ('SERVICE_ID_102', 'SER_TYPE_NONTRANS', 'FEATURE_ID2', 'Edit Payee', 'Edit Payee', 'SID_ACTIVE', 'EDIT_PAYEE', 'Edit Payee', 'Edit Payee', 'Kony User', 'Kony User');
INSERT IGNORE INTO `appaction` (`id`, `App_id`, `Action_id`) VALUES ('BUSINESS_BANKING_SERVICE_ID_102', 'BUSINESS_BANKING', 'SERVICE_ID_102');
INSERT IGNORE INTO `appaction` (`id`, `App_id`, `Action_id`) VALUES ('RETAIL_BANKING_SERVICE_ID_102', 'RETAIL_BANKING', 'SERVICE_ID_102');

INSERT IGNORE INTO `compositepermission` (`id`, `Permission_id`, `Entitlement_id`, `isEnabled`, `createdby`, `modifiedby`) VALUES ('CPID91', 'PID45', 'SERVICE_ID_102', '0', 'Kony Dev', 'Kony User');

INSERT IGNORE INTO `service_channels` (`Service_id`, `Channel_id`, `createdby`, `modifiedby`, `createdts`, `lastmodifiedts`, `synctimestamp`, `softdeleteflag`) VALUES ('SERVICE_ID_102','CH_ID_INT',NULL,NULL,CURRENT_TIMESTAMP,CURRENT_TIMESTAMP,CURRENT_TIMESTAMP,0);
INSERT IGNORE INTO `service_channels` (`Service_id`, `Channel_id`, `createdby`, `modifiedby`, `createdts`, `lastmodifiedts`, `synctimestamp`, `softdeleteflag`) VALUES ('SERVICE_ID_102','CH_ID_MOB',NULL,NULL,CURRENT_TIMESTAMP,CURRENT_TIMESTAMP,CURRENT_TIMESTAMP,0);

INSERT IGNORE INTO `groupentitlement` (`Group_id`, `Service_id`, `createdby`) VALUES ('GROUP_ADMINISTRATOR', 'SERVICE_ID_102', 'UID11');
INSERT IGNORE INTO `groupentitlement` (`Group_id`, `Service_id`, `createdby`) VALUES ('GROUP_VIEWER', 'SERVICE_ID_102', 'UID11');
INSERT IGNORE INTO `groupentitlement` (`Group_id`, `Service_id`, `createdby`) VALUES ('GROUP_CREATOR', 'SERVICE_ID_102', 'UID11');
INSERT IGNORE INTO `groupentitlement` (`Group_id`, `Service_id`, `createdby`) VALUES ('GROUP_AUTHORIZER', 'SERVICE_ID_102', 'UID11');
INSERT IGNORE INTO `groupentitlement` (`Group_id`, `Service_id`, `createdby`) VALUES ('GROUP_MICRO_ADMINISTRATOR', 'SERVICE_ID_102', 'UID11');
INSERT IGNORE INTO `groupentitlement` (`Group_id`, `Service_id`, `createdby`) VALUES ('GROUP_MICRO_VIEWER', 'SERVICE_ID_102', 'UID11'); 
INSERT IGNORE INTO `groupentitlement` (`Group_id`, `Service_id`, `createdby`) VALUES ('GROUP_MICRO_CREATOR', 'SERVICE_ID_102', 'UID11'); 
INSERT IGNORE INTO `groupentitlement` (`Group_id`, `Service_id`, `createdby`) VALUES ('GROUP_MICRO_AUTHORIZER', 'SERVICE_ID_102', 'UID11');
INSERT IGNORE INTO `groupentitlement` (`Group_id`, `Service_id`, `createdby`) VALUES ('DEFAULT_GROUP', 'SERVICE_ID_102', 'UID11');



INSERT IGNORE INTO `service` (`id`, `Type_id`, `Feature_id`, `Name`, `Description`, `Status_id`, `code`, `DisplayName`, `DisplayDescription`, `createdby`, `modifiedby`) VALUES ('SERVICE_ID_103', 'SER_TYPE_NONTRANS', 'FEATURE_ID2', 'Delete Payee', 'Delete Payee', 'SID_ACTIVE', 'DELETE_PAYEE', 'Delete Payee', 'Delete Payee', 'Kony User', 'Kony User');
INSERT IGNORE INTO `appaction` (`id`, `App_id`, `Action_id`) VALUES ('BUSINESS_BANKING_SERVICE_ID_103', 'BUSINESS_BANKING', 'SERVICE_ID_103');
INSERT IGNORE INTO `appaction` (`id`, `App_id`, `Action_id`) VALUES ('RETAIL_BANKING_SERVICE_ID_103', 'RETAIL_BANKING', 'SERVICE_ID_103');

INSERT IGNORE INTO `compositepermission` (`id`, `Permission_id`, `Entitlement_id`, `isEnabled`, `createdby`, `modifiedby`) VALUES ('CPID92', 'PID45', 'SERVICE_ID_103', '0', 'Kony Dev', 'Kony User');

INSERT IGNORE INTO `service_channels` (`Service_id`, `Channel_id`, `createdby`, `modifiedby`, `createdts`, `lastmodifiedts`, `synctimestamp`, `softdeleteflag`) VALUES ('SERVICE_ID_103','CH_ID_INT',NULL,NULL,CURRENT_TIMESTAMP,CURRENT_TIMESTAMP,CURRENT_TIMESTAMP,0);
INSERT IGNORE INTO `service_channels` (`Service_id`, `Channel_id`, `createdby`, `modifiedby`, `createdts`, `lastmodifiedts`, `synctimestamp`, `softdeleteflag`) VALUES ('SERVICE_ID_103','CH_ID_MOB',NULL,NULL,CURRENT_TIMESTAMP,CURRENT_TIMESTAMP,CURRENT_TIMESTAMP,0);

INSERT IGNORE INTO `groupentitlement` (`Group_id`, `Service_id`, `createdby`) VALUES ('GROUP_ADMINISTRATOR', 'SERVICE_ID_103', 'UID11');
INSERT IGNORE INTO `groupentitlement` (`Group_id`, `Service_id`, `createdby`) VALUES ('GROUP_VIEWER', 'SERVICE_ID_103', 'UID11');
INSERT IGNORE INTO `groupentitlement` (`Group_id`, `Service_id`, `createdby`) VALUES ('GROUP_CREATOR', 'SERVICE_ID_103', 'UID11');
INSERT IGNORE INTO `groupentitlement` (`Group_id`, `Service_id`, `createdby`) VALUES ('GROUP_AUTHORIZER', 'SERVICE_ID_103', 'UID11');
INSERT IGNORE INTO `groupentitlement` (`Group_id`, `Service_id`, `createdby`) VALUES ('GROUP_MICRO_ADMINISTRATOR', 'SERVICE_ID_103', 'UID11');
INSERT IGNORE INTO `groupentitlement` (`Group_id`, `Service_id`, `createdby`) VALUES ('GROUP_MICRO_VIEWER', 'SERVICE_ID_103', 'UID11'); 
INSERT IGNORE INTO `groupentitlement` (`Group_id`, `Service_id`, `createdby`) VALUES ('GROUP_MICRO_CREATOR', 'SERVICE_ID_103', 'UID11'); 
INSERT IGNORE INTO `groupentitlement` (`Group_id`, `Service_id`, `createdby`) VALUES ('GROUP_MICRO_AUTHORIZER', 'SERVICE_ID_103', 'UID11');
INSERT IGNORE INTO `groupentitlement` (`Group_id`, `Service_id`, `createdby`) VALUES ('DEFAULT_GROUP', 'SERVICE_ID_103', 'UID11');


UPDATE `compositepermission` SET `isEnabled` = '0' WHERE (`id` = 'CPID01');
UPDATE `compositepermission` SET `isEnabled` = '0' WHERE (`id` = 'CPID02');
UPDATE `compositepermission` SET `isEnabled` = '0' WHERE (`id` = 'CPID03');
UPDATE `compositepermission` SET `isEnabled` = '0' WHERE (`id` = 'CPID06');
UPDATE `compositepermission` SET `isEnabled` = '0' WHERE (`id` = 'CPID08');
UPDATE `compositepermission` SET `isEnabled` = '0' WHERE (`id` = 'CPID31');
UPDATE `compositepermission` SET `isEnabled` = '0' WHERE (`id` = 'CPID32');
UPDATE `compositepermission` SET `isEnabled` = '0' WHERE (`id` = 'CPID33');
UPDATE `compositepermission` SET `isEnabled` = '0' WHERE (`id` = 'CPID07');
UPDATE `compositepermission` SET `isEnabled` = '0' WHERE (`id` = 'CPID10');
UPDATE `compositepermission` SET `isEnabled` = '0' WHERE (`id` = 'CPID11');
UPDATE `compositepermission` SET `isEnabled` = '0' WHERE (`id` = 'CPID12');
UPDATE `compositepermission` SET `isEnabled` = '0' WHERE (`id` = 'CPID14');
UPDATE `compositepermission` SET `isEnabled` = '0' WHERE (`id` = 'CPID15');
UPDATE `compositepermission` SET `isEnabled` = '0' WHERE (`id` = 'CPID16');
UPDATE `compositepermission` SET `isEnabled` = '0' WHERE (`id` = 'CPID17');
UPDATE `compositepermission` SET `isEnabled` = '0' WHERE (`id` = 'CPID18');
UPDATE `compositepermission` SET `isEnabled` = '0' WHERE (`id` = 'CPID19');
UPDATE `compositepermission` SET `isEnabled` = '0' WHERE (`id` = 'CPID20');
UPDATE `compositepermission` SET `isEnabled` = '0' WHERE (`id` = 'CPID21');
UPDATE `compositepermission` SET `isEnabled` = '0' WHERE (`id` = 'CPID22');
UPDATE `compositepermission` SET `isEnabled` = '0' WHERE (`id` = 'CPID23');
UPDATE `compositepermission` SET `isEnabled` = '0' WHERE (`id` = 'CPID24');
UPDATE `compositepermission` SET `isEnabled` = '0' WHERE (`id` = 'CPID25');
UPDATE `compositepermission` SET `isEnabled` = '0' WHERE (`id` = 'CPID26');
UPDATE `compositepermission` SET `isEnabled` = '0' WHERE (`id` = 'CPID27');
UPDATE `compositepermission` SET `isEnabled` = '0' WHERE (`id` = 'CPID28');
UPDATE `compositepermission` SET `isEnabled` = '0' WHERE (`id` = 'CPID29');
UPDATE `compositepermission` SET `isEnabled` = '0' WHERE (`id` = 'CPID30');
UPDATE `compositepermission` SET `isEnabled` = '0' WHERE (`id` = 'CPID34');
UPDATE `compositepermission` SET `isEnabled` = '0' WHERE (`id` = 'CPID35');
UPDATE `compositepermission` SET `isEnabled` = '0' WHERE (`id` = 'CPID36');
UPDATE `compositepermission` SET `isEnabled` = '0' WHERE (`id` = 'CPID37');
UPDATE `compositepermission` SET `isEnabled` = '0' WHERE (`id` = 'CPID38');
UPDATE `compositepermission` SET `isEnabled` = '0' WHERE (`id` = 'CPID39');
UPDATE `compositepermission` SET `isEnabled` = '0' WHERE (`id` = 'CPID40');
UPDATE `compositepermission` SET `isEnabled` = '0' WHERE (`id` = 'CPID41');
UPDATE `compositepermission` SET `isEnabled` = '0' WHERE (`id` = 'CPID42');
UPDATE `compositepermission` SET `isEnabled` = '0' WHERE (`id` = 'CPID43');
UPDATE `compositepermission` SET `isEnabled` = '0' WHERE (`id` = 'CPID44');
UPDATE `compositepermission` SET `isEnabled` = '0' WHERE (`id` = 'CPID45');
UPDATE `compositepermission` SET `isEnabled` = '0' WHERE (`id` = 'CPID46');
UPDATE `compositepermission` SET `isEnabled` = '0' WHERE (`id` = 'CPID47');
UPDATE `compositepermission` SET `isEnabled` = '0' WHERE (`id` = 'CPID48');
UPDATE `compositepermission` SET `isEnabled` = '0' WHERE (`id` = 'CPID49');
UPDATE `compositepermission` SET `isEnabled` = '0' WHERE (`id` = 'CPID50');
UPDATE `compositepermission` SET `isEnabled` = '0' WHERE (`id` = 'CPID51');
UPDATE `compositepermission` SET `isEnabled` = '0' WHERE (`id` = 'CPID52');
UPDATE `compositepermission` SET `isEnabled` = '0' WHERE (`id` = 'CPID53');
UPDATE `compositepermission` SET `isEnabled` = '0' WHERE (`id` = 'CPID54');
UPDATE `compositepermission` SET `isEnabled` = '0' WHERE (`id` = 'CPID55');
UPDATE `compositepermission` SET `isEnabled` = '0' WHERE (`id` = 'CPID56');
UPDATE `compositepermission` SET `isEnabled` = '0' WHERE (`id` = 'CPID57');
UPDATE `compositepermission` SET `isEnabled` = '0' WHERE (`id` = 'CPID58');
UPDATE `compositepermission` SET `isEnabled` = '0' WHERE (`id` = 'CPID59');
UPDATE `compositepermission` SET `isEnabled` = '0' WHERE (`id` = 'CPID60');
UPDATE `compositepermission` SET `isEnabled` = '0' WHERE (`id` = 'CPID61');
UPDATE `compositepermission` SET `isEnabled` = '0' WHERE (`id` = 'CPID62');
UPDATE `compositepermission` SET `isEnabled` = '0' WHERE (`id` = 'CPID63');
UPDATE `compositepermission` SET `isEnabled` = '0' WHERE (`id` = 'CPID64');
UPDATE `compositepermission` SET `isEnabled` = '0' WHERE (`id` = 'CPID65');
UPDATE `compositepermission` SET `isEnabled` = '0' WHERE (`id` = 'CPID66');


INSERT IGNORE INTO `feature` (`id`, `Name`, `code`, `DisplayName`, `Description`, `Type_id`, `Status_id`) VALUES ('FEATURE_ID22', 'Security Preferences', 'SECURITY_PREFERENCES', 'Security Preferences', 'Security Preferences', 'TYPE_NON_MONETARY', 'SID_ACTIVE');

INSERT IGNORE INTO `service` (`id`, `Type_id`, `Feature_id`, `Name`, `Description`, `Status_id`, `code`, `DisplayName`, `DisplayDescription`, `createdby`, `modifiedby`) VALUES ('SERVICE_ID_104', 'SER_TYPE_NONTRANS','FEATURE_ID22', 'Reset Security Questions', 'Reset Security Questions', 'SID_ACTIVE', 'RESET_SECURITY_QUESTIONS', 'Reset Security Questions', 'Reset Security Questions', 'Kony User', 'Kony User');

INSERT IGNORE INTO `appaction` (`id`, `App_id`, `Action_id`) VALUES ('BUSINESS_BANKING_SERVICE_ID_104', 'BUSINESS_BANKING', 'SERVICE_ID_104');
INSERT IGNORE INTO `appaction` (`id`, `App_id`, `Action_id`) VALUES ('RETAIL_BANKING_SERVICE_ID_104', 'RETAIL_BANKING', 'SERVICE_ID_104');

INSERT IGNORE INTO `compositepermission` (`id`, `Permission_id`, `Entitlement_id`, `isEnabled`, `createdby`, `modifiedby`) VALUES ('CPID94', 'PID45', 'SERVICE_ID_104', '0', 'Kony Dev', 'Kony User');

INSERT IGNORE INTO `service_channels` (`Service_id`, `Channel_id`, `createdby`, `modifiedby`, `createdts`, `lastmodifiedts`, `synctimestamp`, `softdeleteflag`) VALUES ('SERVICE_ID_104','CH_ID_INT',NULL,NULL,CURRENT_TIMESTAMP,CURRENT_TIMESTAMP,CURRENT_TIMESTAMP,0);
INSERT IGNORE INTO `service_channels` (`Service_id`, `Channel_id`, `createdby`, `modifiedby`, `createdts`, `lastmodifiedts`, `synctimestamp`, `softdeleteflag`) VALUES ('SERVICE_ID_104','CH_ID_MOB',NULL,NULL,CURRENT_TIMESTAMP,CURRENT_TIMESTAMP,CURRENT_TIMESTAMP,0);

INSERT IGNORE INTO `groupentitlement` (`Group_id`, `Service_id`, `createdby`) VALUES ('GROUP_ADMINISTRATOR', 'SERVICE_ID_104', 'UID11');
INSERT IGNORE INTO `groupentitlement` (`Group_id`, `Service_id`, `createdby`) VALUES ('GROUP_VIEWER', 'SERVICE_ID_104', 'UID11');
INSERT IGNORE INTO `groupentitlement` (`Group_id`, `Service_id`, `createdby`) VALUES ('GROUP_CREATOR', 'SERVICE_ID_104', 'UID11');
INSERT IGNORE INTO `groupentitlement` (`Group_id`, `Service_id`, `createdby`) VALUES ('GROUP_AUTHORIZER', 'SERVICE_ID_104', 'UID11');
INSERT IGNORE INTO `groupentitlement` (`Group_id`, `Service_id`, `createdby`) VALUES ('GROUP_MICRO_ADMINISTRATOR', 'SERVICE_ID_104', 'UID11');
INSERT IGNORE INTO `groupentitlement` (`Group_id`, `Service_id`, `createdby`) VALUES ('GROUP_MICRO_VIEWER', 'SERVICE_ID_104', 'UID11'); 
INSERT IGNORE INTO `groupentitlement` (`Group_id`, `Service_id`, `createdby`) VALUES ('GROUP_MICRO_CREATOR', 'SERVICE_ID_104', 'UID11'); 
INSERT IGNORE INTO `groupentitlement` (`Group_id`, `Service_id`, `createdby`) VALUES ('GROUP_MICRO_AUTHORIZER', 'SERVICE_ID_104', 'UID11');
INSERT IGNORE INTO `groupentitlement` (`Group_id`, `Service_id`, `createdby`) VALUES ('DEFAULT_GROUP', 'SERVICE_ID_104', 'UID11');


-- Removing business banking app configuration from 4.2.5
DELETE FROM `alerttypeapp` where AppId='BUSINESS_BANKING';
DELETE FROM `appactionmfa` where AppAction_id like 'BUSINESS_BANKING%';
DELETE FROM `appactionlimit` where AppAction_id like 'BUSINESS_BANKING%';
DELETE FROM `appaction` where App_id='BUSINESS_BANKING';
DELETE FROM `appversion` where app = 'BUSINESS_BANKING';
DELETE FROM `app` WHERE (`id` = 'BUSINESS_BANKING');

INSERT INTO `service_permission_mapper` (`id`, `service_name`, `object_name`, `operation`, `user_type`, `permissions`) VALUES ('04039f1c-e142-4451-bc99-7654345678233', 'EmailObjService', 'email', 'create', 'TYPE_ID_CUSTOMER360', 'ViewUser');
INSERT INTO `service_permission_mapper` (`id`, `service_name`, `object_name`, `operation`, `user_type`, `permissions`) VALUES ('2c145d0b-9834-4b6d-bd50-fd726sdfge345', 'RBObjects', 'DbxUser', 'sendDbxResetPasswordEmail', 'DBP_API_USER', 'API_ACCESS');
INSERT INTO `service_permission_mapper` (`id`, `service_name`, `object_name`, `operation`, `user_type`, `permissions`) VALUES ('51d1336b-3a7d-4c27-92ba-2badfgnhfgh2', 'RBObjects', 'Applicant', 'createApplicant', 'DBP_API_USER', 'API_ACCESS');

INSERT IGNORE INTO `service_channels` (`Service_id`, `Channel_id`, `createdby`, `modifiedby`, `createdts`, `lastmodifiedts`, `synctimestamp`, `softdeleteflag`) VALUES ('SERVICE_ID_70','CH_ID_INT',NULL,NULL,CURRENT_TIMESTAMP,CURRENT_TIMESTAMP,CURRENT_TIMESTAMP,0);
INSERT IGNORE INTO `service_channels` (`Service_id`, `Channel_id`, `createdby`, `modifiedby`, `createdts`, `lastmodifiedts`, `synctimestamp`, `softdeleteflag`) VALUES ('SERVICE_ID_70','CH_ID_MOB',NULL,NULL,CURRENT_TIMESTAMP,CURRENT_TIMESTAMP,CURRENT_TIMESTAMP,0);

INSERT IGNORE INTO `groupentitlement` (`Group_id`, `Service_id`, `createdby`) VALUES ('GROUP_ADMINISTRATOR', 'SERVICE_ID_70', 'UID11');
INSERT IGNORE INTO `groupentitlement` (`Group_id`, `Service_id`, `createdby`) VALUES ('GROUP_VIEWER', 'SERVICE_ID_70', 'UID11');
INSERT IGNORE INTO `groupentitlement` (`Group_id`, `Service_id`, `createdby`) VALUES ('GROUP_CREATOR', 'SERVICE_ID_70', 'UID11');
INSERT IGNORE INTO `groupentitlement` (`Group_id`, `Service_id`, `createdby`) VALUES ('GROUP_AUTHORIZER', 'SERVICE_ID_70', 'UID11');
INSERT IGNORE INTO `groupentitlement` (`Group_id`, `Service_id`, `createdby`) VALUES ('GROUP_MICRO_ADMINISTRATOR', 'SERVICE_ID_70', 'UID11');
INSERT IGNORE INTO `groupentitlement` (`Group_id`, `Service_id`, `createdby`) VALUES ('GROUP_MICRO_VIEWER', 'SERVICE_ID_70', 'UID11'); 
INSERT IGNORE INTO `groupentitlement` (`Group_id`, `Service_id`, `createdby`) VALUES ('GROUP_MICRO_CREATOR', 'SERVICE_ID_70', 'UID11'); 
INSERT IGNORE INTO `groupentitlement` (`Group_id`, `Service_id`, `createdby`) VALUES ('GROUP_MICRO_AUTHORIZER', 'SERVICE_ID_70', 'UID11');
INSERT IGNORE INTO `groupentitlement` (`Group_id`, `Service_id`, `createdby`) VALUES ('DEFAULT_GROUP', 'SERVICE_ID_70', 'UID11');

INSERT IGNORE INTO `service_channels` (`Service_id`, `Channel_id`, `createdby`, `modifiedby`, `createdts`, `lastmodifiedts`, `synctimestamp`, `softdeleteflag`) VALUES ('SERVICE_ID_71','CH_ID_INT',NULL,NULL,CURRENT_TIMESTAMP,CURRENT_TIMESTAMP,CURRENT_TIMESTAMP,0);
INSERT IGNORE INTO `service_channels` (`Service_id`, `Channel_id`, `createdby`, `modifiedby`, `createdts`, `lastmodifiedts`, `synctimestamp`, `softdeleteflag`) VALUES ('SERVICE_ID_71','CH_ID_MOB',NULL,NULL,CURRENT_TIMESTAMP,CURRENT_TIMESTAMP,CURRENT_TIMESTAMP,0);

INSERT IGNORE INTO `groupentitlement` (`Group_id`, `Service_id`, `createdby`) VALUES ('GROUP_ADMINISTRATOR', 'SERVICE_ID_71', 'UID11');
INSERT IGNORE INTO `groupentitlement` (`Group_id`, `Service_id`, `createdby`) VALUES ('GROUP_VIEWER', 'SERVICE_ID_71', 'UID11');
INSERT IGNORE INTO `groupentitlement` (`Group_id`, `Service_id`, `createdby`) VALUES ('GROUP_CREATOR', 'SERVICE_ID_71', 'UID11');
INSERT IGNORE INTO `groupentitlement` (`Group_id`, `Service_id`, `createdby`) VALUES ('GROUP_AUTHORIZER', 'SERVICE_ID_71', 'UID11');
INSERT IGNORE INTO `groupentitlement` (`Group_id`, `Service_id`, `createdby`) VALUES ('GROUP_MICRO_ADMINISTRATOR', 'SERVICE_ID_71', 'UID11');
INSERT IGNORE INTO `groupentitlement` (`Group_id`, `Service_id`, `createdby`) VALUES ('GROUP_MICRO_VIEWER', 'SERVICE_ID_71', 'UID11'); 
INSERT IGNORE INTO `groupentitlement` (`Group_id`, `Service_id`, `createdby`) VALUES ('GROUP_MICRO_CREATOR', 'SERVICE_ID_71', 'UID11'); 
INSERT IGNORE INTO `groupentitlement` (`Group_id`, `Service_id`, `createdby`) VALUES ('GROUP_MICRO_AUTHORIZER', 'SERVICE_ID_71', 'UID11');
INSERT IGNORE INTO `groupentitlement` (`Group_id`, `Service_id`, `createdby`) VALUES ('DEFAULT_GROUP', 'SERVICE_ID_71', 'UID11');


INSERT IGNORE INTO `service_channels` (`Service_id`, `Channel_id`, `createdby`, `modifiedby`, `createdts`, `lastmodifiedts`, `synctimestamp`, `softdeleteflag`) VALUES ('SERVICE_ID_72','CH_ID_INT',NULL,NULL,CURRENT_TIMESTAMP,CURRENT_TIMESTAMP,CURRENT_TIMESTAMP,0);
INSERT IGNORE INTO `service_channels` (`Service_id`, `Channel_id`, `createdby`, `modifiedby`, `createdts`, `lastmodifiedts`, `synctimestamp`, `softdeleteflag`) VALUES ('SERVICE_ID_72','CH_ID_MOB',NULL,NULL,CURRENT_TIMESTAMP,CURRENT_TIMESTAMP,CURRENT_TIMESTAMP,0);

INSERT IGNORE INTO `groupentitlement` (`Group_id`, `Service_id`, `createdby`) VALUES ('GROUP_ADMINISTRATOR', 'SERVICE_ID_72', 'UID11');
INSERT IGNORE INTO `groupentitlement` (`Group_id`, `Service_id`, `createdby`) VALUES ('GROUP_VIEWER', 'SERVICE_ID_72', 'UID11');
INSERT IGNORE INTO `groupentitlement` (`Group_id`, `Service_id`, `createdby`) VALUES ('GROUP_CREATOR', 'SERVICE_ID_72', 'UID11');
INSERT IGNORE INTO `groupentitlement` (`Group_id`, `Service_id`, `createdby`) VALUES ('GROUP_AUTHORIZER', 'SERVICE_ID_72', 'UID11');
INSERT IGNORE INTO `groupentitlement` (`Group_id`, `Service_id`, `createdby`) VALUES ('GROUP_MICRO_ADMINISTRATOR', 'SERVICE_ID_72', 'UID11');
INSERT IGNORE INTO `groupentitlement` (`Group_id`, `Service_id`, `createdby`) VALUES ('GROUP_MICRO_VIEWER', 'SERVICE_ID_72', 'UID11'); 
INSERT IGNORE INTO `groupentitlement` (`Group_id`, `Service_id`, `createdby`) VALUES ('GROUP_MICRO_CREATOR', 'SERVICE_ID_72', 'UID11'); 
INSERT IGNORE INTO `groupentitlement` (`Group_id`, `Service_id`, `createdby`) VALUES ('GROUP_MICRO_AUTHORIZER', 'SERVICE_ID_72', 'UID11');
INSERT IGNORE INTO `groupentitlement` (`Group_id`, `Service_id`, `createdby`) VALUES ('DEFAULT_GROUP', 'SERVICE_ID_72', 'UID11');


INSERT IGNORE INTO `service_channels` (`Service_id`, `Channel_id`, `createdby`, `modifiedby`, `createdts`, `lastmodifiedts`, `synctimestamp`, `softdeleteflag`) VALUES ('SERVICE_ID_74','CH_ID_INT',NULL,NULL,CURRENT_TIMESTAMP,CURRENT_TIMESTAMP,CURRENT_TIMESTAMP,0);
INSERT IGNORE INTO `service_channels` (`Service_id`, `Channel_id`, `createdby`, `modifiedby`, `createdts`, `lastmodifiedts`, `synctimestamp`, `softdeleteflag`) VALUES ('SERVICE_ID_74','CH_ID_MOB',NULL,NULL,CURRENT_TIMESTAMP,CURRENT_TIMESTAMP,CURRENT_TIMESTAMP,0);

INSERT IGNORE INTO `groupentitlement` (`Group_id`, `Service_id`, `createdby`) VALUES ('GROUP_ADMINISTRATOR', 'SERVICE_ID_74', 'UID11');
INSERT IGNORE INTO `groupentitlement` (`Group_id`, `Service_id`, `createdby`) VALUES ('GROUP_VIEWER', 'SERVICE_ID_74', 'UID11');
INSERT IGNORE INTO `groupentitlement` (`Group_id`, `Service_id`, `createdby`) VALUES ('GROUP_CREATOR', 'SERVICE_ID_74', 'UID11');
INSERT IGNORE INTO `groupentitlement` (`Group_id`, `Service_id`, `createdby`) VALUES ('GROUP_AUTHORIZER', 'SERVICE_ID_74', 'UID11');
INSERT IGNORE INTO `groupentitlement` (`Group_id`, `Service_id`, `createdby`) VALUES ('GROUP_MICRO_ADMINISTRATOR', 'SERVICE_ID_74', 'UID11');
INSERT IGNORE INTO `groupentitlement` (`Group_id`, `Service_id`, `createdby`) VALUES ('GROUP_MICRO_VIEWER', 'SERVICE_ID_74', 'UID11'); 
INSERT IGNORE INTO `groupentitlement` (`Group_id`, `Service_id`, `createdby`) VALUES ('GROUP_MICRO_CREATOR', 'SERVICE_ID_74', 'UID11'); 
INSERT IGNORE INTO `groupentitlement` (`Group_id`, `Service_id`, `createdby`) VALUES ('GROUP_MICRO_AUTHORIZER', 'SERVICE_ID_74', 'UID11');
INSERT IGNORE INTO `groupentitlement` (`Group_id`, `Service_id`, `createdby`) VALUES ('DEFAULT_GROUP', 'SERVICE_ID_74', 'UID11');


UPDATE IGNORE `configurations` SET `config_value` = 'NCO_QUICKFLOW,NCO_MEMEBERSHIP_ELIGIBILITY,NCO_PHONENUMBER,NCO_PERSONAL_INFORMATION,NCO_IDENTITY_INFORMATION,NCO_ACCEPT_AND_SUBMIT,NCO_CREATE_MEMBER,NCO_MEMBERSHIP_ACKNOWLEDGEMENT,NCO_CREATE_USERNAME_PASSWORD,NCO_CREATE_USERNAME_ACKNOWLEDGEMENT' WHERE (`configuration_id` = '3bca9ff8-74e7-4e93-9db1-6686b2b05432');

INSERT INTO `service_permission_mapper` (`id`, `service_name`, `object_name`, `operation`, `user_type`, `permissions`) VALUES ('03c50d90-2231-47a8-b2b57654345678765', 'AccountRequestsObjService', 'TravelNotification', 'deleteTravelNotification', 'TYPE_ID_CUSTOMER360', 'ViewCustomer');
INSERT INTO `service_permission_mapper` (`id`, `service_name`, `object_name`, `operation`, `user_type`, `permissions`) VALUES ('04039f1c-e142-4661-bc99-hr445677654e', 'AccountRequestsObjService', 'TravelNotification', 'getTravelNotification', 'TYPE_ID_CUSTOMER360', 'ViewCustomer');
INSERT INTO `service_permission_mapper` (`id`, `service_name`, `object_name`, `operation`, `user_type`, `permissions`) VALUES ('04039f1c-e142-4661-bc99ghju76543efgh3', 'AccountRequestsObjService', 'TravelNotification', 'getTravelNotificationStatus', 'TYPE_ID_CUSTOMER360', 'ViewCustomer');
INSERT INTO `service_permission_mapper` (`id`, `service_name`, `object_name`, `operation`, `user_type`, `permissions`) VALUES ('04039f1c-e142-4661-bc99loiuyhjy543456', 'AccountRequestsObjService', 'TravelNotification', 'updateTravelNotification', 'TYPE_ID_CUSTOMER360', 'ViewCustomer');
INSERT INTO `service_permission_mapper` (`id`, `service_name`, `object_name`, `operation`, `user_type`, `permissions`) VALUES ('04039f1c-e142-4661-hbdwe-4fdmsbui43454', 'AccountRequestsObjService', 'CardRequests', 'getCardRequests', 'TYPE_ID_CUSTOMER360', 'ViewCustomer');
INSERT INTO `service_permission_mapper` (`id`, `service_name`, `object_name`, `operation`, `user_type`, `permissions`) VALUES ('3ec4d6a6-f9b9-4a03-234rrfedwswe4323rt', 'AccountRequestsObjService', 'CardRequests', 'createCardRequest', 'TYPE_ID_CUSTOMER360', 'ViewCustomer');

INSERT INTO `appactionmfa` (`id`, `AppAction_id`, `IsMFARequired`, `FrequencyType_id`, `Status_id`, `Description`, `PrimaryMFAType`, `SecondaryMFAType`, `SMSText`, `EmailSubject`, `EmailBody`, `createdby`, `modifiedby`, `createdts`, `lastmodifiedts`, `synctimestamp`, `softdeleteflag`) VALUES ('1069008617', 'RETAIL_BANKING_SERVICE_ID_68', '1', 'ALWAYS', 'SID_ACTIVE', 'ProfileManagement-UsernameUpdate', 'SECURITY_QUESTIONS', 'SECURE_ACCESS_CODE', '[#]OTP[/#]', 'Secure Access Code', '[#]OTP[/#]', 'UID10', 'admin1', CURRENT_TIMESTAMP, CURRENT_TIMESTAMP, CURRENT_TIMESTAMP, '0');
INSERT INTO `appactionmfa` (`id`, `AppAction_id`, `IsMFARequired`, `FrequencyType_id`, `Status_id`, `Description`, `PrimaryMFAType`, `SecondaryMFAType`, `SMSText`, `EmailSubject`, `EmailBody`, `createdby`, `modifiedby`, `createdts`, `lastmodifiedts`, `synctimestamp`, `softdeleteflag`) VALUES ('1692872967', 'RETAIL_BANKING_SERVICE_ID_69', '0', 'ALWAYS', 'SID_INACTIVE', 'ProfileManagement-PasswordUpdate', 'SECURITY_QUESTIONS', 'SECURE_ACCESS_CODE', '[#]OTP[/#]', 'Secure Access Code', '[#]OTP[/#]', 'UID10', 'admin1', CURRENT_TIMESTAMP, CURRENT_TIMESTAMP, CURRENT_TIMESTAMP, '0');
INSERT INTO `appactionmfa` (`id`, `AppAction_id`, `IsMFARequired`, `FrequencyType_id`, `Status_id`, `Description`, `PrimaryMFAType`, `SecondaryMFAType`, `SMSText`, `EmailSubject`, `EmailBody`, `createdby`, `modifiedby`, `createdts`, `lastmodifiedts`, `synctimestamp`, `softdeleteflag`) VALUES ('1588624560', 'RETAIL_BANKING_SERVICE_ID_70', '1', 'ALWAYS', 'SID_ACTIVE', 'Card Management- Lock Card', 'SECURITY_QUESTIONS', 'SECURE_ACCESS_CODE', '[#]OTP[/#]\n', 'OTP', '<br>[#]OTP[/#]<br><br class=\"\">', 'UID10', 'admin1', CURRENT_TIMESTAMP, CURRENT_TIMESTAMP, CURRENT_TIMESTAMP, '0');
INSERT INTO `appactionmfa` (`id`, `AppAction_id`, `IsMFARequired`, `FrequencyType_id`, `Status_id`, `Description`, `PrimaryMFAType`, `SecondaryMFAType`, `SMSText`, `EmailSubject`, `EmailBody`, `createdby`, `modifiedby`, `createdts`, `lastmodifiedts`, `synctimestamp`, `softdeleteflag`) VALUES ('1318584743', 'RETAIL_BANKING_SERVICE_ID_71', '0', 'ALWAYS', 'SID_INACTIVE', 'Cardmanagement-unlock', 'SECURE_ACCESS_CODE', 'SECURITY_QUESTIONS', '[#]OTP[/#]', 'Secure Access Code', '[#]OTP[/#]', 'UID10', 'admin1', CURRENT_TIMESTAMP, CURRENT_TIMESTAMP, CURRENT_TIMESTAMP, '0');
INSERT INTO `appactionmfa` (`id`, `AppAction_id`, `IsMFARequired`, `FrequencyType_id`, `Status_id`, `Description`, `PrimaryMFAType`, `SecondaryMFAType`, `SMSText`, `EmailSubject`, `EmailBody`, `createdby`, `modifiedby`, `createdts`, `lastmodifiedts`, `synctimestamp`, `softdeleteflag`) VALUES ('1472980002', 'RETAIL_BANKING_SERVICE_ID_72', '0', 'ALWAYS', 'SID_INACTIVE', 'cardmanagement-replacecard', 'SECURITY_QUESTIONS', 'SECURE_ACCESS_CODE', '[#]OTP[/#]', 'Secure Access Code', '[#]OTP[/#]', 'UID10', 'admin1', CURRENT_TIMESTAMP, CURRENT_TIMESTAMP, CURRENT_TIMESTAMP, '0');
INSERT INTO `appactionmfa` (`id`, `AppAction_id`, `IsMFARequired`, `FrequencyType_id`, `Status_id`, `Description`, `PrimaryMFAType`, `SecondaryMFAType`, `SMSText`, `EmailSubject`, `EmailBody`, `createdby`, `modifiedby`, `createdts`, `lastmodifiedts`, `synctimestamp`, `softdeleteflag`) VALUES ('1261437124', 'RETAIL_BANKING_SERVICE_ID_73', '0', 'ALWAYS', 'SID_INACTIVE', 'Cardmanagement-replace', 'SECURE_ACCESS_CODE', 'SECURITY_QUESTIONS', '[#]OTP[/#]', 'Secure Access Code', '[#]OTP[/#]', 'UID10', 'admin1', CURRENT_TIMESTAMP, CURRENT_TIMESTAMP, CURRENT_TIMESTAMP, '0');
INSERT INTO `appactionmfa` (`id`, `AppAction_id`, `IsMFARequired`, `FrequencyType_id`, `Status_id`, `Description`, `PrimaryMFAType`, `SecondaryMFAType`, `SMSText`, `EmailSubject`, `EmailBody`, `createdby`, `modifiedby`, `createdts`, `lastmodifiedts`, `synctimestamp`, `softdeleteflag`) VALUES ('1425773498', 'RETAIL_BANKING_SERVICE_ID_74', '0', 'ALWAYS', 'SID_INACTIVE', 'Card Management-Change Pin', 'SECURE_ACCESS_CODE', 'SECURITY_QUESTIONS', '[#]OTP[/#]\n', 'OTP', '<br>[#]OTP[/#]<br><br class=\"\">', 'UID10', 'admin1', CURRENT_TIMESTAMP, CURRENT_TIMESTAMP, CURRENT_TIMESTAMP, '0');
INSERT INTO `appactionmfa` (`id`, `AppAction_id`, `IsMFARequired`, `FrequencyType_id`, `Status_id`, `Description`, `PrimaryMFAType`, `SecondaryMFAType`, `SMSText`, `EmailSubject`, `EmailBody`, `createdby`, `modifiedby`, `createdts`, `lastmodifiedts`, `synctimestamp`, `softdeleteflag`) VALUES ('1518695287', 'RETAIL_BANKING_SERVICE_ID_75', '0', 'ALWAYS', 'SID_INACTIVE', 'Card Management-Cancel Card', 'SECURITY_QUESTIONS', 'SECURE_ACCESS_CODE', '[#]OTP[/#]\n', 'OTp', '<br>[#]OTP[/#]<br><br class=\"\">', 'UID10', 'admin1', CURRENT_TIMESTAMP, CURRENT_TIMESTAMP, CURRENT_TIMESTAMP, '0');
