-- >> CAMPAIGN MANAGEMENT <<
INSERT INTO `attributecriteria` (`id`, `name`, `createdby`, `modifiedby`, `createdts`, `lastmodifiedts`, `synctimestamp`, `softdeleteflag`) VALUES ('eq','i18n.frmAdManagement.Equal','Kony App','Kony App',CURRENT_TIMESTAMP,CURRENT_TIMESTAMP,CURRENT_TIMESTAMP,0);
INSERT INTO `attributecriteria` (`id`, `name`, `createdby`, `modifiedby`, `createdts`, `lastmodifiedts`, `synctimestamp`, `softdeleteflag`) VALUES ('ge','i18n.frmAdManagement.GreaterThan','Kony App','Kony App',CURRENT_TIMESTAMP,CURRENT_TIMESTAMP,CURRENT_TIMESTAMP,0);
INSERT INTO `attributecriteria` (`id`, `name`, `createdby`, `modifiedby`, `createdts`, `lastmodifiedts`, `synctimestamp`, `softdeleteflag`) VALUES ('gt','i18n.frmAdManagement.GreaterThanOrEqual','Kony App','Kony App',CURRENT_TIMESTAMP,CURRENT_TIMESTAMP,CURRENT_TIMESTAMP,0);
INSERT INTO `attributecriteria` (`id`, `name`, `createdby`, `modifiedby`, `createdts`, `lastmodifiedts`, `synctimestamp`, `softdeleteflag`) VALUES ('le','i18n.frmAdManagement.LessThan','Kony App','Kony App',CURRENT_TIMESTAMP,CURRENT_TIMESTAMP,CURRENT_TIMESTAMP,0);
INSERT INTO `attributecriteria` (`id`, `name`, `createdby`, `modifiedby`, `createdts`, `lastmodifiedts`, `synctimestamp`, `softdeleteflag`) VALUES ('lt','i18n.frmAdManagement.LessThanOrEqual','Kony App','Kony App',CURRENT_TIMESTAMP,CURRENT_TIMESTAMP,CURRENT_TIMESTAMP,0);
INSERT INTO `attributecriteria` (`id`, `name`, `createdby`, `modifiedby`, `createdts`, `lastmodifiedts`, `synctimestamp`, `softdeleteflag`) VALUES ('ne','i18n.frmAdManagement.NotEqual','Kony App','Kony App',CURRENT_TIMESTAMP,CURRENT_TIMESTAMP,CURRENT_TIMESTAMP,0);

INSERT INTO `attributeoption` (`id`, `endpoint_attributeoption_id`, `name`, `createdby`, `modifiedby`, `createdts`, `lastmodifiedts`, `synctimestamp`, `softdeleteflag`) VALUES ('ATTR_OPT_100KTO250K','B.%20100K-250K','i18n.frmAdManagement.100KTo250k','Kony App','Kony App',CURRENT_TIMESTAMP,CURRENT_TIMESTAMP,CURRENT_TIMESTAMP,0);
INSERT INTO `attributeoption` (`id`, `endpoint_attributeoption_id`, `name`, `createdby`, `modifiedby`, `createdts`, `lastmodifiedts`, `synctimestamp`, `softdeleteflag`) VALUES ('ATTR_OPT_50KTO100K','C.%2050K-100K','i18n.frmAdManagement.50Kto100K','Kony App','Kony App',CURRENT_TIMESTAMP,CURRENT_TIMESTAMP,CURRENT_TIMESTAMP,0);
INSERT INTO `attributeoption` (`id`, `endpoint_attributeoption_id`, `name`, `createdby`, `modifiedby`, `createdts`, `lastmodifiedts`, `synctimestamp`, `softdeleteflag`) VALUES ('ATTR_OPT_BREAKEVEN','04.%20Break%20Even','i18n.frmAdManagement.BreakEven','Kony App','Kony App',CURRENT_TIMESTAMP,CURRENT_TIMESTAMP,CURRENT_TIMESTAMP,0);
INSERT INTO `attributeoption` (`id`, `endpoint_attributeoption_id`, `name`, `createdby`, `modifiedby`, `createdts`, `lastmodifiedts`, `synctimestamp`, `softdeleteflag`) VALUES ('ATTR_OPT_BUSINESS','Business','i18n.frmAdManagement.Business','Kony App','Kony App',CURRENT_TIMESTAMP,CURRENT_TIMESTAMP,CURRENT_TIMESTAMP,0);
INSERT INTO `attributeoption` (`id`, `endpoint_attributeoption_id`, `name`, `createdby`, `modifiedby`, `createdts`, `lastmodifiedts`, `synctimestamp`, `softdeleteflag`) VALUES ('ATTR_OPT_FEMALE','Female','i18n.frmAdManagement.Female','Kony App','Kony App',CURRENT_TIMESTAMP,CURRENT_TIMESTAMP,CURRENT_TIMESTAMP,0);
INSERT INTO `attributeoption` (`id`, `endpoint_attributeoption_id`, `name`, `createdby`, `modifiedby`, `createdts`, `lastmodifiedts`, `synctimestamp`, `softdeleteflag`) VALUES ('ATTR_OPT_GOLD','Gold','i18n.frmAdManagement.Gold','Kony App','Kony App',CURRENT_TIMESTAMP,CURRENT_TIMESTAMP,CURRENT_TIMESTAMP,0);
INSERT INTO `attributeoption` (`id`, `endpoint_attributeoption_id`, `name`, `createdby`, `modifiedby`, `createdts`, `lastmodifiedts`, `synctimestamp`, `softdeleteflag`) VALUES ('ATTR_OPT_GREATER_THAN_250K','A.%20>250K','i18n.frmAdManagement.GreaterThan250K','Kony App','Kony App',CURRENT_TIMESTAMP,CURRENT_TIMESTAMP,CURRENT_TIMESTAMP,0);
INSERT INTO `attributeoption` (`id`, `endpoint_attributeoption_id`, `name`, `createdby`, `modifiedby`, `createdts`, `lastmodifiedts`, `synctimestamp`, `softdeleteflag`) VALUES ('ATTR_OPT_HIGH','High','i18n.frmAdManagement.High','Kony App','Kony App',CURRENT_TIMESTAMP,CURRENT_TIMESTAMP,CURRENT_TIMESTAMP,0);
INSERT INTO `attributeoption` (`id`, `endpoint_attributeoption_id`, `name`, `createdby`, `modifiedby`, `createdts`, `lastmodifiedts`, `synctimestamp`, `softdeleteflag`) VALUES ('ATTR_OPT_HIGH_DEFICIT','01.%20High%20Deficit','i18n.frmAdManagement.HighDeficit','Kony App','Kony App',CURRENT_TIMESTAMP,CURRENT_TIMESTAMP,CURRENT_TIMESTAMP,0);
INSERT INTO `attributeoption` (`id`, `endpoint_attributeoption_id`, `name`, `createdby`, `modifiedby`, `createdts`, `lastmodifiedts`, `synctimestamp`, `softdeleteflag`) VALUES ('ATTR_OPT_HIGH_SURPLUS','07.%20High%20Surplus','i18n.frmAdManagement.HighSurplus','Kony App','Kony App',CURRENT_TIMESTAMP,CURRENT_TIMESTAMP,CURRENT_TIMESTAMP,0);
INSERT INTO `attributeoption` (`id`, `endpoint_attributeoption_id`, `name`, `createdby`, `modifiedby`, `createdts`, `lastmodifiedts`, `synctimestamp`, `softdeleteflag`) VALUES ('ATTR_OPT_LESS_THAN_50K','D.%20<50K','i18n.frmAdManagement.LessThan50K','Kony App','Kony App',CURRENT_TIMESTAMP,CURRENT_TIMESTAMP,CURRENT_TIMESTAMP,0);
INSERT INTO `attributeoption` (`id`, `endpoint_attributeoption_id`, `name`, `createdby`, `modifiedby`, `createdts`, `lastmodifiedts`, `synctimestamp`, `softdeleteflag`) VALUES ('ATTR_OPT_LOW','Low','i18n.frmAdManagement.Low','Kony App','Kony App',CURRENT_TIMESTAMP,CURRENT_TIMESTAMP,CURRENT_TIMESTAMP,0);
INSERT INTO `attributeoption` (`id`, `endpoint_attributeoption_id`, `name`, `createdby`, `modifiedby`, `createdts`, `lastmodifiedts`, `synctimestamp`, `softdeleteflag`) VALUES ('ATTR_OPT_LOW_DEFICIT','03.%20Low%20Deficit','i18n.frmAdManagement.LowDeficit','Kony App','Kony App',CURRENT_TIMESTAMP,CURRENT_TIMESTAMP,CURRENT_TIMESTAMP,0);
INSERT INTO `attributeoption` (`id`, `endpoint_attributeoption_id`, `name`, `createdby`, `modifiedby`, `createdts`, `lastmodifiedts`, `synctimestamp`, `softdeleteflag`) VALUES ('ATTR_OPT_LOW_SURPLUS','05.%20Low%20Surplus','i18n.frmAdManagement.LowSurplus','Kony App','Kony App',CURRENT_TIMESTAMP,CURRENT_TIMESTAMP,CURRENT_TIMESTAMP,0);
INSERT INTO `attributeoption` (`id`, `endpoint_attributeoption_id`, `name`, `createdby`, `modifiedby`, `createdts`, `lastmodifiedts`, `synctimestamp`, `softdeleteflag`) VALUES ('ATTR_OPT_MALE','Male','i18n.frmAdManagement.Male','Kony App','Kony App',CURRENT_TIMESTAMP,CURRENT_TIMESTAMP,CURRENT_TIMESTAMP,0);
INSERT INTO `attributeoption` (`id`, `endpoint_attributeoption_id`, `name`, `createdby`, `modifiedby`, `createdts`, `lastmodifiedts`, `synctimestamp`, `softdeleteflag`) VALUES ('ATTR_OPT_MARRIED','Married','i18n.frmAdManagement.Married','Kony App','Kony App',CURRENT_TIMESTAMP,CURRENT_TIMESTAMP,CURRENT_TIMESTAMP,0);
INSERT INTO `attributeoption` (`id`, `endpoint_attributeoption_id`, `name`, `createdby`, `modifiedby`, `createdts`, `lastmodifiedts`, `synctimestamp`, `softdeleteflag`) VALUES ('ATTR_OPT_MEDIUM','Medium','i18n.frmAdManagement.Medium','Kony App','Kony App',CURRENT_TIMESTAMP,CURRENT_TIMESTAMP,CURRENT_TIMESTAMP,0);
INSERT INTO `attributeoption` (`id`, `endpoint_attributeoption_id`, `name`, `createdby`, `modifiedby`, `createdts`, `lastmodifiedts`, `synctimestamp`, `softdeleteflag`) VALUES ('ATTR_OPT_MEDIUM_DEFICIT','02.%20Medium%20Deficit','i18n.frmAdManagement.MediumDeficit','Kony App','Kony App',CURRENT_TIMESTAMP,CURRENT_TIMESTAMP,CURRENT_TIMESTAMP,0);
INSERT INTO `attributeoption` (`id`, `endpoint_attributeoption_id`, `name`, `createdby`, `modifiedby`, `createdts`, `lastmodifiedts`, `synctimestamp`, `softdeleteflag`) VALUES ('ATTR_OPT_MEDIUM_SURPLUS','06.%20Medium%20Surplus','i18n.frmAdManagement.MediumSurplus','Kony App','Kony App',CURRENT_TIMESTAMP,CURRENT_TIMESTAMP,CURRENT_TIMESTAMP,0);
INSERT INTO `attributeoption` (`id`, `endpoint_attributeoption_id`, `name`, `createdby`, `modifiedby`, `createdts`, `lastmodifiedts`, `synctimestamp`, `softdeleteflag`) VALUES ('ATTR_OPT_NONE','None','i18n.frmAdManagement.None','Kony App','Kony App',CURRENT_TIMESTAMP,CURRENT_TIMESTAMP,CURRENT_TIMESTAMP,0);
INSERT INTO `attributeoption` (`id`, `endpoint_attributeoption_id`, `name`, `createdby`, `modifiedby`, `createdts`, `lastmodifiedts`, `synctimestamp`, `softdeleteflag`) VALUES ('ATTR_OPT_OTHERS','Others','i18n.frmAdManagement.Others','Kony App','Kony App',CURRENT_TIMESTAMP,CURRENT_TIMESTAMP,CURRENT_TIMESTAMP,0);
INSERT INTO `attributeoption` (`id`, `endpoint_attributeoption_id`, `name`, `createdby`, `modifiedby`, `createdts`, `lastmodifiedts`, `synctimestamp`, `softdeleteflag`) VALUES ('ATTR_OPT_PLATINUM','Platinum','i18n.frmAdManagement.Platinum','Kony App','Kony App',CURRENT_TIMESTAMP,CURRENT_TIMESTAMP,CURRENT_TIMESTAMP,0);
INSERT INTO `attributeoption` (`id`, `endpoint_attributeoption_id`, `name`, `createdby`, `modifiedby`, `createdts`, `lastmodifiedts`, `synctimestamp`, `softdeleteflag`) VALUES ('ATTR_OPT_PREFERRED','Preferred','i18n.frmAdManagement.Preferred','Kony App','Kony App',CURRENT_TIMESTAMP,CURRENT_TIMESTAMP,CURRENT_TIMESTAMP,0);
INSERT INTO `attributeoption` (`id`, `endpoint_attributeoption_id`, `name`, `createdby`, `modifiedby`, `createdts`, `lastmodifiedts`, `synctimestamp`, `softdeleteflag`) VALUES ('ATTR_OPT_RETAIL','Retail','i18n.frmAdManagement.Retail','Kony App','Kony App',CURRENT_TIMESTAMP,CURRENT_TIMESTAMP,CURRENT_TIMESTAMP,0);
INSERT INTO `attributeoption` (`id`, `endpoint_attributeoption_id`, `name`, `createdby`, `modifiedby`, `createdts`, `lastmodifiedts`, `synctimestamp`, `softdeleteflag`) VALUES ('ATTR_OPT_SALARIED','Salaried','i18n.frmAdManagement.Salaried','Kony App','Kony App',CURRENT_TIMESTAMP,CURRENT_TIMESTAMP,CURRENT_TIMESTAMP,0);
INSERT INTO `attributeoption` (`id`, `endpoint_attributeoption_id`, `name`, `createdby`, `modifiedby`, `createdts`, `lastmodifiedts`, `synctimestamp`, `softdeleteflag`) VALUES ('ATTR_OPT_SELF_EMPLOYED','Self-employed','i18n.frmAdManagement.SelfEmployed','Kony App','Kony App',CURRENT_TIMESTAMP,CURRENT_TIMESTAMP,CURRENT_TIMESTAMP,0);
INSERT INTO `attributeoption` (`id`, `endpoint_attributeoption_id`, `name`, `createdby`, `modifiedby`, `createdts`, `lastmodifiedts`, `synctimestamp`, `softdeleteflag`) VALUES ('ATTR_OPT_SINGLE','Single','i18n.frmAdManagement.Single','Kony App','Kony App',CURRENT_TIMESTAMP,CURRENT_TIMESTAMP,CURRENT_TIMESTAMP,0);
INSERT INTO `attributeoption` (`id`, `endpoint_attributeoption_id`, `name`, `createdby`, `modifiedby`, `createdts`, `lastmodifiedts`, `synctimestamp`, `softdeleteflag`) VALUES ('ATTR_OPT_UNKNOWN','Unknown','i18n.frmAdManagement.Unknown','Kony App','Kony App',CURRENT_TIMESTAMP,CURRENT_TIMESTAMP,CURRENT_TIMESTAMP,0);
INSERT INTO `attributeoption` (`id`, `endpoint_attributeoption_id`, `name`, `createdby`, `modifiedby`, `createdts`, `lastmodifiedts`, `synctimestamp`, `softdeleteflag`) VALUES ('ATTR_OPT_VERY_HIGH','Very%20High','i18n.frmAdManagement.VeryHigh','Kony App','Kony App',CURRENT_TIMESTAMP,CURRENT_TIMESTAMP,CURRENT_TIMESTAMP,0);
INSERT INTO `attributeoption` (`id`, `endpoint_attributeoption_id`, `name`, `createdby`, `modifiedby`, `createdts`, `lastmodifiedts`, `synctimestamp`, `softdeleteflag`) VALUES ('ATTR_OPT_01_LOW', '01.%20Low', 'i18n.frmAdManagement.Low', 'Kony App', 'Kony App', CURRENT_TIMESTAMP,CURRENT_TIMESTAMP,CURRENT_TIMESTAMP,0);
INSERT INTO `attributeoption` (`id`, `endpoint_attributeoption_id`, `name`, `createdby`, `modifiedby`, `createdts`, `lastmodifiedts`, `synctimestamp`, `softdeleteflag`) VALUES ('ATTR_OPT_01_VERY_HIGH', '01.%20Very%20High', 'i18n.frmAdManagement.VeryHigh', 'Kony App', 'Kony App', CURRENT_TIMESTAMP,CURRENT_TIMESTAMP,CURRENT_TIMESTAMP,0);
INSERT INTO `attributeoption` (`id`, `endpoint_attributeoption_id`, `name`, `createdby`, `modifiedby`, `createdts`, `lastmodifiedts`, `synctimestamp`, `softdeleteflag`) VALUES ('ATTR_OPT_02_MEDIUM', '02.%20Medium', 'i18n.frmAdManagement.Medium', 'Kony App', 'Kony App', CURRENT_TIMESTAMP,CURRENT_TIMESTAMP,CURRENT_TIMESTAMP,0);
INSERT INTO `attributeoption` (`id`, `endpoint_attributeoption_id`, `name`, `createdby`, `modifiedby`, `createdts`, `lastmodifiedts`, `synctimestamp`, `softdeleteflag`) VALUES ('ATTR_OPT_02_HIGH', '02.%20High', 'i18n.frmAdManagement.High', 'Kony App', 'Kony App', CURRENT_TIMESTAMP,CURRENT_TIMESTAMP,CURRENT_TIMESTAMP,0);
INSERT INTO `attributeoption` (`id`, `endpoint_attributeoption_id`, `name`, `createdby`, `modifiedby`, `createdts`, `lastmodifiedts`, `synctimestamp`, `softdeleteflag`) VALUES ('ATTR_OPT_03_MEDIUM', '03.%20Medium', 'i18n.frmAdManagement.Medium', 'Kony App', 'Kony App', CURRENT_TIMESTAMP,CURRENT_TIMESTAMP,CURRENT_TIMESTAMP,0);
INSERT INTO `attributeoption` (`id`, `endpoint_attributeoption_id`, `name`, `createdby`, `modifiedby`, `createdts`, `lastmodifiedts`, `synctimestamp`, `softdeleteflag`) VALUES ('ATTR_OPT_03_HIGH', '03.%20High', 'i18n.frmAdManagement.High', 'Kony App', 'Kony App', CURRENT_TIMESTAMP,CURRENT_TIMESTAMP,CURRENT_TIMESTAMP,0);
INSERT INTO `attributeoption` (`id`, `endpoint_attributeoption_id`, `name`, `createdby`, `modifiedby`, `createdts`, `lastmodifiedts`, `synctimestamp`, `softdeleteflag`) VALUES ('ATTR_OPT_04_LOW', '04.%20Low', 'i18n.frmAdManagement.Low', 'Kony App', 'Kony App', CURRENT_TIMESTAMP,CURRENT_TIMESTAMP,CURRENT_TIMESTAMP,0);
INSERT INTO `attributeoption` (`id`, `endpoint_attributeoption_id`, `name`, `createdby`, `modifiedby`, `createdts`, `lastmodifiedts`, `synctimestamp`, `softdeleteflag`) VALUES ('ATTR_OPT_04_VERY_HIGH', '04.%20Very%20High', 'i18n.frmAdManagement.VeryHigh', 'Kony App', 'Kony App', CURRENT_TIMESTAMP,CURRENT_TIMESTAMP,CURRENT_TIMESTAMP,0);
INSERT INTO `attributeoption` (`id`, `endpoint_attributeoption_id`, `name`, `createdby`, `modifiedby`, `createdts`, `lastmodifiedts`, `synctimestamp`, `softdeleteflag`) VALUES ('ATTR_OPT_05_NONE', '05.%20None', 'i18n.frmAdManagement.None', 'Kony App', 'Kony App', CURRENT_TIMESTAMP,CURRENT_TIMESTAMP,CURRENT_TIMESTAMP,0);
INSERT INTO `attributeoption` (`id`, `endpoint_attributeoption_id`, `name`, `createdby`, `modifiedby`, `createdts`, `lastmodifiedts`, `synctimestamp`, `softdeleteflag`) VALUES ('ATTR_OPT_05_UNKNOWN', '05.%20Unknown','i18n.frmAdManagement.Unknown', 'Kony App', 'Kony App', CURRENT_TIMESTAMP,CURRENT_TIMESTAMP,CURRENT_TIMESTAMP,0);

INSERT INTO `attribute` (`id`, `endpoint_attribute_id`, `name`, `attributetype`, `options`, `range`, `criterias`, `helptext`, `createdby`, `modifiedby`, `createdts`, `lastmodifiedts`, `synctimestamp`, `softdeleteflag`) VALUES ('ATTRIBUTE_AGE','Age','Age','NUMERIC',NULL,'21',' [{\"eq\":\"i18n.frmAdManagement.Equal\"},{\"ne\":\"i18n.frmAdManagement.NotEqual\"},{\"gt\":\"i18n.frmAdManagement.GreaterThan\"},{\"ge\":\"i18n.frmAdManagement.GreaterThanOrEqual\"},{\"lt\":\"i18n.frmAdManagement.LessThan\"},{\"le\":\"i18n.frmAdManagement.LessThanOrEqual\"}]','in years','Kony App','Kony App',CURRENT_TIMESTAMP,CURRENT_TIMESTAMP,CURRENT_TIMESTAMP,0);
INSERT INTO `attribute` (`id`, `endpoint_attribute_id`, `name`, `attributetype`, `options`, `range`, `criterias`, `helptext`, `createdby`, `modifiedby`, `createdts`, `lastmodifiedts`, `synctimestamp`, `softdeleteflag`) VALUES ('ATTRIBUTE_CHURNERS','Churners','Churners','SELECT','[{\"Select\":\"i18n.frmAdManagement.Select\"},{\"ATTR_OPT_HIGH\":\"i18n.frmAdManagement.High\"},{\"ATTR_OPT_MEDIUM\":\"i18n.frmAdManagement.Medium\"},{\"ATTR_OPT_LOW\":\"i18n.frmAdManagement.Low\"}]',NULL,'[{\"eq\":\"i18n.frmAdManagement.Equal\"}]',NULL,'Kony App','Kony App',CURRENT_TIMESTAMP,CURRENT_TIMESTAMP,CURRENT_TIMESTAMP,0);
INSERT INTO `attribute` (`id`, `endpoint_attribute_id`, `name`, `attributetype`, `options`, `range`, `criterias`, `helptext`, `createdby`, `modifiedby`, `createdts`, `lastmodifiedts`, `synctimestamp`, `softdeleteflag`) VALUES ('ATTRIBUTE_CUSTOMER_TYPE','CustomerType','Customer type','SELECT','[{\"Select\":\"i18n.frmAdManagement.Select\"},{\"ATTR_OPT_RETAIL\":\"i18n.frmAdManagement.Retail\"},{\"ATTR_OPT_BUSINESS\":\"i18n.frmAdManagement.Business\"}]',NULL,'[{\"eq\":\"i18n.frmAdManagement.Equal\"}]',NULL,'Kony App','Kony App',CURRENT_TIMESTAMP,CURRENT_TIMESTAMP,CURRENT_TIMESTAMP,0);
INSERT INTO `attribute` (`id`, `endpoint_attribute_id`, `name`, `attributetype`, `options`, `range`, `criterias`, `helptext`, `createdby`, `modifiedby`, `createdts`, `lastmodifiedts`, `synctimestamp`, `softdeleteflag`) VALUES ('ATTRIBUTE_CUST_ATTRITION_RISK','CustAttritionRisk','Customer attrition Risk','SELECT','[{\"Select\":\"i18n.frmAdManagement.Select\"},{\"ATTR_OPT_01_VERY_HIGH\":\"i18n.frmAdManagement.VeryHigh\"},{\"ATTR_OPT_03_MEDIUM\":\"i18n.frmAdManagement.Medium\"},{\"ATTR_OPT_04_LOW\":\"i18n.frmAdManagement.Low\"},{\"ATTR_OPT_02_HIGH\":\"i18n.frmAdManagement.High\"},{\"ATTR_OPT_05_NONE\":\"i18n.frmAdManagement.None\"}]',NULL,'[{\"eq\":\"i18n.frmAdManagement.Equal\"}]',NULL,'Kony App','Kony App',CURRENT_TIMESTAMP,CURRENT_TIMESTAMP,CURRENT_TIMESTAMP,0);
INSERT INTO `attribute` (`id`, `endpoint_attribute_id`, `name`, `attributetype`, `options`, `range`, `criterias`, `helptext`, `createdby`, `modifiedby`, `createdts`, `lastmodifiedts`, `synctimestamp`, `softdeleteflag`) VALUES ('ATTRIBUTE_EST_ANNUAL_INCOME','EstAnnualIncome','Estimated annual income','NUMERIC',NULL,'1200000','[{\"eq\":\"i18n.frmAdManagement.Equal\"},{\"ne\":\"i18n.frmAdManagement.NotEqual\"},{\"gt\":\"i18n.frmAdManagement.GreaterThan\"},{\"ge\":\"i18n.frmAdManagement.GreaterThanOrEqual\"},{\"lt\":\"i18n.frmAdManagement.LessThan\"},{\"le\":\"i18n.frmAdManagement.LessThanOrEqual\"}]',NULL,'Kony App','Kony App',CURRENT_TIMESTAMP,CURRENT_TIMESTAMP,CURRENT_TIMESTAMP,0);
INSERT INTO `attribute` (`id`, `endpoint_attribute_id`, `name`, `attributetype`, `options`, `range`, `criterias`, `helptext`, `createdby`, `modifiedby`, `createdts`, `lastmodifiedts`, `synctimestamp`, `softdeleteflag`) VALUES ('ATTRIBUTE_EST_ANNUAL_INCOME_GROUP','EstAnnualIncomeGroup','Estimated annual income group','SELECT','[{\"Select\":\"i18n.frmAdManagement.Select\"},{\"ATTR_OPT_GREATER_THAN_250K\":\"i18n.frmAdManagement.GreaterThan250K\"},{\"ATTR_OPT_100KTO250K\":\"i18n.frmAdManagement.100KTo250k\"},{\"ATTR_OPT_50KTO100K\":\"i18n.frmAdManagement.50Kto100K\"},{\"ATTR_OPT_LESS_THAN_50K\":\"i18n.frmAdManagement.LessThan50K\"}]',NULL,'[{\"eq\":\"i18n.frmAdManagement.Equal\"}]',NULL,'Kony App','Kony App',CURRENT_TIMESTAMP,CURRENT_TIMESTAMP,CURRENT_TIMESTAMP,0);
INSERT INTO `attribute` (`id`, `endpoint_attribute_id`, `name`, `attributetype`, `options`, `range`, `criterias`, `helptext`, `createdby`, `modifiedby`, `createdts`, `lastmodifiedts`, `synctimestamp`, `softdeleteflag`) VALUES ('ATTRIBUTE_EST_MONTHLY_EXPENSE','EstMonthlyExpense','Estimated monthly expense','NUMERIC',NULL,NULL,'[{\"gt\":\"i18n.frmAdManagement.GreaterThan\"}]',NULL,'Kony App','Kony App',CURRENT_TIMESTAMP,CURRENT_TIMESTAMP,CURRENT_TIMESTAMP,0);
INSERT INTO `attribute` (`id`, `endpoint_attribute_id`, `name`, `attributetype`, `options`, `range`, `criterias`, `helptext`, `createdby`, `modifiedby`, `createdts`, `lastmodifiedts`, `synctimestamp`, `softdeleteflag`) VALUES ('ATTRIBUTE_EST_MONTHLY_EXPENSE_VAR_GROUP','EstMonthlyExpenseVarGroup','Estimated monthly expense VAR group','SELECT','[{\"Select\":\"i18n.frmAdManagement.Select\"},{\"ATTR_OPT_04_VERY_HIGH\":\"i18n.frmAdManagement.VeryHigh\"},{\"ATTR_OPT_03_HIGH\":\"i18n.frmAdManagement.High\"},{\"ATTR_OPT_02_MEDIUM\":\"i18n.frmAdManagement.Medium\"},{\"ATTR_OPT_01_LOW\":\"i18n.frmAdManagement.Low\"},{\"ATTR_OPT_05_UNKNOWN\":\"i18n.frmAdManagement.Unknown\"}]',NULL,'[{\"eq\":\"i18n.frmAdManagement.Equal\"}]',NULL,'Kony App','Kony App',CURRENT_TIMESTAMP,CURRENT_TIMESTAMP,CURRENT_TIMESTAMP,0);
INSERT INTO `attribute` (`id`, `endpoint_attribute_id`, `name`, `attributetype`, `options`, `range`, `criterias`, `helptext`, `createdby`, `modifiedby`, `createdts`, `lastmodifiedts`, `synctimestamp`, `softdeleteflag`) VALUES ('ATTRIBUTE_EST_MONTHLY_INCOME','EstMonthlyIncome','Estimated monthly income','NUMERIC',NULL,NULL,'[{\"gt\":\"i18n.frmAdManagement.GreaterThan\"}]',NULL,'Kony App','Kony App',CURRENT_TIMESTAMP,CURRENT_TIMESTAMP,CURRENT_TIMESTAMP,0);
INSERT INTO `attribute` (`id`, `endpoint_attribute_id`, `name`, `attributetype`, `options`, `range`, `criterias`, `helptext`, `createdby`, `modifiedby`, `createdts`, `lastmodifiedts`, `synctimestamp`, `softdeleteflag`) VALUES ('ATTRIBUTE_EST_MONTHLY_INCOME_VAR_GROUP','EstMonthlyIncomeVarGroup','Estimated monthly income VAR group','SELECT','[{\"Select\":\"i18n.frmAdManagement.Select\"},{\"ATTR_OPT_04_VERY_HIGH\":\"i18n.frmAdManagement.VeryHigh\"},{\"ATTR_OPT_03_HIGH\":\"i18n.frmAdManagement.High\"},{\"ATTR_OPT_02_MEDIUM\":\"i18n.frmAdManagement.Medium\"},{\"ATTR_OPT_01_LOW\":\"i18n.frmAdManagement.Low\"},{\"ATTR_OPT_05_UNKNOWN\":\"i18n.frmAdManagement.Unknown\"}]',NULL,'[{\"eq\":\"i18n.frmAdManagement.Equal\"}]',NULL,'Kony App','Kony App',CURRENT_TIMESTAMP,CURRENT_TIMESTAMP,CURRENT_TIMESTAMP,0);
INSERT INTO `attribute` (`id`, `endpoint_attribute_id`, `name`, `attributetype`, `options`, `range`, `criterias`, `helptext`, `createdby`, `modifiedby`, `createdts`, `lastmodifiedts`, `synctimestamp`, `softdeleteflag`) VALUES ('ATTRIBUTE_EST_MONTHLY_SAVINGS','EstMonthlySavings','Estimated monthly savings','NUMERIC',NULL,NULL,'[{\"gt\":\"i18n.frmAdManagement.GreaterThan\"}]',NULL,'Kony App','Kony App',CURRENT_TIMESTAMP,CURRENT_TIMESTAMP,CURRENT_TIMESTAMP,0);
INSERT INTO `attribute` (`id`, `endpoint_attribute_id`, `name`, `attributetype`, `options`, `range`, `criterias`, `helptext`, `createdby`, `modifiedby`, `createdts`, `lastmodifiedts`, `synctimestamp`, `softdeleteflag`) VALUES ('ATTRIBUTE_EST_MONTHLY_SAVINGS_GROUP','EstMonthlySavingsGroup','Estimated monthly savings group','SELECT','[{\"Select\":\"i18n.frmAdManagement.Select\"},{\"ATTR_OPT_HIGH_SURPLUS\":\"i18n.frmAdManagement.HighSurplus\"},{\"ATTR_OPT_MEDIUM_SURPLUS\":\"i18n.frmAdManagement.MediumSurplus\"},{\"ATTR_OPT_LOW_SURPLUS\":\"i18n.frmAdManagement.LowSurplus\"},{\"ATTR_OPT_BREAKEVEN\":\"i18n.frmAdManagement.BreakEven\"},{\"ATTR_OPT_LOW_DEFICIT\":\"i18n.frmAdManagement.LowDeficit\"},{\"ATTR_OPT_MEDIUM_DEFICIT\":\"i18n.frmAdManagement.MediumDeficit\"},{\"ATTR_OPT_HIGH_DEFICIT\":\"i18n.frmAdManagement.HighDeficit\"}]',NULL,'[{\"eq\":\"i18n.frmAdManagement.Equal\"}]',NULL,'Kony App','Kony App',CURRENT_TIMESTAMP,CURRENT_TIMESTAMP,CURRENT_TIMESTAMP,0);
INSERT INTO `attribute` (`id`, `endpoint_attribute_id`, `name`, `attributetype`, `options`, `range`, `criterias`, `helptext`, `createdby`, `modifiedby`, `createdts`, `lastmodifiedts`, `synctimestamp`, `softdeleteflag`) VALUES ('ATTRIBUTE_GENDER','Gender','Gender','SELECT','[{\"Select\":\"i18n.frmAdManagement.Select\"},{\"ATTR_OPT_MALE\":\"i18n.frmAdManagement.Male\"},{\"ATTR_OPT_FEMALE\":\"i18n.frmAdManagement.Female\"},{\"ATTR_OPT_OTHERS\":\"i18n.frmAdManagement.Others\"}]',NULL,'[{\"eq\":\"i18n.frmAdManagement.Equal\"}]',NULL,'Kony App','Kony App',CURRENT_TIMESTAMP,CURRENT_TIMESTAMP,CURRENT_TIMESTAMP,0);
INSERT INTO `attribute` (`id`, `endpoint_attribute_id`, `name`, `attributetype`, `options`, `range`, `criterias`, `helptext`, `createdby`, `modifiedby`, `createdts`, `lastmodifiedts`, `synctimestamp`, `softdeleteflag`) VALUES ('ATTRIBUTE_MARITAL_STATUS','MaritalStatus','Marital status','SELECT','[{\"Select\":\"i18n.frmAdManagement.Select\"},{\"ATTR_OPT_SINGLE\":\"i18n.frmAdManagement.Single\"},{\"ATTR_OPT_MARRIED\": \"i18n.frmAdManagement.Married\"}]',NULL,'[{\"eq\":\"i18n.frmAdManagement.Equal\"}]',NULL,'Kony App','Kony App',CURRENT_TIMESTAMP,CURRENT_TIMESTAMP,CURRENT_TIMESTAMP,0);
INSERT INTO `attribute` (`id`, `endpoint_attribute_id`, `name`, `attributetype`, `options`, `range`, `criterias`, `helptext`, `createdby`, `modifiedby`, `createdts`, `lastmodifiedts`, `synctimestamp`, `softdeleteflag`) VALUES ('ATTRIBUTE_NEXT_BEST_PRODUCT','NextBestProduct','Next best product','ALPHABETICAL',NULL,NULL,'[{\"eq\":\"i18n.frmAdManagement.Equal\"}]',NULL,'Kony App','Kony App',CURRENT_TIMESTAMP,CURRENT_TIMESTAMP,CURRENT_TIMESTAMP,0);
INSERT INTO `attribute` (`id`, `endpoint_attribute_id`, `name`, `attributetype`, `options`, `range`, `criterias`, `helptext`, `createdby`, `modifiedby`, `createdts`, `lastmodifiedts`, `synctimestamp`, `softdeleteflag`) VALUES ('ATTRIBUTE_NEXT_BEST_PRODUCT_PROBABILITY','NextBestProduct_Probability','Next best product by probability','ALPHABETICAL',NULL,NULL,'[{\"eq\":\"i18n.frmAdManagement.Equal\"}]',NULL,'Kony App','Kony App',CURRENT_TIMESTAMP,CURRENT_TIMESTAMP,CURRENT_TIMESTAMP,0);
INSERT INTO `attribute` (`id`, `endpoint_attribute_id`, `name`, `attributetype`, `options`, `range`, `criterias`, `helptext`, `createdby`, `modifiedby`, `createdts`, `lastmodifiedts`, `synctimestamp`, `softdeleteflag`) VALUES ('ATTRIBUTE_NEXT_BEST_PRODUCT_RANK','NextBestProduct_Rank','Next best product by rank','ALPHABETICAL',NULL,NULL,'[{\"eq\":\"i18n.frmAdManagement.Equal\"}]',NULL,'Kony App','Kony App',CURRENT_TIMESTAMP,CURRENT_TIMESTAMP,CURRENT_TIMESTAMP,0);
INSERT INTO `attribute` (`id`, `endpoint_attribute_id`, `name`, `attributetype`, `options`, `range`, `criterias`, `helptext`, `createdby`, `modifiedby`, `createdts`, `lastmodifiedts`, `synctimestamp`, `softdeleteflag`) VALUES ('ATTRIBUTE_NO_OF_PRODUCTS','NoOfProducts','Number of products','NUMERIC',NULL,'2','[{\"gt\":\"i18n.frmAdManagement.GreaterThan\"}]',NULL,'Kony App','Kony App',CURRENT_TIMESTAMP,CURRENT_TIMESTAMP,CURRENT_TIMESTAMP,0);
INSERT INTO `attribute` (`id`, `endpoint_attribute_id`, `name`, `attributetype`, `options`, `range`, `criterias`, `helptext`, `createdby`, `modifiedby`, `createdts`, `lastmodifiedts`, `synctimestamp`, `softdeleteflag`) VALUES ('ATTRIBUTE_OCCUPATION','Occupation','Profession / Occupation','SELECT','[{\"Select\":\"i18n.frmAdManagement.Select\"},{\"ATTR_OPT_SALARIED\":\"i18n.frmAdManagement.Salaried\"},{\"ATTR_OPT_SELF_EMPLOYED\":\"i18n.frmAdManagement.SelfEmployed\"}]',NULL,'[{\"eq\":\"i18n.frmAdManagement.Equal\"}]',NULL,'Kony App','Kony App',CURRENT_TIMESTAMP,CURRENT_TIMESTAMP,CURRENT_TIMESTAMP,0);
INSERT INTO `attribute` (`id`, `endpoint_attribute_id`, `name`, `attributetype`, `options`, `range`, `criterias`, `helptext`, `createdby`, `modifiedby`, `createdts`, `lastmodifiedts`, `synctimestamp`, `softdeleteflag`) VALUES ('ATTRIBUTE_RELATIONSHIP_WITH_BANK','RelationshipWithBank','Relationship with bank','SELECT','[{\"Select\":\"i18n.frmAdManagement.Select\"},{\"ATTR_OPT_PREFERRED\":\"i18n.frmAdManagement.Preferred\"},{\"ATTR_OPT_PLATINUM\":\"i18n.frmAdManagement.Platinum\"},{\"ATTR_OPT_GOLD\":\"i18n.frmAdManagement.Gold\"}]',NULL,'[{\"eq\":\"i18n.frmAdManagement.Equal\"}]',NULL,'Kony App','Kony App',CURRENT_TIMESTAMP,CURRENT_TIMESTAMP,CURRENT_TIMESTAMP,0);
INSERT INTO `attribute` (`id`, `endpoint_attribute_id`, `name`, `attributetype`, `options`, `range`, `criterias`, `helptext`, `createdby`, `modifiedby`, `createdts`, `lastmodifiedts`, `synctimestamp`, `softdeleteflag`) VALUES ('ATTRIBUTE_TOTAL_BALANCE','TotalBalance','Total balance','NUMERIC',NULL,'100000','[{\"ge\":\"i18n.frmAdManagement.GreaterThanOrEqual\"}]',NULL,'Kony App','Kony App',CURRENT_TIMESTAMP,CURRENT_TIMESTAMP,CURRENT_TIMESTAMP,0);

INSERT INTO `model` (`id`, `name`, `endpoint_url`, `createdby`, `modifiedby`, `createdts`, `lastmodifiedts`, `synctimestamp`, `softdeleteflag`) VALUES ('CUSTOMER_ATTRITION_MODEL_FLOW','Customer Attrition Model flow','http://tmnstransact2.southeastasia.cloudapp.azure.com/APIService/odata/Tenant1/Dataset_AllCustomers','Kony App','Kony App',CURRENT_TIMESTAMP,CURRENT_TIMESTAMP,CURRENT_TIMESTAMP,0);
INSERT INTO `model` (`id`, `name`, `endpoint_url`, `createdby`, `modifiedby`, `createdts`, `lastmodifiedts`, `synctimestamp`, `softdeleteflag`) VALUES ('FUNDS_FLOW','Funds flow','http://tmnstransact2.southeastasia.cloudapp.azure.com/APIService/odata/Tenant1/Dataset_AllCustomers','Kony App','Kony App',CURRENT_TIMESTAMP,CURRENT_TIMESTAMP,CURRENT_TIMESTAMP,0);
INSERT INTO `model` (`id`, `name`, `endpoint_url`, `createdby`, `modifiedby`, `createdts`, `lastmodifiedts`, `synctimestamp`, `softdeleteflag`) VALUES ('NEXT_BEST_PRODUCT_MODEL_FLOW','Next Best Product Model flow','http://tmnstransact2.southeastasia.cloudapp.azure.com/APIService/odata/Tenant1/Dataset_AllCustomersNBP','Kony App','Kony App',CURRENT_TIMESTAMP,CURRENT_TIMESTAMP,CURRENT_TIMESTAMP,0);

INSERT INTO `modelattribute` (`model_id`, `attribute_id`, `createdby`, `modifiedby`, `createdts`, `lastmodifiedts`, `synctimestamp`, `softdeleteflag`) VALUES ('CUSTOMER_ATTRITION_MODEL_FLOW', 'ATTRIBUTE_EST_ANNUAL_INCOME', 'Kony App', 'Kony App',CURRENT_TIMESTAMP,CURRENT_TIMESTAMP,CURRENT_TIMESTAMP,0);
INSERT INTO `modelattribute` (`model_id`, `attribute_id`, `createdby`, `modifiedby`, `createdts`, `lastmodifiedts`, `synctimestamp`, `softdeleteflag`) VALUES ('CUSTOMER_ATTRITION_MODEL_FLOW', 'ATTRIBUTE_EST_MONTHLY_EXPENSE', 'Kony App', 'Kony App',CURRENT_TIMESTAMP,CURRENT_TIMESTAMP,CURRENT_TIMESTAMP,0);
INSERT INTO `modelattribute` (`model_id`, `attribute_id`, `createdby`, `modifiedby`, `createdts`, `lastmodifiedts`, `synctimestamp`, `softdeleteflag`) VALUES ('CUSTOMER_ATTRITION_MODEL_FLOW', 'ATTRIBUTE_EST_MONTHLY_INCOME', 'Kony App', 'Kony App',CURRENT_TIMESTAMP,CURRENT_TIMESTAMP,CURRENT_TIMESTAMP,0);
INSERT INTO `modelattribute` (`model_id`, `attribute_id`, `createdby`, `modifiedby`, `createdts`, `lastmodifiedts`, `synctimestamp`, `softdeleteflag`) VALUES ('CUSTOMER_ATTRITION_MODEL_FLOW', 'ATTRIBUTE_EST_MONTHLY_SAVINGS', 'Kony App', 'Kony App',CURRENT_TIMESTAMP,CURRENT_TIMESTAMP,CURRENT_TIMESTAMP,0);
INSERT INTO `modelattribute` (`model_id`, `attribute_id`, `createdby`, `modifiedby`, `createdts`, `lastmodifiedts`, `synctimestamp`, `softdeleteflag`) VALUES ('CUSTOMER_ATTRITION_MODEL_FLOW', 'ATTRIBUTE_EST_ANNUAL_INCOME_GROUP', 'Kony App', 'Kony App',CURRENT_TIMESTAMP,CURRENT_TIMESTAMP,CURRENT_TIMESTAMP,0);
INSERT INTO `modelattribute` (`model_id`, `attribute_id`, `createdby`, `modifiedby`, `createdts`, `lastmodifiedts`, `synctimestamp`, `softdeleteflag`) VALUES ('CUSTOMER_ATTRITION_MODEL_FLOW', 'ATTRIBUTE_EST_MONTHLY_INCOME_VAR_GROUP', 'Kony App', 'Kony App',CURRENT_TIMESTAMP,CURRENT_TIMESTAMP,CURRENT_TIMESTAMP,0);
INSERT INTO `modelattribute` (`model_id`, `attribute_id`, `createdby`, `modifiedby`, `createdts`, `lastmodifiedts`, `synctimestamp`, `softdeleteflag`) VALUES ('CUSTOMER_ATTRITION_MODEL_FLOW', 'ATTRIBUTE_EST_MONTHLY_EXPENSE_VAR_GROUP', 'Kony App', 'Kony App',CURRENT_TIMESTAMP,CURRENT_TIMESTAMP,CURRENT_TIMESTAMP,0);
INSERT INTO `modelattribute` (`model_id`, `attribute_id`, `createdby`, `modifiedby`, `createdts`, `lastmodifiedts`, `synctimestamp`, `softdeleteflag`) VALUES ('CUSTOMER_ATTRITION_MODEL_FLOW', 'ATTRIBUTE_EST_MONTHLY_SAVINGS_GROUP', 'Kony App', 'Kony App',CURRENT_TIMESTAMP,CURRENT_TIMESTAMP,CURRENT_TIMESTAMP,0);
INSERT INTO `modelattribute` (`model_id`, `attribute_id`, `createdby`, `modifiedby`, `createdts`, `lastmodifiedts`, `synctimestamp`, `softdeleteflag`) VALUES ('CUSTOMER_ATTRITION_MODEL_FLOW', 'ATTRIBUTE_CUST_ATTRITION_RISK', 'Kony App', 'Kony App',CURRENT_TIMESTAMP,CURRENT_TIMESTAMP,CURRENT_TIMESTAMP,0);
INSERT INTO `modelattribute` (`model_id`, `attribute_id`, `createdby`, `modifiedby`, `createdts`, `lastmodifiedts`, `synctimestamp`, `softdeleteflag`) VALUES ('FUNDS_FLOW', 'ATTRIBUTE_CUST_ATTRITION_RISK', 'Kony App', 'Kony App',CURRENT_TIMESTAMP,CURRENT_TIMESTAMP,CURRENT_TIMESTAMP,0);
INSERT INTO `modelattribute` (`model_id`, `attribute_id`, `createdby`, `modifiedby`, `createdts`, `lastmodifiedts`, `synctimestamp`, `softdeleteflag`) VALUES ('FUNDS_FLOW', 'ATTRIBUTE_EST_ANNUAL_INCOME', 'Kony App', 'Kony App',CURRENT_TIMESTAMP,CURRENT_TIMESTAMP,CURRENT_TIMESTAMP,0);
INSERT INTO `modelattribute` (`model_id`, `attribute_id`, `createdby`, `modifiedby`, `createdts`, `lastmodifiedts`, `synctimestamp`, `softdeleteflag`) VALUES ('FUNDS_FLOW', 'ATTRIBUTE_EST_ANNUAL_INCOME_GROUP', 'Kony App', 'Kony App',CURRENT_TIMESTAMP,CURRENT_TIMESTAMP,CURRENT_TIMESTAMP,0);
INSERT INTO `modelattribute` (`model_id`, `attribute_id`, `createdby`, `modifiedby`, `createdts`, `lastmodifiedts`, `synctimestamp`, `softdeleteflag`) VALUES ('FUNDS_FLOW', 'ATTRIBUTE_EST_MONTHLY_EXPENSE', 'Kony App', 'Kony App',CURRENT_TIMESTAMP,CURRENT_TIMESTAMP,CURRENT_TIMESTAMP,0);
INSERT INTO `modelattribute` (`model_id`, `attribute_id`, `createdby`, `modifiedby`, `createdts`, `lastmodifiedts`, `synctimestamp`, `softdeleteflag`) VALUES ('FUNDS_FLOW', 'ATTRIBUTE_EST_MONTHLY_EXPENSE_VAR_GROUP', 'Kony App', 'Kony App',CURRENT_TIMESTAMP,CURRENT_TIMESTAMP,CURRENT_TIMESTAMP,0);
INSERT INTO `modelattribute` (`model_id`, `attribute_id`, `createdby`, `modifiedby`, `createdts`, `lastmodifiedts`, `synctimestamp`, `softdeleteflag`) VALUES ('FUNDS_FLOW', 'ATTRIBUTE_EST_MONTHLY_INCOME', 'Kony App', 'Kony App',CURRENT_TIMESTAMP,CURRENT_TIMESTAMP,CURRENT_TIMESTAMP,0);
INSERT INTO `modelattribute` (`model_id`, `attribute_id`, `createdby`, `modifiedby`, `createdts`, `lastmodifiedts`, `synctimestamp`, `softdeleteflag`) VALUES ('FUNDS_FLOW', 'ATTRIBUTE_EST_MONTHLY_INCOME_VAR_GROUP', 'Kony App', 'Kony App',CURRENT_TIMESTAMP,CURRENT_TIMESTAMP,CURRENT_TIMESTAMP,0);
INSERT INTO `modelattribute` (`model_id`, `attribute_id`, `createdby`, `modifiedby`, `createdts`, `lastmodifiedts`, `synctimestamp`, `softdeleteflag`) VALUES ('FUNDS_FLOW', 'ATTRIBUTE_EST_MONTHLY_SAVINGS', 'Kony App', 'Kony App',CURRENT_TIMESTAMP,CURRENT_TIMESTAMP,CURRENT_TIMESTAMP,0);
INSERT INTO `modelattribute` (`model_id`, `attribute_id`, `createdby`, `modifiedby`, `createdts`, `lastmodifiedts`, `synctimestamp`, `softdeleteflag`) VALUES ('FUNDS_FLOW', 'ATTRIBUTE_EST_MONTHLY_SAVINGS_GROUP', 'Kony App', 'Kony App',CURRENT_TIMESTAMP,CURRENT_TIMESTAMP,CURRENT_TIMESTAMP,0);
INSERT INTO `modelattribute` (`model_id`, `attribute_id`, `createdby`, `modifiedby`, `createdts`, `lastmodifiedts`, `synctimestamp`, `softdeleteflag`) VALUES ('NEXT_BEST_PRODUCT_MODEL_FLOW', 'ATTRIBUTE_NEXT_BEST_PRODUCT', 'Kony App', 'Kony App',CURRENT_TIMESTAMP,CURRENT_TIMESTAMP,CURRENT_TIMESTAMP,0);
INSERT INTO `modelattribute` (`model_id`, `attribute_id`, `createdby`, `modifiedby`, `createdts`, `lastmodifiedts`, `synctimestamp`, `softdeleteflag`) VALUES ('NEXT_BEST_PRODUCT_MODEL_FLOW', 'ATTRIBUTE_NEXT_BEST_PRODUCT_PROBABILITY', 'Kony App', 'Kony App',CURRENT_TIMESTAMP,CURRENT_TIMESTAMP,CURRENT_TIMESTAMP,0);
INSERT INTO `modelattribute` (`model_id`, `attribute_id`, `createdby`, `modifiedby`, `createdts`, `lastmodifiedts`, `synctimestamp`, `softdeleteflag`) VALUES ('NEXT_BEST_PRODUCT_MODEL_FLOW', 'ATTRIBUTE_NEXT_BEST_PRODUCT_RANK', 'Kony App', 'Kony App',CURRENT_TIMESTAMP,CURRENT_TIMESTAMP,CURRENT_TIMESTAMP,0);

INSERT INTO `service_permission_mapper` (`id`, `service_name`, `object_name`, `operation`, `user_type`, `permissions`) VALUES ('973cbd63-689c-4747-8495-ff98208fe4bd', 'CampaignManagementObjService', 'attribute', 'getAttributes', 'TYPE_ID_CUSTOMER360', 'ViewCampaign');
INSERT INTO `service_permission_mapper` (`id`, `service_name`, `object_name`, `operation`, `user_type`, `permissions`) VALUES ('9921fe8d-0733-4046-a485-bf825d0201a5', 'CampaignManagementObjService', 'group', 'getCampaignGroups', 'TYPE_ID_CUSTOMER360', 'ViewCampaign');
INSERT INTO `service_permission_mapper` (`id`, `service_name`, `object_name`, `operation`, `user_type`, `permissions`) VALUES ('40374c70-8130-45c0-8bda-8d9e920c94ef', 'CampaignManagementObjService', 'group', 'getAttributesPerCampaignGroup', 'TYPE_ID_CUSTOMER360', 'ViewCampaign');
INSERT INTO `service_permission_mapper` (`id`, `service_name`, `object_name`, `operation`, `user_type`, `permissions`) VALUES ('f31043fc-1455-4e9e-8070-7597a72cf90d', 'CampaignManagementObjService', 'group', 'createCampaignGroup', 'TYPE_ID_CUSTOMER360', 'CreateUpdateCampaign');
INSERT INTO `service_permission_mapper` (`id`, `service_name`, `object_name`, `operation`, `user_type`, `permissions`) VALUES ('c35d95c1-abf3-4866-b82d-12eb07a976f9', 'CampaignManagementObjService', 'group', 'updateCampaignGroup', 'TYPE_ID_CUSTOMER360', 'CreateUpdateCampaign');
-- >> CAMPAIGN MANAGEMENT <<
