{
  "operationConfig" : {
    "name" : "createDMSUser3721",
    "type" : "MappedToBackend",
    "cachable" : false,
    "smsEnabled" : false,
    "security" : "authorized_app_user",
    "responseEncoding" : "UTF-8",
    "httpMethod" : "GET",
    "decodeResponseBody" : false,
    "applyCommonMapping" : true,
    "applyRequestCommonMapping" : true,
    "applyResponseCommonMapping" : true,
    "backendMeta" : {
      "serviceName" : "DMSUserCreation",
      "serviceVersion" : "1.0",
      "operationName" : "createDMSUser"
    },
    "requestXmlMappingOverride" : false,
    "responseXmlMappingOverride" : false
  }
}