CREATE TABLE konyadminconsole.additionaldata (
	id nvarchar(50) NOT NULL,
	Object_id nvarchar(50) NOT NULL,
	ObjectType nvarchar(50) NOT NULL,
	AdditionalField_id nvarchar(50),
	FieldValue nvarchar(2000),
	createdby nvarchar(50),
	modifiedby nvarchar(50),
	createdts datetime2 NOT NULL DEFAULT CURRENT_TIMESTAMP,
	lastmodifiedts datetime2 NOT NULL DEFAULT CURRENT_TIMESTAMP,
	synctimestamp datetime2 NOT NULL DEFAULT CURRENT_TIMESTAMP,
	softdeleteflag int DEFAULT ((0)) NOT NULL,
	CONSTRAINT PK_additionaldata_id PRIMARY KEY (id)
);

CREATE TABLE konyadminconsole.additionalfield (
	id nvarchar(50) NOT NULL,
	Name nvarchar(100) NOT NULL,
	ObjectType nvarchar(50) NOT NULL,
	DataType nvarchar(50),
	Length nvarchar(50),
	FieldLabel nvarchar(50),
	createdby nvarchar(50),
	modifiedby nvarchar(50),
	createdts datetime2 NOT NULL DEFAULT CURRENT_TIMESTAMP,
	lastmodifiedts datetime2 NOT NULL DEFAULT CURRENT_TIMESTAMP,
	synctimestamp datetime2 NOT NULL DEFAULT CURRENT_TIMESTAMP,
	softdeleteflag int DEFAULT ((0)) NOT NULL,
	CONSTRAINT PK_additionalfield_id PRIMARY KEY (id)
); 

CREATE TABLE konyadminconsole.address (
	id nvarchar(50) NOT NULL,
	Region_id nvarchar(50),
	City_id nvarchar(50),
	AddressLine1 nvarchar(100),
	AddressLine2 nvarchar(100),
	AddressLine3 nvarchar(100),
	ZipCode nvarchar(20),
	Latitude nvarchar(20),
	Logitude nvarchar(20),
	createdby nvarchar(50),
	modifiedby nvarchar(50),
	createdts datetime2 NOT NULL DEFAULT CURRENT_TIMESTAMP,
	lastmodifiedts datetime2 NOT NULL DEFAULT CURRENT_TIMESTAMP,
	synctimestamp datetime2 NOT NULL DEFAULT CURRENT_TIMESTAMP,
	softdeleteflag int DEFAULT ((0)) NOT NULL,
	CONSTRAINT PK_address_id PRIMARY KEY (id)
);

CREATE TABLE konyadminconsole.addresstype (
	id nvarchar(50) NOT NULL,
	Description nvarchar(100),
	createdby nvarchar(50),
	modifiedby nvarchar(50),
	createdts datetime2 NOT NULL DEFAULT CURRENT_TIMESTAMP,
	lastmodifiedts datetime2 NOT NULL DEFAULT CURRENT_TIMESTAMP,
	synctimestamp datetime2 NOT NULL DEFAULT CURRENT_TIMESTAMP,
	softdeleteflag int DEFAULT ((0)) NOT NULL,
	CONSTRAINT PK_addresstype_id PRIMARY KEY (id)

);

CREATE TABLE konyadminconsole.alert (
	id nvarchar(50) NOT NULL,
	AlertType_id nvarchar(50),
	Name nvarchar(50) NOT NULL,
	Description nvarchar(250) NOT NULL,
	IsSubscriptionNeeded int DEFAULT ((0)),
	Status_id nvarchar(50),
	IsSmsActive int DEFAULT ((0)) NOT NULL,
	IsEmailActive int DEFAULT ((0)) NOT NULL,
	IsPushActive int DEFAULT ((0)) NOT NULL,
	AlertContent nvarchar(250),
	createdby nvarchar(50),
	modifiedby nvarchar(50),
	createdts datetime2 NOT NULL DEFAULT CURRENT_TIMESTAMP,
	lastmodifiedts datetime2 NOT NULL DEFAULT CURRENT_TIMESTAMP,
	synctimestamp datetime2 NOT NULL DEFAULT CURRENT_TIMESTAMP,
	softdeleteflag int DEFAULT ((0)) NOT NULL,
	CONSTRAINT PK_alert_id PRIMARY KEY (id)
);

CREATE TABLE konyadminconsole.alerttype (
	id nvarchar(50) NOT NULL,
	Name nvarchar(30),
	Description nvarchar(250),
	IsSubscriptionNeeded int,
	createdby nvarchar(50),
	modifiedby nvarchar(50),
	createdts datetime2 NOT NULL DEFAULT CURRENT_TIMESTAMP,
	lastmodifiedts datetime2 NOT NULL DEFAULT CURRENT_TIMESTAMP,
	synctimestamp datetime2 NOT NULL DEFAULT CURRENT_TIMESTAMP,
	softdeleteflag int DEFAULT ((0)) NOT NULL,
	CONSTRAINT PK_alerttype_id PRIMARY KEY (id)
);

CREATE TABLE konyadminconsole.applicant (
	id nvarchar(50) NOT NULL,
	Salutation nvarchar(10),
	FirstName nvarchar(50),
	MiddleName nvarchar(50),
	LastName nvarchar(50),
	Product nvarchar(50) NOT NULL,
	Status nvarchar(50) NOT NULL,
	Channel nvarchar(50),
	DocumentsSubmitted text,
	ContactNumber nvarchar(15),
	EmailID nvarchar(50),
	createdby nvarchar(50),
	modifiedby nvarchar(50),
	createdts datetime2 NOT NULL DEFAULT CURRENT_TIMESTAMP,
	lastmodifiedts datetime2 NOT NULL DEFAULT CURRENT_TIMESTAMP,
	synctimestamp datetime2 NOT NULL DEFAULT CURRENT_TIMESTAMP,
	softdeleteflag int DEFAULT ((0)) NOT NULL,
	CONSTRAINT PK_applicant_id PRIMARY KEY (id)
);

CREATE TABLE konyadminconsole.applicantnote (
	id nvarchar(50) NOT NULL,
	Applicant_id nvarchar(50),
	Note nvarchar(1000) NOT NULL,
	createdby nvarchar(50),
	createdts datetime2 NOT NULL DEFAULT CURRENT_TIMESTAMP,
	synctimestamp datetime2 NOT NULL DEFAULT CURRENT_TIMESTAMP,
	softdeleteflag int DEFAULT ((0)) NOT NULL,
	CONSTRAINT PK_applicantnote_id PRIMARY KEY (id)
);

CREATE TABLE konyadminconsole.archivedcustomerrequest (
	id nvarchar(50) NOT NULL,
	RequestCategory_id nvarchar(50) NOT NULL,
	Customer_id nvarchar(50),
	Priority nvarchar(50),
	Status_id nvarchar(50),
	RequestSubject nvarchar(50),
	AssignedTo nvarchar(50),
	Accountid nvarchar(50),
	lastupdatedbycustomer int DEFAULT ((0)) NOT NULL,
	createdby nvarchar(50),
	modifiedby nvarchar(50),
	createdts datetime2 NOT NULL DEFAULT CURRENT_TIMESTAMP,
	lastmodifiedts datetime2 NOT NULL DEFAULT CURRENT_TIMESTAMP,
	synctimestamp datetime2 NOT NULL DEFAULT CURRENT_TIMESTAMP,
	softdeleteflag int DEFAULT ((0)) NOT NULL,
	CONSTRAINT PK_archivedcustomerrequest_id PRIMARY KEY (id)
);

CREATE TABLE konyadminconsole.archivedmedia (
	id nvarchar(50) NOT NULL,
	Name nvarchar(100) NOT NULL,
	Type nvarchar(300) NOT NULL,
	Description nvarchar(100) NOT NULL,
	Url nvarchar(200),
	Content text,
	Size nvarchar(50) DEFAULT ('0') NOT NULL,
	createdby nvarchar(50),
	modifiedby nvarchar(50),
	createdts datetime2 NOT NULL DEFAULT CURRENT_TIMESTAMP,
	lastmodifiedts datetime2 NOT NULL DEFAULT CURRENT_TIMESTAMP,
	synctimestamp datetime2 NOT NULL DEFAULT CURRENT_TIMESTAMP,
	softdeleteflag int DEFAULT ((0)) NOT NULL,
	CONSTRAINT PK_archivedmedia_id PRIMARY KEY (id)
);

CREATE TABLE konyadminconsole.archivedmessageattachment (
	id nvarchar(50) NOT NULL,
	RequestMessage_id nvarchar(50),
	AttachmentType_id nvarchar(50),
	Media_id nvarchar(50),
	createdby nvarchar(50),
	modifiedby nvarchar(50),
	createdts datetime2 NOT NULL DEFAULT CURRENT_TIMESTAMP,
	lastmodifiedts datetime2 NOT NULL DEFAULT CURRENT_TIMESTAMP,
	synctimestamp datetime2 NOT NULL DEFAULT CURRENT_TIMESTAMP,
	softdeleteflag int DEFAULT ((0)) NOT NULL,
	CONSTRAINT PK_archivedmessageattachment_id PRIMARY KEY (id)

);

CREATE TABLE konyadminconsole.archivedrequestmessage (
	id nvarchar(50) NOT NULL,
	CustomerRequest_id nvarchar(50),
	MessageDescription nvarchar(4000),
	RepliedBy nvarchar(50),
	RepliedBy_Name nvarchar(100),
	ReplySequence int,
	IsRead nvarchar(10) DEFAULT ('false') NOT NULL,
	createdby nvarchar(50),
	modifiedby nvarchar(50),
	createdts datetime2 NOT NULL DEFAULT CURRENT_TIMESTAMP,
	lastmodifiedts datetime2 NOT NULL DEFAULT CURRENT_TIMESTAMP,
	synctimestamp datetime2 NOT NULL DEFAULT CURRENT_TIMESTAMP,
	softdeleteflag int DEFAULT ((0)) NOT NULL,
	CONSTRAINT PK_archivedrequestmessage_id PRIMARY KEY (id)

	);

CREATE TABLE konyadminconsole.attachmenttype (
	id nvarchar(50) NOT NULL,
	Name nvarchar(50),
	createdby nvarchar(50),
	modifiedby nvarchar(50),
	createdts datetime2 NOT NULL DEFAULT CURRENT_TIMESTAMP,
	lastmodifiedts datetime2 NOT NULL DEFAULT CURRENT_TIMESTAMP,
	synctimestamp datetime2 NOT NULL DEFAULT CURRENT_TIMESTAMP,
	softdeleteflag int DEFAULT ((0)) NOT NULL,
	CONSTRAINT PK_attachmenttype_id PRIMARY KEY (id)

);

CREATE TABLE konyadminconsole.bankfortransfer (
	id nvarchar(50) NOT NULL,
	Code nvarchar(50) NOT NULL,
	Name nvarchar(200) NOT NULL,
	Description nvarchar(200),
	Logo varbinary(max),
	Url nvarchar(100),
	GLAccount nvarchar(50) NOT NULL,
	Address_id nvarchar(50),
	Status_id nvarchar(50),
	createdby nvarchar(50),
	modifiedby nvarchar(50),
	createdts datetime2 NOT NULL DEFAULT CURRENT_TIMESTAMP,
	lastmodifiedts datetime2 NOT NULL DEFAULT CURRENT_TIMESTAMP,
	synctimestamp datetime2 NOT NULL DEFAULT CURRENT_TIMESTAMP,
	softdeleteflag int DEFAULT ((0)) NOT NULL,
	CONSTRAINT PK_bankfortransfer_id PRIMARY KEY (id)
);

CREATE TABLE konyadminconsole.bankservice (
	id nvarchar(50) NOT NULL,
	BankForTransfer_id nvarchar(50),
	Service_id nvarchar(50),
	RoutingNumber nvarchar(50),
	RoutingCode nvarchar(50),
	createdby nvarchar(50),
	modifiedby nvarchar(50),
	createdts datetime2 NOT NULL DEFAULT CURRENT_TIMESTAMP,
	lastmodifiedts datetime2 NOT NULL DEFAULT CURRENT_TIMESTAMP,
	synctimestamp datetime2 NOT NULL DEFAULT CURRENT_TIMESTAMP,
	softdeleteflag int DEFAULT ((0)) NOT NULL,
	CONSTRAINT PK_bankservice_id PRIMARY KEY (id)
	);

CREATE TABLE konyadminconsole.category (
	id nvarchar(50) NOT NULL,
	Name nvarchar(100),
	createdby nvarchar(50),
	modifiedby nvarchar(50),
	createdts datetime2 NOT NULL DEFAULT CURRENT_TIMESTAMP,
	lastmodifiedts datetime2 NOT NULL DEFAULT CURRENT_TIMESTAMP,
	synctimestamp datetime2 NOT NULL DEFAULT CURRENT_TIMESTAMP,
	softdeleteflag int DEFAULT ((0)) NOT NULL,
	CONSTRAINT PK_category_id PRIMARY KEY (id)

	);

CREATE TABLE konyadminconsole.city (
	id nvarchar(50) NOT NULL,
	Region_id nvarchar(50),
	Country_id nvarchar(50),
	Name nvarchar(256) NOT NULL,
	createdby nvarchar(50),
	modifiedby nvarchar(50),
	createdts datetime2 NOT NULL DEFAULT CURRENT_TIMESTAMP,
	lastmodifiedts datetime2 NOT NULL DEFAULT CURRENT_TIMESTAMP,
	synctimestamp datetime2 NOT NULL DEFAULT CURRENT_TIMESTAMP,
	softdeleteflag int DEFAULT ((0)) NOT NULL,
	CONSTRAINT PK_city_id PRIMARY KEY (id)

	);

CREATE TABLE konyadminconsole.communicationtype (
	id nvarchar(50) NOT NULL,
	Description nvarchar(100),
	createdby nvarchar(50),
	modifiedby nvarchar(50),
	createdts datetime2 NOT NULL DEFAULT CURRENT_TIMESTAMP,
	lastmodifiedts datetime2 NOT NULL DEFAULT CURRENT_TIMESTAMP,
	synctimestamp datetime2 NOT NULL DEFAULT CURRENT_TIMESTAMP,
	softdeleteflag int DEFAULT ((0)) NOT NULL,
	CONSTRAINT PK_communicationtype_id PRIMARY KEY (id)
);

CREATE TABLE konyadminconsole.configurations (
	[key] nvarchar(60) NOT NULL,
	value nvarchar(255),
	isPreLogin int,
	CONSTRAINT PK_configurations_key PRIMARY KEY ([key])
);

CREATE TABLE konyadminconsole.country (
	id nvarchar(50) NOT NULL,
	Code nvarchar(50) NOT NULL,
	Name nvarchar(128) NOT NULL,
	createdby nvarchar(50),
	modifiedby nvarchar(50),
	createdts datetime2 NOT NULL DEFAULT CURRENT_TIMESTAMP,
	lastmodifiedts datetime2 NOT NULL DEFAULT CURRENT_TIMESTAMP,
	synctimestamp datetime2 NOT NULL DEFAULT CURRENT_TIMESTAMP,
	softdeleteflag int DEFAULT ((0)) NOT NULL,
	CONSTRAINT PK_country_id PRIMARY KEY (id)

);

CREATE TABLE konyadminconsole.customer (
	id nvarchar(50) NOT NULL,
	Type_id nvarchar(50),
	FirstName nvarchar(50),
	MiddleName nvarchar(50),
	LastName nvarchar(50),
	Username nvarchar(50) NOT NULL,
	Salutation nvarchar(50),
	Gender nvarchar(50),
	DateOfBirth nvarchar(50),
	Status_id nvarchar(50),
	Ssn nvarchar(50),
	MaritalStatus_id nvarchar(50),
	SpouseName nvarchar(50),
	EmployementStatus_id nvarchar(50),
	IsOlbAllowed int DEFAULT ((0)) NOT NULL,
	IsEnrolledForOlb int DEFAULT ((0)) NOT NULL,
	IsStaffMember int DEFAULT ((0)) NOT NULL,
	Location_id nvarchar(50),
	PreferredContactMethod nvarchar(50),
	PreferredContactTime nvarchar(50),
	IsAssistConsented int DEFAULT ((1)) NOT NULL,
	createdby nvarchar(50),
	modifiedby nvarchar(50),
	createdts datetime2 NOT NULL DEFAULT CURRENT_TIMESTAMP,
	lastmodifiedts datetime2 NOT NULL DEFAULT CURRENT_TIMESTAMP,
	synctimestamp datetime2 NOT NULL DEFAULT CURRENT_TIMESTAMP,
	softdeleteflag int DEFAULT ((0)) NOT NULL,
	CONSTRAINT PK_customer_id PRIMARY KEY (id)

);

CREATE TABLE konyadminconsole.customeraddress (
	Customer_id nvarchar(50) NOT NULL,
	Address_id nvarchar(50) NOT NULL,
	Type_id nvarchar(50) NOT NULL,
	isPrimary int DEFAULT ((0)) NOT NULL,
	createdby nvarchar(50),
	modifiedby nvarchar(50),
	createdts datetime2 NOT NULL DEFAULT CURRENT_TIMESTAMP,
	lastmodifiedts datetime2 NOT NULL DEFAULT CURRENT_TIMESTAMP,
	synctimestamp datetime2 NOT NULL DEFAULT CURRENT_TIMESTAMP,
	softdeleteflag int DEFAULT ((0)) NOT NULL,
	CONSTRAINT PK_customeraddress_Address_id_Customer_id PRIMARY KEY (Address_id,Customer_id)
	
);

CREATE TABLE konyadminconsole.customeralertentitlement (
	Customer_id nvarchar(50) NOT NULL,
	Alert_id nvarchar(50) NOT NULL,
	IsSmsActive int DEFAULT ((0)) NOT NULL,
	IsEmailActive int DEFAULT ((0)) NOT NULL,
	IsPushActive int DEFAULT ((0)) NOT NULL,
	Value nvarchar(50),
	createdby nvarchar(50),
	modifiedby nvarchar(50),
	createdts datetime2 NOT NULL DEFAULT CURRENT_TIMESTAMP,
	lastmodifiedts datetime2 NOT NULL DEFAULT CURRENT_TIMESTAMP,
	synctimestamp datetime2 NOT NULL DEFAULT CURRENT_TIMESTAMP,
	softdeleteflag int DEFAULT ((0)) NOT NULL,
	CONSTRAINT PK_customeralertentitlement_Alert_id_Customer_id PRIMARY KEY (Alert_id,Customer_id)
);

CREATE TABLE konyadminconsole.customercommunication (
	id nvarchar(50) NOT NULL,
	Type_id nvarchar(50) NOT NULL,
	Customer_id nvarchar(50) NOT NULL,
	isPrimary int DEFAULT ((0)) NOT NULL,
	Value nvarchar(100),
	Extension nvarchar(50),
	Description nvarchar(50),
	createdby nvarchar(50),
	modifiedby nvarchar(50),
	createdts datetime2 NOT NULL DEFAULT CURRENT_TIMESTAMP,
	lastmodifiedts datetime2 NOT NULL DEFAULT CURRENT_TIMESTAMP,
	synctimestamp datetime2 NOT NULL DEFAULT CURRENT_TIMESTAMP,
	softdeleteflag int DEFAULT ((0)) NOT NULL,
	CONSTRAINT PK_customercommunication_id PRIMARY KEY (id)
);

CREATE TABLE konyadminconsole.customerdevice (
	id nvarchar(50) NOT NULL,
	Customer_id nvarchar(50) NOT NULL,
	DeviceName nvarchar(50),
	LastLoginTime nvarchar(30),
	Status_id nvarchar(50),
	OperatingSystem nvarchar(50),
	EnrollmentDate date,
	createdby nvarchar(50),
	modifiedby nvarchar(50),
	createdts nvarchar(30),
	lastmodifiedts nvarchar(30),
	synctimestamp nvarchar(30),
	softdeleteflag int DEFAULT ((0)) NOT NULL,
	CONSTRAINT PK_customerdevice_id PRIMARY KEY (id)
);

CREATE TABLE konyadminconsole.customerentitlement (
	Customer_id nvarchar(50) NOT NULL,
	Service_id nvarchar(50) NOT NULL,
	TransactionFee_id nvarchar(50),
	TransactionLimit_id nvarchar(50),
	createdby nvarchar(50),
	modifiedby nvarchar(50),
	createdts datetime2 NOT NULL DEFAULT CURRENT_TIMESTAMP,
	lastmodifiedts datetime2 NOT NULL DEFAULT CURRENT_TIMESTAMP,
	synctimestamp datetime2 NOT NULL DEFAULT CURRENT_TIMESTAMP,
	softdeleteflag int DEFAULT ((0)) NOT NULL,
	CONSTRAINT PK_customerentitlement_Customer_id_Service_id PRIMARY KEY (Customer_id,Service_id)
);

CREATE TABLE konyadminconsole.customerfile (
	id nvarchar(50) NOT NULL,
	customerfileclob text NOT NULL,
	createdby nvarchar(50),
	modifiedby nvarchar(50),
	createdts datetime2 NOT NULL DEFAULT CURRENT_TIMESTAMP,
	lastmodifiedts datetime2 NOT NULL DEFAULT CURRENT_TIMESTAMP,
	softdeleteflag int DEFAULT ((0)) NOT NULL,
	CONSTRAINT PK_customerfile_id PRIMARY KEY (id)
);

CREATE TABLE konyadminconsole.customerflagstatus (
	Customer_id nvarchar(50) NOT NULL,
	Status_id nvarchar(50) NOT NULL,
	createdby nvarchar(50),
	modifiedby nvarchar(50),
	createdts datetime2 NOT NULL DEFAULT CURRENT_TIMESTAMP,
	lastmodifiedts datetime2 NOT NULL DEFAULT CURRENT_TIMESTAMP,
	synctimestamp datetime2 NOT NULL DEFAULT CURRENT_TIMESTAMP,
	softdeleteflag int DEFAULT ((0)) NOT NULL,
	CONSTRAINT PK_customerflagstatus_Customer_id_Status_id PRIMARY KEY (Customer_id,Status_id)
);

CREATE TABLE konyadminconsole.customergroup (
	Customer_id nvarchar(50) NOT NULL,
	Group_id nvarchar(50) NOT NULL,
	createdby nvarchar(50),
	modifiedby nvarchar(50),
	createdts datetime2 NOT NULL DEFAULT CURRENT_TIMESTAMP,
	lastmodifiedts datetime2 NOT NULL DEFAULT CURRENT_TIMESTAMP,
	synctimestamp datetime2 NOT NULL DEFAULT CURRENT_TIMESTAMP,
	softdeleteflag int DEFAULT ((0)) NOT NULL,
	CONSTRAINT PK_customergroup_Customer_id_Group_id PRIMARY KEY (Customer_id,Group_id)
);

CREATE TABLE konyadminconsole.customernote (
	id nvarchar(50) NOT NULL,
	Customer_id nvarchar(50),
	Note nvarchar(1000) NOT NULL,
	createdby nvarchar(50),
	createdts datetime2 NOT NULL DEFAULT CURRENT_TIMESTAMP,
	synctimestamp datetime2 NOT NULL DEFAULT CURRENT_TIMESTAMP,
	softdeleteflag int DEFAULT ((0)) NOT NULL,
	CONSTRAINT PK_customernote_id PRIMARY KEY (id)
);

CREATE TABLE konyadminconsole.customernotification (
	Customer_id nvarchar(50) NOT NULL,
	Notification_id nvarchar(50) NOT NULL,
	IsRead int DEFAULT ((0)) NOT NULL,
	createdby nvarchar(50),
	modifiedby nvarchar(50),
	createdts datetime2 NOT NULL DEFAULT CURRENT_TIMESTAMP,
	lastmodifiedts datetime2 NOT NULL DEFAULT CURRENT_TIMESTAMP,
	synctimestamp datetime2 NOT NULL DEFAULT CURRENT_TIMESTAMP,
	softdeleteflag int DEFAULT ((0)) NOT NULL,
	CONSTRAINT PK_customernotification_Customer_id_Notification_id PRIMARY KEY (Customer_id,Notification_id)
);

CREATE TABLE konyadminconsole.customerproduct (
	Customer_id nvarchar(50) NOT NULL,
	Product_id nvarchar(50) NOT NULL,
	createdby nvarchar(50),
	modifiedby nvarchar(50),
	createdts datetime2 NOT NULL DEFAULT CURRENT_TIMESTAMP,
	lastmodifiedts datetime2 NOT NULL DEFAULT CURRENT_TIMESTAMP,
	synctimestamp datetime2 NOT NULL DEFAULT CURRENT_TIMESTAMP,
	softdeleteflag int DEFAULT ((0)) NOT NULL,
	CONSTRAINT PK_customerproduct_Customer_id_Product_id PRIMARY KEY (Customer_id,Product_id)
);

CREATE TABLE konyadminconsole.customerrequest (
	id nvarchar(50) NOT NULL,
	RequestCategory_id nvarchar(50) NOT NULL,
	Customer_id nvarchar(50),
	Priority nvarchar(50),
	Status_id nvarchar(50),
	RequestSubject nvarchar(50),
	AssignedTo nvarchar(50),
	Accountid nvarchar(50),
	lastupdatedbycustomer int DEFAULT ((0)) NOT NULL,
	createdby nvarchar(50),
	modifiedby nvarchar(50),
	createdts datetime2 NOT NULL DEFAULT CURRENT_TIMESTAMP,
	lastmodifiedts datetime2 NOT NULL DEFAULT CURRENT_TIMESTAMP,
	synctimestamp datetime2 NOT NULL DEFAULT CURRENT_TIMESTAMP,
	softdeleteflag int DEFAULT ((0)) NOT NULL,
	CONSTRAINT PK_customerrequest_id PRIMARY KEY (id)
);

CREATE TABLE konyadminconsole.customersecurityimages (
	Customer_id nvarchar(50) NOT NULL,
	Image_id nvarchar(50) NOT NULL,
	createdby nvarchar(45),
	modifiedby nvarchar(45),
	createdts nvarchar(30),
	lastmodifiedts nvarchar(30),
	synctimestamp nvarchar(30),
	softdeleteflag int,
	CONSTRAINT PK_customersecurityimages_Customer_id_Image_id PRIMARY KEY (Customer_id,Image_id)
);

CREATE TABLE konyadminconsole.customersecurityquestions (
	Customer_id nvarchar(50) NOT NULL,
	SecurityQuestion_id nvarchar(50) NOT NULL,
	CustomerAnswer nvarchar(250) NOT NULL,
	createdby nvarchar(50),
	modifiedby nvarchar(50),
	createdts datetime2 NOT NULL DEFAULT CURRENT_TIMESTAMP,
	lastmodifiedts datetime2 NOT NULL DEFAULT CURRENT_TIMESTAMP,
	synctimestamp datetime2 NOT NULL DEFAULT CURRENT_TIMESTAMP,
	CONSTRAINT PK_customersecurityquestions_Customer_id_SecurityQuestion_id PRIMARY KEY (Customer_id,SecurityQuestion_id)
);

CREATE TABLE konyadminconsole.customerservice (
	id nvarchar(50) NOT NULL,
	Type_id nvarchar(50),
	Name nvarchar(50),
	Description nvarchar(300),
	Status_id nvarchar(50),
	HasWeekendOperation int,
	createdby nvarchar(50),
	modifiedby nvarchar(50),
	createdts datetime2 NOT NULL DEFAULT CURRENT_TIMESTAMP,
	lastmodifiedts datetime2 NOT NULL DEFAULT CURRENT_TIMESTAMP,
	synctimestamp datetime2 NOT NULL DEFAULT CURRENT_TIMESTAMP,
	softdeleteflag int DEFAULT ((0)) NOT NULL,
	WorkSchedule_id nvarchar(50),
	TransactionFee_id nvarchar(50),
	TransactionLimit_id nvarchar(50),
	CONSTRAINT PK_customerservice_id PRIMARY KEY (id)
);

CREATE TABLE konyadminconsole.customertype (
	id nvarchar(50) NOT NULL,
	Description nvarchar(100),
	createdby nvarchar(50),
	modifiedby nvarchar(50),
	createdts datetime2 NOT NULL DEFAULT CURRENT_TIMESTAMP,
	lastmodifiedts datetime2 NOT NULL DEFAULT CURRENT_TIMESTAMP,
	synctimestamp datetime2 NOT NULL DEFAULT CURRENT_TIMESTAMP,
	softdeleteflag int DEFAULT ((0)) NOT NULL,
	CONSTRAINT PK_customertype_id PRIMARY KEY (id)
);

CREATE TABLE konyadminconsole.dashboardalerts (
	id nvarchar(50) NOT NULL,
	Title nvarchar(50) NOT NULL,
	Description nvarchar(300),
	Type nvarchar(50) NOT NULL,
	Priority nvarchar(50) NOT NULL,
	created nvarchar(50),
	CONSTRAINT PK_dashboardalerts_id PRIMARY KEY (id)
);

CREATE TABLE konyadminconsole.datatype (
	id nvarchar(50) NOT NULL,
	Description nvarchar(100),
	createdby nvarchar(50),
	modifiedby nvarchar(50),
	createdts datetime2 NOT NULL DEFAULT CURRENT_TIMESTAMP,
	lastmodifiedts datetime2 NOT NULL DEFAULT CURRENT_TIMESTAMP,
	synctimestamp datetime2 NOT NULL DEFAULT CURRENT_TIMESTAMP,
	softdeleteflag int DEFAULT ((0)) NOT NULL,
	CONSTRAINT PK_datatype_id PRIMARY KEY (id)

);

CREATE TABLE konyadminconsole.dayschedule (
	id nvarchar(50) NOT NULL,
	WorkSchedule_id nvarchar(50) NOT NULL,
	WeekDayName nvarchar(50) NOT NULL,
	Code nvarchar(50),
	StartTime time,
	EndTime time,
	createdby nvarchar(50),
	modifiedby nvarchar(50),
	createdts datetime2 NOT NULL DEFAULT CURRENT_TIMESTAMP,
	lastmodifiedts datetime2 NOT NULL DEFAULT CURRENT_TIMESTAMP,
	synctimestamp datetime2 NOT NULL DEFAULT CURRENT_TIMESTAMP,
	softdeleteflag int DEFAULT ((0)) NOT NULL,
	CONSTRAINT PK_dayschedule_id PRIMARY KEY (id)
);

CREATE TABLE konyadminconsole.faqcategory (
	id nvarchar(50) NOT NULL,
	Name nvarchar(100),
	createdby nvarchar(50),
	modifiedby nvarchar(50),
	createdts datetime2 NOT NULL DEFAULT CURRENT_TIMESTAMP,
	lastmodifiedts datetime2 NOT NULL DEFAULT CURRENT_TIMESTAMP,
	synctimestamp datetime2 NOT NULL DEFAULT CURRENT_TIMESTAMP,
	softdeleteflag int DEFAULT ((0)) NOT NULL,
	CONSTRAINT PK_faqcategory_id PRIMARY KEY (id)

);

CREATE TABLE konyadminconsole.faqs (
	id nvarchar(50) NOT NULL,
	Channel_id nvarchar(50),
	QuestionCode nvarchar(50) NOT NULL,
	Question nvarchar(1000),
	Answer nvarchar(4000),
	Status_id nvarchar(50),
	FaqCategory_Id nvarchar(50),
	createdby nvarchar(50),
	modifiedby nvarchar(50),
	createdts datetime2 NOT NULL DEFAULT CURRENT_TIMESTAMP,
	lastmodifiedts datetime2 NOT NULL DEFAULT CURRENT_TIMESTAMP,
	synctimestamp datetime2 NOT NULL DEFAULT CURRENT_TIMESTAMP,
	softdeleteflag int DEFAULT ((0)) NOT NULL,
	CONSTRAINT PK_faqs_id PRIMARY KEY (id)
);

CREATE TABLE konyadminconsole.groupentitlement (
	Group_id nvarchar(50) NOT NULL,
	Service_id nvarchar(50) NOT NULL,
	TransactionFee_id nvarchar(50),
	TransactionLimit_id nvarchar(50),
	createdby nvarchar(50),
	modifiedby nvarchar(50),
	createdts datetime2 NOT NULL DEFAULT CURRENT_TIMESTAMP,
	lastmodifiedts datetime2 NOT NULL DEFAULT CURRENT_TIMESTAMP,
	synctimestamp datetime2 NOT NULL DEFAULT CURRENT_TIMESTAMP,
	softdeleteflag int DEFAULT ((0)) NOT NULL,
	CONSTRAINT PK_groupentitlement_Group_id_Service_id PRIMARY KEY (Group_id,Service_id)
);

CREATE TABLE konyadminconsole.location (
	id nvarchar(50) NOT NULL,
	Type_id nvarchar(50),
	Code nvarchar(50) NOT NULL,
	Name nvarchar(100),
	DisplayName nvarchar(100),
	Description nvarchar(100),
	PhoneNumber nvarchar(50),
	EmailId nvarchar(50),
	Address_id nvarchar(50),
	Status_id nvarchar(50),
	WorkingDays nvarchar(50),
	WorkSchedule_id nvarchar(50),
	IsMainBranch int DEFAULT ((0)) NOT NULL,
	MainBranchCode nvarchar(50),
	WebSiteUrl nvarchar(100),
	createdby nvarchar(50),
	modifiedby nvarchar(50),
	createdts datetime2 NOT NULL DEFAULT CURRENT_TIMESTAMP,
	lastmodifiedts datetime2 NOT NULL DEFAULT CURRENT_TIMESTAMP,
	synctimestamp datetime2 NOT NULL DEFAULT CURRENT_TIMESTAMP,
	softdeleteflag int DEFAULT ((0)) NOT NULL,
	CONSTRAINT PK_location_id PRIMARY KEY (id)

);

CREATE TABLE konyadminconsole.locationfile (
	id nvarchar(50) NOT NULL,
	locationfileclob text,
	createdby nvarchar(50),
	modifiedby nvarchar(50),
	createdts datetime2 NOT NULL DEFAULT CURRENT_TIMESTAMP,
	lastmodifiedts datetime2 NOT NULL DEFAULT CURRENT_TIMESTAMP,
	softdeleteflag int DEFAULT ((0)) NOT NULL,
	CONSTRAINT PK_locationfile_id PRIMARY KEY (id)
);

CREATE TABLE konyadminconsole.locationservice (
	Location_id nvarchar(50) NOT NULL,
	Service_id nvarchar(50) NOT NULL,
	createdby nvarchar(50),
	modifiedby nvarchar(50),
	createdts datetime2 NOT NULL DEFAULT CURRENT_TIMESTAMP,
	lastmodifiedts datetime2 NOT NULL DEFAULT CURRENT_TIMESTAMP,
	synctimestamp datetime2 NOT NULL DEFAULT CURRENT_TIMESTAMP,
	softdeleteflag int DEFAULT ((0)),
	CONSTRAINT PK_locationservice_Location_id_Service_id PRIMARY KEY (Location_id,Service_id)
);

CREATE TABLE konyadminconsole.locationtype (
	id nvarchar(50) NOT NULL,
	Description nvarchar(100),
	createdby nvarchar(50),
	modifiedby nvarchar(50),
	createdts nvarchar(50),
	lastmodifiedts nvarchar(50),
	synctimestamp nvarchar(50),
	softdeleteflag int DEFAULT ((0)) NOT NULL,
	CONSTRAINT PK_locationtype_id PRIMARY KEY (id)
	);

CREATE TABLE konyadminconsole.logview (
	id nvarchar(50) NOT NULL,
	User_id nvarchar(50),
	ViewName nvarchar(200),
	Description nvarchar(200),
	viewData nvarchar(500),
	LogType nvarchar(50),
	createdby nvarchar(50),
	modifiedby nvarchar(50),
	createdts datetime2 NOT NULL DEFAULT CURRENT_TIMESTAMP,
	lastmodifiedts datetime2 NOT NULL DEFAULT CURRENT_TIMESTAMP,
	synctimestamp datetime2 NOT NULL DEFAULT CURRENT_TIMESTAMP,
	softdeleteflag int DEFAULT ((0)) NOT NULL,
	CONSTRAINT PK_logview_id PRIMARY KEY (id)
	);

CREATE TABLE konyadminconsole.media (
	id nvarchar(50) NOT NULL,
	Name nvarchar(100) NOT NULL,
	Type nvarchar(300) NOT NULL,
	Description nvarchar(100) NOT NULL,
	Url nvarchar(200),
	Content text,
	Size nvarchar(50) DEFAULT ('0') NOT NULL,
	createdby nvarchar(50),
	modifiedby nvarchar(50),
	createdts datetime2 NOT NULL DEFAULT CURRENT_TIMESTAMP,
	lastmodifiedts datetime2 NOT NULL DEFAULT CURRENT_TIMESTAMP,
	synctimestamp datetime2 NOT NULL DEFAULT CURRENT_TIMESTAMP,
	softdeleteflag int DEFAULT ((0)) NOT NULL,
	CONSTRAINT PK_media_id PRIMARY KEY (id)
	);

CREATE TABLE konyadminconsole.membergroup (
	id nvarchar(50) NOT NULL,
	Name nvarchar(100),
	Description nvarchar(150),
	Status_id nvarchar(50),
	createdby nvarchar(50),
	modifiedby nvarchar(50),
	createdts datetime2 NOT NULL DEFAULT CURRENT_TIMESTAMP,
	lastmodifiedts datetime2 NOT NULL DEFAULT CURRENT_TIMESTAMP,
	synctimestamp datetime2 NOT NULL DEFAULT CURRENT_TIMESTAMP,
	softdeleteflag int DEFAULT ((0)) NOT NULL,
	CONSTRAINT PK_membergroup_id PRIMARY KEY (id)
);

CREATE TABLE konyadminconsole.messageattachment (
	id nvarchar(50) NOT NULL,
	RequestMessage_id nvarchar(50),
	AttachmentType_id nvarchar(50),
	Media_id nvarchar(50),
	createdby nvarchar(50),
	modifiedby nvarchar(50),
	createdts datetime2 NOT NULL DEFAULT CURRENT_TIMESTAMP,
	lastmodifiedts datetime2 NOT NULL DEFAULT CURRENT_TIMESTAMP,
	synctimestamp datetime2 NOT NULL DEFAULT CURRENT_TIMESTAMP,
	softdeleteflag int DEFAULT ((0)) NOT NULL,
	CONSTRAINT PK_messageattachment_id PRIMARY KEY (id)
);

CREATE TABLE konyadminconsole.messagetemplate (
	id nvarchar(50) NOT NULL,
	Name nvarchar(80) NOT NULL,
	Body text,
	AdditionalInfo nvarchar(500),
	createdby nvarchar(50),
	modifiedby nvarchar(50),
	creadtedts nvarchar(30) NOT NULL,
	lastmodifiedts datetime2 NOT NULL DEFAULT CURRENT_TIMESTAMP,
	synctimestamp datetime2 NOT NULL DEFAULT CURRENT_TIMESTAMP,
	softdeleteflag int DEFAULT ((0)) NOT NULL,
	CONSTRAINT PK_messagetemplate_id PRIMARY KEY (id)
	);

CREATE TABLE konyadminconsole.notification (
	Id nvarchar(50) NOT NULL,
	Name nvarchar(100),
	Description nvarchar(1000),
	StartDate date,
	ExpirationDate date,
	Status_id nvarchar(50),
	createdby nvarchar(50),
	modifiedby nvarchar(50),
	createdts datetime2 NOT NULL DEFAULT CURRENT_TIMESTAMP,
	lastmodifiedts datetime2 NOT NULL DEFAULT CURRENT_TIMESTAMP,
	synctimestamp datetime2 NOT NULL DEFAULT CURRENT_TIMESTAMP,
	softdeleteflag int DEFAULT ((0)) NOT NULL,
	CONSTRAINT PK_notificatio_Id PRIMARY KEY (Id)

);

CREATE TABLE konyadminconsole.outagemessage (
	id nvarchar(50) NOT NULL,
	Channel_id nvarchar(50),
	Service_id nvarchar(50),
	Status_id nvarchar(50),
	MessageText text,
	createdby nvarchar(50),
	modifiedby nvarchar(50),
	createdts datetime2 NOT NULL DEFAULT CURRENT_TIMESTAMP,
	lastmodifiedts datetime2 NOT NULL DEFAULT CURRENT_TIMESTAMP,
	synctimestamp datetime2 NOT NULL DEFAULT CURRENT_TIMESTAMP,
	softdeleteflag int DEFAULT ((0)) NOT NULL,
	CONSTRAINT PK_outagemessage_id PRIMARY KEY (id)
);

CREATE TABLE konyadminconsole.passwordpolicy (
	id nvarchar(50) NOT NULL,
	PolicyName nvarchar(50) NOT NULL,
	Description text,
	createdby nvarchar(50),
	modifiedby nvarchar(50),
	createdts datetime2 NOT NULL DEFAULT CURRENT_TIMESTAMP,
	lastmodifiedts datetime2 NOT NULL DEFAULT CURRENT_TIMESTAMP,
	synctimestamp datetime2 NOT NULL DEFAULT CURRENT_TIMESTAMP,
	softdeleteflag int DEFAULT ((0)) NOT NULL,
	CONSTRAINT PK_passwordpolicy_id PRIMARY KEY (id)
);

CREATE TABLE konyadminconsole.period (
	id nvarchar(50) NOT NULL,
	Name nvarchar(100),
	DayCount int,
	"Order" int,
	Code nvarchar(50),
	isEditable int DEFAULT ((0)) NOT NULL,
	createdby nvarchar(50),
	modifiedby nvarchar(50),
	createdts nvarchar(30),
	lastmodifiedts nvarchar(30),
	synctimestamp nvarchar(30),
	softdeleteflag int DEFAULT ((0)) NOT NULL,
	CONSTRAINT PK_period_id PRIMARY KEY (id)
);

CREATE TABLE konyadminconsole.periodiclimit (
	id nvarchar(50) NOT NULL,
	TransactionLimit_id nvarchar(50) NOT NULL,
	Period_id nvarchar(50),
	Code nvarchar(50),
	MaximumLimit decimal(20,2),
	Currency nvarchar(50),
	createdby nvarchar(50),
	modifiedby nvarchar(50),
	createdts datetime2 NOT NULL DEFAULT CURRENT_TIMESTAMP,
	lastmodifiedts datetime2 NOT NULL DEFAULT CURRENT_TIMESTAMP,
	synctimestamp datetime2 NOT NULL DEFAULT CURRENT_TIMESTAMP,
	softdeleteflag int DEFAULT ((0)) NOT NULL,
	CONSTRAINT PK_periodiclimit_id PRIMARY KEY (id)
	);

CREATE TABLE konyadminconsole.permission (
	id nvarchar(50) NOT NULL,
	Type_id nvarchar(50) NOT NULL,
	Status_id nvarchar(50) NOT NULL,
	DataType_id nvarchar(50),
	Name nvarchar(50) NOT NULL,
	Description nvarchar(300),
	PermissionValue nvarchar(50),
	createdby nvarchar(50),
	modifiedby nvarchar(50),
	createdts datetime2 NOT NULL DEFAULT CURRENT_TIMESTAMP,
	lastmodifiedts datetime2 NOT NULL DEFAULT CURRENT_TIMESTAMP,
	synctimestamp datetime2 NOT NULL DEFAULT CURRENT_TIMESTAMP,
	softdeleteflag int DEFAULT ((0)) NOT NULL,
	CONSTRAINT PK_permission_id PRIMARY KEY (id)
);

CREATE TABLE konyadminconsole.permissiontype (
	id nvarchar(50) NOT NULL,
	Description nvarchar(100),
	createdby nvarchar(50),
	modifiedby nvarchar(50),
	createdts datetime2 NOT NULL DEFAULT CURRENT_TIMESTAMP,
	lastmodifiedts datetime2 NOT NULL DEFAULT CURRENT_TIMESTAMP,
	synctimestamp datetime2 NOT NULL DEFAULT CURRENT_TIMESTAMP,
	softdeleteflag int DEFAULT ((0)) NOT NULL,
	CONSTRAINT PK_permissiontype_id PRIMARY KEY (id)
	);

CREATE TABLE konyadminconsole.policies (
	id nvarchar(45) NOT NULL,
	PolicyName nvarchar(45),
	PolicyDescription nvarchar(1000),
	createdby nvarchar(50),
	modifiedby nvarchar(50),
	createdts datetime2 NOT NULL DEFAULT CURRENT_TIMESTAMP,
	lastmodifiedts datetime2 NOT NULL DEFAULT CURRENT_TIMESTAMP,
	lastsynctimestamp datetime2 NOT NULL DEFAULT CURRENT_TIMESTAMP,
	softdeleteflag int NOT NULL,
	CONSTRAINT PK_policies_id PRIMARY KEY (id)
);

CREATE TABLE konyadminconsole.privacypolicy (
	id nvarchar(50) NOT NULL,
	Channel_id nvarchar(50),
	Status_id nvarchar(50),
	Description text,
	createdby nvarchar(50),
	modifiedby nvarchar(50),
	createdts datetime2 NOT NULL DEFAULT CURRENT_TIMESTAMP,
	lastmodifiedts datetime2 NOT NULL DEFAULT CURRENT_TIMESTAMP,
	synctimestamp datetime2 NOT NULL DEFAULT CURRENT_TIMESTAMP,
	softdeleteflag int DEFAULT ((0)) NOT NULL,
	CONSTRAINT PK_privacypolicy_id PRIMARY KEY (id)
);

CREATE TABLE konyadminconsole.product (
	id nvarchar(50) NOT NULL,
	Type_id nvarchar(50),
	ProductCode nvarchar(50) NOT NULL,
	Name nvarchar(200) NOT NULL,
	Status_id nvarchar(50),
	ProductFeatures text,
	ProductCharges text,
	productDescription text,
	AdditionalInformation text,
	termsAndConditions text,
	createdby nvarchar(50),
	modifiedby nvarchar(50),
	createdts datetime2 NOT NULL DEFAULT CURRENT_TIMESTAMP,
	lastmodifiedts datetime2 NOT NULL DEFAULT CURRENT_TIMESTAMP,
	synctimestamp datetime2 NOT NULL DEFAULT CURRENT_TIMESTAMP,
	softdeleteflag int DEFAULT ((0)) NOT NULL,
	CONSTRAINT PK_product_id PRIMARY KEY (id)
);

CREATE TABLE konyadminconsole.producttype (
	id nvarchar(50) NOT NULL,
	Name nvarchar(50) NOT NULL,
	createdby nvarchar(50),
	modifiedby nvarchar(50),
	createdts datetime2 NOT NULL DEFAULT CURRENT_TIMESTAMP,
	lastmodifiedts datetime2 NOT NULL DEFAULT CURRENT_TIMESTAMP,
	synctimestamp datetime2 NOT NULL DEFAULT CURRENT_TIMESTAMP,
	softdeleteflag int DEFAULT ((0)) NOT NULL,
	CONSTRAINT PK_producttype_id PRIMARY KEY (id)
);

CREATE TABLE konyadminconsole.region (
	id nvarchar(50) NOT NULL,
	Country_id nvarchar(50),
	Code nvarchar(50) NOT NULL,
	Name nvarchar(128) NOT NULL,
	createdby nvarchar(50),
	modifiedby nvarchar(50),
	createdts datetime2 NOT NULL DEFAULT CURRENT_TIMESTAMP,
	lastmodifiedts datetime2 NOT NULL DEFAULT CURRENT_TIMESTAMP,
	synctimestamp datetime2 NOT NULL DEFAULT CURRENT_TIMESTAMP,
	softdeleteflag int DEFAULT ((0)) NOT NULL,
	CONSTRAINT PK_region_id PRIMARY KEY (id)
);

CREATE TABLE konyadminconsole.requestcategory (
	id nvarchar(50) NOT NULL,
	Name nvarchar(50),
	createdby nvarchar(50),
	modifiedby nvarchar(50),
	createdts datetime2 NOT NULL DEFAULT CURRENT_TIMESTAMP,
	lastmodifiedts datetime2 NOT NULL DEFAULT CURRENT_TIMESTAMP,
	synctimestamp datetime2 NOT NULL DEFAULT CURRENT_TIMESTAMP,
	softdeleteflag int DEFAULT ((0)) NOT NULL,
	CONSTRAINT PK_requestcategory_id PRIMARY KEY (id)
);

CREATE TABLE konyadminconsole.requestmessage (
	id nvarchar(50) NOT NULL,
	CustomerRequest_id nvarchar(50),
	MessageDescription nvarchar(4000),
	RepliedBy nvarchar(50),
	RepliedBy_Name nvarchar(100),
	ReplySequence int,
	IsRead nvarchar(10) DEFAULT ('false') NOT NULL,
	createdby nvarchar(50),
	modifiedby nvarchar(50),
	createdts datetime2 NOT NULL DEFAULT CURRENT_TIMESTAMP,
	lastmodifiedts datetime2 NOT NULL DEFAULT CURRENT_TIMESTAMP,
	synctimestamp datetime2 NOT NULL DEFAULT CURRENT_TIMESTAMP,
	softdeleteflag int DEFAULT ((0)) NOT NULL,
	CONSTRAINT PK_requestmessage_id PRIMARY KEY (id)
);

CREATE TABLE konyadminconsole.role (
	id nvarchar(50) NOT NULL,
	Type_id nvarchar(50) NOT NULL,
	Status_id nvarchar(50) NOT NULL,
	Parent_id nvarchar(50),
	Name nvarchar(50) NOT NULL,
	Description nvarchar(300),
	createdby nvarchar(50),
	modifiedby nvarchar(50),
	createdts datetime2 NOT NULL DEFAULT CURRENT_TIMESTAMP,
	lastmodifiedts datetime2 NOT NULL DEFAULT CURRENT_TIMESTAMP,
	synctimestamp datetime2 NOT NULL DEFAULT CURRENT_TIMESTAMP,
	softdeleteflag int DEFAULT ((0)) NOT NULL,
	CONSTRAINT PK_role_id PRIMARY KEY (id)
);

CREATE TABLE konyadminconsole.rolepermission (
	Role_id nvarchar(50) NOT NULL,
	Permission_id nvarchar(50) NOT NULL,
	createdby nvarchar(50),
	modifiedby nvarchar(50),
	createdts datetime2 NOT NULL DEFAULT CURRENT_TIMESTAMP,
	lastmodifiedts datetime2 NOT NULL DEFAULT CURRENT_TIMESTAMP,
	synctimestamp datetime2 NOT NULL DEFAULT CURRENT_TIMESTAMP,
	softdeleteflag int DEFAULT ((0)) NOT NULL,
	CONSTRAINT PK_rolepermission_Permission_id_Role_id PRIMARY KEY (Permission_id,Role_id)
);

CREATE TABLE konyadminconsole.roletype (
	id nvarchar(50) NOT NULL,
	Name nvarchar(50) NOT NULL,
	createdby nvarchar(50),
	modifiedby nvarchar(50),
	createdts datetime2 NOT NULL DEFAULT CURRENT_TIMESTAMP,
	lastmodifiedts datetime2 NOT NULL DEFAULT CURRENT_TIMESTAMP,
	synctimestamp datetime2 NOT NULL DEFAULT CURRENT_TIMESTAMP,
	softdeleteflag int DEFAULT ((0)) NOT NULL,
	CONSTRAINT PK_roletype_id PRIMARY KEY (id)
);

CREATE TABLE konyadminconsole.securityimage (
	id nvarchar(50) NOT NULL,
	Status_id nvarchar(50) NOT NULL,
	Image text NOT NULL,
	createdby nvarchar(50),
	modifiedby nvarchar(50),
	createdts datetime2 NOT NULL DEFAULT CURRENT_TIMESTAMP,
	lastmodifiedts datetime2 NOT NULL DEFAULT CURRENT_TIMESTAMP,
	synctimestamp datetime2 NOT NULL DEFAULT CURRENT_TIMESTAMP,
	softdeleteflag int DEFAULT ((0)) NOT NULL,
	CONSTRAINT PK_securityimage_id PRIMARY KEY (id)
);

CREATE TABLE konyadminconsole.securityquestion (
	id nvarchar(50) NOT NULL,
	Status_id nvarchar(50) NOT NULL,
	Question nvarchar(255) NOT NULL,
	createdby nvarchar(50),
	modifiedby nvarchar(50),
	createdts datetime2 NOT NULL DEFAULT CURRENT_TIMESTAMP,
	lastmodifiedts datetime2 NOT NULL DEFAULT CURRENT_TIMESTAMP,
	synctimestamp datetime2 NOT NULL DEFAULT CURRENT_TIMESTAMP,
	softdeleteflag int DEFAULT ((0)) NOT NULL,
	CONSTRAINT PK_securityquestion_id PRIMARY KEY (id)
	);

CREATE TABLE konyadminconsole.service (
	id nvarchar(50) NOT NULL,
	Type_id nvarchar(50),
	Channel_id nvarchar(50),
	Name nvarchar(50),
	Description nvarchar(300),
	Status_id nvarchar(50),
	Notes nvarchar(2000),
	MaxTransferLimit decimal(20,2),
	MinTransferLimit decimal(20,2),
	TransferDenominations nvarchar(100),
	IsFutureTransaction int,
	TransactionCharges nvarchar(100),
	IsAuthorizationRequired int,
	IsSMSAlertActivated int,
	SMSCharges nvarchar(50),
	IsBeneficiarySMSAlertActivated int,
	BeneficiarySMSCharge nvarchar(50),
	HasWeekendOperation int,
	IsOutageMessageActive int,
	IsAlertActive int,
	IsTCActive int,
	IsAgreementActive int,
	IsCampaignActive int,
	WorkSchedule_id nvarchar(50),
	TransactionFee_id nvarchar(50),
	TransactionLimit_id nvarchar(50),
	code nvarchar(50),
	Category_id nvarchar(50),
	DisplayName nvarchar(50),
	DisplayDescription nvarchar(300),
	createdby nvarchar(50),
	modifiedby nvarchar(50),
	createdts datetime2 NOT NULL DEFAULT CURRENT_TIMESTAMP,
	lastmodifiedts datetime2 NOT NULL DEFAULT CURRENT_TIMESTAMP,
	synctimestamp datetime2 NOT NULL DEFAULT CURRENT_TIMESTAMP,
	softdeleteflag int DEFAULT ((0)) NOT NULL,
	CONSTRAINT PK_service_id PRIMARY KEY (id)
);

CREATE TABLE konyadminconsole.servicechannel (
	id nvarchar(50) NOT NULL,
	Description nvarchar(100),
	createdby nvarchar(50),
	modifiedby nvarchar(50),
	createdts datetime2 NOT NULL DEFAULT CURRENT_TIMESTAMP,
	lastmodifiedts datetime2 NOT NULL DEFAULT CURRENT_TIMESTAMP,
	synctimestamp datetime2 NOT NULL DEFAULT CURRENT_TIMESTAMP,
	softdeleteflag int DEFAULT ((0)) NOT NULL,
	CONSTRAINT PK_servicechannel_id PRIMARY KEY (id)

);

CREATE TABLE konyadminconsole.servicecommunication (
	id nvarchar(50) NOT NULL,
	Type_id nvarchar(50),
	Service_id nvarchar(50),
	Status_id nvarchar(50),
	Priority int,
	Value nvarchar(100),
	Extension nvarchar(50),
	Description nvarchar(50),
	createdby nvarchar(50),
	modifiedby nvarchar(50),
	createdts datetime2 NOT NULL DEFAULT CURRENT_TIMESTAMP,
	lastmodifiedts datetime2 NOT NULL DEFAULT CURRENT_TIMESTAMP,
	synctimestamp datetime2 NOT NULL DEFAULT CURRENT_TIMESTAMP,
	softdeleteflag int DEFAULT ((0)) NOT NULL,
	CONSTRAINT PK_servicecommunication_id PRIMARY KEY (id)
);

CREATE TABLE konyadminconsole.servicetype (
	id nvarchar(50) NOT NULL,
	Description nvarchar(100),
	createdby nvarchar(50),
	modifiedby nvarchar(50),
	createdts datetime2 NOT NULL DEFAULT CURRENT_TIMESTAMP,
	lastmodifiedts datetime2 NOT NULL DEFAULT CURRENT_TIMESTAMP,
	synctimestamp datetime2 NOT NULL DEFAULT CURRENT_TIMESTAMP,
	softdeleteflag int DEFAULT ((0)) NOT NULL,
	CONSTRAINT PK_servicetype_id PRIMARY KEY (id)
);

CREATE TABLE konyadminconsole.status (
	id nvarchar(50) NOT NULL,
	Type_id nvarchar(50) NOT NULL,
	Code nvarchar(50),
	Description nvarchar(100),
	createdby nvarchar(50),
	modifiedby nvarchar(50),
	createdts datetime2 NOT NULL DEFAULT CURRENT_TIMESTAMP,
	lastmodifiedts datetime2 NOT NULL DEFAULT CURRENT_TIMESTAMP,
	synctimestamp datetime2 NOT NULL DEFAULT CURRENT_TIMESTAMP,
	softdeleteflag int DEFAULT ((0)) NOT NULL,
	CONSTRAINT PK_status_id PRIMARY KEY (id)
);

CREATE TABLE konyadminconsole.statuschange (
	id nvarchar(50) NOT NULL,
	PreviousStatus_id nvarchar(50) NOT NULL,
	NextStatus_id nvarchar(50) NOT NULL,
	createdby nvarchar(50),
	modifiedby nvarchar(50),
	createdts datetime2 NOT NULL DEFAULT CURRENT_TIMESTAMP,
	lastmodifiedts datetime2 NOT NULL DEFAULT CURRENT_TIMESTAMP,
	synctimestamp datetime2 NOT NULL DEFAULT CURRENT_TIMESTAMP,
	softdeleteflag int DEFAULT ((0)) NOT NULL,
	CONSTRAINT PK_statuschange_id PRIMARY KEY (id)
	);

CREATE TABLE konyadminconsole.statustype (
	id nvarchar(50) NOT NULL,
	Description nvarchar(100),
	createdby nvarchar(50),
	modifiedby nvarchar(50),
	createdts datetime2 NOT NULL DEFAULT CURRENT_TIMESTAMP,
	lastmodifiedts datetime2 NOT NULL DEFAULT CURRENT_TIMESTAMP,
	synctimestamp datetime2 NOT NULL DEFAULT CURRENT_TIMESTAMP,
	softdeleteflag int DEFAULT ((0)) NOT NULL,
	CONSTRAINT PK_statustype_id PRIMARY KEY (id)
	);

CREATE TABLE konyadminconsole.systemconfiguration (
	id int,
	PropertyName nvarchar(45) NOT NULL,
	PropertyValue nvarchar(45) NOT NULL,
	createdby nvarchar(45),
	modifiedby nvarchar(45),
	createdts datetime2 NOT NULL DEFAULT CURRENT_TIMESTAMP,
	lastmodifiedts datetime2 NOT NULL DEFAULT CURRENT_TIMESTAMP,
	synctimestamp datetime2 NOT NULL DEFAULT CURRENT_TIMESTAMP,
	softdeleteflag int,
	CONSTRAINT PK_systemconfiguration_PropertyName PRIMARY KEY (PropertyName)
);

CREATE TABLE konyadminconsole.systemuser (
	id nvarchar(50) NOT NULL,
	Status_id nvarchar(50) NOT NULL,
	Username nvarchar(50) NOT NULL,
	Password nvarchar(100) NOT NULL,
	PasswordSalt nvarchar(100),
	Email nvarchar(70) NOT NULL,
	Code nvarchar(50),
	FirstName nvarchar(255),
	MiddleName nvarchar(255),
	LastName nvarchar(255),
	FailedCount int,
	LastPasswordChangedts nvarchar(30) NOT NULL,
	ResetpasswordLink nvarchar(255),
	ResetPasswordExpdts nvarchar(30),
	lastLogints nvarchar(30),
	createdby nvarchar(50),
	modifiedby nvarchar(50),
	createdts datetime2 NOT NULL DEFAULT CURRENT_TIMESTAMP,
	lastmodifiedts datetime2 NOT NULL DEFAULT CURRENT_TIMESTAMP,
	synctimestamp datetime2 NOT NULL DEFAULT CURRENT_TIMESTAMP,
	softdeleteflag int DEFAULT ((0)) NOT NULL,
	CONSTRAINT PK_systemuser_id PRIMARY KEY (id)
);

CREATE TABLE konyadminconsole.termsandconditions (
	id nvarchar(50) NOT NULL,
	Service_id nvarchar(50),
	Status_id nvarchar(50),
	Description text,
	createdby nvarchar(50),
	modifiedby nvarchar(50),
	createdts datetime2 NOT NULL DEFAULT CURRENT_TIMESTAMP,
	lastmodifiedts datetime2 NOT NULL DEFAULT CURRENT_TIMESTAMP,
	synctimestamp datetime2 NOT NULL DEFAULT CURRENT_TIMESTAMP,
	softdeleteflag nvarchar(50) DEFAULT ('0') NOT NULL,
	CONSTRAINT PK_termsandconditions_id PRIMARY KEY (id)
);

CREATE TABLE konyadminconsole.transactionfee (
	id nvarchar(50) NOT NULL,
	Name nvarchar(50),
	Description nvarchar(100),
	createdby nvarchar(50),
	modifiedby nvarchar(50),
	createdts datetime2 NOT NULL DEFAULT CURRENT_TIMESTAMP,
	lastmodifiedts datetime2 NOT NULL DEFAULT CURRENT_TIMESTAMP,
	synctimestamp datetime2 NOT NULL DEFAULT CURRENT_TIMESTAMP,
	softdeleteflag int DEFAULT ((0)) NOT NULL,
	CONSTRAINT PK_transactionfee_id PRIMARY KEY (id)
);

CREATE TABLE konyadminconsole.transactionfeeslab (
	id nvarchar(50) NOT NULL,
	TransactionFee_id nvarchar(50) NOT NULL,
	MinimumTransactionValue nvarchar(50) NOT NULL,
	MaximumTransactionValue nvarchar(50) NOT NULL,
	Currency nvarchar(50) NOT NULL,
	Fees nvarchar(50) NOT NULL,
	createdby nvarchar(50),
	modifiedby nvarchar(50),
	createdts datetime2 NOT NULL DEFAULT CURRENT_TIMESTAMP,
	lastmodifiedts datetime2 NOT NULL DEFAULT CURRENT_TIMESTAMP,
	synctimestamp datetime2 NOT NULL DEFAULT CURRENT_TIMESTAMP,
	softdeleteflag int DEFAULT ((0)) NOT NULL,
	CONSTRAINT PK_transactionfeeslab_id PRIMARY KEY (id)
);

CREATE TABLE konyadminconsole.transactiongroup (
	id nvarchar(50) NOT NULL,
	Name nvarchar(100),
	Description nvarchar(100),
	TransactionLimit_id nvarchar(50),
	Status_id nvarchar(50),
	createdby nvarchar(50),
	modifiedby nvarchar(50),
	createdts nvarchar(30),
	lastmodifiedts nvarchar(30),
	synctimestamp nvarchar(30),
	softdeleteflag int DEFAULT ((0)) NOT NULL,
	CONSTRAINT PK_transactiongroup_id PRIMARY KEY (id)
);

CREATE TABLE konyadminconsole.transactiongroupservice (
	id nvarchar(50) NOT NULL,
	TransactionGroup_id nvarchar(50),
	Service_id nvarchar(50),
	createdby nvarchar(50),
	modifiedby nvarchar(50),
	createdts nvarchar(30),
	lastmodifiedts nvarchar(30),
	synctimestamp nvarchar(30),
	softdeleteflag int DEFAULT ((0)) NOT NULL,
	CONSTRAINT PK_transactiongroupservice_id PRIMARY KEY (id)
);

CREATE TABLE konyadminconsole.transactionlimit (
	id nvarchar(50) NOT NULL,
	Description nvarchar(50),
	createdby nvarchar(50),
	modifiedby nvarchar(50),
	createdts datetime2 NOT NULL DEFAULT CURRENT_TIMESTAMP,
	lastmodifiedts datetime2 NOT NULL DEFAULT CURRENT_TIMESTAMP,
	synctimestamp datetime2 NOT NULL DEFAULT CURRENT_TIMESTAMP,
	softdeleteflag int DEFAULT ((0)) NOT NULL,
	CONSTRAINT PK_transactionlimit_id PRIMARY KEY (id)
);

CREATE TABLE konyadminconsole.transactionlogs (
	id int NOT NULL,
	transactionType nvarchar(45),
	transactionId nvarchar(45),
	userId nvarchar(45),
	userName nvarchar(45),
	fromAccount nvarchar(45),
	fromAccType nvarchar(45),
	toAccount nvarchar(45),
	toAccType nvarchar(45),
	amount nvarchar(45),
	currency nvarchar(45),
	payeeName nvarchar(45),
	status nvarchar(45),
	description nvarchar(100),
	beneficiaryRoutingNum nvarchar(45),
	batchId nvarchar(45),
	logId nvarchar(45),
	type nvarchar(45),
	createdts nvarchar(30),
	CONSTRAINT PK_transactionlogs_id PRIMARY KEY (id)
);

CREATE TABLE konyadminconsole.useraddress (
	User_id nvarchar(50) NOT NULL,
	Address_id nvarchar(50) NOT NULL,
	Type_id nvarchar(50) NOT NULL,
	createdby nvarchar(50),
	modifiedby nvarchar(50),
	createdts datetime2 NOT NULL DEFAULT CURRENT_TIMESTAMP,
	lastmodifiedts datetime2 NOT NULL DEFAULT CURRENT_TIMESTAMP,
	synctimestamp datetime2 NOT NULL DEFAULT CURRENT_TIMESTAMP,
	softdeleteflag int DEFAULT ((0)) NOT NULL,
	CONSTRAINT PK_useraddress_Address_id_Type_id_User_id PRIMARY KEY (Address_id,Type_id,User_id)
);

CREATE TABLE konyadminconsole.userpermission (
	User_id nvarchar(50) NOT NULL,
	Permission_id nvarchar(50) NOT NULL,
	createdby nvarchar(45),
	modifiedby nvarchar(45),
	createdts datetime2 NOT NULL DEFAULT CURRENT_TIMESTAMP,
	lastmodifiedts datetime2 NOT NULL DEFAULT CURRENT_TIMESTAMP,
	synctimestamp datetime2 NOT NULL DEFAULT CURRENT_TIMESTAMP,
	softdeleteflag int DEFAULT ((0)),
	CONSTRAINT PK_userpermission_Permission_id_User_id PRIMARY KEY (Permission_id,User_id)
);

CREATE TABLE konyadminconsole.userrole (
	User_id nvarchar(50) NOT NULL,
	Role_id nvarchar(50) NOT NULL,
	hasSuperAdminPrivilages int DEFAULT ((0)) NOT NULL,
	createdby nvarchar(50),
	modifiedby nvarchar(50),
	createdts datetime2 NOT NULL DEFAULT CURRENT_TIMESTAMP,
	lastmodifiedts datetime2 NOT NULL DEFAULT CURRENT_TIMESTAMP,
	synctimestamp datetime2 NOT NULL DEFAULT CURRENT_TIMESTAMP,
	softdeleteflag int DEFAULT ((0)) NOT NULL,
	CONSTRAINT PK_userrole_Role_id_User_id PRIMARY KEY (Role_id,User_id)
);

CREATE TABLE konyadminconsole.variablereference (
	vr_key nvarchar(50) NOT NULL,
	vr_value nvarchar(50) NOT NULL,
	CONSTRAINT PK_variablereference_vr_key PRIMARY KEY (vr_key)
);

CREATE TABLE konyadminconsole.workschedule (
	id nvarchar(50) NOT NULL,
	Description nvarchar(50),
	createdby nvarchar(50),
	modifiedby nvarchar(50),
	createdts datetime2 NOT NULL DEFAULT CURRENT_TIMESTAMP,
	lastmodifiedts datetime2 NOT NULL DEFAULT CURRENT_TIMESTAMP,
	synctimestamp datetime2 NOT NULL DEFAULT CURRENT_TIMESTAMP,
	softdeleteflag int DEFAULT ((0)) NOT NULL,
	CONSTRAINT PK_workschedule_id PRIMARY KEY (id)
);

INSERT INTO [konyadminconsole].[addresstype](id, Description, createdby, modifiedby, createdts, lastmodifiedts, synctimestamp, softdeleteflag) VALUES ('ADR_TYPE_HOME', 'Home Address', 'Kony User', 'Kony Dev', CURRENT_TIMESTAMP, CURRENT_TIMESTAMP, CURRENT_TIMESTAMP, 0);
INSERT INTO [konyadminconsole].[addresstype](id, Description, createdby, modifiedby, createdts, lastmodifiedts, synctimestamp, softdeleteflag) VALUES ('ADR_TYPE_OTHER', 'Other Address', 'Kony User', 'Kony Dev', CURRENT_TIMESTAMP, CURRENT_TIMESTAMP, CURRENT_TIMESTAMP, 0);
INSERT INTO [konyadminconsole].[addresstype](id, Description, createdby, modifiedby, createdts, lastmodifiedts, synctimestamp, softdeleteflag) VALUES ('ADR_TYPE_WORK', 'Wrok Address', 'Kony User', 'Kony Dev', CURRENT_TIMESTAMP, CURRENT_TIMESTAMP, CURRENT_TIMESTAMP, 0);
INSERT INTO [konyadminconsole].[alert](id, AlertType_id, Name, Description, IsSubscriptionNeeded, Status_id, IsSmsActive, IsEmailActive, IsPushActive, AlertContent, createdby, modifiedby, createdts, lastmodifiedts, synctimestamp, softdeleteflag) VALUES ('ALERT_ID_1_10_PROFILE_UPDATE_CONTACT', 'ALERT_TYPE_ID_1_SECURITY', 'Profile Update - Contact', 'Sent when the user updates his phone number or email id', 0, 'SID_ACTIVE', 0, 1, 0, 'Your contact details have been updated using the $Mobile/Online$ banking application. Please contact the bank is this change was not made by you.', 'Kony User', 'Kony Dev', CURRENT_TIMESTAMP, CURRENT_TIMESTAMP, CURRENT_TIMESTAMP, 0);
INSERT INTO [konyadminconsole].[alert](id, AlertType_id, Name, Description, IsSubscriptionNeeded, Status_id, IsSmsActive, IsEmailActive, IsPushActive, AlertContent, createdby, modifiedby, createdts, lastmodifiedts, synctimestamp, softdeleteflag) VALUES ('ALERT_ID_1_11_PROFILE_UPDATE_ADDRESS', 'ALERT_TYPE_ID_1_SECURITY', 'Profile Update - Address', 'Sent when the user updates his address', 0, 'SID_ACTIVE', 1, 1, 0, 'Your address registered with the bank has been updated using the $Mobile/Online$ banking application. Please contact the bank is this change was not made by you.', 'Kony User', 'Kony Dev', CURRENT_TIMESTAMP, CURRENT_TIMESTAMP, CURRENT_TIMESTAMP, 0);
INSERT INTO [konyadminconsole].[alert](id, AlertType_id, Name, Description, IsSubscriptionNeeded, Status_id, IsSmsActive, IsEmailActive, IsPushActive, AlertContent, createdby, modifiedby, createdts, lastmodifiedts, synctimestamp, softdeleteflag) VALUES ('ALERT_ID_1_1_PASSWORD_RESET', 'ALERT_TYPE_ID_1_SECURITY', 'Password Reset', 'Sent when the user resets his password', 1, 'SID_ACTIVE', 1, 1, 0, 'You have recently reset your password', 'Kony User', 'Kony Dev', CURRENT_TIMESTAMP, CURRENT_TIMESTAMP, CURRENT_TIMESTAMP, 0);
INSERT INTO [konyadminconsole].[alert](id, AlertType_id, Name, Description, IsSubscriptionNeeded, Status_id, IsSmsActive, IsEmailActive, IsPushActive, AlertContent, createdby, modifiedby, createdts, lastmodifiedts, synctimestamp, softdeleteflag) VALUES ('ALERT_ID_1_3_PASSWORD_EXPIRED', 'ALERT_TYPE_ID_1_SECURITY', 'Password Expired', 'Sent when the user''s password expired after a certain period of time', 0, 'SID_ACTIVE', 1, 1, 0, 'Your password has expired. Please set your new password', 'Kony User', 'Kony Dev', CURRENT_TIMESTAMP, CURRENT_TIMESTAMP, CURRENT_TIMESTAMP, 0);
INSERT INTO [konyadminconsole].[alert](id, AlertType_id, Name, Description, IsSubscriptionNeeded, Status_id, IsSmsActive, IsEmailActive, IsPushActive, AlertContent, createdby, modifiedby, createdts, lastmodifiedts, synctimestamp, softdeleteflag) VALUES ('ALERT_ID_1_4_USER_UNLOCK', 'ALERT_TYPE_ID_1_SECURITY', 'User Activated/Unlocked', 'Member''s online banking account is now active/unlocked for use', 0, 'SID_ACTIVE', 1, 0, 1, 'Your online banking account is now unlocked for use', 'Kony User', 'Kony Dev', CURRENT_TIMESTAMP, CURRENT_TIMESTAMP, CURRENT_TIMESTAMP, 0);
INSERT INTO [konyadminconsole].[alert](id, AlertType_id, Name, Description, IsSubscriptionNeeded, Status_id, IsSmsActive, IsEmailActive, IsPushActive, AlertContent, createdby, modifiedby, createdts, lastmodifiedts, synctimestamp, softdeleteflag) VALUES ('ALERT_ID_1_5_USER_UNROLL', 'ALERT_TYPE_ID_1_SECURITY', 'User Enrolled', 'User has enrolled for online or mobile banking application', 1, 'SID_ACTIVE', 1, 1, 1, 'You have successfully enrolled for the online and mobile banking applications. Please contact the bank if this change was not made by you', 'Kony User', 'Kony Dev', CURRENT_TIMESTAMP, CURRENT_TIMESTAMP, CURRENT_TIMESTAMP, 0);
INSERT INTO [konyadminconsole].[alert](id, AlertType_id, Name, Description, IsSubscriptionNeeded, Status_id, IsSmsActive, IsEmailActive, IsPushActive, AlertContent, createdby, modifiedby, createdts, lastmodifiedts, synctimestamp, softdeleteflag) VALUES ('ALERT_ID_1_6_REQUEST_PROCESS', 'ALERT_TYPE_ID_1_SECURITY', 'Request Processed', 'Notify the customer any time a request placed by the customer is approved or rejected', 1, 'SID_ACTIVE', 1, 1, 1, 'Your request $RequestID$ for $RequestType$ has been $Approved/Rejected$	', 'Kony User', 'Kony Dev', CURRENT_TIMESTAMP, CURRENT_TIMESTAMP, CURRENT_TIMESTAMP, 0);
INSERT INTO [konyadminconsole].[alert](id, AlertType_id, Name, Description, IsSubscriptionNeeded, Status_id, IsSmsActive, IsEmailActive, IsPushActive, AlertContent, createdby, modifiedby, createdts, lastmodifiedts, synctimestamp, softdeleteflag) VALUES ('ALERT_ID_1_7_LOGIN_NEW_DEVICE', 'ALERT_TYPE_ID_1_SECURITY', 'Login from new device', 'Sent when a user attempts to login from new device', 1, 'SID_ACTIVE', 1, 0, 1, 'You have recently signed in from new device', null, null, CURRENT_TIMESTAMP, CURRENT_TIMESTAMP, CURRENT_TIMESTAMP, 0);
INSERT INTO [konyadminconsole].[alert](id, AlertType_id, Name, Description, IsSubscriptionNeeded, Status_id, IsSmsActive, IsEmailActive, IsPushActive, AlertContent, createdby, modifiedby, createdts, lastmodifiedts, synctimestamp, softdeleteflag) VALUES ('ALERT_ID_1_8_USER_LOCK', 'ALERT_TYPE_ID_1_SECURITY', 'User Locked', 'User''s account is locked after 5 incorrect password entries', 0, 'SID_ACTIVE', 1, 1, 0, 'Your online and mobile banking account have been locked due to multiple incorrect login attempts.', 'Kony User', 'Kony Dev', CURRENT_TIMESTAMP, CURRENT_TIMESTAMP, CURRENT_TIMESTAMP, 0);
INSERT INTO [konyadminconsole].[alert](id, AlertType_id, Name, Description, IsSubscriptionNeeded, Status_id, IsSmsActive, IsEmailActive, IsPushActive, AlertContent, createdby, modifiedby, createdts, lastmodifiedts, synctimestamp, softdeleteflag) VALUES ('ALERT_ID_1_9_MULTIPLE_INCORRECT_LOGIN', 'ALERT_TYPE_ID_1_SECURITY', 'Multiple Incorrect Password', 'Notify the customer after 3 incorrect login attempts before the account gets locked', 0, 'SID_ACTIVE', 1, 0, 0, 'You have completed 3 incorrect login attempts. Your account will be locked after 5 incorrect login entries.', 'Kony User', 'Kony Dev', CURRENT_TIMESTAMP, CURRENT_TIMESTAMP, CURRENT_TIMESTAMP, 0);
INSERT INTO [konyadminconsole].[alert](id, AlertType_id, Name, Description, IsSubscriptionNeeded, Status_id, IsSmsActive, IsEmailActive, IsPushActive, AlertContent, createdby, modifiedby, createdts, lastmodifiedts, synctimestamp, softdeleteflag) VALUES ('ALERT_ID_3_1_BILL_PAYEE', 'ALERT_TYPE_ID_2_TP', 'Bill Payee Added', 'Sent when a new payee is registered for Bill Payment', 0, 'SID_ACTIVE', 1, 1, 1, '$PayeeName$ has been registered successfully for Bill Payments', 'Kony User', 'Kony Dev', CURRENT_TIMESTAMP, CURRENT_TIMESTAMP, CURRENT_TIMESTAMP, 0);
INSERT INTO [konyadminconsole].[alert](id, AlertType_id, Name, Description, IsSubscriptionNeeded, Status_id, IsSmsActive, IsEmailActive, IsPushActive, AlertContent, createdby, modifiedby, createdts, lastmodifiedts, synctimestamp, softdeleteflag) VALUES ('ALERT_ID_3_1_DEALS_EXPIRING', 'ALERT_TYPE_ID_3_PROMOTIONAL', 'Deals expiring in 1 day', 'Sent when an active deal expires in a day', 1, 'SID_ACTIVE', 0, 1, 1, 'Your deal expires in a day. Please avail soon', 'Kony User', 'Kony Dev', CURRENT_TIMESTAMP, CURRENT_TIMESTAMP, CURRENT_TIMESTAMP, 0);
INSERT INTO [konyadminconsole].[alert](id, AlertType_id, Name, Description, IsSubscriptionNeeded, Status_id, IsSmsActive, IsEmailActive, IsPushActive, AlertContent, createdby, modifiedby, createdts, lastmodifiedts, synctimestamp, softdeleteflag) VALUES ('ALERT_ID_3_2_NEW_DEALS', 'ALERT_TYPE_ID_3_PROMOTIONAL', 'New Deals available', 'Sent when a user has the option to avail some new deals', 1, 'SID_ACTIVE', 0, 1, 0, 'You have new deals available', 'Kony User', 'Kony Dev', CURRENT_TIMESTAMP, CURRENT_TIMESTAMP, CURRENT_TIMESTAMP, 0);
INSERT INTO [konyadminconsole].[alert](id, AlertType_id, Name, Description, IsSubscriptionNeeded, Status_id, IsSmsActive, IsEmailActive, IsPushActive, AlertContent, createdby, modifiedby, createdts, lastmodifiedts, synctimestamp, softdeleteflag) VALUES ('ALERT_ID_3_2_P2P_PAYEE', 'ALERT_TYPE_ID_2_TP', 'P2P Payee Added', 'Sent when a new payee is registered for P2P Transfers', 0, 'SID_ACTIVE', 1, 1, 1, '$PayeeName$  has been registered successfully for P2P Transfers', 'Kony User', 'Kony Dev', CURRENT_TIMESTAMP, CURRENT_TIMESTAMP, CURRENT_TIMESTAMP, 0);
INSERT INTO [konyadminconsole].[alert](id, AlertType_id, Name, Description, IsSubscriptionNeeded, Status_id, IsSmsActive, IsEmailActive, IsPushActive, AlertContent, createdby, modifiedby, createdts, lastmodifiedts, synctimestamp, softdeleteflag) VALUES ('ALERT_ID_3_3_TRANSFER_PAYEE', 'ALERT_TYPE_ID_2_TP', 'Transfer Payee Added', 'Sent when a new payee is registered for fund transfer', 1, 'SID_ACTIVE', 0, 0, 1, '$PayeeName$ has been registered successfully for Fund Transfer', 'Kony User', 'Kony Dev', CURRENT_TIMESTAMP, CURRENT_TIMESTAMP, CURRENT_TIMESTAMP, 0);
INSERT INTO [konyadminconsole].[alert](id, AlertType_id, Name, Description, IsSubscriptionNeeded, Status_id, IsSmsActive, IsEmailActive, IsPushActive, AlertContent, createdby, modifiedby, createdts, lastmodifiedts, synctimestamp, softdeleteflag) VALUES ('ALERT_ID_3_4_WT_PAYEE', 'ALERT_TYPE_ID_2_TP', 'Wire Transfer Payee Added', 'Sent when a new payee is registered for Wire Transfers', 1, 'SID_ACTIVE', 1, 0, 1, '$PayeeName$  has been registered successfully for Wire Transfers', 'Kony User', 'Kony Dev', CURRENT_TIMESTAMP, CURRENT_TIMESTAMP, CURRENT_TIMESTAMP, 0);
INSERT INTO [konyadminconsole].[alert](id, AlertType_id, Name, Description, IsSubscriptionNeeded, Status_id, IsSmsActive, IsEmailActive, IsPushActive, AlertContent, createdby, modifiedby, createdts, lastmodifiedts, synctimestamp, softdeleteflag) VALUES ('ALERT_ID_3_5_EBILL', 'ALERT_TYPE_ID_2_TP', 'New Bill Available', 'Sent when a new eBill presented', 0, 'SID_ACTIVE', 1, 1, 1, 'A new bill of $BillAmount$ is now available for your payee $PayeeName$', 'Kony User', 'Kony Dev', CURRENT_TIMESTAMP, CURRENT_TIMESTAMP, CURRENT_TIMESTAMP, 0);
INSERT INTO [konyadminconsole].[alert](id, AlertType_id, Name, Description, IsSubscriptionNeeded, Status_id, IsSmsActive, IsEmailActive, IsPushActive, AlertContent, createdby, modifiedby, createdts, lastmodifiedts, synctimestamp, softdeleteflag) VALUES ('ALERT_ID_3_6_STE', 'ALERT_TYPE_ID_2_TP', 'Scheduled Transaction Execution', 'Sent when a scheduled transaction gets executed', 1, 'SID_ACTIVE', 0, 1, 0, 'A scheduled transaction for $BillAmount$ has been completed', 'Kony User', 'Kony Dev', CURRENT_TIMESTAMP, CURRENT_TIMESTAMP, CURRENT_TIMESTAMP, 0);
INSERT INTO [konyadminconsole].[alert](id, AlertType_id, Name, Description, IsSubscriptionNeeded, Status_id, IsSmsActive, IsEmailActive, IsPushActive, AlertContent, createdby, modifiedby, createdts, lastmodifiedts, synctimestamp, softdeleteflag) VALUES ('ALERT_ID_4_1_ACCOUNT_BALANCE', 'ALERT_TYPE_ID_4_ACCOUNT', 'Account Balance', 'Sent when the balance for a selected account falls below the user''s selected value', 0, 'SID_ACTIVE', 1, 1, 0, 'The balance for your account ending $MaskedAccountNumber$ is below $AlertValue$', 'Kony User', 'Kony Dev', CURRENT_TIMESTAMP, CURRENT_TIMESTAMP, CURRENT_TIMESTAMP, 0);
INSERT INTO [konyadminconsole].[alert](id, AlertType_id, Name, Description, IsSubscriptionNeeded, Status_id, IsSmsActive, IsEmailActive, IsPushActive, AlertContent, createdby, modifiedby, createdts, lastmodifiedts, synctimestamp, softdeleteflag) VALUES ('ALERT_ID_4_2_ACCOUNT_STATUS', 'ALERT_TYPE_ID_4_ACCOUNT', 'Account Status', 'Sent when the customer checks his account status', 1, 'SID_ACTIVE', 0, 1, 0, 'You have recently determined your account status', 'Kony User', 'Kony Dev', CURRENT_TIMESTAMP, CURRENT_TIMESTAMP, CURRENT_TIMESTAMP, 0);
INSERT INTO [konyadminconsole].[alert](id, AlertType_id, Name, Description, IsSubscriptionNeeded, Status_id, IsSmsActive, IsEmailActive, IsPushActive, AlertContent, createdby, modifiedby, createdts, lastmodifiedts, synctimestamp, softdeleteflag) VALUES ('ALERT_ID_4_3_CHECK_STATUS', 'ALERT_TYPE_ID_4_ACCOUNT', 'Check Status', 'Sent when the customer checks his check status', 1, 'SID_ACTIVE', 1, 1, 1, 'You have recently determined your check status', 'Kony User', 'Kony Dev', CURRENT_TIMESTAMP, CURRENT_TIMESTAMP, CURRENT_TIMESTAMP, 0);
INSERT INTO [konyadminconsole].[alert](id, AlertType_id, Name, Description, IsSubscriptionNeeded, Status_id, IsSmsActive, IsEmailActive, IsPushActive, AlertContent, createdby, modifiedby, createdts, lastmodifiedts, synctimestamp, softdeleteflag) VALUES ('ALERT_ID_4_4_CREDIT_ALERT', 'ALERT_TYPE_ID_4_ACCOUNT', 'Credit Alert', 'Sent when an amount is credited to any of the selected accounts', 1, 'SID_ACTIVE', 0, 1, 0, 'Your account ending $MaskedAccountNumber$ has been credited with $Amount$', 'Kony User', 'Kony Dev', CURRENT_TIMESTAMP, CURRENT_TIMESTAMP, CURRENT_TIMESTAMP, 0);
INSERT INTO [konyadminconsole].[alert](id, AlertType_id, Name, Description, IsSubscriptionNeeded, Status_id, IsSmsActive, IsEmailActive, IsPushActive, AlertContent, createdby, modifiedby, createdts, lastmodifiedts, synctimestamp, softdeleteflag) VALUES ('ALERT_ID_4_5_DEBIT_ALERT', 'ALERT_TYPE_ID_4_ACCOUNT', 'Debit Alert', 'Sent when an amount is debited from any of the selected accounts', 1, 'SID_ACTIVE', 1, 0, 1, 'Your account ending $MaskedAccountNumber$ has been debited with $Amount$', 'Kony User', 'Kony Dev', CURRENT_TIMESTAMP, CURRENT_TIMESTAMP, CURRENT_TIMESTAMP, 0);
INSERT INTO [konyadminconsole].[alert](id, AlertType_id, Name, Description, IsSubscriptionNeeded, Status_id, IsSmsActive, IsEmailActive, IsPushActive, AlertContent, createdby, modifiedby, createdts, lastmodifiedts, synctimestamp, softdeleteflag) VALUES ('ALERT_ID_4_6_CHECK_CLEARANCE', 'ALERT_TYPE_ID_4_ACCOUNT', 'Check Clearance', 'Sent when a customer check gets cleared at the bank', 1, 'SID_ACTIVE', 1, 1, 1, 'Your check has been cleared at the bank', 'Kony User', 'Kony Dev', CURRENT_TIMESTAMP, CURRENT_TIMESTAMP, CURRENT_TIMESTAMP, 0);
INSERT INTO [konyadminconsole].[alerttype](id, Name, Description, IsSubscriptionNeeded, createdby, modifiedby, createdts, lastmodifiedts, synctimestamp, softdeleteflag) VALUES ('ALERT_TYPE_ID_1_SECURITY', 'Security', 'Alerts generated irrespective of any user/customer/account type, and are independent of customers alert subscriptions', 1, 'Kony User', 'Kony Dev', CURRENT_TIMESTAMP, CURRENT_TIMESTAMP, CURRENT_TIMESTAMP, 0);
INSERT INTO [konyadminconsole].[alerttype](id, Name, Description, IsSubscriptionNeeded, createdby, modifiedby, createdts, lastmodifiedts, synctimestamp, softdeleteflag) VALUES ('ALERT_TYPE_ID_2_TP', 'Transaction and Payment', 'Alerts generated specific to a transaction related activity', 1, 'Kony User', 'Kony Dev', CURRENT_TIMESTAMP, CURRENT_TIMESTAMP, CURRENT_TIMESTAMP, 0);
INSERT INTO [konyadminconsole].[alerttype](id, Name, Description, IsSubscriptionNeeded, createdby, modifiedby, createdts, lastmodifiedts, synctimestamp, softdeleteflag) VALUES ('ALERT_TYPE_ID_3_PROMOTIONAL', 'Promotional', 'Alerts are generated for deals and promotions', 1, 'Kony User', 'Kony Dev', CURRENT_TIMESTAMP, CURRENT_TIMESTAMP, CURRENT_TIMESTAMP, 0);
INSERT INTO [konyadminconsole].[alerttype](id, Name, Description, IsSubscriptionNeeded, createdby, modifiedby, createdts, lastmodifiedts, synctimestamp, softdeleteflag) VALUES ('ALERT_TYPE_ID_4_ACCOUNT', 'Account', 'Alerts generated on a given account and alert subscription', 1, 'Kony User', 'Kony Dev', CURRENT_TIMESTAMP, CURRENT_TIMESTAMP, CURRENT_TIMESTAMP, 0);
INSERT INTO [konyadminconsole].[attachmenttype](id, Name, createdby, modifiedby, createdts, lastmodifiedts, synctimestamp, softdeleteflag) VALUES ('ATTACH_TYPE_DOC', 'Doc', 'Kony User', 'Kony Dev', CURRENT_TIMESTAMP, CURRENT_TIMESTAMP, CURRENT_TIMESTAMP, 0);
INSERT INTO [konyadminconsole].[attachmenttype](id, Name, createdby, modifiedby, createdts, lastmodifiedts, synctimestamp, softdeleteflag) VALUES ('ATTACH_TYPE_DOCX', 'Docx', 'Kony User', 'Kony Dev', CURRENT_TIMESTAMP, CURRENT_TIMESTAMP, CURRENT_TIMESTAMP, 0);
INSERT INTO [konyadminconsole].[attachmenttype](id, Name, createdby, modifiedby, createdts, lastmodifiedts, synctimestamp, softdeleteflag) VALUES ('ATTACH_TYPE_JPEG', 'JPEG Attachment', 'Kony User', 'Kony Dev', CURRENT_TIMESTAMP, CURRENT_TIMESTAMP, CURRENT_TIMESTAMP, 0);
INSERT INTO [konyadminconsole].[attachmenttype](id, Name, createdby, modifiedby, createdts, lastmodifiedts, synctimestamp, softdeleteflag) VALUES ('ATTACH_TYPE_JPG', 'JPG Attachment', 'Kony User', 'Kony Dev', CURRENT_TIMESTAMP, CURRENT_TIMESTAMP, CURRENT_TIMESTAMP, 0);
INSERT INTO [konyadminconsole].[attachmenttype](id, Name, createdby, modifiedby, createdts, lastmodifiedts, synctimestamp, softdeleteflag) VALUES ('ATTACH_TYPE_PDF', 'PDF', 'Kony User', 'Kony Dev', CURRENT_TIMESTAMP, CURRENT_TIMESTAMP, CURRENT_TIMESTAMP, 0);
INSERT INTO [konyadminconsole].[attachmenttype](id, Name, createdby, modifiedby, createdts, lastmodifiedts, synctimestamp, softdeleteflag) VALUES ('ATTACH_TYPE_PNG', 'PNG Attachment', 'Kony User', 'Kony Dev', CURRENT_TIMESTAMP, CURRENT_TIMESTAMP, CURRENT_TIMESTAMP, 0);
INSERT INTO [konyadminconsole].[attachmenttype](id, Name, createdby, modifiedby, createdts, lastmodifiedts, synctimestamp, softdeleteflag) VALUES ('ATTACH_TYPE_TXT', 'Text', 'Kony User', 'Kony Dev', CURRENT_TIMESTAMP, CURRENT_TIMESTAMP, CURRENT_TIMESTAMP, 0);
INSERT INTO [konyadminconsole].[category](id, Name, createdby, modifiedby, createdts, lastmodifiedts, synctimestamp, softdeleteflag) VALUES ('CAT_TYPE_DEPOSIT', 'Deposit', 'Kony User', 'Kony Dev', CURRENT_TIMESTAMP, CURRENT_TIMESTAMP, CURRENT_TIMESTAMP, 0);
INSERT INTO [konyadminconsole].[category](id, Name, createdby, modifiedby, createdts, lastmodifiedts, synctimestamp, softdeleteflag) VALUES ('CAT_TYPE_PAYMENT', 'Payment', 'Kony User', 'Kony Dev', CURRENT_TIMESTAMP, CURRENT_TIMESTAMP, CURRENT_TIMESTAMP, 0);
INSERT INTO [konyadminconsole].[category](id, Name, createdby, modifiedby, createdts, lastmodifiedts, synctimestamp, softdeleteflag) VALUES ('CAT_TYPE_TRANSFER', 'Transfer', 'Kony User', 'Kony Dev', CURRENT_TIMESTAMP, CURRENT_TIMESTAMP, CURRENT_TIMESTAMP, 0);
INSERT INTO [konyadminconsole].[city](id, Region_id, Country_id, Name, createdby, modifiedby, createdts, lastmodifiedts, synctimestamp, softdeleteflag) VALUES ('C1', 'R1', 'Con1', 'Hyderabad', 'Kony User', 'Kony Dev', CURRENT_TIMESTAMP, CURRENT_TIMESTAMP, CURRENT_TIMESTAMP, 0);
INSERT INTO [konyadminconsole].[city](id, Region_id, Country_id, Name, createdby, modifiedby, createdts, lastmodifiedts, synctimestamp, softdeleteflag) VALUES ('C2', 'R2', 'Con1', 'Mumbai', 'Kony User', 'Kony Dev', CURRENT_TIMESTAMP, CURRENT_TIMESTAMP, CURRENT_TIMESTAMP, 0);
INSERT INTO [konyadminconsole].[city](id, Region_id, Country_id, Name, createdby, modifiedby, createdts, lastmodifiedts, synctimestamp, softdeleteflag) VALUES ('C3', 'R3', 'Con1', 'Chennai', 'Kony User', 'Kony Dev', CURRENT_TIMESTAMP, CURRENT_TIMESTAMP, CURRENT_TIMESTAMP, 0);
INSERT INTO [konyadminconsole].[city](id, Region_id, Country_id, Name, createdby, modifiedby, createdts, lastmodifiedts, synctimestamp, softdeleteflag) VALUES ('CITY10', 'R23', 'Con1', 'Jaipur', 'Kony User', 'Kony Dev', CURRENT_TIMESTAMP, CURRENT_TIMESTAMP, CURRENT_TIMESTAMP, 0);
INSERT INTO [konyadminconsole].[city](id, Region_id, Country_id, Name, createdby, modifiedby, createdts, lastmodifiedts, synctimestamp, softdeleteflag) VALUES ('CITY100', 'R2', 'Con1', 'Latur', 'Kony User', 'Kony Dev', CURRENT_TIMESTAMP, CURRENT_TIMESTAMP, CURRENT_TIMESTAMP, 0);
INSERT INTO [konyadminconsole].[city](id, Region_id, Country_id, Name, createdby, modifiedby, createdts, lastmodifiedts, synctimestamp, softdeleteflag) VALUES ('CITY1000', 'R27', 'Con1', 'SUrban Agglomerationr', 'Kony User', 'Kony Dev', CURRENT_TIMESTAMP, CURRENT_TIMESTAMP, CURRENT_TIMESTAMP, 0);
INSERT INTO [konyadminconsole].[city](id, Region_id, Country_id, Name, createdby, modifiedby, createdts, lastmodifiedts, synctimestamp, softdeleteflag) VALUES ('CITY1001', 'R14', 'Con1', 'Terdal', 'Kony User', 'Kony Dev', CURRENT_TIMESTAMP, CURRENT_TIMESTAMP, CURRENT_TIMESTAMP, 0);
INSERT INTO [konyadminconsole].[city](id, Region_id, Country_id, Name, createdby, modifiedby, createdts, lastmodifiedts, synctimestamp, softdeleteflag) VALUES ('CITY1002', 'R2', 'Con1', 'Raver', 'Kony User', 'Kony Dev', CURRENT_TIMESTAMP, CURRENT_TIMESTAMP, CURRENT_TIMESTAMP, 0);
INSERT INTO [konyadminconsole].[city](id, Region_id, Country_id, Name, createdby, modifiedby, createdts, lastmodifiedts, synctimestamp, softdeleteflag) VALUES ('CITY1003', 'R25', 'Con1', 'Tirupathur', 'Kony User', 'Kony Dev', CURRENT_TIMESTAMP, CURRENT_TIMESTAMP, CURRENT_TIMESTAMP, 0);
INSERT INTO [konyadminconsole].[city](id, Region_id, Country_id, Name, createdby, modifiedby, createdts, lastmodifiedts, synctimestamp, softdeleteflag) VALUES ('CITY1004', 'R10', 'Con1', 'Taraori', 'Kony User', 'Kony Dev', CURRENT_TIMESTAMP, CURRENT_TIMESTAMP, CURRENT_TIMESTAMP, 0);
INSERT INTO [konyadminconsole].[city](id, Region_id, Country_id, Name, createdby, modifiedby, createdts, lastmodifiedts, synctimestamp, softdeleteflag) VALUES ('CITY1005', 'R2', 'Con1', 'Mukhed', 'Kony User', 'Kony Dev', CURRENT_TIMESTAMP, CURRENT_TIMESTAMP, CURRENT_TIMESTAMP, 0);
INSERT INTO [konyadminconsole].[city](id, Region_id, Country_id, Name, createdby, modifiedby, createdts, lastmodifiedts, synctimestamp, softdeleteflag) VALUES ('CITY1006', 'R25', 'Con1', 'Manachanallur', 'Kony User', 'Kony Dev', CURRENT_TIMESTAMP, CURRENT_TIMESTAMP, CURRENT_TIMESTAMP, 0);
INSERT INTO [konyadminconsole].[city](id, Region_id, Country_id, Name, createdby, modifiedby, createdts, lastmodifiedts, synctimestamp, softdeleteflag) VALUES ('CITY1007', 'R16', 'Con1', 'Rehli', 'Kony User', 'Kony Dev', CURRENT_TIMESTAMP, CURRENT_TIMESTAMP, CURRENT_TIMESTAMP, 0);
INSERT INTO [konyadminconsole].[city](id, Region_id, Country_id, Name, createdby, modifiedby, createdts, lastmodifiedts, synctimestamp, softdeleteflag) VALUES ('CITY1008', 'R23', 'Con1', 'Sanchore', 'Kony User', 'Kony Dev', CURRENT_TIMESTAMP, CURRENT_TIMESTAMP, CURRENT_TIMESTAMP, 0);
INSERT INTO [konyadminconsole].[city](id, Region_id, Country_id, Name, createdby, modifiedby, createdts, lastmodifiedts, synctimestamp, softdeleteflag) VALUES ('CITY1009', 'R2', 'Con1', 'Rajura', 'Kony User', 'Kony Dev', CURRENT_TIMESTAMP, CURRENT_TIMESTAMP, CURRENT_TIMESTAMP, 0);
INSERT INTO [konyadminconsole].[city](id, Region_id, Country_id, Name, createdby, modifiedby, createdts, lastmodifiedts, synctimestamp, softdeleteflag) VALUES ('CITY101', 'R2', 'Con1', 'Dhule', 'Kony User', 'Kony Dev', CURRENT_TIMESTAMP, CURRENT_TIMESTAMP, CURRENT_TIMESTAMP, 0);
INSERT INTO [konyadminconsole].[city](id, Region_id, Country_id, Name, createdby, modifiedby, createdts, lastmodifiedts, synctimestamp, softdeleteflag) VALUES ('CITY1010', 'R6', 'Con1', 'Piro', 'Kony User', 'Kony Dev', CURRENT_TIMESTAMP, CURRENT_TIMESTAMP, CURRENT_TIMESTAMP, 0);
INSERT INTO [konyadminconsole].[city](id, Region_id, Country_id, Name, createdby, modifiedby, createdts, lastmodifiedts, synctimestamp, softdeleteflag) VALUES ('CITY1011', 'R14', 'Con1', 'Mudabidri', 'Kony User', 'Kony Dev', CURRENT_TIMESTAMP, CURRENT_TIMESTAMP, CURRENT_TIMESTAMP, 0);
INSERT INTO [konyadminconsole].[city](id, Region_id, Country_id, Name, createdby, modifiedby, createdts, lastmodifiedts, synctimestamp, softdeleteflag) VALUES ('CITY1012', 'R2', 'Con1', 'Vadgaon Kasba', 'Kony User', 'Kony Dev', CURRENT_TIMESTAMP, CURRENT_TIMESTAMP, CURRENT_TIMESTAMP, 0);
INSERT INTO [konyadminconsole].[city](id, Region_id, Country_id, Name, createdby, modifiedby, createdts, lastmodifiedts, synctimestamp, softdeleteflag) VALUES ('CITY1013', 'R23', 'Con1', 'Nagar', 'Kony User', 'Kony Dev', CURRENT_TIMESTAMP, CURRENT_TIMESTAMP, CURRENT_TIMESTAMP, 0);
INSERT INTO [konyadminconsole].[city](id, Region_id, Country_id, Name, createdby, modifiedby, createdts, lastmodifiedts, synctimestamp, softdeleteflag) VALUES ('CITY1014', 'R9', 'Con1', 'Vijapur', 'Kony User', 'Kony Dev', CURRENT_TIMESTAMP, CURRENT_TIMESTAMP, CURRENT_TIMESTAMP, 0);
INSERT INTO [konyadminconsole].[city](id, Region_id, Country_id, Name, createdby, modifiedby, createdts, lastmodifiedts, synctimestamp, softdeleteflag) VALUES ('CITY1015', 'R25', 'Con1', 'Viswanatham', 'Kony User', 'Kony Dev', CURRENT_TIMESTAMP, CURRENT_TIMESTAMP, CURRENT_TIMESTAMP, 0);
INSERT INTO [konyadminconsole].[city](id, Region_id, Country_id, Name, createdby, modifiedby, createdts, lastmodifiedts, synctimestamp, softdeleteflag) VALUES ('CITY1016', 'R25', 'Con1', 'Polur', 'Kony User', 'Kony Dev', CURRENT_TIMESTAMP, CURRENT_TIMESTAMP, CURRENT_TIMESTAMP, 0);
INSERT INTO [konyadminconsole].[city](id, Region_id, Country_id, Name, createdby, modifiedby, createdts, lastmodifiedts, synctimestamp, softdeleteflag) VALUES ('CITY1017', 'R25', 'Con1', 'Panagudi', 'Kony User', 'Kony Dev', CURRENT_TIMESTAMP, CURRENT_TIMESTAMP, CURRENT_TIMESTAMP, 0);
INSERT INTO [konyadminconsole].[city](id, Region_id, Country_id, Name, createdby, modifiedby, createdts, lastmodifiedts, synctimestamp, softdeleteflag) VALUES ('CITY1018', 'R16', 'Con1', 'Manawar', 'Kony User', 'Kony Dev', CURRENT_TIMESTAMP, CURRENT_TIMESTAMP, CURRENT_TIMESTAMP, 0);
INSERT INTO [konyadminconsole].[city](id, Region_id, Country_id, Name, createdby, modifiedby, createdts, lastmodifiedts, synctimestamp, softdeleteflag) VALUES ('CITY1019', 'R28', 'Con1', 'Tehri', 'Kony User', 'Kony Dev', CURRENT_TIMESTAMP, CURRENT_TIMESTAMP, CURRENT_TIMESTAMP, 0);
INSERT INTO [konyadminconsole].[city](id, Region_id, Country_id, Name, createdby, modifiedby, createdts, lastmodifiedts, synctimestamp, softdeleteflag) VALUES ('CITY102', 'R7', 'Con1', 'Korba', 'Kony User', 'Kony Dev', CURRENT_TIMESTAMP, CURRENT_TIMESTAMP, CURRENT_TIMESTAMP, 0);
INSERT INTO [konyadminconsole].[city](id, Region_id, Country_id, Name, createdby, modifiedby, createdts, lastmodifiedts, synctimestamp, softdeleteflag) VALUES ('CITY1020', 'R27', 'Con1', 'Samdhan', 'Kony User', 'Kony Dev', CURRENT_TIMESTAMP, CURRENT_TIMESTAMP, CURRENT_TIMESTAMP, 0);
INSERT INTO [konyadminconsole].[city](id, Region_id, Country_id, Name, createdby, modifiedby, createdts, lastmodifiedts, synctimestamp, softdeleteflag) VALUES ('CITY1021', 'R9', 'Con1', 'Pardi', 'Kony User', 'Kony Dev', CURRENT_TIMESTAMP, CURRENT_TIMESTAMP, CURRENT_TIMESTAMP, 0);
INSERT INTO [konyadminconsole].[city](id, Region_id, Country_id, Name, createdby, modifiedby, createdts, lastmodifiedts, synctimestamp, softdeleteflag) VALUES ('CITY1022', 'R16', 'Con1', 'Rahatgarh', 'Kony User', 'Kony Dev', CURRENT_TIMESTAMP, CURRENT_TIMESTAMP, CURRENT_TIMESTAMP, 0);
INSERT INTO [konyadminconsole].[city](id, Region_id, Country_id, Name, createdby, modifiedby, createdts, lastmodifiedts, synctimestamp, softdeleteflag) VALUES ('CITY1023', 'R16', 'Con1', 'Panagar', 'Kony User', 'Kony Dev', CURRENT_TIMESTAMP, CURRENT_TIMESTAMP, CURRENT_TIMESTAMP, 0);
INSERT INTO [konyadminconsole].[city](id, Region_id, Country_id, Name, createdby, modifiedby, createdts, lastmodifiedts, synctimestamp, softdeleteflag) VALUES ('CITY1024', 'R25', 'Con1', 'Uthiramerur', 'Kony User', 'Kony Dev', CURRENT_TIMESTAMP, CURRENT_TIMESTAMP, CURRENT_TIMESTAMP, 0);
INSERT INTO [konyadminconsole].[city](id, Region_id, Country_id, Name, createdby, modifiedby, createdts, lastmodifiedts, synctimestamp, softdeleteflag) VALUES ('CITY1025', 'R2', 'Con1', 'Tirora', 'Kony User', 'Kony Dev', CURRENT_TIMESTAMP, CURRENT_TIMESTAMP, CURRENT_TIMESTAMP, 0);
INSERT INTO [konyadminconsole].[city](id, Region_id, Country_id, Name, createdby, modifiedby, createdts, lastmodifiedts, synctimestamp, softdeleteflag) VALUES ('CITY1026', 'R5', 'Con1', 'Rangia', 'Kony User', 'Kony Dev', CURRENT_TIMESTAMP, CURRENT_TIMESTAMP, CURRENT_TIMESTAMP, 0);
INSERT INTO [konyadminconsole].[city](id, Region_id, Country_id, Name, createdby, modifiedby, createdts, lastmodifiedts, synctimestamp, softdeleteflag) VALUES ('CITY1027', 'R27', 'Con1', 'Sahjanwa', 'Kony User', 'Kony Dev', CURRENT_TIMESTAMP, CURRENT_TIMESTAMP, CURRENT_TIMESTAMP, 0);
INSERT INTO [konyadminconsole].[city](id, Region_id, Country_id, Name, createdby, modifiedby, createdts, lastmodifiedts, synctimestamp, softdeleteflag) VALUES ('CITY1028', 'R16', 'Con1', 'Wara Seoni', 'Kony User', 'Kony Dev', CURRENT_TIMESTAMP, CURRENT_TIMESTAMP, CURRENT_TIMESTAMP, 0);
INSERT INTO [konyadminconsole].[city](id, Region_id, Country_id, Name, createdby, modifiedby, createdts, lastmodifiedts, synctimestamp, softdeleteflag) VALUES ('CITY1029', 'R14', 'Con1', 'Magadi', 'Kony User', 'Kony Dev', CURRENT_TIMESTAMP, CURRENT_TIMESTAMP, CURRENT_TIMESTAMP, 0);
INSERT INTO [konyadminconsole].[city](id, Region_id, Country_id, Name, createdby, modifiedby, createdts, lastmodifiedts, synctimestamp, softdeleteflag) VALUES ('CITY103', 'R23', 'Con1', 'Bhilwara', 'Kony User', 'Kony Dev', CURRENT_TIMESTAMP, CURRENT_TIMESTAMP, CURRENT_TIMESTAMP, 0);
INSERT INTO [konyadminconsole].[city](id, Region_id, Country_id, Name, createdby, modifiedby, createdts, lastmodifiedts, synctimestamp, softdeleteflag) VALUES ('CITY1030', 'R23', 'Con1', 'Rajgarh (Alwar)', 'Kony User', 'Kony Dev', CURRENT_TIMESTAMP, CURRENT_TIMESTAMP, CURRENT_TIMESTAMP, 0);
INSERT INTO [konyadminconsole].[city](id, Region_id, Country_id, Name, createdby, modifiedby, createdts, lastmodifiedts, synctimestamp, softdeleteflag) VALUES ('CITY1031', 'R6', 'Con1', 'Rafiganj', 'Kony User', 'Kony Dev', CURRENT_TIMESTAMP, CURRENT_TIMESTAMP, CURRENT_TIMESTAMP, 0);
INSERT INTO [konyadminconsole].[city](id, Region_id, Country_id, Name, createdby, modifiedby, createdts, lastmodifiedts, synctimestamp, softdeleteflag) VALUES ('CITY1032', 'R16', 'Con1', 'Tarana', 'Kony User', 'Kony Dev', CURRENT_TIMESTAMP, CURRENT_TIMESTAMP, CURRENT_TIMESTAMP, 0);
INSERT INTO [konyadminconsole].[city](id, Region_id, Country_id, Name, createdby, modifiedby, createdts, lastmodifiedts, synctimestamp, softdeleteflag) VALUES ('CITY1033', 'R27', 'Con1', 'Rampur Maniharan', 'Kony User', 'Kony Dev', CURRENT_TIMESTAMP, CURRENT_TIMESTAMP, CURRENT_TIMESTAMP, 0);
INSERT INTO [konyadminconsole].[city](id, Region_id, Country_id, Name, createdby, modifiedby, createdts, lastmodifiedts, synctimestamp, softdeleteflag) VALUES ('CITY1034', 'R23', 'Con1', 'Sheoganj', 'Kony User', 'Kony Dev', CURRENT_TIMESTAMP, CURRENT_TIMESTAMP, CURRENT_TIMESTAMP, 0);
INSERT INTO [konyadminconsole].[city](id, Region_id, Country_id, Name, createdby, modifiedby, createdts, lastmodifiedts, synctimestamp, softdeleteflag) VALUES ('CITY1035', 'R22', 'Con1', 'Raikot', 'Kony User', 'Kony Dev', CURRENT_TIMESTAMP, CURRENT_TIMESTAMP, CURRENT_TIMESTAMP, 0);
INSERT INTO [konyadminconsole].[city](id, Region_id, Country_id, Name, createdby, modifiedby, createdts, lastmodifiedts, synctimestamp, softdeleteflag) VALUES ('CITY1036', 'R28', 'Con1', 'Pauri', 'Kony User', 'Kony Dev', CURRENT_TIMESTAMP, CURRENT_TIMESTAMP, CURRENT_TIMESTAMP, 0);
INSERT INTO [konyadminconsole].[city](id, Region_id, Country_id, Name, createdby, modifiedby, createdts, lastmodifiedts, synctimestamp, softdeleteflag) VALUES ('CITY1037', 'R27', 'Con1', 'Sumerpur', 'Kony User', 'Kony Dev', CURRENT_TIMESTAMP, CURRENT_TIMESTAMP, CURRENT_TIMESTAMP, 0);
INSERT INTO [konyadminconsole].[city](id, Region_id, Country_id, Name, createdby, modifiedby, createdts, lastmodifiedts, synctimestamp, softdeleteflag) VALUES ('CITY1038', 'R14', 'Con1', 'Navalgund', 'Kony User', 'Kony Dev', CURRENT_TIMESTAMP, CURRENT_TIMESTAMP, CURRENT_TIMESTAMP, 0);
INSERT INTO [konyadminconsole].[city](id, Region_id, Country_id, Name, createdby, modifiedby, createdts, lastmodifiedts, synctimestamp, softdeleteflag) VALUES ('CITY1039', 'R27', 'Con1', 'Shahganj', 'Kony User', 'Kony Dev', CURRENT_TIMESTAMP, CURRENT_TIMESTAMP, CURRENT_TIMESTAMP, 0);
INSERT INTO [konyadminconsole].[city](id, Region_id, Country_id, Name, createdby, modifiedby, createdts, lastmodifiedts, synctimestamp, softdeleteflag) VALUES ('CITY104', 'R21', 'Con1', 'Brahmapur', 'Kony User', 'Kony Dev', CURRENT_TIMESTAMP, CURRENT_TIMESTAMP, CURRENT_TIMESTAMP, 0);
INSERT INTO [konyadminconsole].[city](id, Region_id, Country_id, Name, createdby, modifiedby, createdts, lastmodifiedts, synctimestamp, softdeleteflag) VALUES ('CITY1040', 'R6', 'Con1', 'Marhaura', 'Kony User', 'Kony Dev', CURRENT_TIMESTAMP, CURRENT_TIMESTAMP, CURRENT_TIMESTAMP, 0);
INSERT INTO [konyadminconsole].[city](id, Region_id, Country_id, Name, createdby, modifiedby, createdts, lastmodifiedts, synctimestamp, softdeleteflag) VALUES ('CITY1041', 'R27', 'Con1', 'Tulsipur', 'Kony User', 'Kony Dev', CURRENT_TIMESTAMP, CURRENT_TIMESTAMP, CURRENT_TIMESTAMP, 0);
INSERT INTO [konyadminconsole].[city](id, Region_id, Country_id, Name, createdby, modifiedby, createdts, lastmodifiedts, synctimestamp, softdeleteflag) VALUES ('CITY1042', 'R23', 'Con1', 'Sadri', 'Kony User', 'Kony Dev', CURRENT_TIMESTAMP, CURRENT_TIMESTAMP, CURRENT_TIMESTAMP, 0);
INSERT INTO [konyadminconsole].[city](id, Region_id, Country_id, Name, createdby, modifiedby, createdts, lastmodifiedts, synctimestamp, softdeleteflag) VALUES ('CITY1043', 'R25', 'Con1', 'Thiruthuraipoondi', 'Kony User', 'Kony Dev', CURRENT_TIMESTAMP, CURRENT_TIMESTAMP, CURRENT_TIMESTAMP, 0);
INSERT INTO [konyadminconsole].[city](id, Region_id, Country_id, Name, createdby, modifiedby, createdts, lastmodifiedts, synctimestamp, softdeleteflag) VALUES ('CITY1044', 'R14', 'Con1', 'Shiggaon', 'Kony User', 'Kony Dev', CURRENT_TIMESTAMP, CURRENT_TIMESTAMP, CURRENT_TIMESTAMP, 0);
INSERT INTO [konyadminconsole].[city](id, Region_id, Country_id, Name, createdby, modifiedby, createdts, lastmodifiedts, synctimestamp, softdeleteflag) VALUES ('CITY1045', 'R25', 'Con1', 'Pallapatti', 'Kony User', 'Kony Dev', CURRENT_TIMESTAMP, CURRENT_TIMESTAMP, CURRENT_TIMESTAMP, 0);
INSERT INTO [konyadminconsole].[city](id, Region_id, Country_id, Name, createdby, modifiedby, createdts, lastmodifiedts, synctimestamp, softdeleteflag) VALUES ('CITY1046', 'R10', 'Con1', 'Mahendragarh', 'Kony User', 'Kony Dev', CURRENT_TIMESTAMP, CURRENT_TIMESTAMP, CURRENT_TIMESTAMP, 0);
INSERT INTO [konyadminconsole].[city](id, Region_id, Country_id, Name, createdby, modifiedby, createdts, lastmodifiedts, synctimestamp, softdeleteflag) VALUES ('CITY1047', 'R16', 'Con1', 'Sausar', 'Kony User', 'Kony Dev', CURRENT_TIMESTAMP, CURRENT_TIMESTAMP, CURRENT_TIMESTAMP, 0);
INSERT INTO [konyadminconsole].[city](id, Region_id, Country_id, Name, createdby, modifiedby, createdts, lastmodifiedts, synctimestamp, softdeleteflag) VALUES ('CITY1048', 'R25', 'Con1', 'Ponneri', 'Kony User', 'Kony Dev', CURRENT_TIMESTAMP, CURRENT_TIMESTAMP, CURRENT_TIMESTAMP, 0);
INSERT INTO [konyadminconsole].[city](id, Region_id, Country_id, Name, createdby, modifiedby, createdts, lastmodifiedts, synctimestamp, softdeleteflag) VALUES ('CITY1049', 'R2', 'Con1', 'Mahad', 'Kony User', 'Kony Dev', CURRENT_TIMESTAMP, CURRENT_TIMESTAMP, CURRENT_TIMESTAMP, 0);
INSERT INTO [konyadminconsole].[city](id, Region_id, Country_id, Name, createdby, modifiedby, createdts, lastmodifiedts, synctimestamp, softdeleteflag) VALUES ('CITY1050', 'R13', 'Con1', 'Lohardaga', 'Kony User', 'Kony Dev', CURRENT_TIMESTAMP, CURRENT_TIMESTAMP, CURRENT_TIMESTAMP, 0);
INSERT INTO [konyadminconsole].[city](id, Region_id, Country_id, Name, createdby, modifiedby, createdts, lastmodifiedts, synctimestamp, softdeleteflag) VALUES ('CITY1051', 'R27', 'Con1', 'Tirwaganj', 'Kony User', 'Kony Dev', CURRENT_TIMESTAMP, CURRENT_TIMESTAMP, CURRENT_TIMESTAMP, 0);
INSERT INTO [konyadminconsole].[city](id, Region_id, Country_id, Name, createdby, modifiedby, createdts, lastmodifiedts, synctimestamp, softdeleteflag) VALUES ('CITY1052', 'R5', 'Con1', 'Margherita', 'Kony User', 'Kony Dev', CURRENT_TIMESTAMP, CURRENT_TIMESTAMP, CURRENT_TIMESTAMP, 0);
INSERT INTO [konyadminconsole].[city](id, Region_id, Country_id, Name, createdby, modifiedby, createdts, lastmodifiedts, synctimestamp, softdeleteflag) VALUES ('CITY1053', 'R11', 'Con1', 'Sundarnagar', 'Kony User', 'Kony Dev', CURRENT_TIMESTAMP, CURRENT_TIMESTAMP, CURRENT_TIMESTAMP, 0);
INSERT INTO [konyadminconsole].[city](id, Region_id, Country_id, Name, createdby, modifiedby, createdts, lastmodifiedts, synctimestamp, softdeleteflag) VALUES ('CITY1054', 'R16', 'Con1', 'Rajgarh', 'Kony User', 'Kony Dev', CURRENT_TIMESTAMP, CURRENT_TIMESTAMP, CURRENT_TIMESTAMP, 0);
INSERT INTO [konyadminconsole].[city](id, Region_id, Country_id, Name, createdby, modifiedby, createdts, lastmodifiedts, synctimestamp, softdeleteflag) VALUES ('CITY1055', 'R5', 'Con1', 'Mangaldoi', 'Kony User', 'Kony Dev', CURRENT_TIMESTAMP, CURRENT_TIMESTAMP, CURRENT_TIMESTAMP, 0);
INSERT INTO [konyadminconsole].[city](id, Region_id, Country_id, Name, createdby, modifiedby, createdts, lastmodifiedts, synctimestamp, softdeleteflag) VALUES ('CITY1056', 'R3', 'Con1', 'Renigunta', 'Kony User', 'Kony Dev', CURRENT_TIMESTAMP, CURRENT_TIMESTAMP, CURRENT_TIMESTAMP, 0);
INSERT INTO [konyadminconsole].[city](id, Region_id, Country_id, Name, createdby, modifiedby, createdts, lastmodifiedts, synctimestamp, softdeleteflag) VALUES ('CITY1057', 'R22', 'Con1', 'Longowal', 'Kony User', 'Kony Dev', CURRENT_TIMESTAMP, CURRENT_TIMESTAMP, CURRENT_TIMESTAMP, 0);
INSERT INTO [konyadminconsole].[city](id, Region_id, Country_id, Name, createdby, modifiedby, createdts, lastmodifiedts, synctimestamp, softdeleteflag) VALUES ('CITY1058', 'R10', 'Con1', 'Ratia', 'Kony User', 'Kony Dev', CURRENT_TIMESTAMP, CURRENT_TIMESTAMP, CURRENT_TIMESTAMP, 0);
INSERT INTO [konyadminconsole].[city](id, Region_id, Country_id, Name, createdby, modifiedby, createdts, lastmodifiedts, synctimestamp, softdeleteflag) VALUES ('CITY1059', 'R25', 'Con1', 'Lalgudi', 'Kony User', 'Kony Dev', CURRENT_TIMESTAMP, CURRENT_TIMESTAMP, CURRENT_TIMESTAMP, 0);
INSERT INTO [konyadminconsole].[city](id, Region_id, Country_id, Name, createdby, modifiedby, createdts, lastmodifiedts, synctimestamp, softdeleteflag) VALUES ('CITY106', 'R6', 'Con1', 'Muzaffarpur', 'Kony User', 'Kony Dev', CURRENT_TIMESTAMP, CURRENT_TIMESTAMP, CURRENT_TIMESTAMP, 0);
INSERT INTO [konyadminconsole].[city](id, Region_id, Country_id, Name, createdby, modifiedby, createdts, lastmodifiedts, synctimestamp, softdeleteflag) VALUES ('CITY1060', 'R14', 'Con1', 'Shrirangapattana', 'Kony User', 'Kony Dev', CURRENT_TIMESTAMP, CURRENT_TIMESTAMP, CURRENT_TIMESTAMP, 0);
INSERT INTO [konyadminconsole].[city](id, Region_id, Country_id, Name, createdby, modifiedby, createdts, lastmodifiedts, synctimestamp, softdeleteflag) VALUES ('CITY1061', 'R16', 'Con1', 'Niwari', 'Kony User', 'Kony Dev', CURRENT_TIMESTAMP, CURRENT_TIMESTAMP, CURRENT_TIMESTAMP, 0);
INSERT INTO [konyadminconsole].[city](id, Region_id, Country_id, Name, createdby, modifiedby, createdts, lastmodifiedts, synctimestamp, softdeleteflag) VALUES ('CITY1062', 'R25', 'Con1', 'Natham', 'Kony User', 'Kony Dev', CURRENT_TIMESTAMP, CURRENT_TIMESTAMP, CURRENT_TIMESTAMP, 0);
INSERT INTO [konyadminconsole].[city](id, Region_id, Country_id, Name, createdby, modifiedby, createdts, lastmodifiedts, synctimestamp, softdeleteflag) VALUES ('CITY1063', 'R25', 'Con1', 'Unnamalaikadai', 'Kony User', 'Kony Dev', CURRENT_TIMESTAMP, CURRENT_TIMESTAMP, CURRENT_TIMESTAMP, 0);
INSERT INTO [konyadminconsole].[city](id, Region_id, Country_id, Name, createdby, modifiedby, createdts, lastmodifiedts, synctimestamp, softdeleteflag) VALUES ('CITY1064', 'R27', 'Con1', 'PurqUrban Agglomerationzi', 'Kony User', 'Kony Dev', CURRENT_TIMESTAMP, CURRENT_TIMESTAMP, CURRENT_TIMESTAMP, 0);
INSERT INTO [konyadminconsole].[city](id, Region_id, Country_id, Name, createdby, modifiedby, createdts, lastmodifiedts, synctimestamp, softdeleteflag) VALUES ('CITY1066', 'R6', 'Con1', 'Mirganj', 'Kony User', 'Kony Dev', CURRENT_TIMESTAMP, CURRENT_TIMESTAMP, CURRENT_TIMESTAMP, 0);
INSERT INTO [konyadminconsole].[city](id, Region_id, Country_id, Name, createdby, modifiedby, createdts, lastmodifiedts, synctimestamp, softdeleteflag) VALUES ('CITY1067', 'R23', 'Con1', 'Todaraisingh', 'Kony User', 'Kony Dev', CURRENT_TIMESTAMP, CURRENT_TIMESTAMP, CURRENT_TIMESTAMP, 0);
INSERT INTO [konyadminconsole].[city](id, Region_id, Country_id, Name, createdby, modifiedby, createdts, lastmodifiedts, synctimestamp, softdeleteflag) VALUES ('CITY1068', 'R27', 'Con1', 'Warhapur', 'Kony User', 'Kony Dev', CURRENT_TIMESTAMP, CURRENT_TIMESTAMP, CURRENT_TIMESTAMP, 0);
INSERT INTO [konyadminconsole].[city](id, Region_id, Country_id, Name, createdby, modifiedby, createdts, lastmodifiedts, synctimestamp, softdeleteflag) VALUES ('CITY1069', 'R3', 'Con1', 'Rajam', 'Kony User', 'Kony Dev', CURRENT_TIMESTAMP, CURRENT_TIMESTAMP, CURRENT_TIMESTAMP, 0);
INSERT INTO [konyadminconsole].[city](id, Region_id, Country_id, Name, createdby, modifiedby, createdts, lastmodifiedts, synctimestamp, softdeleteflag) VALUES ('CITY107', 'R2', 'Con1', 'Ahmednagar', 'Kony User', 'Kony Dev', CURRENT_TIMESTAMP, CURRENT_TIMESTAMP, CURRENT_TIMESTAMP, 0);
INSERT INTO [konyadminconsole].[city](id, Region_id, Country_id, Name, createdby, modifiedby, createdts, lastmodifiedts, synctimestamp, softdeleteflag) VALUES ('CITY1070', 'R22', 'Con1', 'Urmar Tanda', 'Kony User', 'Kony Dev', CURRENT_TIMESTAMP, CURRENT_TIMESTAMP, CURRENT_TIMESTAMP, 0);
INSERT INTO [konyadminconsole].[city](id, Region_id, Country_id, Name, createdby, modifiedby, createdts, lastmodifiedts, synctimestamp, softdeleteflag) VALUES ('CITY1071', 'R2', 'Con1', 'Lonar', 'Kony User', 'Kony Dev', CURRENT_TIMESTAMP, CURRENT_TIMESTAMP, CURRENT_TIMESTAMP, 0);
INSERT INTO [konyadminconsole].[city](id, Region_id, Country_id, Name, createdby, modifiedby, createdts, lastmodifiedts, synctimestamp, softdeleteflag) VALUES ('CITY1072', 'R27', 'Con1', 'Powayan', 'Kony User', 'Kony Dev', CURRENT_TIMESTAMP, CURRENT_TIMESTAMP, CURRENT_TIMESTAMP, 0);
INSERT INTO [konyadminconsole].[city](id, Region_id, Country_id, Name, createdby, modifiedby, createdts, lastmodifiedts, synctimestamp, softdeleteflag) VALUES ('CITY1073', 'R25', 'Con1', 'P.N.Patti', 'Kony User', 'Kony Dev', CURRENT_TIMESTAMP, CURRENT_TIMESTAMP, CURRENT_TIMESTAMP, 0);
INSERT INTO [konyadminconsole].[city](id, Region_id, Country_id, Name, createdby, modifiedby, createdts, lastmodifiedts, synctimestamp, softdeleteflag) VALUES ('CITY1074', 'R11', 'Con1', 'Palampur', 'Kony User', 'Kony Dev', CURRENT_TIMESTAMP, CURRENT_TIMESTAMP, CURRENT_TIMESTAMP, 0);
INSERT INTO [konyadminconsole].[city](id, Region_id, Country_id, Name, createdby, modifiedby, createdts, lastmodifiedts, synctimestamp, softdeleteflag) VALUES ('CITY1075', 'R3', 'Con1', 'Srisailam Project (Right Flank Colony) Township', 'Kony User', 'Kony Dev', CURRENT_TIMESTAMP, CURRENT_TIMESTAMP, CURRENT_TIMESTAMP, 0);
INSERT INTO [konyadminconsole].[city](id, Region_id, Country_id, Name, createdby, modifiedby, createdts, lastmodifiedts, synctimestamp, softdeleteflag) VALUES ('CITY1076', 'R14', 'Con1', 'Sindagi', 'Kony User', 'Kony Dev', CURRENT_TIMESTAMP, CURRENT_TIMESTAMP, CURRENT_TIMESTAMP, 0);
INSERT INTO [konyadminconsole].[city](id, Region_id, Country_id, Name, createdby, modifiedby, createdts, lastmodifiedts, synctimestamp, softdeleteflag) VALUES ('CITY1077', 'R27', 'Con1', 'Sandi', 'Kony User', 'Kony Dev', CURRENT_TIMESTAMP, CURRENT_TIMESTAMP, CURRENT_TIMESTAMP, 0);
INSERT INTO [konyadminconsole].[city](id, Region_id, Country_id, Name, createdby, modifiedby, createdts, lastmodifiedts, synctimestamp, softdeleteflag) VALUES ('CITY1078', 'R15', 'Con1', 'Vaikom', 'Kony User', 'Kony Dev', CURRENT_TIMESTAMP, CURRENT_TIMESTAMP, CURRENT_TIMESTAMP, 0);
INSERT INTO [konyadminconsole].[city](id, Region_id, Country_id, Name, createdby, modifiedby, createdts, lastmodifiedts, synctimestamp, softdeleteflag) VALUES ('CITY1079', 'R29', 'Con1', 'Malda', 'Kony User', 'Kony Dev', CURRENT_TIMESTAMP, CURRENT_TIMESTAMP, CURRENT_TIMESTAMP, 0);
INSERT INTO [konyadminconsole].[city](id, Region_id, Country_id, Name, createdby, modifiedby, createdts, lastmodifiedts, synctimestamp, softdeleteflag) VALUES ('CITY108', 'R15', 'Con1', 'Kollam', 'Kony User', 'Kony Dev', CURRENT_TIMESTAMP, CURRENT_TIMESTAMP, CURRENT_TIMESTAMP, 0);
INSERT INTO [konyadminconsole].[city](id, Region_id, Country_id, Name, createdby, modifiedby, createdts, lastmodifiedts, synctimestamp, softdeleteflag) VALUES ('CITY1080', 'R25', 'Con1', 'Tharangambadi', 'Kony User', 'Kony Dev', CURRENT_TIMESTAMP, CURRENT_TIMESTAMP, CURRENT_TIMESTAMP, 0);
INSERT INTO [konyadminconsole].[city](id, Region_id, Country_id, Name, createdby, modifiedby, createdts, lastmodifiedts, synctimestamp, softdeleteflag) VALUES ('CITY1081', 'R14', 'Con1', 'Sakaleshapura', 'Kony User', 'Kony Dev', CURRENT_TIMESTAMP, CURRENT_TIMESTAMP, CURRENT_TIMESTAMP, 0);
INSERT INTO [konyadminconsole].[city](id, Region_id, Country_id, Name, createdby, modifiedby, createdts, lastmodifiedts, synctimestamp, softdeleteflag) VALUES ('CITY1082', 'R6', 'Con1', 'Lalganj', 'Kony User', 'Kony Dev', CURRENT_TIMESTAMP, CURRENT_TIMESTAMP, CURRENT_TIMESTAMP, 0);
INSERT INTO [konyadminconsole].[city](id, Region_id, Country_id, Name, createdby, modifiedby, createdts, lastmodifiedts, synctimestamp, softdeleteflag) VALUES ('CITY1083', 'R21', 'Con1', 'Malkangiri', 'Kony User', 'Kony Dev', CURRENT_TIMESTAMP, CURRENT_TIMESTAMP, CURRENT_TIMESTAMP, 0);
INSERT INTO [konyadminconsole].[city](id, Region_id, Country_id, Name, createdby, modifiedby, createdts, lastmodifiedts, synctimestamp, softdeleteflag) VALUES ('CITY1084', 'R9', 'Con1', 'Rapar', 'Kony User', 'Kony Dev', CURRENT_TIMESTAMP, CURRENT_TIMESTAMP, CURRENT_TIMESTAMP, 0);
INSERT INTO [konyadminconsole].[city](id, Region_id, Country_id, Name, createdby, modifiedby, createdts, lastmodifiedts, synctimestamp, softdeleteflag) VALUES ('CITY1085', 'R16', 'Con1', 'Mauganj', 'Kony User', 'Kony Dev', CURRENT_TIMESTAMP, CURRENT_TIMESTAMP, CURRENT_TIMESTAMP, 0);
INSERT INTO [konyadminconsole].[city](id, Region_id, Country_id, Name, createdby, modifiedby, createdts, lastmodifiedts, synctimestamp, softdeleteflag) VALUES ('CITY1086', 'R23', 'Con1', 'Todabhim', 'Kony User', 'Kony Dev', CURRENT_TIMESTAMP, CURRENT_TIMESTAMP, CURRENT_TIMESTAMP, 0);
INSERT INTO [konyadminconsole].[city](id, Region_id, Country_id, Name, createdby, modifiedby, createdts, lastmodifiedts, synctimestamp, softdeleteflag) VALUES ('CITY1087', 'R14', 'Con1', 'Srinivaspur', 'Kony User', 'Kony Dev', CURRENT_TIMESTAMP, CURRENT_TIMESTAMP, CURRENT_TIMESTAMP, 0);
INSERT INTO [konyadminconsole].[city](id, Region_id, Country_id, Name, createdby, modifiedby, createdts, lastmodifiedts, synctimestamp, softdeleteflag) VALUES ('CITY1088', 'R6', 'Con1', 'Murliganj', 'Kony User', 'Kony Dev', CURRENT_TIMESTAMP, CURRENT_TIMESTAMP, CURRENT_TIMESTAMP, 0);
INSERT INTO [konyadminconsole].[city](id, Region_id, Country_id, Name, createdby, modifiedby, createdts, lastmodifiedts, synctimestamp, softdeleteflag) VALUES ('CITY1089', 'R23', 'Con1', 'Reengus', 'Kony User', 'Kony Dev', CURRENT_TIMESTAMP, CURRENT_TIMESTAMP, CURRENT_TIMESTAMP, 0);
INSERT INTO [konyadminconsole].[city](id, Region_id, Country_id, Name, createdby, modifiedby, createdts, lastmodifiedts, synctimestamp, softdeleteflag) VALUES ('CITY109', 'R29', 'Con1', 'Raghunathganj', 'Kony User', 'Kony Dev', CURRENT_TIMESTAMP, CURRENT_TIMESTAMP, CURRENT_TIMESTAMP, 0);
INSERT INTO [konyadminconsole].[city](id, Region_id, Country_id, Name, createdby, modifiedby, createdts, lastmodifiedts, synctimestamp, softdeleteflag) VALUES ('CITY1090', 'R2', 'Con1', 'Sawantwadi', 'Kony User', 'Kony Dev', CURRENT_TIMESTAMP, CURRENT_TIMESTAMP, CURRENT_TIMESTAMP, 0);
INSERT INTO [konyadminconsole].[city](id, Region_id, Country_id, Name, createdby, modifiedby, createdts, lastmodifiedts, synctimestamp, softdeleteflag) VALUES ('CITY1091', 'R25', 'Con1', 'Tittakudi', 'Kony User', 'Kony Dev', CURRENT_TIMESTAMP, CURRENT_TIMESTAMP, CURRENT_TIMESTAMP, 0);
INSERT INTO [konyadminconsole].[city](id, Region_id, Country_id, Name, createdby, modifiedby, createdts, lastmodifiedts, synctimestamp, softdeleteflag) VALUES ('CITY1092', 'R17', 'Con1', 'Lilong', 'Kony User', 'Kony Dev', CURRENT_TIMESTAMP, CURRENT_TIMESTAMP, CURRENT_TIMESTAMP, 0);
INSERT INTO [konyadminconsole].[city](id, Region_id, Country_id, Name, createdby, modifiedby, createdts, lastmodifiedts, synctimestamp, softdeleteflag) VALUES ('CITY1093', 'R23', 'Con1', 'Rajaldesar', 'Kony User', 'Kony Dev', CURRENT_TIMESTAMP, CURRENT_TIMESTAMP, CURRENT_TIMESTAMP, 0);
INSERT INTO [konyadminconsole].[city](id, Region_id, Country_id, Name, createdby, modifiedby, createdts, lastmodifiedts, synctimestamp, softdeleteflag) VALUES ('CITY1094', 'R2', 'Con1', 'Pathardi', 'Kony User', 'Kony Dev', CURRENT_TIMESTAMP, CURRENT_TIMESTAMP, CURRENT_TIMESTAMP, 0);
INSERT INTO [konyadminconsole].[city](id, Region_id, Country_id, Name, createdby, modifiedby, createdts, lastmodifiedts, synctimestamp, softdeleteflag) VALUES ('CITY1095', 'R27', 'Con1', 'Achhnera', 'Kony User', 'Kony Dev', CURRENT_TIMESTAMP, CURRENT_TIMESTAMP, CURRENT_TIMESTAMP, 0);
INSERT INTO [konyadminconsole].[city](id, Region_id, Country_id, Name, createdby, modifiedby, createdts, lastmodifiedts, synctimestamp, softdeleteflag) VALUES ('CITY1096', 'R25', 'Con1', 'Pacode', 'Kony User', 'Kony Dev', CURRENT_TIMESTAMP, CURRENT_TIMESTAMP, CURRENT_TIMESTAMP, 0);
INSERT INTO [konyadminconsole].[city](id, Region_id, Country_id, Name, createdby, modifiedby, createdts, lastmodifiedts, synctimestamp, softdeleteflag) VALUES ('CITY1097', 'R27', 'Con1', 'Naraura', 'Kony User', 'Kony Dev', CURRENT_TIMESTAMP, CURRENT_TIMESTAMP, CURRENT_TIMESTAMP, 0);
INSERT INTO [konyadminconsole].[city](id, Region_id, Country_id, Name, createdby, modifiedby, createdts, lastmodifiedts, synctimestamp, softdeleteflag) VALUES ('CITY1098', 'R27', 'Con1', 'Nakur', 'Kony User', 'Kony Dev', CURRENT_TIMESTAMP, CURRENT_TIMESTAMP, CURRENT_TIMESTAMP, 0);
INSERT INTO [konyadminconsole].[city](id, Region_id, Country_id, Name, createdby, modifiedby, createdts, lastmodifiedts, synctimestamp, softdeleteflag) VALUES ('CITY1099', 'R15', 'Con1', 'Palai', 'Kony User', 'Kony Dev', CURRENT_TIMESTAMP, CURRENT_TIMESTAMP, CURRENT_TIMESTAMP, 0);
INSERT INTO [konyadminconsole].[city](id, Region_id, Country_id, Name, createdby, modifiedby, createdts, lastmodifiedts, synctimestamp, softdeleteflag) VALUES ('CITY11', 'R9', 'Con1', 'Surat', 'Kony User', 'Kony Dev', CURRENT_TIMESTAMP, CURRENT_TIMESTAMP, CURRENT_TIMESTAMP, 0);
INSERT INTO [konyadminconsole].[city](id, Region_id, Country_id, Name, createdby, modifiedby, createdts, lastmodifiedts, synctimestamp, softdeleteflag) VALUES ('CITY110', 'R7', 'Con1', 'Bilaspur', 'Kony User', 'Kony Dev', CURRENT_TIMESTAMP, CURRENT_TIMESTAMP, CURRENT_TIMESTAMP, 0);
INSERT INTO [konyadminconsole].[city](id, Region_id, Country_id, Name, createdby, modifiedby, createdts, lastmodifiedts, synctimestamp, softdeleteflag) VALUES ('CITY1101', 'R16', 'Con1', 'Manasa', 'Kony User', 'Kony Dev', CURRENT_TIMESTAMP, CURRENT_TIMESTAMP, CURRENT_TIMESTAMP, 0);
INSERT INTO [konyadminconsole].[city](id, Region_id, Country_id, Name, createdby, modifiedby, createdts, lastmodifiedts, synctimestamp, softdeleteflag) VALUES ('CITY1102', 'R16', 'Con1', 'Nainpur', 'Kony User', 'Kony Dev', CURRENT_TIMESTAMP, CURRENT_TIMESTAMP, CURRENT_TIMESTAMP, 0);
INSERT INTO [konyadminconsole].[city](id, Region_id, Country_id, Name, createdby, modifiedby, createdts, lastmodifiedts, synctimestamp, softdeleteflag) VALUES ('CITY1103', 'R27', 'Con1', 'Sahaspur', 'Kony User', 'Kony Dev', CURRENT_TIMESTAMP, CURRENT_TIMESTAMP, CURRENT_TIMESTAMP, 0);
INSERT INTO [konyadminconsole].[city](id, Region_id, Country_id, Name, createdby, modifiedby, createdts, lastmodifiedts, synctimestamp, softdeleteflag) VALUES ('CITY1104', 'R2', 'Con1', 'Pauni', 'Kony User', 'Kony Dev', CURRENT_TIMESTAMP, CURRENT_TIMESTAMP, CURRENT_TIMESTAMP, 0);
INSERT INTO [konyadminconsole].[city](id, Region_id, Country_id, Name, createdby, modifiedby, createdts, lastmodifiedts, synctimestamp, softdeleteflag) VALUES ('CITY1105', 'R16', 'Con1', 'Prithvipur', 'Kony User', 'Kony Dev', CURRENT_TIMESTAMP, CURRENT_TIMESTAMP, CURRENT_TIMESTAMP, 0);
INSERT INTO [konyadminconsole].[city](id, Region_id, Country_id, Name, createdby, modifiedby, createdts, lastmodifiedts, synctimestamp, softdeleteflag) VALUES ('CITY1106', 'R2', 'Con1', 'Ramtek', 'Kony User', 'Kony Dev', CURRENT_TIMESTAMP, CURRENT_TIMESTAMP, CURRENT_TIMESTAMP, 0);
INSERT INTO [konyadminconsole].[city](id, Region_id, Country_id, Name, createdby, modifiedby, createdts, lastmodifiedts, synctimestamp, softdeleteflag) VALUES ('CITY1107', 'R5', 'Con1', 'Silapathar', 'Kony User', 'Kony Dev', CURRENT_TIMESTAMP, CURRENT_TIMESTAMP, CURRENT_TIMESTAMP, 0);
INSERT INTO [konyadminconsole].[city](id, Region_id, Country_id, Name, createdby, modifiedby, createdts, lastmodifiedts, synctimestamp, softdeleteflag) VALUES ('CITY1108', 'R9', 'Con1', 'Songadh', 'Kony User', 'Kony Dev', CURRENT_TIMESTAMP, CURRENT_TIMESTAMP, CURRENT_TIMESTAMP, 0);
INSERT INTO [konyadminconsole].[city](id, Region_id, Country_id, Name, createdby, modifiedby, createdts, lastmodifiedts, synctimestamp, softdeleteflag) VALUES ('CITY1109', 'R27', 'Con1', 'Safipur', 'Kony User', 'Kony Dev', CURRENT_TIMESTAMP, CURRENT_TIMESTAMP, CURRENT_TIMESTAMP, 0);
INSERT INTO [konyadminconsole].[city](id, Region_id, Country_id, Name, createdby, modifiedby, createdts, lastmodifiedts, synctimestamp, softdeleteflag) VALUES ('CITY111', 'R27', 'Con1', 'Shahjahanpur', 'Kony User', 'Kony Dev', CURRENT_TIMESTAMP, CURRENT_TIMESTAMP, CURRENT_TIMESTAMP, 0);
INSERT INTO [konyadminconsole].[city](id, Region_id, Country_id, Name, createdby, modifiedby, createdts, lastmodifiedts, synctimestamp, softdeleteflag) VALUES ('CITY1110', 'R16', 'Con1', 'Sohagpur', 'Kony User', 'Kony Dev', CURRENT_TIMESTAMP, CURRENT_TIMESTAMP, CURRENT_TIMESTAMP, 0);
INSERT INTO [konyadminconsole].[city](id, Region_id, Country_id, Name, createdby, modifiedby, createdts, lastmodifiedts, synctimestamp, softdeleteflag) VALUES ('CITY1111', 'R2', 'Con1', 'Mul', 'Kony User', 'Kony Dev', CURRENT_TIMESTAMP, CURRENT_TIMESTAMP, CURRENT_TIMESTAMP, 0);
INSERT INTO [konyadminconsole].[city](id, Region_id, Country_id, Name, createdby, modifiedby, createdts, lastmodifiedts, synctimestamp, softdeleteflag) VALUES ('CITY1112', 'R23', 'Con1', 'Sadulshahar', 'Kony User', 'Kony Dev', CURRENT_TIMESTAMP, CURRENT_TIMESTAMP, CURRENT_TIMESTAMP, 0);
INSERT INTO [konyadminconsole].[city](id, Region_id, Country_id, Name, createdby, modifiedby, createdts, lastmodifiedts, synctimestamp, softdeleteflag) VALUES ('CITY1113', 'R22', 'Con1', 'Phillaur', 'Kony User', 'Kony Dev', CURRENT_TIMESTAMP, CURRENT_TIMESTAMP, CURRENT_TIMESTAMP, 0);
INSERT INTO [konyadminconsole].[city](id, Region_id, Country_id, Name, createdby, modifiedby, createdts, lastmodifiedts, synctimestamp, softdeleteflag) VALUES ('CITY1114', 'R23', 'Con1', 'Sambhar', 'Kony User', 'Kony Dev', CURRENT_TIMESTAMP, CURRENT_TIMESTAMP, CURRENT_TIMESTAMP, 0);
INSERT INTO [konyadminconsole].[city](id, Region_id, Country_id, Name, createdby, modifiedby, createdts, lastmodifiedts, synctimestamp, softdeleteflag) VALUES ('CITY1115', 'R23', 'Con1', 'Prantij', 'Kony User', 'Kony Dev', CURRENT_TIMESTAMP, CURRENT_TIMESTAMP, CURRENT_TIMESTAMP, 0);
INSERT INTO [konyadminconsole].[city](id, Region_id, Country_id, Name, createdby, modifiedby, createdts, lastmodifiedts, synctimestamp, softdeleteflag) VALUES ('CITY1116', 'R28', 'Con1', 'Nagla', 'Kony User', 'Kony Dev', CURRENT_TIMESTAMP, CURRENT_TIMESTAMP, CURRENT_TIMESTAMP, 0);
INSERT INTO [konyadminconsole].[city](id, Region_id, Country_id, Name, createdby, modifiedby, createdts, lastmodifiedts, synctimestamp, softdeleteflag) VALUES ('CITY1117', 'R22', 'Con1', 'Pattran', 'Kony User', 'Kony Dev', CURRENT_TIMESTAMP, CURRENT_TIMESTAMP, CURRENT_TIMESTAMP, 0);
INSERT INTO [konyadminconsole].[city](id, Region_id, Country_id, Name, createdby, modifiedby, createdts, lastmodifiedts, synctimestamp, softdeleteflag) VALUES ('CITY1118', 'R23', 'Con1', 'Mount Abu', 'Kony User', 'Kony Dev', CURRENT_TIMESTAMP, CURRENT_TIMESTAMP, CURRENT_TIMESTAMP, 0);
INSERT INTO [konyadminconsole].[city](id, Region_id, Country_id, Name, createdby, modifiedby, createdts, lastmodifiedts, synctimestamp, softdeleteflag) VALUES ('CITY1119', 'R27', 'Con1', 'Reoti', 'Kony User', 'Kony Dev', CURRENT_TIMESTAMP, CURRENT_TIMESTAMP, CURRENT_TIMESTAMP, 0);
INSERT INTO [konyadminconsole].[city](id, Region_id, Country_id, Name, createdby, modifiedby, createdts, lastmodifiedts, synctimestamp, softdeleteflag) VALUES ('CITY112', 'R15', 'Con1', 'Thrissur', 'Kony User', 'Kony Dev', CURRENT_TIMESTAMP, CURRENT_TIMESTAMP, CURRENT_TIMESTAMP, 0);
INSERT INTO [konyadminconsole].[city](id, Region_id, Country_id, Name, createdby, modifiedby, createdts, lastmodifiedts, synctimestamp, softdeleteflag) VALUES ('CITY1120', 'R13', 'Con1', 'Tenu dam-cum-Kathhara', 'Kony User', 'Kony Dev', CURRENT_TIMESTAMP, CURRENT_TIMESTAMP, CURRENT_TIMESTAMP, 0);
INSERT INTO [konyadminconsole].[city](id, Region_id, Country_id, Name, createdby, modifiedby, createdts, lastmodifiedts, synctimestamp, softdeleteflag) VALUES ('CITY1121', 'R29', 'Con1', 'Panchla', 'Kony User', 'Kony Dev', CURRENT_TIMESTAMP, CURRENT_TIMESTAMP, CURRENT_TIMESTAMP, 0);
INSERT INTO [konyadminconsole].[city](id, Region_id, Country_id, Name, createdby, modifiedby, createdts, lastmodifiedts, synctimestamp, softdeleteflag) VALUES ('CITY1122', 'R28', 'Con1', 'Sitarganj', 'Kony User', 'Kony Dev', CURRENT_TIMESTAMP, CURRENT_TIMESTAMP, CURRENT_TIMESTAMP, 0);
INSERT INTO [konyadminconsole].[city](id, Region_id, Country_id, Name, createdby, modifiedby, createdts, lastmodifiedts, synctimestamp, softdeleteflag) VALUES ('CITY1123', 'R4', 'Con1', 'Pasighat', 'Kony User', 'Kony Dev', CURRENT_TIMESTAMP, CURRENT_TIMESTAMP, CURRENT_TIMESTAMP, 0);
INSERT INTO [konyadminconsole].[city](id, Region_id, Country_id, Name, createdby, modifiedby, createdts, lastmodifiedts, synctimestamp, softdeleteflag) VALUES ('CITY1124', 'R6', 'Con1', 'Motipur', 'Kony User', 'Kony Dev', CURRENT_TIMESTAMP, CURRENT_TIMESTAMP, CURRENT_TIMESTAMP, 0);
INSERT INTO [konyadminconsole].[city](id, Region_id, Country_id, Name, createdby, modifiedby, createdts, lastmodifiedts, synctimestamp, softdeleteflag) VALUES ('CITY1125', 'R25', 'Con1', 'O Valley', 'Kony User', 'Kony Dev', CURRENT_TIMESTAMP, CURRENT_TIMESTAMP, CURRENT_TIMESTAMP, 0);
INSERT INTO [konyadminconsole].[city](id, Region_id, Country_id, Name, createdby, modifiedby, createdts, lastmodifiedts, synctimestamp, softdeleteflag) VALUES ('CITY1126', 'R29', 'Con1', 'Raghunathpur', 'Kony User', 'Kony Dev', CURRENT_TIMESTAMP, CURRENT_TIMESTAMP, CURRENT_TIMESTAMP, 0);
INSERT INTO [konyadminconsole].[city](id, Region_id, Country_id, Name, createdby, modifiedby, createdts, lastmodifiedts, synctimestamp, softdeleteflag) VALUES ('CITY1127', 'R25', 'Con1', 'Suriyampalayam', 'Kony User', 'Kony Dev', CURRENT_TIMESTAMP, CURRENT_TIMESTAMP, CURRENT_TIMESTAMP, 0);
INSERT INTO [konyadminconsole].[city](id, Region_id, Country_id, Name, createdby, modifiedby, createdts, lastmodifiedts, synctimestamp, softdeleteflag) VALUES ('CITY1128', 'R22', 'Con1', 'Qadian', 'Kony User', 'Kony Dev', CURRENT_TIMESTAMP, CURRENT_TIMESTAMP, CURRENT_TIMESTAMP, 0);
INSERT INTO [konyadminconsole].[city](id, Region_id, Country_id, Name, createdby, modifiedby, createdts, lastmodifiedts, synctimestamp, softdeleteflag) VALUES ('CITY1129', 'R21', 'Con1', 'Rairangpur', 'Kony User', 'Kony Dev', CURRENT_TIMESTAMP, CURRENT_TIMESTAMP, CURRENT_TIMESTAMP, 0);
INSERT INTO [konyadminconsole].[city](id, Region_id, Country_id, Name, createdby, modifiedby, createdts, lastmodifiedts, synctimestamp, softdeleteflag) VALUES ('CITY113', 'R23', 'Con1', 'Alwar', 'Kony User', 'Kony Dev', CURRENT_TIMESTAMP, CURRENT_TIMESTAMP, CURRENT_TIMESTAMP, 0);
INSERT INTO [konyadminconsole].[city](id, Region_id, Country_id, Name, createdby, modifiedby, createdts, lastmodifiedts, synctimestamp, softdeleteflag) VALUES ('CITY1131', 'R16', 'Con1', 'Nowrozabad (Khodargama)', 'Kony User', 'Kony Dev', CURRENT_TIMESTAMP, CURRENT_TIMESTAMP, CURRENT_TIMESTAMP, 0);
INSERT INTO [konyadminconsole].[city](id, Region_id, Country_id, Name, createdby, modifiedby, createdts, lastmodifiedts, synctimestamp, softdeleteflag) VALUES ('CITY1132', 'R23', 'Con1', 'Mangrol', 'Kony User', 'Kony Dev', CURRENT_TIMESTAMP, CURRENT_TIMESTAMP, CURRENT_TIMESTAMP, 0);
INSERT INTO [konyadminconsole].[city](id, Region_id, Country_id, Name, createdby, modifiedby, createdts, lastmodifiedts, synctimestamp, softdeleteflag) VALUES ('CITY1133', 'R2', 'Con1', 'Soyagaon', 'Kony User', 'Kony Dev', CURRENT_TIMESTAMP, CURRENT_TIMESTAMP, CURRENT_TIMESTAMP, 0);
INSERT INTO [konyadminconsole].[city](id, Region_id, Country_id, Name, createdby, modifiedby, createdts, lastmodifiedts, synctimestamp, softdeleteflag) VALUES ('CITY1134', 'R22', 'Con1', 'Sujanpur', 'Kony User', 'Kony Dev', CURRENT_TIMESTAMP, CURRENT_TIMESTAMP, CURRENT_TIMESTAMP, 0);
INSERT INTO [konyadminconsole].[city](id, Region_id, Country_id, Name, createdby, modifiedby, createdts, lastmodifiedts, synctimestamp, softdeleteflag) VALUES ('CITY1135', 'R6', 'Con1', 'Manihari', 'Kony User', 'Kony Dev', CURRENT_TIMESTAMP, CURRENT_TIMESTAMP, CURRENT_TIMESTAMP, 0);
INSERT INTO [konyadminconsole].[city](id, Region_id, Country_id, Name, createdby, modifiedby, createdts, lastmodifiedts, synctimestamp, softdeleteflag) VALUES ('CITY1136', 'R27', 'Con1', 'Sikanderpur', 'Kony User', 'Kony Dev', CURRENT_TIMESTAMP, CURRENT_TIMESTAMP, CURRENT_TIMESTAMP, 0);
INSERT INTO [konyadminconsole].[city](id, Region_id, Country_id, Name, createdby, modifiedby, createdts, lastmodifiedts, synctimestamp, softdeleteflag) VALUES ('CITY1137', 'R2', 'Con1', 'Mangalvedhe', 'Kony User', 'Kony Dev', CURRENT_TIMESTAMP, CURRENT_TIMESTAMP, CURRENT_TIMESTAMP, 0);
INSERT INTO [konyadminconsole].[city](id, Region_id, Country_id, Name, createdby, modifiedby, createdts, lastmodifiedts, synctimestamp, softdeleteflag) VALUES ('CITY1138', 'R23', 'Con1', 'Phulera', 'Kony User', 'Kony Dev', CURRENT_TIMESTAMP, CURRENT_TIMESTAMP, CURRENT_TIMESTAMP, 0);
INSERT INTO [konyadminconsole].[city](id, Region_id, Country_id, Name, createdby, modifiedby, createdts, lastmodifiedts, synctimestamp, softdeleteflag) VALUES ('CITY1139', 'R14', 'Con1', 'Ron', 'Kony User', 'Kony Dev', CURRENT_TIMESTAMP, CURRENT_TIMESTAMP, CURRENT_TIMESTAMP, 0);
INSERT INTO [konyadminconsole].[city](id, Region_id, Country_id, Name, createdby, modifiedby, createdts, lastmodifiedts, synctimestamp, softdeleteflag) VALUES ('CITY114', 'R3', 'Con1', 'Kakinada', 'Kony User', 'Kony Dev', CURRENT_TIMESTAMP, CURRENT_TIMESTAMP, CURRENT_TIMESTAMP, 0);
INSERT INTO [konyadminconsole].[city](id, Region_id, Country_id, Name, createdby, modifiedby, createdts, lastmodifiedts, synctimestamp, softdeleteflag) VALUES ('CITY1140', 'R25', 'Con1', 'Sholavandan', 'Kony User', 'Kony Dev', CURRENT_TIMESTAMP, CURRENT_TIMESTAMP, CURRENT_TIMESTAMP, 0);
INSERT INTO [konyadminconsole].[city](id, Region_id, Country_id, Name, createdby, modifiedby, createdts, lastmodifiedts, synctimestamp, softdeleteflag) VALUES ('CITY1141', 'R27', 'Con1', 'Saidpur', 'Kony User', 'Kony Dev', CURRENT_TIMESTAMP, CURRENT_TIMESTAMP, CURRENT_TIMESTAMP, 0);
INSERT INTO [konyadminconsole].[city](id, Region_id, Country_id, Name, createdby, modifiedby, createdts, lastmodifiedts, synctimestamp, softdeleteflag) VALUES ('CITY1142', 'R16', 'Con1', 'Shamgarh', 'Kony User', 'Kony Dev', CURRENT_TIMESTAMP, CURRENT_TIMESTAMP, CURRENT_TIMESTAMP, 0);
INSERT INTO [konyadminconsole].[city](id, Region_id, Country_id, Name, createdby, modifiedby, createdts, lastmodifiedts, synctimestamp, softdeleteflag) VALUES ('CITY1143', 'R25', 'Con1', 'Thammampatti', 'Kony User', 'Kony Dev', CURRENT_TIMESTAMP, CURRENT_TIMESTAMP, CURRENT_TIMESTAMP, 0);
INSERT INTO [konyadminconsole].[city](id, Region_id, Country_id, Name, createdby, modifiedby, createdts, lastmodifiedts, synctimestamp, softdeleteflag) VALUES ('CITY1144', 'R16', 'Con1', 'Maharajpur', 'Kony User', 'Kony Dev', CURRENT_TIMESTAMP, CURRENT_TIMESTAMP, CURRENT_TIMESTAMP, 0);
INSERT INTO [konyadminconsole].[city](id, Region_id, Country_id, Name, createdby, modifiedby, createdts, lastmodifiedts, synctimestamp, softdeleteflag) VALUES ('CITY1145', 'R16', 'Con1', 'Multai', 'Kony User', 'Kony Dev', CURRENT_TIMESTAMP, CURRENT_TIMESTAMP, CURRENT_TIMESTAMP, 0);
INSERT INTO [konyadminconsole].[city](id, Region_id, Country_id, Name, createdby, modifiedby, createdts, lastmodifiedts, synctimestamp, softdeleteflag) VALUES ('CITY1146', 'R22', 'Con1', 'Mukerian', 'Kony User', 'Kony Dev', CURRENT_TIMESTAMP, CURRENT_TIMESTAMP, CURRENT_TIMESTAMP, 0);
INSERT INTO [konyadminconsole].[city](id, Region_id, Country_id, Name, createdby, modifiedby, createdts, lastmodifiedts, synctimestamp, softdeleteflag) VALUES ('CITY1147', 'R27', 'Con1', 'Sirsi', 'Kony User', 'Kony Dev', CURRENT_TIMESTAMP, CURRENT_TIMESTAMP, CURRENT_TIMESTAMP, 0);
INSERT INTO [konyadminconsole].[city](id, Region_id, Country_id, Name, createdby, modifiedby, createdts, lastmodifiedts, synctimestamp, softdeleteflag) VALUES ('CITY1148', 'R27', 'Con1', 'Purwa', 'Kony User', 'Kony Dev', CURRENT_TIMESTAMP, CURRENT_TIMESTAMP, CURRENT_TIMESTAMP, 0);
INSERT INTO [konyadminconsole].[city](id, Region_id, Country_id, Name, createdby, modifiedby, createdts, lastmodifiedts, synctimestamp, softdeleteflag) VALUES ('CITY1149', 'R6', 'Con1', 'Sheohar', 'Kony User', 'Kony Dev', CURRENT_TIMESTAMP, CURRENT_TIMESTAMP, CURRENT_TIMESTAMP, 0);
INSERT INTO [konyadminconsole].[city](id, Region_id, Country_id, Name, createdby, modifiedby, createdts, lastmodifiedts, synctimestamp, softdeleteflag) VALUES ('CITY115', 'R1', 'Con1', 'Nizamabad', 'Kony User', 'Kony Dev', CURRENT_TIMESTAMP, CURRENT_TIMESTAMP, CURRENT_TIMESTAMP, 0);
INSERT INTO [konyadminconsole].[city](id, Region_id, Country_id, Name, createdby, modifiedby, createdts, lastmodifiedts, synctimestamp, softdeleteflag) VALUES ('CITY1150', 'R25', 'Con1', 'Namagiripettai', 'Kony User', 'Kony Dev', CURRENT_TIMESTAMP, CURRENT_TIMESTAMP, CURRENT_TIMESTAMP, 0);
INSERT INTO [konyadminconsole].[city](id, Region_id, Country_id, Name, createdby, modifiedby, createdts, lastmodifiedts, synctimestamp, softdeleteflag) VALUES ('CITY1151', 'R27', 'Con1', 'Parasi', 'Kony User', 'Kony Dev', CURRENT_TIMESTAMP, CURRENT_TIMESTAMP, CURRENT_TIMESTAMP, 0);
INSERT INTO [konyadminconsole].[city](id, Region_id, Country_id, Name, createdby, modifiedby, createdts, lastmodifiedts, synctimestamp, softdeleteflag) VALUES ('CITY1152', 'R9', 'Con1', 'Lathi', 'Kony User', 'Kony Dev', CURRENT_TIMESTAMP, CURRENT_TIMESTAMP, CURRENT_TIMESTAMP, 0);
INSERT INTO [konyadminconsole].[city](id, Region_id, Country_id, Name, createdby, modifiedby, createdts, lastmodifiedts, synctimestamp, softdeleteflag) VALUES ('CITY1153', 'R27', 'Con1', 'Lalganj', 'Kony User', 'Kony Dev', CURRENT_TIMESTAMP, CURRENT_TIMESTAMP, CURRENT_TIMESTAMP, 0);
INSERT INTO [konyadminconsole].[city](id, Region_id, Country_id, Name, createdby, modifiedby, createdts, lastmodifiedts, synctimestamp, softdeleteflag) VALUES ('CITY1154', 'R2', 'Con1', 'Narkhed', 'Kony User', 'Kony Dev', CURRENT_TIMESTAMP, CURRENT_TIMESTAMP, CURRENT_TIMESTAMP, 0);
INSERT INTO [konyadminconsole].[city](id, Region_id, Country_id, Name, createdby, modifiedby, createdts, lastmodifiedts, synctimestamp, softdeleteflag) VALUES ('CITY1155', 'R29', 'Con1', 'Mathabhanga', 'Kony User', 'Kony Dev', CURRENT_TIMESTAMP, CURRENT_TIMESTAMP, CURRENT_TIMESTAMP, 0);
INSERT INTO [konyadminconsole].[city](id, Region_id, Country_id, Name, createdby, modifiedby, createdts, lastmodifiedts, synctimestamp, softdeleteflag) VALUES ('CITY1156', 'R2', 'Con1', 'Shendurjana', 'Kony User', 'Kony Dev', CURRENT_TIMESTAMP, CURRENT_TIMESTAMP, CURRENT_TIMESTAMP, 0);
INSERT INTO [konyadminconsole].[city](id, Region_id, Country_id, Name, createdby, modifiedby, createdts, lastmodifiedts, synctimestamp, softdeleteflag) VALUES ('CITY1157', 'R25', 'Con1', 'Peravurani', 'Kony User', 'Kony Dev', CURRENT_TIMESTAMP, CURRENT_TIMESTAMP, CURRENT_TIMESTAMP, 0);
INSERT INTO [konyadminconsole].[city](id, Region_id, Country_id, Name, createdby, modifiedby, createdts, lastmodifiedts, synctimestamp, softdeleteflag) VALUES ('CITY1158', 'R5', 'Con1', 'Mariani', 'Kony User', 'Kony Dev', CURRENT_TIMESTAMP, CURRENT_TIMESTAMP, CURRENT_TIMESTAMP, 0);
INSERT INTO [konyadminconsole].[city](id, Region_id, Country_id, Name, createdby, modifiedby, createdts, lastmodifiedts, synctimestamp, softdeleteflag) VALUES ('CITY1159', 'R27', 'Con1', 'Phulpur', 'Kony User', 'Kony Dev', CURRENT_TIMESTAMP, CURRENT_TIMESTAMP, CURRENT_TIMESTAMP, 0);
INSERT INTO [konyadminconsole].[city](id, Region_id, Country_id, Name, createdby, modifiedby, createdts, lastmodifiedts, synctimestamp, softdeleteflag) VALUES ('CITY116', 'R16', 'Con1', 'Sagar', 'Kony User', 'Kony Dev', CURRENT_TIMESTAMP, CURRENT_TIMESTAMP, CURRENT_TIMESTAMP, 0);
INSERT INTO [konyadminconsole].[city](id, Region_id, Country_id, Name, createdby, modifiedby, createdts, lastmodifiedts, synctimestamp, softdeleteflag) VALUES ('CITY1160', 'R10', 'Con1', 'Rania', 'Kony User', 'Kony Dev', CURRENT_TIMESTAMP, CURRENT_TIMESTAMP, CURRENT_TIMESTAMP, 0);
INSERT INTO [konyadminconsole].[city](id, Region_id, Country_id, Name, createdby, modifiedby, createdts, lastmodifiedts, synctimestamp, softdeleteflag) VALUES ('CITY1161', 'R16', 'Con1', 'Pali', 'Kony User', 'Kony Dev', CURRENT_TIMESTAMP, CURRENT_TIMESTAMP, CURRENT_TIMESTAMP, 0);
INSERT INTO [konyadminconsole].[city](id, Region_id, Country_id, Name, createdby, modifiedby, createdts, lastmodifiedts, synctimestamp, softdeleteflag) VALUES ('CITY1162', 'R16', 'Con1', 'Pachore', 'Kony User', 'Kony Dev', CURRENT_TIMESTAMP, CURRENT_TIMESTAMP, CURRENT_TIMESTAMP, 0);
INSERT INTO [konyadminconsole].[city](id, Region_id, Country_id, Name, createdby, modifiedby, createdts, lastmodifiedts, synctimestamp, softdeleteflag) VALUES ('CITY1163', 'R25', 'Con1', 'Parangipettai', 'Kony User', 'Kony Dev', CURRENT_TIMESTAMP, CURRENT_TIMESTAMP, CURRENT_TIMESTAMP, 0);
INSERT INTO [konyadminconsole].[city](id, Region_id, Country_id, Name, createdby, modifiedby, createdts, lastmodifiedts, synctimestamp, softdeleteflag) VALUES ('CITY1164', 'R25', 'Con1', 'Pudupattinam', 'Kony User', 'Kony Dev', CURRENT_TIMESTAMP, CURRENT_TIMESTAMP, CURRENT_TIMESTAMP, 0);
INSERT INTO [konyadminconsole].[city](id, Region_id, Country_id, Name, createdby, modifiedby, createdts, lastmodifiedts, synctimestamp, softdeleteflag) VALUES ('CITY1165', 'R15', 'Con1', 'Panniyannur', 'Kony User', 'Kony Dev', CURRENT_TIMESTAMP, CURRENT_TIMESTAMP, CURRENT_TIMESTAMP, 0);
INSERT INTO [konyadminconsole].[city](id, Region_id, Country_id, Name, createdby, modifiedby, createdts, lastmodifiedts, synctimestamp, softdeleteflag) VALUES ('CITY1166', 'R6', 'Con1', 'Maharajganj', 'Kony User', 'Kony Dev', CURRENT_TIMESTAMP, CURRENT_TIMESTAMP, CURRENT_TIMESTAMP, 0);
INSERT INTO [konyadminconsole].[city](id, Region_id, Country_id, Name, createdby, modifiedby, createdts, lastmodifiedts, synctimestamp, softdeleteflag) VALUES ('CITY1167', 'R16', 'Con1', 'Rau', 'Kony User', 'Kony Dev', CURRENT_TIMESTAMP, CURRENT_TIMESTAMP, CURRENT_TIMESTAMP, 0);
INSERT INTO [konyadminconsole].[city](id, Region_id, Country_id, Name, createdby, modifiedby, createdts, lastmodifiedts, synctimestamp, softdeleteflag) VALUES ('CITY1168', 'R29', 'Con1', 'Monoharpur', 'Kony User', 'Kony Dev', CURRENT_TIMESTAMP, CURRENT_TIMESTAMP, CURRENT_TIMESTAMP, 0);
INSERT INTO [konyadminconsole].[city](id, Region_id, Country_id, Name, createdby, modifiedby, createdts, lastmodifiedts, synctimestamp, softdeleteflag) VALUES ('CITY1169', 'R23', 'Con1', 'Mandawa', 'Kony User', 'Kony Dev', CURRENT_TIMESTAMP, CURRENT_TIMESTAMP, CURRENT_TIMESTAMP, 0);
INSERT INTO [konyadminconsole].[city](id, Region_id, Country_id, Name, createdby, modifiedby, createdts, lastmodifiedts, synctimestamp, softdeleteflag) VALUES ('CITY117', 'R14', 'Con1', 'Tumkur', 'Kony User', 'Kony Dev', CURRENT_TIMESTAMP, CURRENT_TIMESTAMP, CURRENT_TIMESTAMP, 0);
INSERT INTO [konyadminconsole].[city](id, Region_id, Country_id, Name, createdby, modifiedby, createdts, lastmodifiedts, synctimestamp, softdeleteflag) VALUES ('CITY1170', 'R5', 'Con1', 'Marigaon', 'Kony User', 'Kony Dev', CURRENT_TIMESTAMP, CURRENT_TIMESTAMP, CURRENT_TIMESTAMP, 0);
INSERT INTO [konyadminconsole].[city](id, Region_id, Country_id, Name, createdby, modifiedby, createdts, lastmodifiedts, synctimestamp, softdeleteflag) VALUES ('CITY1171', 'R25', 'Con1', 'Pallikonda', 'Kony User', 'Kony Dev', CURRENT_TIMESTAMP, CURRENT_TIMESTAMP, CURRENT_TIMESTAMP, 0);
INSERT INTO [konyadminconsole].[city](id, Region_id, Country_id, Name, createdby, modifiedby, createdts, lastmodifiedts, synctimestamp, softdeleteflag) VALUES ('CITY1172', 'R23', 'Con1', 'Pindwara', 'Kony User', 'Kony Dev', CURRENT_TIMESTAMP, CURRENT_TIMESTAMP, CURRENT_TIMESTAMP, 0);
INSERT INTO [konyadminconsole].[city](id, Region_id, Country_id, Name, createdby, modifiedby, createdts, lastmodifiedts, synctimestamp, softdeleteflag) VALUES ('CITY1173', 'R27', 'Con1', 'Shishgarh', 'Kony User', 'Kony Dev', CURRENT_TIMESTAMP, CURRENT_TIMESTAMP, CURRENT_TIMESTAMP, 0);
INSERT INTO [konyadminconsole].[city](id, Region_id, Country_id, Name, createdby, modifiedby, createdts, lastmodifiedts, synctimestamp, softdeleteflag) VALUES ('CITY1174', 'R2', 'Con1', 'Patur', 'Kony User', 'Kony Dev', CURRENT_TIMESTAMP, CURRENT_TIMESTAMP, CURRENT_TIMESTAMP, 0);
INSERT INTO [konyadminconsole].[city](id, Region_id, Country_id, Name, createdby, modifiedby, createdts, lastmodifiedts, synctimestamp, softdeleteflag) VALUES ('CITY1175', 'R17', 'Con1', 'Mayang Imphal', 'Kony User', 'Kony Dev', CURRENT_TIMESTAMP, CURRENT_TIMESTAMP, CURRENT_TIMESTAMP, 0);
INSERT INTO [konyadminconsole].[city](id, Region_id, Country_id, Name, createdby, modifiedby, createdts, lastmodifiedts, synctimestamp, softdeleteflag) VALUES ('CITY1176', 'R16', 'Con1', 'Mhowgaon', 'Kony User', 'Kony Dev', CURRENT_TIMESTAMP, CURRENT_TIMESTAMP, CURRENT_TIMESTAMP, 0);
INSERT INTO [konyadminconsole].[city](id, Region_id, Country_id, Name, createdby, modifiedby, createdts, lastmodifiedts, synctimestamp, softdeleteflag) VALUES ('CITY1177', 'R15', 'Con1', 'Guruvayoor', 'Kony User', 'Kony Dev', CURRENT_TIMESTAMP, CURRENT_TIMESTAMP, CURRENT_TIMESTAMP, 0);
INSERT INTO [konyadminconsole].[city](id, Region_id, Country_id, Name, createdby, modifiedby, createdts, lastmodifiedts, synctimestamp, softdeleteflag) VALUES ('CITY1178', 'R2', 'Con1', 'Mhaswad', 'Kony User', 'Kony Dev', CURRENT_TIMESTAMP, CURRENT_TIMESTAMP, CURRENT_TIMESTAMP, 0);
INSERT INTO [konyadminconsole].[city](id, Region_id, Country_id, Name, createdby, modifiedby, createdts, lastmodifiedts, synctimestamp, softdeleteflag) VALUES ('CITY1179', 'R27', 'Con1', 'Sahawar', 'Kony User', 'Kony Dev', CURRENT_TIMESTAMP, CURRENT_TIMESTAMP, CURRENT_TIMESTAMP, 0);
INSERT INTO [konyadminconsole].[city](id, Region_id, Country_id, Name, createdby, modifiedby, createdts, lastmodifiedts, synctimestamp, softdeleteflag) VALUES ('CITY118', 'R10', 'Con1', 'Hisar', 'Kony User', 'Kony Dev', CURRENT_TIMESTAMP, CURRENT_TIMESTAMP, CURRENT_TIMESTAMP, 0);
INSERT INTO [konyadminconsole].[city](id, Region_id, Country_id, Name, createdby, modifiedby, createdts, lastmodifiedts, synctimestamp, softdeleteflag) VALUES ('CITY1180', 'R25', 'Con1', 'Sivagiri', 'Kony User', 'Kony Dev', CURRENT_TIMESTAMP, CURRENT_TIMESTAMP, CURRENT_TIMESTAMP, 0);
INSERT INTO [konyadminconsole].[city](id, Region_id, Country_id, Name, createdby, modifiedby, createdts, lastmodifiedts, synctimestamp, softdeleteflag) VALUES ('CITY1181', 'R14', 'Con1', 'Mundargi', 'Kony User', 'Kony Dev', CURRENT_TIMESTAMP, CURRENT_TIMESTAMP, CURRENT_TIMESTAMP, 0);
INSERT INTO [konyadminconsole].[city](id, Region_id, Country_id, Name, createdby, modifiedby, createdts, lastmodifiedts, synctimestamp, softdeleteflag) VALUES ('CITY1182', 'R25', 'Con1', 'Punjaipugalur', 'Kony User', 'Kony Dev', CURRENT_TIMESTAMP, CURRENT_TIMESTAMP, CURRENT_TIMESTAMP, 0);
INSERT INTO [konyadminconsole].[city](id, Region_id, Country_id, Name, createdby, modifiedby, createdts, lastmodifiedts, synctimestamp, softdeleteflag) VALUES ('CITY1183', 'R26', 'Con1', 'Kailasahar', 'Kony User', 'Kony Dev', CURRENT_TIMESTAMP, CURRENT_TIMESTAMP, CURRENT_TIMESTAMP, 0);
INSERT INTO [konyadminconsole].[city](id, Region_id, Country_id, Name, createdby, modifiedby, createdts, lastmodifiedts, synctimestamp, softdeleteflag) VALUES ('CITY1184', 'R27', 'Con1', 'Samthar', 'Kony User', 'Kony Dev', CURRENT_TIMESTAMP, CURRENT_TIMESTAMP, CURRENT_TIMESTAMP, 0);
INSERT INTO [konyadminconsole].[city](id, Region_id, Country_id, Name, createdby, modifiedby, createdts, lastmodifiedts, synctimestamp, softdeleteflag) VALUES ('CITY1185', 'R7', 'Con1', 'Sakti', 'Kony User', 'Kony Dev', CURRENT_TIMESTAMP, CURRENT_TIMESTAMP, CURRENT_TIMESTAMP, 0);
INSERT INTO [konyadminconsole].[city](id, Region_id, Country_id, Name, createdby, modifiedby, createdts, lastmodifiedts, synctimestamp, softdeleteflag) VALUES ('CITY1186', 'R14', 'Con1', 'Sadalagi', 'Kony User', 'Kony Dev', CURRENT_TIMESTAMP, CURRENT_TIMESTAMP, CURRENT_TIMESTAMP, 0);
INSERT INTO [konyadminconsole].[city](id, Region_id, Country_id, Name, createdby, modifiedby, createdts, lastmodifiedts, synctimestamp, softdeleteflag) VALUES ('CITY1187', 'R6', 'Con1', 'Silao', 'Kony User', 'Kony Dev', CURRENT_TIMESTAMP, CURRENT_TIMESTAMP, CURRENT_TIMESTAMP, 0);
INSERT INTO [konyadminconsole].[city](id, Region_id, Country_id, Name, createdby, modifiedby, createdts, lastmodifiedts, synctimestamp, softdeleteflag) VALUES ('CITY1188', 'R23', 'Con1', 'Mandalgarh', 'Kony User', 'Kony Dev', CURRENT_TIMESTAMP, CURRENT_TIMESTAMP, CURRENT_TIMESTAMP, 0);
INSERT INTO [konyadminconsole].[city](id, Region_id, Country_id, Name, createdby, modifiedby, createdts, lastmodifiedts, synctimestamp, softdeleteflag) VALUES ('CITY1189', 'R2', 'Con1', 'Loha', 'Kony User', 'Kony Dev', CURRENT_TIMESTAMP, CURRENT_TIMESTAMP, CURRENT_TIMESTAMP, 0);
INSERT INTO [konyadminconsole].[city](id, Region_id, Country_id, Name, createdby, modifiedby, createdts, lastmodifiedts, synctimestamp, softdeleteflag) VALUES ('CITY119', 'R10', 'Con1', 'Rohtak', 'Kony User', 'Kony Dev', CURRENT_TIMESTAMP, CURRENT_TIMESTAMP, CURRENT_TIMESTAMP, 0);
INSERT INTO [konyadminconsole].[city](id, Region_id, Country_id, Name, createdby, modifiedby, createdts, lastmodifiedts, synctimestamp, softdeleteflag) VALUES ('CITY1190', 'R27', 'Con1', 'Pukhrayan', 'Kony User', 'Kony Dev', CURRENT_TIMESTAMP, CURRENT_TIMESTAMP, CURRENT_TIMESTAMP, 0);
INSERT INTO [konyadminconsole].[city](id, Region_id, Country_id, Name, createdby, modifiedby, createdts, lastmodifiedts, synctimestamp, softdeleteflag) VALUES ('CITY1191', 'R25', 'Con1', 'Padmanabhapuram', 'Kony User', 'Kony Dev', CURRENT_TIMESTAMP, CURRENT_TIMESTAMP, CURRENT_TIMESTAMP, 0);
INSERT INTO [konyadminconsole].[city](id, Region_id, Country_id, Name, createdby, modifiedby, createdts, lastmodifiedts, synctimestamp, softdeleteflag) VALUES ('CITY1192', 'R26', 'Con1', 'Belonia', 'Kony User', 'Kony Dev', CURRENT_TIMESTAMP, CURRENT_TIMESTAMP, CURRENT_TIMESTAMP, 0);
INSERT INTO [konyadminconsole].[city](id, Region_id, Country_id, Name, createdby, modifiedby, createdts, lastmodifiedts, synctimestamp, softdeleteflag) VALUES ('CITY1193', 'R19', 'Con1', 'Saiha', 'Kony User', 'Kony Dev', CURRENT_TIMESTAMP, CURRENT_TIMESTAMP, CURRENT_TIMESTAMP, 0);
INSERT INTO [konyadminconsole].[city](id, Region_id, Country_id, Name, createdby, modifiedby, createdts, lastmodifiedts, synctimestamp, softdeleteflag) VALUES ('CITY1194', 'R29', 'Con1', 'Srirampore', 'Kony User', 'Kony Dev', CURRENT_TIMESTAMP, CURRENT_TIMESTAMP, CURRENT_TIMESTAMP, 0);
INSERT INTO [konyadminconsole].[city](id, Region_id, Country_id, Name, createdby, modifiedby, createdts, lastmodifiedts, synctimestamp, softdeleteflag) VALUES ('CITY1195', 'R22', 'Con1', 'Talwara', 'Kony User', 'Kony Dev', CURRENT_TIMESTAMP, CURRENT_TIMESTAMP, CURRENT_TIMESTAMP, 0);
INSERT INTO [konyadminconsole].[city](id, Region_id, Country_id, Name, createdby, modifiedby, createdts, lastmodifiedts, synctimestamp, softdeleteflag) VALUES ('CITY1196', 'R15', 'Con1', 'Puthuppally', 'Kony User', 'Kony Dev', CURRENT_TIMESTAMP, CURRENT_TIMESTAMP, CURRENT_TIMESTAMP, 0);
INSERT INTO [konyadminconsole].[city](id, Region_id, Country_id, Name, createdby, modifiedby, createdts, lastmodifiedts, synctimestamp, softdeleteflag) VALUES ('CITY1197', 'R26', 'Con1', 'Khowai', 'Kony User', 'Kony Dev', CURRENT_TIMESTAMP, CURRENT_TIMESTAMP, CURRENT_TIMESTAMP, 0);
INSERT INTO [konyadminconsole].[city](id, Region_id, Country_id, Name, createdby, modifiedby, createdts, lastmodifiedts, synctimestamp, softdeleteflag) VALUES ('CITY1198', 'R16', 'Con1', 'Vijaypur', 'Kony User', 'Kony Dev', CURRENT_TIMESTAMP, CURRENT_TIMESTAMP, CURRENT_TIMESTAMP, 0);
INSERT INTO [konyadminconsole].[city](id, Region_id, Country_id, Name, createdby, modifiedby, createdts, lastmodifiedts, synctimestamp, softdeleteflag) VALUES ('CITY1199', 'R23', 'Con1', 'Takhatgarh', 'Kony User', 'Kony Dev', CURRENT_TIMESTAMP, CURRENT_TIMESTAMP, CURRENT_TIMESTAMP, 0);
INSERT INTO [konyadminconsole].[city](id, Region_id, Country_id, Name, createdby, modifiedby, createdts, lastmodifiedts, synctimestamp, softdeleteflag) VALUES ('CITY12', 'R27', 'Con1', 'Lucknow', 'Kony User', 'Kony Dev', CURRENT_TIMESTAMP, CURRENT_TIMESTAMP, CURRENT_TIMESTAMP, 0);
INSERT INTO [konyadminconsole].[city](id, Region_id, Country_id, Name, createdby, modifiedby, createdts, lastmodifiedts, synctimestamp, softdeleteflag) VALUES ('CITY120', 'R10', 'Con1', 'Panipat', 'Kony User', 'Kony Dev', CURRENT_TIMESTAMP, CURRENT_TIMESTAMP, CURRENT_TIMESTAMP, 0);
INSERT INTO [konyadminconsole].[city](id, Region_id, Country_id, Name, createdby, modifiedby, createdts, lastmodifiedts, synctimestamp, softdeleteflag) VALUES ('CITY1200', 'R25', 'Con1', 'Thirupuvanam', 'Kony User', 'Kony Dev', CURRENT_TIMESTAMP, CURRENT_TIMESTAMP, CURRENT_TIMESTAMP, 0);
INSERT INTO [konyadminconsole].[city](id, Region_id, Country_id, Name, createdby, modifiedby, createdts, lastmodifiedts, synctimestamp, softdeleteflag) VALUES ('CITY1201', 'R29', 'Con1', 'Adra', 'Kony User', 'Kony Dev', CURRENT_TIMESTAMP, CURRENT_TIMESTAMP, CURRENT_TIMESTAMP, 0);
INSERT INTO [konyadminconsole].[city](id, Region_id, Country_id, Name, createdby, modifiedby, createdts, lastmodifiedts, synctimestamp, softdeleteflag) VALUES ('CITY1202', 'R14', 'Con1', 'Piriyapatna', 'Kony User', 'Kony Dev', CURRENT_TIMESTAMP, CURRENT_TIMESTAMP, CURRENT_TIMESTAMP, 0);
INSERT INTO [konyadminconsole].[city](id, Region_id, Country_id, Name, createdby, modifiedby, createdts, lastmodifiedts, synctimestamp, softdeleteflag) VALUES ('CITY1203', 'R27', 'Con1', 'Obra', 'Kony User', 'Kony Dev', CURRENT_TIMESTAMP, CURRENT_TIMESTAMP, CURRENT_TIMESTAMP, 0);
INSERT INTO [konyadminconsole].[city](id, Region_id, Country_id, Name, createdby, modifiedby, createdts, lastmodifiedts, synctimestamp, softdeleteflag) VALUES ('CITY1204', 'R9', 'Con1', 'Adalaj', 'Kony User', 'Kony Dev', CURRENT_TIMESTAMP, CURRENT_TIMESTAMP, CURRENT_TIMESTAMP, 0);
INSERT INTO [konyadminconsole].[city](id, Region_id, Country_id, Name, createdby, modifiedby, createdts, lastmodifiedts, synctimestamp, softdeleteflag) VALUES ('CITY1205', 'R2', 'Con1', 'Nandgaon', 'Kony User', 'Kony Dev', CURRENT_TIMESTAMP, CURRENT_TIMESTAMP, CURRENT_TIMESTAMP, 0);
INSERT INTO [konyadminconsole].[city](id, Region_id, Country_id, Name, createdby, modifiedby, createdts, lastmodifiedts, synctimestamp, softdeleteflag) VALUES ('CITY1206', 'R6', 'Con1', 'Barh', 'Kony User', 'Kony Dev', CURRENT_TIMESTAMP, CURRENT_TIMESTAMP, CURRENT_TIMESTAMP, 0);
INSERT INTO [konyadminconsole].[city](id, Region_id, Country_id, Name, createdby, modifiedby, createdts, lastmodifiedts, synctimestamp, softdeleteflag) VALUES ('CITY1207', 'R9', 'Con1', 'Chhapra', 'Kony User', 'Kony Dev', CURRENT_TIMESTAMP, CURRENT_TIMESTAMP, CURRENT_TIMESTAMP, 0);
INSERT INTO [konyadminconsole].[city](id, Region_id, Country_id, Name, createdby, modifiedby, createdts, lastmodifiedts, synctimestamp, softdeleteflag) VALUES ('CITY1208', 'R15', 'Con1', 'Panamattom', 'Kony User', 'Kony Dev', CURRENT_TIMESTAMP, CURRENT_TIMESTAMP, CURRENT_TIMESTAMP, 0);
INSERT INTO [konyadminconsole].[city](id, Region_id, Country_id, Name, createdby, modifiedby, createdts, lastmodifiedts, synctimestamp, softdeleteflag) VALUES ('CITY1209', 'R27', 'Con1', 'Niwai', 'Kony User', 'Kony Dev', CURRENT_TIMESTAMP, CURRENT_TIMESTAMP, CURRENT_TIMESTAMP, 0);
INSERT INTO [konyadminconsole].[city](id, Region_id, Country_id, Name, createdby, modifiedby, createdts, lastmodifiedts, synctimestamp, softdeleteflag) VALUES ('CITY121', 'R6', 'Con1', 'Darbhanga', 'Kony User', 'Kony Dev', CURRENT_TIMESTAMP, CURRENT_TIMESTAMP, CURRENT_TIMESTAMP, 0);
INSERT INTO [konyadminconsole].[city](id, Region_id, Country_id, Name, createdby, modifiedby, createdts, lastmodifiedts, synctimestamp, softdeleteflag) VALUES ('CITY1210', 'R28', 'Con1', 'Bageshwar', 'Kony User', 'Kony Dev', CURRENT_TIMESTAMP, CURRENT_TIMESTAMP, CURRENT_TIMESTAMP, 0);
INSERT INTO [konyadminconsole].[city](id, Region_id, Country_id, Name, createdby, modifiedby, createdts, lastmodifiedts, synctimestamp, softdeleteflag) VALUES ('CITY1211', 'R21', 'Con1', 'Tarbha', 'Kony User', 'Kony Dev', CURRENT_TIMESTAMP, CURRENT_TIMESTAMP, CURRENT_TIMESTAMP, 0);
INSERT INTO [konyadminconsole].[city](id, Region_id, Country_id, Name, createdby, modifiedby, createdts, lastmodifiedts, synctimestamp, softdeleteflag) VALUES ('CITY1212', 'R14', 'Con1', 'Adyar', 'Kony User', 'Kony Dev', CURRENT_TIMESTAMP, CURRENT_TIMESTAMP, CURRENT_TIMESTAMP, 0);
INSERT INTO [konyadminconsole].[city](id, Region_id, Country_id, Name, createdby, modifiedby, createdts, lastmodifiedts, synctimestamp, softdeleteflag) VALUES ('CITY1213', 'R16', 'Con1', 'Narsinghgarh', 'Kony User', 'Kony Dev', CURRENT_TIMESTAMP, CURRENT_TIMESTAMP, CURRENT_TIMESTAMP, 0);
INSERT INTO [konyadminconsole].[city](id, Region_id, Country_id, Name, createdby, modifiedby, createdts, lastmodifiedts, synctimestamp, softdeleteflag) VALUES ('CITY1214', 'R2', 'Con1', 'Warud', 'Kony User', 'Kony Dev', CURRENT_TIMESTAMP, CURRENT_TIMESTAMP, CURRENT_TIMESTAMP, 0);
INSERT INTO [konyadminconsole].[city](id, Region_id, Country_id, Name, createdby, modifiedby, createdts, lastmodifiedts, synctimestamp, softdeleteflag) VALUES ('CITY1215', 'R6', 'Con1', 'Asarganj', 'Kony User', 'Kony Dev', CURRENT_TIMESTAMP, CURRENT_TIMESTAMP, CURRENT_TIMESTAMP, 0);
INSERT INTO [konyadminconsole].[city](id, Region_id, Country_id, Name, createdby, modifiedby, createdts, lastmodifiedts, synctimestamp, softdeleteflag) VALUES ('CITY1216', 'R10', 'Con1', 'Sarsod', 'Kony User', 'Kony Dev', CURRENT_TIMESTAMP, CURRENT_TIMESTAMP, CURRENT_TIMESTAMP, 0);
INSERT INTO [konyadminconsole].[city](id, Region_id, Country_id, Name, createdby, modifiedby, createdts, lastmodifiedts, synctimestamp, softdeleteflag) VALUES ('CITY1218', 'R57', 'Con2', 'New York', 'Kony User', 'Kony Dev', CURRENT_TIMESTAMP, CURRENT_TIMESTAMP, CURRENT_TIMESTAMP, 0);
INSERT INTO [konyadminconsole].[city](id, Region_id, Country_id, Name, createdby, modifiedby, createdts, lastmodifiedts, synctimestamp, softdeleteflag) VALUES ('CITY1219', 'R35', 'Con2', 'Los Angeles', 'Kony User', 'Kony Dev', CURRENT_TIMESTAMP, CURRENT_TIMESTAMP, CURRENT_TIMESTAMP, 0);
INSERT INTO [konyadminconsole].[city](id, Region_id, Country_id, Name, createdby, modifiedby, createdts, lastmodifiedts, synctimestamp, softdeleteflag) VALUES ('CITY122', 'R29', 'Con1', 'Kharagpur', 'Kony User', 'Kony Dev', CURRENT_TIMESTAMP, CURRENT_TIMESTAMP, CURRENT_TIMESTAMP, 0);
INSERT INTO [konyadminconsole].[city](id, Region_id, Country_id, Name, createdby, modifiedby, createdts, lastmodifiedts, synctimestamp, softdeleteflag) VALUES ('CITY1220', 'R44', 'Con2', 'Chicago', 'Kony User', 'Kony Dev', CURRENT_TIMESTAMP, CURRENT_TIMESTAMP, CURRENT_TIMESTAMP, 0);
INSERT INTO [konyadminconsole].[city](id, Region_id, Country_id, Name, createdby, modifiedby, createdts, lastmodifiedts, synctimestamp, softdeleteflag) VALUES ('CITY1221', 'R74', 'Con2', 'Houston', 'Kony User', 'Kony Dev', CURRENT_TIMESTAMP, CURRENT_TIMESTAMP, CURRENT_TIMESTAMP, 0);
INSERT INTO [konyadminconsole].[city](id, Region_id, Country_id, Name, createdby, modifiedby, createdts, lastmodifiedts, synctimestamp, softdeleteflag) VALUES ('CITY1222', 'R69', 'Con2', 'Philadelphia', 'Kony User', 'Kony Dev', CURRENT_TIMESTAMP, CURRENT_TIMESTAMP, CURRENT_TIMESTAMP, 0);
INSERT INTO [konyadminconsole].[city](id, Region_id, Country_id, Name, createdby, modifiedby, createdts, lastmodifiedts, synctimestamp, softdeleteflag) VALUES ('CITY1223', 'R33', 'Con2', 'Phoenix', 'Kony User', 'Kony Dev', CURRENT_TIMESTAMP, CURRENT_TIMESTAMP, CURRENT_TIMESTAMP, 0);
INSERT INTO [konyadminconsole].[city](id, Region_id, Country_id, Name, createdby, modifiedby, createdts, lastmodifiedts, synctimestamp, softdeleteflag) VALUES ('CITY1224', 'R74', 'Con2', 'San Antonio', 'Kony User', 'Kony Dev', CURRENT_TIMESTAMP, CURRENT_TIMESTAMP, CURRENT_TIMESTAMP, 0);
INSERT INTO [konyadminconsole].[city](id, Region_id, Country_id, Name, createdby, modifiedby, createdts, lastmodifiedts, synctimestamp, softdeleteflag) VALUES ('CITY1225', 'R35', 'Con2', 'San Diego', 'Kony User', 'Kony Dev', CURRENT_TIMESTAMP, CURRENT_TIMESTAMP, CURRENT_TIMESTAMP, 0);
INSERT INTO [konyadminconsole].[city](id, Region_id, Country_id, Name, createdby, modifiedby, createdts, lastmodifiedts, synctimestamp, softdeleteflag) VALUES ('CITY1226', 'R74', 'Con2', 'Dallas', 'Kony User', 'Kony Dev', CURRENT_TIMESTAMP, CURRENT_TIMESTAMP, CURRENT_TIMESTAMP, 0);
INSERT INTO [konyadminconsole].[city](id, Region_id, Country_id, Name, createdby, modifiedby, createdts, lastmodifiedts, synctimestamp, softdeleteflag) VALUES ('CITY1227', 'R35', 'Con2', 'San Jose', 'Kony User', 'Kony Dev', CURRENT_TIMESTAMP, CURRENT_TIMESTAMP, CURRENT_TIMESTAMP, 0);
INSERT INTO [konyadminconsole].[city](id, Region_id, Country_id, Name, createdby, modifiedby, createdts, lastmodifiedts, synctimestamp, softdeleteflag) VALUES ('CITY1228', 'R74', 'Con2', 'Austin', 'Kony User', 'Kony Dev', CURRENT_TIMESTAMP, CURRENT_TIMESTAMP, CURRENT_TIMESTAMP, 0);
INSERT INTO [konyadminconsole].[city](id, Region_id, Country_id, Name, createdby, modifiedby, createdts, lastmodifiedts, synctimestamp, softdeleteflag) VALUES ('CITY1229', 'R40', 'Con2', 'Jacksonville', 'Kony User', 'Kony Dev', CURRENT_TIMESTAMP, CURRENT_TIMESTAMP, CURRENT_TIMESTAMP, 0);
INSERT INTO [konyadminconsole].[city](id, Region_id, Country_id, Name, createdby, modifiedby, createdts, lastmodifiedts, synctimestamp, softdeleteflag) VALUES ('CITY123', 'R19', 'Con1', 'Aizawl', 'Kony User', 'Kony Dev', CURRENT_TIMESTAMP, CURRENT_TIMESTAMP, CURRENT_TIMESTAMP, 0);
INSERT INTO [konyadminconsole].[city](id, Region_id, Country_id, Name, createdby, modifiedby, createdts, lastmodifiedts, synctimestamp, softdeleteflag) VALUES ('CITY1230', 'R45', 'Con2', 'Indianapolis', 'Kony User', 'Kony Dev', CURRENT_TIMESTAMP, CURRENT_TIMESTAMP, CURRENT_TIMESTAMP, 0);
INSERT INTO [konyadminconsole].[city](id, Region_id, Country_id, Name, createdby, modifiedby, createdts, lastmodifiedts, synctimestamp, softdeleteflag) VALUES ('CITY1231', 'R35', 'Con2', 'San Francisco', 'Kony User', 'Kony Dev', CURRENT_TIMESTAMP, CURRENT_TIMESTAMP, CURRENT_TIMESTAMP, 0);
INSERT INTO [konyadminconsole].[city](id, Region_id, Country_id, Name, createdby, modifiedby, createdts, lastmodifiedts, synctimestamp, softdeleteflag) VALUES ('CITY1232', 'R60', 'Con2', 'Columbus', 'Kony User', 'Kony Dev', CURRENT_TIMESTAMP, CURRENT_TIMESTAMP, CURRENT_TIMESTAMP, 0);
INSERT INTO [konyadminconsole].[city](id, Region_id, Country_id, Name, createdby, modifiedby, createdts, lastmodifiedts, synctimestamp, softdeleteflag) VALUES ('CITY1233', 'R74', 'Con2', 'Fort Worth', 'Kony User', 'Kony Dev', CURRENT_TIMESTAMP, CURRENT_TIMESTAMP, CURRENT_TIMESTAMP, 0);
INSERT INTO [konyadminconsole].[city](id, Region_id, Country_id, Name, createdby, modifiedby, createdts, lastmodifiedts, synctimestamp, softdeleteflag) VALUES ('CITY1234', 'R58', 'Con2', 'Charlotte', 'Kony User', 'Kony Dev', CURRENT_TIMESTAMP, CURRENT_TIMESTAMP, CURRENT_TIMESTAMP, 0);
INSERT INTO [konyadminconsole].[city](id, Region_id, Country_id, Name, createdby, modifiedby, createdts, lastmodifiedts, synctimestamp, softdeleteflag) VALUES ('CITY1235', 'R65', 'Con2', 'Detroit', 'Kony User', 'Kony Dev', CURRENT_TIMESTAMP, CURRENT_TIMESTAMP, CURRENT_TIMESTAMP, 0);
INSERT INTO [konyadminconsole].[city](id, Region_id, Country_id, Name, createdby, modifiedby, createdts, lastmodifiedts, synctimestamp, softdeleteflag) VALUES ('CITY1236', 'R74', 'Con2', 'El Paso', 'Kony User', 'Kony Dev', CURRENT_TIMESTAMP, CURRENT_TIMESTAMP, CURRENT_TIMESTAMP, 0);
INSERT INTO [konyadminconsole].[city](id, Region_id, Country_id, Name, createdby, modifiedby, createdts, lastmodifiedts, synctimestamp, softdeleteflag) VALUES ('CITY1237', 'R73', 'Con2', 'Memphis', 'Kony User', 'Kony Dev', CURRENT_TIMESTAMP, CURRENT_TIMESTAMP, CURRENT_TIMESTAMP, 0);
INSERT INTO [konyadminconsole].[city](id, Region_id, Country_id, Name, createdby, modifiedby, createdts, lastmodifiedts, synctimestamp, softdeleteflag) VALUES ('CITY1238', 'R64', 'Con2', 'Boston', 'Kony User', 'Kony Dev', CURRENT_TIMESTAMP, CURRENT_TIMESTAMP, CURRENT_TIMESTAMP, 0);
INSERT INTO [konyadminconsole].[city](id, Region_id, Country_id, Name, createdby, modifiedby, createdts, lastmodifiedts, synctimestamp, softdeleteflag) VALUES ('CITY1239', 'R78', 'Con2', 'Seattle', 'Kony User', 'Kony Dev', CURRENT_TIMESTAMP, CURRENT_TIMESTAMP, CURRENT_TIMESTAMP, 0);
INSERT INTO [konyadminconsole].[city](id, Region_id, Country_id, Name, createdby, modifiedby, createdts, lastmodifiedts, synctimestamp, softdeleteflag) VALUES ('CITY124', 'R2', 'Con1', 'Ichalkaranji', 'Kony User', 'Kony Dev', CURRENT_TIMESTAMP, CURRENT_TIMESTAMP, CURRENT_TIMESTAMP, 0);
INSERT INTO [konyadminconsole].[city](id, Region_id, Country_id, Name, createdby, modifiedby, createdts, lastmodifiedts, synctimestamp, softdeleteflag) VALUES ('CITY1240', 'R36', 'Con2', 'Denver', 'Kony User', 'Kony Dev', CURRENT_TIMESTAMP, CURRENT_TIMESTAMP, CURRENT_TIMESTAMP, 0);
INSERT INTO [konyadminconsole].[city](id, Region_id, Country_id, Name, createdby, modifiedby, createdts, lastmodifiedts, synctimestamp, softdeleteflag) VALUES ('CITY1241', 'R39', 'Con2', 'Washington', 'Kony User', 'Kony Dev', CURRENT_TIMESTAMP, CURRENT_TIMESTAMP, CURRENT_TIMESTAMP, 0);
INSERT INTO [konyadminconsole].[city](id, Region_id, Country_id, Name, createdby, modifiedby, createdts, lastmodifiedts, synctimestamp, softdeleteflag) VALUES ('CITY1242', 'R73', 'Con2', 'Nashville', 'Kony User', 'Kony Dev', CURRENT_TIMESTAMP, CURRENT_TIMESTAMP, CURRENT_TIMESTAMP, 0);
INSERT INTO [konyadminconsole].[city](id, Region_id, Country_id, Name, createdby, modifiedby, createdts, lastmodifiedts, synctimestamp, softdeleteflag) VALUES ('CITY1243', 'R63', 'Con2', 'Baltimore', 'Kony User', 'Kony Dev', CURRENT_TIMESTAMP, CURRENT_TIMESTAMP, CURRENT_TIMESTAMP, 0);
INSERT INTO [konyadminconsole].[city](id, Region_id, Country_id, Name, createdby, modifiedby, createdts, lastmodifiedts, synctimestamp, softdeleteflag) VALUES ('CITY1244', 'R48', 'Con2', 'Louisville', 'Kony User', 'Kony Dev', CURRENT_TIMESTAMP, CURRENT_TIMESTAMP, CURRENT_TIMESTAMP, 0);
INSERT INTO [konyadminconsole].[city](id, Region_id, Country_id, Name, createdby, modifiedby, createdts, lastmodifiedts, synctimestamp, softdeleteflag) VALUES ('CITY1245', 'R62', 'Con2', 'Portland', 'Kony User', 'Kony Dev', CURRENT_TIMESTAMP, CURRENT_TIMESTAMP, CURRENT_TIMESTAMP, 0);
INSERT INTO [konyadminconsole].[city](id, Region_id, Country_id, Name, createdby, modifiedby, createdts, lastmodifiedts, synctimestamp, softdeleteflag) VALUES ('CITY1246', 'R61', 'Con2', 'Oklahoma City', 'Kony User', 'Kony Dev', CURRENT_TIMESTAMP, CURRENT_TIMESTAMP, CURRENT_TIMESTAMP, 0);
INSERT INTO [konyadminconsole].[city](id, Region_id, Country_id, Name, createdby, modifiedby, createdts, lastmodifiedts, synctimestamp, softdeleteflag) VALUES ('CITY1247', 'R80', 'Con2', 'Milwaukee', 'Kony User', 'Kony Dev', CURRENT_TIMESTAMP, CURRENT_TIMESTAMP, CURRENT_TIMESTAMP, 0);
INSERT INTO [konyadminconsole].[city](id, Region_id, Country_id, Name, createdby, modifiedby, createdts, lastmodifiedts, synctimestamp, softdeleteflag) VALUES ('CITY1248', 'R53', 'Con2', 'Las Vegas', 'Kony User', 'Kony Dev', CURRENT_TIMESTAMP, CURRENT_TIMESTAMP, CURRENT_TIMESTAMP, 0);
INSERT INTO [konyadminconsole].[city](id, Region_id, Country_id, Name, createdby, modifiedby, createdts, lastmodifiedts, synctimestamp, softdeleteflag) VALUES ('CITY1249', 'R56', 'Con2', 'Albuquerque', 'Kony User', 'Kony Dev', CURRENT_TIMESTAMP, CURRENT_TIMESTAMP, CURRENT_TIMESTAMP, 0);
INSERT INTO [konyadminconsole].[city](id, Region_id, Country_id, Name, createdby, modifiedby, createdts, lastmodifiedts, synctimestamp, softdeleteflag) VALUES ('CITY125', 'R3', 'Con1', 'Tirupati', 'Kony User', 'Kony Dev', CURRENT_TIMESTAMP, CURRENT_TIMESTAMP, CURRENT_TIMESTAMP, 0);
INSERT INTO [konyadminconsole].[city](id, Region_id, Country_id, Name, createdby, modifiedby, createdts, lastmodifiedts, synctimestamp, softdeleteflag) VALUES ('CITY1250', 'R33', 'Con2', 'Tucson', 'Kony User', 'Kony Dev', CURRENT_TIMESTAMP, CURRENT_TIMESTAMP, CURRENT_TIMESTAMP, 0);
INSERT INTO [konyadminconsole].[city](id, Region_id, Country_id, Name, createdby, modifiedby, createdts, lastmodifiedts, synctimestamp, softdeleteflag) VALUES ('CITY1251', 'R35', 'Con2', 'Fresno', 'Kony User', 'Kony Dev', CURRENT_TIMESTAMP, CURRENT_TIMESTAMP, CURRENT_TIMESTAMP, 0);
INSERT INTO [konyadminconsole].[city](id, Region_id, Country_id, Name, createdby, modifiedby, createdts, lastmodifiedts, synctimestamp, softdeleteflag) VALUES ('CITY1252', 'R35', 'Con2', 'Sacramento', 'Kony User', 'Kony Dev', CURRENT_TIMESTAMP, CURRENT_TIMESTAMP, CURRENT_TIMESTAMP, 0);
INSERT INTO [konyadminconsole].[city](id, Region_id, Country_id, Name, createdby, modifiedby, createdts, lastmodifiedts, synctimestamp, softdeleteflag) VALUES ('CITY1253', 'R35', 'Con2', 'Long Beach', 'Kony User', 'Kony Dev', CURRENT_TIMESTAMP, CURRENT_TIMESTAMP, CURRENT_TIMESTAMP, 0);
INSERT INTO [konyadminconsole].[city](id, Region_id, Country_id, Name, createdby, modifiedby, createdts, lastmodifiedts, synctimestamp, softdeleteflag) VALUES ('CITY1254', 'R68', 'Con2', 'Kansas City', 'Kony User', 'Kony Dev', CURRENT_TIMESTAMP, CURRENT_TIMESTAMP, CURRENT_TIMESTAMP, 0);
INSERT INTO [konyadminconsole].[city](id, Region_id, Country_id, Name, createdby, modifiedby, createdts, lastmodifiedts, synctimestamp, softdeleteflag) VALUES ('CITY1255', 'R33', 'Con2', 'Mesa', 'Kony User', 'Kony Dev', CURRENT_TIMESTAMP, CURRENT_TIMESTAMP, CURRENT_TIMESTAMP, 0);
INSERT INTO [konyadminconsole].[city](id, Region_id, Country_id, Name, createdby, modifiedby, createdts, lastmodifiedts, synctimestamp, softdeleteflag) VALUES ('CITY1256', 'R77', 'Con2', 'Virginia Beach', 'Kony User', 'Kony Dev', CURRENT_TIMESTAMP, CURRENT_TIMESTAMP, CURRENT_TIMESTAMP, 0);
INSERT INTO [konyadminconsole].[city](id, Region_id, Country_id, Name, createdby, modifiedby, createdts, lastmodifiedts, synctimestamp, softdeleteflag) VALUES ('CITY1257', 'R41', 'Con2', 'Atlanta', 'Kony User', 'Kony Dev', CURRENT_TIMESTAMP, CURRENT_TIMESTAMP, CURRENT_TIMESTAMP, 0);
INSERT INTO [konyadminconsole].[city](id, Region_id, Country_id, Name, createdby, modifiedby, createdts, lastmodifiedts, synctimestamp, softdeleteflag) VALUES ('CITY1258', 'R36', 'Con2', 'Colorado Springs', 'Kony User', 'Kony Dev', CURRENT_TIMESTAMP, CURRENT_TIMESTAMP, CURRENT_TIMESTAMP, 0);
INSERT INTO [konyadminconsole].[city](id, Region_id, Country_id, Name, createdby, modifiedby, createdts, lastmodifiedts, synctimestamp, softdeleteflag) VALUES ('CITY1259', 'R58', 'Con2', 'Raleigh', 'Kony User', 'Kony Dev', CURRENT_TIMESTAMP, CURRENT_TIMESTAMP, CURRENT_TIMESTAMP, 0);
INSERT INTO [konyadminconsole].[city](id, Region_id, Country_id, Name, createdby, modifiedby, createdts, lastmodifiedts, synctimestamp, softdeleteflag) VALUES ('CITY126', 'R10', 'Con1', 'Karnal', 'Kony User', 'Kony Dev', CURRENT_TIMESTAMP, CURRENT_TIMESTAMP, CURRENT_TIMESTAMP, 0);
INSERT INTO [konyadminconsole].[city](id, Region_id, Country_id, Name, createdby, modifiedby, createdts, lastmodifiedts, synctimestamp, softdeleteflag) VALUES ('CITY1260', 'R52', 'Con2', 'Omaha', 'Kony User', 'Kony Dev', CURRENT_TIMESTAMP, CURRENT_TIMESTAMP, CURRENT_TIMESTAMP, 0);
INSERT INTO [konyadminconsole].[city](id, Region_id, Country_id, Name, createdby, modifiedby, createdts, lastmodifiedts, synctimestamp, softdeleteflag) VALUES ('CITY1261', 'R40', 'Con2', 'Miami', 'Kony User', 'Kony Dev', CURRENT_TIMESTAMP, CURRENT_TIMESTAMP, CURRENT_TIMESTAMP, 0);
INSERT INTO [konyadminconsole].[city](id, Region_id, Country_id, Name, createdby, modifiedby, createdts, lastmodifiedts, synctimestamp, softdeleteflag) VALUES ('CITY1262', 'R35', 'Con2', 'Oakland', 'Kony User', 'Kony Dev', CURRENT_TIMESTAMP, CURRENT_TIMESTAMP, CURRENT_TIMESTAMP, 0);
INSERT INTO [konyadminconsole].[city](id, Region_id, Country_id, Name, createdby, modifiedby, createdts, lastmodifiedts, synctimestamp, softdeleteflag) VALUES ('CITY1263', 'R61', 'Con2', 'Tulsa', 'Kony User', 'Kony Dev', CURRENT_TIMESTAMP, CURRENT_TIMESTAMP, CURRENT_TIMESTAMP, 0);
INSERT INTO [konyadminconsole].[city](id, Region_id, Country_id, Name, createdby, modifiedby, createdts, lastmodifiedts, synctimestamp, softdeleteflag) VALUES ('CITY1264', 'R66', 'Con2', 'Minneapolis', 'Kony User', 'Kony Dev', CURRENT_TIMESTAMP, CURRENT_TIMESTAMP, CURRENT_TIMESTAMP, 0);
INSERT INTO [konyadminconsole].[city](id, Region_id, Country_id, Name, createdby, modifiedby, createdts, lastmodifiedts, synctimestamp, softdeleteflag) VALUES ('CITY1265', 'R60', 'Con2', 'Cleveland', 'Kony User', 'Kony Dev', CURRENT_TIMESTAMP, CURRENT_TIMESTAMP, CURRENT_TIMESTAMP, 0);
INSERT INTO [konyadminconsole].[city](id, Region_id, Country_id, Name, createdby, modifiedby, createdts, lastmodifiedts, synctimestamp, softdeleteflag) VALUES ('CITY1266', 'R47', 'Con2', 'Wichita', 'Kony User', 'Kony Dev', CURRENT_TIMESTAMP, CURRENT_TIMESTAMP, CURRENT_TIMESTAMP, 0);
INSERT INTO [konyadminconsole].[city](id, Region_id, Country_id, Name, createdby, modifiedby, createdts, lastmodifiedts, synctimestamp, softdeleteflag) VALUES ('CITY1267', 'R74', 'Con2', 'Arlington', 'Kony User', 'Kony Dev', CURRENT_TIMESTAMP, CURRENT_TIMESTAMP, CURRENT_TIMESTAMP, 0);
INSERT INTO [konyadminconsole].[city](id, Region_id, Country_id, Name, createdby, modifiedby, createdts, lastmodifiedts, synctimestamp, softdeleteflag) VALUES ('CITY1268', 'R49', 'Con2', 'New Orleans', 'Kony User', 'Kony Dev', CURRENT_TIMESTAMP, CURRENT_TIMESTAMP, CURRENT_TIMESTAMP, 0);
INSERT INTO [konyadminconsole].[city](id, Region_id, Country_id, Name, createdby, modifiedby, createdts, lastmodifiedts, synctimestamp, softdeleteflag) VALUES ('CITY1269', 'R35', 'Con2', 'Bakersfield', 'Kony User', 'Kony Dev', CURRENT_TIMESTAMP, CURRENT_TIMESTAMP, CURRENT_TIMESTAMP, 0);
INSERT INTO [konyadminconsole].[city](id, Region_id, Country_id, Name, createdby, modifiedby, createdts, lastmodifiedts, synctimestamp, softdeleteflag) VALUES ('CITY127', 'R22', 'Con1', 'Bathinda', 'Kony User', 'Kony Dev', CURRENT_TIMESTAMP, CURRENT_TIMESTAMP, CURRENT_TIMESTAMP, 0);
INSERT INTO [konyadminconsole].[city](id, Region_id, Country_id, Name, createdby, modifiedby, createdts, lastmodifiedts, synctimestamp, softdeleteflag) VALUES ('CITY1270', 'R40', 'Con2', 'Tampa', 'Kony User', 'Kony Dev', CURRENT_TIMESTAMP, CURRENT_TIMESTAMP, CURRENT_TIMESTAMP, 0);
INSERT INTO [konyadminconsole].[city](id, Region_id, Country_id, Name, createdby, modifiedby, createdts, lastmodifiedts, synctimestamp, softdeleteflag) VALUES ('CITY1272', 'R35', 'Con2', 'Anaheim', 'Kony User', 'Kony Dev', CURRENT_TIMESTAMP, CURRENT_TIMESTAMP, CURRENT_TIMESTAMP, 0);
INSERT INTO [konyadminconsole].[city](id, Region_id, Country_id, Name, createdby, modifiedby, createdts, lastmodifiedts, synctimestamp, softdeleteflag) VALUES ('CITY1273', 'R36', 'Con2', 'Aurora', 'Kony User', 'Kony Dev', CURRENT_TIMESTAMP, CURRENT_TIMESTAMP, CURRENT_TIMESTAMP, 0);
INSERT INTO [konyadminconsole].[city](id, Region_id, Country_id, Name, createdby, modifiedby, createdts, lastmodifiedts, synctimestamp, softdeleteflag) VALUES ('CITY1274', 'R35', 'Con2', 'Santa Ana', 'Kony User', 'Kony Dev', CURRENT_TIMESTAMP, CURRENT_TIMESTAMP, CURRENT_TIMESTAMP, 0);
INSERT INTO [konyadminconsole].[city](id, Region_id, Country_id, Name, createdby, modifiedby, createdts, lastmodifiedts, synctimestamp, softdeleteflag) VALUES ('CITY1275', 'R68', 'Con2', 'St. Louis', 'Kony User', 'Kony Dev', CURRENT_TIMESTAMP, CURRENT_TIMESTAMP, CURRENT_TIMESTAMP, 0);
INSERT INTO [konyadminconsole].[city](id, Region_id, Country_id, Name, createdby, modifiedby, createdts, lastmodifiedts, synctimestamp, softdeleteflag) VALUES ('CITY1276', 'R35', 'Con2', 'Riverside', 'Kony User', 'Kony Dev', CURRENT_TIMESTAMP, CURRENT_TIMESTAMP, CURRENT_TIMESTAMP, 0);
INSERT INTO [konyadminconsole].[city](id, Region_id, Country_id, Name, createdby, modifiedby, createdts, lastmodifiedts, synctimestamp, softdeleteflag) VALUES ('CITY1277', 'R74', 'Con2', 'Corpus Christi', 'Kony User', 'Kony Dev', CURRENT_TIMESTAMP, CURRENT_TIMESTAMP, CURRENT_TIMESTAMP, 0);
INSERT INTO [konyadminconsole].[city](id, Region_id, Country_id, Name, createdby, modifiedby, createdts, lastmodifiedts, synctimestamp, softdeleteflag) VALUES ('CITY1278', 'R69', 'Con2', 'Pittsburgh', 'Kony User', 'Kony Dev', CURRENT_TIMESTAMP, CURRENT_TIMESTAMP, CURRENT_TIMESTAMP, 0);
INSERT INTO [konyadminconsole].[city](id, Region_id, Country_id, Name, createdby, modifiedby, createdts, lastmodifiedts, synctimestamp, softdeleteflag) VALUES ('CITY1279', 'R48', 'Con2', 'Lexington', 'Kony User', 'Kony Dev', CURRENT_TIMESTAMP, CURRENT_TIMESTAMP, CURRENT_TIMESTAMP, 0);
INSERT INTO [konyadminconsole].[city](id, Region_id, Country_id, Name, createdby, modifiedby, createdts, lastmodifiedts, synctimestamp, softdeleteflag) VALUES ('CITY128', 'R27', 'Con1', 'Rampur', 'Kony User', 'Kony Dev', CURRENT_TIMESTAMP, CURRENT_TIMESTAMP, CURRENT_TIMESTAMP, 0);
INSERT INTO [konyadminconsole].[city](id, Region_id, Country_id, Name, createdby, modifiedby, createdts, lastmodifiedts, synctimestamp, softdeleteflag) VALUES ('CITY1280', 'R32', 'Con2', 'Anchorage', 'Kony User', 'Kony Dev', CURRENT_TIMESTAMP, CURRENT_TIMESTAMP, CURRENT_TIMESTAMP, 0);
INSERT INTO [konyadminconsole].[city](id, Region_id, Country_id, Name, createdby, modifiedby, createdts, lastmodifiedts, synctimestamp, softdeleteflag) VALUES ('CITY1281', 'R35', 'Con2', 'Stockton', 'Kony User', 'Kony Dev', CURRENT_TIMESTAMP, CURRENT_TIMESTAMP, CURRENT_TIMESTAMP, 0);
INSERT INTO [konyadminconsole].[city](id, Region_id, Country_id, Name, createdby, modifiedby, createdts, lastmodifiedts, synctimestamp, softdeleteflag) VALUES ('CITY1282', 'R60', 'Con2', 'Cincinnati', 'Kony User', 'Kony Dev', CURRENT_TIMESTAMP, CURRENT_TIMESTAMP, CURRENT_TIMESTAMP, 0);
INSERT INTO [konyadminconsole].[city](id, Region_id, Country_id, Name, createdby, modifiedby, createdts, lastmodifiedts, synctimestamp, softdeleteflag) VALUES ('CITY1283', 'R66', 'Con2', 'Saint Paul', 'Kony User', 'Kony Dev', CURRENT_TIMESTAMP, CURRENT_TIMESTAMP, CURRENT_TIMESTAMP, 0);
INSERT INTO [konyadminconsole].[city](id, Region_id, Country_id, Name, createdby, modifiedby, createdts, lastmodifiedts, synctimestamp, softdeleteflag) VALUES ('CITY1284', 'R60', 'Con2', 'Toledo', 'Kony User', 'Kony Dev', CURRENT_TIMESTAMP, CURRENT_TIMESTAMP, CURRENT_TIMESTAMP, 0);
INSERT INTO [konyadminconsole].[city](id, Region_id, Country_id, Name, createdby, modifiedby, createdts, lastmodifiedts, synctimestamp, softdeleteflag) VALUES ('CITY1285', 'R55', 'Con2', 'Newark', 'Kony User', 'Kony Dev', CURRENT_TIMESTAMP, CURRENT_TIMESTAMP, CURRENT_TIMESTAMP, 0);
INSERT INTO [konyadminconsole].[city](id, Region_id, Country_id, Name, createdby, modifiedby, createdts, lastmodifiedts, synctimestamp, softdeleteflag) VALUES ('CITY1286', 'R58', 'Con2', 'Greensboro', 'Kony User', 'Kony Dev', CURRENT_TIMESTAMP, CURRENT_TIMESTAMP, CURRENT_TIMESTAMP, 0);
INSERT INTO [konyadminconsole].[city](id, Region_id, Country_id, Name, createdby, modifiedby, createdts, lastmodifiedts, synctimestamp, softdeleteflag) VALUES ('CITY1287', 'R74', 'Con2', 'Plano', 'Kony User', 'Kony Dev', CURRENT_TIMESTAMP, CURRENT_TIMESTAMP, CURRENT_TIMESTAMP, 0);
INSERT INTO [konyadminconsole].[city](id, Region_id, Country_id, Name, createdby, modifiedby, createdts, lastmodifiedts, synctimestamp, softdeleteflag) VALUES ('CITY1288', 'R53', 'Con2', 'Henderson', 'Kony User', 'Kony Dev', CURRENT_TIMESTAMP, CURRENT_TIMESTAMP, CURRENT_TIMESTAMP, 0);
INSERT INTO [konyadminconsole].[city](id, Region_id, Country_id, Name, createdby, modifiedby, createdts, lastmodifiedts, synctimestamp, softdeleteflag) VALUES ('CITY1289', 'R52', 'Con2', 'Lincoln', 'Kony User', 'Kony Dev', CURRENT_TIMESTAMP, CURRENT_TIMESTAMP, CURRENT_TIMESTAMP, 0);
INSERT INTO [konyadminconsole].[city](id, Region_id, Country_id, Name, createdby, modifiedby, createdts, lastmodifiedts, synctimestamp, softdeleteflag) VALUES ('CITY129', 'R14', 'Con1', 'Shivamogga', 'Kony User', 'Kony Dev', CURRENT_TIMESTAMP, CURRENT_TIMESTAMP, CURRENT_TIMESTAMP, 0);
INSERT INTO [konyadminconsole].[city](id, Region_id, Country_id, Name, createdby, modifiedby, createdts, lastmodifiedts, synctimestamp, softdeleteflag) VALUES ('CITY1290', 'R57', 'Con2', 'Buffalo', 'Kony User', 'Kony Dev', CURRENT_TIMESTAMP, CURRENT_TIMESTAMP, CURRENT_TIMESTAMP, 0);
INSERT INTO [konyadminconsole].[city](id, Region_id, Country_id, Name, createdby, modifiedby, createdts, lastmodifiedts, synctimestamp, softdeleteflag) VALUES ('CITY1291', 'R45', 'Con2', 'Fort Wayne', 'Kony User', 'Kony Dev', CURRENT_TIMESTAMP, CURRENT_TIMESTAMP, CURRENT_TIMESTAMP, 0);
INSERT INTO [konyadminconsole].[city](id, Region_id, Country_id, Name, createdby, modifiedby, createdts, lastmodifiedts, synctimestamp, softdeleteflag) VALUES ('CITY1292', 'R55', 'Con2', 'Jersey City', 'Kony User', 'Kony Dev', CURRENT_TIMESTAMP, CURRENT_TIMESTAMP, CURRENT_TIMESTAMP, 0);
INSERT INTO [konyadminconsole].[city](id, Region_id, Country_id, Name, createdby, modifiedby, createdts, lastmodifiedts, synctimestamp, softdeleteflag) VALUES ('CITY1293', 'R35', 'Con2', 'Chula Vista', 'Kony User', 'Kony Dev', CURRENT_TIMESTAMP, CURRENT_TIMESTAMP, CURRENT_TIMESTAMP, 0);
INSERT INTO [konyadminconsole].[city](id, Region_id, Country_id, Name, createdby, modifiedby, createdts, lastmodifiedts, synctimestamp, softdeleteflag) VALUES ('CITY1294', 'R40', 'Con2', 'Orlando', 'Kony User', 'Kony Dev', CURRENT_TIMESTAMP, CURRENT_TIMESTAMP, CURRENT_TIMESTAMP, 0);
INSERT INTO [konyadminconsole].[city](id, Region_id, Country_id, Name, createdby, modifiedby, createdts, lastmodifiedts, synctimestamp, softdeleteflag) VALUES ('CITY1295', 'R40', 'Con2', 'St. Petersburg', 'Kony User', 'Kony Dev', CURRENT_TIMESTAMP, CURRENT_TIMESTAMP, CURRENT_TIMESTAMP, 0);
INSERT INTO [konyadminconsole].[city](id, Region_id, Country_id, Name, createdby, modifiedby, createdts, lastmodifiedts, synctimestamp, softdeleteflag) VALUES ('CITY1296', 'R77', 'Con2', 'Norfolk', 'Kony User', 'Kony Dev', CURRENT_TIMESTAMP, CURRENT_TIMESTAMP, CURRENT_TIMESTAMP, 0);
INSERT INTO [konyadminconsole].[city](id, Region_id, Country_id, Name, createdby, modifiedby, createdts, lastmodifiedts, synctimestamp, softdeleteflag) VALUES ('CITY1297', 'R33', 'Con2', 'Chandler', 'Kony User', 'Kony Dev', CURRENT_TIMESTAMP, CURRENT_TIMESTAMP, CURRENT_TIMESTAMP, 0);
INSERT INTO [konyadminconsole].[city](id, Region_id, Country_id, Name, createdby, modifiedby, createdts, lastmodifiedts, synctimestamp, softdeleteflag) VALUES ('CITY1298', 'R74', 'Con2', 'Laredo', 'Kony User', 'Kony Dev', CURRENT_TIMESTAMP, CURRENT_TIMESTAMP, CURRENT_TIMESTAMP, 0);
INSERT INTO [konyadminconsole].[city](id, Region_id, Country_id, Name, createdby, modifiedby, createdts, lastmodifiedts, synctimestamp, softdeleteflag) VALUES ('CITY1299', 'R80', 'Con2', 'Madison', 'Kony User', 'Kony Dev', CURRENT_TIMESTAMP, CURRENT_TIMESTAMP, CURRENT_TIMESTAMP, 0);
INSERT INTO [konyadminconsole].[city](id, Region_id, Country_id, Name, createdby, modifiedby, createdts, lastmodifiedts, synctimestamp, softdeleteflag) VALUES ('CITY13', 'R27', 'Con1', 'Kanpur', 'Kony User', 'Kony Dev', CURRENT_TIMESTAMP, CURRENT_TIMESTAMP, CURRENT_TIMESTAMP, 0);
INSERT INTO [konyadminconsole].[city](id, Region_id, Country_id, Name, createdby, modifiedby, createdts, lastmodifiedts, synctimestamp, softdeleteflag) VALUES ('CITY130', 'R16', 'Con1', 'Ratlam', 'Kony User', 'Kony Dev', CURRENT_TIMESTAMP, CURRENT_TIMESTAMP, CURRENT_TIMESTAMP, 0);
INSERT INTO [konyadminconsole].[city](id, Region_id, Country_id, Name, createdby, modifiedby, createdts, lastmodifiedts, synctimestamp, softdeleteflag) VALUES ('CITY1300', 'R58', 'Con2', 'Durham', 'Kony User', 'Kony Dev', CURRENT_TIMESTAMP, CURRENT_TIMESTAMP, CURRENT_TIMESTAMP, 0);
INSERT INTO [konyadminconsole].[city](id, Region_id, Country_id, Name, createdby, modifiedby, createdts, lastmodifiedts, synctimestamp, softdeleteflag) VALUES ('CITY1301', 'R74', 'Con2', 'Lubbock', 'Kony User', 'Kony Dev', CURRENT_TIMESTAMP, CURRENT_TIMESTAMP, CURRENT_TIMESTAMP, 0);
INSERT INTO [konyadminconsole].[city](id, Region_id, Country_id, Name, createdby, modifiedby, createdts, lastmodifiedts, synctimestamp, softdeleteflag) VALUES ('CITY1302', 'R58', 'Con2', 'Winston-Salem', 'Kony User', 'Kony Dev', CURRENT_TIMESTAMP, CURRENT_TIMESTAMP, CURRENT_TIMESTAMP, 0);
INSERT INTO [konyadminconsole].[city](id, Region_id, Country_id, Name, createdby, modifiedby, createdts, lastmodifiedts, synctimestamp, softdeleteflag) VALUES ('CITY1303', 'R74', 'Con2', 'Garland', 'Kony User', 'Kony Dev', CURRENT_TIMESTAMP, CURRENT_TIMESTAMP, CURRENT_TIMESTAMP, 0);
INSERT INTO [konyadminconsole].[city](id, Region_id, Country_id, Name, createdby, modifiedby, createdts, lastmodifiedts, synctimestamp, softdeleteflag) VALUES ('CITY1304', 'R33', 'Con2', 'Glendale', 'Kony User', 'Kony Dev', CURRENT_TIMESTAMP, CURRENT_TIMESTAMP, CURRENT_TIMESTAMP, 0);
INSERT INTO [konyadminconsole].[city](id, Region_id, Country_id, Name, createdby, modifiedby, createdts, lastmodifiedts, synctimestamp, softdeleteflag) VALUES ('CITY1305', 'R40', 'Con2', 'Hialeah', 'Kony User', 'Kony Dev', CURRENT_TIMESTAMP, CURRENT_TIMESTAMP, CURRENT_TIMESTAMP, 0);
INSERT INTO [konyadminconsole].[city](id, Region_id, Country_id, Name, createdby, modifiedby, createdts, lastmodifiedts, synctimestamp, softdeleteflag) VALUES ('CITY1306', 'R53', 'Con2', 'Reno', 'Kony User', 'Kony Dev', CURRENT_TIMESTAMP, CURRENT_TIMESTAMP, CURRENT_TIMESTAMP, 0);
INSERT INTO [konyadminconsole].[city](id, Region_id, Country_id, Name, createdby, modifiedby, createdts, lastmodifiedts, synctimestamp, softdeleteflag) VALUES ('CITY1307', 'R49', 'Con2', 'Baton Rouge', 'Kony User', 'Kony Dev', CURRENT_TIMESTAMP, CURRENT_TIMESTAMP, CURRENT_TIMESTAMP, 0);
INSERT INTO [konyadminconsole].[city](id, Region_id, Country_id, Name, createdby, modifiedby, createdts, lastmodifiedts, synctimestamp, softdeleteflag) VALUES ('CITY1308', 'R35', 'Con2', 'Irvine', 'Kony User', 'Kony Dev', CURRENT_TIMESTAMP, CURRENT_TIMESTAMP, CURRENT_TIMESTAMP, 0);
INSERT INTO [konyadminconsole].[city](id, Region_id, Country_id, Name, createdby, modifiedby, createdts, lastmodifiedts, synctimestamp, softdeleteflag) VALUES ('CITY1309', 'R77', 'Con2', 'Chesapeake', 'Kony User', 'Kony Dev', CURRENT_TIMESTAMP, CURRENT_TIMESTAMP, CURRENT_TIMESTAMP, 0);
INSERT INTO [konyadminconsole].[city](id, Region_id, Country_id, Name, createdby, modifiedby, createdts, lastmodifiedts, synctimestamp, softdeleteflag) VALUES ('CITY131', 'R27', 'Con1', 'Modinagar', 'Kony User', 'Kony Dev', CURRENT_TIMESTAMP, CURRENT_TIMESTAMP, CURRENT_TIMESTAMP, 0);
INSERT INTO [konyadminconsole].[city](id, Region_id, Country_id, Name, createdby, modifiedby, createdts, lastmodifiedts, synctimestamp, softdeleteflag) VALUES ('CITY1310', 'R74', 'Con2', 'Irving', 'Kony User', 'Kony Dev', CURRENT_TIMESTAMP, CURRENT_TIMESTAMP, CURRENT_TIMESTAMP, 0);
INSERT INTO [konyadminconsole].[city](id, Region_id, Country_id, Name, createdby, modifiedby, createdts, lastmodifiedts, synctimestamp, softdeleteflag) VALUES ('CITY1311', 'R33', 'Con2', 'Scottsdale', 'Kony User', 'Kony Dev', CURRENT_TIMESTAMP, CURRENT_TIMESTAMP, CURRENT_TIMESTAMP, 0);
INSERT INTO [konyadminconsole].[city](id, Region_id, Country_id, Name, createdby, modifiedby, createdts, lastmodifiedts, synctimestamp, softdeleteflag) VALUES ('CITY1312', 'R53', 'Con2', 'North Las Vegas', 'Kony User', 'Kony Dev', CURRENT_TIMESTAMP, CURRENT_TIMESTAMP, CURRENT_TIMESTAMP, 0);
INSERT INTO [konyadminconsole].[city](id, Region_id, Country_id, Name, createdby, modifiedby, createdts, lastmodifiedts, synctimestamp, softdeleteflag) VALUES ('CITY1313', 'R35', 'Con2', 'Fremont', 'Kony User', 'Kony Dev', CURRENT_TIMESTAMP, CURRENT_TIMESTAMP, CURRENT_TIMESTAMP, 0);
INSERT INTO [konyadminconsole].[city](id, Region_id, Country_id, Name, createdby, modifiedby, createdts, lastmodifiedts, synctimestamp, softdeleteflag) VALUES ('CITY1314', 'R33', 'Con2', 'Gilbert', 'Kony User', 'Kony Dev', CURRENT_TIMESTAMP, CURRENT_TIMESTAMP, CURRENT_TIMESTAMP, 0);
INSERT INTO [konyadminconsole].[city](id, Region_id, Country_id, Name, createdby, modifiedby, createdts, lastmodifiedts, synctimestamp, softdeleteflag) VALUES ('CITY1315', 'R35', 'Con2', 'San Bernardino', 'Kony User', 'Kony Dev', CURRENT_TIMESTAMP, CURRENT_TIMESTAMP, CURRENT_TIMESTAMP, 0);
INSERT INTO [konyadminconsole].[city](id, Region_id, Country_id, Name, createdby, modifiedby, createdts, lastmodifiedts, synctimestamp, softdeleteflag) VALUES ('CITY1316', 'R43', 'Con2', 'Boise', 'Kony User', 'Kony Dev', CURRENT_TIMESTAMP, CURRENT_TIMESTAMP, CURRENT_TIMESTAMP, 0);
INSERT INTO [konyadminconsole].[city](id, Region_id, Country_id, Name, createdby, modifiedby, createdts, lastmodifiedts, synctimestamp, softdeleteflag) VALUES ('CITY1317', 'R31', 'Con2', 'Birmingham', 'Kony User', 'Kony Dev', CURRENT_TIMESTAMP, CURRENT_TIMESTAMP, CURRENT_TIMESTAMP, 0);
INSERT INTO [konyadminconsole].[city](id, Region_id, Country_id, Name, createdby, modifiedby, createdts, lastmodifiedts, synctimestamp, softdeleteflag) VALUES ('CITY1318', 'R57', 'Con2', 'Rochester', 'Kony User', 'Kony Dev', CURRENT_TIMESTAMP, CURRENT_TIMESTAMP, CURRENT_TIMESTAMP, 0);
INSERT INTO [konyadminconsole].[city](id, Region_id, Country_id, Name, createdby, modifiedby, createdts, lastmodifiedts, synctimestamp, softdeleteflag) VALUES ('CITY1319', 'R77', 'Con2', 'Richmond', 'Kony User', 'Kony Dev', CURRENT_TIMESTAMP, CURRENT_TIMESTAMP, CURRENT_TIMESTAMP, 0);
INSERT INTO [konyadminconsole].[city](id, Region_id, Country_id, Name, createdby, modifiedby, createdts, lastmodifiedts, synctimestamp, softdeleteflag) VALUES ('CITY132', 'R7', 'Con1', 'Durg', 'Kony User', 'Kony Dev', CURRENT_TIMESTAMP, CURRENT_TIMESTAMP, CURRENT_TIMESTAMP, 0);
INSERT INTO [konyadminconsole].[city](id, Region_id, Country_id, Name, createdby, modifiedby, createdts, lastmodifiedts, synctimestamp, softdeleteflag) VALUES ('CITY1320', 'R78', 'Con2', 'Spokane', 'Kony User', 'Kony Dev', CURRENT_TIMESTAMP, CURRENT_TIMESTAMP, CURRENT_TIMESTAMP, 0);
INSERT INTO [konyadminconsole].[city](id, Region_id, Country_id, Name, createdby, modifiedby, createdts, lastmodifiedts, synctimestamp, softdeleteflag) VALUES ('CITY1321', 'R46', 'Con2', 'Des Moines', 'Kony User', 'Kony Dev', CURRENT_TIMESTAMP, CURRENT_TIMESTAMP, CURRENT_TIMESTAMP, 0);
INSERT INTO [konyadminconsole].[city](id, Region_id, Country_id, Name, createdby, modifiedby, createdts, lastmodifiedts, synctimestamp, softdeleteflag) VALUES ('CITY1322', 'R31', 'Con2', 'Montgomery', 'Kony User', 'Kony Dev', CURRENT_TIMESTAMP, CURRENT_TIMESTAMP, CURRENT_TIMESTAMP, 0);
INSERT INTO [konyadminconsole].[city](id, Region_id, Country_id, Name, createdby, modifiedby, createdts, lastmodifiedts, synctimestamp, softdeleteflag) VALUES ('CITY1323', 'R35', 'Con2', 'Modesto', 'Kony User', 'Kony Dev', CURRENT_TIMESTAMP, CURRENT_TIMESTAMP, CURRENT_TIMESTAMP, 0);
INSERT INTO [konyadminconsole].[city](id, Region_id, Country_id, Name, createdby, modifiedby, createdts, lastmodifiedts, synctimestamp, softdeleteflag) VALUES ('CITY1324', 'R58', 'Con2', 'Fayetteville', 'Kony User', 'Kony Dev', CURRENT_TIMESTAMP, CURRENT_TIMESTAMP, CURRENT_TIMESTAMP, 0);
INSERT INTO [konyadminconsole].[city](id, Region_id, Country_id, Name, createdby, modifiedby, createdts, lastmodifiedts, synctimestamp, softdeleteflag) VALUES ('CITY1325', 'R78', 'Con2', 'Tacoma', 'Kony User', 'Kony Dev', CURRENT_TIMESTAMP, CURRENT_TIMESTAMP, CURRENT_TIMESTAMP, 0);
INSERT INTO [konyadminconsole].[city](id, Region_id, Country_id, Name, createdby, modifiedby, createdts, lastmodifiedts, synctimestamp, softdeleteflag) VALUES ('CITY1326', 'R49', 'Con2', 'Shreveport', 'Kony User', 'Kony Dev', CURRENT_TIMESTAMP, CURRENT_TIMESTAMP, CURRENT_TIMESTAMP, 0);
INSERT INTO [konyadminconsole].[city](id, Region_id, Country_id, Name, createdby, modifiedby, createdts, lastmodifiedts, synctimestamp, softdeleteflag) VALUES ('CITY1327', 'R35', 'Con2', 'Fontana', 'Kony User', 'Kony Dev', CURRENT_TIMESTAMP, CURRENT_TIMESTAMP, CURRENT_TIMESTAMP, 0);
INSERT INTO [konyadminconsole].[city](id, Region_id, Country_id, Name, createdby, modifiedby, createdts, lastmodifiedts, synctimestamp, softdeleteflag) VALUES ('CITY1328', 'R35', 'Con2', 'Oxnard', 'Kony User', 'Kony Dev', CURRENT_TIMESTAMP, CURRENT_TIMESTAMP, CURRENT_TIMESTAMP, 0);
INSERT INTO [konyadminconsole].[city](id, Region_id, Country_id, Name, createdby, modifiedby, createdts, lastmodifiedts, synctimestamp, softdeleteflag) VALUES ('CITY1329', 'R44', 'Con2', 'Aurora', 'Kony User', 'Kony Dev', CURRENT_TIMESTAMP, CURRENT_TIMESTAMP, CURRENT_TIMESTAMP, 0);
INSERT INTO [konyadminconsole].[city](id, Region_id, Country_id, Name, createdby, modifiedby, createdts, lastmodifiedts, synctimestamp, softdeleteflag) VALUES ('CITY133', 'R18', 'Con1', 'Shillong', 'Kony User', 'Kony Dev', CURRENT_TIMESTAMP, CURRENT_TIMESTAMP, CURRENT_TIMESTAMP, 0);
INSERT INTO [konyadminconsole].[city](id, Region_id, Country_id, Name, createdby, modifiedby, createdts, lastmodifiedts, synctimestamp, softdeleteflag) VALUES ('CITY1330', 'R35', 'Con2', 'Moreno Valley', 'Kony User', 'Kony Dev', CURRENT_TIMESTAMP, CURRENT_TIMESTAMP, CURRENT_TIMESTAMP, 0);
INSERT INTO [konyadminconsole].[city](id, Region_id, Country_id, Name, createdby, modifiedby, createdts, lastmodifiedts, synctimestamp, softdeleteflag) VALUES ('CITY1331', 'R60', 'Con2', 'Akron', 'Kony User', 'Kony Dev', CURRENT_TIMESTAMP, CURRENT_TIMESTAMP, CURRENT_TIMESTAMP, 0);
INSERT INTO [konyadminconsole].[city](id, Region_id, Country_id, Name, createdby, modifiedby, createdts, lastmodifiedts, synctimestamp, softdeleteflag) VALUES ('CITY1332', 'R57', 'Con2', 'Yonkers', 'Kony User', 'Kony Dev', CURRENT_TIMESTAMP, CURRENT_TIMESTAMP, CURRENT_TIMESTAMP, 0);
INSERT INTO [konyadminconsole].[city](id, Region_id, Country_id, Name, createdby, modifiedby, createdts, lastmodifiedts, synctimestamp, softdeleteflag) VALUES ('CITY1333', 'R41', 'Con2', 'Columbus', 'Kony User', 'Kony Dev', CURRENT_TIMESTAMP, CURRENT_TIMESTAMP, CURRENT_TIMESTAMP, 0);
INSERT INTO [konyadminconsole].[city](id, Region_id, Country_id, Name, createdby, modifiedby, createdts, lastmodifiedts, synctimestamp, softdeleteflag) VALUES ('CITY1334', 'R41', 'Con2', 'Augusta', 'Kony User', 'Kony Dev', CURRENT_TIMESTAMP, CURRENT_TIMESTAMP, CURRENT_TIMESTAMP, 0);
INSERT INTO [konyadminconsole].[city](id, Region_id, Country_id, Name, createdby, modifiedby, createdts, lastmodifiedts, synctimestamp, softdeleteflag) VALUES ('CITY1335', 'R34', 'Con2', 'Little Rock', 'Kony User', 'Kony Dev', CURRENT_TIMESTAMP, CURRENT_TIMESTAMP, CURRENT_TIMESTAMP, 0);
INSERT INTO [konyadminconsole].[city](id, Region_id, Country_id, Name, createdby, modifiedby, createdts, lastmodifiedts, synctimestamp, softdeleteflag) VALUES ('CITY1336', 'R74', 'Con2', 'Amarillo', 'Kony User', 'Kony Dev', CURRENT_TIMESTAMP, CURRENT_TIMESTAMP, CURRENT_TIMESTAMP, 0);
INSERT INTO [konyadminconsole].[city](id, Region_id, Country_id, Name, createdby, modifiedby, createdts, lastmodifiedts, synctimestamp, softdeleteflag) VALUES ('CITY1337', 'R31', 'Con2', 'Mobile', 'Kony User', 'Kony Dev', CURRENT_TIMESTAMP, CURRENT_TIMESTAMP, CURRENT_TIMESTAMP, 0);
INSERT INTO [konyadminconsole].[city](id, Region_id, Country_id, Name, createdby, modifiedby, createdts, lastmodifiedts, synctimestamp, softdeleteflag) VALUES ('CITY1338', 'R35', 'Con2', 'Huntington Beach', 'Kony User', 'Kony Dev', CURRENT_TIMESTAMP, CURRENT_TIMESTAMP, CURRENT_TIMESTAMP, 0);
INSERT INTO [konyadminconsole].[city](id, Region_id, Country_id, Name, createdby, modifiedby, createdts, lastmodifiedts, synctimestamp, softdeleteflag) VALUES ('CITY1339', 'R35', 'Con2', 'Glendale', 'Kony User', 'Kony Dev', CURRENT_TIMESTAMP, CURRENT_TIMESTAMP, CURRENT_TIMESTAMP, 0);
INSERT INTO [konyadminconsole].[city](id, Region_id, Country_id, Name, createdby, modifiedby, createdts, lastmodifiedts, synctimestamp, softdeleteflag) VALUES ('CITY134', 'R17', 'Con1', 'Imphal', 'Kony User', 'Kony Dev', CURRENT_TIMESTAMP, CURRENT_TIMESTAMP, CURRENT_TIMESTAMP, 0);
INSERT INTO [konyadminconsole].[city](id, Region_id, Country_id, Name, createdby, modifiedby, createdts, lastmodifiedts, synctimestamp, softdeleteflag) VALUES ('CITY1340', 'R65', 'Con2', 'Grand Rapids', 'Kony User', 'Kony Dev', CURRENT_TIMESTAMP, CURRENT_TIMESTAMP, CURRENT_TIMESTAMP, 0);
INSERT INTO [konyadminconsole].[city](id, Region_id, Country_id, Name, createdby, modifiedby, createdts, lastmodifiedts, synctimestamp, softdeleteflag) VALUES ('CITY1341', 'R75', 'Con2', 'Salt Lake City', 'Kony User', 'Kony Dev', CURRENT_TIMESTAMP, CURRENT_TIMESTAMP, CURRENT_TIMESTAMP, 0);
INSERT INTO [konyadminconsole].[city](id, Region_id, Country_id, Name, createdby, modifiedby, createdts, lastmodifiedts, synctimestamp, softdeleteflag) VALUES ('CITY1342', 'R40', 'Con2', 'Tallahassee', 'Kony User', 'Kony Dev', CURRENT_TIMESTAMP, CURRENT_TIMESTAMP, CURRENT_TIMESTAMP, 0);
INSERT INTO [konyadminconsole].[city](id, Region_id, Country_id, Name, createdby, modifiedby, createdts, lastmodifiedts, synctimestamp, softdeleteflag) VALUES ('CITY1343', 'R31', 'Con2', 'Huntsville', 'Kony User', 'Kony Dev', CURRENT_TIMESTAMP, CURRENT_TIMESTAMP, CURRENT_TIMESTAMP, 0);
INSERT INTO [konyadminconsole].[city](id, Region_id, Country_id, Name, createdby, modifiedby, createdts, lastmodifiedts, synctimestamp, softdeleteflag) VALUES ('CITY1344', 'R64', 'Con2', 'Worcester', 'Kony User', 'Kony Dev', CURRENT_TIMESTAMP, CURRENT_TIMESTAMP, CURRENT_TIMESTAMP, 0);
INSERT INTO [konyadminconsole].[city](id, Region_id, Country_id, Name, createdby, modifiedby, createdts, lastmodifiedts, synctimestamp, softdeleteflag) VALUES ('CITY1345', 'R73', 'Con2', 'Knoxville', 'Kony User', 'Kony Dev', CURRENT_TIMESTAMP, CURRENT_TIMESTAMP, CURRENT_TIMESTAMP, 0);
INSERT INTO [konyadminconsole].[city](id, Region_id, Country_id, Name, createdby, modifiedby, createdts, lastmodifiedts, synctimestamp, softdeleteflag) VALUES ('CITY1346', 'R74', 'Con2', 'Grand Prairie', 'Kony User', 'Kony Dev', CURRENT_TIMESTAMP, CURRENT_TIMESTAMP, CURRENT_TIMESTAMP, 0);
INSERT INTO [konyadminconsole].[city](id, Region_id, Country_id, Name, createdby, modifiedby, createdts, lastmodifiedts, synctimestamp, softdeleteflag) VALUES ('CITY1347', 'R77', 'Con2', 'Newport News', 'Kony User', 'Kony Dev', CURRENT_TIMESTAMP, CURRENT_TIMESTAMP, CURRENT_TIMESTAMP, 0);
INSERT INTO [konyadminconsole].[city](id, Region_id, Country_id, Name, createdby, modifiedby, createdts, lastmodifiedts, synctimestamp, softdeleteflag) VALUES ('CITY1348', 'R74', 'Con2', 'Brownsville', 'Kony User', 'Kony Dev', CURRENT_TIMESTAMP, CURRENT_TIMESTAMP, CURRENT_TIMESTAMP, 0);
INSERT INTO [konyadminconsole].[city](id, Region_id, Country_id, Name, createdby, modifiedby, createdts, lastmodifiedts, synctimestamp, softdeleteflag) VALUES ('CITY1349', 'R35', 'Con2', 'Santa Clarita', 'Kony User', 'Kony Dev', CURRENT_TIMESTAMP, CURRENT_TIMESTAMP, CURRENT_TIMESTAMP, 0);
INSERT INTO [konyadminconsole].[city](id, Region_id, Country_id, Name, createdby, modifiedby, createdts, lastmodifiedts, synctimestamp, softdeleteflag) VALUES ('CITY135', 'R27', 'Con1', 'Hapur', 'Kony User', 'Kony Dev', CURRENT_TIMESTAMP, CURRENT_TIMESTAMP, CURRENT_TIMESTAMP, 0);
INSERT INTO [konyadminconsole].[city](id, Region_id, Country_id, Name, createdby, modifiedby, createdts, lastmodifiedts, synctimestamp, softdeleteflag) VALUES ('CITY1350', 'R47', 'Con2', 'Overland Park', 'Kony User', 'Kony Dev', CURRENT_TIMESTAMP, CURRENT_TIMESTAMP, CURRENT_TIMESTAMP, 0);
INSERT INTO [konyadminconsole].[city](id, Region_id, Country_id, Name, createdby, modifiedby, createdts, lastmodifiedts, synctimestamp, softdeleteflag) VALUES ('CITY1351', 'R70', 'Con2', 'Providence', 'Kony User', 'Kony Dev', CURRENT_TIMESTAMP, CURRENT_TIMESTAMP, CURRENT_TIMESTAMP, 0);
INSERT INTO [konyadminconsole].[city](id, Region_id, Country_id, Name, createdby, modifiedby, createdts, lastmodifiedts, synctimestamp, softdeleteflag) VALUES ('CITY1352', 'R67', 'Con2', 'Jackson', 'Kony User', 'Kony Dev', CURRENT_TIMESTAMP, CURRENT_TIMESTAMP, CURRENT_TIMESTAMP, 0);
INSERT INTO [konyadminconsole].[city](id, Region_id, Country_id, Name, createdby, modifiedby, createdts, lastmodifiedts, synctimestamp, softdeleteflag) VALUES ('CITY1353', 'R35', 'Con2', 'Garden Grove', 'Kony User', 'Kony Dev', CURRENT_TIMESTAMP, CURRENT_TIMESTAMP, CURRENT_TIMESTAMP, 0);
INSERT INTO [konyadminconsole].[city](id, Region_id, Country_id, Name, createdby, modifiedby, createdts, lastmodifiedts, synctimestamp, softdeleteflag) VALUES ('CITY1354', 'R35', 'Con2', 'Oceanside', 'Kony User', 'Kony Dev', CURRENT_TIMESTAMP, CURRENT_TIMESTAMP, CURRENT_TIMESTAMP, 0);
INSERT INTO [konyadminconsole].[city](id, Region_id, Country_id, Name, createdby, modifiedby, createdts, lastmodifiedts, synctimestamp, softdeleteflag) VALUES ('CITY1355', 'R73', 'Con2', 'Chattanooga', 'Kony User', 'Kony Dev', CURRENT_TIMESTAMP, CURRENT_TIMESTAMP, CURRENT_TIMESTAMP, 0);
INSERT INTO [konyadminconsole].[city](id, Region_id, Country_id, Name, createdby, modifiedby, createdts, lastmodifiedts, synctimestamp, softdeleteflag) VALUES ('CITY1356', 'R40', 'Con2', 'Fort Lauderdale', 'Kony User', 'Kony Dev', CURRENT_TIMESTAMP, CURRENT_TIMESTAMP, CURRENT_TIMESTAMP, 0);
INSERT INTO [konyadminconsole].[city](id, Region_id, Country_id, Name, createdby, modifiedby, createdts, lastmodifiedts, synctimestamp, softdeleteflag) VALUES ('CITY1357', 'R35', 'Con2', 'Rancho Cucamonga', 'Kony User', 'Kony Dev', CURRENT_TIMESTAMP, CURRENT_TIMESTAMP, CURRENT_TIMESTAMP, 0);
INSERT INTO [konyadminconsole].[city](id, Region_id, Country_id, Name, createdby, modifiedby, createdts, lastmodifiedts, synctimestamp, softdeleteflag) VALUES ('CITY1358', 'R35', 'Con2', 'Santa Rosa', 'Kony User', 'Kony Dev', CURRENT_TIMESTAMP, CURRENT_TIMESTAMP, CURRENT_TIMESTAMP, 0);
INSERT INTO [konyadminconsole].[city](id, Region_id, Country_id, Name, createdby, modifiedby, createdts, lastmodifiedts, synctimestamp, softdeleteflag) VALUES ('CITY1359', 'R40', 'Con2', 'Port St. Lucie', 'Kony User', 'Kony Dev', CURRENT_TIMESTAMP, CURRENT_TIMESTAMP, CURRENT_TIMESTAMP, 0);
INSERT INTO [konyadminconsole].[city](id, Region_id, Country_id, Name, createdby, modifiedby, createdts, lastmodifiedts, synctimestamp, softdeleteflag) VALUES ('CITY136', 'R25', 'Con1', 'Ranipet', 'Kony User', 'Kony Dev', CURRENT_TIMESTAMP, CURRENT_TIMESTAMP, CURRENT_TIMESTAMP, 0);
INSERT INTO [konyadminconsole].[city](id, Region_id, Country_id, Name, createdby, modifiedby, createdts, lastmodifiedts, synctimestamp, softdeleteflag) VALUES ('CITY1360', 'R35', 'Con2', 'Ontario', 'Kony User', 'Kony Dev', CURRENT_TIMESTAMP, CURRENT_TIMESTAMP, CURRENT_TIMESTAMP, 0);
INSERT INTO [konyadminconsole].[city](id, Region_id, Country_id, Name, createdby, modifiedby, createdts, lastmodifiedts, synctimestamp, softdeleteflag) VALUES ('CITY1361', 'R33', 'Con2', 'Tempe', 'Kony User', 'Kony Dev', CURRENT_TIMESTAMP, CURRENT_TIMESTAMP, CURRENT_TIMESTAMP, 0);
INSERT INTO [konyadminconsole].[city](id, Region_id, Country_id, Name, createdby, modifiedby, createdts, lastmodifiedts, synctimestamp, softdeleteflag) VALUES ('CITY1362', 'R78', 'Con2', 'Vancouver', 'Kony User', 'Kony Dev', CURRENT_TIMESTAMP, CURRENT_TIMESTAMP, CURRENT_TIMESTAMP, 0);
INSERT INTO [konyadminconsole].[city](id, Region_id, Country_id, Name, createdby, modifiedby, createdts, lastmodifiedts, synctimestamp, softdeleteflag) VALUES ('CITY1363', 'R68', 'Con2', 'Springfield', 'Kony User', 'Kony Dev', CURRENT_TIMESTAMP, CURRENT_TIMESTAMP, CURRENT_TIMESTAMP, 0);
INSERT INTO [konyadminconsole].[city](id, Region_id, Country_id, Name, createdby, modifiedby, createdts, lastmodifiedts, synctimestamp, softdeleteflag) VALUES ('CITY1364', 'R40', 'Con2', 'Cape Coral', 'Kony User', 'Kony Dev', CURRENT_TIMESTAMP, CURRENT_TIMESTAMP, CURRENT_TIMESTAMP, 0);
INSERT INTO [konyadminconsole].[city](id, Region_id, Country_id, Name, createdby, modifiedby, createdts, lastmodifiedts, synctimestamp, softdeleteflag) VALUES ('CITY1365', 'R40', 'Con2', 'Pembroke Pines', 'Kony User', 'Kony Dev', CURRENT_TIMESTAMP, CURRENT_TIMESTAMP, CURRENT_TIMESTAMP, 0);
INSERT INTO [konyadminconsole].[city](id, Region_id, Country_id, Name, createdby, modifiedby, createdts, lastmodifiedts, synctimestamp, softdeleteflag) VALUES ('CITY1366', 'R72', 'Con2', 'Sioux Falls', 'Kony User', 'Kony Dev', CURRENT_TIMESTAMP, CURRENT_TIMESTAMP, CURRENT_TIMESTAMP, 0);
INSERT INTO [konyadminconsole].[city](id, Region_id, Country_id, Name, createdby, modifiedby, createdts, lastmodifiedts, synctimestamp, softdeleteflag) VALUES ('CITY1367', 'R33', 'Con2', 'Peoria', 'Kony User', 'Kony Dev', CURRENT_TIMESTAMP, CURRENT_TIMESTAMP, CURRENT_TIMESTAMP, 0);
INSERT INTO [konyadminconsole].[city](id, Region_id, Country_id, Name, createdby, modifiedby, createdts, lastmodifiedts, synctimestamp, softdeleteflag) VALUES ('CITY1368', 'R35', 'Con2', 'Lancaster', 'Kony User', 'Kony Dev', CURRENT_TIMESTAMP, CURRENT_TIMESTAMP, CURRENT_TIMESTAMP, 0);
INSERT INTO [konyadminconsole].[city](id, Region_id, Country_id, Name, createdby, modifiedby, createdts, lastmodifiedts, synctimestamp, softdeleteflag) VALUES ('CITY1369', 'R35', 'Con2', 'Elk Grove', 'Kony User', 'Kony Dev', CURRENT_TIMESTAMP, CURRENT_TIMESTAMP, CURRENT_TIMESTAMP, 0);
INSERT INTO [konyadminconsole].[city](id, Region_id, Country_id, Name, createdby, modifiedby, createdts, lastmodifiedts, synctimestamp, softdeleteflag) VALUES ('CITY137', 'R3', 'Con1', 'Anantapur', 'Kony User', 'Kony Dev', CURRENT_TIMESTAMP, CURRENT_TIMESTAMP, CURRENT_TIMESTAMP, 0);
INSERT INTO [konyadminconsole].[city](id, Region_id, Country_id, Name, createdby, modifiedby, createdts, lastmodifiedts, synctimestamp, softdeleteflag) VALUES ('CITY1370', 'R35', 'Con2', 'Corona', 'Kony User', 'Kony Dev', CURRENT_TIMESTAMP, CURRENT_TIMESTAMP, CURRENT_TIMESTAMP, 0);
INSERT INTO [konyadminconsole].[city](id, Region_id, Country_id, Name, createdby, modifiedby, createdts, lastmodifiedts, synctimestamp, softdeleteflag) VALUES ('CITY1371', 'R62', 'Con2', 'Eugene', 'Kony User', 'Kony Dev', CURRENT_TIMESTAMP, CURRENT_TIMESTAMP, CURRENT_TIMESTAMP, 0);
INSERT INTO [konyadminconsole].[city](id, Region_id, Country_id, Name, createdby, modifiedby, createdts, lastmodifiedts, synctimestamp, softdeleteflag) VALUES ('CITY1372', 'R62', 'Con2', 'Salem', 'Kony User', 'Kony Dev', CURRENT_TIMESTAMP, CURRENT_TIMESTAMP, CURRENT_TIMESTAMP, 0);
INSERT INTO [konyadminconsole].[city](id, Region_id, Country_id, Name, createdby, modifiedby, createdts, lastmodifiedts, synctimestamp, softdeleteflag) VALUES ('CITY1373', 'R35', 'Con2', 'Palmdale', 'Kony User', 'Kony Dev', CURRENT_TIMESTAMP, CURRENT_TIMESTAMP, CURRENT_TIMESTAMP, 0);
INSERT INTO [konyadminconsole].[city](id, Region_id, Country_id, Name, createdby, modifiedby, createdts, lastmodifiedts, synctimestamp, softdeleteflag) VALUES ('CITY1374', 'R35', 'Con2', 'Salinas', 'Kony User', 'Kony Dev', CURRENT_TIMESTAMP, CURRENT_TIMESTAMP, CURRENT_TIMESTAMP, 0);
INSERT INTO [konyadminconsole].[city](id, Region_id, Country_id, Name, createdby, modifiedby, createdts, lastmodifiedts, synctimestamp, softdeleteflag) VALUES ('CITY1375', 'R64', 'Con2', 'Springfield', 'Kony User', 'Kony Dev', CURRENT_TIMESTAMP, CURRENT_TIMESTAMP, CURRENT_TIMESTAMP, 0);
INSERT INTO [konyadminconsole].[city](id, Region_id, Country_id, Name, createdby, modifiedby, createdts, lastmodifiedts, synctimestamp, softdeleteflag) VALUES ('CITY1376', 'R74', 'Con2', 'Pasadena', 'Kony User', 'Kony Dev', CURRENT_TIMESTAMP, CURRENT_TIMESTAMP, CURRENT_TIMESTAMP, 0);
INSERT INTO [konyadminconsole].[city](id, Region_id, Country_id, Name, createdby, modifiedby, createdts, lastmodifiedts, synctimestamp, softdeleteflag) VALUES ('CITY1377', 'R44', 'Con2', 'Rockford', 'Kony User', 'Kony Dev', CURRENT_TIMESTAMP, CURRENT_TIMESTAMP, CURRENT_TIMESTAMP, 0);
INSERT INTO [konyadminconsole].[city](id, Region_id, Country_id, Name, createdby, modifiedby, createdts, lastmodifiedts, synctimestamp, softdeleteflag) VALUES ('CITY1378', 'R35', 'Con2', 'Pomona', 'Kony User', 'Kony Dev', CURRENT_TIMESTAMP, CURRENT_TIMESTAMP, CURRENT_TIMESTAMP, 0);
INSERT INTO [konyadminconsole].[city](id, Region_id, Country_id, Name, createdby, modifiedby, createdts, lastmodifiedts, synctimestamp, softdeleteflag) VALUES ('CITY1379', 'R35', 'Con2', 'Hayward', 'Kony User', 'Kony Dev', CURRENT_TIMESTAMP, CURRENT_TIMESTAMP, CURRENT_TIMESTAMP, 0);
INSERT INTO [konyadminconsole].[city](id, Region_id, Country_id, Name, createdby, modifiedby, createdts, lastmodifiedts, synctimestamp, softdeleteflag) VALUES ('CITY138', 'R6', 'Con1', 'Arrah', 'Kony User', 'Kony Dev', CURRENT_TIMESTAMP, CURRENT_TIMESTAMP, CURRENT_TIMESTAMP, 0);
INSERT INTO [konyadminconsole].[city](id, Region_id, Country_id, Name, createdby, modifiedby, createdts, lastmodifiedts, synctimestamp, softdeleteflag) VALUES ('CITY1380', 'R36', 'Con2', 'Fort Collins', 'Kony User', 'Kony Dev', CURRENT_TIMESTAMP, CURRENT_TIMESTAMP, CURRENT_TIMESTAMP, 0);
INSERT INTO [konyadminconsole].[city](id, Region_id, Country_id, Name, createdby, modifiedby, createdts, lastmodifiedts, synctimestamp, softdeleteflag) VALUES ('CITY1381', 'R44', 'Con2', 'Joliet', 'Kony User', 'Kony Dev', CURRENT_TIMESTAMP, CURRENT_TIMESTAMP, CURRENT_TIMESTAMP, 0);
INSERT INTO [konyadminconsole].[city](id, Region_id, Country_id, Name, createdby, modifiedby, createdts, lastmodifiedts, synctimestamp, softdeleteflag) VALUES ('CITY1382', 'R35', 'Con2', 'Escondido', 'Kony User', 'Kony Dev', CURRENT_TIMESTAMP, CURRENT_TIMESTAMP, CURRENT_TIMESTAMP, 0);
INSERT INTO [konyadminconsole].[city](id, Region_id, Country_id, Name, createdby, modifiedby, createdts, lastmodifiedts, synctimestamp, softdeleteflag) VALUES ('CITY1383', 'R47', 'Con2', 'Kansas City', 'Kony User', 'Kony Dev', CURRENT_TIMESTAMP, CURRENT_TIMESTAMP, CURRENT_TIMESTAMP, 0);
INSERT INTO [konyadminconsole].[city](id, Region_id, Country_id, Name, createdby, modifiedby, createdts, lastmodifiedts, synctimestamp, softdeleteflag) VALUES ('CITY1384', 'R35', 'Con2', 'Torrance', 'Kony User', 'Kony Dev', CURRENT_TIMESTAMP, CURRENT_TIMESTAMP, CURRENT_TIMESTAMP, 0);
INSERT INTO [konyadminconsole].[city](id, Region_id, Country_id, Name, createdby, modifiedby, createdts, lastmodifiedts, synctimestamp, softdeleteflag) VALUES ('CITY1385', 'R37', 'Con2', 'Bridgeport', 'Kony User', 'Kony Dev', CURRENT_TIMESTAMP, CURRENT_TIMESTAMP, CURRENT_TIMESTAMP, 0);
INSERT INTO [konyadminconsole].[city](id, Region_id, Country_id, Name, createdby, modifiedby, createdts, lastmodifiedts, synctimestamp, softdeleteflag) VALUES ('CITY1386', 'R77', 'Con2', 'Alexandria', 'Kony User', 'Kony Dev', CURRENT_TIMESTAMP, CURRENT_TIMESTAMP, CURRENT_TIMESTAMP, 0);
INSERT INTO [konyadminconsole].[city](id, Region_id, Country_id, Name, createdby, modifiedby, createdts, lastmodifiedts, synctimestamp, softdeleteflag) VALUES ('CITY1387', 'R35', 'Con2', 'Sunnyvale', 'Kony User', 'Kony Dev', CURRENT_TIMESTAMP, CURRENT_TIMESTAMP, CURRENT_TIMESTAMP, 0);
INSERT INTO [konyadminconsole].[city](id, Region_id, Country_id, Name, createdby, modifiedby, createdts, lastmodifiedts, synctimestamp, softdeleteflag) VALUES ('CITY1388', 'R58', 'Con2', 'Cary', 'Kony User', 'Kony Dev', CURRENT_TIMESTAMP, CURRENT_TIMESTAMP, CURRENT_TIMESTAMP, 0);
INSERT INTO [konyadminconsole].[city](id, Region_id, Country_id, Name, createdby, modifiedby, createdts, lastmodifiedts, synctimestamp, softdeleteflag) VALUES ('CITY1389', 'R36', 'Con2', 'Lakewood', 'Kony User', 'Kony Dev', CURRENT_TIMESTAMP, CURRENT_TIMESTAMP, CURRENT_TIMESTAMP, 0);
INSERT INTO [konyadminconsole].[city](id, Region_id, Country_id, Name, createdby, modifiedby, createdts, lastmodifiedts, synctimestamp, softdeleteflag) VALUES ('CITY139', 'R1', 'Con1', 'Karimnagar', 'Kony User', 'Kony Dev', CURRENT_TIMESTAMP, CURRENT_TIMESTAMP, CURRENT_TIMESTAMP, 0);
INSERT INTO [konyadminconsole].[city](id, Region_id, Country_id, Name, createdby, modifiedby, createdts, lastmodifiedts, synctimestamp, softdeleteflag) VALUES ('CITY1390', 'R40', 'Con2', 'Hollywood', 'Kony User', 'Kony Dev', CURRENT_TIMESTAMP, CURRENT_TIMESTAMP, CURRENT_TIMESTAMP, 0);
INSERT INTO [konyadminconsole].[city](id, Region_id, Country_id, Name, createdby, modifiedby, createdts, lastmodifiedts, synctimestamp, softdeleteflag) VALUES ('CITY1391', 'R55', 'Con2', 'Paterson', 'Kony User', 'Kony Dev', CURRENT_TIMESTAMP, CURRENT_TIMESTAMP, CURRENT_TIMESTAMP, 0);
INSERT INTO [konyadminconsole].[city](id, Region_id, Country_id, Name, createdby, modifiedby, createdts, lastmodifiedts, synctimestamp, softdeleteflag) VALUES ('CITY1392', 'R57', 'Con2', 'Syracuse', 'Kony User', 'Kony Dev', CURRENT_TIMESTAMP, CURRENT_TIMESTAMP, CURRENT_TIMESTAMP, 0);
INSERT INTO [konyadminconsole].[city](id, Region_id, Country_id, Name, createdby, modifiedby, createdts, lastmodifiedts, synctimestamp, softdeleteflag) VALUES ('CITY1393', 'R44', 'Con2', 'Naperville', 'Kony User', 'Kony Dev', CURRENT_TIMESTAMP, CURRENT_TIMESTAMP, CURRENT_TIMESTAMP, 0);
INSERT INTO [konyadminconsole].[city](id, Region_id, Country_id, Name, createdby, modifiedby, createdts, lastmodifiedts, synctimestamp, softdeleteflag) VALUES ('CITY1394', 'R74', 'Con2', 'McKinney', 'Kony User', 'Kony Dev', CURRENT_TIMESTAMP, CURRENT_TIMESTAMP, CURRENT_TIMESTAMP, 0);
INSERT INTO [konyadminconsole].[city](id, Region_id, Country_id, Name, createdby, modifiedby, createdts, lastmodifiedts, synctimestamp, softdeleteflag) VALUES ('CITY1395', 'R74', 'Con2', 'Mesquite', 'Kony User', 'Kony Dev', CURRENT_TIMESTAMP, CURRENT_TIMESTAMP, CURRENT_TIMESTAMP, 0);
INSERT INTO [konyadminconsole].[city](id, Region_id, Country_id, Name, createdby, modifiedby, createdts, lastmodifiedts, synctimestamp, softdeleteflag) VALUES ('CITY1396', 'R73', 'Con2', 'Clarksville', 'Kony User', 'Kony Dev', CURRENT_TIMESTAMP, CURRENT_TIMESTAMP, CURRENT_TIMESTAMP, 0);
INSERT INTO [konyadminconsole].[city](id, Region_id, Country_id, Name, createdby, modifiedby, createdts, lastmodifiedts, synctimestamp, softdeleteflag) VALUES ('CITY1397', 'R41', 'Con2', 'Savannah', 'Kony User', 'Kony Dev', CURRENT_TIMESTAMP, CURRENT_TIMESTAMP, CURRENT_TIMESTAMP, 0);
INSERT INTO [konyadminconsole].[city](id, Region_id, Country_id, Name, createdby, modifiedby, createdts, lastmodifiedts, synctimestamp, softdeleteflag) VALUES ('CITY1398', 'R60', 'Con2', 'Dayton', 'Kony User', 'Kony Dev', CURRENT_TIMESTAMP, CURRENT_TIMESTAMP, CURRENT_TIMESTAMP, 0);
INSERT INTO [konyadminconsole].[city](id, Region_id, Country_id, Name, createdby, modifiedby, createdts, lastmodifiedts, synctimestamp, softdeleteflag) VALUES ('CITY1399', 'R35', 'Con2', 'Orange', 'Kony User', 'Kony Dev', CURRENT_TIMESTAMP, CURRENT_TIMESTAMP, CURRENT_TIMESTAMP, 0);
INSERT INTO [konyadminconsole].[city](id, Region_id, Country_id, Name, createdby, modifiedby, createdts, lastmodifiedts, synctimestamp, softdeleteflag) VALUES ('CITY14', 'R2', 'Con1', 'Nagpur', 'Kony User', 'Kony Dev', CURRENT_TIMESTAMP, CURRENT_TIMESTAMP, CURRENT_TIMESTAMP, 0);
INSERT INTO [konyadminconsole].[city](id, Region_id, Country_id, Name, createdby, modifiedby, createdts, lastmodifiedts, synctimestamp, softdeleteflag) VALUES ('CITY140', 'R2', 'Con1', 'Parbhani', 'Kony User', 'Kony Dev', CURRENT_TIMESTAMP, CURRENT_TIMESTAMP, CURRENT_TIMESTAMP, 0);
INSERT INTO [konyadminconsole].[city](id, Region_id, Country_id, Name, createdby, modifiedby, createdts, lastmodifiedts, synctimestamp, softdeleteflag) VALUES ('CITY1400', 'R35', 'Con2', 'Fullerton', 'Kony User', 'Kony Dev', CURRENT_TIMESTAMP, CURRENT_TIMESTAMP, CURRENT_TIMESTAMP, 0);
INSERT INTO [konyadminconsole].[city](id, Region_id, Country_id, Name, createdby, modifiedby, createdts, lastmodifiedts, synctimestamp, softdeleteflag) VALUES ('CITY1401', 'R35', 'Con2', 'Pasadena', 'Kony User', 'Kony Dev', CURRENT_TIMESTAMP, CURRENT_TIMESTAMP, CURRENT_TIMESTAMP, 0);
INSERT INTO [konyadminconsole].[city](id, Region_id, Country_id, Name, createdby, modifiedby, createdts, lastmodifiedts, synctimestamp, softdeleteflag) VALUES ('CITY1402', 'R77', 'Con2', 'Hampton', 'Kony User', 'Kony Dev', CURRENT_TIMESTAMP, CURRENT_TIMESTAMP, CURRENT_TIMESTAMP, 0);
INSERT INTO [konyadminconsole].[city](id, Region_id, Country_id, Name, createdby, modifiedby, createdts, lastmodifiedts, synctimestamp, softdeleteflag) VALUES ('CITY1403', 'R74', 'Con2', 'McAllen', 'Kony User', 'Kony Dev', CURRENT_TIMESTAMP, CURRENT_TIMESTAMP, CURRENT_TIMESTAMP, 0);
INSERT INTO [konyadminconsole].[city](id, Region_id, Country_id, Name, createdby, modifiedby, createdts, lastmodifiedts, synctimestamp, softdeleteflag) VALUES ('CITY1404', 'R74', 'Con2', 'Killeen', 'Kony User', 'Kony Dev', CURRENT_TIMESTAMP, CURRENT_TIMESTAMP, CURRENT_TIMESTAMP, 0);
INSERT INTO [konyadminconsole].[city](id, Region_id, Country_id, Name, createdby, modifiedby, createdts, lastmodifiedts, synctimestamp, softdeleteflag) VALUES ('CITY1405', 'R65', 'Con2', 'Warren', 'Kony User', 'Kony Dev', CURRENT_TIMESTAMP, CURRENT_TIMESTAMP, CURRENT_TIMESTAMP, 0);
INSERT INTO [konyadminconsole].[city](id, Region_id, Country_id, Name, createdby, modifiedby, createdts, lastmodifiedts, synctimestamp, softdeleteflag) VALUES ('CITY1406', 'R75', 'Con2', 'West Valley City', 'Kony User', 'Kony Dev', CURRENT_TIMESTAMP, CURRENT_TIMESTAMP, CURRENT_TIMESTAMP, 0);
INSERT INTO [konyadminconsole].[city](id, Region_id, Country_id, Name, createdby, modifiedby, createdts, lastmodifiedts, synctimestamp, softdeleteflag) VALUES ('CITY1407', 'R71', 'Con2', 'Columbia', 'Kony User', 'Kony Dev', CURRENT_TIMESTAMP, CURRENT_TIMESTAMP, CURRENT_TIMESTAMP, 0);
INSERT INTO [konyadminconsole].[city](id, Region_id, Country_id, Name, createdby, modifiedby, createdts, lastmodifiedts, synctimestamp, softdeleteflag) VALUES ('CITY1408', 'R37', 'Con2', 'New Haven', 'Kony User', 'Kony Dev', CURRENT_TIMESTAMP, CURRENT_TIMESTAMP, CURRENT_TIMESTAMP, 0);
INSERT INTO [konyadminconsole].[city](id, Region_id, Country_id, Name, createdby, modifiedby, createdts, lastmodifiedts, synctimestamp, softdeleteflag) VALUES ('CITY1409', 'R65', 'Con2', 'Sterling Heights', 'Kony User', 'Kony Dev', CURRENT_TIMESTAMP, CURRENT_TIMESTAMP, CURRENT_TIMESTAMP, 0);
INSERT INTO [konyadminconsole].[city](id, Region_id, Country_id, Name, createdby, modifiedby, createdts, lastmodifiedts, synctimestamp, softdeleteflag) VALUES ('CITY141', 'R27', 'Con1', 'Etawah', 'Kony User', 'Kony Dev', CURRENT_TIMESTAMP, CURRENT_TIMESTAMP, CURRENT_TIMESTAMP, 0);
INSERT INTO [konyadminconsole].[city](id, Region_id, Country_id, Name, createdby, modifiedby, createdts, lastmodifiedts, synctimestamp, softdeleteflag) VALUES ('CITY1410', 'R47', 'Con2', 'Olathe', 'Kony User', 'Kony Dev', CURRENT_TIMESTAMP, CURRENT_TIMESTAMP, CURRENT_TIMESTAMP, 0);
INSERT INTO [konyadminconsole].[city](id, Region_id, Country_id, Name, createdby, modifiedby, createdts, lastmodifiedts, synctimestamp, softdeleteflag) VALUES ('CITY1411', 'R40', 'Con2', 'Miramar', 'Kony User', 'Kony Dev', CURRENT_TIMESTAMP, CURRENT_TIMESTAMP, CURRENT_TIMESTAMP, 0);
INSERT INTO [konyadminconsole].[city](id, Region_id, Country_id, Name, createdby, modifiedby, createdts, lastmodifiedts, synctimestamp, softdeleteflag) VALUES ('CITY1412', 'R35', 'Con2', 'Thousand Oaks', 'Kony User', 'Kony Dev', CURRENT_TIMESTAMP, CURRENT_TIMESTAMP, CURRENT_TIMESTAMP, 0);
INSERT INTO [konyadminconsole].[city](id, Region_id, Country_id, Name, createdby, modifiedby, createdts, lastmodifiedts, synctimestamp, softdeleteflag) VALUES ('CITY1413', 'R74', 'Con2', 'Frisco', 'Kony User', 'Kony Dev', CURRENT_TIMESTAMP, CURRENT_TIMESTAMP, CURRENT_TIMESTAMP, 0);
INSERT INTO [konyadminconsole].[city](id, Region_id, Country_id, Name, createdby, modifiedby, createdts, lastmodifiedts, synctimestamp, softdeleteflag) VALUES ('CITY1414', 'R46', 'Con2', 'Cedar Rapids', 'Kony User', 'Kony Dev', CURRENT_TIMESTAMP, CURRENT_TIMESTAMP, CURRENT_TIMESTAMP, 0);
INSERT INTO [konyadminconsole].[city](id, Region_id, Country_id, Name, createdby, modifiedby, createdts, lastmodifiedts, synctimestamp, softdeleteflag) VALUES ('CITY1415', 'R47', 'Con2', 'Topeka', 'Kony User', 'Kony Dev', CURRENT_TIMESTAMP, CURRENT_TIMESTAMP, CURRENT_TIMESTAMP, 0);
INSERT INTO [konyadminconsole].[city](id, Region_id, Country_id, Name, createdby, modifiedby, createdts, lastmodifiedts, synctimestamp, softdeleteflag) VALUES ('CITY1416', 'R35', 'Con2', 'Visalia', 'Kony User', 'Kony Dev', CURRENT_TIMESTAMP, CURRENT_TIMESTAMP, CURRENT_TIMESTAMP, 0);
INSERT INTO [konyadminconsole].[city](id, Region_id, Country_id, Name, createdby, modifiedby, createdts, lastmodifiedts, synctimestamp, softdeleteflag) VALUES ('CITY1417', 'R74', 'Con2', 'Waco', 'Kony User', 'Kony Dev', CURRENT_TIMESTAMP, CURRENT_TIMESTAMP, CURRENT_TIMESTAMP, 0);
INSERT INTO [konyadminconsole].[city](id, Region_id, Country_id, Name, createdby, modifiedby, createdts, lastmodifiedts, synctimestamp, softdeleteflag) VALUES ('CITY1418', 'R55', 'Con2', 'Elizabeth', 'Kony User', 'Kony Dev', CURRENT_TIMESTAMP, CURRENT_TIMESTAMP, CURRENT_TIMESTAMP, 0);
INSERT INTO [konyadminconsole].[city](id, Region_id, Country_id, Name, createdby, modifiedby, createdts, lastmodifiedts, synctimestamp, softdeleteflag) VALUES ('CITY1419', 'R78', 'Con2', 'Bellevue', 'Kony User', 'Kony Dev', CURRENT_TIMESTAMP, CURRENT_TIMESTAMP, CURRENT_TIMESTAMP, 0);
INSERT INTO [konyadminconsole].[city](id, Region_id, Country_id, Name, createdby, modifiedby, createdts, lastmodifiedts, synctimestamp, softdeleteflag) VALUES ('CITY142', 'R23', 'Con1', 'Bharatpur', 'Kony User', 'Kony Dev', CURRENT_TIMESTAMP, CURRENT_TIMESTAMP, CURRENT_TIMESTAMP, 0);
INSERT INTO [konyadminconsole].[city](id, Region_id, Country_id, Name, createdby, modifiedby, createdts, lastmodifiedts, synctimestamp, softdeleteflag) VALUES ('CITY1420', 'R40', 'Con2', 'Gainesville', 'Kony User', 'Kony Dev', CURRENT_TIMESTAMP, CURRENT_TIMESTAMP, CURRENT_TIMESTAMP, 0);
INSERT INTO [konyadminconsole].[city](id, Region_id, Country_id, Name, createdby, modifiedby, createdts, lastmodifiedts, synctimestamp, softdeleteflag) VALUES ('CITY1421', 'R35', 'Con2', 'Simi Valley', 'Kony User', 'Kony Dev', CURRENT_TIMESTAMP, CURRENT_TIMESTAMP, CURRENT_TIMESTAMP, 0);
INSERT INTO [konyadminconsole].[city](id, Region_id, Country_id, Name, createdby, modifiedby, createdts, lastmodifiedts, synctimestamp, softdeleteflag) VALUES ('CITY1422', 'R71', 'Con2', 'Charleston', 'Kony User', 'Kony Dev', CURRENT_TIMESTAMP, CURRENT_TIMESTAMP, CURRENT_TIMESTAMP, 0);
INSERT INTO [konyadminconsole].[city](id, Region_id, Country_id, Name, createdby, modifiedby, createdts, lastmodifiedts, synctimestamp, softdeleteflag) VALUES ('CITY1423', 'R74', 'Con2', 'Carrollton', 'Kony User', 'Kony Dev', CURRENT_TIMESTAMP, CURRENT_TIMESTAMP, CURRENT_TIMESTAMP, 0);
INSERT INTO [konyadminconsole].[city](id, Region_id, Country_id, Name, createdby, modifiedby, createdts, lastmodifiedts, synctimestamp, softdeleteflag) VALUES ('CITY1424', 'R40', 'Con2', 'Coral Springs', 'Kony User', 'Kony Dev', CURRENT_TIMESTAMP, CURRENT_TIMESTAMP, CURRENT_TIMESTAMP, 0);
INSERT INTO [konyadminconsole].[city](id, Region_id, Country_id, Name, createdby, modifiedby, createdts, lastmodifiedts, synctimestamp, softdeleteflag) VALUES ('CITY1425', 'R37', 'Con2', 'Stamford', 'Kony User', 'Kony Dev', CURRENT_TIMESTAMP, CURRENT_TIMESTAMP, CURRENT_TIMESTAMP, 0);
INSERT INTO [konyadminconsole].[city](id, Region_id, Country_id, Name, createdby, modifiedby, createdts, lastmodifiedts, synctimestamp, softdeleteflag) VALUES ('CITY1426', 'R37', 'Con2', 'Hartford', 'Kony User', 'Kony Dev', CURRENT_TIMESTAMP, CURRENT_TIMESTAMP, CURRENT_TIMESTAMP, 0);
INSERT INTO [konyadminconsole].[city](id, Region_id, Country_id, Name, createdby, modifiedby, createdts, lastmodifiedts, synctimestamp, softdeleteflag) VALUES ('CITY1427', 'R35', 'Con2', 'Concord', 'Kony User', 'Kony Dev', CURRENT_TIMESTAMP, CURRENT_TIMESTAMP, CURRENT_TIMESTAMP, 0);
INSERT INTO [konyadminconsole].[city](id, Region_id, Country_id, Name, createdby, modifiedby, createdts, lastmodifiedts, synctimestamp, softdeleteflag) VALUES ('CITY1428', 'R35', 'Con2', 'Roseville', 'Kony User', 'Kony Dev', CURRENT_TIMESTAMP, CURRENT_TIMESTAMP, CURRENT_TIMESTAMP, 0);
INSERT INTO [konyadminconsole].[city](id, Region_id, Country_id, Name, createdby, modifiedby, createdts, lastmodifiedts, synctimestamp, softdeleteflag) VALUES ('CITY1429', 'R36', 'Con2', 'Thornton', 'Kony User', 'Kony Dev', CURRENT_TIMESTAMP, CURRENT_TIMESTAMP, CURRENT_TIMESTAMP, 0);
INSERT INTO [konyadminconsole].[city](id, Region_id, Country_id, Name, createdby, modifiedby, createdts, lastmodifiedts, synctimestamp, softdeleteflag) VALUES ('CITY143', 'R6', 'Con1', 'Begusarai', 'Kony User', 'Kony Dev', CURRENT_TIMESTAMP, CURRENT_TIMESTAMP, CURRENT_TIMESTAMP, 0);
INSERT INTO [konyadminconsole].[city](id, Region_id, Country_id, Name, createdby, modifiedby, createdts, lastmodifiedts, synctimestamp, softdeleteflag) VALUES ('CITY1430', 'R78', 'Con2', 'Kent', 'Kony User', 'Kony Dev', CURRENT_TIMESTAMP, CURRENT_TIMESTAMP, CURRENT_TIMESTAMP, 0);
INSERT INTO [konyadminconsole].[city](id, Region_id, Country_id, Name, createdby, modifiedby, createdts, lastmodifiedts, synctimestamp, softdeleteflag) VALUES ('CITY1431', 'R49', 'Con2', 'Lafayette', 'Kony User', 'Kony Dev', CURRENT_TIMESTAMP, CURRENT_TIMESTAMP, CURRENT_TIMESTAMP, 0);
INSERT INTO [konyadminconsole].[city](id, Region_id, Country_id, Name, createdby, modifiedby, createdts, lastmodifiedts, synctimestamp, softdeleteflag) VALUES ('CITY1432', 'R33', 'Con2', 'Surprise', 'Kony User', 'Kony Dev', CURRENT_TIMESTAMP, CURRENT_TIMESTAMP, CURRENT_TIMESTAMP, 0);
INSERT INTO [konyadminconsole].[city](id, Region_id, Country_id, Name, createdby, modifiedby, createdts, lastmodifiedts, synctimestamp, softdeleteflag) VALUES ('CITY1433', 'R74', 'Con2', 'Denton', 'Kony User', 'Kony Dev', CURRENT_TIMESTAMP, CURRENT_TIMESTAMP, CURRENT_TIMESTAMP, 0);
INSERT INTO [konyadminconsole].[city](id, Region_id, Country_id, Name, createdby, modifiedby, createdts, lastmodifiedts, synctimestamp, softdeleteflag) VALUES ('CITY1434', 'R35', 'Con2', 'Victorville', 'Kony User', 'Kony Dev', CURRENT_TIMESTAMP, CURRENT_TIMESTAMP, CURRENT_TIMESTAMP, 0);
INSERT INTO [konyadminconsole].[city](id, Region_id, Country_id, Name, createdby, modifiedby, createdts, lastmodifiedts, synctimestamp, softdeleteflag) VALUES ('CITY1435', 'R45', 'Con2', 'Evansville', 'Kony User', 'Kony Dev', CURRENT_TIMESTAMP, CURRENT_TIMESTAMP, CURRENT_TIMESTAMP, 0);
INSERT INTO [konyadminconsole].[city](id, Region_id, Country_id, Name, createdby, modifiedby, createdts, lastmodifiedts, synctimestamp, softdeleteflag) VALUES ('CITY1436', 'R74', 'Con2', 'Midland', 'Kony User', 'Kony Dev', CURRENT_TIMESTAMP, CURRENT_TIMESTAMP, CURRENT_TIMESTAMP, 0);
INSERT INTO [konyadminconsole].[city](id, Region_id, Country_id, Name, createdby, modifiedby, createdts, lastmodifiedts, synctimestamp, softdeleteflag) VALUES ('CITY1437', 'R35', 'Con2', 'Santa Clara', 'Kony User', 'Kony Dev', CURRENT_TIMESTAMP, CURRENT_TIMESTAMP, CURRENT_TIMESTAMP, 0);
INSERT INTO [konyadminconsole].[city](id, Region_id, Country_id, Name, createdby, modifiedby, createdts, lastmodifiedts, synctimestamp, softdeleteflag) VALUES ('CITY1438', 'R41', 'Con2', 'Athens', 'Kony User', 'Kony Dev', CURRENT_TIMESTAMP, CURRENT_TIMESTAMP, CURRENT_TIMESTAMP, 0);
INSERT INTO [konyadminconsole].[city](id, Region_id, Country_id, Name, createdby, modifiedby, createdts, lastmodifiedts, synctimestamp, softdeleteflag) VALUES ('CITY1439', 'R69', 'Con2', 'Allentown', 'Kony User', 'Kony Dev', CURRENT_TIMESTAMP, CURRENT_TIMESTAMP, CURRENT_TIMESTAMP, 0);
INSERT INTO [konyadminconsole].[city](id, Region_id, Country_id, Name, createdby, modifiedby, createdts, lastmodifiedts, synctimestamp, softdeleteflag) VALUES ('CITY1440', 'R74', 'Con2', 'Abilene', 'Kony User', 'Kony Dev', CURRENT_TIMESTAMP, CURRENT_TIMESTAMP, CURRENT_TIMESTAMP, 0);
INSERT INTO [konyadminconsole].[city](id, Region_id, Country_id, Name, createdby, modifiedby, createdts, lastmodifiedts, synctimestamp, softdeleteflag) VALUES ('CITY1441', 'R74', 'Con2', 'Beaumont', 'Kony User', 'Kony Dev', CURRENT_TIMESTAMP, CURRENT_TIMESTAMP, CURRENT_TIMESTAMP, 0);
INSERT INTO [konyadminconsole].[city](id, Region_id, Country_id, Name, createdby, modifiedby, createdts, lastmodifiedts, synctimestamp, softdeleteflag) VALUES ('CITY1442', 'R35', 'Con2', 'Vallejo', 'Kony User', 'Kony Dev', CURRENT_TIMESTAMP, CURRENT_TIMESTAMP, CURRENT_TIMESTAMP, 0);
INSERT INTO [konyadminconsole].[city](id, Region_id, Country_id, Name, createdby, modifiedby, createdts, lastmodifiedts, synctimestamp, softdeleteflag) VALUES ('CITY1443', 'R68', 'Con2', 'Independence', 'Kony User', 'Kony Dev', CURRENT_TIMESTAMP, CURRENT_TIMESTAMP, CURRENT_TIMESTAMP, 0);
INSERT INTO [konyadminconsole].[city](id, Region_id, Country_id, Name, createdby, modifiedby, createdts, lastmodifiedts, synctimestamp, softdeleteflag) VALUES ('CITY1444', 'R44', 'Con2', 'Springfield', 'Kony User', 'Kony Dev', CURRENT_TIMESTAMP, CURRENT_TIMESTAMP, CURRENT_TIMESTAMP, 0);
INSERT INTO [konyadminconsole].[city](id, Region_id, Country_id, Name, createdby, modifiedby, createdts, lastmodifiedts, synctimestamp, softdeleteflag) VALUES ('CITY1445', 'R65', 'Con2', 'Ann Arbor', 'Kony User', 'Kony Dev', CURRENT_TIMESTAMP, CURRENT_TIMESTAMP, CURRENT_TIMESTAMP, 0);
INSERT INTO [konyadminconsole].[city](id, Region_id, Country_id, Name, createdby, modifiedby, createdts, lastmodifiedts, synctimestamp, softdeleteflag) VALUES ('CITY1446', 'R75', 'Con2', 'Provo', 'Kony User', 'Kony Dev', CURRENT_TIMESTAMP, CURRENT_TIMESTAMP, CURRENT_TIMESTAMP, 0);
INSERT INTO [konyadminconsole].[city](id, Region_id, Country_id, Name, createdby, modifiedby, createdts, lastmodifiedts, synctimestamp, softdeleteflag) VALUES ('CITY1447', 'R44', 'Con2', 'Peoria', 'Kony User', 'Kony Dev', CURRENT_TIMESTAMP, CURRENT_TIMESTAMP, CURRENT_TIMESTAMP, 0);
INSERT INTO [konyadminconsole].[city](id, Region_id, Country_id, Name, createdby, modifiedby, createdts, lastmodifiedts, synctimestamp, softdeleteflag) VALUES ('CITY1448', 'R61', 'Con2', 'Norman', 'Kony User', 'Kony Dev', CURRENT_TIMESTAMP, CURRENT_TIMESTAMP, CURRENT_TIMESTAMP, 0);
INSERT INTO [konyadminconsole].[city](id, Region_id, Country_id, Name, createdby, modifiedby, createdts, lastmodifiedts, synctimestamp, softdeleteflag) VALUES ('CITY1449', 'R35', 'Con2', 'Berkeley', 'Kony User', 'Kony Dev', CURRENT_TIMESTAMP, CURRENT_TIMESTAMP, CURRENT_TIMESTAMP, 0);
INSERT INTO [konyadminconsole].[city](id, Region_id, Country_id, Name, createdby, modifiedby, createdts, lastmodifiedts, synctimestamp, softdeleteflag) VALUES ('CITY145', 'R6', 'Con1', 'Chhapra', 'Kony User', 'Kony Dev', CURRENT_TIMESTAMP, CURRENT_TIMESTAMP, CURRENT_TIMESTAMP, 0);
INSERT INTO [konyadminconsole].[city](id, Region_id, Country_id, Name, createdby, modifiedby, createdts, lastmodifiedts, synctimestamp, softdeleteflag) VALUES ('CITY1450', 'R35', 'Con2', 'El Monte', 'Kony User', 'Kony Dev', CURRENT_TIMESTAMP, CURRENT_TIMESTAMP, CURRENT_TIMESTAMP, 0);
INSERT INTO [konyadminconsole].[city](id, Region_id, Country_id, Name, createdby, modifiedby, createdts, lastmodifiedts, synctimestamp, softdeleteflag) VALUES ('CITY1451', 'R73', 'Con2', 'Murfreesboro', 'Kony User', 'Kony Dev', CURRENT_TIMESTAMP, CURRENT_TIMESTAMP, CURRENT_TIMESTAMP, 0);
INSERT INTO [konyadminconsole].[city](id, Region_id, Country_id, Name, createdby, modifiedby, createdts, lastmodifiedts, synctimestamp, softdeleteflag) VALUES ('CITY1452', 'R65', 'Con2', 'Lansing', 'Kony User', 'Kony Dev', CURRENT_TIMESTAMP, CURRENT_TIMESTAMP, CURRENT_TIMESTAMP, 0);
INSERT INTO [konyadminconsole].[city](id, Region_id, Country_id, Name, createdby, modifiedby, createdts, lastmodifiedts, synctimestamp, softdeleteflag) VALUES ('CITY1453', 'R68', 'Con2', 'Columbia', 'Kony User', 'Kony Dev', CURRENT_TIMESTAMP, CURRENT_TIMESTAMP, CURRENT_TIMESTAMP, 0);
INSERT INTO [konyadminconsole].[city](id, Region_id, Country_id, Name, createdby, modifiedby, createdts, lastmodifiedts, synctimestamp, softdeleteflag) VALUES ('CITY1454', 'R35', 'Con2', 'Downey', 'Kony User', 'Kony Dev', CURRENT_TIMESTAMP, CURRENT_TIMESTAMP, CURRENT_TIMESTAMP, 0);
INSERT INTO [konyadminconsole].[city](id, Region_id, Country_id, Name, createdby, modifiedby, createdts, lastmodifiedts, synctimestamp, softdeleteflag) VALUES ('CITY1455', 'R35', 'Con2', 'Costa Mesa', 'Kony User', 'Kony Dev', CURRENT_TIMESTAMP, CURRENT_TIMESTAMP, CURRENT_TIMESTAMP, 0);
INSERT INTO [konyadminconsole].[city](id, Region_id, Country_id, Name, createdby, modifiedby, createdts, lastmodifiedts, synctimestamp, softdeleteflag) VALUES ('CITY1456', 'R35', 'Con2', 'Inglewood', 'Kony User', 'Kony Dev', CURRENT_TIMESTAMP, CURRENT_TIMESTAMP, CURRENT_TIMESTAMP, 0);
INSERT INTO [konyadminconsole].[city](id, Region_id, Country_id, Name, createdby, modifiedby, createdts, lastmodifiedts, synctimestamp, softdeleteflag) VALUES ('CITY1457', 'R40', 'Con2', 'Miami Gardens', 'Kony User', 'Kony Dev', CURRENT_TIMESTAMP, CURRENT_TIMESTAMP, CURRENT_TIMESTAMP, 0);
INSERT INTO [konyadminconsole].[city](id, Region_id, Country_id, Name, createdby, modifiedby, createdts, lastmodifiedts, synctimestamp, softdeleteflag) VALUES ('CITY1458', 'R54', 'Con2', 'Manchester', 'Kony User', 'Kony Dev', CURRENT_TIMESTAMP, CURRENT_TIMESTAMP, CURRENT_TIMESTAMP, 0);
INSERT INTO [konyadminconsole].[city](id, Region_id, Country_id, Name, createdby, modifiedby, createdts, lastmodifiedts, synctimestamp, softdeleteflag) VALUES ('CITY1459', 'R44', 'Con2', 'Elgin', 'Kony User', 'Kony Dev', CURRENT_TIMESTAMP, CURRENT_TIMESTAMP, CURRENT_TIMESTAMP, 0);
INSERT INTO [konyadminconsole].[city](id, Region_id, Country_id, Name, createdby, modifiedby, createdts, lastmodifiedts, synctimestamp, softdeleteflag) VALUES ('CITY146', 'R3', 'Con1', 'Kadapa', 'Kony User', 'Kony Dev', CURRENT_TIMESTAMP, CURRENT_TIMESTAMP, CURRENT_TIMESTAMP, 0);
INSERT INTO [konyadminconsole].[city](id, Region_id, Country_id, Name, createdby, modifiedby, createdts, lastmodifiedts, synctimestamp, softdeleteflag) VALUES ('CITY1460', 'R58', 'Con2', 'Wilmington', 'Kony User', 'Kony Dev', CURRENT_TIMESTAMP, CURRENT_TIMESTAMP, CURRENT_TIMESTAMP, 0);
INSERT INTO [konyadminconsole].[city](id, Region_id, Country_id, Name, createdby, modifiedby, createdts, lastmodifiedts, synctimestamp, softdeleteflag) VALUES ('CITY1461', 'R37', 'Con2', 'Waterbury', 'Kony User', 'Kony Dev', CURRENT_TIMESTAMP, CURRENT_TIMESTAMP, CURRENT_TIMESTAMP, 0);
INSERT INTO [konyadminconsole].[city](id, Region_id, Country_id, Name, createdby, modifiedby, createdts, lastmodifiedts, synctimestamp, softdeleteflag) VALUES ('CITY1462', 'R59', 'Con2', 'Fargo', 'Kony User', 'Kony Dev', CURRENT_TIMESTAMP, CURRENT_TIMESTAMP, CURRENT_TIMESTAMP, 0);
INSERT INTO [konyadminconsole].[city](id, Region_id, Country_id, Name, createdby, modifiedby, createdts, lastmodifiedts, synctimestamp, softdeleteflag) VALUES ('CITY1463', 'R36', 'Con2', 'Arvada', 'Kony User', 'Kony Dev', CURRENT_TIMESTAMP, CURRENT_TIMESTAMP, CURRENT_TIMESTAMP, 0);
INSERT INTO [konyadminconsole].[city](id, Region_id, Country_id, Name, createdby, modifiedby, createdts, lastmodifiedts, synctimestamp, softdeleteflag) VALUES ('CITY1464', 'R35', 'Con2', 'Carlsbad', 'Kony User', 'Kony Dev', CURRENT_TIMESTAMP, CURRENT_TIMESTAMP, CURRENT_TIMESTAMP, 0);
INSERT INTO [konyadminconsole].[city](id, Region_id, Country_id, Name, createdby, modifiedby, createdts, lastmodifiedts, synctimestamp, softdeleteflag) VALUES ('CITY1465', 'R36', 'Con2', 'Westminster', 'Kony User', 'Kony Dev', CURRENT_TIMESTAMP, CURRENT_TIMESTAMP, CURRENT_TIMESTAMP, 0);
INSERT INTO [konyadminconsole].[city](id, Region_id, Country_id, Name, createdby, modifiedby, createdts, lastmodifiedts, synctimestamp, softdeleteflag) VALUES ('CITY1466', 'R66', 'Con2', 'Rochester', 'Kony User', 'Kony Dev', CURRENT_TIMESTAMP, CURRENT_TIMESTAMP, CURRENT_TIMESTAMP, 0);
INSERT INTO [konyadminconsole].[city](id, Region_id, Country_id, Name, createdby, modifiedby, createdts, lastmodifiedts, synctimestamp, softdeleteflag) VALUES ('CITY1467', 'R62', 'Con2', 'Gresham', 'Kony User', 'Kony Dev', CURRENT_TIMESTAMP, CURRENT_TIMESTAMP, CURRENT_TIMESTAMP, 0);
INSERT INTO [konyadminconsole].[city](id, Region_id, Country_id, Name, createdby, modifiedby, createdts, lastmodifiedts, synctimestamp, softdeleteflag) VALUES ('CITY1468', 'R40', 'Con2', 'Clearwater', 'Kony User', 'Kony Dev', CURRENT_TIMESTAMP, CURRENT_TIMESTAMP, CURRENT_TIMESTAMP, 0);
INSERT INTO [konyadminconsole].[city](id, Region_id, Country_id, Name, createdby, modifiedby, createdts, lastmodifiedts, synctimestamp, softdeleteflag) VALUES ('CITY1469', 'R64', 'Con2', 'Lowell', 'Kony User', 'Kony Dev', CURRENT_TIMESTAMP, CURRENT_TIMESTAMP, CURRENT_TIMESTAMP, 0);
INSERT INTO [konyadminconsole].[city](id, Region_id, Country_id, Name, createdby, modifiedby, createdts, lastmodifiedts, synctimestamp, softdeleteflag) VALUES ('CITY147', 'R1', 'Con1', 'Ramagundam', 'Kony User', 'Kony Dev', CURRENT_TIMESTAMP, CURRENT_TIMESTAMP, CURRENT_TIMESTAMP, 0);
INSERT INTO [konyadminconsole].[city](id, Region_id, Country_id, Name, createdby, modifiedby, createdts, lastmodifiedts, synctimestamp, softdeleteflag) VALUES ('CITY1470', 'R75', 'Con2', 'West Jordan', 'Kony User', 'Kony Dev', CURRENT_TIMESTAMP, CURRENT_TIMESTAMP, CURRENT_TIMESTAMP, 0);
INSERT INTO [konyadminconsole].[city](id, Region_id, Country_id, Name, createdby, modifiedby, createdts, lastmodifiedts, synctimestamp, softdeleteflag) VALUES ('CITY1471', 'R36', 'Con2', 'Pueblo', 'Kony User', 'Kony Dev', CURRENT_TIMESTAMP, CURRENT_TIMESTAMP, CURRENT_TIMESTAMP, 0);
INSERT INTO [konyadminconsole].[city](id, Region_id, Country_id, Name, createdby, modifiedby, createdts, lastmodifiedts, synctimestamp, softdeleteflag) VALUES ('CITY1472', 'R35', 'Con2', 'San Buenaventura (Ventura)', 'Kony User', 'Kony Dev', CURRENT_TIMESTAMP, CURRENT_TIMESTAMP, CURRENT_TIMESTAMP, 0);
INSERT INTO [konyadminconsole].[city](id, Region_id, Country_id, Name, createdby, modifiedby, createdts, lastmodifiedts, synctimestamp, softdeleteflag) VALUES ('CITY1473', 'R35', 'Con2', 'Fairfield', 'Kony User', 'Kony Dev', CURRENT_TIMESTAMP, CURRENT_TIMESTAMP, CURRENT_TIMESTAMP, 0);
INSERT INTO [konyadminconsole].[city](id, Region_id, Country_id, Name, createdby, modifiedby, createdts, lastmodifiedts, synctimestamp, softdeleteflag) VALUES ('CITY1474', 'R35', 'Con2', 'West Covina', 'Kony User', 'Kony Dev', CURRENT_TIMESTAMP, CURRENT_TIMESTAMP, CURRENT_TIMESTAMP, 0);
INSERT INTO [konyadminconsole].[city](id, Region_id, Country_id, Name, createdby, modifiedby, createdts, lastmodifiedts, synctimestamp, softdeleteflag) VALUES ('CITY1475', 'R51', 'Con2', 'Billings', 'Kony User', 'Kony Dev', CURRENT_TIMESTAMP, CURRENT_TIMESTAMP, CURRENT_TIMESTAMP, 0);
INSERT INTO [konyadminconsole].[city](id, Region_id, Country_id, Name, createdby, modifiedby, createdts, lastmodifiedts, synctimestamp, softdeleteflag) VALUES ('CITY1476', 'R35', 'Con2', 'Murrieta', 'Kony User', 'Kony Dev', CURRENT_TIMESTAMP, CURRENT_TIMESTAMP, CURRENT_TIMESTAMP, 0);
INSERT INTO [konyadminconsole].[city](id, Region_id, Country_id, Name, createdby, modifiedby, createdts, lastmodifiedts, synctimestamp, softdeleteflag) VALUES ('CITY1477', 'R58', 'Con2', 'High Point', 'Kony User', 'Kony Dev', CURRENT_TIMESTAMP, CURRENT_TIMESTAMP, CURRENT_TIMESTAMP, 0);
INSERT INTO [konyadminconsole].[city](id, Region_id, Country_id, Name, createdby, modifiedby, createdts, lastmodifiedts, synctimestamp, softdeleteflag) VALUES ('CITY1478', 'R74', 'Con2', 'Round Rock', 'Kony User', 'Kony Dev', CURRENT_TIMESTAMP, CURRENT_TIMESTAMP, CURRENT_TIMESTAMP, 0);
INSERT INTO [konyadminconsole].[city](id, Region_id, Country_id, Name, createdby, modifiedby, createdts, lastmodifiedts, synctimestamp, softdeleteflag) VALUES ('CITY1479', 'R35', 'Con2', 'Richmond', 'Kony User', 'Kony Dev', CURRENT_TIMESTAMP, CURRENT_TIMESTAMP, CURRENT_TIMESTAMP, 0);
INSERT INTO [konyadminconsole].[city](id, Region_id, Country_id, Name, createdby, modifiedby, createdts, lastmodifiedts, synctimestamp, softdeleteflag) VALUES ('CITY148', 'R23', 'Con1', 'Pali', 'Kony User', 'Kony Dev', CURRENT_TIMESTAMP, CURRENT_TIMESTAMP, CURRENT_TIMESTAMP, 0);
INSERT INTO [konyadminconsole].[city](id, Region_id, Country_id, Name, createdby, modifiedby, createdts, lastmodifiedts, synctimestamp, softdeleteflag) VALUES ('CITY1480', 'R64', 'Con2', 'Cambridge', 'Kony User', 'Kony Dev', CURRENT_TIMESTAMP, CURRENT_TIMESTAMP, CURRENT_TIMESTAMP, 0);
INSERT INTO [konyadminconsole].[city](id, Region_id, Country_id, Name, createdby, modifiedby, createdts, lastmodifiedts, synctimestamp, softdeleteflag) VALUES ('CITY1481', 'R35', 'Con2', 'Norwalk', 'Kony User', 'Kony Dev', CURRENT_TIMESTAMP, CURRENT_TIMESTAMP, CURRENT_TIMESTAMP, 0);
INSERT INTO [konyadminconsole].[city](id, Region_id, Country_id, Name, createdby, modifiedby, createdts, lastmodifiedts, synctimestamp, softdeleteflag) VALUES ('CITY1482', 'R74', 'Con2', 'Odessa', 'Kony User', 'Kony Dev', CURRENT_TIMESTAMP, CURRENT_TIMESTAMP, CURRENT_TIMESTAMP, 0);
INSERT INTO [konyadminconsole].[city](id, Region_id, Country_id, Name, createdby, modifiedby, createdts, lastmodifiedts, synctimestamp, softdeleteflag) VALUES ('CITY1483', 'R35', 'Con2', 'Antioch', 'Kony User', 'Kony Dev', CURRENT_TIMESTAMP, CURRENT_TIMESTAMP, CURRENT_TIMESTAMP, 0);
INSERT INTO [konyadminconsole].[city](id, Region_id, Country_id, Name, createdby, modifiedby, createdts, lastmodifiedts, synctimestamp, softdeleteflag) VALUES ('CITY1484', 'R35', 'Con2', 'Temecula', 'Kony User', 'Kony Dev', CURRENT_TIMESTAMP, CURRENT_TIMESTAMP, CURRENT_TIMESTAMP, 0);
INSERT INTO [konyadminconsole].[city](id, Region_id, Country_id, Name, createdby, modifiedby, createdts, lastmodifiedts, synctimestamp, softdeleteflag) VALUES ('CITY1485', 'R80', 'Con2', 'Green Bay', 'Kony User', 'Kony Dev', CURRENT_TIMESTAMP, CURRENT_TIMESTAMP, CURRENT_TIMESTAMP, 0);
INSERT INTO [konyadminconsole].[city](id, Region_id, Country_id, Name, createdby, modifiedby, createdts, lastmodifiedts, synctimestamp, softdeleteflag) VALUES ('CITY1486', 'R78', 'Con2', 'Everett', 'Kony User', 'Kony Dev', CURRENT_TIMESTAMP, CURRENT_TIMESTAMP, CURRENT_TIMESTAMP, 0);
INSERT INTO [konyadminconsole].[city](id, Region_id, Country_id, Name, createdby, modifiedby, createdts, lastmodifiedts, synctimestamp, softdeleteflag) VALUES ('CITY1487', 'R74', 'Con2', 'Wichita Falls', 'Kony User', 'Kony Dev', CURRENT_TIMESTAMP, CURRENT_TIMESTAMP, CURRENT_TIMESTAMP, 0);
INSERT INTO [konyadminconsole].[city](id, Region_id, Country_id, Name, createdby, modifiedby, createdts, lastmodifiedts, synctimestamp, softdeleteflag) VALUES ('CITY1488', 'R35', 'Con2', 'Burbank', 'Kony User', 'Kony Dev', CURRENT_TIMESTAMP, CURRENT_TIMESTAMP, CURRENT_TIMESTAMP, 0);
INSERT INTO [konyadminconsole].[city](id, Region_id, Country_id, Name, createdby, modifiedby, createdts, lastmodifiedts, synctimestamp, softdeleteflag) VALUES ('CITY1489', 'R40', 'Con2', 'Palm Bay', 'Kony User', 'Kony Dev', CURRENT_TIMESTAMP, CURRENT_TIMESTAMP, CURRENT_TIMESTAMP, 0);
INSERT INTO [konyadminconsole].[city](id, Region_id, Country_id, Name, createdby, modifiedby, createdts, lastmodifiedts, synctimestamp, softdeleteflag) VALUES ('CITY149', 'R16', 'Con1', 'Satna', 'Kony User', 'Kony Dev', CURRENT_TIMESTAMP, CURRENT_TIMESTAMP, CURRENT_TIMESTAMP, 0);
INSERT INTO [konyadminconsole].[city](id, Region_id, Country_id, Name, createdby, modifiedby, createdts, lastmodifiedts, synctimestamp, softdeleteflag) VALUES ('CITY1490', 'R36', 'Con2', 'Centennial', 'Kony User', 'Kony Dev', CURRENT_TIMESTAMP, CURRENT_TIMESTAMP, CURRENT_TIMESTAMP, 0);
INSERT INTO [konyadminconsole].[city](id, Region_id, Country_id, Name, createdby, modifiedby, createdts, lastmodifiedts, synctimestamp, softdeleteflag) VALUES ('CITY1491', 'R35', 'Con2', 'Daly City', 'Kony User', 'Kony Dev', CURRENT_TIMESTAMP, CURRENT_TIMESTAMP, CURRENT_TIMESTAMP, 0);
INSERT INTO [konyadminconsole].[city](id, Region_id, Country_id, Name, createdby, modifiedby, createdts, lastmodifiedts, synctimestamp, softdeleteflag) VALUES ('CITY1492', 'R74', 'Con2', 'Richardson', 'Kony User', 'Kony Dev', CURRENT_TIMESTAMP, CURRENT_TIMESTAMP, CURRENT_TIMESTAMP, 0);
INSERT INTO [konyadminconsole].[city](id, Region_id, Country_id, Name, createdby, modifiedby, createdts, lastmodifiedts, synctimestamp, softdeleteflag) VALUES ('CITY1493', 'R40', 'Con2', 'Pompano Beach', 'Kony User', 'Kony Dev', CURRENT_TIMESTAMP, CURRENT_TIMESTAMP, CURRENT_TIMESTAMP, 0);
INSERT INTO [konyadminconsole].[city](id, Region_id, Country_id, Name, createdby, modifiedby, createdts, lastmodifiedts, synctimestamp, softdeleteflag) VALUES ('CITY1494', 'R61', 'Con2', 'Broken Arrow', 'Kony User', 'Kony Dev', CURRENT_TIMESTAMP, CURRENT_TIMESTAMP, CURRENT_TIMESTAMP, 0);
INSERT INTO [konyadminconsole].[city](id, Region_id, Country_id, Name, createdby, modifiedby, createdts, lastmodifiedts, synctimestamp, softdeleteflag) VALUES ('CITY1495', 'R71', 'Con2', 'North Charleston', 'Kony User', 'Kony Dev', CURRENT_TIMESTAMP, CURRENT_TIMESTAMP, CURRENT_TIMESTAMP, 0);
INSERT INTO [konyadminconsole].[city](id, Region_id, Country_id, Name, createdby, modifiedby, createdts, lastmodifiedts, synctimestamp, softdeleteflag) VALUES ('CITY1496', 'R40', 'Con2', 'West Palm Beach', 'Kony User', 'Kony Dev', CURRENT_TIMESTAMP, CURRENT_TIMESTAMP, CURRENT_TIMESTAMP, 0);
INSERT INTO [konyadminconsole].[city](id, Region_id, Country_id, Name, createdby, modifiedby, createdts, lastmodifiedts, synctimestamp, softdeleteflag) VALUES ('CITY1497', 'R36', 'Con2', 'Boulder', 'Kony User', 'Kony Dev', CURRENT_TIMESTAMP, CURRENT_TIMESTAMP, CURRENT_TIMESTAMP, 0);
INSERT INTO [konyadminconsole].[city](id, Region_id, Country_id, Name, createdby, modifiedby, createdts, lastmodifiedts, synctimestamp, softdeleteflag) VALUES ('CITY1498', 'R35', 'Con2', 'Rialto', 'Kony User', 'Kony Dev', CURRENT_TIMESTAMP, CURRENT_TIMESTAMP, CURRENT_TIMESTAMP, 0);
INSERT INTO [konyadminconsole].[city](id, Region_id, Country_id, Name, createdby, modifiedby, createdts, lastmodifiedts, synctimestamp, softdeleteflag) VALUES ('CITY1499', 'R35', 'Con2', 'Santa Maria', 'Kony User', 'Kony Dev', CURRENT_TIMESTAMP, CURRENT_TIMESTAMP, CURRENT_TIMESTAMP, 0);
INSERT INTO [konyadminconsole].[city](id, Region_id, Country_id, Name, createdby, modifiedby, createdts, lastmodifiedts, synctimestamp, softdeleteflag) VALUES ('CITY15', 'R6', 'Con1', 'Patna', 'Kony User', 'Kony Dev', CURRENT_TIMESTAMP, CURRENT_TIMESTAMP, CURRENT_TIMESTAMP, 0);
INSERT INTO [konyadminconsole].[city](id, Region_id, Country_id, Name, createdby, modifiedby, createdts, lastmodifiedts, synctimestamp, softdeleteflag) VALUES ('CITY150', 'R3', 'Con1', 'Vizianagaram', 'Kony User', 'Kony Dev', CURRENT_TIMESTAMP, CURRENT_TIMESTAMP, CURRENT_TIMESTAMP, 0);
INSERT INTO [konyadminconsole].[city](id, Region_id, Country_id, Name, createdby, modifiedby, createdts, lastmodifiedts, synctimestamp, softdeleteflag) VALUES ('CITY1500', 'R35', 'Con2', 'El Cajon', 'Kony User', 'Kony Dev', CURRENT_TIMESTAMP, CURRENT_TIMESTAMP, CURRENT_TIMESTAMP, 0);
INSERT INTO [konyadminconsole].[city](id, Region_id, Country_id, Name, createdby, modifiedby, createdts, lastmodifiedts, synctimestamp, softdeleteflag) VALUES ('CITY1501', 'R46', 'Con2', 'Davenport', 'Kony User', 'Kony Dev', CURRENT_TIMESTAMP, CURRENT_TIMESTAMP, CURRENT_TIMESTAMP, 0);
INSERT INTO [konyadminconsole].[city](id, Region_id, Country_id, Name, createdby, modifiedby, createdts, lastmodifiedts, synctimestamp, softdeleteflag) VALUES ('CITY1502', 'R69', 'Con2', 'Erie', 'Kony User', 'Kony Dev', CURRENT_TIMESTAMP, CURRENT_TIMESTAMP, CURRENT_TIMESTAMP, 0);
INSERT INTO [konyadminconsole].[city](id, Region_id, Country_id, Name, createdby, modifiedby, createdts, lastmodifiedts, synctimestamp, softdeleteflag) VALUES ('CITY1503', 'R56', 'Con2', 'Las Cruces', 'Kony User', 'Kony Dev', CURRENT_TIMESTAMP, CURRENT_TIMESTAMP, CURRENT_TIMESTAMP, 0);
INSERT INTO [konyadminconsole].[city](id, Region_id, Country_id, Name, createdby, modifiedby, createdts, lastmodifiedts, synctimestamp, softdeleteflag) VALUES ('CITY1504', 'R45', 'Con2', 'South Bend', 'Kony User', 'Kony Dev', CURRENT_TIMESTAMP, CURRENT_TIMESTAMP, CURRENT_TIMESTAMP, 0);
INSERT INTO [konyadminconsole].[city](id, Region_id, Country_id, Name, createdby, modifiedby, createdts, lastmodifiedts, synctimestamp, softdeleteflag) VALUES ('CITY1505', 'R65', 'Con2', 'Flint', 'Kony User', 'Kony Dev', CURRENT_TIMESTAMP, CURRENT_TIMESTAMP, CURRENT_TIMESTAMP, 0);
INSERT INTO [konyadminconsole].[city](id, Region_id, Country_id, Name, createdby, modifiedby, createdts, lastmodifiedts, synctimestamp, softdeleteflag) VALUES ('CITY1506', 'R80', 'Con2', 'Kenosha', 'Kony User', 'Kony Dev', CURRENT_TIMESTAMP, CURRENT_TIMESTAMP, CURRENT_TIMESTAMP, 0);
INSERT INTO [konyadminconsole].[city](id, Region_id, Country_id, Name, createdby, modifiedby, createdts, lastmodifiedts, synctimestamp, softdeleteflag) VALUES ('CITY1507', 'R67', 'Con2', 'Mankato', 'Kony User', 'Kony Dev', CURRENT_TIMESTAMP, CURRENT_TIMESTAMP, CURRENT_TIMESTAMP, 0);
INSERT INTO [konyadminconsole].[city](id, Region_id, Country_id, Name, createdby, modifiedby, createdts, lastmodifiedts, synctimestamp, softdeleteflag) VALUES ('CITY1508', 'R64', 'Con2', 'Chelsea', 'Kony User', 'Kony Dev', CURRENT_TIMESTAMP, CURRENT_TIMESTAMP, CURRENT_TIMESTAMP, 0);
INSERT INTO [konyadminconsole].[city](id, Region_id, Country_id, Name, createdby, modifiedby, createdts, lastmodifiedts, synctimestamp, softdeleteflag) VALUES ('CITY151', 'R6', 'Con1', 'Katihar', 'Kony User', 'Kony Dev', CURRENT_TIMESTAMP, CURRENT_TIMESTAMP, CURRENT_TIMESTAMP, 0);
INSERT INTO [konyadminconsole].[city](id, Region_id, Country_id, Name, createdby, modifiedby, createdts, lastmodifiedts, synctimestamp, softdeleteflag) VALUES ('CITY152', 'R28', 'Con1', 'Hardwar', 'Kony User', 'Kony Dev', CURRENT_TIMESTAMP, CURRENT_TIMESTAMP, CURRENT_TIMESTAMP, 0);
INSERT INTO [konyadminconsole].[city](id, Region_id, Country_id, Name, createdby, modifiedby, createdts, lastmodifiedts, synctimestamp, softdeleteflag) VALUES ('CITY153', 'R10', 'Con1', 'Sonipat', 'Kony User', 'Kony Dev', CURRENT_TIMESTAMP, CURRENT_TIMESTAMP, CURRENT_TIMESTAMP, 0);
INSERT INTO [konyadminconsole].[city](id, Region_id, Country_id, Name, createdby, modifiedby, createdts, lastmodifiedts, synctimestamp, softdeleteflag) VALUES ('CITY154', 'R25', 'Con1', 'Nagercoil', 'Kony User', 'Kony Dev', CURRENT_TIMESTAMP, CURRENT_TIMESTAMP, CURRENT_TIMESTAMP, 0);
INSERT INTO [konyadminconsole].[city](id, Region_id, Country_id, Name, createdby, modifiedby, createdts, lastmodifiedts, synctimestamp, softdeleteflag) VALUES ('CITY155', 'R25', 'Con1', 'Thanjavur', 'Kony User', 'Kony Dev', CURRENT_TIMESTAMP, CURRENT_TIMESTAMP, CURRENT_TIMESTAMP, 0);
INSERT INTO [konyadminconsole].[city](id, Region_id, Country_id, Name, createdby, modifiedby, createdts, lastmodifiedts, synctimestamp, softdeleteflag) VALUES ('CITY156', 'R16', 'Con1', 'Murwara (Katni)', 'Kony User', 'Kony Dev', CURRENT_TIMESTAMP, CURRENT_TIMESTAMP, CURRENT_TIMESTAMP, 0);
INSERT INTO [konyadminconsole].[city](id, Region_id, Country_id, Name, createdby, modifiedby, createdts, lastmodifiedts, synctimestamp, softdeleteflag) VALUES ('CITY157', 'R29', 'Con1', 'Naihati', 'Kony User', 'Kony Dev', CURRENT_TIMESTAMP, CURRENT_TIMESTAMP, CURRENT_TIMESTAMP, 0);
INSERT INTO [konyadminconsole].[city](id, Region_id, Country_id, Name, createdby, modifiedby, createdts, lastmodifiedts, synctimestamp, softdeleteflag) VALUES ('CITY158', 'R27', 'Con1', 'Sambhal', 'Kony User', 'Kony Dev', CURRENT_TIMESTAMP, CURRENT_TIMESTAMP, CURRENT_TIMESTAMP, 0);
INSERT INTO [konyadminconsole].[city](id, Region_id, Country_id, Name, createdby, modifiedby, createdts, lastmodifiedts, synctimestamp, softdeleteflag) VALUES ('CITY159', 'R9', 'Con1', 'Nadiad', 'Kony User', 'Kony Dev', CURRENT_TIMESTAMP, CURRENT_TIMESTAMP, CURRENT_TIMESTAMP, 0);
INSERT INTO [konyadminconsole].[city](id, Region_id, Country_id, Name, createdby, modifiedby, createdts, lastmodifiedts, synctimestamp, softdeleteflag) VALUES ('CITY16', 'R16', 'Con1', 'Indore', 'Kony User', 'Kony Dev', CURRENT_TIMESTAMP, CURRENT_TIMESTAMP, CURRENT_TIMESTAMP, 0);
INSERT INTO [konyadminconsole].[city](id, Region_id, Country_id, Name, createdby, modifiedby, createdts, lastmodifiedts, synctimestamp, softdeleteflag) VALUES ('CITY160', 'R10', 'Con1', 'Yamunanagar', 'Kony User', 'Kony Dev', CURRENT_TIMESTAMP, CURRENT_TIMESTAMP, CURRENT_TIMESTAMP, 0);
INSERT INTO [konyadminconsole].[city](id, Region_id, Country_id, Name, createdby, modifiedby, createdts, lastmodifiedts, synctimestamp, softdeleteflag) VALUES ('CITY161', 'R29', 'Con1', 'English Bazar', 'Kony User', 'Kony Dev', CURRENT_TIMESTAMP, CURRENT_TIMESTAMP, CURRENT_TIMESTAMP, 0);
INSERT INTO [konyadminconsole].[city](id, Region_id, Country_id, Name, createdby, modifiedby, createdts, lastmodifiedts, synctimestamp, softdeleteflag) VALUES ('CITY162', 'R3', 'Con1', 'Eluru', 'Kony User', 'Kony Dev', CURRENT_TIMESTAMP, CURRENT_TIMESTAMP, CURRENT_TIMESTAMP, 0);
INSERT INTO [konyadminconsole].[city](id, Region_id, Country_id, Name, createdby, modifiedby, createdts, lastmodifiedts, synctimestamp, softdeleteflag) VALUES ('CITY163', 'R6', 'Con1', 'Munger', 'Kony User', 'Kony Dev', CURRENT_TIMESTAMP, CURRENT_TIMESTAMP, CURRENT_TIMESTAMP, 0);
INSERT INTO [konyadminconsole].[city](id, Region_id, Country_id, Name, createdby, modifiedby, createdts, lastmodifiedts, synctimestamp, softdeleteflag) VALUES ('CITY164', 'R10', 'Con1', 'Panchkula', 'Kony User', 'Kony Dev', CURRENT_TIMESTAMP, CURRENT_TIMESTAMP, CURRENT_TIMESTAMP, 0);
INSERT INTO [konyadminconsole].[city](id, Region_id, Country_id, Name, createdby, modifiedby, createdts, lastmodifiedts, synctimestamp, softdeleteflag) VALUES ('CITY165', 'R14', 'Con1', 'Raayachuru', 'Kony User', 'Kony Dev', CURRENT_TIMESTAMP, CURRENT_TIMESTAMP, CURRENT_TIMESTAMP, 0);
INSERT INTO [konyadminconsole].[city](id, Region_id, Country_id, Name, createdby, modifiedby, createdts, lastmodifiedts, synctimestamp, softdeleteflag) VALUES ('CITY166', 'R2', 'Con1', 'Panvel', 'Kony User', 'Kony Dev', CURRENT_TIMESTAMP, CURRENT_TIMESTAMP, CURRENT_TIMESTAMP, 0);
INSERT INTO [konyadminconsole].[city](id, Region_id, Country_id, Name, createdby, modifiedby, createdts, lastmodifiedts, synctimestamp, softdeleteflag) VALUES ('CITY167', 'R13', 'Con1', 'Deoghar', 'Kony User', 'Kony Dev', CURRENT_TIMESTAMP, CURRENT_TIMESTAMP, CURRENT_TIMESTAMP, 0);
INSERT INTO [konyadminconsole].[city](id, Region_id, Country_id, Name, createdby, modifiedby, createdts, lastmodifiedts, synctimestamp, softdeleteflag) VALUES ('CITY168', 'R3', 'Con1', 'Ongole', 'Kony User', 'Kony Dev', CURRENT_TIMESTAMP, CURRENT_TIMESTAMP, CURRENT_TIMESTAMP, 0);
INSERT INTO [konyadminconsole].[city](id, Region_id, Country_id, Name, createdby, modifiedby, createdts, lastmodifiedts, synctimestamp, softdeleteflag) VALUES ('CITY169', 'R3', 'Con1', 'Nandyal', 'Kony User', 'Kony Dev', CURRENT_TIMESTAMP, CURRENT_TIMESTAMP, CURRENT_TIMESTAMP, 0);
INSERT INTO [konyadminconsole].[city](id, Region_id, Country_id, Name, createdby, modifiedby, createdts, lastmodifiedts, synctimestamp, softdeleteflag) VALUES ('CITY17', 'R2', 'Con1', 'Thane', 'Kony User', 'Kony Dev', CURRENT_TIMESTAMP, CURRENT_TIMESTAMP, CURRENT_TIMESTAMP, 0);
INSERT INTO [konyadminconsole].[city](id, Region_id, Country_id, Name, createdby, modifiedby, createdts, lastmodifiedts, synctimestamp, softdeleteflag) VALUES ('CITY170', 'R16', 'Con1', 'Morena', 'Kony User', 'Kony Dev', CURRENT_TIMESTAMP, CURRENT_TIMESTAMP, CURRENT_TIMESTAMP, 0);
INSERT INTO [konyadminconsole].[city](id, Region_id, Country_id, Name, createdby, modifiedby, createdts, lastmodifiedts, synctimestamp, softdeleteflag) VALUES ('CITY171', 'R10', 'Con1', 'Bhiwani', 'Kony User', 'Kony Dev', CURRENT_TIMESTAMP, CURRENT_TIMESTAMP, CURRENT_TIMESTAMP, 0);
INSERT INTO [konyadminconsole].[city](id, Region_id, Country_id, Name, createdby, modifiedby, createdts, lastmodifiedts, synctimestamp, softdeleteflag) VALUES ('CITY172', 'R9', 'Con1', 'Porbandar', 'Kony User', 'Kony Dev', CURRENT_TIMESTAMP, CURRENT_TIMESTAMP, CURRENT_TIMESTAMP, 0);
INSERT INTO [konyadminconsole].[city](id, Region_id, Country_id, Name, createdby, modifiedby, createdts, lastmodifiedts, synctimestamp, softdeleteflag) VALUES ('CITY173', 'R15', 'Con1', 'Palakkad', 'Kony User', 'Kony Dev', CURRENT_TIMESTAMP, CURRENT_TIMESTAMP, CURRENT_TIMESTAMP, 0);
INSERT INTO [konyadminconsole].[city](id, Region_id, Country_id, Name, createdby, modifiedby, createdts, lastmodifiedts, synctimestamp, softdeleteflag) VALUES ('CITY174', 'R9', 'Con1', 'Anand', 'Kony User', 'Kony Dev', CURRENT_TIMESTAMP, CURRENT_TIMESTAMP, CURRENT_TIMESTAMP, 0);
INSERT INTO [konyadminconsole].[city](id, Region_id, Country_id, Name, createdby, modifiedby, createdts, lastmodifiedts, synctimestamp, softdeleteflag) VALUES ('CITY175', 'R6', 'Con1', 'Purnia', 'Kony User', 'Kony Dev', CURRENT_TIMESTAMP, CURRENT_TIMESTAMP, CURRENT_TIMESTAMP, 0);
INSERT INTO [konyadminconsole].[city](id, Region_id, Country_id, Name, createdby, modifiedby, createdts, lastmodifiedts, synctimestamp, softdeleteflag) VALUES ('CITY176', 'R29', 'Con1', 'Baharampur', 'Kony User', 'Kony Dev', CURRENT_TIMESTAMP, CURRENT_TIMESTAMP, CURRENT_TIMESTAMP, 0);
INSERT INTO [konyadminconsole].[city](id, Region_id, Country_id, Name, createdby, modifiedby, createdts, lastmodifiedts, synctimestamp, softdeleteflag) VALUES ('CITY177', 'R23', 'Con1', 'Barmer', 'Kony User', 'Kony Dev', CURRENT_TIMESTAMP, CURRENT_TIMESTAMP, CURRENT_TIMESTAMP, 0);
INSERT INTO [konyadminconsole].[city](id, Region_id, Country_id, Name, createdby, modifiedby, createdts, lastmodifiedts, synctimestamp, softdeleteflag) VALUES ('CITY178', 'R9', 'Con1', 'Morvi', 'Kony User', 'Kony Dev', CURRENT_TIMESTAMP, CURRENT_TIMESTAMP, CURRENT_TIMESTAMP, 0);
INSERT INTO [konyadminconsole].[city](id, Region_id, Country_id, Name, createdby, modifiedby, createdts, lastmodifiedts, synctimestamp, softdeleteflag) VALUES ('CITY179', 'R27', 'Con1', 'Orai', 'Kony User', 'Kony Dev', CURRENT_TIMESTAMP, CURRENT_TIMESTAMP, CURRENT_TIMESTAMP, 0);
INSERT INTO [konyadminconsole].[city](id, Region_id, Country_id, Name, createdby, modifiedby, createdts, lastmodifiedts, synctimestamp, softdeleteflag) VALUES ('CITY18', 'R16', 'Con1', 'Bhopal', 'Kony User', 'Kony Dev', CURRENT_TIMESTAMP, CURRENT_TIMESTAMP, CURRENT_TIMESTAMP, 0);
INSERT INTO [konyadminconsole].[city](id, Region_id, Country_id, Name, createdby, modifiedby, createdts, lastmodifiedts, synctimestamp, softdeleteflag) VALUES ('CITY180', 'R27', 'Con1', 'Bahraich', 'Kony User', 'Kony Dev', CURRENT_TIMESTAMP, CURRENT_TIMESTAMP, CURRENT_TIMESTAMP, 0);
INSERT INTO [konyadminconsole].[city](id, Region_id, Country_id, Name, createdby, modifiedby, createdts, lastmodifiedts, synctimestamp, softdeleteflag) VALUES ('CITY181', 'R23', 'Con1', 'Sikar', 'Kony User', 'Kony Dev', CURRENT_TIMESTAMP, CURRENT_TIMESTAMP, CURRENT_TIMESTAMP, 0);
INSERT INTO [konyadminconsole].[city](id, Region_id, Country_id, Name, createdby, modifiedby, createdts, lastmodifiedts, synctimestamp, softdeleteflag) VALUES ('CITY182', 'R25', 'Con1', 'Vellore', 'Kony User', 'Kony Dev', CURRENT_TIMESTAMP, CURRENT_TIMESTAMP, CURRENT_TIMESTAMP, 0);
INSERT INTO [konyadminconsole].[city](id, Region_id, Country_id, Name, createdby, modifiedby, createdts, lastmodifiedts, synctimestamp, softdeleteflag) VALUES ('CITY183', 'R16', 'Con1', 'Singrauli', 'Kony User', 'Kony Dev', CURRENT_TIMESTAMP, CURRENT_TIMESTAMP, CURRENT_TIMESTAMP, 0);
INSERT INTO [konyadminconsole].[city](id, Region_id, Country_id, Name, createdby, modifiedby, createdts, lastmodifiedts, synctimestamp, softdeleteflag) VALUES ('CITY184', 'R1', 'Con1', 'Khammam', 'Kony User', 'Kony Dev', CURRENT_TIMESTAMP, CURRENT_TIMESTAMP, CURRENT_TIMESTAMP, 0);
INSERT INTO [konyadminconsole].[city](id, Region_id, Country_id, Name, createdby, modifiedby, createdts, lastmodifiedts, synctimestamp, softdeleteflag) VALUES ('CITY185', 'R9', 'Con1', 'Mahesana', 'Kony User', 'Kony Dev', CURRENT_TIMESTAMP, CURRENT_TIMESTAMP, CURRENT_TIMESTAMP, 0);
INSERT INTO [konyadminconsole].[city](id, Region_id, Country_id, Name, createdby, modifiedby, createdts, lastmodifiedts, synctimestamp, softdeleteflag) VALUES ('CITY186', 'R5', 'Con1', 'Silchar', 'Kony User', 'Kony Dev', CURRENT_TIMESTAMP, CURRENT_TIMESTAMP, CURRENT_TIMESTAMP, 0);
INSERT INTO [konyadminconsole].[city](id, Region_id, Country_id, Name, createdby, modifiedby, createdts, lastmodifiedts, synctimestamp, softdeleteflag) VALUES ('CITY187', 'R21', 'Con1', 'Sambalpur', 'Kony User', 'Kony Dev', CURRENT_TIMESTAMP, CURRENT_TIMESTAMP, CURRENT_TIMESTAMP, 0);
INSERT INTO [konyadminconsole].[city](id, Region_id, Country_id, Name, createdby, modifiedby, createdts, lastmodifiedts, synctimestamp, softdeleteflag) VALUES ('CITY188', 'R16', 'Con1', 'Rewa', 'Kony User', 'Kony Dev', CURRENT_TIMESTAMP, CURRENT_TIMESTAMP, CURRENT_TIMESTAMP, 0);
INSERT INTO [konyadminconsole].[city](id, Region_id, Country_id, Name, createdby, modifiedby, createdts, lastmodifiedts, synctimestamp, softdeleteflag) VALUES ('CITY189', 'R27', 'Con1', 'Unnao', 'Kony User', 'Kony Dev', CURRENT_TIMESTAMP, CURRENT_TIMESTAMP, CURRENT_TIMESTAMP, 0);
INSERT INTO [konyadminconsole].[city](id, Region_id, Country_id, Name, createdby, modifiedby, createdts, lastmodifiedts, synctimestamp, softdeleteflag) VALUES ('CITY19', 'R3', 'Con1', 'Visakhapatnam', 'Kony User', 'Kony Dev', CURRENT_TIMESTAMP, CURRENT_TIMESTAMP, CURRENT_TIMESTAMP, 0);
INSERT INTO [konyadminconsole].[city](id, Region_id, Country_id, Name, createdby, modifiedby, createdts, lastmodifiedts, synctimestamp, softdeleteflag) VALUES ('CITY190', 'R29', 'Con1', 'Hugli-Chinsurah', 'Kony User', 'Kony Dev', CURRENT_TIMESTAMP, CURRENT_TIMESTAMP, CURRENT_TIMESTAMP, 0);
INSERT INTO [konyadminconsole].[city](id, Region_id, Country_id, Name, createdby, modifiedby, createdts, lastmodifiedts, synctimestamp, softdeleteflag) VALUES ('CITY191', 'R29', 'Con1', 'Raiganj', 'Kony User', 'Kony Dev', CURRENT_TIMESTAMP, CURRENT_TIMESTAMP, CURRENT_TIMESTAMP, 0);
INSERT INTO [konyadminconsole].[city](id, Region_id, Country_id, Name, createdby, modifiedby, createdts, lastmodifiedts, synctimestamp, softdeleteflag) VALUES ('CITY192', 'R13', 'Con1', 'Phusro', 'Kony User', 'Kony Dev', CURRENT_TIMESTAMP, CURRENT_TIMESTAMP, CURRENT_TIMESTAMP, 0);
INSERT INTO [konyadminconsole].[city](id, Region_id, Country_id, Name, createdby, modifiedby, createdts, lastmodifiedts, synctimestamp, softdeleteflag) VALUES ('CITY193', 'R13', 'Con1', 'Adityapur', 'Kony User', 'Kony Dev', CURRENT_TIMESTAMP, CURRENT_TIMESTAMP, CURRENT_TIMESTAMP, 0);
INSERT INTO [konyadminconsole].[city](id, Region_id, Country_id, Name, createdby, modifiedby, createdts, lastmodifiedts, synctimestamp, softdeleteflag) VALUES ('CITY194', 'R15', 'Con1', 'Alappuzha', 'Kony User', 'Kony Dev', CURRENT_TIMESTAMP, CURRENT_TIMESTAMP, CURRENT_TIMESTAMP, 0);
INSERT INTO [konyadminconsole].[city](id, Region_id, Country_id, Name, createdby, modifiedby, createdts, lastmodifiedts, synctimestamp, softdeleteflag) VALUES ('CITY195', 'R10', 'Con1', 'Bahadurgarh', 'Kony User', 'Kony Dev', CURRENT_TIMESTAMP, CURRENT_TIMESTAMP, CURRENT_TIMESTAMP, 0);
INSERT INTO [konyadminconsole].[city](id, Region_id, Country_id, Name, createdby, modifiedby, createdts, lastmodifiedts, synctimestamp, softdeleteflag) VALUES ('CITY196', 'R3', 'Con1', 'Machilipatnam', 'Kony User', 'Kony Dev', CURRENT_TIMESTAMP, CURRENT_TIMESTAMP, CURRENT_TIMESTAMP, 0);
INSERT INTO [konyadminconsole].[city](id, Region_id, Country_id, Name, createdby, modifiedby, createdts, lastmodifiedts, synctimestamp, softdeleteflag) VALUES ('CITY197', 'R27', 'Con1', 'Rae Bareli', 'Kony User', 'Kony Dev', CURRENT_TIMESTAMP, CURRENT_TIMESTAMP, CURRENT_TIMESTAMP, 0);
INSERT INTO [konyadminconsole].[city](id, Region_id, Country_id, Name, createdby, modifiedby, createdts, lastmodifiedts, synctimestamp, softdeleteflag) VALUES ('CITY198', 'R29', 'Con1', 'Jalpaiguri', 'Kony User', 'Kony Dev', CURRENT_TIMESTAMP, CURRENT_TIMESTAMP, CURRENT_TIMESTAMP, 0);
INSERT INTO [konyadminconsole].[city](id, Region_id, Country_id, Name, createdby, modifiedby, createdts, lastmodifiedts, synctimestamp, softdeleteflag) VALUES ('CITY199', 'R9', 'Con1', 'Bharuch', 'Kony User', 'Kony Dev', CURRENT_TIMESTAMP, CURRENT_TIMESTAMP, CURRENT_TIMESTAMP, 0);
INSERT INTO [konyadminconsole].[city](id, Region_id, Country_id, Name, createdby, modifiedby, createdts, lastmodifiedts, synctimestamp, softdeleteflag) VALUES ('CITY20', 'R9', 'Con1', 'Vadodara', 'Kony User', 'Kony Dev', CURRENT_TIMESTAMP, CURRENT_TIMESTAMP, CURRENT_TIMESTAMP, 0);
INSERT INTO [konyadminconsole].[city](id, Region_id, Country_id, Name, createdby, modifiedby, createdts, lastmodifiedts, synctimestamp, softdeleteflag) VALUES ('CITY200', 'R22', 'Con1', 'Pathankot', 'Kony User', 'Kony Dev', CURRENT_TIMESTAMP, CURRENT_TIMESTAMP, CURRENT_TIMESTAMP, 0);
INSERT INTO [konyadminconsole].[city](id, Region_id, Country_id, Name, createdby, modifiedby, createdts, lastmodifiedts, synctimestamp, softdeleteflag) VALUES ('CITY201', 'R22', 'Con1', 'Hoshiarpur', 'Kony User', 'Kony Dev', CURRENT_TIMESTAMP, CURRENT_TIMESTAMP, CURRENT_TIMESTAMP, 0);
INSERT INTO [konyadminconsole].[city](id, Region_id, Country_id, Name, createdby, modifiedby, createdts, lastmodifiedts, synctimestamp, softdeleteflag) VALUES ('CITY202', 'R12', 'Con1', 'Baramula', 'Kony User', 'Kony Dev', CURRENT_TIMESTAMP, CURRENT_TIMESTAMP, CURRENT_TIMESTAMP, 0);
INSERT INTO [konyadminconsole].[city](id, Region_id, Country_id, Name, createdby, modifiedby, createdts, lastmodifiedts, synctimestamp, softdeleteflag) VALUES ('CITY203', 'R3', 'Con1', 'Adoni', 'Kony User', 'Kony Dev', CURRENT_TIMESTAMP, CURRENT_TIMESTAMP, CURRENT_TIMESTAMP, 0);
INSERT INTO [konyadminconsole].[city](id, Region_id, Country_id, Name, createdby, modifiedby, createdts, lastmodifiedts, synctimestamp, softdeleteflag) VALUES ('CITY204', 'R10', 'Con1', 'Jind', 'Kony User', 'Kony Dev', CURRENT_TIMESTAMP, CURRENT_TIMESTAMP, CURRENT_TIMESTAMP, 0);
INSERT INTO [konyadminconsole].[city](id, Region_id, Country_id, Name, createdby, modifiedby, createdts, lastmodifiedts, synctimestamp, softdeleteflag) VALUES ('CITY205', 'R23', 'Con1', 'Tonk', 'Kony User', 'Kony Dev', CURRENT_TIMESTAMP, CURRENT_TIMESTAMP, CURRENT_TIMESTAMP, 0);
INSERT INTO [konyadminconsole].[city](id, Region_id, Country_id, Name, createdby, modifiedby, createdts, lastmodifiedts, synctimestamp, softdeleteflag) VALUES ('CITY206', 'R3', 'Con1', 'Tenali', 'Kony User', 'Kony Dev', CURRENT_TIMESTAMP, CURRENT_TIMESTAMP, CURRENT_TIMESTAMP, 0);
INSERT INTO [konyadminconsole].[city](id, Region_id, Country_id, Name, createdby, modifiedby, createdts, lastmodifiedts, synctimestamp, softdeleteflag) VALUES ('CITY207', 'R25', 'Con1', 'Kancheepuram', 'Kony User', 'Kony Dev', CURRENT_TIMESTAMP, CURRENT_TIMESTAMP, CURRENT_TIMESTAMP, 0);
INSERT INTO [konyadminconsole].[city](id, Region_id, Country_id, Name, createdby, modifiedby, createdts, lastmodifiedts, synctimestamp, softdeleteflag) VALUES ('CITY208', 'R9', 'Con1', 'Vapi', 'Kony User', 'Kony Dev', CURRENT_TIMESTAMP, CURRENT_TIMESTAMP, CURRENT_TIMESTAMP, 0);
INSERT INTO [konyadminconsole].[city](id, Region_id, Country_id, Name, createdby, modifiedby, createdts, lastmodifiedts, synctimestamp, softdeleteflag) VALUES ('CITY209', 'R10', 'Con1', 'Sirsa', 'Kony User', 'Kony Dev', CURRENT_TIMESTAMP, CURRENT_TIMESTAMP, CURRENT_TIMESTAMP, 0);
INSERT INTO [konyadminconsole].[city](id, Region_id, Country_id, Name, createdby, modifiedby, createdts, lastmodifiedts, synctimestamp, softdeleteflag) VALUES ('CITY21', 'R27', 'Con1', 'Firozabad', 'Kony User', 'Kony Dev', CURRENT_TIMESTAMP, CURRENT_TIMESTAMP, CURRENT_TIMESTAMP, 0);
INSERT INTO [konyadminconsole].[city](id, Region_id, Country_id, Name, createdby, modifiedby, createdts, lastmodifiedts, synctimestamp, softdeleteflag) VALUES ('CITY210', 'R9', 'Con1', 'Navsari', 'Kony User', 'Kony Dev', CURRENT_TIMESTAMP, CURRENT_TIMESTAMP, CURRENT_TIMESTAMP, 0);
INSERT INTO [konyadminconsole].[city](id, Region_id, Country_id, Name, createdby, modifiedby, createdts, lastmodifiedts, synctimestamp, softdeleteflag) VALUES ('CITY211', 'R1', 'Con1', 'Mahbubnagar', 'Kony User', 'Kony Dev', CURRENT_TIMESTAMP, CURRENT_TIMESTAMP, CURRENT_TIMESTAMP, 0);
INSERT INTO [konyadminconsole].[city](id, Region_id, Country_id, Name, createdby, modifiedby, createdts, lastmodifiedts, synctimestamp, softdeleteflag) VALUES ('CITY212', 'R21', 'Con1', 'Puri', 'Kony User', 'Kony Dev', CURRENT_TIMESTAMP, CURRENT_TIMESTAMP, CURRENT_TIMESTAMP, 0);
INSERT INTO [konyadminconsole].[city](id, Region_id, Country_id, Name, createdby, modifiedby, createdts, lastmodifiedts, synctimestamp, softdeleteflag) VALUES ('CITY213', 'R14', 'Con1', 'Robertson Pet', 'Kony User', 'Kony Dev', CURRENT_TIMESTAMP, CURRENT_TIMESTAMP, CURRENT_TIMESTAMP, 0);
INSERT INTO [konyadminconsole].[city](id, Region_id, Country_id, Name, createdby, modifiedby, createdts, lastmodifiedts, synctimestamp, softdeleteflag) VALUES ('CITY214', 'R25', 'Con1', 'Erode', 'Kony User', 'Kony Dev', CURRENT_TIMESTAMP, CURRENT_TIMESTAMP, CURRENT_TIMESTAMP, 0);
INSERT INTO [konyadminconsole].[city](id, Region_id, Country_id, Name, createdby, modifiedby, createdts, lastmodifiedts, synctimestamp, softdeleteflag) VALUES ('CITY215', 'R22', 'Con1', 'Batala', 'Kony User', 'Kony Dev', CURRENT_TIMESTAMP, CURRENT_TIMESTAMP, CURRENT_TIMESTAMP, 0);
INSERT INTO [konyadminconsole].[city](id, Region_id, Country_id, Name, createdby, modifiedby, createdts, lastmodifiedts, synctimestamp, softdeleteflag) VALUES ('CITY216', 'R28', 'Con1', 'Haldwani-cum-Kathgodam', 'Kony User', 'Kony Dev', CURRENT_TIMESTAMP, CURRENT_TIMESTAMP, CURRENT_TIMESTAMP, 0);
INSERT INTO [konyadminconsole].[city](id, Region_id, Country_id, Name, createdby, modifiedby, createdts, lastmodifiedts, synctimestamp, softdeleteflag) VALUES ('CITY217', 'R16', 'Con1', 'Vidisha', 'Kony User', 'Kony Dev', CURRENT_TIMESTAMP, CURRENT_TIMESTAMP, CURRENT_TIMESTAMP, 0);
INSERT INTO [konyadminconsole].[city](id, Region_id, Country_id, Name, createdby, modifiedby, createdts, lastmodifiedts, synctimestamp, softdeleteflag) VALUES ('CITY218', 'R6', 'Con1', 'Saharsa', 'Kony User', 'Kony Dev', CURRENT_TIMESTAMP, CURRENT_TIMESTAMP, CURRENT_TIMESTAMP, 0);
INSERT INTO [konyadminconsole].[city](id, Region_id, Country_id, Name, createdby, modifiedby, createdts, lastmodifiedts, synctimestamp, softdeleteflag) VALUES ('CITY219', 'R10', 'Con1', 'Thanesar', 'Kony User', 'Kony Dev', CURRENT_TIMESTAMP, CURRENT_TIMESTAMP, CURRENT_TIMESTAMP, 0);
INSERT INTO [konyadminconsole].[city](id, Region_id, Country_id, Name, createdby, modifiedby, createdts, lastmodifiedts, synctimestamp, softdeleteflag) VALUES ('CITY22', 'R22', 'Con1', 'Ludhiana', 'Kony User', 'Kony Dev', CURRENT_TIMESTAMP, CURRENT_TIMESTAMP, CURRENT_TIMESTAMP, 0);
INSERT INTO [konyadminconsole].[city](id, Region_id, Country_id, Name, createdby, modifiedby, createdts, lastmodifiedts, synctimestamp, softdeleteflag) VALUES ('CITY220', 'R3', 'Con1', 'Chittoor', 'Kony User', 'Kony Dev', CURRENT_TIMESTAMP, CURRENT_TIMESTAMP, CURRENT_TIMESTAMP, 0);
INSERT INTO [konyadminconsole].[city](id, Region_id, Country_id, Name, createdby, modifiedby, createdts, lastmodifiedts, synctimestamp, softdeleteflag) VALUES ('CITY221', 'R9', 'Con1', 'Veraval', 'Kony User', 'Kony Dev', CURRENT_TIMESTAMP, CURRENT_TIMESTAMP, CURRENT_TIMESTAMP, 0);
INSERT INTO [konyadminconsole].[city](id, Region_id, Country_id, Name, createdby, modifiedby, createdts, lastmodifiedts, synctimestamp, softdeleteflag) VALUES ('CITY222', 'R27', 'Con1', 'Lakhimpur', 'Kony User', 'Kony Dev', CURRENT_TIMESTAMP, CURRENT_TIMESTAMP, CURRENT_TIMESTAMP, 0);
INSERT INTO [konyadminconsole].[city](id, Region_id, Country_id, Name, createdby, modifiedby, createdts, lastmodifiedts, synctimestamp, softdeleteflag) VALUES ('CITY223', 'R27', 'Con1', 'Sitapur', 'Kony User', 'Kony Dev', CURRENT_TIMESTAMP, CURRENT_TIMESTAMP, CURRENT_TIMESTAMP, 0);
INSERT INTO [konyadminconsole].[city](id, Region_id, Country_id, Name, createdby, modifiedby, createdts, lastmodifiedts, synctimestamp, softdeleteflag) VALUES ('CITY224', 'R3', 'Con1', 'Hindupur', 'Kony User', 'Kony Dev', CURRENT_TIMESTAMP, CURRENT_TIMESTAMP, CURRENT_TIMESTAMP, 0);
INSERT INTO [konyadminconsole].[city](id, Region_id, Country_id, Name, createdby, modifiedby, createdts, lastmodifiedts, synctimestamp, softdeleteflag) VALUES ('CITY225', 'R29', 'Con1', 'Santipur', 'Kony User', 'Kony Dev', CURRENT_TIMESTAMP, CURRENT_TIMESTAMP, CURRENT_TIMESTAMP, 0);
INSERT INTO [konyadminconsole].[city](id, Region_id, Country_id, Name, createdby, modifiedby, createdts, lastmodifiedts, synctimestamp, softdeleteflag) VALUES ('CITY226', 'R29', 'Con1', 'Balurghat', 'Kony User', 'Kony Dev', CURRENT_TIMESTAMP, CURRENT_TIMESTAMP, CURRENT_TIMESTAMP, 0);
INSERT INTO [konyadminconsole].[city](id, Region_id, Country_id, Name, createdby, modifiedby, createdts, lastmodifiedts, synctimestamp, softdeleteflag) VALUES ('CITY227', 'R16', 'Con1', 'Ganjbasoda', 'Kony User', 'Kony Dev', CURRENT_TIMESTAMP, CURRENT_TIMESTAMP, CURRENT_TIMESTAMP, 0);
INSERT INTO [konyadminconsole].[city](id, Region_id, Country_id, Name, createdby, modifiedby, createdts, lastmodifiedts, synctimestamp, softdeleteflag) VALUES ('CITY228', 'R22', 'Con1', 'Moga', 'Kony User', 'Kony Dev', CURRENT_TIMESTAMP, CURRENT_TIMESTAMP, CURRENT_TIMESTAMP, 0);
INSERT INTO [konyadminconsole].[city](id, Region_id, Country_id, Name, createdby, modifiedby, createdts, lastmodifiedts, synctimestamp, softdeleteflag) VALUES ('CITY229', 'R3', 'Con1', 'Proddatur', 'Kony User', 'Kony Dev', CURRENT_TIMESTAMP, CURRENT_TIMESTAMP, CURRENT_TIMESTAMP, 0);
INSERT INTO [konyadminconsole].[city](id, Region_id, Country_id, Name, createdby, modifiedby, createdts, lastmodifiedts, synctimestamp, softdeleteflag) VALUES ('CITY23', 'R9', 'Con1', 'Rajkot', 'Kony User', 'Kony Dev', CURRENT_TIMESTAMP, CURRENT_TIMESTAMP, CURRENT_TIMESTAMP, 0);
INSERT INTO [konyadminconsole].[city](id, Region_id, Country_id, Name, createdby, modifiedby, createdts, lastmodifiedts, synctimestamp, softdeleteflag) VALUES ('CITY230', 'R28', 'Con1', 'Srinagar', 'Kony User', 'Kony Dev', CURRENT_TIMESTAMP, CURRENT_TIMESTAMP, CURRENT_TIMESTAMP, 0);
INSERT INTO [konyadminconsole].[city](id, Region_id, Country_id, Name, createdby, modifiedby, createdts, lastmodifiedts, synctimestamp, softdeleteflag) VALUES ('CITY231', 'R29', 'Con1', 'Medinipur', 'Kony User', 'Kony Dev', CURRENT_TIMESTAMP, CURRENT_TIMESTAMP, CURRENT_TIMESTAMP, 0);
INSERT INTO [konyadminconsole].[city](id, Region_id, Country_id, Name, createdby, modifiedby, createdts, lastmodifiedts, synctimestamp, softdeleteflag) VALUES ('CITY232', 'R29', 'Con1', 'Habra', 'Kony User', 'Kony Dev', CURRENT_TIMESTAMP, CURRENT_TIMESTAMP, CURRENT_TIMESTAMP, 0);
INSERT INTO [konyadminconsole].[city](id, Region_id, Country_id, Name, createdby, modifiedby, createdts, lastmodifiedts, synctimestamp, softdeleteflag) VALUES ('CITY233', 'R6', 'Con1', 'Sasaram', 'Kony User', 'Kony Dev', CURRENT_TIMESTAMP, CURRENT_TIMESTAMP, CURRENT_TIMESTAMP, 0);
INSERT INTO [konyadminconsole].[city](id, Region_id, Country_id, Name, createdby, modifiedby, createdts, lastmodifiedts, synctimestamp, softdeleteflag) VALUES ('CITY234', 'R6', 'Con1', 'Hajipur', 'Kony User', 'Kony Dev', CURRENT_TIMESTAMP, CURRENT_TIMESTAMP, CURRENT_TIMESTAMP, 0);
INSERT INTO [konyadminconsole].[city](id, Region_id, Country_id, Name, createdby, modifiedby, createdts, lastmodifiedts, synctimestamp, softdeleteflag) VALUES ('CITY235', 'R9', 'Con1', 'Bhuj', 'Kony User', 'Kony Dev', CURRENT_TIMESTAMP, CURRENT_TIMESTAMP, CURRENT_TIMESTAMP, 0);
INSERT INTO [konyadminconsole].[city](id, Region_id, Country_id, Name, createdby, modifiedby, createdts, lastmodifiedts, synctimestamp, softdeleteflag) VALUES ('CITY236', 'R16', 'Con1', 'Shivpuri', 'Kony User', 'Kony Dev', CURRENT_TIMESTAMP, CURRENT_TIMESTAMP, CURRENT_TIMESTAMP, 0);
INSERT INTO [konyadminconsole].[city](id, Region_id, Country_id, Name, createdby, modifiedby, createdts, lastmodifiedts, synctimestamp, softdeleteflag) VALUES ('CITY237', 'R29', 'Con1', 'Ranaghat', 'Kony User', 'Kony Dev', CURRENT_TIMESTAMP, CURRENT_TIMESTAMP, CURRENT_TIMESTAMP, 0);
INSERT INTO [konyadminconsole].[city](id, Region_id, Country_id, Name, createdby, modifiedby, createdts, lastmodifiedts, synctimestamp, softdeleteflag) VALUES ('CITY238', 'R11', 'Con1', 'Shimla', 'Kony User', 'Kony Dev', CURRENT_TIMESTAMP, CURRENT_TIMESTAMP, CURRENT_TIMESTAMP, 0);
INSERT INTO [konyadminconsole].[city](id, Region_id, Country_id, Name, createdby, modifiedby, createdts, lastmodifiedts, synctimestamp, softdeleteflag) VALUES ('CITY239', 'R25', 'Con1', 'Tiruvannamalai', 'Kony User', 'Kony Dev', CURRENT_TIMESTAMP, CURRENT_TIMESTAMP, CURRENT_TIMESTAMP, 0);
INSERT INTO [konyadminconsole].[city](id, Region_id, Country_id, Name, createdby, modifiedby, createdts, lastmodifiedts, synctimestamp, softdeleteflag) VALUES ('CITY24', 'R27', 'Con1', 'Agra', 'Kony User', 'Kony Dev', CURRENT_TIMESTAMP, CURRENT_TIMESTAMP, CURRENT_TIMESTAMP, 0);
INSERT INTO [konyadminconsole].[city](id, Region_id, Country_id, Name, createdby, modifiedby, createdts, lastmodifiedts, synctimestamp, softdeleteflag) VALUES ('CITY240', 'R10', 'Con1', 'Kaithal', 'Kony User', 'Kony Dev', CURRENT_TIMESTAMP, CURRENT_TIMESTAMP, CURRENT_TIMESTAMP, 0);
INSERT INTO [konyadminconsole].[city](id, Region_id, Country_id, Name, createdby, modifiedby, createdts, lastmodifiedts, synctimestamp, softdeleteflag) VALUES ('CITY241', 'R7', 'Con1', 'Rajnandgaon', 'Kony User', 'Kony Dev', CURRENT_TIMESTAMP, CURRENT_TIMESTAMP, CURRENT_TIMESTAMP, 0);
INSERT INTO [konyadminconsole].[city](id, Region_id, Country_id, Name, createdby, modifiedby, createdts, lastmodifiedts, synctimestamp, softdeleteflag) VALUES ('CITY242', 'R9', 'Con1', 'Godhra', 'Kony User', 'Kony Dev', CURRENT_TIMESTAMP, CURRENT_TIMESTAMP, CURRENT_TIMESTAMP, 0);
INSERT INTO [konyadminconsole].[city](id, Region_id, Country_id, Name, createdby, modifiedby, createdts, lastmodifiedts, synctimestamp, softdeleteflag) VALUES ('CITY243', 'R13', 'Con1', 'Hazaribag', 'Kony User', 'Kony Dev', CURRENT_TIMESTAMP, CURRENT_TIMESTAMP, CURRENT_TIMESTAMP, 0);
INSERT INTO [konyadminconsole].[city](id, Region_id, Country_id, Name, createdby, modifiedby, createdts, lastmodifiedts, synctimestamp, softdeleteflag) VALUES ('CITY244', 'R3', 'Con1', 'Bhimavaram', 'Kony User', 'Kony Dev', CURRENT_TIMESTAMP, CURRENT_TIMESTAMP, CURRENT_TIMESTAMP, 0);
INSERT INTO [konyadminconsole].[city](id, Region_id, Country_id, Name, createdby, modifiedby, createdts, lastmodifiedts, synctimestamp, softdeleteflag) VALUES ('CITY245', 'R16', 'Con1', 'Mandsaur', 'Kony User', 'Kony Dev', CURRENT_TIMESTAMP, CURRENT_TIMESTAMP, CURRENT_TIMESTAMP, 0);
INSERT INTO [konyadminconsole].[city](id, Region_id, Country_id, Name, createdby, modifiedby, createdts, lastmodifiedts, synctimestamp, softdeleteflag) VALUES ('CITY246', 'R5', 'Con1', 'Dibrugarh', 'Kony User', 'Kony Dev', CURRENT_TIMESTAMP, CURRENT_TIMESTAMP, CURRENT_TIMESTAMP, 0);
INSERT INTO [konyadminconsole].[city](id, Region_id, Country_id, Name, createdby, modifiedby, createdts, lastmodifiedts, synctimestamp, softdeleteflag) VALUES ('CITY247', 'R14', 'Con1', 'Kolar', 'Kony User', 'Kony Dev', CURRENT_TIMESTAMP, CURRENT_TIMESTAMP, CURRENT_TIMESTAMP, 0);
INSERT INTO [konyadminconsole].[city](id, Region_id, Country_id, Name, createdby, modifiedby, createdts, lastmodifiedts, synctimestamp, softdeleteflag) VALUES ('CITY248', 'R29', 'Con1', 'Bankura', 'Kony User', 'Kony Dev', CURRENT_TIMESTAMP, CURRENT_TIMESTAMP, CURRENT_TIMESTAMP, 0);
INSERT INTO [konyadminconsole].[city](id, Region_id, Country_id, Name, createdby, modifiedby, createdts, lastmodifiedts, synctimestamp, softdeleteflag) VALUES ('CITY249', 'R14', 'Con1', 'Mandya', 'Kony User', 'Kony Dev', CURRENT_TIMESTAMP, CURRENT_TIMESTAMP, CURRENT_TIMESTAMP, 0);
INSERT INTO [konyadminconsole].[city](id, Region_id, Country_id, Name, createdby, modifiedby, createdts, lastmodifiedts, synctimestamp, softdeleteflag) VALUES ('CITY25', 'R29', 'Con1', 'Siliguri', 'Kony User', 'Kony Dev', CURRENT_TIMESTAMP, CURRENT_TIMESTAMP, CURRENT_TIMESTAMP, 0);
INSERT INTO [konyadminconsole].[city](id, Region_id, Country_id, Name, createdby, modifiedby, createdts, lastmodifiedts, synctimestamp, softdeleteflag) VALUES ('CITY250', 'R6', 'Con1', 'Dehri-on-Sone', 'Kony User', 'Kony Dev', CURRENT_TIMESTAMP, CURRENT_TIMESTAMP, CURRENT_TIMESTAMP, 0);
INSERT INTO [konyadminconsole].[city](id, Region_id, Country_id, Name, createdby, modifiedby, createdts, lastmodifiedts, synctimestamp, softdeleteflag) VALUES ('CITY251', 'R3', 'Con1', 'Madanapalle', 'Kony User', 'Kony Dev', CURRENT_TIMESTAMP, CURRENT_TIMESTAMP, CURRENT_TIMESTAMP, 0);
INSERT INTO [konyadminconsole].[city](id, Region_id, Country_id, Name, createdby, modifiedby, createdts, lastmodifiedts, synctimestamp, softdeleteflag) VALUES ('CITY252', 'R22', 'Con1', 'Malerkotla', 'Kony User', 'Kony Dev', CURRENT_TIMESTAMP, CURRENT_TIMESTAMP, CURRENT_TIMESTAMP, 0);
INSERT INTO [konyadminconsole].[city](id, Region_id, Country_id, Name, createdby, modifiedby, createdts, lastmodifiedts, synctimestamp, softdeleteflag) VALUES ('CITY253', 'R27', 'Con1', 'Lalitpur', 'Kony User', 'Kony Dev', CURRENT_TIMESTAMP, CURRENT_TIMESTAMP, CURRENT_TIMESTAMP, 0);
INSERT INTO [konyadminconsole].[city](id, Region_id, Country_id, Name, createdby, modifiedby, createdts, lastmodifiedts, synctimestamp, softdeleteflag) VALUES ('CITY254', 'R6', 'Con1', 'Bettiah', 'Kony User', 'Kony Dev', CURRENT_TIMESTAMP, CURRENT_TIMESTAMP, CURRENT_TIMESTAMP, 0);
INSERT INTO [konyadminconsole].[city](id, Region_id, Country_id, Name, createdby, modifiedby, createdts, lastmodifiedts, synctimestamp, softdeleteflag) VALUES ('CITY255', 'R25', 'Con1', 'Pollachi', 'Kony User', 'Kony Dev', CURRENT_TIMESTAMP, CURRENT_TIMESTAMP, CURRENT_TIMESTAMP, 0);
INSERT INTO [konyadminconsole].[city](id, Region_id, Country_id, Name, createdby, modifiedby, createdts, lastmodifiedts, synctimestamp, softdeleteflag) VALUES ('CITY256', 'R22', 'Con1', 'Khanna', 'Kony User', 'Kony Dev', CURRENT_TIMESTAMP, CURRENT_TIMESTAMP, CURRENT_TIMESTAMP, 0);
INSERT INTO [konyadminconsole].[city](id, Region_id, Country_id, Name, createdby, modifiedby, createdts, lastmodifiedts, synctimestamp, softdeleteflag) VALUES ('CITY257', 'R16', 'Con1', 'Neemuch', 'Kony User', 'Kony Dev', CURRENT_TIMESTAMP, CURRENT_TIMESTAMP, CURRENT_TIMESTAMP, 0);
INSERT INTO [konyadminconsole].[city](id, Region_id, Country_id, Name, createdby, modifiedby, createdts, lastmodifiedts, synctimestamp, softdeleteflag) VALUES ('CITY258', 'R10', 'Con1', 'Palwal', 'Kony User', 'Kony Dev', CURRENT_TIMESTAMP, CURRENT_TIMESTAMP, CURRENT_TIMESTAMP, 0);
INSERT INTO [konyadminconsole].[city](id, Region_id, Country_id, Name, createdby, modifiedby, createdts, lastmodifiedts, synctimestamp, softdeleteflag) VALUES ('CITY259', 'R9', 'Con1', 'Palanpur', 'Kony User', 'Kony Dev', CURRENT_TIMESTAMP, CURRENT_TIMESTAMP, CURRENT_TIMESTAMP, 0);
INSERT INTO [konyadminconsole].[city](id, Region_id, Country_id, Name, createdby, modifiedby, createdts, lastmodifiedts, synctimestamp, softdeleteflag) VALUES ('CITY26', 'R2', 'Con1', 'Nashik', 'Kony User', 'Kony Dev', CURRENT_TIMESTAMP, CURRENT_TIMESTAMP, CURRENT_TIMESTAMP, 0);
INSERT INTO [konyadminconsole].[city](id, Region_id, Country_id, Name, createdby, modifiedby, createdts, lastmodifiedts, synctimestamp, softdeleteflag) VALUES ('CITY260', 'R3', 'Con1', 'Guntakal', 'Kony User', 'Kony Dev', CURRENT_TIMESTAMP, CURRENT_TIMESTAMP, CURRENT_TIMESTAMP, 0);
INSERT INTO [konyadminconsole].[city](id, Region_id, Country_id, Name, createdby, modifiedby, createdts, lastmodifiedts, synctimestamp, softdeleteflag) VALUES ('CITY261', 'R29', 'Con1', 'Nabadwip', 'Kony User', 'Kony Dev', CURRENT_TIMESTAMP, CURRENT_TIMESTAMP, CURRENT_TIMESTAMP, 0);
INSERT INTO [konyadminconsole].[city](id, Region_id, Country_id, Name, createdby, modifiedby, createdts, lastmodifiedts, synctimestamp, softdeleteflag) VALUES ('CITY262', 'R14', 'Con1', 'Udupi', 'Kony User', 'Kony Dev', CURRENT_TIMESTAMP, CURRENT_TIMESTAMP, CURRENT_TIMESTAMP, 0);
INSERT INTO [konyadminconsole].[city](id, Region_id, Country_id, Name, createdby, modifiedby, createdts, lastmodifiedts, synctimestamp, softdeleteflag) VALUES ('CITY263', 'R7', 'Con1', 'Jagdalpur', 'Kony User', 'Kony Dev', CURRENT_TIMESTAMP, CURRENT_TIMESTAMP, CURRENT_TIMESTAMP, 0);
INSERT INTO [konyadminconsole].[city](id, Region_id, Country_id, Name, createdby, modifiedby, createdts, lastmodifiedts, synctimestamp, softdeleteflag) VALUES ('CITY264', 'R6', 'Con1', 'Motihari', 'Kony User', 'Kony Dev', CURRENT_TIMESTAMP, CURRENT_TIMESTAMP, CURRENT_TIMESTAMP, 0);
INSERT INTO [konyadminconsole].[city](id, Region_id, Country_id, Name, createdby, modifiedby, createdts, lastmodifiedts, synctimestamp, softdeleteflag) VALUES ('CITY265', 'R27', 'Con1', 'Pilibhit', 'Kony User', 'Kony Dev', CURRENT_TIMESTAMP, CURRENT_TIMESTAMP, CURRENT_TIMESTAMP, 0);
INSERT INTO [konyadminconsole].[city](id, Region_id, Country_id, Name, createdby, modifiedby, createdts, lastmodifiedts, synctimestamp, softdeleteflag) VALUES ('CITY266', 'R20', 'Con1', 'Dimapur', 'Kony User', 'Kony Dev', CURRENT_TIMESTAMP, CURRENT_TIMESTAMP, CURRENT_TIMESTAMP, 0);
INSERT INTO [konyadminconsole].[city](id, Region_id, Country_id, Name, createdby, modifiedby, createdts, lastmodifiedts, synctimestamp, softdeleteflag) VALUES ('CITY267', 'R22', 'Con1', 'Mohali', 'Kony User', 'Kony Dev', CURRENT_TIMESTAMP, CURRENT_TIMESTAMP, CURRENT_TIMESTAMP, 0);
INSERT INTO [konyadminconsole].[city](id, Region_id, Country_id, Name, createdby, modifiedby, createdts, lastmodifiedts, synctimestamp, softdeleteflag) VALUES ('CITY268', 'R23', 'Con1', 'Sadulpur', 'Kony User', 'Kony Dev', CURRENT_TIMESTAMP, CURRENT_TIMESTAMP, CURRENT_TIMESTAMP, 0);
INSERT INTO [konyadminconsole].[city](id, Region_id, Country_id, Name, createdby, modifiedby, createdts, lastmodifiedts, synctimestamp, softdeleteflag) VALUES ('CITY269', 'R25', 'Con1', 'Rajapalayam', 'Kony User', 'Kony Dev', CURRENT_TIMESTAMP, CURRENT_TIMESTAMP, CURRENT_TIMESTAMP, 0);
INSERT INTO [konyadminconsole].[city](id, Region_id, Country_id, Name, createdby, modifiedby, createdts, lastmodifiedts, synctimestamp, softdeleteflag) VALUES ('CITY27', 'R10', 'Con1', 'Faridabad', 'Kony User', 'Kony Dev', CURRENT_TIMESTAMP, CURRENT_TIMESTAMP, CURRENT_TIMESTAMP, 0);
INSERT INTO [konyadminconsole].[city](id, Region_id, Country_id, Name, createdby, modifiedby, createdts, lastmodifiedts, synctimestamp, softdeleteflag) VALUES ('CITY270', 'R3', 'Con1', 'Dharmavaram', 'Kony User', 'Kony Dev', CURRENT_TIMESTAMP, CURRENT_TIMESTAMP, CURRENT_TIMESTAMP, 0);
INSERT INTO [konyadminconsole].[city](id, Region_id, Country_id, Name, createdby, modifiedby, createdts, lastmodifiedts, synctimestamp, softdeleteflag) VALUES ('CITY271', 'R28', 'Con1', 'Kashipur', 'Kony User', 'Kony Dev', CURRENT_TIMESTAMP, CURRENT_TIMESTAMP, CURRENT_TIMESTAMP, 0);
INSERT INTO [konyadminconsole].[city](id, Region_id, Country_id, Name, createdby, modifiedby, createdts, lastmodifiedts, synctimestamp, softdeleteflag) VALUES ('CITY272', 'R25', 'Con1', 'Sivakasi', 'Kony User', 'Kony Dev', CURRENT_TIMESTAMP, CURRENT_TIMESTAMP, CURRENT_TIMESTAMP, 0);
INSERT INTO [konyadminconsole].[city](id, Region_id, Country_id, Name, createdby, modifiedby, createdts, lastmodifiedts, synctimestamp, softdeleteflag) VALUES ('CITY273', 'R29', 'Con1', 'Darjiling', 'Kony User', 'Kony Dev', CURRENT_TIMESTAMP, CURRENT_TIMESTAMP, CURRENT_TIMESTAMP, 0);
INSERT INTO [konyadminconsole].[city](id, Region_id, Country_id, Name, createdby, modifiedby, createdts, lastmodifiedts, synctimestamp, softdeleteflag) VALUES ('CITY274', 'R14', 'Con1', 'Chikkamagaluru', 'Kony User', 'Kony Dev', CURRENT_TIMESTAMP, CURRENT_TIMESTAMP, CURRENT_TIMESTAMP, 0);
INSERT INTO [konyadminconsole].[city](id, Region_id, Country_id, Name, createdby, modifiedby, createdts, lastmodifiedts, synctimestamp, softdeleteflag) VALUES ('CITY275', 'R3', 'Con1', 'Gudivada', 'Kony User', 'Kony Dev', CURRENT_TIMESTAMP, CURRENT_TIMESTAMP, CURRENT_TIMESTAMP, 0);
INSERT INTO [konyadminconsole].[city](id, Region_id, Country_id, Name, createdby, modifiedby, createdts, lastmodifiedts, synctimestamp, softdeleteflag) VALUES ('CITY276', 'R21', 'Con1', 'Baleshwar Town', 'Kony User', 'Kony Dev', CURRENT_TIMESTAMP, CURRENT_TIMESTAMP, CURRENT_TIMESTAMP, 0);
INSERT INTO [konyadminconsole].[city](id, Region_id, Country_id, Name, createdby, modifiedby, createdts, lastmodifiedts, synctimestamp, softdeleteflag) VALUES ('CITY277', 'R1', 'Con1', 'Mancherial', 'Kony User', 'Kony Dev', CURRENT_TIMESTAMP, CURRENT_TIMESTAMP, CURRENT_TIMESTAMP, 0);
INSERT INTO [konyadminconsole].[city](id, Region_id, Country_id, Name, createdby, modifiedby, createdts, lastmodifiedts, synctimestamp, softdeleteflag) VALUES ('CITY278', 'R3', 'Con1', 'Srikakulam', 'Kony User', 'Kony Dev', CURRENT_TIMESTAMP, CURRENT_TIMESTAMP, CURRENT_TIMESTAMP, 0);
INSERT INTO [konyadminconsole].[city](id, Region_id, Country_id, Name, createdby, modifiedby, createdts, lastmodifiedts, synctimestamp, softdeleteflag) VALUES ('CITY279', 'R1', 'Con1', 'Adilabad', 'Kony User', 'Kony Dev', CURRENT_TIMESTAMP, CURRENT_TIMESTAMP, CURRENT_TIMESTAMP, 0);
INSERT INTO [konyadminconsole].[city](id, Region_id, Country_id, Name, createdby, modifiedby, createdts, lastmodifiedts, synctimestamp, softdeleteflag) VALUES ('CITY28', 'R22', 'Con1', 'Patiala', 'Kony User', 'Kony Dev', CURRENT_TIMESTAMP, CURRENT_TIMESTAMP, CURRENT_TIMESTAMP, 0);
INSERT INTO [konyadminconsole].[city](id, Region_id, Country_id, Name, createdby, modifiedby, createdts, lastmodifiedts, synctimestamp, softdeleteflag) VALUES ('CITY280', 'R2', 'Con1', 'Yavatmal', 'Kony User', 'Kony Dev', CURRENT_TIMESTAMP, CURRENT_TIMESTAMP, CURRENT_TIMESTAMP, 0);
INSERT INTO [konyadminconsole].[city](id, Region_id, Country_id, Name, createdby, modifiedby, createdts, lastmodifiedts, synctimestamp, softdeleteflag) VALUES ('CITY281', 'R22', 'Con1', 'Barnala', 'Kony User', 'Kony Dev', CURRENT_TIMESTAMP, CURRENT_TIMESTAMP, CURRENT_TIMESTAMP, 0);
INSERT INTO [konyadminconsole].[city](id, Region_id, Country_id, Name, createdby, modifiedby, createdts, lastmodifiedts, synctimestamp, softdeleteflag) VALUES ('CITY282', 'R5', 'Con1', 'Nagaon', 'Kony User', 'Kony Dev', CURRENT_TIMESTAMP, CURRENT_TIMESTAMP, CURRENT_TIMESTAMP, 0);
INSERT INTO [konyadminconsole].[city](id, Region_id, Country_id, Name, createdby, modifiedby, createdts, lastmodifiedts, synctimestamp, softdeleteflag) VALUES ('CITY283', 'R3', 'Con1', 'Narasaraopet', 'Kony User', 'Kony Dev', CURRENT_TIMESTAMP, CURRENT_TIMESTAMP, CURRENT_TIMESTAMP, 0);
INSERT INTO [konyadminconsole].[city](id, Region_id, Country_id, Name, createdby, modifiedby, createdts, lastmodifiedts, synctimestamp, softdeleteflag) VALUES ('CITY284', 'R7', 'Con1', 'Raigarh', 'Kony User', 'Kony Dev', CURRENT_TIMESTAMP, CURRENT_TIMESTAMP, CURRENT_TIMESTAMP, 0);
INSERT INTO [konyadminconsole].[city](id, Region_id, Country_id, Name, createdby, modifiedby, createdts, lastmodifiedts, synctimestamp, softdeleteflag) VALUES ('CITY285', 'R28', 'Con1', 'Roorkee', 'Kony User', 'Kony Dev', CURRENT_TIMESTAMP, CURRENT_TIMESTAMP, CURRENT_TIMESTAMP, 0);
INSERT INTO [konyadminconsole].[city](id, Region_id, Country_id, Name, createdby, modifiedby, createdts, lastmodifiedts, synctimestamp, softdeleteflag) VALUES ('CITY286', 'R9', 'Con1', 'Valsad', 'Kony User', 'Kony Dev', CURRENT_TIMESTAMP, CURRENT_TIMESTAMP, CURRENT_TIMESTAMP, 0);
INSERT INTO [konyadminconsole].[city](id, Region_id, Country_id, Name, createdby, modifiedby, createdts, lastmodifiedts, synctimestamp, softdeleteflag) VALUES ('CITY287', 'R7', 'Con1', 'Ambikapur', 'Kony User', 'Kony Dev', CURRENT_TIMESTAMP, CURRENT_TIMESTAMP, CURRENT_TIMESTAMP, 0);
INSERT INTO [konyadminconsole].[city](id, Region_id, Country_id, Name, createdby, modifiedby, createdts, lastmodifiedts, synctimestamp, softdeleteflag) VALUES ('CITY288', 'R13', 'Con1', 'Giridih', 'Kony User', 'Kony Dev', CURRENT_TIMESTAMP, CURRENT_TIMESTAMP, CURRENT_TIMESTAMP, 0);
INSERT INTO [konyadminconsole].[city](id, Region_id, Country_id, Name, createdby, modifiedby, createdts, lastmodifiedts, synctimestamp, softdeleteflag) VALUES ('CITY289', 'R27', 'Con1', 'Chandausi', 'Kony User', 'Kony Dev', CURRENT_TIMESTAMP, CURRENT_TIMESTAMP, CURRENT_TIMESTAMP, 0);
INSERT INTO [konyadminconsole].[city](id, Region_id, Country_id, Name, createdby, modifiedby, createdts, lastmodifiedts, synctimestamp, softdeleteflag) VALUES ('CITY29', 'R27', 'Con1', 'Meerut', 'Kony User', 'Kony Dev', CURRENT_TIMESTAMP, CURRENT_TIMESTAMP, CURRENT_TIMESTAMP, 0);
INSERT INTO [konyadminconsole].[city](id, Region_id, Country_id, Name, createdby, modifiedby, createdts, lastmodifiedts, synctimestamp, softdeleteflag) VALUES ('CITY290', 'R29', 'Con1', 'Purulia', 'Kony User', 'Kony Dev', CURRENT_TIMESTAMP, CURRENT_TIMESTAMP, CURRENT_TIMESTAMP, 0);
INSERT INTO [konyadminconsole].[city](id, Region_id, Country_id, Name, createdby, modifiedby, createdts, lastmodifiedts, synctimestamp, softdeleteflag) VALUES ('CITY291', 'R9', 'Con1', 'Patan', 'Kony User', 'Kony Dev', CURRENT_TIMESTAMP, CURRENT_TIMESTAMP, CURRENT_TIMESTAMP, 0);
INSERT INTO [konyadminconsole].[city](id, Region_id, Country_id, Name, createdby, modifiedby, createdts, lastmodifiedts, synctimestamp, softdeleteflag) VALUES ('CITY292', 'R6', 'Con1', 'Bagaha', 'Kony User', 'Kony Dev', CURRENT_TIMESTAMP, CURRENT_TIMESTAMP, CURRENT_TIMESTAMP, 0);
INSERT INTO [konyadminconsole].[city](id, Region_id, Country_id, Name, createdby, modifiedby, createdts, lastmodifiedts, synctimestamp, softdeleteflag) VALUES ('CITY293', 'R27', 'Con1', 'Hardoi ', 'Kony User', 'Kony Dev', CURRENT_TIMESTAMP, CURRENT_TIMESTAMP, CURRENT_TIMESTAMP, 0);
INSERT INTO [konyadminconsole].[city](id, Region_id, Country_id, Name, createdby, modifiedby, createdts, lastmodifiedts, synctimestamp, softdeleteflag) VALUES ('CITY294', 'R2', 'Con1', 'Achalpur', 'Kony User', 'Kony Dev', CURRENT_TIMESTAMP, CURRENT_TIMESTAMP, CURRENT_TIMESTAMP, 0);
INSERT INTO [konyadminconsole].[city](id, Region_id, Country_id, Name, createdby, modifiedby, createdts, lastmodifiedts, synctimestamp, softdeleteflag) VALUES ('CITY295', 'R2', 'Con1', 'Osmanabad', 'Kony User', 'Kony Dev', CURRENT_TIMESTAMP, CURRENT_TIMESTAMP, CURRENT_TIMESTAMP, 0);
INSERT INTO [konyadminconsole].[city](id, Region_id, Country_id, Name, createdby, modifiedby, createdts, lastmodifiedts, synctimestamp, softdeleteflag) VALUES ('CITY296', 'R9', 'Con1', 'Deesa', 'Kony User', 'Kony Dev', CURRENT_TIMESTAMP, CURRENT_TIMESTAMP, CURRENT_TIMESTAMP, 0);
INSERT INTO [konyadminconsole].[city](id, Region_id, Country_id, Name, createdby, modifiedby, createdts, lastmodifiedts, synctimestamp, softdeleteflag) VALUES ('CITY297', 'R2', 'Con1', 'Nandurbar', 'Kony User', 'Kony Dev', CURRENT_TIMESTAMP, CURRENT_TIMESTAMP, CURRENT_TIMESTAMP, 0);
INSERT INTO [konyadminconsole].[city](id, Region_id, Country_id, Name, createdby, modifiedby, createdts, lastmodifiedts, synctimestamp, softdeleteflag) VALUES ('CITY298', 'R27', 'Con1', 'Azamgarh', 'Kony User', 'Kony Dev', CURRENT_TIMESTAMP, CURRENT_TIMESTAMP, CURRENT_TIMESTAMP, 0);
INSERT INTO [konyadminconsole].[city](id, Region_id, Country_id, Name, createdby, modifiedby, createdts, lastmodifiedts, synctimestamp, softdeleteflag) VALUES ('CITY299', 'R13', 'Con1', 'Ramgarh', 'Kony User', 'Kony Dev', CURRENT_TIMESTAMP, CURRENT_TIMESTAMP, CURRENT_TIMESTAMP, 0);
INSERT INTO [konyadminconsole].[city](id, Region_id, Country_id, Name, createdby, modifiedby, createdts, lastmodifiedts, synctimestamp, softdeleteflag) VALUES ('CITY30', 'R2', 'Con1', 'Kalyan-Dombivali', 'Kony User', 'Kony Dev', CURRENT_TIMESTAMP, CURRENT_TIMESTAMP, CURRENT_TIMESTAMP, 0);
INSERT INTO [konyadminconsole].[city](id, Region_id, Country_id, Name, createdby, modifiedby, createdts, lastmodifiedts, synctimestamp, softdeleteflag) VALUES ('CITY300', 'R22', 'Con1', 'Firozpur', 'Kony User', 'Kony Dev', CURRENT_TIMESTAMP, CURRENT_TIMESTAMP, CURRENT_TIMESTAMP, 0);
INSERT INTO [konyadminconsole].[city](id, Region_id, Country_id, Name, createdby, modifiedby, createdts, lastmodifiedts, synctimestamp, softdeleteflag) VALUES ('CITY301', 'R21', 'Con1', 'Baripada Town', 'Kony User', 'Kony Dev', CURRENT_TIMESTAMP, CURRENT_TIMESTAMP, CURRENT_TIMESTAMP, 0);
INSERT INTO [konyadminconsole].[city](id, Region_id, Country_id, Name, createdby, modifiedby, createdts, lastmodifiedts, synctimestamp, softdeleteflag) VALUES ('CITY302', 'R14', 'Con1', 'Karwar', 'Kony User', 'Kony Dev', CURRENT_TIMESTAMP, CURRENT_TIMESTAMP, CURRENT_TIMESTAMP, 0);
INSERT INTO [konyadminconsole].[city](id, Region_id, Country_id, Name, createdby, modifiedby, createdts, lastmodifiedts, synctimestamp, softdeleteflag) VALUES ('CITY303', 'R6', 'Con1', 'Siwan', 'Kony User', 'Kony Dev', CURRENT_TIMESTAMP, CURRENT_TIMESTAMP, CURRENT_TIMESTAMP, 0);
INSERT INTO [konyadminconsole].[city](id, Region_id, Country_id, Name, createdby, modifiedby, createdts, lastmodifiedts, synctimestamp, softdeleteflag) VALUES ('CITY304', 'R3', 'Con1', 'Rajampet', 'Kony User', 'Kony Dev', CURRENT_TIMESTAMP, CURRENT_TIMESTAMP, CURRENT_TIMESTAMP, 0);
INSERT INTO [konyadminconsole].[city](id, Region_id, Country_id, Name, createdby, modifiedby, createdts, lastmodifiedts, synctimestamp, softdeleteflag) VALUES ('CITY305', 'R25', 'Con1', 'Pudukkottai', 'Kony User', 'Kony Dev', CURRENT_TIMESTAMP, CURRENT_TIMESTAMP, CURRENT_TIMESTAMP, 0);
INSERT INTO [konyadminconsole].[city](id, Region_id, Country_id, Name, createdby, modifiedby, createdts, lastmodifiedts, synctimestamp, softdeleteflag) VALUES ('CITY306', 'R12', 'Con1', 'Anantnag', 'Kony User', 'Kony Dev', CURRENT_TIMESTAMP, CURRENT_TIMESTAMP, CURRENT_TIMESTAMP, 0);
INSERT INTO [konyadminconsole].[city](id, Region_id, Country_id, Name, createdby, modifiedby, createdts, lastmodifiedts, synctimestamp, softdeleteflag) VALUES ('CITY307', 'R3', 'Con1', 'Tadpatri', 'Kony User', 'Kony Dev', CURRENT_TIMESTAMP, CURRENT_TIMESTAMP, CURRENT_TIMESTAMP, 0);
INSERT INTO [konyadminconsole].[city](id, Region_id, Country_id, Name, createdby, modifiedby, createdts, lastmodifiedts, synctimestamp, softdeleteflag) VALUES ('CITY308', 'R2', 'Con1', 'Satara', 'Kony User', 'Kony Dev', CURRENT_TIMESTAMP, CURRENT_TIMESTAMP, CURRENT_TIMESTAMP, 0);
INSERT INTO [konyadminconsole].[city](id, Region_id, Country_id, Name, createdby, modifiedby, createdts, lastmodifiedts, synctimestamp, softdeleteflag) VALUES ('CITY309', 'R21', 'Con1', 'Bhadrak', 'Kony User', 'Kony Dev', CURRENT_TIMESTAMP, CURRENT_TIMESTAMP, CURRENT_TIMESTAMP, 0);
INSERT INTO [konyadminconsole].[city](id, Region_id, Country_id, Name, createdby, modifiedby, createdts, lastmodifiedts, synctimestamp, softdeleteflag) VALUES ('CITY31', 'R2', 'Con1', 'Vasai-Virar', 'Kony User', 'Kony Dev', CURRENT_TIMESTAMP, CURRENT_TIMESTAMP, CURRENT_TIMESTAMP, 0);
INSERT INTO [konyadminconsole].[city](id, Region_id, Country_id, Name, createdby, modifiedby, createdts, lastmodifiedts, synctimestamp, softdeleteflag) VALUES ('CITY310', 'R6', 'Con1', 'Kishanganj', 'Kony User', 'Kony Dev', CURRENT_TIMESTAMP, CURRENT_TIMESTAMP, CURRENT_TIMESTAMP, 0);
INSERT INTO [konyadminconsole].[city](id, Region_id, Country_id, Name, createdby, modifiedby, createdts, lastmodifiedts, synctimestamp, softdeleteflag) VALUES ('CITY311', 'R1', 'Con1', 'Suryapet', 'Kony User', 'Kony Dev', CURRENT_TIMESTAMP, CURRENT_TIMESTAMP, CURRENT_TIMESTAMP, 0);
INSERT INTO [konyadminconsole].[city](id, Region_id, Country_id, Name, createdby, modifiedby, createdts, lastmodifiedts, synctimestamp, softdeleteflag) VALUES ('CITY312', 'R2', 'Con1', 'Wardha', 'Kony User', 'Kony Dev', CURRENT_TIMESTAMP, CURRENT_TIMESTAMP, CURRENT_TIMESTAMP, 0);
INSERT INTO [konyadminconsole].[city](id, Region_id, Country_id, Name, createdby, modifiedby, createdts, lastmodifiedts, synctimestamp, softdeleteflag) VALUES ('CITY313', 'R14', 'Con1', 'Ranebennuru', 'Kony User', 'Kony Dev', CURRENT_TIMESTAMP, CURRENT_TIMESTAMP, CURRENT_TIMESTAMP, 0);
INSERT INTO [konyadminconsole].[city](id, Region_id, Country_id, Name, createdby, modifiedby, createdts, lastmodifiedts, synctimestamp, softdeleteflag) VALUES ('CITY314', 'R9', 'Con1', 'Amreli', 'Kony User', 'Kony Dev', CURRENT_TIMESTAMP, CURRENT_TIMESTAMP, CURRENT_TIMESTAMP, 0);
INSERT INTO [konyadminconsole].[city](id, Region_id, Country_id, Name, createdby, modifiedby, createdts, lastmodifiedts, synctimestamp, softdeleteflag) VALUES ('CITY315', 'R25', 'Con1', 'Neyveli (TS)', 'Kony User', 'Kony Dev', CURRENT_TIMESTAMP, CURRENT_TIMESTAMP, CURRENT_TIMESTAMP, 0);
INSERT INTO [konyadminconsole].[city](id, Region_id, Country_id, Name, createdby, modifiedby, createdts, lastmodifiedts, synctimestamp, softdeleteflag) VALUES ('CITY316', 'R6', 'Con1', 'Jamalpur', 'Kony User', 'Kony Dev', CURRENT_TIMESTAMP, CURRENT_TIMESTAMP, CURRENT_TIMESTAMP, 0);
INSERT INTO [konyadminconsole].[city](id, Region_id, Country_id, Name, createdby, modifiedby, createdts, lastmodifiedts, synctimestamp, softdeleteflag) VALUES ('CITY317', 'R8', 'Con1', 'Marmagao', 'Kony User', 'Kony Dev', CURRENT_TIMESTAMP, CURRENT_TIMESTAMP, CURRENT_TIMESTAMP, 0);
INSERT INTO [konyadminconsole].[city](id, Region_id, Country_id, Name, createdby, modifiedby, createdts, lastmodifiedts, synctimestamp, softdeleteflag) VALUES ('CITY318', 'R2', 'Con1', 'Udgir', 'Kony User', 'Kony Dev', CURRENT_TIMESTAMP, CURRENT_TIMESTAMP, CURRENT_TIMESTAMP, 0);
INSERT INTO [konyadminconsole].[city](id, Region_id, Country_id, Name, createdby, modifiedby, createdts, lastmodifiedts, synctimestamp, softdeleteflag) VALUES ('CITY319', 'R3', 'Con1', 'Tadepalligudem', 'Kony User', 'Kony Dev', CURRENT_TIMESTAMP, CURRENT_TIMESTAMP, CURRENT_TIMESTAMP, 0);
INSERT INTO [konyadminconsole].[city](id, Region_id, Country_id, Name, createdby, modifiedby, createdts, lastmodifiedts, synctimestamp, softdeleteflag) VALUES ('CITY32', 'R27', 'Con1', 'Varanasi', 'Kony User', 'Kony Dev', CURRENT_TIMESTAMP, CURRENT_TIMESTAMP, CURRENT_TIMESTAMP, 0);
INSERT INTO [konyadminconsole].[city](id, Region_id, Country_id, Name, createdby, modifiedby, createdts, lastmodifiedts, synctimestamp, softdeleteflag) VALUES ('CITY320', 'R25', 'Con1', 'Nagapattinam', 'Kony User', 'Kony Dev', CURRENT_TIMESTAMP, CURRENT_TIMESTAMP, CURRENT_TIMESTAMP, 0);
INSERT INTO [konyadminconsole].[city](id, Region_id, Country_id, Name, createdby, modifiedby, createdts, lastmodifiedts, synctimestamp, softdeleteflag) VALUES ('CITY321', 'R6', 'Con1', 'Buxar', 'Kony User', 'Kony Dev', CURRENT_TIMESTAMP, CURRENT_TIMESTAMP, CURRENT_TIMESTAMP, 0);
INSERT INTO [konyadminconsole].[city](id, Region_id, Country_id, Name, createdby, modifiedby, createdts, lastmodifiedts, synctimestamp, softdeleteflag) VALUES ('CITY322', 'R2', 'Con1', 'Aurangabad', 'Kony User', 'Kony Dev', CURRENT_TIMESTAMP, CURRENT_TIMESTAMP, CURRENT_TIMESTAMP, 0);
INSERT INTO [konyadminconsole].[city](id, Region_id, Country_id, Name, createdby, modifiedby, createdts, lastmodifiedts, synctimestamp, softdeleteflag) VALUES ('CITY323', 'R6', 'Con1', 'Jehanabad', 'Kony User', 'Kony Dev', CURRENT_TIMESTAMP, CURRENT_TIMESTAMP, CURRENT_TIMESTAMP, 0);
INSERT INTO [konyadminconsole].[city](id, Region_id, Country_id, Name, createdby, modifiedby, createdts, lastmodifiedts, synctimestamp, softdeleteflag) VALUES ('CITY324', 'R22', 'Con1', 'Phagwara', 'Kony User', 'Kony Dev', CURRENT_TIMESTAMP, CURRENT_TIMESTAMP, CURRENT_TIMESTAMP, 0);
INSERT INTO [konyadminconsole].[city](id, Region_id, Country_id, Name, createdby, modifiedby, createdts, lastmodifiedts, synctimestamp, softdeleteflag) VALUES ('CITY325', 'R27', 'Con1', 'Khair', 'Kony User', 'Kony Dev', CURRENT_TIMESTAMP, CURRENT_TIMESTAMP, CURRENT_TIMESTAMP, 0);
INSERT INTO [konyadminconsole].[city](id, Region_id, Country_id, Name, createdby, modifiedby, createdts, lastmodifiedts, synctimestamp, softdeleteflag) VALUES ('CITY326', 'R23', 'Con1', 'Sawai Madhopur', 'Kony User', 'Kony Dev', CURRENT_TIMESTAMP, CURRENT_TIMESTAMP, CURRENT_TIMESTAMP, 0);
INSERT INTO [konyadminconsole].[city](id, Region_id, Country_id, Name, createdby, modifiedby, createdts, lastmodifiedts, synctimestamp, softdeleteflag) VALUES ('CITY327', 'R22', 'Con1', 'Kapurthala', 'Kony User', 'Kony Dev', CURRENT_TIMESTAMP, CURRENT_TIMESTAMP, CURRENT_TIMESTAMP, 0);
INSERT INTO [konyadminconsole].[city](id, Region_id, Country_id, Name, createdby, modifiedby, createdts, lastmodifiedts, synctimestamp, softdeleteflag) VALUES ('CITY328', 'R3', 'Con1', 'Chilakaluripet', 'Kony User', 'Kony Dev', CURRENT_TIMESTAMP, CURRENT_TIMESTAMP, CURRENT_TIMESTAMP, 0);
INSERT INTO [konyadminconsole].[city](id, Region_id, Country_id, Name, createdby, modifiedby, createdts, lastmodifiedts, synctimestamp, softdeleteflag) VALUES ('CITY329', 'R6', 'Con1', 'Aurangabad', 'Kony User', 'Kony Dev', CURRENT_TIMESTAMP, CURRENT_TIMESTAMP, CURRENT_TIMESTAMP, 0);
INSERT INTO [konyadminconsole].[city](id, Region_id, Country_id, Name, createdby, modifiedby, createdts, lastmodifiedts, synctimestamp, softdeleteflag) VALUES ('CITY33', 'R12', 'Con1', 'Srinagar', 'Kony User', 'Kony Dev', CURRENT_TIMESTAMP, CURRENT_TIMESTAMP, CURRENT_TIMESTAMP, 0);
INSERT INTO [konyadminconsole].[city](id, Region_id, Country_id, Name, createdby, modifiedby, createdts, lastmodifiedts, synctimestamp, softdeleteflag) VALUES ('CITY330', 'R15', 'Con1', 'Malappuram', 'Kony User', 'Kony Dev', CURRENT_TIMESTAMP, CURRENT_TIMESTAMP, CURRENT_TIMESTAMP, 0);
INSERT INTO [konyadminconsole].[city](id, Region_id, Country_id, Name, createdby, modifiedby, createdts, lastmodifiedts, synctimestamp, softdeleteflag) VALUES ('CITY331', 'R10', 'Con1', 'Rewari', 'Kony User', 'Kony Dev', CURRENT_TIMESTAMP, CURRENT_TIMESTAMP, CURRENT_TIMESTAMP, 0);
INSERT INTO [konyadminconsole].[city](id, Region_id, Country_id, Name, createdby, modifiedby, createdts, lastmodifiedts, synctimestamp, softdeleteflag) VALUES ('CITY332', 'R23', 'Con1', 'Nagaur', 'Kony User', 'Kony Dev', CURRENT_TIMESTAMP, CURRENT_TIMESTAMP, CURRENT_TIMESTAMP, 0);
INSERT INTO [konyadminconsole].[city](id, Region_id, Country_id, Name, createdby, modifiedby, createdts, lastmodifiedts, synctimestamp, softdeleteflag) VALUES ('CITY333', 'R27', 'Con1', 'Sultanpur', 'Kony User', 'Kony Dev', CURRENT_TIMESTAMP, CURRENT_TIMESTAMP, CURRENT_TIMESTAMP, 0);
INSERT INTO [konyadminconsole].[city](id, Region_id, Country_id, Name, createdby, modifiedby, createdts, lastmodifiedts, synctimestamp, softdeleteflag) VALUES ('CITY334', 'R16', 'Con1', 'Nagda', 'Kony User', 'Kony Dev', CURRENT_TIMESTAMP, CURRENT_TIMESTAMP, CURRENT_TIMESTAMP, 0);
INSERT INTO [konyadminconsole].[city](id, Region_id, Country_id, Name, createdby, modifiedby, createdts, lastmodifiedts, synctimestamp, softdeleteflag) VALUES ('CITY336', 'R6', 'Con1', 'Lakhisarai', 'Kony User', 'Kony Dev', CURRENT_TIMESTAMP, CURRENT_TIMESTAMP, CURRENT_TIMESTAMP, 0);
INSERT INTO [konyadminconsole].[city](id, Region_id, Country_id, Name, createdby, modifiedby, createdts, lastmodifiedts, synctimestamp, softdeleteflag) VALUES ('CITY337', 'R8', 'Con1', 'Panaji', 'Kony User', 'Kony Dev', CURRENT_TIMESTAMP, CURRENT_TIMESTAMP, CURRENT_TIMESTAMP, 0);
INSERT INTO [konyadminconsole].[city](id, Region_id, Country_id, Name, createdby, modifiedby, createdts, lastmodifiedts, synctimestamp, softdeleteflag) VALUES ('CITY338', 'R5', 'Con1', 'Tinsukia', 'Kony User', 'Kony Dev', CURRENT_TIMESTAMP, CURRENT_TIMESTAMP, CURRENT_TIMESTAMP, 0);
INSERT INTO [konyadminconsole].[city](id, Region_id, Country_id, Name, createdby, modifiedby, createdts, lastmodifiedts, synctimestamp, softdeleteflag) VALUES ('CITY339', 'R16', 'Con1', 'Itarsi', 'Kony User', 'Kony Dev', CURRENT_TIMESTAMP, CURRENT_TIMESTAMP, CURRENT_TIMESTAMP, 0);
INSERT INTO [konyadminconsole].[city](id, Region_id, Country_id, Name, createdby, modifiedby, createdts, lastmodifiedts, synctimestamp, softdeleteflag) VALUES ('CITY34', 'R13', 'Con1', 'Dhanbad', 'Kony User', 'Kony Dev', CURRENT_TIMESTAMP, CURRENT_TIMESTAMP, CURRENT_TIMESTAMP, 0);
INSERT INTO [konyadminconsole].[city](id, Region_id, Country_id, Name, createdby, modifiedby, createdts, lastmodifiedts, synctimestamp, softdeleteflag) VALUES ('CITY340', 'R20', 'Con1', 'Kohima', 'Kony User', 'Kony Dev', CURRENT_TIMESTAMP, CURRENT_TIMESTAMP, CURRENT_TIMESTAMP, 0);
INSERT INTO [konyadminconsole].[city](id, Region_id, Country_id, Name, createdby, modifiedby, createdts, lastmodifiedts, synctimestamp, softdeleteflag) VALUES ('CITY341', 'R21', 'Con1', 'Balangir', 'Kony User', 'Kony Dev', CURRENT_TIMESTAMP, CURRENT_TIMESTAMP, CURRENT_TIMESTAMP, 0);
INSERT INTO [konyadminconsole].[city](id, Region_id, Country_id, Name, createdby, modifiedby, createdts, lastmodifiedts, synctimestamp, softdeleteflag) VALUES ('CITY342', 'R6', 'Con1', 'Nawada', 'Kony User', 'Kony Dev', CURRENT_TIMESTAMP, CURRENT_TIMESTAMP, CURRENT_TIMESTAMP, 0);
INSERT INTO [konyadminconsole].[city](id, Region_id, Country_id, Name, createdby, modifiedby, createdts, lastmodifiedts, synctimestamp, softdeleteflag) VALUES ('CITY343', 'R21', 'Con1', 'Jharsuguda', 'Kony User', 'Kony Dev', CURRENT_TIMESTAMP, CURRENT_TIMESTAMP, CURRENT_TIMESTAMP, 0);
INSERT INTO [konyadminconsole].[city](id, Region_id, Country_id, Name, createdby, modifiedby, createdts, lastmodifiedts, synctimestamp, softdeleteflag) VALUES ('CITY344', 'R1', 'Con1', 'Jagtial', 'Kony User', 'Kony Dev', CURRENT_TIMESTAMP, CURRENT_TIMESTAMP, CURRENT_TIMESTAMP, 0);
INSERT INTO [konyadminconsole].[city](id, Region_id, Country_id, Name, createdby, modifiedby, createdts, lastmodifiedts, synctimestamp, softdeleteflag) VALUES ('CITY345', 'R25', 'Con1', 'Viluppuram', 'Kony User', 'Kony Dev', CURRENT_TIMESTAMP, CURRENT_TIMESTAMP, CURRENT_TIMESTAMP, 0);
INSERT INTO [konyadminconsole].[city](id, Region_id, Country_id, Name, createdby, modifiedby, createdts, lastmodifiedts, synctimestamp, softdeleteflag) VALUES ('CITY346', 'R2', 'Con1', 'Amalner', 'Kony User', 'Kony Dev', CURRENT_TIMESTAMP, CURRENT_TIMESTAMP, CURRENT_TIMESTAMP, 0);
INSERT INTO [konyadminconsole].[city](id, Region_id, Country_id, Name, createdby, modifiedby, createdts, lastmodifiedts, synctimestamp, softdeleteflag) VALUES ('CITY347', 'R22', 'Con1', 'Zirakpur', 'Kony User', 'Kony Dev', CURRENT_TIMESTAMP, CURRENT_TIMESTAMP, CURRENT_TIMESTAMP, 0);
INSERT INTO [konyadminconsole].[city](id, Region_id, Country_id, Name, createdby, modifiedby, createdts, lastmodifiedts, synctimestamp, softdeleteflag) VALUES ('CITY348', 'R27', 'Con1', 'Tanda', 'Kony User', 'Kony Dev', CURRENT_TIMESTAMP, CURRENT_TIMESTAMP, CURRENT_TIMESTAMP, 0);
INSERT INTO [konyadminconsole].[city](id, Region_id, Country_id, Name, createdby, modifiedby, createdts, lastmodifiedts, synctimestamp, softdeleteflag) VALUES ('CITY349', 'R25', 'Con1', 'Tiruchengode', 'Kony User', 'Kony Dev', CURRENT_TIMESTAMP, CURRENT_TIMESTAMP, CURRENT_TIMESTAMP, 0);
INSERT INTO [konyadminconsole].[city](id, Region_id, Country_id, Name, createdby, modifiedby, createdts, lastmodifiedts, synctimestamp, softdeleteflag) VALUES ('CITY35', 'R23', 'Con1', 'Jodhpur', 'Kony User', 'Kony Dev', CURRENT_TIMESTAMP, CURRENT_TIMESTAMP, CURRENT_TIMESTAMP, 0);
INSERT INTO [konyadminconsole].[city](id, Region_id, Country_id, Name, createdby, modifiedby, createdts, lastmodifiedts, synctimestamp, softdeleteflag) VALUES ('CITY350', 'R27', 'Con1', 'Nagina', 'Kony User', 'Kony Dev', CURRENT_TIMESTAMP, CURRENT_TIMESTAMP, CURRENT_TIMESTAMP, 0);
INSERT INTO [konyadminconsole].[city](id, Region_id, Country_id, Name, createdby, modifiedby, createdts, lastmodifiedts, synctimestamp, softdeleteflag) VALUES ('CITY351', 'R3', 'Con1', 'Yemmiganur', 'Kony User', 'Kony Dev', CURRENT_TIMESTAMP, CURRENT_TIMESTAMP, CURRENT_TIMESTAMP, 0);
INSERT INTO [konyadminconsole].[city](id, Region_id, Country_id, Name, createdby, modifiedby, createdts, lastmodifiedts, synctimestamp, softdeleteflag) VALUES ('CITY352', 'R25', 'Con1', 'Vaniyambadi', 'Kony User', 'Kony Dev', CURRENT_TIMESTAMP, CURRENT_TIMESTAMP, CURRENT_TIMESTAMP, 0);
INSERT INTO [konyadminconsole].[city](id, Region_id, Country_id, Name, createdby, modifiedby, createdts, lastmodifiedts, synctimestamp, softdeleteflag) VALUES ('CITY353', 'R16', 'Con1', 'Sarni', 'Kony User', 'Kony Dev', CURRENT_TIMESTAMP, CURRENT_TIMESTAMP, CURRENT_TIMESTAMP, 0);
INSERT INTO [konyadminconsole].[city](id, Region_id, Country_id, Name, createdby, modifiedby, createdts, lastmodifiedts, synctimestamp, softdeleteflag) VALUES ('CITY354', 'R25', 'Con1', 'Theni Allinagaram', 'Kony User', 'Kony Dev', CURRENT_TIMESTAMP, CURRENT_TIMESTAMP, CURRENT_TIMESTAMP, 0);
INSERT INTO [konyadminconsole].[city](id, Region_id, Country_id, Name, createdby, modifiedby, createdts, lastmodifiedts, synctimestamp, softdeleteflag) VALUES ('CITY355', 'R8', 'Con1', 'Margao', 'Kony User', 'Kony Dev', CURRENT_TIMESTAMP, CURRENT_TIMESTAMP, CURRENT_TIMESTAMP, 0);
INSERT INTO [konyadminconsole].[city](id, Region_id, Country_id, Name, createdby, modifiedby, createdts, lastmodifiedts, synctimestamp, softdeleteflag) VALUES ('CITY356', 'R2', 'Con1', 'Akot', 'Kony User', 'Kony Dev', CURRENT_TIMESTAMP, CURRENT_TIMESTAMP, CURRENT_TIMESTAMP, 0);
INSERT INTO [konyadminconsole].[city](id, Region_id, Country_id, Name, createdby, modifiedby, createdts, lastmodifiedts, synctimestamp, softdeleteflag) VALUES ('CITY357', 'R16', 'Con1', 'Sehore', 'Kony User', 'Kony Dev', CURRENT_TIMESTAMP, CURRENT_TIMESTAMP, CURRENT_TIMESTAMP, 0);
INSERT INTO [konyadminconsole].[city](id, Region_id, Country_id, Name, createdby, modifiedby, createdts, lastmodifiedts, synctimestamp, softdeleteflag) VALUES ('CITY358', 'R16', 'Con1', 'Mhow Cantonment', 'Kony User', 'Kony Dev', CURRENT_TIMESTAMP, CURRENT_TIMESTAMP, CURRENT_TIMESTAMP, 0);
INSERT INTO [konyadminconsole].[city](id, Region_id, Country_id, Name, createdby, modifiedby, createdts, lastmodifiedts, synctimestamp, softdeleteflag) VALUES ('CITY359', 'R22', 'Con1', 'Kot Kapura', 'Kony User', 'Kony Dev', CURRENT_TIMESTAMP, CURRENT_TIMESTAMP, CURRENT_TIMESTAMP, 0);
INSERT INTO [konyadminconsole].[city](id, Region_id, Country_id, Name, createdby, modifiedby, createdts, lastmodifiedts, synctimestamp, softdeleteflag) VALUES ('CITY36', 'R22', 'Con1', 'Amritsar', 'Kony User', 'Kony Dev', CURRENT_TIMESTAMP, CURRENT_TIMESTAMP, CURRENT_TIMESTAMP, 0);
INSERT INTO [konyadminconsole].[city](id, Region_id, Country_id, Name, createdby, modifiedby, createdts, lastmodifiedts, synctimestamp, softdeleteflag) VALUES ('CITY360', 'R23', 'Con1', 'Makrana', 'Kony User', 'Kony Dev', CURRENT_TIMESTAMP, CURRENT_TIMESTAMP, CURRENT_TIMESTAMP, 0);
INSERT INTO [konyadminconsole].[city](id, Region_id, Country_id, Name, createdby, modifiedby, createdts, lastmodifiedts, synctimestamp, softdeleteflag) VALUES ('CITY361', 'R2', 'Con1', 'Pandharpur', 'Kony User', 'Kony Dev', CURRENT_TIMESTAMP, CURRENT_TIMESTAMP, CURRENT_TIMESTAMP, 0);
INSERT INTO [konyadminconsole].[city](id, Region_id, Country_id, Name, createdby, modifiedby, createdts, lastmodifiedts, synctimestamp, softdeleteflag) VALUES ('CITY362', 'R1', 'Con1', 'Miryalaguda', 'Kony User', 'Kony Dev', CURRENT_TIMESTAMP, CURRENT_TIMESTAMP, CURRENT_TIMESTAMP, 0);
INSERT INTO [konyadminconsole].[city](id, Region_id, Country_id, Name, createdby, modifiedby, createdts, lastmodifiedts, synctimestamp, softdeleteflag) VALUES ('CITY363', 'R27', 'Con1', 'Shamli', 'Kony User', 'Kony Dev', CURRENT_TIMESTAMP, CURRENT_TIMESTAMP, CURRENT_TIMESTAMP, 0);
INSERT INTO [konyadminconsole].[city](id, Region_id, Country_id, Name, createdby, modifiedby, createdts, lastmodifiedts, synctimestamp, softdeleteflag) VALUES ('CITY364', 'R16', 'Con1', 'Seoni', 'Kony User', 'Kony Dev', CURRENT_TIMESTAMP, CURRENT_TIMESTAMP, CURRENT_TIMESTAMP, 0);
INSERT INTO [konyadminconsole].[city](id, Region_id, Country_id, Name, createdby, modifiedby, createdts, lastmodifiedts, synctimestamp, softdeleteflag) VALUES ('CITY365', 'R14', 'Con1', 'Ranibennur', 'Kony User', 'Kony Dev', CURRENT_TIMESTAMP, CURRENT_TIMESTAMP, CURRENT_TIMESTAMP, 0);
INSERT INTO [konyadminconsole].[city](id, Region_id, Country_id, Name, createdby, modifiedby, createdts, lastmodifiedts, synctimestamp, softdeleteflag) VALUES ('CITY366', 'R3', 'Con1', 'Kadiri', 'Kony User', 'Kony Dev', CURRENT_TIMESTAMP, CURRENT_TIMESTAMP, CURRENT_TIMESTAMP, 0);
INSERT INTO [konyadminconsole].[city](id, Region_id, Country_id, Name, createdby, modifiedby, createdts, lastmodifiedts, synctimestamp, softdeleteflag) VALUES ('CITY367', 'R2', 'Con1', 'Shrirampur', 'Kony User', 'Kony Dev', CURRENT_TIMESTAMP, CURRENT_TIMESTAMP, CURRENT_TIMESTAMP, 0);
INSERT INTO [konyadminconsole].[city](id, Region_id, Country_id, Name, createdby, modifiedby, createdts, lastmodifiedts, synctimestamp, softdeleteflag) VALUES ('CITY368', 'R28', 'Con1', 'Rudrapur', 'Kony User', 'Kony Dev', CURRENT_TIMESTAMP, CURRENT_TIMESTAMP, CURRENT_TIMESTAMP, 0);
INSERT INTO [konyadminconsole].[city](id, Region_id, Country_id, Name, createdby, modifiedby, createdts, lastmodifiedts, synctimestamp, softdeleteflag) VALUES ('CITY369', 'R2', 'Con1', 'Parli', 'Kony User', 'Kony Dev', CURRENT_TIMESTAMP, CURRENT_TIMESTAMP, CURRENT_TIMESTAMP, 0);
INSERT INTO [konyadminconsole].[city](id, Region_id, Country_id, Name, createdby, modifiedby, createdts, lastmodifiedts, synctimestamp, softdeleteflag) VALUES ('CITY37', 'R7', 'Con1', 'Raipur', 'Kony User', 'Kony Dev', CURRENT_TIMESTAMP, CURRENT_TIMESTAMP, CURRENT_TIMESTAMP, 0);
INSERT INTO [konyadminconsole].[city](id, Region_id, Country_id, Name, createdby, modifiedby, createdts, lastmodifiedts, synctimestamp, softdeleteflag) VALUES ('CITY370', 'R27', 'Con1', 'Najibabad', 'Kony User', 'Kony Dev', CURRENT_TIMESTAMP, CURRENT_TIMESTAMP, CURRENT_TIMESTAMP, 0);
INSERT INTO [konyadminconsole].[city](id, Region_id, Country_id, Name, createdby, modifiedby, createdts, lastmodifiedts, synctimestamp, softdeleteflag) VALUES ('CITY371', 'R1', 'Con1', 'Nirmal', 'Kony User', 'Kony Dev', CURRENT_TIMESTAMP, CURRENT_TIMESTAMP, CURRENT_TIMESTAMP, 0);
INSERT INTO [konyadminconsole].[city](id, Region_id, Country_id, Name, createdby, modifiedby, createdts, lastmodifiedts, synctimestamp, softdeleteflag) VALUES ('CITY372', 'R25', 'Con1', 'Udhagamandalam', 'Kony User', 'Kony Dev', CURRENT_TIMESTAMP, CURRENT_TIMESTAMP, CURRENT_TIMESTAMP, 0);
INSERT INTO [konyadminconsole].[city](id, Region_id, Country_id, Name, createdby, modifiedby, createdts, lastmodifiedts, synctimestamp, softdeleteflag) VALUES ('CITY373', 'R27', 'Con1', 'Shikohabad', 'Kony User', 'Kony Dev', CURRENT_TIMESTAMP, CURRENT_TIMESTAMP, CURRENT_TIMESTAMP, 0);
INSERT INTO [konyadminconsole].[city](id, Region_id, Country_id, Name, createdby, modifiedby, createdts, lastmodifiedts, synctimestamp, softdeleteflag) VALUES ('CITY374', 'R13', 'Con1', 'Jhumri Tilaiya', 'Kony User', 'Kony Dev', CURRENT_TIMESTAMP, CURRENT_TIMESTAMP, CURRENT_TIMESTAMP, 0);
INSERT INTO [konyadminconsole].[city](id, Region_id, Country_id, Name, createdby, modifiedby, createdts, lastmodifiedts, synctimestamp, softdeleteflag) VALUES ('CITY375', 'R25', 'Con1', 'Aruppukkottai', 'Kony User', 'Kony Dev', CURRENT_TIMESTAMP, CURRENT_TIMESTAMP, CURRENT_TIMESTAMP, 0);
INSERT INTO [konyadminconsole].[city](id, Region_id, Country_id, Name, createdby, modifiedby, createdts, lastmodifiedts, synctimestamp, softdeleteflag) VALUES ('CITY376', 'R15', 'Con1', 'Ponnani', 'Kony User', 'Kony Dev', CURRENT_TIMESTAMP, CURRENT_TIMESTAMP, CURRENT_TIMESTAMP, 0);
INSERT INTO [konyadminconsole].[city](id, Region_id, Country_id, Name, createdby, modifiedby, createdts, lastmodifiedts, synctimestamp, softdeleteflag) VALUES ('CITY377', 'R6', 'Con1', 'Jamui', 'Kony User', 'Kony Dev', CURRENT_TIMESTAMP, CURRENT_TIMESTAMP, CURRENT_TIMESTAMP, 0);
INSERT INTO [konyadminconsole].[city](id, Region_id, Country_id, Name, createdby, modifiedby, createdts, lastmodifiedts, synctimestamp, softdeleteflag) VALUES ('CITY378', 'R6', 'Con1', 'Sitamarhi', 'Kony User', 'Kony Dev', CURRENT_TIMESTAMP, CURRENT_TIMESTAMP, CURRENT_TIMESTAMP, 0);
INSERT INTO [konyadminconsole].[city](id, Region_id, Country_id, Name, createdby, modifiedby, createdts, lastmodifiedts, synctimestamp, softdeleteflag) VALUES ('CITY379', 'R3', 'Con1', 'Chirala', 'Kony User', 'Kony Dev', CURRENT_TIMESTAMP, CURRENT_TIMESTAMP, CURRENT_TIMESTAMP, 0);
INSERT INTO [konyadminconsole].[city](id, Region_id, Country_id, Name, createdby, modifiedby, createdts, lastmodifiedts, synctimestamp, softdeleteflag) VALUES ('CITY38', 'R27', 'Con1', 'Allahabad', 'Kony User', 'Kony Dev', CURRENT_TIMESTAMP, CURRENT_TIMESTAMP, CURRENT_TIMESTAMP, 0);
INSERT INTO [konyadminconsole].[city](id, Region_id, Country_id, Name, createdby, modifiedby, createdts, lastmodifiedts, synctimestamp, softdeleteflag) VALUES ('CITY380', 'R9', 'Con1', 'Anjar', 'Kony User', 'Kony Dev', CURRENT_TIMESTAMP, CURRENT_TIMESTAMP, CURRENT_TIMESTAMP, 0);
INSERT INTO [konyadminconsole].[city](id, Region_id, Country_id, Name, createdby, modifiedby, createdts, lastmodifiedts, synctimestamp, softdeleteflag) VALUES ('CITY382', 'R10', 'Con1', 'Hansi', 'Kony User', 'Kony Dev', CURRENT_TIMESTAMP, CURRENT_TIMESTAMP, CURRENT_TIMESTAMP, 0);
INSERT INTO [konyadminconsole].[city](id, Region_id, Country_id, Name, createdby, modifiedby, createdts, lastmodifiedts, synctimestamp, softdeleteflag) VALUES ('CITY383', 'R3', 'Con1', 'Anakapalle', 'Kony User', 'Kony Dev', CURRENT_TIMESTAMP, CURRENT_TIMESTAMP, CURRENT_TIMESTAMP, 0);
INSERT INTO [konyadminconsole].[city](id, Region_id, Country_id, Name, createdby, modifiedby, createdts, lastmodifiedts, synctimestamp, softdeleteflag) VALUES ('CITY384', 'R7', 'Con1', 'Mahasamund', 'Kony User', 'Kony Dev', CURRENT_TIMESTAMP, CURRENT_TIMESTAMP, CURRENT_TIMESTAMP, 0);
INSERT INTO [konyadminconsole].[city](id, Region_id, Country_id, Name, createdby, modifiedby, createdts, lastmodifiedts, synctimestamp, softdeleteflag) VALUES ('CITY385', 'R22', 'Con1', 'Faridkot', 'Kony User', 'Kony Dev', CURRENT_TIMESTAMP, CURRENT_TIMESTAMP, CURRENT_TIMESTAMP, 0);
INSERT INTO [konyadminconsole].[city](id, Region_id, Country_id, Name, createdby, modifiedby, createdts, lastmodifiedts, synctimestamp, softdeleteflag) VALUES ('CITY386', 'R13', 'Con1', 'Saunda', 'Kony User', 'Kony Dev', CURRENT_TIMESTAMP, CURRENT_TIMESTAMP, CURRENT_TIMESTAMP, 0);
INSERT INTO [konyadminconsole].[city](id, Region_id, Country_id, Name, createdby, modifiedby, createdts, lastmodifiedts, synctimestamp, softdeleteflag) VALUES ('CITY387', 'R9', 'Con1', 'Dhoraji', 'Kony User', 'Kony Dev', CURRENT_TIMESTAMP, CURRENT_TIMESTAMP, CURRENT_TIMESTAMP, 0);
INSERT INTO [konyadminconsole].[city](id, Region_id, Country_id, Name, createdby, modifiedby, createdts, lastmodifiedts, synctimestamp, softdeleteflag) VALUES ('CITY388', 'R25', 'Con1', 'Paramakudi', 'Kony User', 'Kony Dev', CURRENT_TIMESTAMP, CURRENT_TIMESTAMP, CURRENT_TIMESTAMP, 0);
INSERT INTO [konyadminconsole].[city](id, Region_id, Country_id, Name, createdby, modifiedby, createdts, lastmodifiedts, synctimestamp, softdeleteflag) VALUES ('CITY389', 'R16', 'Con1', 'Balaghat', 'Kony User', 'Kony Dev', CURRENT_TIMESTAMP, CURRENT_TIMESTAMP, CURRENT_TIMESTAMP, 0);
INSERT INTO [konyadminconsole].[city](id, Region_id, Country_id, Name, createdby, modifiedby, createdts, lastmodifiedts, synctimestamp, softdeleteflag) VALUES ('CITY39', 'R25', 'Con1', 'Coimbatore', 'Kony User', 'Kony Dev', CURRENT_TIMESTAMP, CURRENT_TIMESTAMP, CURRENT_TIMESTAMP, 0);
INSERT INTO [konyadminconsole].[city](id, Region_id, Country_id, Name, createdby, modifiedby, createdts, lastmodifiedts, synctimestamp, softdeleteflag) VALUES ('CITY390', 'R23', 'Con1', 'Sujangarh', 'Kony User', 'Kony Dev', CURRENT_TIMESTAMP, CURRENT_TIMESTAMP, CURRENT_TIMESTAMP, 0);
INSERT INTO [konyadminconsole].[city](id, Region_id, Country_id, Name, createdby, modifiedby, createdts, lastmodifiedts, synctimestamp, softdeleteflag) VALUES ('CITY391', 'R9', 'Con1', 'Khambhat', 'Kony User', 'Kony Dev', CURRENT_TIMESTAMP, CURRENT_TIMESTAMP, CURRENT_TIMESTAMP, 0);
INSERT INTO [konyadminconsole].[city](id, Region_id, Country_id, Name, createdby, modifiedby, createdts, lastmodifiedts, synctimestamp, softdeleteflag) VALUES ('CITY392', 'R22', 'Con1', 'Muktsar', 'Kony User', 'Kony Dev', CURRENT_TIMESTAMP, CURRENT_TIMESTAMP, CURRENT_TIMESTAMP, 0);
INSERT INTO [konyadminconsole].[city](id, Region_id, Country_id, Name, createdby, modifiedby, createdts, lastmodifiedts, synctimestamp, softdeleteflag) VALUES ('CITY393', 'R22', 'Con1', 'Rajpura', 'Kony User', 'Kony Dev', CURRENT_TIMESTAMP, CURRENT_TIMESTAMP, CURRENT_TIMESTAMP, 0);
INSERT INTO [konyadminconsole].[city](id, Region_id, Country_id, Name, createdby, modifiedby, createdts, lastmodifiedts, synctimestamp, softdeleteflag) VALUES ('CITY394', 'R3', 'Con1', 'Kavali', 'Kony User', 'Kony Dev', CURRENT_TIMESTAMP, CURRENT_TIMESTAMP, CURRENT_TIMESTAMP, 0);
INSERT INTO [konyadminconsole].[city](id, Region_id, Country_id, Name, createdby, modifiedby, createdts, lastmodifiedts, synctimestamp, softdeleteflag) VALUES ('CITY395', 'R7', 'Con1', 'Dhamtari', 'Kony User', 'Kony Dev', CURRENT_TIMESTAMP, CURRENT_TIMESTAMP, CURRENT_TIMESTAMP, 0);
INSERT INTO [konyadminconsole].[city](id, Region_id, Country_id, Name, createdby, modifiedby, createdts, lastmodifiedts, synctimestamp, softdeleteflag) VALUES ('CITY396', 'R16', 'Con1', 'Ashok Nagar', 'Kony User', 'Kony Dev', CURRENT_TIMESTAMP, CURRENT_TIMESTAMP, CURRENT_TIMESTAMP, 0);
INSERT INTO [konyadminconsole].[city](id, Region_id, Country_id, Name, createdby, modifiedby, createdts, lastmodifiedts, synctimestamp, softdeleteflag) VALUES ('CITY397', 'R23', 'Con1', 'Sardarshahar', 'Kony User', 'Kony Dev', CURRENT_TIMESTAMP, CURRENT_TIMESTAMP, CURRENT_TIMESTAMP, 0);
INSERT INTO [konyadminconsole].[city](id, Region_id, Country_id, Name, createdby, modifiedby, createdts, lastmodifiedts, synctimestamp, softdeleteflag) VALUES ('CITY398', 'R9', 'Con1', 'Mahuva', 'Kony User', 'Kony Dev', CURRENT_TIMESTAMP, CURRENT_TIMESTAMP, CURRENT_TIMESTAMP, 0);
INSERT INTO [konyadminconsole].[city](id, Region_id, Country_id, Name, createdby, modifiedby, createdts, lastmodifiedts, synctimestamp, softdeleteflag) VALUES ('CITY399', 'R21', 'Con1', 'Bargarh', 'Kony User', 'Kony Dev', CURRENT_TIMESTAMP, CURRENT_TIMESTAMP, CURRENT_TIMESTAMP, 0);
INSERT INTO [konyadminconsole].[city](id, Region_id, Country_id, Name, createdby, modifiedby, createdts, lastmodifiedts, synctimestamp, softdeleteflag) VALUES ('CITY40', 'R16', 'Con1', 'Jabalpur', 'Kony User', 'Kony Dev', CURRENT_TIMESTAMP, CURRENT_TIMESTAMP, CURRENT_TIMESTAMP, 0);
INSERT INTO [konyadminconsole].[city](id, Region_id, Country_id, Name, createdby, modifiedby, createdts, lastmodifiedts, synctimestamp, softdeleteflag) VALUES ('CITY400', 'R1', 'Con1', 'Kamareddy', 'Kony User', 'Kony Dev', CURRENT_TIMESTAMP, CURRENT_TIMESTAMP, CURRENT_TIMESTAMP, 0);
INSERT INTO [konyadminconsole].[city](id, Region_id, Country_id, Name, createdby, modifiedby, createdts, lastmodifiedts, synctimestamp, softdeleteflag) VALUES ('CITY401', 'R13', 'Con1', 'Sahibganj', 'Kony User', 'Kony Dev', CURRENT_TIMESTAMP, CURRENT_TIMESTAMP, CURRENT_TIMESTAMP, 0);
INSERT INTO [konyadminconsole].[city](id, Region_id, Country_id, Name, createdby, modifiedby, createdts, lastmodifiedts, synctimestamp, softdeleteflag) VALUES ('CITY402', 'R1', 'Con1', 'Kothagudem', 'Kony User', 'Kony Dev', CURRENT_TIMESTAMP, CURRENT_TIMESTAMP, CURRENT_TIMESTAMP, 0);
INSERT INTO [konyadminconsole].[city](id, Region_id, Country_id, Name, createdby, modifiedby, createdts, lastmodifiedts, synctimestamp, softdeleteflag) VALUES ('CITY403', 'R14', 'Con1', 'Ramanagaram', 'Kony User', 'Kony Dev', CURRENT_TIMESTAMP, CURRENT_TIMESTAMP, CURRENT_TIMESTAMP, 0);
INSERT INTO [konyadminconsole].[city](id, Region_id, Country_id, Name, createdby, modifiedby, createdts, lastmodifiedts, synctimestamp, softdeleteflag) VALUES ('CITY404', 'R14', 'Con1', 'Gokak', 'Kony User', 'Kony Dev', CURRENT_TIMESTAMP, CURRENT_TIMESTAMP, CURRENT_TIMESTAMP, 0);
INSERT INTO [konyadminconsole].[city](id, Region_id, Country_id, Name, createdby, modifiedby, createdts, lastmodifiedts, synctimestamp, softdeleteflag) VALUES ('CITY405', 'R16', 'Con1', 'Tikamgarh', 'Kony User', 'Kony Dev', CURRENT_TIMESTAMP, CURRENT_TIMESTAMP, CURRENT_TIMESTAMP, 0);
INSERT INTO [konyadminconsole].[city](id, Region_id, Country_id, Name, createdby, modifiedby, createdts, lastmodifiedts, synctimestamp, softdeleteflag) VALUES ('CITY406', 'R6', 'Con1', 'Araria', 'Kony User', 'Kony Dev', CURRENT_TIMESTAMP, CURRENT_TIMESTAMP, CURRENT_TIMESTAMP, 0);
INSERT INTO [konyadminconsole].[city](id, Region_id, Country_id, Name, createdby, modifiedby, createdts, lastmodifiedts, synctimestamp, softdeleteflag) VALUES ('CITY407', 'R28', 'Con1', 'Rishikesh', 'Kony User', 'Kony Dev', CURRENT_TIMESTAMP, CURRENT_TIMESTAMP, CURRENT_TIMESTAMP, 0);
INSERT INTO [konyadminconsole].[city](id, Region_id, Country_id, Name, createdby, modifiedby, createdts, lastmodifiedts, synctimestamp, softdeleteflag) VALUES ('CITY408', 'R16', 'Con1', 'Shahdol', 'Kony User', 'Kony Dev', CURRENT_TIMESTAMP, CURRENT_TIMESTAMP, CURRENT_TIMESTAMP, 0);
INSERT INTO [konyadminconsole].[city](id, Region_id, Country_id, Name, createdby, modifiedby, createdts, lastmodifiedts, synctimestamp, softdeleteflag) VALUES ('CITY409', 'R13', 'Con1', 'Medininagar (Daltonganj)', 'Kony User', 'Kony Dev', CURRENT_TIMESTAMP, CURRENT_TIMESTAMP, CURRENT_TIMESTAMP, 0);
INSERT INTO [konyadminconsole].[city](id, Region_id, Country_id, Name, createdby, modifiedby, createdts, lastmodifiedts, synctimestamp, softdeleteflag) VALUES ('CITY41', 'R16', 'Con1', 'Gwalior', 'Kony User', 'Kony Dev', CURRENT_TIMESTAMP, CURRENT_TIMESTAMP, CURRENT_TIMESTAMP, 0);
INSERT INTO [konyadminconsole].[city](id, Region_id, Country_id, Name, createdby, modifiedby, createdts, lastmodifiedts, synctimestamp, softdeleteflag) VALUES ('CITY410', 'R25', 'Con1', 'Arakkonam', 'Kony User', 'Kony Dev', CURRENT_TIMESTAMP, CURRENT_TIMESTAMP, CURRENT_TIMESTAMP, 0);
INSERT INTO [konyadminconsole].[city](id, Region_id, Country_id, Name, createdby, modifiedby, createdts, lastmodifiedts, synctimestamp, softdeleteflag) VALUES ('CITY411', 'R2', 'Con1', 'Washim', 'Kony User', 'Kony Dev', CURRENT_TIMESTAMP, CURRENT_TIMESTAMP, CURRENT_TIMESTAMP, 0);
INSERT INTO [konyadminconsole].[city](id, Region_id, Country_id, Name, createdby, modifiedby, createdts, lastmodifiedts, synctimestamp, softdeleteflag) VALUES ('CITY412', 'R22', 'Con1', 'Sangrur', 'Kony User', 'Kony Dev', CURRENT_TIMESTAMP, CURRENT_TIMESTAMP, CURRENT_TIMESTAMP, 0);
INSERT INTO [konyadminconsole].[city](id, Region_id, Country_id, Name, createdby, modifiedby, createdts, lastmodifiedts, synctimestamp, softdeleteflag) VALUES ('CITY413', 'R1', 'Con1', 'Bodhan', 'Kony User', 'Kony Dev', CURRENT_TIMESTAMP, CURRENT_TIMESTAMP, CURRENT_TIMESTAMP, 0);
INSERT INTO [konyadminconsole].[city](id, Region_id, Country_id, Name, createdby, modifiedby, createdts, lastmodifiedts, synctimestamp, softdeleteflag) VALUES ('CITY414', 'R22', 'Con1', 'Fazilka', 'Kony User', 'Kony Dev', CURRENT_TIMESTAMP, CURRENT_TIMESTAMP, CURRENT_TIMESTAMP, 0);
INSERT INTO [konyadminconsole].[city](id, Region_id, Country_id, Name, createdby, modifiedby, createdts, lastmodifiedts, synctimestamp, softdeleteflag) VALUES ('CITY415', 'R3', 'Con1', 'Palacole', 'Kony User', 'Kony Dev', CURRENT_TIMESTAMP, CURRENT_TIMESTAMP, CURRENT_TIMESTAMP, 0);
INSERT INTO [konyadminconsole].[city](id, Region_id, Country_id, Name, createdby, modifiedby, createdts, lastmodifiedts, synctimestamp, softdeleteflag) VALUES ('CITY416', 'R9', 'Con1', 'Keshod', 'Kony User', 'Kony Dev', CURRENT_TIMESTAMP, CURRENT_TIMESTAMP, CURRENT_TIMESTAMP, 0);
INSERT INTO [konyadminconsole].[city](id, Region_id, Country_id, Name, createdby, modifiedby, createdts, lastmodifiedts, synctimestamp, softdeleteflag) VALUES ('CITY417', 'R3', 'Con1', 'Sullurpeta', 'Kony User', 'Kony Dev', CURRENT_TIMESTAMP, CURRENT_TIMESTAMP, CURRENT_TIMESTAMP, 0);
INSERT INTO [konyadminconsole].[city](id, Region_id, Country_id, Name, createdby, modifiedby, createdts, lastmodifiedts, synctimestamp, softdeleteflag) VALUES ('CITY418', 'R9', 'Con1', 'Wadhwan', 'Kony User', 'Kony Dev', CURRENT_TIMESTAMP, CURRENT_TIMESTAMP, CURRENT_TIMESTAMP, 0);
INSERT INTO [konyadminconsole].[city](id, Region_id, Country_id, Name, createdby, modifiedby, createdts, lastmodifiedts, synctimestamp, softdeleteflag) VALUES ('CITY419', 'R22', 'Con1', 'Gurdaspur', 'Kony User', 'Kony Dev', CURRENT_TIMESTAMP, CURRENT_TIMESTAMP, CURRENT_TIMESTAMP, 0);
INSERT INTO [konyadminconsole].[city](id, Region_id, Country_id, Name, createdby, modifiedby, createdts, lastmodifiedts, synctimestamp, softdeleteflag) VALUES ('CITY42', 'R3', 'Con1', 'Vijayawada', 'Kony User', 'Kony Dev', CURRENT_TIMESTAMP, CURRENT_TIMESTAMP, CURRENT_TIMESTAMP, 0);
INSERT INTO [konyadminconsole].[city](id, Region_id, Country_id, Name, createdby, modifiedby, createdts, lastmodifiedts, synctimestamp, softdeleteflag) VALUES ('CITY420', 'R15', 'Con1', 'Vatakara', 'Kony User', 'Kony Dev', CURRENT_TIMESTAMP, CURRENT_TIMESTAMP, CURRENT_TIMESTAMP, 0);
INSERT INTO [konyadminconsole].[city](id, Region_id, Country_id, Name, createdby, modifiedby, createdts, lastmodifiedts, synctimestamp, softdeleteflag) VALUES ('CITY421', 'R18', 'Con1', 'Tura', 'Kony User', 'Kony Dev', CURRENT_TIMESTAMP, CURRENT_TIMESTAMP, CURRENT_TIMESTAMP, 0);
INSERT INTO [konyadminconsole].[city](id, Region_id, Country_id, Name, createdby, modifiedby, createdts, lastmodifiedts, synctimestamp, softdeleteflag) VALUES ('CITY422', 'R10', 'Con1', 'Narnaul', 'Kony User', 'Kony Dev', CURRENT_TIMESTAMP, CURRENT_TIMESTAMP, CURRENT_TIMESTAMP, 0);
INSERT INTO [konyadminconsole].[city](id, Region_id, Country_id, Name, createdby, modifiedby, createdts, lastmodifiedts, synctimestamp, softdeleteflag) VALUES ('CITY423', 'R22', 'Con1', 'Kharar', 'Kony User', 'Kony Dev', CURRENT_TIMESTAMP, CURRENT_TIMESTAMP, CURRENT_TIMESTAMP, 0);
INSERT INTO [konyadminconsole].[city](id, Region_id, Country_id, Name, createdby, modifiedby, createdts, lastmodifiedts, synctimestamp, softdeleteflag) VALUES ('CITY424', 'R14', 'Con1', 'Yadgir', 'Kony User', 'Kony Dev', CURRENT_TIMESTAMP, CURRENT_TIMESTAMP, CURRENT_TIMESTAMP, 0);
INSERT INTO [konyadminconsole].[city](id, Region_id, Country_id, Name, createdby, modifiedby, createdts, lastmodifiedts, synctimestamp, softdeleteflag) VALUES ('CITY425', 'R2', 'Con1', 'Ambejogai', 'Kony User', 'Kony Dev', CURRENT_TIMESTAMP, CURRENT_TIMESTAMP, CURRENT_TIMESTAMP, 0);
INSERT INTO [konyadminconsole].[city](id, Region_id, Country_id, Name, createdby, modifiedby, createdts, lastmodifiedts, synctimestamp, softdeleteflag) VALUES ('CITY426', 'R9', 'Con1', 'Ankleshwar', 'Kony User', 'Kony Dev', CURRENT_TIMESTAMP, CURRENT_TIMESTAMP, CURRENT_TIMESTAMP, 0);
INSERT INTO [konyadminconsole].[city](id, Region_id, Country_id, Name, createdby, modifiedby, createdts, lastmodifiedts, synctimestamp, softdeleteflag) VALUES ('CITY427', 'R9', 'Con1', 'Savarkundla', 'Kony User', 'Kony Dev', CURRENT_TIMESTAMP, CURRENT_TIMESTAMP, CURRENT_TIMESTAMP, 0);
INSERT INTO [konyadminconsole].[city](id, Region_id, Country_id, Name, createdby, modifiedby, createdts, lastmodifiedts, synctimestamp, softdeleteflag) VALUES ('CITY428', 'R21', 'Con1', 'Paradip', 'Kony User', 'Kony Dev', CURRENT_TIMESTAMP, CURRENT_TIMESTAMP, CURRENT_TIMESTAMP, 0);
INSERT INTO [konyadminconsole].[city](id, Region_id, Country_id, Name, createdby, modifiedby, createdts, lastmodifiedts, synctimestamp, softdeleteflag) VALUES ('CITY429', 'R25', 'Con1', 'Virudhachalam', 'Kony User', 'Kony Dev', CURRENT_TIMESTAMP, CURRENT_TIMESTAMP, CURRENT_TIMESTAMP, 0);
INSERT INTO [konyadminconsole].[city](id, Region_id, Country_id, Name, createdby, modifiedby, createdts, lastmodifiedts, synctimestamp, softdeleteflag) VALUES ('CITY43', 'R25', 'Con1', 'Madurai', 'Kony User', 'Kony Dev', CURRENT_TIMESTAMP, CURRENT_TIMESTAMP, CURRENT_TIMESTAMP, 0);
INSERT INTO [konyadminconsole].[city](id, Region_id, Country_id, Name, createdby, modifiedby, createdts, lastmodifiedts, synctimestamp, softdeleteflag) VALUES ('CITY430', 'R15', 'Con1', 'Kanhangad', 'Kony User', 'Kony Dev', CURRENT_TIMESTAMP, CURRENT_TIMESTAMP, CURRENT_TIMESTAMP, 0);
INSERT INTO [konyadminconsole].[city](id, Region_id, Country_id, Name, createdby, modifiedby, createdts, lastmodifiedts, synctimestamp, softdeleteflag) VALUES ('CITY431', 'R9', 'Con1', 'Kadi', 'Kony User', 'Kony Dev', CURRENT_TIMESTAMP, CURRENT_TIMESTAMP, CURRENT_TIMESTAMP, 0);
INSERT INTO [konyadminconsole].[city](id, Region_id, Country_id, Name, createdby, modifiedby, createdts, lastmodifiedts, synctimestamp, softdeleteflag) VALUES ('CITY432', 'R25', 'Con1', 'Srivilliputhur', 'Kony User', 'Kony Dev', CURRENT_TIMESTAMP, CURRENT_TIMESTAMP, CURRENT_TIMESTAMP, 0);
INSERT INTO [konyadminconsole].[city](id, Region_id, Country_id, Name, createdby, modifiedby, createdts, lastmodifiedts, synctimestamp, softdeleteflag) VALUES ('CITY433', 'R22', 'Con1', 'Gobindgarh', 'Kony User', 'Kony Dev', CURRENT_TIMESTAMP, CURRENT_TIMESTAMP, CURRENT_TIMESTAMP, 0);
INSERT INTO [konyadminconsole].[city](id, Region_id, Country_id, Name, createdby, modifiedby, createdts, lastmodifiedts, synctimestamp, softdeleteflag) VALUES ('CITY434', 'R25', 'Con1', 'Tindivanam', 'Kony User', 'Kony Dev', CURRENT_TIMESTAMP, CURRENT_TIMESTAMP, CURRENT_TIMESTAMP, 0);
INSERT INTO [konyadminconsole].[city](id, Region_id, Country_id, Name, createdby, modifiedby, createdts, lastmodifiedts, synctimestamp, softdeleteflag) VALUES ('CITY435', 'R22', 'Con1', 'Mansa', 'Kony User', 'Kony Dev', CURRENT_TIMESTAMP, CURRENT_TIMESTAMP, CURRENT_TIMESTAMP, 0);
INSERT INTO [konyadminconsole].[city](id, Region_id, Country_id, Name, createdby, modifiedby, createdts, lastmodifiedts, synctimestamp, softdeleteflag) VALUES ('CITY436', 'R15', 'Con1', 'Taliparamba', 'Kony User', 'Kony Dev', CURRENT_TIMESTAMP, CURRENT_TIMESTAMP, CURRENT_TIMESTAMP, 0);
INSERT INTO [konyadminconsole].[city](id, Region_id, Country_id, Name, createdby, modifiedby, createdts, lastmodifiedts, synctimestamp, softdeleteflag) VALUES ('CITY437', 'R2', 'Con1', 'Manmad', 'Kony User', 'Kony Dev', CURRENT_TIMESTAMP, CURRENT_TIMESTAMP, CURRENT_TIMESTAMP, 0);
INSERT INTO [konyadminconsole].[city](id, Region_id, Country_id, Name, createdby, modifiedby, createdts, lastmodifiedts, synctimestamp, softdeleteflag) VALUES ('CITY438', 'R3', 'Con1', 'Tanuku', 'Kony User', 'Kony Dev', CURRENT_TIMESTAMP, CURRENT_TIMESTAMP, CURRENT_TIMESTAMP, 0);
INSERT INTO [konyadminconsole].[city](id, Region_id, Country_id, Name, createdby, modifiedby, createdts, lastmodifiedts, synctimestamp, softdeleteflag) VALUES ('CITY439', 'R3', 'Con1', 'Rayachoti', 'Kony User', 'Kony Dev', CURRENT_TIMESTAMP, CURRENT_TIMESTAMP, CURRENT_TIMESTAMP, 0);
INSERT INTO [konyadminconsole].[city](id, Region_id, Country_id, Name, createdby, modifiedby, createdts, lastmodifiedts, synctimestamp, softdeleteflag) VALUES ('CITY44', 'R5', 'Con1', 'Guwahati', 'Kony User', 'Kony Dev', CURRENT_TIMESTAMP, CURRENT_TIMESTAMP, CURRENT_TIMESTAMP, 0);
INSERT INTO [konyadminconsole].[city](id, Region_id, Country_id, Name, createdby, modifiedby, createdts, lastmodifiedts, synctimestamp, softdeleteflag) VALUES ('CITY440', 'R25', 'Con1', 'Virudhunagar', 'Kony User', 'Kony Dev', CURRENT_TIMESTAMP, CURRENT_TIMESTAMP, CURRENT_TIMESTAMP, 0);
INSERT INTO [konyadminconsole].[city](id, Region_id, Country_id, Name, createdby, modifiedby, createdts, lastmodifiedts, synctimestamp, softdeleteflag) VALUES ('CITY441', 'R15', 'Con1', 'Koyilandy', 'Kony User', 'Kony Dev', CURRENT_TIMESTAMP, CURRENT_TIMESTAMP, CURRENT_TIMESTAMP, 0);
INSERT INTO [konyadminconsole].[city](id, Region_id, Country_id, Name, createdby, modifiedby, createdts, lastmodifiedts, synctimestamp, softdeleteflag) VALUES ('CITY442', 'R5', 'Con1', 'Jorhat', 'Kony User', 'Kony Dev', CURRENT_TIMESTAMP, CURRENT_TIMESTAMP, CURRENT_TIMESTAMP, 0);
INSERT INTO [konyadminconsole].[city](id, Region_id, Country_id, Name, createdby, modifiedby, createdts, lastmodifiedts, synctimestamp, softdeleteflag) VALUES ('CITY443', 'R25', 'Con1', 'Karur', 'Kony User', 'Kony Dev', CURRENT_TIMESTAMP, CURRENT_TIMESTAMP, CURRENT_TIMESTAMP, 0);
INSERT INTO [konyadminconsole].[city](id, Region_id, Country_id, Name, createdby, modifiedby, createdts, lastmodifiedts, synctimestamp, softdeleteflag) VALUES ('CITY444', 'R25', 'Con1', 'Valparai', 'Kony User', 'Kony Dev', CURRENT_TIMESTAMP, CURRENT_TIMESTAMP, CURRENT_TIMESTAMP, 0);
INSERT INTO [konyadminconsole].[city](id, Region_id, Country_id, Name, createdby, modifiedby, createdts, lastmodifiedts, synctimestamp, softdeleteflag) VALUES ('CITY445', 'R3', 'Con1', 'Srikalahasti', 'Kony User', 'Kony Dev', CURRENT_TIMESTAMP, CURRENT_TIMESTAMP, CURRENT_TIMESTAMP, 0);
INSERT INTO [konyadminconsole].[city](id, Region_id, Country_id, Name, createdby, modifiedby, createdts, lastmodifiedts, synctimestamp, softdeleteflag) VALUES ('CITY446', 'R15', 'Con1', 'Neyyattinkara', 'Kony User', 'Kony Dev', CURRENT_TIMESTAMP, CURRENT_TIMESTAMP, CURRENT_TIMESTAMP, 0);
INSERT INTO [konyadminconsole].[city](id, Region_id, Country_id, Name, createdby, modifiedby, createdts, lastmodifiedts, synctimestamp, softdeleteflag) VALUES ('CITY447', 'R3', 'Con1', 'Bapatla', 'Kony User', 'Kony Dev', CURRENT_TIMESTAMP, CURRENT_TIMESTAMP, CURRENT_TIMESTAMP, 0);
INSERT INTO [konyadminconsole].[city](id, Region_id, Country_id, Name, createdby, modifiedby, createdts, lastmodifiedts, synctimestamp, softdeleteflag) VALUES ('CITY448', 'R10', 'Con1', 'Fatehabad', 'Kony User', 'Kony Dev', CURRENT_TIMESTAMP, CURRENT_TIMESTAMP, CURRENT_TIMESTAMP, 0);
INSERT INTO [konyadminconsole].[city](id, Region_id, Country_id, Name, createdby, modifiedby, createdts, lastmodifiedts, synctimestamp, softdeleteflag) VALUES ('CITY449', 'R22', 'Con1', 'Malout', 'Kony User', 'Kony Dev', CURRENT_TIMESTAMP, CURRENT_TIMESTAMP, CURRENT_TIMESTAMP, 0);
INSERT INTO [konyadminconsole].[city](id, Region_id, Country_id, Name, createdby, modifiedby, createdts, lastmodifiedts, synctimestamp, softdeleteflag) VALUES ('CITY450', 'R25', 'Con1', 'Sankarankovil', 'Kony User', 'Kony Dev', CURRENT_TIMESTAMP, CURRENT_TIMESTAMP, CURRENT_TIMESTAMP, 0);
INSERT INTO [konyadminconsole].[city](id, Region_id, Country_id, Name, createdby, modifiedby, createdts, lastmodifiedts, synctimestamp, softdeleteflag) VALUES ('CITY451', 'R25', 'Con1', 'Tenkasi', 'Kony User', 'Kony Dev', CURRENT_TIMESTAMP, CURRENT_TIMESTAMP, CURRENT_TIMESTAMP, 0);
INSERT INTO [konyadminconsole].[city](id, Region_id, Country_id, Name, createdby, modifiedby, createdts, lastmodifiedts, synctimestamp, softdeleteflag) VALUES ('CITY452', 'R2', 'Con1', 'Ratnagiri', 'Kony User', 'Kony Dev', CURRENT_TIMESTAMP, CURRENT_TIMESTAMP, CURRENT_TIMESTAMP, 0);
INSERT INTO [konyadminconsole].[city](id, Region_id, Country_id, Name, createdby, modifiedby, createdts, lastmodifiedts, synctimestamp, softdeleteflag) VALUES ('CITY453', 'R14', 'Con1', 'Rabkavi Banhatti', 'Kony User', 'Kony Dev', CURRENT_TIMESTAMP, CURRENT_TIMESTAMP, CURRENT_TIMESTAMP, 0);
INSERT INTO [konyadminconsole].[city](id, Region_id, Country_id, Name, createdby, modifiedby, createdts, lastmodifiedts, synctimestamp, softdeleteflag) VALUES ('CITY454', 'R27', 'Con1', 'Sikandrabad', 'Kony User', 'Kony Dev', CURRENT_TIMESTAMP, CURRENT_TIMESTAMP, CURRENT_TIMESTAMP, 0);
INSERT INTO [konyadminconsole].[city](id, Region_id, Country_id, Name, createdby, modifiedby, createdts, lastmodifiedts, synctimestamp, softdeleteflag) VALUES ('CITY455', 'R13', 'Con1', 'Chaibasa', 'Kony User', 'Kony Dev', CURRENT_TIMESTAMP, CURRENT_TIMESTAMP, CURRENT_TIMESTAMP, 0);
INSERT INTO [konyadminconsole].[city](id, Region_id, Country_id, Name, createdby, modifiedby, createdts, lastmodifiedts, synctimestamp, softdeleteflag) VALUES ('CITY456', 'R7', 'Con1', 'Chirmiri', 'Kony User', 'Kony Dev', CURRENT_TIMESTAMP, CURRENT_TIMESTAMP, CURRENT_TIMESTAMP, 0);
INSERT INTO [konyadminconsole].[city](id, Region_id, Country_id, Name, createdby, modifiedby, createdts, lastmodifiedts, synctimestamp, softdeleteflag) VALUES ('CITY457', 'R1', 'Con1', 'Palwancha', 'Kony User', 'Kony Dev', CURRENT_TIMESTAMP, CURRENT_TIMESTAMP, CURRENT_TIMESTAMP, 0);
INSERT INTO [konyadminconsole].[city](id, Region_id, Country_id, Name, createdby, modifiedby, createdts, lastmodifiedts, synctimestamp, softdeleteflag) VALUES ('CITY458', 'R21', 'Con1', 'Bhawanipatna', 'Kony User', 'Kony Dev', CURRENT_TIMESTAMP, CURRENT_TIMESTAMP, CURRENT_TIMESTAMP, 0);
INSERT INTO [konyadminconsole].[city](id, Region_id, Country_id, Name, createdby, modifiedby, createdts, lastmodifiedts, synctimestamp, softdeleteflag) VALUES ('CITY459', 'R15', 'Con1', 'Kayamkulam', 'Kony User', 'Kony Dev', CURRENT_TIMESTAMP, CURRENT_TIMESTAMP, CURRENT_TIMESTAMP, 0);
INSERT INTO [konyadminconsole].[city](id, Region_id, Country_id, Name, createdby, modifiedby, createdts, lastmodifiedts, synctimestamp, softdeleteflag) VALUES ('CITY46', 'R14', 'Con1', 'Hubli-Dharwad', 'Kony User', 'Kony Dev', CURRENT_TIMESTAMP, CURRENT_TIMESTAMP, CURRENT_TIMESTAMP, 0);
INSERT INTO [konyadminconsole].[city](id, Region_id, Country_id, Name, createdby, modifiedby, createdts, lastmodifiedts, synctimestamp, softdeleteflag) VALUES ('CITY460', 'R16', 'Con1', 'Pithampur', 'Kony User', 'Kony Dev', CURRENT_TIMESTAMP, CURRENT_TIMESTAMP, CURRENT_TIMESTAMP, 0);
INSERT INTO [konyadminconsole].[city](id, Region_id, Country_id, Name, createdby, modifiedby, createdts, lastmodifiedts, synctimestamp, softdeleteflag) VALUES ('CITY461', 'R22', 'Con1', 'Nabha', 'Kony User', 'Kony Dev', CURRENT_TIMESTAMP, CURRENT_TIMESTAMP, CURRENT_TIMESTAMP, 0);
INSERT INTO [konyadminconsole].[city](id, Region_id, Country_id, Name, createdby, modifiedby, createdts, lastmodifiedts, synctimestamp, softdeleteflag) VALUES ('CITY463', 'R21', 'Con1', 'Dhenkanal', 'Kony User', 'Kony Dev', CURRENT_TIMESTAMP, CURRENT_TIMESTAMP, CURRENT_TIMESTAMP, 0);
INSERT INTO [konyadminconsole].[city](id, Region_id, Country_id, Name, createdby, modifiedby, createdts, lastmodifiedts, synctimestamp, softdeleteflag) VALUES ('CITY464', 'R2', 'Con1', 'Uran Islampur', 'Kony User', 'Kony Dev', CURRENT_TIMESTAMP, CURRENT_TIMESTAMP, CURRENT_TIMESTAMP, 0);
INSERT INTO [konyadminconsole].[city](id, Region_id, Country_id, Name, createdby, modifiedby, createdts, lastmodifiedts, synctimestamp, softdeleteflag) VALUES ('CITY465', 'R6', 'Con1', 'Gopalganj', 'Kony User', 'Kony Dev', CURRENT_TIMESTAMP, CURRENT_TIMESTAMP, CURRENT_TIMESTAMP, 0);
INSERT INTO [konyadminconsole].[city](id, Region_id, Country_id, Name, createdby, modifiedby, createdts, lastmodifiedts, synctimestamp, softdeleteflag) VALUES ('CITY466', 'R5', 'Con1', 'Bongaigaon City', 'Kony User', 'Kony Dev', CURRENT_TIMESTAMP, CURRENT_TIMESTAMP, CURRENT_TIMESTAMP, 0);
INSERT INTO [konyadminconsole].[city](id, Region_id, Country_id, Name, createdby, modifiedby, createdts, lastmodifiedts, synctimestamp, softdeleteflag) VALUES ('CITY467', 'R25', 'Con1', 'Palani', 'Kony User', 'Kony Dev', CURRENT_TIMESTAMP, CURRENT_TIMESTAMP, CURRENT_TIMESTAMP, 0);
INSERT INTO [konyadminconsole].[city](id, Region_id, Country_id, Name, createdby, modifiedby, createdts, lastmodifiedts, synctimestamp, softdeleteflag) VALUES ('CITY468', 'R2', 'Con1', 'Pusad', 'Kony User', 'Kony Dev', CURRENT_TIMESTAMP, CURRENT_TIMESTAMP, CURRENT_TIMESTAMP, 0);
INSERT INTO [konyadminconsole].[city](id, Region_id, Country_id, Name, createdby, modifiedby, createdts, lastmodifiedts, synctimestamp, softdeleteflag) VALUES ('CITY469', 'R12', 'Con1', 'Sopore', 'Kony User', 'Kony Dev', CURRENT_TIMESTAMP, CURRENT_TIMESTAMP, CURRENT_TIMESTAMP, 0);
INSERT INTO [konyadminconsole].[city](id, Region_id, Country_id, Name, createdby, modifiedby, createdts, lastmodifiedts, synctimestamp, softdeleteflag) VALUES ('CITY47', 'R27', 'Con1', 'Amroha', 'Kony User', 'Kony Dev', CURRENT_TIMESTAMP, CURRENT_TIMESTAMP, CURRENT_TIMESTAMP, 0);
INSERT INTO [konyadminconsole].[city](id, Region_id, Country_id, Name, createdby, modifiedby, createdts, lastmodifiedts, synctimestamp, softdeleteflag) VALUES ('CITY470', 'R27', 'Con1', 'Pilkhuwa', 'Kony User', 'Kony Dev', CURRENT_TIMESTAMP, CURRENT_TIMESTAMP, CURRENT_TIMESTAMP, 0);
INSERT INTO [konyadminconsole].[city](id, Region_id, Country_id, Name, createdby, modifiedby, createdts, lastmodifiedts, synctimestamp, softdeleteflag) VALUES ('CITY471', 'R22', 'Con1', 'Tarn Taran', 'Kony User', 'Kony Dev', CURRENT_TIMESTAMP, CURRENT_TIMESTAMP, CURRENT_TIMESTAMP, 0);
INSERT INTO [konyadminconsole].[city](id, Region_id, Country_id, Name, createdby, modifiedby, createdts, lastmodifiedts, synctimestamp, softdeleteflag) VALUES ('CITY472', 'R27', 'Con1', 'Renukoot', 'Kony User', 'Kony Dev', CURRENT_TIMESTAMP, CURRENT_TIMESTAMP, CURRENT_TIMESTAMP, 0);
INSERT INTO [konyadminconsole].[city](id, Region_id, Country_id, Name, createdby, modifiedby, createdts, lastmodifiedts, synctimestamp, softdeleteflag) VALUES ('CITY473', 'R1', 'Con1', 'Mandamarri', 'Kony User', 'Kony Dev', CURRENT_TIMESTAMP, CURRENT_TIMESTAMP, CURRENT_TIMESTAMP, 0);
INSERT INTO [konyadminconsole].[city](id, Region_id, Country_id, Name, createdby, modifiedby, createdts, lastmodifiedts, synctimestamp, softdeleteflag) VALUES ('CITY474', 'R14', 'Con1', 'Shahabad', 'Kony User', 'Kony Dev', CURRENT_TIMESTAMP, CURRENT_TIMESTAMP, CURRENT_TIMESTAMP, 0);
INSERT INTO [konyadminconsole].[city](id, Region_id, Country_id, Name, createdby, modifiedby, createdts, lastmodifiedts, synctimestamp, softdeleteflag) VALUES ('CITY475', 'R21', 'Con1', 'Barbil', 'Kony User', 'Kony Dev', CURRENT_TIMESTAMP, CURRENT_TIMESTAMP, CURRENT_TIMESTAMP, 0);
INSERT INTO [konyadminconsole].[city](id, Region_id, Country_id, Name, createdby, modifiedby, createdts, lastmodifiedts, synctimestamp, softdeleteflag) VALUES ('CITY476', 'R1', 'Con1', 'Koratla', 'Kony User', 'Kony Dev', CURRENT_TIMESTAMP, CURRENT_TIMESTAMP, CURRENT_TIMESTAMP, 0);
INSERT INTO [konyadminconsole].[city](id, Region_id, Country_id, Name, createdby, modifiedby, createdts, lastmodifiedts, synctimestamp, softdeleteflag) VALUES ('CITY477', 'R6', 'Con1', 'Madhubani', 'Kony User', 'Kony Dev', CURRENT_TIMESTAMP, CURRENT_TIMESTAMP, CURRENT_TIMESTAMP, 0);
INSERT INTO [konyadminconsole].[city](id, Region_id, Country_id, Name, createdby, modifiedby, createdts, lastmodifiedts, synctimestamp, softdeleteflag) VALUES ('CITY478', 'R29', 'Con1', 'Arambagh', 'Kony User', 'Kony Dev', CURRENT_TIMESTAMP, CURRENT_TIMESTAMP, CURRENT_TIMESTAMP, 0);
INSERT INTO [konyadminconsole].[city](id, Region_id, Country_id, Name, createdby, modifiedby, createdts, lastmodifiedts, synctimestamp, softdeleteflag) VALUES ('CITY479', 'R10', 'Con1', 'Gohana', 'Kony User', 'Kony Dev', CURRENT_TIMESTAMP, CURRENT_TIMESTAMP, CURRENT_TIMESTAMP, 0);
INSERT INTO [konyadminconsole].[city](id, Region_id, Country_id, Name, createdby, modifiedby, createdts, lastmodifiedts, synctimestamp, softdeleteflag) VALUES ('CITY48', 'R27', 'Con1', 'Moradabad', 'Kony User', 'Kony Dev', CURRENT_TIMESTAMP, CURRENT_TIMESTAMP, CURRENT_TIMESTAMP, 0);
INSERT INTO [konyadminconsole].[city](id, Region_id, Country_id, Name, createdby, modifiedby, createdts, lastmodifiedts, synctimestamp, softdeleteflag) VALUES ('CITY480', 'R23', 'Con1', 'Ladnu', 'Kony User', 'Kony Dev', CURRENT_TIMESTAMP, CURRENT_TIMESTAMP, CURRENT_TIMESTAMP, 0);
INSERT INTO [konyadminconsole].[city](id, Region_id, Country_id, Name, createdby, modifiedby, createdts, lastmodifiedts, synctimestamp, softdeleteflag) VALUES ('CITY481', 'R25', 'Con1', 'Pattukkottai', 'Kony User', 'Kony Dev', CURRENT_TIMESTAMP, CURRENT_TIMESTAMP, CURRENT_TIMESTAMP, 0);
INSERT INTO [konyadminconsole].[city](id, Region_id, Country_id, Name, createdby, modifiedby, createdts, lastmodifiedts, synctimestamp, softdeleteflag) VALUES ('CITY482', 'R14', 'Con1', 'Sirsi', 'Kony User', 'Kony Dev', CURRENT_TIMESTAMP, CURRENT_TIMESTAMP, CURRENT_TIMESTAMP, 0);
INSERT INTO [konyadminconsole].[city](id, Region_id, Country_id, Name, createdby, modifiedby, createdts, lastmodifiedts, synctimestamp, softdeleteflag) VALUES ('CITY483', 'R1', 'Con1', 'Sircilla', 'Kony User', 'Kony Dev', CURRENT_TIMESTAMP, CURRENT_TIMESTAMP, CURRENT_TIMESTAMP, 0);
INSERT INTO [konyadminconsole].[city](id, Region_id, Country_id, Name, createdby, modifiedby, createdts, lastmodifiedts, synctimestamp, softdeleteflag) VALUES ('CITY484', 'R29', 'Con1', 'Tamluk', 'Kony User', 'Kony Dev', CURRENT_TIMESTAMP, CURRENT_TIMESTAMP, CURRENT_TIMESTAMP, 0);
INSERT INTO [konyadminconsole].[city](id, Region_id, Country_id, Name, createdby, modifiedby, createdts, lastmodifiedts, synctimestamp, softdeleteflag) VALUES ('CITY485', 'R22', 'Con1', 'Jagraon', 'Kony User', 'Kony Dev', CURRENT_TIMESTAMP, CURRENT_TIMESTAMP, CURRENT_TIMESTAMP, 0);
INSERT INTO [konyadminconsole].[city](id, Region_id, Country_id, Name, createdby, modifiedby, createdts, lastmodifiedts, synctimestamp, softdeleteflag) VALUES ('CITY486', 'R29', 'Con1', 'AlipurdUrban Agglomerationr', 'Kony User', 'Kony Dev', CURRENT_TIMESTAMP, CURRENT_TIMESTAMP, CURRENT_TIMESTAMP, 0);
INSERT INTO [konyadminconsole].[city](id, Region_id, Country_id, Name, createdby, modifiedby, createdts, lastmodifiedts, synctimestamp, softdeleteflag) VALUES ('CITY487', 'R16', 'Con1', 'Alirajpur', 'Kony User', 'Kony Dev', CURRENT_TIMESTAMP, CURRENT_TIMESTAMP, CURRENT_TIMESTAMP, 0);
INSERT INTO [konyadminconsole].[city](id, Region_id, Country_id, Name, createdby, modifiedby, createdts, lastmodifiedts, synctimestamp, softdeleteflag) VALUES ('CITY488', 'R1', 'Con1', 'Tandur', 'Kony User', 'Kony Dev', CURRENT_TIMESTAMP, CURRENT_TIMESTAMP, CURRENT_TIMESTAMP, 0);
INSERT INTO [konyadminconsole].[city](id, Region_id, Country_id, Name, createdby, modifiedby, createdts, lastmodifiedts, synctimestamp, softdeleteflag) VALUES ('CITY489', 'R3', 'Con1', 'Naidupet', 'Kony User', 'Kony Dev', CURRENT_TIMESTAMP, CURRENT_TIMESTAMP, CURRENT_TIMESTAMP, 0);
INSERT INTO [konyadminconsole].[city](id, Region_id, Country_id, Name, createdby, modifiedby, createdts, lastmodifiedts, synctimestamp, softdeleteflag) VALUES ('CITY49', 'R10', 'Con1', 'Gurgaon', 'Kony User', 'Kony Dev', CURRENT_TIMESTAMP, CURRENT_TIMESTAMP, CURRENT_TIMESTAMP, 0);
INSERT INTO [konyadminconsole].[city](id, Region_id, Country_id, Name, createdby, modifiedby, createdts, lastmodifiedts, synctimestamp, softdeleteflag) VALUES ('CITY490', 'R25', 'Con1', 'Tirupathur', 'Kony User', 'Kony Dev', CURRENT_TIMESTAMP, CURRENT_TIMESTAMP, CURRENT_TIMESTAMP, 0);
INSERT INTO [konyadminconsole].[city](id, Region_id, Country_id, Name, createdby, modifiedby, createdts, lastmodifiedts, synctimestamp, softdeleteflag) VALUES ('CITY491', 'R10', 'Con1', 'Tohana', 'Kony User', 'Kony Dev', CURRENT_TIMESTAMP, CURRENT_TIMESTAMP, CURRENT_TIMESTAMP, 0);
INSERT INTO [konyadminconsole].[city](id, Region_id, Country_id, Name, createdby, modifiedby, createdts, lastmodifiedts, synctimestamp, softdeleteflag) VALUES ('CITY492', 'R23', 'Con1', 'Ratangarh', 'Kony User', 'Kony Dev', CURRENT_TIMESTAMP, CURRENT_TIMESTAMP, CURRENT_TIMESTAMP, 0);
INSERT INTO [konyadminconsole].[city](id, Region_id, Country_id, Name, createdby, modifiedby, createdts, lastmodifiedts, synctimestamp, softdeleteflag) VALUES ('CITY493', 'R5', 'Con1', 'Dhubri', 'Kony User', 'Kony Dev', CURRENT_TIMESTAMP, CURRENT_TIMESTAMP, CURRENT_TIMESTAMP, 0);
INSERT INTO [konyadminconsole].[city](id, Region_id, Country_id, Name, createdby, modifiedby, createdts, lastmodifiedts, synctimestamp, softdeleteflag) VALUES ('CITY494', 'R6', 'Con1', 'Masaurhi', 'Kony User', 'Kony Dev', CURRENT_TIMESTAMP, CURRENT_TIMESTAMP, CURRENT_TIMESTAMP, 0);
INSERT INTO [konyadminconsole].[city](id, Region_id, Country_id, Name, createdby, modifiedby, createdts, lastmodifiedts, synctimestamp, softdeleteflag) VALUES ('CITY495', 'R9', 'Con1', 'Visnagar', 'Kony User', 'Kony Dev', CURRENT_TIMESTAMP, CURRENT_TIMESTAMP, CURRENT_TIMESTAMP, 0);
INSERT INTO [konyadminconsole].[city](id, Region_id, Country_id, Name, createdby, modifiedby, createdts, lastmodifiedts, synctimestamp, softdeleteflag) VALUES ('CITY496', 'R27', 'Con1', 'Vrindavan', 'Kony User', 'Kony Dev', CURRENT_TIMESTAMP, CURRENT_TIMESTAMP, CURRENT_TIMESTAMP, 0);
INSERT INTO [konyadminconsole].[city](id, Region_id, Country_id, Name, createdby, modifiedby, createdts, lastmodifiedts, synctimestamp, softdeleteflag) VALUES ('CITY497', 'R23', 'Con1', 'Nokha', 'Kony User', 'Kony Dev', CURRENT_TIMESTAMP, CURRENT_TIMESTAMP, CURRENT_TIMESTAMP, 0);
INSERT INTO [konyadminconsole].[city](id, Region_id, Country_id, Name, createdby, modifiedby, createdts, lastmodifiedts, synctimestamp, softdeleteflag) VALUES ('CITY498', 'R3', 'Con1', 'Nagari', 'Kony User', 'Kony Dev', CURRENT_TIMESTAMP, CURRENT_TIMESTAMP, CURRENT_TIMESTAMP, 0);
INSERT INTO [konyadminconsole].[city](id, Region_id, Country_id, Name, createdby, modifiedby, createdts, lastmodifiedts, synctimestamp, softdeleteflag) VALUES ('CITY499', 'R10', 'Con1', 'Narwana', 'Kony User', 'Kony Dev', CURRENT_TIMESTAMP, CURRENT_TIMESTAMP, CURRENT_TIMESTAMP, 0);
INSERT INTO [konyadminconsole].[city](id, Region_id, Country_id, Name, createdby, modifiedby, createdts, lastmodifiedts, synctimestamp, softdeleteflag) VALUES ('CITY50', 'R27', 'Con1', 'Aligarh', 'Kony User', 'Kony Dev', CURRENT_TIMESTAMP, CURRENT_TIMESTAMP, CURRENT_TIMESTAMP, 0);
INSERT INTO [konyadminconsole].[city](id, Region_id, Country_id, Name, createdby, modifiedby, createdts, lastmodifiedts, synctimestamp, softdeleteflag) VALUES ('CITY500', 'R25', 'Con1', 'Ramanathapuram', 'Kony User', 'Kony Dev', CURRENT_TIMESTAMP, CURRENT_TIMESTAMP, CURRENT_TIMESTAMP, 0);
INSERT INTO [konyadminconsole].[city](id, Region_id, Country_id, Name, createdby, modifiedby, createdts, lastmodifiedts, synctimestamp, softdeleteflag) VALUES ('CITY501', 'R27', 'Con1', 'Ujhani', 'Kony User', 'Kony Dev', CURRENT_TIMESTAMP, CURRENT_TIMESTAMP, CURRENT_TIMESTAMP, 0);
INSERT INTO [konyadminconsole].[city](id, Region_id, Country_id, Name, createdby, modifiedby, createdts, lastmodifiedts, synctimestamp, softdeleteflag) VALUES ('CITY502', 'R6', 'Con1', 'Samastipur', 'Kony User', 'Kony Dev', CURRENT_TIMESTAMP, CURRENT_TIMESTAMP, CURRENT_TIMESTAMP, 0);
INSERT INTO [konyadminconsole].[city](id, Region_id, Country_id, Name, createdby, modifiedby, createdts, lastmodifiedts, synctimestamp, softdeleteflag) VALUES ('CITY503', 'R27', 'Con1', 'Laharpur', 'Kony User', 'Kony Dev', CURRENT_TIMESTAMP, CURRENT_TIMESTAMP, CURRENT_TIMESTAMP, 0);
INSERT INTO [konyadminconsole].[city](id, Region_id, Country_id, Name, createdby, modifiedby, createdts, lastmodifiedts, synctimestamp, softdeleteflag) VALUES ('CITY504', 'R2', 'Con1', 'Sangamner', 'Kony User', 'Kony Dev', CURRENT_TIMESTAMP, CURRENT_TIMESTAMP, CURRENT_TIMESTAMP, 0);
INSERT INTO [konyadminconsole].[city](id, Region_id, Country_id, Name, createdby, modifiedby, createdts, lastmodifiedts, synctimestamp, softdeleteflag) VALUES ('CITY505', 'R23', 'Con1', 'Nimbahera', 'Kony User', 'Kony Dev', CURRENT_TIMESTAMP, CURRENT_TIMESTAMP, CURRENT_TIMESTAMP, 0);
INSERT INTO [konyadminconsole].[city](id, Region_id, Country_id, Name, createdby, modifiedby, createdts, lastmodifiedts, synctimestamp, softdeleteflag) VALUES ('CITY506', 'R1', 'Con1', 'Siddipet', 'Kony User', 'Kony Dev', CURRENT_TIMESTAMP, CURRENT_TIMESTAMP, CURRENT_TIMESTAMP, 0);
INSERT INTO [konyadminconsole].[city](id, Region_id, Country_id, Name, createdby, modifiedby, createdts, lastmodifiedts, synctimestamp, softdeleteflag) VALUES ('CITY507', 'R29', 'Con1', 'Suri', 'Kony User', 'Kony Dev', CURRENT_TIMESTAMP, CURRENT_TIMESTAMP, CURRENT_TIMESTAMP, 0);
INSERT INTO [konyadminconsole].[city](id, Region_id, Country_id, Name, createdby, modifiedby, createdts, lastmodifiedts, synctimestamp, softdeleteflag) VALUES ('CITY508', 'R5', 'Con1', 'Diphu', 'Kony User', 'Kony Dev', CURRENT_TIMESTAMP, CURRENT_TIMESTAMP, CURRENT_TIMESTAMP, 0);
INSERT INTO [konyadminconsole].[city](id, Region_id, Country_id, Name, createdby, modifiedby, createdts, lastmodifiedts, synctimestamp, softdeleteflag) VALUES ('CITY509', 'R29', 'Con1', 'Jhargram', 'Kony User', 'Kony Dev', CURRENT_TIMESTAMP, CURRENT_TIMESTAMP, CURRENT_TIMESTAMP, 0);
INSERT INTO [konyadminconsole].[city](id, Region_id, Country_id, Name, createdby, modifiedby, createdts, lastmodifiedts, synctimestamp, softdeleteflag) VALUES ('CITY51', 'R2', 'Con1', 'Solapur', 'Kony User', 'Kony Dev', CURRENT_TIMESTAMP, CURRENT_TIMESTAMP, CURRENT_TIMESTAMP, 0);
INSERT INTO [konyadminconsole].[city](id, Region_id, Country_id, Name, createdby, modifiedby, createdts, lastmodifiedts, synctimestamp, softdeleteflag) VALUES ('CITY510', 'R2', 'Con1', 'Shirpur-Warwade', 'Kony User', 'Kony Dev', CURRENT_TIMESTAMP, CURRENT_TIMESTAMP, CURRENT_TIMESTAMP, 0);
INSERT INTO [konyadminconsole].[city](id, Region_id, Country_id, Name, createdby, modifiedby, createdts, lastmodifiedts, synctimestamp, softdeleteflag) VALUES ('CITY511', 'R27', 'Con1', 'Tilhar', 'Kony User', 'Kony Dev', CURRENT_TIMESTAMP, CURRENT_TIMESTAMP, CURRENT_TIMESTAMP, 0);
INSERT INTO [konyadminconsole].[city](id, Region_id, Country_id, Name, createdby, modifiedby, createdts, lastmodifiedts, synctimestamp, softdeleteflag) VALUES ('CITY512', 'R14', 'Con1', 'Sindhnur', 'Kony User', 'Kony Dev', CURRENT_TIMESTAMP, CURRENT_TIMESTAMP, CURRENT_TIMESTAMP, 0);
INSERT INTO [konyadminconsole].[city](id, Region_id, Country_id, Name, createdby, modifiedby, createdts, lastmodifiedts, synctimestamp, softdeleteflag) VALUES ('CITY513', 'R25', 'Con1', 'Udumalaipettai', 'Kony User', 'Kony Dev', CURRENT_TIMESTAMP, CURRENT_TIMESTAMP, CURRENT_TIMESTAMP, 0);
INSERT INTO [konyadminconsole].[city](id, Region_id, Country_id, Name, createdby, modifiedby, createdts, lastmodifiedts, synctimestamp, softdeleteflag) VALUES ('CITY514', 'R2', 'Con1', 'Malkapur', 'Kony User', 'Kony Dev', CURRENT_TIMESTAMP, CURRENT_TIMESTAMP, CURRENT_TIMESTAMP, 0);
INSERT INTO [konyadminconsole].[city](id, Region_id, Country_id, Name, createdby, modifiedby, createdts, lastmodifiedts, synctimestamp, softdeleteflag) VALUES ('CITY515', 'R1', 'Con1', 'Wanaparthy', 'Kony User', 'Kony Dev', CURRENT_TIMESTAMP, CURRENT_TIMESTAMP, CURRENT_TIMESTAMP, 0);
INSERT INTO [konyadminconsole].[city](id, Region_id, Country_id, Name, createdby, modifiedby, createdts, lastmodifiedts, synctimestamp, softdeleteflag) VALUES ('CITY516', 'R3', 'Con1', 'Gudur', 'Kony User', 'Kony Dev', CURRENT_TIMESTAMP, CURRENT_TIMESTAMP, CURRENT_TIMESTAMP, 0);
INSERT INTO [konyadminconsole].[city](id, Region_id, Country_id, Name, createdby, modifiedby, createdts, lastmodifiedts, synctimestamp, softdeleteflag) VALUES ('CITY517', 'R21', 'Con1', 'Kendujhar', 'Kony User', 'Kony Dev', CURRENT_TIMESTAMP, CURRENT_TIMESTAMP, CURRENT_TIMESTAMP, 0);
INSERT INTO [konyadminconsole].[city](id, Region_id, Country_id, Name, createdby, modifiedby, createdts, lastmodifiedts, synctimestamp, softdeleteflag) VALUES ('CITY518', 'R16', 'Con1', 'Mandla', 'Kony User', 'Kony Dev', CURRENT_TIMESTAMP, CURRENT_TIMESTAMP, CURRENT_TIMESTAMP, 0);
INSERT INTO [konyadminconsole].[city](id, Region_id, Country_id, Name, createdby, modifiedby, createdts, lastmodifiedts, synctimestamp, softdeleteflag) VALUES ('CITY519', 'R11', 'Con1', 'Mandi', 'Kony User', 'Kony Dev', CURRENT_TIMESTAMP, CURRENT_TIMESTAMP, CURRENT_TIMESTAMP, 0);
INSERT INTO [konyadminconsole].[city](id, Region_id, Country_id, Name, createdby, modifiedby, createdts, lastmodifiedts, synctimestamp, softdeleteflag) VALUES ('CITY52', 'R13', 'Con1', 'Ranchi', 'Kony User', 'Kony Dev', CURRENT_TIMESTAMP, CURRENT_TIMESTAMP, CURRENT_TIMESTAMP, 0);
INSERT INTO [konyadminconsole].[city](id, Region_id, Country_id, Name, createdby, modifiedby, createdts, lastmodifiedts, synctimestamp, softdeleteflag) VALUES ('CITY520', 'R15', 'Con1', 'Nedumangad', 'Kony User', 'Kony Dev', CURRENT_TIMESTAMP, CURRENT_TIMESTAMP, CURRENT_TIMESTAMP, 0);
INSERT INTO [konyadminconsole].[city](id, Region_id, Country_id, Name, createdby, modifiedby, createdts, lastmodifiedts, synctimestamp, softdeleteflag) VALUES ('CITY521', 'R5', 'Con1', 'North Lakhimpur', 'Kony User', 'Kony Dev', CURRENT_TIMESTAMP, CURRENT_TIMESTAMP, CURRENT_TIMESTAMP, 0);
INSERT INTO [konyadminconsole].[city](id, Region_id, Country_id, Name, createdby, modifiedby, createdts, lastmodifiedts, synctimestamp, softdeleteflag) VALUES ('CITY522', 'R3', 'Con1', 'Vinukonda', 'Kony User', 'Kony Dev', CURRENT_TIMESTAMP, CURRENT_TIMESTAMP, CURRENT_TIMESTAMP, 0);
INSERT INTO [konyadminconsole].[city](id, Region_id, Country_id, Name, createdby, modifiedby, createdts, lastmodifiedts, synctimestamp, softdeleteflag) VALUES ('CITY523', 'R14', 'Con1', 'Tiptur', 'Kony User', 'Kony Dev', CURRENT_TIMESTAMP, CURRENT_TIMESTAMP, CURRENT_TIMESTAMP, 0);
INSERT INTO [konyadminconsole].[city](id, Region_id, Country_id, Name, createdby, modifiedby, createdts, lastmodifiedts, synctimestamp, softdeleteflag) VALUES ('CITY524', 'R25', 'Con1', 'Gobichettipalayam', 'Kony User', 'Kony Dev', CURRENT_TIMESTAMP, CURRENT_TIMESTAMP, CURRENT_TIMESTAMP, 0);
INSERT INTO [konyadminconsole].[city](id, Region_id, Country_id, Name, createdby, modifiedby, createdts, lastmodifiedts, synctimestamp, softdeleteflag) VALUES ('CITY525', 'R21', 'Con1', 'Sunabeda', 'Kony User', 'Kony Dev', CURRENT_TIMESTAMP, CURRENT_TIMESTAMP, CURRENT_TIMESTAMP, 0);
INSERT INTO [konyadminconsole].[city](id, Region_id, Country_id, Name, createdby, modifiedby, createdts, lastmodifiedts, synctimestamp, softdeleteflag) VALUES ('CITY526', 'R2', 'Con1', 'Wani', 'Kony User', 'Kony Dev', CURRENT_TIMESTAMP, CURRENT_TIMESTAMP, CURRENT_TIMESTAMP, 0);
INSERT INTO [konyadminconsole].[city](id, Region_id, Country_id, Name, createdby, modifiedby, createdts, lastmodifiedts, synctimestamp, softdeleteflag) VALUES ('CITY527', 'R9', 'Con1', 'Upleta', 'Kony User', 'Kony Dev', CURRENT_TIMESTAMP, CURRENT_TIMESTAMP, CURRENT_TIMESTAMP, 0);
INSERT INTO [konyadminconsole].[city](id, Region_id, Country_id, Name, createdby, modifiedby, createdts, lastmodifiedts, synctimestamp, softdeleteflag) VALUES ('CITY528', 'R3', 'Con1', 'Narasapuram', 'Kony User', 'Kony Dev', CURRENT_TIMESTAMP, CURRENT_TIMESTAMP, CURRENT_TIMESTAMP, 0);
INSERT INTO [konyadminconsole].[city](id, Region_id, Country_id, Name, createdby, modifiedby, createdts, lastmodifiedts, synctimestamp, softdeleteflag) VALUES ('CITY529', 'R3', 'Con1', 'Nuzvid', 'Kony User', 'Kony Dev', CURRENT_TIMESTAMP, CURRENT_TIMESTAMP, CURRENT_TIMESTAMP, 0);
INSERT INTO [konyadminconsole].[city](id, Region_id, Country_id, Name, createdby, modifiedby, createdts, lastmodifiedts, synctimestamp, softdeleteflag) VALUES ('CITY53', 'R22', 'Con1', 'Jalandhar', 'Kony User', 'Kony Dev', CURRENT_TIMESTAMP, CURRENT_TIMESTAMP, CURRENT_TIMESTAMP, 0);
INSERT INTO [konyadminconsole].[city](id, Region_id, Country_id, Name, createdby, modifiedby, createdts, lastmodifiedts, synctimestamp, softdeleteflag) VALUES ('CITY530', 'R5', 'Con1', 'Tezpur', 'Kony User', 'Kony Dev', CURRENT_TIMESTAMP, CURRENT_TIMESTAMP, CURRENT_TIMESTAMP, 0);
INSERT INTO [konyadminconsole].[city](id, Region_id, Country_id, Name, createdby, modifiedby, createdts, lastmodifiedts, synctimestamp, softdeleteflag) VALUES ('CITY531', 'R9', 'Con1', 'Una', 'Kony User', 'Kony Dev', CURRENT_TIMESTAMP, CURRENT_TIMESTAMP, CURRENT_TIMESTAMP, 0);
INSERT INTO [konyadminconsole].[city](id, Region_id, Country_id, Name, createdby, modifiedby, createdts, lastmodifiedts, synctimestamp, softdeleteflag) VALUES ('CITY532', 'R3', 'Con1', 'Markapur', 'Kony User', 'Kony Dev', CURRENT_TIMESTAMP, CURRENT_TIMESTAMP, CURRENT_TIMESTAMP, 0);
INSERT INTO [konyadminconsole].[city](id, Region_id, Country_id, Name, createdby, modifiedby, createdts, lastmodifiedts, synctimestamp, softdeleteflag) VALUES ('CITY533', 'R16', 'Con1', 'Sheopur', 'Kony User', 'Kony Dev', CURRENT_TIMESTAMP, CURRENT_TIMESTAMP, CURRENT_TIMESTAMP, 0);
INSERT INTO [konyadminconsole].[city](id, Region_id, Country_id, Name, createdby, modifiedby, createdts, lastmodifiedts, synctimestamp, softdeleteflag) VALUES ('CITY534', 'R25', 'Con1', 'Thiruvarur', 'Kony User', 'Kony Dev', CURRENT_TIMESTAMP, CURRENT_TIMESTAMP, CURRENT_TIMESTAMP, 0);
INSERT INTO [konyadminconsole].[city](id, Region_id, Country_id, Name, createdby, modifiedby, createdts, lastmodifiedts, synctimestamp, softdeleteflag) VALUES ('CITY535', 'R9', 'Con1', 'Sidhpur', 'Kony User', 'Kony Dev', CURRENT_TIMESTAMP, CURRENT_TIMESTAMP, CURRENT_TIMESTAMP, 0);
INSERT INTO [konyadminconsole].[city](id, Region_id, Country_id, Name, createdby, modifiedby, createdts, lastmodifiedts, synctimestamp, softdeleteflag) VALUES ('CITY536', 'R27', 'Con1', 'Sahaswan', 'Kony User', 'Kony Dev', CURRENT_TIMESTAMP, CURRENT_TIMESTAMP, CURRENT_TIMESTAMP, 0);
INSERT INTO [konyadminconsole].[city](id, Region_id, Country_id, Name, createdby, modifiedby, createdts, lastmodifiedts, synctimestamp, softdeleteflag) VALUES ('CITY537', 'R23', 'Con1', 'Suratgarh', 'Kony User', 'Kony Dev', CURRENT_TIMESTAMP, CURRENT_TIMESTAMP, CURRENT_TIMESTAMP, 0);
INSERT INTO [konyadminconsole].[city](id, Region_id, Country_id, Name, createdby, modifiedby, createdts, lastmodifiedts, synctimestamp, softdeleteflag) VALUES ('CITY538', 'R16', 'Con1', 'Shajapur', 'Kony User', 'Kony Dev', CURRENT_TIMESTAMP, CURRENT_TIMESTAMP, CURRENT_TIMESTAMP, 0);
INSERT INTO [konyadminconsole].[city](id, Region_id, Country_id, Name, createdby, modifiedby, createdts, lastmodifiedts, synctimestamp, softdeleteflag) VALUES ('CITY539', 'R21', 'Con1', 'Rayagada', 'Kony User', 'Kony Dev', CURRENT_TIMESTAMP, CURRENT_TIMESTAMP, CURRENT_TIMESTAMP, 0);
INSERT INTO [konyadminconsole].[city](id, Region_id, Country_id, Name, createdby, modifiedby, createdts, lastmodifiedts, synctimestamp, softdeleteflag) VALUES ('CITY54', 'R25', 'Con1', 'Tiruchirappalli', 'Kony User', 'Kony Dev', CURRENT_TIMESTAMP, CURRENT_TIMESTAMP, CURRENT_TIMESTAMP, 0);
INSERT INTO [konyadminconsole].[city](id, Region_id, Country_id, Name, createdby, modifiedby, createdts, lastmodifiedts, synctimestamp, softdeleteflag) VALUES ('CITY540', 'R2', 'Con1', 'Lonavla', 'Kony User', 'Kony Dev', CURRENT_TIMESTAMP, CURRENT_TIMESTAMP, CURRENT_TIMESTAMP, 0);
INSERT INTO [konyadminconsole].[city](id, Region_id, Country_id, Name, createdby, modifiedby, createdts, lastmodifiedts, synctimestamp, softdeleteflag) VALUES ('CITY541', 'R3', 'Con1', 'Ponnur', 'Kony User', 'Kony Dev', CURRENT_TIMESTAMP, CURRENT_TIMESTAMP, CURRENT_TIMESTAMP, 0);
INSERT INTO [konyadminconsole].[city](id, Region_id, Country_id, Name, createdby, modifiedby, createdts, lastmodifiedts, synctimestamp, softdeleteflag) VALUES ('CITY542', 'R1', 'Con1', 'Kagaznagar', 'Kony User', 'Kony Dev', CURRENT_TIMESTAMP, CURRENT_TIMESTAMP, CURRENT_TIMESTAMP, 0);
INSERT INTO [konyadminconsole].[city](id, Region_id, Country_id, Name, createdby, modifiedby, createdts, lastmodifiedts, synctimestamp, softdeleteflag) VALUES ('CITY543', 'R1', 'Con1', 'Gadwal', 'Kony User', 'Kony Dev', CURRENT_TIMESTAMP, CURRENT_TIMESTAMP, CURRENT_TIMESTAMP, 0);
INSERT INTO [konyadminconsole].[city](id, Region_id, Country_id, Name, createdby, modifiedby, createdts, lastmodifiedts, synctimestamp, softdeleteflag) VALUES ('CITY544', 'R7', 'Con1', 'Bhatapara', 'Kony User', 'Kony Dev', CURRENT_TIMESTAMP, CURRENT_TIMESTAMP, CURRENT_TIMESTAMP, 0);
INSERT INTO [konyadminconsole].[city](id, Region_id, Country_id, Name, createdby, modifiedby, createdts, lastmodifiedts, synctimestamp, softdeleteflag) VALUES ('CITY545', 'R3', 'Con1', 'Kandukur', 'Kony User', 'Kony Dev', CURRENT_TIMESTAMP, CURRENT_TIMESTAMP, CURRENT_TIMESTAMP, 0);
INSERT INTO [konyadminconsole].[city](id, Region_id, Country_id, Name, createdby, modifiedby, createdts, lastmodifiedts, synctimestamp, softdeleteflag) VALUES ('CITY546', 'R1', 'Con1', 'Sangareddy', 'Kony User', 'Kony Dev', CURRENT_TIMESTAMP, CURRENT_TIMESTAMP, CURRENT_TIMESTAMP, 0);
INSERT INTO [konyadminconsole].[city](id, Region_id, Country_id, Name, createdby, modifiedby, createdts, lastmodifiedts, synctimestamp, softdeleteflag) VALUES ('CITY547', 'R9', 'Con1', 'Unjha', 'Kony User', 'Kony Dev', CURRENT_TIMESTAMP, CURRENT_TIMESTAMP, CURRENT_TIMESTAMP, 0);
INSERT INTO [konyadminconsole].[city](id, Region_id, Country_id, Name, createdby, modifiedby, createdts, lastmodifiedts, synctimestamp, softdeleteflag) VALUES ('CITY548', 'R19', 'Con1', 'Lunglei', 'Kony User', 'Kony Dev', CURRENT_TIMESTAMP, CURRENT_TIMESTAMP, CURRENT_TIMESTAMP, 0);
INSERT INTO [konyadminconsole].[city](id, Region_id, Country_id, Name, createdby, modifiedby, createdts, lastmodifiedts, synctimestamp, softdeleteflag) VALUES ('CITY549', 'R5', 'Con1', 'Karimganj', 'Kony User', 'Kony Dev', CURRENT_TIMESTAMP, CURRENT_TIMESTAMP, CURRENT_TIMESTAMP, 0);
INSERT INTO [konyadminconsole].[city](id, Region_id, Country_id, Name, createdby, modifiedby, createdts, lastmodifiedts, synctimestamp, softdeleteflag) VALUES ('CITY55', 'R21', 'Con1', 'Bhubaneswar', 'Kony User', 'Kony Dev', CURRENT_TIMESTAMP, CURRENT_TIMESTAMP, CURRENT_TIMESTAMP, 0);
INSERT INTO [konyadminconsole].[city](id, Region_id, Country_id, Name, createdby, modifiedby, createdts, lastmodifiedts, synctimestamp, softdeleteflag) VALUES ('CITY550', 'R15', 'Con1', 'Kannur', 'Kony User', 'Kony Dev', CURRENT_TIMESTAMP, CURRENT_TIMESTAMP, CURRENT_TIMESTAMP, 0);
INSERT INTO [konyadminconsole].[city](id, Region_id, Country_id, Name, createdby, modifiedby, createdts, lastmodifiedts, synctimestamp, softdeleteflag) VALUES ('CITY551', 'R3', 'Con1', 'Bobbili', 'Kony User', 'Kony Dev', CURRENT_TIMESTAMP, CURRENT_TIMESTAMP, CURRENT_TIMESTAMP, 0);
INSERT INTO [konyadminconsole].[city](id, Region_id, Country_id, Name, createdby, modifiedby, createdts, lastmodifiedts, synctimestamp, softdeleteflag) VALUES ('CITY552', 'R6', 'Con1', 'Mokameh', 'Kony User', 'Kony Dev', CURRENT_TIMESTAMP, CURRENT_TIMESTAMP, CURRENT_TIMESTAMP, 0);
INSERT INTO [konyadminconsole].[city](id, Region_id, Country_id, Name, createdby, modifiedby, createdts, lastmodifiedts, synctimestamp, softdeleteflag) VALUES ('CITY553', 'R2', 'Con1', 'Talegaon Dabhade', 'Kony User', 'Kony Dev', CURRENT_TIMESTAMP, CURRENT_TIMESTAMP, CURRENT_TIMESTAMP, 0);
INSERT INTO [konyadminconsole].[city](id, Region_id, Country_id, Name, createdby, modifiedby, createdts, lastmodifiedts, synctimestamp, softdeleteflag) VALUES ('CITY554', 'R2', 'Con1', 'Anjangaon', 'Kony User', 'Kony Dev', CURRENT_TIMESTAMP, CURRENT_TIMESTAMP, CURRENT_TIMESTAMP, 0);
INSERT INTO [konyadminconsole].[city](id, Region_id, Country_id, Name, createdby, modifiedby, createdts, lastmodifiedts, synctimestamp, softdeleteflag) VALUES ('CITY555', 'R9', 'Con1', 'Mangrol', 'Kony User', 'Kony Dev', CURRENT_TIMESTAMP, CURRENT_TIMESTAMP, CURRENT_TIMESTAMP, 0);
INSERT INTO [konyadminconsole].[city](id, Region_id, Country_id, Name, createdby, modifiedby, createdts, lastmodifiedts, synctimestamp, softdeleteflag) VALUES ('CITY556', 'R22', 'Con1', 'Sunam', 'Kony User', 'Kony Dev', CURRENT_TIMESTAMP, CURRENT_TIMESTAMP, CURRENT_TIMESTAMP, 0);
INSERT INTO [konyadminconsole].[city](id, Region_id, Country_id, Name, createdby, modifiedby, createdts, lastmodifiedts, synctimestamp, softdeleteflag) VALUES ('CITY557', 'R29', 'Con1', 'Gangarampur', 'Kony User', 'Kony Dev', CURRENT_TIMESTAMP, CURRENT_TIMESTAMP, CURRENT_TIMESTAMP, 0);
INSERT INTO [konyadminconsole].[city](id, Region_id, Country_id, Name, createdby, modifiedby, createdts, lastmodifiedts, synctimestamp, softdeleteflag) VALUES ('CITY558', 'R25', 'Con1', 'Thiruvallur', 'Kony User', 'Kony Dev', CURRENT_TIMESTAMP, CURRENT_TIMESTAMP, CURRENT_TIMESTAMP, 0);
INSERT INTO [konyadminconsole].[city](id, Region_id, Country_id, Name, createdby, modifiedby, createdts, lastmodifiedts, synctimestamp, softdeleteflag) VALUES ('CITY559', 'R15', 'Con1', 'Tirur', 'Kony User', 'Kony Dev', CURRENT_TIMESTAMP, CURRENT_TIMESTAMP, CURRENT_TIMESTAMP, 0);
INSERT INTO [konyadminconsole].[city](id, Region_id, Country_id, Name, createdby, modifiedby, createdts, lastmodifiedts, synctimestamp, softdeleteflag) VALUES ('CITY56', 'R25', 'Con1', 'Salem', 'Kony User', 'Kony Dev', CURRENT_TIMESTAMP, CURRENT_TIMESTAMP, CURRENT_TIMESTAMP, 0);
INSERT INTO [konyadminconsole].[city](id, Region_id, Country_id, Name, createdby, modifiedby, createdts, lastmodifiedts, synctimestamp, softdeleteflag) VALUES ('CITY560', 'R27', 'Con1', 'Rath', 'Kony User', 'Kony Dev', CURRENT_TIMESTAMP, CURRENT_TIMESTAMP, CURRENT_TIMESTAMP, 0);
INSERT INTO [konyadminconsole].[city](id, Region_id, Country_id, Name, createdby, modifiedby, createdts, lastmodifiedts, synctimestamp, softdeleteflag) VALUES ('CITY561', 'R21', 'Con1', 'Jatani', 'Kony User', 'Kony Dev', CURRENT_TIMESTAMP, CURRENT_TIMESTAMP, CURRENT_TIMESTAMP, 0);
INSERT INTO [konyadminconsole].[city](id, Region_id, Country_id, Name, createdby, modifiedby, createdts, lastmodifiedts, synctimestamp, softdeleteflag) VALUES ('CITY562', 'R9', 'Con1', 'Viramgam', 'Kony User', 'Kony Dev', CURRENT_TIMESTAMP, CURRENT_TIMESTAMP, CURRENT_TIMESTAMP, 0);
INSERT INTO [konyadminconsole].[city](id, Region_id, Country_id, Name, createdby, modifiedby, createdts, lastmodifiedts, synctimestamp, softdeleteflag) VALUES ('CITY563', 'R23', 'Con1', 'Rajsamand', 'Kony User', 'Kony Dev', CURRENT_TIMESTAMP, CURRENT_TIMESTAMP, CURRENT_TIMESTAMP, 0);
INSERT INTO [konyadminconsole].[city](id, Region_id, Country_id, Name, createdby, modifiedby, createdts, lastmodifiedts, synctimestamp, softdeleteflag) VALUES ('CITY565', 'R15', 'Con1', 'Kottayam', 'Kony User', 'Kony Dev', CURRENT_TIMESTAMP, CURRENT_TIMESTAMP, CURRENT_TIMESTAMP, 0);
INSERT INTO [konyadminconsole].[city](id, Region_id, Country_id, Name, createdby, modifiedby, createdts, lastmodifiedts, synctimestamp, softdeleteflag) VALUES ('CITY566', 'R25', 'Con1', 'Panruti', 'Kony User', 'Kony Dev', CURRENT_TIMESTAMP, CURRENT_TIMESTAMP, CURRENT_TIMESTAMP, 0);
INSERT INTO [konyadminconsole].[city](id, Region_id, Country_id, Name, createdby, modifiedby, createdts, lastmodifiedts, synctimestamp, softdeleteflag) VALUES ('CITY567', 'R22', 'Con1', 'Dhuri', 'Kony User', 'Kony Dev', CURRENT_TIMESTAMP, CURRENT_TIMESTAMP, CURRENT_TIMESTAMP, 0);
INSERT INTO [konyadminconsole].[city](id, Region_id, Country_id, Name, createdby, modifiedby, createdts, lastmodifiedts, synctimestamp, softdeleteflag) VALUES ('CITY568', 'R25', 'Con1', 'Namakkal', 'Kony User', 'Kony Dev', CURRENT_TIMESTAMP, CURRENT_TIMESTAMP, CURRENT_TIMESTAMP, 0);
INSERT INTO [konyadminconsole].[city](id, Region_id, Country_id, Name, createdby, modifiedby, createdts, lastmodifiedts, synctimestamp, softdeleteflag) VALUES ('CITY569', 'R15', 'Con1', 'Kasaragod', 'Kony User', 'Kony Dev', CURRENT_TIMESTAMP, CURRENT_TIMESTAMP, CURRENT_TIMESTAMP, 0);
INSERT INTO [konyadminconsole].[city](id, Region_id, Country_id, Name, createdby, modifiedby, createdts, lastmodifiedts, synctimestamp, softdeleteflag) VALUES ('CITY57', 'R1', 'Con1', 'Warangal', 'Kony User', 'Kony Dev', CURRENT_TIMESTAMP, CURRENT_TIMESTAMP, CURRENT_TIMESTAMP, 0);
INSERT INTO [konyadminconsole].[city](id, Region_id, Country_id, Name, createdby, modifiedby, createdts, lastmodifiedts, synctimestamp, softdeleteflag) VALUES ('CITY570', 'R9', 'Con1', 'Modasa', 'Kony User', 'Kony Dev', CURRENT_TIMESTAMP, CURRENT_TIMESTAMP, CURRENT_TIMESTAMP, 0);
INSERT INTO [konyadminconsole].[city](id, Region_id, Country_id, Name, createdby, modifiedby, createdts, lastmodifiedts, synctimestamp, softdeleteflag) VALUES ('CITY571', 'R3', 'Con1', 'Rayadurg', 'Kony User', 'Kony Dev', CURRENT_TIMESTAMP, CURRENT_TIMESTAMP, CURRENT_TIMESTAMP, 0);
INSERT INTO [konyadminconsole].[city](id, Region_id, Country_id, Name, createdby, modifiedby, createdts, lastmodifiedts, synctimestamp, softdeleteflag) VALUES ('CITY572', 'R6', 'Con1', 'Supaul', 'Kony User', 'Kony Dev', CURRENT_TIMESTAMP, CURRENT_TIMESTAMP, CURRENT_TIMESTAMP, 0);
INSERT INTO [konyadminconsole].[city](id, Region_id, Country_id, Name, createdby, modifiedby, createdts, lastmodifiedts, synctimestamp, softdeleteflag) VALUES ('CITY573', 'R15', 'Con1', 'Kunnamkulam', 'Kony User', 'Kony Dev', CURRENT_TIMESTAMP, CURRENT_TIMESTAMP, CURRENT_TIMESTAMP, 0);
INSERT INTO [konyadminconsole].[city](id, Region_id, Country_id, Name, createdby, modifiedby, createdts, lastmodifiedts, synctimestamp, softdeleteflag) VALUES ('CITY574', 'R2', 'Con1', 'Umred', 'Kony User', 'Kony Dev', CURRENT_TIMESTAMP, CURRENT_TIMESTAMP, CURRENT_TIMESTAMP, 0);
INSERT INTO [konyadminconsole].[city](id, Region_id, Country_id, Name, createdby, modifiedby, createdts, lastmodifiedts, synctimestamp, softdeleteflag) VALUES ('CITY575', 'R1', 'Con1', 'Bellampalle', 'Kony User', 'Kony Dev', CURRENT_TIMESTAMP, CURRENT_TIMESTAMP, CURRENT_TIMESTAMP, 0);
INSERT INTO [konyadminconsole].[city](id, Region_id, Country_id, Name, createdby, modifiedby, createdts, lastmodifiedts, synctimestamp, softdeleteflag) VALUES ('CITY576', 'R5', 'Con1', 'Sibsagar', 'Kony User', 'Kony Dev', CURRENT_TIMESTAMP, CURRENT_TIMESTAMP, CURRENT_TIMESTAMP, 0);
INSERT INTO [konyadminconsole].[city](id, Region_id, Country_id, Name, createdby, modifiedby, createdts, lastmodifiedts, synctimestamp, softdeleteflag) VALUES ('CITY577', 'R10', 'Con1', 'Mandi Dabwali', 'Kony User', 'Kony Dev', CURRENT_TIMESTAMP, CURRENT_TIMESTAMP, CURRENT_TIMESTAMP, 0);
INSERT INTO [konyadminconsole].[city](id, Region_id, Country_id, Name, createdby, modifiedby, createdts, lastmodifiedts, synctimestamp, softdeleteflag) VALUES ('CITY578', 'R15', 'Con1', 'Ottappalam', 'Kony User', 'Kony Dev', CURRENT_TIMESTAMP, CURRENT_TIMESTAMP, CURRENT_TIMESTAMP, 0);
INSERT INTO [konyadminconsole].[city](id, Region_id, Country_id, Name, createdby, modifiedby, createdts, lastmodifiedts, synctimestamp, softdeleteflag) VALUES ('CITY579', 'R6', 'Con1', 'Dumraon', 'Kony User', 'Kony Dev', CURRENT_TIMESTAMP, CURRENT_TIMESTAMP, CURRENT_TIMESTAMP, 0);
INSERT INTO [konyadminconsole].[city](id, Region_id, Country_id, Name, createdby, modifiedby, createdts, lastmodifiedts, synctimestamp, softdeleteflag) VALUES ('CITY58', 'R2', 'Con1', 'Mira-Bhayandar', 'Kony User', 'Kony Dev', CURRENT_TIMESTAMP, CURRENT_TIMESTAMP, CURRENT_TIMESTAMP, 0);
INSERT INTO [konyadminconsole].[city](id, Region_id, Country_id, Name, createdby, modifiedby, createdts, lastmodifiedts, synctimestamp, softdeleteflag) VALUES ('CITY580', 'R3', 'Con1', 'Samalkot', 'Kony User', 'Kony Dev', CURRENT_TIMESTAMP, CURRENT_TIMESTAMP, CURRENT_TIMESTAMP, 0);
INSERT INTO [konyadminconsole].[city](id, Region_id, Country_id, Name, createdby, modifiedby, createdts, lastmodifiedts, synctimestamp, softdeleteflag) VALUES ('CITY581', 'R3', 'Con1', 'Jaggaiahpet', 'Kony User', 'Kony Dev', CURRENT_TIMESTAMP, CURRENT_TIMESTAMP, CURRENT_TIMESTAMP, 0);
INSERT INTO [konyadminconsole].[city](id, Region_id, Country_id, Name, createdby, modifiedby, createdts, lastmodifiedts, synctimestamp, softdeleteflag) VALUES ('CITY582', 'R5', 'Con1', 'Goalpara', 'Kony User', 'Kony Dev', CURRENT_TIMESTAMP, CURRENT_TIMESTAMP, CURRENT_TIMESTAMP, 0);
INSERT INTO [konyadminconsole].[city](id, Region_id, Country_id, Name, createdby, modifiedby, createdts, lastmodifiedts, synctimestamp, softdeleteflag) VALUES ('CITY583', 'R3', 'Con1', 'Tuni', 'Kony User', 'Kony Dev', CURRENT_TIMESTAMP, CURRENT_TIMESTAMP, CURRENT_TIMESTAMP, 0);
INSERT INTO [konyadminconsole].[city](id, Region_id, Country_id, Name, createdby, modifiedby, createdts, lastmodifiedts, synctimestamp, softdeleteflag) VALUES ('CITY584', 'R23', 'Con1', 'Lachhmangarh', 'Kony User', 'Kony Dev', CURRENT_TIMESTAMP, CURRENT_TIMESTAMP, CURRENT_TIMESTAMP, 0);
INSERT INTO [konyadminconsole].[city](id, Region_id, Country_id, Name, createdby, modifiedby, createdts, lastmodifiedts, synctimestamp, softdeleteflag) VALUES ('CITY585', 'R1', 'Con1', 'Bhongir', 'Kony User', 'Kony Dev', CURRENT_TIMESTAMP, CURRENT_TIMESTAMP, CURRENT_TIMESTAMP, 0);
INSERT INTO [konyadminconsole].[city](id, Region_id, Country_id, Name, createdby, modifiedby, createdts, lastmodifiedts, synctimestamp, softdeleteflag) VALUES ('CITY586', 'R3', 'Con1', 'Amalapuram', 'Kony User', 'Kony Dev', CURRENT_TIMESTAMP, CURRENT_TIMESTAMP, CURRENT_TIMESTAMP, 0);
INSERT INTO [konyadminconsole].[city](id, Region_id, Country_id, Name, createdby, modifiedby, createdts, lastmodifiedts, synctimestamp, softdeleteflag) VALUES ('CITY587', 'R22', 'Con1', 'Firozpur Cantt.', 'Kony User', 'Kony Dev', CURRENT_TIMESTAMP, CURRENT_TIMESTAMP, CURRENT_TIMESTAMP, 0);
INSERT INTO [konyadminconsole].[city](id, Region_id, Country_id, Name, createdby, modifiedby, createdts, lastmodifiedts, synctimestamp, softdeleteflag) VALUES ('CITY588', 'R1', 'Con1', 'Vikarabad', 'Kony User', 'Kony Dev', CURRENT_TIMESTAMP, CURRENT_TIMESTAMP, CURRENT_TIMESTAMP, 0);
INSERT INTO [konyadminconsole].[city](id, Region_id, Country_id, Name, createdby, modifiedby, createdts, lastmodifiedts, synctimestamp, softdeleteflag) VALUES ('CITY589', 'R15', 'Con1', 'Thiruvalla', 'Kony User', 'Kony Dev', CURRENT_TIMESTAMP, CURRENT_TIMESTAMP, CURRENT_TIMESTAMP, 0);
INSERT INTO [konyadminconsole].[city](id, Region_id, Country_id, Name, createdby, modifiedby, createdts, lastmodifiedts, synctimestamp, softdeleteflag) VALUES ('CITY59', 'R15', 'Con1', 'Thiruvananthapuram', 'Kony User', 'Kony Dev', CURRENT_TIMESTAMP, CURRENT_TIMESTAMP, CURRENT_TIMESTAMP, 0);
INSERT INTO [konyadminconsole].[city](id, Region_id, Country_id, Name, createdby, modifiedby, createdts, lastmodifiedts, synctimestamp, softdeleteflag) VALUES ('CITY590', 'R27', 'Con1', 'Sherkot', 'Kony User', 'Kony Dev', CURRENT_TIMESTAMP, CURRENT_TIMESTAMP, CURRENT_TIMESTAMP, 0);
INSERT INTO [konyadminconsole].[city](id, Region_id, Country_id, Name, createdby, modifiedby, createdts, lastmodifiedts, synctimestamp, softdeleteflag) VALUES ('CITY591', 'R2', 'Con1', 'Palghar', 'Kony User', 'Kony Dev', CURRENT_TIMESTAMP, CURRENT_TIMESTAMP, CURRENT_TIMESTAMP, 0);
INSERT INTO [konyadminconsole].[city](id, Region_id, Country_id, Name, createdby, modifiedby, createdts, lastmodifiedts, synctimestamp, softdeleteflag) VALUES ('CITY592', 'R2', 'Con1', 'Shegaon', 'Kony User', 'Kony Dev', CURRENT_TIMESTAMP, CURRENT_TIMESTAMP, CURRENT_TIMESTAMP, 0);
INSERT INTO [konyadminconsole].[city](id, Region_id, Country_id, Name, createdby, modifiedby, createdts, lastmodifiedts, synctimestamp, softdeleteflag) VALUES ('CITY593', 'R1', 'Con1', 'Jangaon', 'Kony User', 'Kony Dev', CURRENT_TIMESTAMP, CURRENT_TIMESTAMP, CURRENT_TIMESTAMP, 0);
INSERT INTO [konyadminconsole].[city](id, Region_id, Country_id, Name, createdby, modifiedby, createdts, lastmodifiedts, synctimestamp, softdeleteflag) VALUES ('CITY594', 'R3', 'Con1', 'Bheemunipatnam', 'Kony User', 'Kony Dev', CURRENT_TIMESTAMP, CURRENT_TIMESTAMP, CURRENT_TIMESTAMP, 0);
INSERT INTO [konyadminconsole].[city](id, Region_id, Country_id, Name, createdby, modifiedby, createdts, lastmodifiedts, synctimestamp, softdeleteflag) VALUES ('CITY595', 'R16', 'Con1', 'Panna', 'Kony User', 'Kony Dev', CURRENT_TIMESTAMP, CURRENT_TIMESTAMP, CURRENT_TIMESTAMP, 0);
INSERT INTO [konyadminconsole].[city](id, Region_id, Country_id, Name, createdby, modifiedby, createdts, lastmodifiedts, synctimestamp, softdeleteflag) VALUES ('CITY596', 'R15', 'Con1', 'Thodupuzha', 'Kony User', 'Kony Dev', CURRENT_TIMESTAMP, CURRENT_TIMESTAMP, CURRENT_TIMESTAMP, 0);
INSERT INTO [konyadminconsole].[city](id, Region_id, Country_id, Name, createdby, modifiedby, createdts, lastmodifiedts, synctimestamp, softdeleteflag) VALUES ('CITY597', 'R12', 'Con1', 'KathUrban Agglomeration', 'Kony User', 'Kony Dev', CURRENT_TIMESTAMP, CURRENT_TIMESTAMP, CURRENT_TIMESTAMP, 0);
INSERT INTO [konyadminconsole].[city](id, Region_id, Country_id, Name, createdby, modifiedby, createdts, lastmodifiedts, synctimestamp, softdeleteflag) VALUES ('CITY598', 'R9', 'Con1', 'Palitana', 'Kony User', 'Kony Dev', CURRENT_TIMESTAMP, CURRENT_TIMESTAMP, CURRENT_TIMESTAMP, 0);
INSERT INTO [konyadminconsole].[city](id, Region_id, Country_id, Name, createdby, modifiedby, createdts, lastmodifiedts, synctimestamp, softdeleteflag) VALUES ('CITY599', 'R6', 'Con1', 'Arwal', 'Kony User', 'Kony Dev', CURRENT_TIMESTAMP, CURRENT_TIMESTAMP, CURRENT_TIMESTAMP, 0);
INSERT INTO [konyadminconsole].[city](id, Region_id, Country_id, Name, createdby, modifiedby, createdts, lastmodifiedts, synctimestamp, softdeleteflag) VALUES ('CITY6', 'R14', 'Con1', 'Bengaluru', 'Kony User', 'Kony Dev', CURRENT_TIMESTAMP, CURRENT_TIMESTAMP, CURRENT_TIMESTAMP, 0);
INSERT INTO [konyadminconsole].[city](id, Region_id, Country_id, Name, createdby, modifiedby, createdts, lastmodifiedts, synctimestamp, softdeleteflag) VALUES ('CITY60', 'R2', 'Con1', 'Bhiwandi', 'Kony User', 'Kony Dev', CURRENT_TIMESTAMP, CURRENT_TIMESTAMP, CURRENT_TIMESTAMP, 0);
INSERT INTO [konyadminconsole].[city](id, Region_id, Country_id, Name, createdby, modifiedby, createdts, lastmodifiedts, synctimestamp, softdeleteflag) VALUES ('CITY600', 'R3', 'Con1', 'Venkatagiri', 'Kony User', 'Kony Dev', CURRENT_TIMESTAMP, CURRENT_TIMESTAMP, CURRENT_TIMESTAMP, 0);
INSERT INTO [konyadminconsole].[city](id, Region_id, Country_id, Name, createdby, modifiedby, createdts, lastmodifiedts, synctimestamp, softdeleteflag) VALUES ('CITY601', 'R27', 'Con1', 'Kalpi', 'Kony User', 'Kony Dev', CURRENT_TIMESTAMP, CURRENT_TIMESTAMP, CURRENT_TIMESTAMP, 0);
INSERT INTO [konyadminconsole].[city](id, Region_id, Country_id, Name, createdby, modifiedby, createdts, lastmodifiedts, synctimestamp, softdeleteflag) VALUES ('CITY602', 'R23', 'Con1', 'Rajgarh (Churu)', 'Kony User', 'Kony Dev', CURRENT_TIMESTAMP, CURRENT_TIMESTAMP, CURRENT_TIMESTAMP, 0);
INSERT INTO [konyadminconsole].[city](id, Region_id, Country_id, Name, createdby, modifiedby, createdts, lastmodifiedts, synctimestamp, softdeleteflag) VALUES ('CITY603', 'R3', 'Con1', 'Sattenapalle', 'Kony User', 'Kony Dev', CURRENT_TIMESTAMP, CURRENT_TIMESTAMP, CURRENT_TIMESTAMP, 0);
INSERT INTO [konyadminconsole].[city](id, Region_id, Country_id, Name, createdby, modifiedby, createdts, lastmodifiedts, synctimestamp, softdeleteflag) VALUES ('CITY604', 'R14', 'Con1', 'Arsikere', 'Kony User', 'Kony Dev', CURRENT_TIMESTAMP, CURRENT_TIMESTAMP, CURRENT_TIMESTAMP, 0);
INSERT INTO [konyadminconsole].[city](id, Region_id, Country_id, Name, createdby, modifiedby, createdts, lastmodifiedts, synctimestamp, softdeleteflag) VALUES ('CITY605', 'R2', 'Con1', 'Ozar', 'Kony User', 'Kony Dev', CURRENT_TIMESTAMP, CURRENT_TIMESTAMP, CURRENT_TIMESTAMP, 0);
INSERT INTO [konyadminconsole].[city](id, Region_id, Country_id, Name, createdby, modifiedby, createdts, lastmodifiedts, synctimestamp, softdeleteflag) VALUES ('CITY606', 'R25', 'Con1', 'Thirumangalam', 'Kony User', 'Kony Dev', CURRENT_TIMESTAMP, CURRENT_TIMESTAMP, CURRENT_TIMESTAMP, 0);
INSERT INTO [konyadminconsole].[city](id, Region_id, Country_id, Name, createdby, modifiedby, createdts, lastmodifiedts, synctimestamp, softdeleteflag) VALUES ('CITY607', 'R9', 'Con1', 'Petlad', 'Kony User', 'Kony Dev', CURRENT_TIMESTAMP, CURRENT_TIMESTAMP, CURRENT_TIMESTAMP, 0);
INSERT INTO [konyadminconsole].[city](id, Region_id, Country_id, Name, createdby, modifiedby, createdts, lastmodifiedts, synctimestamp, softdeleteflag) VALUES ('CITY608', 'R23', 'Con1', 'Nasirabad', 'Kony User', 'Kony Dev', CURRENT_TIMESTAMP, CURRENT_TIMESTAMP, CURRENT_TIMESTAMP, 0);
INSERT INTO [konyadminconsole].[city](id, Region_id, Country_id, Name, createdby, modifiedby, createdts, lastmodifiedts, synctimestamp, softdeleteflag) VALUES ('CITY609', 'R2', 'Con1', 'Phaltan', 'Kony User', 'Kony Dev', CURRENT_TIMESTAMP, CURRENT_TIMESTAMP, CURRENT_TIMESTAMP, 0);
INSERT INTO [konyadminconsole].[city](id, Region_id, Country_id, Name, createdby, modifiedby, createdts, lastmodifiedts, synctimestamp, softdeleteflag) VALUES ('CITY61', 'R27', 'Con1', 'Saharanpur', 'Kony User', 'Kony Dev', CURRENT_TIMESTAMP, CURRENT_TIMESTAMP, CURRENT_TIMESTAMP, 0);
INSERT INTO [konyadminconsole].[city](id, Region_id, Country_id, Name, createdby, modifiedby, createdts, lastmodifiedts, synctimestamp, softdeleteflag) VALUES ('CITY610', 'R29', 'Con1', 'Rampurhat', 'Kony User', 'Kony Dev', CURRENT_TIMESTAMP, CURRENT_TIMESTAMP, CURRENT_TIMESTAMP, 0);
INSERT INTO [konyadminconsole].[city](id, Region_id, Country_id, Name, createdby, modifiedby, createdts, lastmodifiedts, synctimestamp, softdeleteflag) VALUES ('CITY611', 'R14', 'Con1', 'Nanjangud', 'Kony User', 'Kony Dev', CURRENT_TIMESTAMP, CURRENT_TIMESTAMP, CURRENT_TIMESTAMP, 0);
INSERT INTO [konyadminconsole].[city](id, Region_id, Country_id, Name, createdby, modifiedby, createdts, lastmodifiedts, synctimestamp, softdeleteflag) VALUES ('CITY612', 'R6', 'Con1', 'Forbesganj', 'Kony User', 'Kony Dev', CURRENT_TIMESTAMP, CURRENT_TIMESTAMP, CURRENT_TIMESTAMP, 0);
INSERT INTO [konyadminconsole].[city](id, Region_id, Country_id, Name, createdby, modifiedby, createdts, lastmodifiedts, synctimestamp, softdeleteflag) VALUES ('CITY613', 'R27', 'Con1', 'Tundla', 'Kony User', 'Kony Dev', CURRENT_TIMESTAMP, CURRENT_TIMESTAMP, CURRENT_TIMESTAMP, 0);
INSERT INTO [konyadminconsole].[city](id, Region_id, Country_id, Name, createdby, modifiedby, createdts, lastmodifiedts, synctimestamp, softdeleteflag) VALUES ('CITY614', 'R6', 'Con1', 'BhabUrban Agglomeration', 'Kony User', 'Kony Dev', CURRENT_TIMESTAMP, CURRENT_TIMESTAMP, CURRENT_TIMESTAMP, 0);
INSERT INTO [konyadminconsole].[city](id, Region_id, Country_id, Name, createdby, modifiedby, createdts, lastmodifiedts, synctimestamp, softdeleteflag) VALUES ('CITY615', 'R14', 'Con1', 'Sagara', 'Kony User', 'Kony Dev', CURRENT_TIMESTAMP, CURRENT_TIMESTAMP, CURRENT_TIMESTAMP, 0);
INSERT INTO [konyadminconsole].[city](id, Region_id, Country_id, Name, createdby, modifiedby, createdts, lastmodifiedts, synctimestamp, softdeleteflag) VALUES ('CITY616', 'R3', 'Con1', 'Pithapuram', 'Kony User', 'Kony Dev', CURRENT_TIMESTAMP, CURRENT_TIMESTAMP, CURRENT_TIMESTAMP, 0);
INSERT INTO [konyadminconsole].[city](id, Region_id, Country_id, Name, createdby, modifiedby, createdts, lastmodifiedts, synctimestamp, softdeleteflag) VALUES ('CITY617', 'R14', 'Con1', 'Sira', 'Kony User', 'Kony Dev', CURRENT_TIMESTAMP, CURRENT_TIMESTAMP, CURRENT_TIMESTAMP, 0);
INSERT INTO [konyadminconsole].[city](id, Region_id, Country_id, Name, createdby, modifiedby, createdts, lastmodifiedts, synctimestamp, softdeleteflag) VALUES ('CITY618', 'R1', 'Con1', 'Bhadrachalam', 'Kony User', 'Kony Dev', CURRENT_TIMESTAMP, CURRENT_TIMESTAMP, CURRENT_TIMESTAMP, 0);
INSERT INTO [konyadminconsole].[city](id, Region_id, Country_id, Name, createdby, modifiedby, createdts, lastmodifiedts, synctimestamp, softdeleteflag) VALUES ('CITY619', 'R10', 'Con1', 'Charkhi Dadri', 'Kony User', 'Kony Dev', CURRENT_TIMESTAMP, CURRENT_TIMESTAMP, CURRENT_TIMESTAMP, 0);
INSERT INTO [konyadminconsole].[city](id, Region_id, Country_id, Name, createdby, modifiedby, createdts, lastmodifiedts, synctimestamp, softdeleteflag) VALUES ('CITY62', 'R3', 'Con1', 'Guntur', 'Kony User', 'Kony Dev', CURRENT_TIMESTAMP, CURRENT_TIMESTAMP, CURRENT_TIMESTAMP, 0);
INSERT INTO [konyadminconsole].[city](id, Region_id, Country_id, Name, createdby, modifiedby, createdts, lastmodifiedts, synctimestamp, softdeleteflag) VALUES ('CITY620', 'R13', 'Con1', 'Chatra', 'Kony User', 'Kony Dev', CURRENT_TIMESTAMP, CURRENT_TIMESTAMP, CURRENT_TIMESTAMP, 0);
INSERT INTO [konyadminconsole].[city](id, Region_id, Country_id, Name, createdby, modifiedby, createdts, lastmodifiedts, synctimestamp, softdeleteflag) VALUES ('CITY621', 'R3', 'Con1', 'Palasa Kasibugga', 'Kony User', 'Kony Dev', CURRENT_TIMESTAMP, CURRENT_TIMESTAMP, CURRENT_TIMESTAMP, 0);
INSERT INTO [konyadminconsole].[city](id, Region_id, Country_id, Name, createdby, modifiedby, createdts, lastmodifiedts, synctimestamp, softdeleteflag) VALUES ('CITY622', 'R23', 'Con1', 'Nohar', 'Kony User', 'Kony Dev', CURRENT_TIMESTAMP, CURRENT_TIMESTAMP, CURRENT_TIMESTAMP, 0);
INSERT INTO [konyadminconsole].[city](id, Region_id, Country_id, Name, createdby, modifiedby, createdts, lastmodifiedts, synctimestamp, softdeleteflag) VALUES ('CITY623', 'R2', 'Con1', 'Yevla', 'Kony User', 'Kony Dev', CURRENT_TIMESTAMP, CURRENT_TIMESTAMP, CURRENT_TIMESTAMP, 0);
INSERT INTO [konyadminconsole].[city](id, Region_id, Country_id, Name, createdby, modifiedby, createdts, lastmodifiedts, synctimestamp, softdeleteflag) VALUES ('CITY624', 'R22', 'Con1', 'Sirhind Fatehgarh Sahib', 'Kony User', 'Kony Dev', CURRENT_TIMESTAMP, CURRENT_TIMESTAMP, CURRENT_TIMESTAMP, 0);
INSERT INTO [konyadminconsole].[city](id, Region_id, Country_id, Name, createdby, modifiedby, createdts, lastmodifiedts, synctimestamp, softdeleteflag) VALUES ('CITY625', 'R1', 'Con1', 'Bhainsa', 'Kony User', 'Kony Dev', CURRENT_TIMESTAMP, CURRENT_TIMESTAMP, CURRENT_TIMESTAMP, 0);
INSERT INTO [konyadminconsole].[city](id, Region_id, Country_id, Name, createdby, modifiedby, createdts, lastmodifiedts, synctimestamp, softdeleteflag) VALUES ('CITY626', 'R3', 'Con1', 'Parvathipuram', 'Kony User', 'Kony Dev', CURRENT_TIMESTAMP, CURRENT_TIMESTAMP, CURRENT_TIMESTAMP, 0);
INSERT INTO [konyadminconsole].[city](id, Region_id, Country_id, Name, createdby, modifiedby, createdts, lastmodifiedts, synctimestamp, softdeleteflag) VALUES ('CITY627', 'R2', 'Con1', 'Shahade', 'Kony User', 'Kony Dev', CURRENT_TIMESTAMP, CURRENT_TIMESTAMP, CURRENT_TIMESTAMP, 0);
INSERT INTO [konyadminconsole].[city](id, Region_id, Country_id, Name, createdby, modifiedby, createdts, lastmodifiedts, synctimestamp, softdeleteflag) VALUES ('CITY628', 'R15', 'Con1', 'Chalakudy', 'Kony User', 'Kony Dev', CURRENT_TIMESTAMP, CURRENT_TIMESTAMP, CURRENT_TIMESTAMP, 0);
INSERT INTO [konyadminconsole].[city](id, Region_id, Country_id, Name, createdby, modifiedby, createdts, lastmodifiedts, synctimestamp, softdeleteflag) VALUES ('CITY629', 'R6', 'Con1', 'Narkatiaganj', 'Kony User', 'Kony Dev', CURRENT_TIMESTAMP, CURRENT_TIMESTAMP, CURRENT_TIMESTAMP, 0);
INSERT INTO [konyadminconsole].[city](id, Region_id, Country_id, Name, createdby, modifiedby, createdts, lastmodifiedts, synctimestamp, softdeleteflag) VALUES ('CITY63', 'R2', 'Con1', 'Amravati', 'Kony User', 'Kony Dev', CURRENT_TIMESTAMP, CURRENT_TIMESTAMP, CURRENT_TIMESTAMP, 0);
INSERT INTO [konyadminconsole].[city](id, Region_id, Country_id, Name, createdby, modifiedby, createdts, lastmodifiedts, synctimestamp, softdeleteflag) VALUES ('CITY630', 'R9', 'Con1', 'Kapadvanj', 'Kony User', 'Kony Dev', CURRENT_TIMESTAMP, CURRENT_TIMESTAMP, CURRENT_TIMESTAMP, 0);
INSERT INTO [konyadminconsole].[city](id, Region_id, Country_id, Name, createdby, modifiedby, createdts, lastmodifiedts, synctimestamp, softdeleteflag) VALUES ('CITY631', 'R3', 'Con1', 'Macherla', 'Kony User', 'Kony Dev', CURRENT_TIMESTAMP, CURRENT_TIMESTAMP, CURRENT_TIMESTAMP, 0);
INSERT INTO [konyadminconsole].[city](id, Region_id, Country_id, Name, createdby, modifiedby, createdts, lastmodifiedts, synctimestamp, softdeleteflag) VALUES ('CITY632', 'R16', 'Con1', 'Raghogarh-Vijaypur', 'Kony User', 'Kony Dev', CURRENT_TIMESTAMP, CURRENT_TIMESTAMP, CURRENT_TIMESTAMP, 0);
INSERT INTO [konyadminconsole].[city](id, Region_id, Country_id, Name, createdby, modifiedby, createdts, lastmodifiedts, synctimestamp, softdeleteflag) VALUES ('CITY633', 'R22', 'Con1', 'Rupnagar', 'Kony User', 'Kony Dev', CURRENT_TIMESTAMP, CURRENT_TIMESTAMP, CURRENT_TIMESTAMP, 0);
INSERT INTO [konyadminconsole].[city](id, Region_id, Country_id, Name, createdby, modifiedby, createdts, lastmodifiedts, synctimestamp, softdeleteflag) VALUES ('CITY634', 'R6', 'Con1', 'Naugachhia', 'Kony User', 'Kony Dev', CURRENT_TIMESTAMP, CURRENT_TIMESTAMP, CURRENT_TIMESTAMP, 0);
INSERT INTO [konyadminconsole].[city](id, Region_id, Country_id, Name, createdby, modifiedby, createdts, lastmodifiedts, synctimestamp, softdeleteflag) VALUES ('CITY635', 'R16', 'Con1', 'Sendhwa', 'Kony User', 'Kony Dev', CURRENT_TIMESTAMP, CURRENT_TIMESTAMP, CURRENT_TIMESTAMP, 0);
INSERT INTO [konyadminconsole].[city](id, Region_id, Country_id, Name, createdby, modifiedby, createdts, lastmodifiedts, synctimestamp, softdeleteflag) VALUES ('CITY636', 'R21', 'Con1', 'Byasanagar', 'Kony User', 'Kony Dev', CURRENT_TIMESTAMP, CURRENT_TIMESTAMP, CURRENT_TIMESTAMP, 0);
INSERT INTO [konyadminconsole].[city](id, Region_id, Country_id, Name, createdby, modifiedby, createdts, lastmodifiedts, synctimestamp, softdeleteflag) VALUES ('CITY637', 'R27', 'Con1', 'Sandila', 'Kony User', 'Kony Dev', CURRENT_TIMESTAMP, CURRENT_TIMESTAMP, CURRENT_TIMESTAMP, 0);
INSERT INTO [konyadminconsole].[city](id, Region_id, Country_id, Name, createdby, modifiedby, createdts, lastmodifiedts, synctimestamp, softdeleteflag) VALUES ('CITY638', 'R3', 'Con1', 'Gooty', 'Kony User', 'Kony Dev', CURRENT_TIMESTAMP, CURRENT_TIMESTAMP, CURRENT_TIMESTAMP, 0);
INSERT INTO [konyadminconsole].[city](id, Region_id, Country_id, Name, createdby, modifiedby, createdts, lastmodifiedts, synctimestamp, softdeleteflag) VALUES ('CITY639', 'R3', 'Con1', 'Salur', 'Kony User', 'Kony Dev', CURRENT_TIMESTAMP, CURRENT_TIMESTAMP, CURRENT_TIMESTAMP, 0);
INSERT INTO [konyadminconsole].[city](id, Region_id, Country_id, Name, createdby, modifiedby, createdts, lastmodifiedts, synctimestamp, softdeleteflag) VALUES ('CITY64', 'R23', 'Con1', 'Bikaner', 'Kony User', 'Kony Dev', CURRENT_TIMESTAMP, CURRENT_TIMESTAMP, CURRENT_TIMESTAMP, 0);
INSERT INTO [konyadminconsole].[city](id, Region_id, Country_id, Name, createdby, modifiedby, createdts, lastmodifiedts, synctimestamp, softdeleteflag) VALUES ('CITY640', 'R27', 'Con1', 'Nanpara', 'Kony User', 'Kony Dev', CURRENT_TIMESTAMP, CURRENT_TIMESTAMP, CURRENT_TIMESTAMP, 0);
INSERT INTO [konyadminconsole].[city](id, Region_id, Country_id, Name, createdby, modifiedby, createdts, lastmodifiedts, synctimestamp, softdeleteflag) VALUES ('CITY641', 'R27', 'Con1', 'Sardhana', 'Kony User', 'Kony Dev', CURRENT_TIMESTAMP, CURRENT_TIMESTAMP, CURRENT_TIMESTAMP, 0);
INSERT INTO [konyadminconsole].[city](id, Region_id, Country_id, Name, createdby, modifiedby, createdts, lastmodifiedts, synctimestamp, softdeleteflag) VALUES ('CITY642', 'R2', 'Con1', 'Vita', 'Kony User', 'Kony Dev', CURRENT_TIMESTAMP, CURRENT_TIMESTAMP, CURRENT_TIMESTAMP, 0);
INSERT INTO [konyadminconsole].[city](id, Region_id, Country_id, Name, createdby, modifiedby, createdts, lastmodifiedts, synctimestamp, softdeleteflag) VALUES ('CITY643', 'R13', 'Con1', 'Gumia', 'Kony User', 'Kony Dev', CURRENT_TIMESTAMP, CURRENT_TIMESTAMP, CURRENT_TIMESTAMP, 0);
INSERT INTO [konyadminconsole].[city](id, Region_id, Country_id, Name, createdby, modifiedby, createdts, lastmodifiedts, synctimestamp, softdeleteflag) VALUES ('CITY644', 'R14', 'Con1', 'Puttur', 'Kony User', 'Kony Dev', CURRENT_TIMESTAMP, CURRENT_TIMESTAMP, CURRENT_TIMESTAMP, 0);
INSERT INTO [konyadminconsole].[city](id, Region_id, Country_id, Name, createdby, modifiedby, createdts, lastmodifiedts, synctimestamp, softdeleteflag) VALUES ('CITY645', 'R22', 'Con1', 'Jalandhar Cantt.', 'Kony User', 'Kony Dev', CURRENT_TIMESTAMP, CURRENT_TIMESTAMP, CURRENT_TIMESTAMP, 0);
INSERT INTO [konyadminconsole].[city](id, Region_id, Country_id, Name, createdby, modifiedby, createdts, lastmodifiedts, synctimestamp, softdeleteflag) VALUES ('CITY646', 'R27', 'Con1', 'Nehtaur', 'Kony User', 'Kony Dev', CURRENT_TIMESTAMP, CURRENT_TIMESTAMP, CURRENT_TIMESTAMP, 0);
INSERT INTO [konyadminconsole].[city](id, Region_id, Country_id, Name, createdby, modifiedby, createdts, lastmodifiedts, synctimestamp, softdeleteflag) VALUES ('CITY647', 'R15', 'Con1', 'Changanassery', 'Kony User', 'Kony Dev', CURRENT_TIMESTAMP, CURRENT_TIMESTAMP, CURRENT_TIMESTAMP, 0);
INSERT INTO [konyadminconsole].[city](id, Region_id, Country_id, Name, createdby, modifiedby, createdts, lastmodifiedts, synctimestamp, softdeleteflag) VALUES ('CITY648', 'R3', 'Con1', 'Mandapeta', 'Kony User', 'Kony Dev', CURRENT_TIMESTAMP, CURRENT_TIMESTAMP, CURRENT_TIMESTAMP, 0);
INSERT INTO [konyadminconsole].[city](id, Region_id, Country_id, Name, createdby, modifiedby, createdts, lastmodifiedts, synctimestamp, softdeleteflag) VALUES ('CITY649', 'R13', 'Con1', 'Dumka', 'Kony User', 'Kony Dev', CURRENT_TIMESTAMP, CURRENT_TIMESTAMP, CURRENT_TIMESTAMP, 0);
INSERT INTO [konyadminconsole].[city](id, Region_id, Country_id, Name, createdby, modifiedby, createdts, lastmodifiedts, synctimestamp, softdeleteflag) VALUES ('CITY65', 'R27', 'Con1', 'Noida', 'Kony User', 'Kony Dev', CURRENT_TIMESTAMP, CURRENT_TIMESTAMP, CURRENT_TIMESTAMP, 0);
INSERT INTO [konyadminconsole].[city](id, Region_id, Country_id, Name, createdby, modifiedby, createdts, lastmodifiedts, synctimestamp, softdeleteflag) VALUES ('CITY650', 'R27', 'Con1', 'Seohara', 'Kony User', 'Kony Dev', CURRENT_TIMESTAMP, CURRENT_TIMESTAMP, CURRENT_TIMESTAMP, 0);
INSERT INTO [konyadminconsole].[city](id, Region_id, Country_id, Name, createdby, modifiedby, createdts, lastmodifiedts, synctimestamp, softdeleteflag) VALUES ('CITY651', 'R2', 'Con1', 'Umarkhed', 'Kony User', 'Kony Dev', CURRENT_TIMESTAMP, CURRENT_TIMESTAMP, CURRENT_TIMESTAMP, 0);
INSERT INTO [konyadminconsole].[city](id, Region_id, Country_id, Name, createdby, modifiedby, createdts, lastmodifiedts, synctimestamp, softdeleteflag) VALUES ('CITY652', 'R13', 'Con1', 'Madhupur', 'Kony User', 'Kony Dev', CURRENT_TIMESTAMP, CURRENT_TIMESTAMP, CURRENT_TIMESTAMP, 0);
INSERT INTO [konyadminconsole].[city](id, Region_id, Country_id, Name, createdby, modifiedby, createdts, lastmodifiedts, synctimestamp, softdeleteflag) VALUES ('CITY653', 'R25', 'Con1', 'Vikramasingapuram', 'Kony User', 'Kony Dev', CURRENT_TIMESTAMP, CURRENT_TIMESTAMP, CURRENT_TIMESTAMP, 0);
INSERT INTO [konyadminconsole].[city](id, Region_id, Country_id, Name, createdby, modifiedby, createdts, lastmodifiedts, synctimestamp, softdeleteflag) VALUES ('CITY654', 'R15', 'Con1', 'Punalur', 'Kony User', 'Kony Dev', CURRENT_TIMESTAMP, CURRENT_TIMESTAMP, CURRENT_TIMESTAMP, 0);
INSERT INTO [konyadminconsole].[city](id, Region_id, Country_id, Name, createdby, modifiedby, createdts, lastmodifiedts, synctimestamp, softdeleteflag) VALUES ('CITY655', 'R21', 'Con1', 'Kendrapara', 'Kony User', 'Kony Dev', CURRENT_TIMESTAMP, CURRENT_TIMESTAMP, CURRENT_TIMESTAMP, 0);
INSERT INTO [konyadminconsole].[city](id, Region_id, Country_id, Name, createdby, modifiedby, createdts, lastmodifiedts, synctimestamp, softdeleteflag) VALUES ('CITY656', 'R9', 'Con1', 'Sihor', 'Kony User', 'Kony Dev', CURRENT_TIMESTAMP, CURRENT_TIMESTAMP, CURRENT_TIMESTAMP, 0);
INSERT INTO [konyadminconsole].[city](id, Region_id, Country_id, Name, createdby, modifiedby, createdts, lastmodifiedts, synctimestamp, softdeleteflag) VALUES ('CITY657', 'R25', 'Con1', 'Nellikuppam', 'Kony User', 'Kony Dev', CURRENT_TIMESTAMP, CURRENT_TIMESTAMP, CURRENT_TIMESTAMP, 0);
INSERT INTO [konyadminconsole].[city](id, Region_id, Country_id, Name, createdby, modifiedby, createdts, lastmodifiedts, synctimestamp, softdeleteflag) VALUES ('CITY658', 'R22', 'Con1', 'Samana', 'Kony User', 'Kony Dev', CURRENT_TIMESTAMP, CURRENT_TIMESTAMP, CURRENT_TIMESTAMP, 0);
INSERT INTO [konyadminconsole].[city](id, Region_id, Country_id, Name, createdby, modifiedby, createdts, lastmodifiedts, synctimestamp, softdeleteflag) VALUES ('CITY659', 'R2', 'Con1', 'Warora', 'Kony User', 'Kony Dev', CURRENT_TIMESTAMP, CURRENT_TIMESTAMP, CURRENT_TIMESTAMP, 0);
INSERT INTO [konyadminconsole].[city](id, Region_id, Country_id, Name, createdby, modifiedby, createdts, lastmodifiedts, synctimestamp, softdeleteflag) VALUES ('CITY66', 'R13', 'Con1', 'Jamshedpur', 'Kony User', 'Kony Dev', CURRENT_TIMESTAMP, CURRENT_TIMESTAMP, CURRENT_TIMESTAMP, 0);
INSERT INTO [konyadminconsole].[city](id, Region_id, Country_id, Name, createdby, modifiedby, createdts, lastmodifiedts, synctimestamp, softdeleteflag) VALUES ('CITY660', 'R15', 'Con1', 'Nilambur', 'Kony User', 'Kony Dev', CURRENT_TIMESTAMP, CURRENT_TIMESTAMP, CURRENT_TIMESTAMP, 0);
INSERT INTO [konyadminconsole].[city](id, Region_id, Country_id, Name, createdby, modifiedby, createdts, lastmodifiedts, synctimestamp, softdeleteflag) VALUES ('CITY661', 'R25', 'Con1', 'Rasipuram', 'Kony User', 'Kony Dev', CURRENT_TIMESTAMP, CURRENT_TIMESTAMP, CURRENT_TIMESTAMP, 0);
INSERT INTO [konyadminconsole].[city](id, Region_id, Country_id, Name, createdby, modifiedby, createdts, lastmodifiedts, synctimestamp, softdeleteflag) VALUES ('CITY662', 'R28', 'Con1', 'Ramnagar', 'Kony User', 'Kony Dev', CURRENT_TIMESTAMP, CURRENT_TIMESTAMP, CURRENT_TIMESTAMP, 0);
INSERT INTO [konyadminconsole].[city](id, Region_id, Country_id, Name, createdby, modifiedby, createdts, lastmodifiedts, synctimestamp, softdeleteflag) VALUES ('CITY663', 'R3', 'Con1', 'Jammalamadugu', 'Kony User', 'Kony Dev', CURRENT_TIMESTAMP, CURRENT_TIMESTAMP, CURRENT_TIMESTAMP, 0);
INSERT INTO [konyadminconsole].[city](id, Region_id, Country_id, Name, createdby, modifiedby, createdts, lastmodifiedts, synctimestamp, softdeleteflag) VALUES ('CITY664', 'R22', 'Con1', 'Nawanshahr', 'Kony User', 'Kony Dev', CURRENT_TIMESTAMP, CURRENT_TIMESTAMP, CURRENT_TIMESTAMP, 0);
INSERT INTO [konyadminconsole].[city](id, Region_id, Country_id, Name, createdby, modifiedby, createdts, lastmodifiedts, synctimestamp, softdeleteflag) VALUES ('CITY665', 'R17', 'Con1', 'Thoubal', 'Kony User', 'Kony Dev', CURRENT_TIMESTAMP, CURRENT_TIMESTAMP, CURRENT_TIMESTAMP, 0);
INSERT INTO [konyadminconsole].[city](id, Region_id, Country_id, Name, createdby, modifiedby, createdts, lastmodifiedts, synctimestamp, softdeleteflag) VALUES ('CITY666', 'R14', 'Con1', 'Athni', 'Kony User', 'Kony Dev', CURRENT_TIMESTAMP, CURRENT_TIMESTAMP, CURRENT_TIMESTAMP, 0);
INSERT INTO [konyadminconsole].[city](id, Region_id, Country_id, Name, createdby, modifiedby, createdts, lastmodifiedts, synctimestamp, softdeleteflag) VALUES ('CITY667', 'R15', 'Con1', 'Cherthala', 'Kony User', 'Kony Dev', CURRENT_TIMESTAMP, CURRENT_TIMESTAMP, CURRENT_TIMESTAMP, 0);
INSERT INTO [konyadminconsole].[city](id, Region_id, Country_id, Name, createdby, modifiedby, createdts, lastmodifiedts, synctimestamp, softdeleteflag) VALUES ('CITY668', 'R16', 'Con1', 'Sidhi', 'Kony User', 'Kony Dev', CURRENT_TIMESTAMP, CURRENT_TIMESTAMP, CURRENT_TIMESTAMP, 0);
INSERT INTO [konyadminconsole].[city](id, Region_id, Country_id, Name, createdby, modifiedby, createdts, lastmodifiedts, synctimestamp, softdeleteflag) VALUES ('CITY669', 'R1', 'Con1', 'Farooqnagar', 'Kony User', 'Kony Dev', CURRENT_TIMESTAMP, CURRENT_TIMESTAMP, CURRENT_TIMESTAMP, 0);
INSERT INTO [konyadminconsole].[city](id, Region_id, Country_id, Name, createdby, modifiedby, createdts, lastmodifiedts, synctimestamp, softdeleteflag) VALUES ('CITY67', 'R7', 'Con1', 'Bhilai Nagar', 'Kony User', 'Kony Dev', CURRENT_TIMESTAMP, CURRENT_TIMESTAMP, CURRENT_TIMESTAMP, 0);
INSERT INTO [konyadminconsole].[city](id, Region_id, Country_id, Name, createdby, modifiedby, createdts, lastmodifiedts, synctimestamp, softdeleteflag) VALUES ('CITY670', 'R3', 'Con1', 'Peddapuram', 'Kony User', 'Kony Dev', CURRENT_TIMESTAMP, CURRENT_TIMESTAMP, CURRENT_TIMESTAMP, 0);
INSERT INTO [konyadminconsole].[city](id, Region_id, Country_id, Name, createdby, modifiedby, createdts, lastmodifiedts, synctimestamp, softdeleteflag) VALUES ('CITY671', 'R13', 'Con1', 'Chirkunda', 'Kony User', 'Kony Dev', CURRENT_TIMESTAMP, CURRENT_TIMESTAMP, CURRENT_TIMESTAMP, 0);
INSERT INTO [konyadminconsole].[city](id, Region_id, Country_id, Name, createdby, modifiedby, createdts, lastmodifiedts, synctimestamp, softdeleteflag) VALUES ('CITY672', 'R2', 'Con1', 'Pachora', 'Kony User', 'Kony Dev', CURRENT_TIMESTAMP, CURRENT_TIMESTAMP, CURRENT_TIMESTAMP, 0);
INSERT INTO [konyadminconsole].[city](id, Region_id, Country_id, Name, createdby, modifiedby, createdts, lastmodifiedts, synctimestamp, softdeleteflag) VALUES ('CITY673', 'R6', 'Con1', 'Madhepura', 'Kony User', 'Kony Dev', CURRENT_TIMESTAMP, CURRENT_TIMESTAMP, CURRENT_TIMESTAMP, 0);
INSERT INTO [konyadminconsole].[city](id, Region_id, Country_id, Name, createdby, modifiedby, createdts, lastmodifiedts, synctimestamp, softdeleteflag) VALUES ('CITY674', 'R28', 'Con1', 'Pithoragarh', 'Kony User', 'Kony Dev', CURRENT_TIMESTAMP, CURRENT_TIMESTAMP, CURRENT_TIMESTAMP, 0);
INSERT INTO [konyadminconsole].[city](id, Region_id, Country_id, Name, createdby, modifiedby, createdts, lastmodifiedts, synctimestamp, softdeleteflag) VALUES ('CITY675', 'R2', 'Con1', 'Tumsar', 'Kony User', 'Kony Dev', CURRENT_TIMESTAMP, CURRENT_TIMESTAMP, CURRENT_TIMESTAMP, 0);
INSERT INTO [konyadminconsole].[city](id, Region_id, Country_id, Name, createdby, modifiedby, createdts, lastmodifiedts, synctimestamp, softdeleteflag) VALUES ('CITY676', 'R23', 'Con1', 'Phalodi', 'Kony User', 'Kony Dev', CURRENT_TIMESTAMP, CURRENT_TIMESTAMP, CURRENT_TIMESTAMP, 0);
INSERT INTO [konyadminconsole].[city](id, Region_id, Country_id, Name, createdby, modifiedby, createdts, lastmodifiedts, synctimestamp, softdeleteflag) VALUES ('CITY677', 'R25', 'Con1', 'Tiruttani', 'Kony User', 'Kony Dev', CURRENT_TIMESTAMP, CURRENT_TIMESTAMP, CURRENT_TIMESTAMP, 0);
INSERT INTO [konyadminconsole].[city](id, Region_id, Country_id, Name, createdby, modifiedby, createdts, lastmodifiedts, synctimestamp, softdeleteflag) VALUES ('CITY678', 'R22', 'Con1', 'Rampura Phul', 'Kony User', 'Kony Dev', CURRENT_TIMESTAMP, CURRENT_TIMESTAMP, CURRENT_TIMESTAMP, 0);
INSERT INTO [konyadminconsole].[city](id, Region_id, Country_id, Name, createdby, modifiedby, createdts, lastmodifiedts, synctimestamp, softdeleteflag) VALUES ('CITY679', 'R15', 'Con1', 'Perinthalmanna', 'Kony User', 'Kony Dev', CURRENT_TIMESTAMP, CURRENT_TIMESTAMP, CURRENT_TIMESTAMP, 0);
INSERT INTO [konyadminconsole].[city](id, Region_id, Country_id, Name, createdby, modifiedby, createdts, lastmodifiedts, synctimestamp, softdeleteflag) VALUES ('CITY68', 'R21', 'Con1', 'Cuttack', 'Kony User', 'Kony Dev', CURRENT_TIMESTAMP, CURRENT_TIMESTAMP, CURRENT_TIMESTAMP, 0);
INSERT INTO [konyadminconsole].[city](id, Region_id, Country_id, Name, createdby, modifiedby, createdts, lastmodifiedts, synctimestamp, softdeleteflag) VALUES ('CITY680', 'R27', 'Con1', 'Padrauna', 'Kony User', 'Kony Dev', CURRENT_TIMESTAMP, CURRENT_TIMESTAMP, CURRENT_TIMESTAMP, 0);
INSERT INTO [konyadminconsole].[city](id, Region_id, Country_id, Name, createdby, modifiedby, createdts, lastmodifiedts, synctimestamp, softdeleteflag) VALUES ('CITY681', 'R16', 'Con1', 'Pipariya', 'Kony User', 'Kony Dev', CURRENT_TIMESTAMP, CURRENT_TIMESTAMP, CURRENT_TIMESTAMP, 0);
INSERT INTO [konyadminconsole].[city](id, Region_id, Country_id, Name, createdby, modifiedby, createdts, lastmodifiedts, synctimestamp, softdeleteflag) VALUES ('CITY682', 'R7', 'Con1', 'Dalli-Rajhara', 'Kony User', 'Kony Dev', CURRENT_TIMESTAMP, CURRENT_TIMESTAMP, CURRENT_TIMESTAMP, 0);
INSERT INTO [konyadminconsole].[city](id, Region_id, Country_id, Name, createdby, modifiedby, createdts, lastmodifiedts, synctimestamp, softdeleteflag) VALUES ('CITY683', 'R3', 'Con1', 'Punganur', 'Kony User', 'Kony Dev', CURRENT_TIMESTAMP, CURRENT_TIMESTAMP, CURRENT_TIMESTAMP, 0);
INSERT INTO [konyadminconsole].[city](id, Region_id, Country_id, Name, createdby, modifiedby, createdts, lastmodifiedts, synctimestamp, softdeleteflag) VALUES ('CITY684', 'R15', 'Con1', 'Mattannur', 'Kony User', 'Kony Dev', CURRENT_TIMESTAMP, CURRENT_TIMESTAMP, CURRENT_TIMESTAMP, 0);
INSERT INTO [konyadminconsole].[city](id, Region_id, Country_id, Name, createdby, modifiedby, createdts, lastmodifiedts, synctimestamp, softdeleteflag) VALUES ('CITY685', 'R27', 'Con1', 'Mathura', 'Kony User', 'Kony Dev', CURRENT_TIMESTAMP, CURRENT_TIMESTAMP, CURRENT_TIMESTAMP, 0);
INSERT INTO [konyadminconsole].[city](id, Region_id, Country_id, Name, createdby, modifiedby, createdts, lastmodifiedts, synctimestamp, softdeleteflag) VALUES ('CITY686', 'R27', 'Con1', 'Thakurdwara', 'Kony User', 'Kony Dev', CURRENT_TIMESTAMP, CURRENT_TIMESTAMP, CURRENT_TIMESTAMP, 0);
INSERT INTO [konyadminconsole].[city](id, Region_id, Country_id, Name, createdby, modifiedby, createdts, lastmodifiedts, synctimestamp, softdeleteflag) VALUES ('CITY687', 'R25', 'Con1', 'Nandivaram-Guduvancheri', 'Kony User', 'Kony Dev', CURRENT_TIMESTAMP, CURRENT_TIMESTAMP, CURRENT_TIMESTAMP, 0);
INSERT INTO [konyadminconsole].[city](id, Region_id, Country_id, Name, createdby, modifiedby, createdts, lastmodifiedts, synctimestamp, softdeleteflag) VALUES ('CITY688', 'R14', 'Con1', 'Mulbagal', 'Kony User', 'Kony Dev', CURRENT_TIMESTAMP, CURRENT_TIMESTAMP, CURRENT_TIMESTAMP, 0);
INSERT INTO [konyadminconsole].[city](id, Region_id, Country_id, Name, createdby, modifiedby, createdts, lastmodifiedts, synctimestamp, softdeleteflag) VALUES ('CITY689', 'R2', 'Con1', 'Manjlegaon', 'Kony User', 'Kony Dev', CURRENT_TIMESTAMP, CURRENT_TIMESTAMP, CURRENT_TIMESTAMP, 0);
INSERT INTO [konyadminconsole].[city](id, Region_id, Country_id, Name, createdby, modifiedby, createdts, lastmodifiedts, synctimestamp, softdeleteflag) VALUES ('CITY69', 'R15', 'Con1', 'Kochi', 'Kony User', 'Kony Dev', CURRENT_TIMESTAMP, CURRENT_TIMESTAMP, CURRENT_TIMESTAMP, 0);
INSERT INTO [konyadminconsole].[city](id, Region_id, Country_id, Name, createdby, modifiedby, createdts, lastmodifiedts, synctimestamp, softdeleteflag) VALUES ('CITY690', 'R9', 'Con1', 'Wankaner', 'Kony User', 'Kony Dev', CURRENT_TIMESTAMP, CURRENT_TIMESTAMP, CURRENT_TIMESTAMP, 0);
INSERT INTO [konyadminconsole].[city](id, Region_id, Country_id, Name, createdby, modifiedby, createdts, lastmodifiedts, synctimestamp, softdeleteflag) VALUES ('CITY691', 'R2', 'Con1', 'Sillod', 'Kony User', 'Kony Dev', CURRENT_TIMESTAMP, CURRENT_TIMESTAMP, CURRENT_TIMESTAMP, 0);
INSERT INTO [konyadminconsole].[city](id, Region_id, Country_id, Name, createdby, modifiedby, createdts, lastmodifiedts, synctimestamp, softdeleteflag) VALUES ('CITY692', 'R3', 'Con1', 'Nidadavole', 'Kony User', 'Kony Dev', CURRENT_TIMESTAMP, CURRENT_TIMESTAMP, CURRENT_TIMESTAMP, 0);
INSERT INTO [konyadminconsole].[city](id, Region_id, Country_id, Name, createdby, modifiedby, createdts, lastmodifiedts, synctimestamp, softdeleteflag) VALUES ('CITY693', 'R14', 'Con1', 'Surapura', 'Kony User', 'Kony Dev', CURRENT_TIMESTAMP, CURRENT_TIMESTAMP, CURRENT_TIMESTAMP, 0);
INSERT INTO [konyadminconsole].[city](id, Region_id, Country_id, Name, createdby, modifiedby, createdts, lastmodifiedts, synctimestamp, softdeleteflag) VALUES ('CITY694', 'R21', 'Con1', 'Rajagangapur', 'Kony User', 'Kony Dev', CURRENT_TIMESTAMP, CURRENT_TIMESTAMP, CURRENT_TIMESTAMP, 0);
INSERT INTO [konyadminconsole].[city](id, Region_id, Country_id, Name, createdby, modifiedby, createdts, lastmodifiedts, synctimestamp, softdeleteflag) VALUES ('CITY695', 'R6', 'Con1', 'Sheikhpura', 'Kony User', 'Kony Dev', CURRENT_TIMESTAMP, CURRENT_TIMESTAMP, CURRENT_TIMESTAMP, 0);
INSERT INTO [konyadminconsole].[city](id, Region_id, Country_id, Name, createdby, modifiedby, createdts, lastmodifiedts, synctimestamp, softdeleteflag) VALUES ('CITY696', 'R21', 'Con1', 'Parlakhemundi', 'Kony User', 'Kony Dev', CURRENT_TIMESTAMP, CURRENT_TIMESTAMP, CURRENT_TIMESTAMP, 0);
INSERT INTO [konyadminconsole].[city](id, Region_id, Country_id, Name, createdby, modifiedby, createdts, lastmodifiedts, synctimestamp, softdeleteflag) VALUES ('CITY697', 'R29', 'Con1', 'Kalimpong', 'Kony User', 'Kony Dev', CURRENT_TIMESTAMP, CURRENT_TIMESTAMP, CURRENT_TIMESTAMP, 0);
INSERT INTO [konyadminconsole].[city](id, Region_id, Country_id, Name, createdby, modifiedby, createdts, lastmodifiedts, synctimestamp, softdeleteflag) VALUES ('CITY698', 'R14', 'Con1', 'Siruguppa', 'Kony User', 'Kony Dev', CURRENT_TIMESTAMP, CURRENT_TIMESTAMP, CURRENT_TIMESTAMP, 0);
INSERT INTO [konyadminconsole].[city](id, Region_id, Country_id, Name, createdby, modifiedby, createdts, lastmodifiedts, synctimestamp, softdeleteflag) VALUES ('CITY699', 'R2', 'Con1', 'Arvi', 'Kony User', 'Kony Dev', CURRENT_TIMESTAMP, CURRENT_TIMESTAMP, CURRENT_TIMESTAMP, 0);
INSERT INTO [konyadminconsole].[city](id, Region_id, Country_id, Name, createdby, modifiedby, createdts, lastmodifiedts, synctimestamp, softdeleteflag) VALUES ('CITY7', 'R9', 'Con1', 'Ahmedabad', 'Kony User', 'Kony Dev', CURRENT_TIMESTAMP, CURRENT_TIMESTAMP, CURRENT_TIMESTAMP, 0);
INSERT INTO [konyadminconsole].[city](id, Region_id, Country_id, Name, createdby, modifiedby, createdts, lastmodifiedts, synctimestamp, softdeleteflag) VALUES ('CITY70', 'R23', 'Con1', 'Udaipur', 'Kony User', 'Kony Dev', CURRENT_TIMESTAMP, CURRENT_TIMESTAMP, CURRENT_TIMESTAMP, 0);
INSERT INTO [konyadminconsole].[city](id, Region_id, Country_id, Name, createdby, modifiedby, createdts, lastmodifiedts, synctimestamp, softdeleteflag) VALUES ('CITY700', 'R9', 'Con1', 'Limbdi', 'Kony User', 'Kony Dev', CURRENT_TIMESTAMP, CURRENT_TIMESTAMP, CURRENT_TIMESTAMP, 0);
INSERT INTO [konyadminconsole].[city](id, Region_id, Country_id, Name, createdby, modifiedby, createdts, lastmodifiedts, synctimestamp, softdeleteflag) VALUES ('CITY701', 'R5', 'Con1', 'Barpeta', 'Kony User', 'Kony Dev', CURRENT_TIMESTAMP, CURRENT_TIMESTAMP, CURRENT_TIMESTAMP, 0);
INSERT INTO [konyadminconsole].[city](id, Region_id, Country_id, Name, createdby, modifiedby, createdts, lastmodifiedts, synctimestamp, softdeleteflag) VALUES ('CITY702', 'R28', 'Con1', 'Manglaur', 'Kony User', 'Kony Dev', CURRENT_TIMESTAMP, CURRENT_TIMESTAMP, CURRENT_TIMESTAMP, 0);
INSERT INTO [konyadminconsole].[city](id, Region_id, Country_id, Name, createdby, modifiedby, createdts, lastmodifiedts, synctimestamp, softdeleteflag) VALUES ('CITY703', 'R3', 'Con1', 'Repalle', 'Kony User', 'Kony Dev', CURRENT_TIMESTAMP, CURRENT_TIMESTAMP, CURRENT_TIMESTAMP, 0);
INSERT INTO [konyadminconsole].[city](id, Region_id, Country_id, Name, createdby, modifiedby, createdts, lastmodifiedts, synctimestamp, softdeleteflag) VALUES ('CITY704', 'R14', 'Con1', 'Mudhol', 'Kony User', 'Kony Dev', CURRENT_TIMESTAMP, CURRENT_TIMESTAMP, CURRENT_TIMESTAMP, 0);
INSERT INTO [konyadminconsole].[city](id, Region_id, Country_id, Name, createdby, modifiedby, createdts, lastmodifiedts, synctimestamp, softdeleteflag) VALUES ('CITY705', 'R16', 'Con1', 'Shujalpur', 'Kony User', 'Kony Dev', CURRENT_TIMESTAMP, CURRENT_TIMESTAMP, CURRENT_TIMESTAMP, 0);
INSERT INTO [konyadminconsole].[city](id, Region_id, Country_id, Name, createdby, modifiedby, createdts, lastmodifiedts, synctimestamp, softdeleteflag) VALUES ('CITY706', 'R9', 'Con1', 'Mandvi', 'Kony User', 'Kony Dev', CURRENT_TIMESTAMP, CURRENT_TIMESTAMP, CURRENT_TIMESTAMP, 0);
INSERT INTO [konyadminconsole].[city](id, Region_id, Country_id, Name, createdby, modifiedby, createdts, lastmodifiedts, synctimestamp, softdeleteflag) VALUES ('CITY707', 'R9', 'Con1', 'Thangadh', 'Kony User', 'Kony Dev', CURRENT_TIMESTAMP, CURRENT_TIMESTAMP, CURRENT_TIMESTAMP, 0);
INSERT INTO [konyadminconsole].[city](id, Region_id, Country_id, Name, createdby, modifiedby, createdts, lastmodifiedts, synctimestamp, softdeleteflag) VALUES ('CITY708', 'R16', 'Con1', 'Sironj', 'Kony User', 'Kony Dev', CURRENT_TIMESTAMP, CURRENT_TIMESTAMP, CURRENT_TIMESTAMP, 0);
INSERT INTO [konyadminconsole].[city](id, Region_id, Country_id, Name, createdby, modifiedby, createdts, lastmodifiedts, synctimestamp, softdeleteflag) VALUES ('CITY709', 'R2', 'Con1', 'Nandura', 'Kony User', 'Kony Dev', CURRENT_TIMESTAMP, CURRENT_TIMESTAMP, CURRENT_TIMESTAMP, 0);
INSERT INTO [konyadminconsole].[city](id, Region_id, Country_id, Name, createdby, modifiedby, createdts, lastmodifiedts, synctimestamp, softdeleteflag) VALUES ('CITY71', 'R9', 'Con1', 'Bhavnagar', 'Kony User', 'Kony Dev', CURRENT_TIMESTAMP, CURRENT_TIMESTAMP, CURRENT_TIMESTAMP, 0);
INSERT INTO [konyadminconsole].[city](id, Region_id, Country_id, Name, createdby, modifiedby, createdts, lastmodifiedts, synctimestamp, softdeleteflag) VALUES ('CITY710', 'R15', 'Con1', 'Shoranur', 'Kony User', 'Kony Dev', CURRENT_TIMESTAMP, CURRENT_TIMESTAMP, CURRENT_TIMESTAMP, 0);
INSERT INTO [konyadminconsole].[city](id, Region_id, Country_id, Name, createdby, modifiedby, createdts, lastmodifiedts, synctimestamp, softdeleteflag) VALUES ('CITY711', 'R23', 'Con1', 'Nathdwara', 'Kony User', 'Kony Dev', CURRENT_TIMESTAMP, CURRENT_TIMESTAMP, CURRENT_TIMESTAMP, 0);
INSERT INTO [konyadminconsole].[city](id, Region_id, Country_id, Name, createdby, modifiedby, createdts, lastmodifiedts, synctimestamp, softdeleteflag) VALUES ('CITY712', 'R25', 'Con1', 'Periyakulam', 'Kony User', 'Kony Dev', CURRENT_TIMESTAMP, CURRENT_TIMESTAMP, CURRENT_TIMESTAMP, 0);
INSERT INTO [konyadminconsole].[city](id, Region_id, Country_id, Name, createdby, modifiedby, createdts, lastmodifiedts, synctimestamp, softdeleteflag) VALUES ('CITY713', 'R6', 'Con1', 'Sultanganj', 'Kony User', 'Kony Dev', CURRENT_TIMESTAMP, CURRENT_TIMESTAMP, CURRENT_TIMESTAMP, 0);
INSERT INTO [konyadminconsole].[city](id, Region_id, Country_id, Name, createdby, modifiedby, createdts, lastmodifiedts, synctimestamp, softdeleteflag) VALUES ('CITY714', 'R1', 'Con1', 'Medak', 'Kony User', 'Kony Dev', CURRENT_TIMESTAMP, CURRENT_TIMESTAMP, CURRENT_TIMESTAMP, 0);
INSERT INTO [konyadminconsole].[city](id, Region_id, Country_id, Name, createdby, modifiedby, createdts, lastmodifiedts, synctimestamp, softdeleteflag) VALUES ('CITY715', 'R1', 'Con1', 'Narayanpet', 'Kony User', 'Kony Dev', CURRENT_TIMESTAMP, CURRENT_TIMESTAMP, CURRENT_TIMESTAMP, 0);
INSERT INTO [konyadminconsole].[city](id, Region_id, Country_id, Name, createdby, modifiedby, createdts, lastmodifiedts, synctimestamp, softdeleteflag) VALUES ('CITY716', 'R6', 'Con1', 'Raxaul Bazar', 'Kony User', 'Kony Dev', CURRENT_TIMESTAMP, CURRENT_TIMESTAMP, CURRENT_TIMESTAMP, 0);
INSERT INTO [konyadminconsole].[city](id, Region_id, Country_id, Name, createdby, modifiedby, createdts, lastmodifiedts, synctimestamp, softdeleteflag) VALUES ('CITY717', 'R12', 'Con1', 'Rajauri', 'Kony User', 'Kony Dev', CURRENT_TIMESTAMP, CURRENT_TIMESTAMP, CURRENT_TIMESTAMP, 0);
INSERT INTO [konyadminconsole].[city](id, Region_id, Country_id, Name, createdby, modifiedby, createdts, lastmodifiedts, synctimestamp, softdeleteflag) VALUES ('CITY718', 'R25', 'Con1', 'Pernampattu', 'Kony User', 'Kony Dev', CURRENT_TIMESTAMP, CURRENT_TIMESTAMP, CURRENT_TIMESTAMP, 0);
INSERT INTO [konyadminconsole].[city](id, Region_id, Country_id, Name, createdby, modifiedby, createdts, lastmodifiedts, synctimestamp, softdeleteflag) VALUES ('CITY719', 'R28', 'Con1', 'Nainital', 'Kony User', 'Kony Dev', CURRENT_TIMESTAMP, CURRENT_TIMESTAMP, CURRENT_TIMESTAMP, 0);
INSERT INTO [konyadminconsole].[city](id, Region_id, Country_id, Name, createdby, modifiedby, createdts, lastmodifiedts, synctimestamp, softdeleteflag) VALUES ('CITY72', 'R28', 'Con1', 'Dehradun', 'Kony User', 'Kony Dev', CURRENT_TIMESTAMP, CURRENT_TIMESTAMP, CURRENT_TIMESTAMP, 0);
INSERT INTO [konyadminconsole].[city](id, Region_id, Country_id, Name, createdby, modifiedby, createdts, lastmodifiedts, synctimestamp, softdeleteflag) VALUES ('CITY720', 'R3', 'Con1', 'Ramachandrapuram', 'Kony User', 'Kony Dev', CURRENT_TIMESTAMP, CURRENT_TIMESTAMP, CURRENT_TIMESTAMP, 0);
INSERT INTO [konyadminconsole].[city](id, Region_id, Country_id, Name, createdby, modifiedby, createdts, lastmodifiedts, synctimestamp, softdeleteflag) VALUES ('CITY721', 'R2', 'Con1', 'Vaijapur', 'Kony User', 'Kony Dev', CURRENT_TIMESTAMP, CURRENT_TIMESTAMP, CURRENT_TIMESTAMP, 0);
INSERT INTO [konyadminconsole].[city](id, Region_id, Country_id, Name, createdby, modifiedby, createdts, lastmodifiedts, synctimestamp, softdeleteflag) VALUES ('CITY722', 'R22', 'Con1', 'Nangal', 'Kony User', 'Kony Dev', CURRENT_TIMESTAMP, CURRENT_TIMESTAMP, CURRENT_TIMESTAMP, 0);
INSERT INTO [konyadminconsole].[city](id, Region_id, Country_id, Name, createdby, modifiedby, createdts, lastmodifiedts, synctimestamp, softdeleteflag) VALUES ('CITY723', 'R14', 'Con1', 'Sidlaghatta', 'Kony User', 'Kony Dev', CURRENT_TIMESTAMP, CURRENT_TIMESTAMP, CURRENT_TIMESTAMP, 0);
INSERT INTO [konyadminconsole].[city](id, Region_id, Country_id, Name, createdby, modifiedby, createdts, lastmodifiedts, synctimestamp, softdeleteflag) VALUES ('CITY724', 'R12', 'Con1', 'Punch', 'Kony User', 'Kony Dev', CURRENT_TIMESTAMP, CURRENT_TIMESTAMP, CURRENT_TIMESTAMP, 0);
INSERT INTO [konyadminconsole].[city](id, Region_id, Country_id, Name, createdby, modifiedby, createdts, lastmodifiedts, synctimestamp, softdeleteflag) VALUES ('CITY725', 'R16', 'Con1', 'Pandhurna', 'Kony User', 'Kony Dev', CURRENT_TIMESTAMP, CURRENT_TIMESTAMP, CURRENT_TIMESTAMP, 0);
INSERT INTO [konyadminconsole].[city](id, Region_id, Country_id, Name, createdby, modifiedby, createdts, lastmodifiedts, synctimestamp, softdeleteflag) VALUES ('CITY726', 'R2', 'Con1', 'Wadgaon Road', 'Kony User', 'Kony Dev', CURRENT_TIMESTAMP, CURRENT_TIMESTAMP, CURRENT_TIMESTAMP, 0);
INSERT INTO [konyadminconsole].[city](id, Region_id, Country_id, Name, createdby, modifiedby, createdts, lastmodifiedts, synctimestamp, softdeleteflag) VALUES ('CITY727', 'R21', 'Con1', 'Talcher', 'Kony User', 'Kony Dev', CURRENT_TIMESTAMP, CURRENT_TIMESTAMP, CURRENT_TIMESTAMP, 0);
INSERT INTO [konyadminconsole].[city](id, Region_id, Country_id, Name, createdby, modifiedby, createdts, lastmodifiedts, synctimestamp, softdeleteflag) VALUES ('CITY728', 'R15', 'Con1', 'Varkala', 'Kony User', 'Kony Dev', CURRENT_TIMESTAMP, CURRENT_TIMESTAMP, CURRENT_TIMESTAMP, 0);
INSERT INTO [konyadminconsole].[city](id, Region_id, Country_id, Name, createdby, modifiedby, createdts, lastmodifiedts, synctimestamp, softdeleteflag) VALUES ('CITY729', 'R23', 'Con1', 'Pilani', 'Kony User', 'Kony Dev', CURRENT_TIMESTAMP, CURRENT_TIMESTAMP, CURRENT_TIMESTAMP, 0);
INSERT INTO [konyadminconsole].[city](id, Region_id, Country_id, Name, createdby, modifiedby, createdts, lastmodifiedts, synctimestamp, softdeleteflag) VALUES ('CITY73', 'R29', 'Con1', 'Asansol', 'Kony User', 'Kony Dev', CURRENT_TIMESTAMP, CURRENT_TIMESTAMP, CURRENT_TIMESTAMP, 0);
INSERT INTO [konyadminconsole].[city](id, Region_id, Country_id, Name, createdby, modifiedby, createdts, lastmodifiedts, synctimestamp, softdeleteflag) VALUES ('CITY730', 'R16', 'Con1', 'Nowgong', 'Kony User', 'Kony Dev', CURRENT_TIMESTAMP, CURRENT_TIMESTAMP, CURRENT_TIMESTAMP, 0);
INSERT INTO [konyadminconsole].[city](id, Region_id, Country_id, Name, createdby, modifiedby, createdts, lastmodifiedts, synctimestamp, softdeleteflag) VALUES ('CITY731', 'R7', 'Con1', 'Naila Janjgir', 'Kony User', 'Kony Dev', CURRENT_TIMESTAMP, CURRENT_TIMESTAMP, CURRENT_TIMESTAMP, 0);
INSERT INTO [konyadminconsole].[city](id, Region_id, Country_id, Name, createdby, modifiedby, createdts, lastmodifiedts, synctimestamp, softdeleteflag) VALUES ('CITY732', 'R8', 'Con1', 'Mapusa', 'Kony User', 'Kony Dev', CURRENT_TIMESTAMP, CURRENT_TIMESTAMP, CURRENT_TIMESTAMP, 0);
INSERT INTO [konyadminconsole].[city](id, Region_id, Country_id, Name, createdby, modifiedby, createdts, lastmodifiedts, synctimestamp, softdeleteflag) VALUES ('CITY733', 'R25', 'Con1', 'Vellakoil', 'Kony User', 'Kony Dev', CURRENT_TIMESTAMP, CURRENT_TIMESTAMP, CURRENT_TIMESTAMP, 0);
INSERT INTO [konyadminconsole].[city](id, Region_id, Country_id, Name, createdby, modifiedby, createdts, lastmodifiedts, synctimestamp, softdeleteflag) VALUES ('CITY734', 'R23', 'Con1', 'Merta City', 'Kony User', 'Kony Dev', CURRENT_TIMESTAMP, CURRENT_TIMESTAMP, CURRENT_TIMESTAMP, 0);
INSERT INTO [konyadminconsole].[city](id, Region_id, Country_id, Name, createdby, modifiedby, createdts, lastmodifiedts, synctimestamp, softdeleteflag) VALUES ('CITY735', 'R25', 'Con1', 'Sivaganga', 'Kony User', 'Kony Dev', CURRENT_TIMESTAMP, CURRENT_TIMESTAMP, CURRENT_TIMESTAMP, 0);
INSERT INTO [konyadminconsole].[city](id, Region_id, Country_id, Name, createdby, modifiedby, createdts, lastmodifiedts, synctimestamp, softdeleteflag) VALUES ('CITY736', 'R16', 'Con1', 'Mandideep', 'Kony User', 'Kony Dev', CURRENT_TIMESTAMP, CURRENT_TIMESTAMP, CURRENT_TIMESTAMP, 0);
INSERT INTO [konyadminconsole].[city](id, Region_id, Country_id, Name, createdby, modifiedby, createdts, lastmodifiedts, synctimestamp, softdeleteflag) VALUES ('CITY737', 'R2', 'Con1', 'Sailu', 'Kony User', 'Kony Dev', CURRENT_TIMESTAMP, CURRENT_TIMESTAMP, CURRENT_TIMESTAMP, 0);
INSERT INTO [konyadminconsole].[city](id, Region_id, Country_id, Name, createdby, modifiedby, createdts, lastmodifiedts, synctimestamp, softdeleteflag) VALUES ('CITY738', 'R9', 'Con1', 'Vyara', 'Kony User', 'Kony Dev', CURRENT_TIMESTAMP, CURRENT_TIMESTAMP, CURRENT_TIMESTAMP, 0);
INSERT INTO [konyadminconsole].[city](id, Region_id, Country_id, Name, createdby, modifiedby, createdts, lastmodifiedts, synctimestamp, softdeleteflag) VALUES ('CITY739', 'R3', 'Con1', 'Kovvur', 'Kony User', 'Kony Dev', CURRENT_TIMESTAMP, CURRENT_TIMESTAMP, CURRENT_TIMESTAMP, 0);
INSERT INTO [konyadminconsole].[city](id, Region_id, Country_id, Name, createdby, modifiedby, createdts, lastmodifiedts, synctimestamp, softdeleteflag) VALUES ('CITY74', 'R2', 'Con1', 'Nanded-Waghala', 'Kony User', 'Kony Dev', CURRENT_TIMESTAMP, CURRENT_TIMESTAMP, CURRENT_TIMESTAMP, 0);
INSERT INTO [konyadminconsole].[city](id, Region_id, Country_id, Name, createdby, modifiedby, createdts, lastmodifiedts, synctimestamp, softdeleteflag) VALUES ('CITY740', 'R25', 'Con1', 'Vadalur', 'Kony User', 'Kony Dev', CURRENT_TIMESTAMP, CURRENT_TIMESTAMP, CURRENT_TIMESTAMP, 0);
INSERT INTO [konyadminconsole].[city](id, Region_id, Country_id, Name, createdby, modifiedby, createdts, lastmodifiedts, synctimestamp, softdeleteflag) VALUES ('CITY741', 'R27', 'Con1', 'Nawabganj', 'Kony User', 'Kony Dev', CURRENT_TIMESTAMP, CURRENT_TIMESTAMP, CURRENT_TIMESTAMP, 0);
INSERT INTO [konyadminconsole].[city](id, Region_id, Country_id, Name, createdby, modifiedby, createdts, lastmodifiedts, synctimestamp, softdeleteflag) VALUES ('CITY742', 'R9', 'Con1', 'Padra', 'Kony User', 'Kony Dev', CURRENT_TIMESTAMP, CURRENT_TIMESTAMP, CURRENT_TIMESTAMP, 0);
INSERT INTO [konyadminconsole].[city](id, Region_id, Country_id, Name, createdby, modifiedby, createdts, lastmodifiedts, synctimestamp, softdeleteflag) VALUES ('CITY743', 'R29', 'Con1', 'Sainthia', 'Kony User', 'Kony Dev', CURRENT_TIMESTAMP, CURRENT_TIMESTAMP, CURRENT_TIMESTAMP, 0);
INSERT INTO [konyadminconsole].[city](id, Region_id, Country_id, Name, createdby, modifiedby, createdts, lastmodifiedts, synctimestamp, softdeleteflag) VALUES ('CITY744', 'R27', 'Con1', 'Siana', 'Kony User', 'Kony Dev', CURRENT_TIMESTAMP, CURRENT_TIMESTAMP, CURRENT_TIMESTAMP, 0);
INSERT INTO [konyadminconsole].[city](id, Region_id, Country_id, Name, createdby, modifiedby, createdts, lastmodifiedts, synctimestamp, softdeleteflag) VALUES ('CITY745', 'R14', 'Con1', 'Shahpur', 'Kony User', 'Kony Dev', CURRENT_TIMESTAMP, CURRENT_TIMESTAMP, CURRENT_TIMESTAMP, 0);
INSERT INTO [konyadminconsole].[city](id, Region_id, Country_id, Name, createdby, modifiedby, createdts, lastmodifiedts, synctimestamp, softdeleteflag) VALUES ('CITY746', 'R23', 'Con1', 'Sojat', 'Kony User', 'Kony Dev', CURRENT_TIMESTAMP, CURRENT_TIMESTAMP, CURRENT_TIMESTAMP, 0);
INSERT INTO [konyadminconsole].[city](id, Region_id, Country_id, Name, createdby, modifiedby, createdts, lastmodifiedts, synctimestamp, softdeleteflag) VALUES ('CITY747', 'R27', 'Con1', 'Noorpur', 'Kony User', 'Kony Dev', CURRENT_TIMESTAMP, CURRENT_TIMESTAMP, CURRENT_TIMESTAMP, 0);
INSERT INTO [konyadminconsole].[city](id, Region_id, Country_id, Name, createdby, modifiedby, createdts, lastmodifiedts, synctimestamp, softdeleteflag) VALUES ('CITY748', 'R15', 'Con1', 'Paravoor', 'Kony User', 'Kony Dev', CURRENT_TIMESTAMP, CURRENT_TIMESTAMP, CURRENT_TIMESTAMP, 0);
INSERT INTO [konyadminconsole].[city](id, Region_id, Country_id, Name, createdby, modifiedby, createdts, lastmodifiedts, synctimestamp, softdeleteflag) VALUES ('CITY749', 'R2', 'Con1', 'Murtijapur', 'Kony User', 'Kony Dev', CURRENT_TIMESTAMP, CURRENT_TIMESTAMP, CURRENT_TIMESTAMP, 0);
INSERT INTO [konyadminconsole].[city](id, Region_id, Country_id, Name, createdby, modifiedby, createdts, lastmodifiedts, synctimestamp, softdeleteflag) VALUES ('CITY75', 'R23', 'Con1', 'Ajmer', 'Kony User', 'Kony Dev', CURRENT_TIMESTAMP, CURRENT_TIMESTAMP, CURRENT_TIMESTAMP, 0);
INSERT INTO [konyadminconsole].[city](id, Region_id, Country_id, Name, createdby, modifiedby, createdts, lastmodifiedts, synctimestamp, softdeleteflag) VALUES ('CITY750', 'R6', 'Con1', 'Ramnagar', 'Kony User', 'Kony Dev', CURRENT_TIMESTAMP, CURRENT_TIMESTAMP, CURRENT_TIMESTAMP, 0);
INSERT INTO [konyadminconsole].[city](id, Region_id, Country_id, Name, createdby, modifiedby, createdts, lastmodifiedts, synctimestamp, softdeleteflag) VALUES ('CITY751', 'R21', 'Con1', 'Sundargarh', 'Kony User', 'Kony Dev', CURRENT_TIMESTAMP, CURRENT_TIMESTAMP, CURRENT_TIMESTAMP, 0);
INSERT INTO [konyadminconsole].[city](id, Region_id, Country_id, Name, createdby, modifiedby, createdts, lastmodifiedts, synctimestamp, softdeleteflag) VALUES ('CITY752', 'R29', 'Con1', 'Taki', 'Kony User', 'Kony Dev', CURRENT_TIMESTAMP, CURRENT_TIMESTAMP, CURRENT_TIMESTAMP, 0);
INSERT INTO [konyadminconsole].[city](id, Region_id, Country_id, Name, createdby, modifiedby, createdts, lastmodifiedts, synctimestamp, softdeleteflag) VALUES ('CITY753', 'R14', 'Con1', 'Saundatti-Yellamma', 'Kony User', 'Kony Dev', CURRENT_TIMESTAMP, CURRENT_TIMESTAMP, CURRENT_TIMESTAMP, 0);
INSERT INTO [konyadminconsole].[city](id, Region_id, Country_id, Name, createdby, modifiedby, createdts, lastmodifiedts, synctimestamp, softdeleteflag) VALUES ('CITY754', 'R15', 'Con1', 'Pathanamthitta', 'Kony User', 'Kony Dev', CURRENT_TIMESTAMP, CURRENT_TIMESTAMP, CURRENT_TIMESTAMP, 0);
INSERT INTO [konyadminconsole].[city](id, Region_id, Country_id, Name, createdby, modifiedby, createdts, lastmodifiedts, synctimestamp, softdeleteflag) VALUES ('CITY755', 'R14', 'Con1', 'Wadi', 'Kony User', 'Kony Dev', CURRENT_TIMESTAMP, CURRENT_TIMESTAMP, CURRENT_TIMESTAMP, 0);
INSERT INTO [konyadminconsole].[city](id, Region_id, Country_id, Name, createdby, modifiedby, createdts, lastmodifiedts, synctimestamp, softdeleteflag) VALUES ('CITY756', 'R25', 'Con1', 'Rameshwaram', 'Kony User', 'Kony Dev', CURRENT_TIMESTAMP, CURRENT_TIMESTAMP, CURRENT_TIMESTAMP, 0);
INSERT INTO [konyadminconsole].[city](id, Region_id, Country_id, Name, createdby, modifiedby, createdts, lastmodifiedts, synctimestamp, softdeleteflag) VALUES ('CITY757', 'R2', 'Con1', 'Tasgaon', 'Kony User', 'Kony Dev', CURRENT_TIMESTAMP, CURRENT_TIMESTAMP, CURRENT_TIMESTAMP, 0);
INSERT INTO [konyadminconsole].[city](id, Region_id, Country_id, Name, createdby, modifiedby, createdts, lastmodifiedts, synctimestamp, softdeleteflag) VALUES ('CITY758', 'R27', 'Con1', 'Sikandra Rao', 'Kony User', 'Kony Dev', CURRENT_TIMESTAMP, CURRENT_TIMESTAMP, CURRENT_TIMESTAMP, 0);
INSERT INTO [konyadminconsole].[city](id, Region_id, Country_id, Name, createdby, modifiedby, createdts, lastmodifiedts, synctimestamp, softdeleteflag) VALUES ('CITY759', 'R16', 'Con1', 'Sihora', 'Kony User', 'Kony Dev', CURRENT_TIMESTAMP, CURRENT_TIMESTAMP, CURRENT_TIMESTAMP, 0);
INSERT INTO [konyadminconsole].[city](id, Region_id, Country_id, Name, createdby, modifiedby, createdts, lastmodifiedts, synctimestamp, softdeleteflag) VALUES ('CITY76', 'R9', 'Con1', 'Jamnagar', 'Kony User', 'Kony Dev', CURRENT_TIMESTAMP, CURRENT_TIMESTAMP, CURRENT_TIMESTAMP, 0);
INSERT INTO [konyadminconsole].[city](id, Region_id, Country_id, Name, createdby, modifiedby, createdts, lastmodifiedts, synctimestamp, softdeleteflag) VALUES ('CITY760', 'R25', 'Con1', 'Tiruvethipuram', 'Kony User', 'Kony Dev', CURRENT_TIMESTAMP, CURRENT_TIMESTAMP, CURRENT_TIMESTAMP, 0);
INSERT INTO [konyadminconsole].[city](id, Region_id, Country_id, Name, createdby, modifiedby, createdts, lastmodifiedts, synctimestamp, softdeleteflag) VALUES ('CITY761', 'R3', 'Con1', 'Tiruvuru', 'Kony User', 'Kony Dev', CURRENT_TIMESTAMP, CURRENT_TIMESTAMP, CURRENT_TIMESTAMP, 0);
INSERT INTO [konyadminconsole].[city](id, Region_id, Country_id, Name, createdby, modifiedby, createdts, lastmodifiedts, synctimestamp, softdeleteflag) VALUES ('CITY762', 'R2', 'Con1', 'Mehkar', 'Kony User', 'Kony Dev', CURRENT_TIMESTAMP, CURRENT_TIMESTAMP, CURRENT_TIMESTAMP, 0);
INSERT INTO [konyadminconsole].[city](id, Region_id, Country_id, Name, createdby, modifiedby, createdts, lastmodifiedts, synctimestamp, softdeleteflag) VALUES ('CITY763', 'R15', 'Con1', 'Peringathur', 'Kony User', 'Kony Dev', CURRENT_TIMESTAMP, CURRENT_TIMESTAMP, CURRENT_TIMESTAMP, 0);
INSERT INTO [konyadminconsole].[city](id, Region_id, Country_id, Name, createdby, modifiedby, createdts, lastmodifiedts, synctimestamp, softdeleteflag) VALUES ('CITY764', 'R25', 'Con1', 'Perambalur', 'Kony User', 'Kony Dev', CURRENT_TIMESTAMP, CURRENT_TIMESTAMP, CURRENT_TIMESTAMP, 0);
INSERT INTO [konyadminconsole].[city](id, Region_id, Country_id, Name, createdby, modifiedby, createdts, lastmodifiedts, synctimestamp, softdeleteflag) VALUES ('CITY765', 'R14', 'Con1', 'Manvi', 'Kony User', 'Kony Dev', CURRENT_TIMESTAMP, CURRENT_TIMESTAMP, CURRENT_TIMESTAMP, 0);
INSERT INTO [konyadminconsole].[city](id, Region_id, Country_id, Name, createdby, modifiedby, createdts, lastmodifiedts, synctimestamp, softdeleteflag) VALUES ('CITY766', 'R20', 'Con1', 'Zunheboto', 'Kony User', 'Kony Dev', CURRENT_TIMESTAMP, CURRENT_TIMESTAMP, CURRENT_TIMESTAMP, 0);
INSERT INTO [konyadminconsole].[city](id, Region_id, Country_id, Name, createdby, modifiedby, createdts, lastmodifiedts, synctimestamp, softdeleteflag) VALUES ('CITY767', 'R6', 'Con1', 'Mahnar Bazar', 'Kony User', 'Kony Dev', CURRENT_TIMESTAMP, CURRENT_TIMESTAMP, CURRENT_TIMESTAMP, 0);
INSERT INTO [konyadminconsole].[city](id, Region_id, Country_id, Name, createdby, modifiedby, createdts, lastmodifiedts, synctimestamp, softdeleteflag) VALUES ('CITY768', 'R15', 'Con1', 'Attingal', 'Kony User', 'Kony Dev', CURRENT_TIMESTAMP, CURRENT_TIMESTAMP, CURRENT_TIMESTAMP, 0);
INSERT INTO [konyadminconsole].[city](id, Region_id, Country_id, Name, createdby, modifiedby, createdts, lastmodifiedts, synctimestamp, softdeleteflag) VALUES ('CITY769', 'R10', 'Con1', 'Shahbad', 'Kony User', 'Kony Dev', CURRENT_TIMESTAMP, CURRENT_TIMESTAMP, CURRENT_TIMESTAMP, 0);
INSERT INTO [konyadminconsole].[city](id, Region_id, Country_id, Name, createdby, modifiedby, createdts, lastmodifiedts, synctimestamp, softdeleteflag) VALUES ('CITY77', 'R16', 'Con1', 'Ujjain', 'Kony User', 'Kony Dev', CURRENT_TIMESTAMP, CURRENT_TIMESTAMP, CURRENT_TIMESTAMP, 0);
INSERT INTO [konyadminconsole].[city](id, Region_id, Country_id, Name, createdby, modifiedby, createdts, lastmodifiedts, synctimestamp, softdeleteflag) VALUES ('CITY770', 'R27', 'Con1', 'Puranpur', 'Kony User', 'Kony Dev', CURRENT_TIMESTAMP, CURRENT_TIMESTAMP, CURRENT_TIMESTAMP, 0);
INSERT INTO [konyadminconsole].[city](id, Region_id, Country_id, Name, createdby, modifiedby, createdts, lastmodifiedts, synctimestamp, softdeleteflag) VALUES ('CITY771', 'R14', 'Con1', 'Nelamangala', 'Kony User', 'Kony Dev', CURRENT_TIMESTAMP, CURRENT_TIMESTAMP, CURRENT_TIMESTAMP, 0);
INSERT INTO [konyadminconsole].[city](id, Region_id, Country_id, Name, createdby, modifiedby, createdts, lastmodifiedts, synctimestamp, softdeleteflag) VALUES ('CITY772', 'R22', 'Con1', 'Nakodar', 'Kony User', 'Kony Dev', CURRENT_TIMESTAMP, CURRENT_TIMESTAMP, CURRENT_TIMESTAMP, 0);
INSERT INTO [konyadminconsole].[city](id, Region_id, Country_id, Name, createdby, modifiedby, createdts, lastmodifiedts, synctimestamp, softdeleteflag) VALUES ('CITY773', 'R9', 'Con1', 'Lunawada', 'Kony User', 'Kony Dev', CURRENT_TIMESTAMP, CURRENT_TIMESTAMP, CURRENT_TIMESTAMP, 0);
INSERT INTO [konyadminconsole].[city](id, Region_id, Country_id, Name, createdby, modifiedby, createdts, lastmodifiedts, synctimestamp, softdeleteflag) VALUES ('CITY774', 'R29', 'Con1', 'Murshidabad', 'Kony User', 'Kony Dev', CURRENT_TIMESTAMP, CURRENT_TIMESTAMP, CURRENT_TIMESTAMP, 0);
INSERT INTO [konyadminconsole].[city](id, Region_id, Country_id, Name, createdby, modifiedby, createdts, lastmodifiedts, synctimestamp, softdeleteflag) VALUES ('CITY776', 'R5', 'Con1', 'Lanka', 'Kony User', 'Kony Dev', CURRENT_TIMESTAMP, CURRENT_TIMESTAMP, CURRENT_TIMESTAMP, 0);
INSERT INTO [konyadminconsole].[city](id, Region_id, Country_id, Name, createdby, modifiedby, createdts, lastmodifiedts, synctimestamp, softdeleteflag) VALUES ('CITY777', 'R27', 'Con1', 'Rudauli', 'Kony User', 'Kony Dev', CURRENT_TIMESTAMP, CURRENT_TIMESTAMP, CURRENT_TIMESTAMP, 0);
INSERT INTO [konyadminconsole].[city](id, Region_id, Country_id, Name, createdby, modifiedby, createdts, lastmodifiedts, synctimestamp, softdeleteflag) VALUES ('CITY778', 'R20', 'Con1', 'Tuensang', 'Kony User', 'Kony Dev', CURRENT_TIMESTAMP, CURRENT_TIMESTAMP, CURRENT_TIMESTAMP, 0);
INSERT INTO [konyadminconsole].[city](id, Region_id, Country_id, Name, createdby, modifiedby, createdts, lastmodifiedts, synctimestamp, softdeleteflag) VALUES ('CITY779', 'R14', 'Con1', 'Lakshmeshwar', 'Kony User', 'Kony Dev', CURRENT_TIMESTAMP, CURRENT_TIMESTAMP, CURRENT_TIMESTAMP, 0);
INSERT INTO [konyadminconsole].[city](id, Region_id, Country_id, Name, createdby, modifiedby, createdts, lastmodifiedts, synctimestamp, softdeleteflag) VALUES ('CITY78', 'R2', 'Con1', 'Sangli', 'Kony User', 'Kony Dev', CURRENT_TIMESTAMP, CURRENT_TIMESTAMP, CURRENT_TIMESTAMP, 0);
INSERT INTO [konyadminconsole].[city](id, Region_id, Country_id, Name, createdby, modifiedby, createdts, lastmodifiedts, synctimestamp, softdeleteflag) VALUES ('CITY780', 'R22', 'Con1', 'Zira', 'Kony User', 'Kony Dev', CURRENT_TIMESTAMP, CURRENT_TIMESTAMP, CURRENT_TIMESTAMP, 0);
INSERT INTO [konyadminconsole].[city](id, Region_id, Country_id, Name, createdby, modifiedby, createdts, lastmodifiedts, synctimestamp, softdeleteflag) VALUES ('CITY781', 'R2', 'Con1', 'Yawal', 'Kony User', 'Kony Dev', CURRENT_TIMESTAMP, CURRENT_TIMESTAMP, CURRENT_TIMESTAMP, 0);
INSERT INTO [konyadminconsole].[city](id, Region_id, Country_id, Name, createdby, modifiedby, createdts, lastmodifiedts, synctimestamp, softdeleteflag) VALUES ('CITY782', 'R27', 'Con1', 'Thana Bhawan', 'Kony User', 'Kony Dev', CURRENT_TIMESTAMP, CURRENT_TIMESTAMP, CURRENT_TIMESTAMP, 0);
INSERT INTO [konyadminconsole].[city](id, Region_id, Country_id, Name, createdby, modifiedby, createdts, lastmodifiedts, synctimestamp, softdeleteflag) VALUES ('CITY783', 'R14', 'Con1', 'Ramdurg', 'Kony User', 'Kony Dev', CURRENT_TIMESTAMP, CURRENT_TIMESTAMP, CURRENT_TIMESTAMP, 0);
INSERT INTO [konyadminconsole].[city](id, Region_id, Country_id, Name, createdby, modifiedby, createdts, lastmodifiedts, synctimestamp, softdeleteflag) VALUES ('CITY784', 'R2', 'Con1', 'Pulgaon', 'Kony User', 'Kony Dev', CURRENT_TIMESTAMP, CURRENT_TIMESTAMP, CURRENT_TIMESTAMP, 0);
INSERT INTO [konyadminconsole].[city](id, Region_id, Country_id, Name, createdby, modifiedby, createdts, lastmodifiedts, synctimestamp, softdeleteflag) VALUES ('CITY785', 'R1', 'Con1', 'Sadasivpet', 'Kony User', 'Kony Dev', CURRENT_TIMESTAMP, CURRENT_TIMESTAMP, CURRENT_TIMESTAMP, 0);
INSERT INTO [konyadminconsole].[city](id, Region_id, Country_id, Name, createdby, modifiedby, createdts, lastmodifiedts, synctimestamp, softdeleteflag) VALUES ('CITY786', 'R14', 'Con1', 'Nargund', 'Kony User', 'Kony Dev', CURRENT_TIMESTAMP, CURRENT_TIMESTAMP, CURRENT_TIMESTAMP, 0);
INSERT INTO [konyadminconsole].[city](id, Region_id, Country_id, Name, createdby, modifiedby, createdts, lastmodifiedts, synctimestamp, softdeleteflag) VALUES ('CITY787', 'R23', 'Con1', 'Neem-Ka-Thana', 'Kony User', 'Kony Dev', CURRENT_TIMESTAMP, CURRENT_TIMESTAMP, CURRENT_TIMESTAMP, 0);
INSERT INTO [konyadminconsole].[city](id, Region_id, Country_id, Name, createdby, modifiedby, createdts, lastmodifiedts, synctimestamp, softdeleteflag) VALUES ('CITY788', 'R29', 'Con1', 'Memari', 'Kony User', 'Kony Dev', CURRENT_TIMESTAMP, CURRENT_TIMESTAMP, CURRENT_TIMESTAMP, 0);
INSERT INTO [konyadminconsole].[city](id, Region_id, Country_id, Name, createdby, modifiedby, createdts, lastmodifiedts, synctimestamp, softdeleteflag) VALUES ('CITY789', 'R2', 'Con1', 'Nilanga', 'Kony User', 'Kony Dev', CURRENT_TIMESTAMP, CURRENT_TIMESTAMP, CURRENT_TIMESTAMP, 0);
INSERT INTO [konyadminconsole].[city](id, Region_id, Country_id, Name, createdby, modifiedby, createdts, lastmodifiedts, synctimestamp, softdeleteflag) VALUES ('CITY79', 'R27', 'Con1', 'Loni', 'Kony User', 'Kony Dev', CURRENT_TIMESTAMP, CURRENT_TIMESTAMP, CURRENT_TIMESTAMP, 0);
INSERT INTO [konyadminconsole].[city](id, Region_id, Country_id, Name, createdby, modifiedby, createdts, lastmodifiedts, synctimestamp, softdeleteflag) VALUES ('CITY790', 'R4', 'Con1', 'Naharlagun', 'Kony User', 'Kony Dev', CURRENT_TIMESTAMP, CURRENT_TIMESTAMP, CURRENT_TIMESTAMP, 0);
INSERT INTO [konyadminconsole].[city](id, Region_id, Country_id, Name, createdby, modifiedby, createdts, lastmodifiedts, synctimestamp, softdeleteflag) VALUES ('CITY791', 'R13', 'Con1', 'Pakaur', 'Kony User', 'Kony Dev', CURRENT_TIMESTAMP, CURRENT_TIMESTAMP, CURRENT_TIMESTAMP, 0);
INSERT INTO [konyadminconsole].[city](id, Region_id, Country_id, Name, createdby, modifiedby, createdts, lastmodifiedts, synctimestamp, softdeleteflag) VALUES ('CITY792', 'R2', 'Con1', 'Wai', 'Kony User', 'Kony Dev', CURRENT_TIMESTAMP, CURRENT_TIMESTAMP, CURRENT_TIMESTAMP, 0);
INSERT INTO [konyadminconsole].[city](id, Region_id, Country_id, Name, createdby, modifiedby, createdts, lastmodifiedts, synctimestamp, softdeleteflag) VALUES ('CITY793', 'R14', 'Con1', 'Tarikere', 'Kony User', 'Kony Dev', CURRENT_TIMESTAMP, CURRENT_TIMESTAMP, CURRENT_TIMESTAMP, 0);
INSERT INTO [konyadminconsole].[city](id, Region_id, Country_id, Name, createdby, modifiedby, createdts, lastmodifiedts, synctimestamp, softdeleteflag) VALUES ('CITY794', 'R14', 'Con1', 'Malavalli', 'Kony User', 'Kony Dev', CURRENT_TIMESTAMP, CURRENT_TIMESTAMP, CURRENT_TIMESTAMP, 0);
INSERT INTO [konyadminconsole].[city](id, Region_id, Country_id, Name, createdby, modifiedby, createdts, lastmodifiedts, synctimestamp, softdeleteflag) VALUES ('CITY795', 'R16', 'Con1', 'Raisen', 'Kony User', 'Kony Dev', CURRENT_TIMESTAMP, CURRENT_TIMESTAMP, CURRENT_TIMESTAMP, 0);
INSERT INTO [konyadminconsole].[city](id, Region_id, Country_id, Name, createdby, modifiedby, createdts, lastmodifiedts, synctimestamp, softdeleteflag) VALUES ('CITY796', 'R16', 'Con1', 'Lahar', 'Kony User', 'Kony Dev', CURRENT_TIMESTAMP, CURRENT_TIMESTAMP, CURRENT_TIMESTAMP, 0);
INSERT INTO [konyadminconsole].[city](id, Region_id, Country_id, Name, createdby, modifiedby, createdts, lastmodifiedts, synctimestamp, softdeleteflag) VALUES ('CITY797', 'R3', 'Con1', 'Uravakonda', 'Kony User', 'Kony Dev', CURRENT_TIMESTAMP, CURRENT_TIMESTAMP, CURRENT_TIMESTAMP, 0);
INSERT INTO [konyadminconsole].[city](id, Region_id, Country_id, Name, createdby, modifiedby, createdts, lastmodifiedts, synctimestamp, softdeleteflag) VALUES ('CITY798', 'R14', 'Con1', 'Savanur', 'Kony User', 'Kony Dev', CURRENT_TIMESTAMP, CURRENT_TIMESTAMP, CURRENT_TIMESTAMP, 0);
INSERT INTO [konyadminconsole].[city](id, Region_id, Country_id, Name, createdby, modifiedby, createdts, lastmodifiedts, synctimestamp, softdeleteflag) VALUES ('CITY799', 'R23', 'Con1', 'Sirohi', 'Kony User', 'Kony Dev', CURRENT_TIMESTAMP, CURRENT_TIMESTAMP, CURRENT_TIMESTAMP, 0);
INSERT INTO [konyadminconsole].[city](id, Region_id, Country_id, Name, createdby, modifiedby, createdts, lastmodifiedts, synctimestamp, softdeleteflag) VALUES ('CITY8', 'R29', 'Con1', 'Kolkata', 'Kony User', 'Kony Dev', CURRENT_TIMESTAMP, CURRENT_TIMESTAMP, CURRENT_TIMESTAMP, 0);
INSERT INTO [konyadminconsole].[city](id, Region_id, Country_id, Name, createdby, modifiedby, createdts, lastmodifiedts, synctimestamp, softdeleteflag) VALUES ('CITY80', 'R27', 'Con1', 'Jhansi', 'Kony User', 'Kony Dev', CURRENT_TIMESTAMP, CURRENT_TIMESTAMP, CURRENT_TIMESTAMP, 0);
INSERT INTO [konyadminconsole].[city](id, Region_id, Country_id, Name, createdby, modifiedby, createdts, lastmodifiedts, synctimestamp, softdeleteflag) VALUES ('CITY800', 'R12', 'Con1', 'Udhampur', 'Kony User', 'Kony Dev', CURRENT_TIMESTAMP, CURRENT_TIMESTAMP, CURRENT_TIMESTAMP, 0);
INSERT INTO [konyadminconsole].[city](id, Region_id, Country_id, Name, createdby, modifiedby, createdts, lastmodifiedts, synctimestamp, softdeleteflag) VALUES ('CITY801', 'R2', 'Con1', 'Umarga', 'Kony User', 'Kony Dev', CURRENT_TIMESTAMP, CURRENT_TIMESTAMP, CURRENT_TIMESTAMP, 0);
INSERT INTO [konyadminconsole].[city](id, Region_id, Country_id, Name, createdby, modifiedby, createdts, lastmodifiedts, synctimestamp, softdeleteflag) VALUES ('CITY802', 'R23', 'Con1', 'Pratapgarh', 'Kony User', 'Kony Dev', CURRENT_TIMESTAMP, CURRENT_TIMESTAMP, CURRENT_TIMESTAMP, 0);
INSERT INTO [konyadminconsole].[city](id, Region_id, Country_id, Name, createdby, modifiedby, createdts, lastmodifiedts, synctimestamp, softdeleteflag) VALUES ('CITY803', 'R14', 'Con1', 'Lingsugur', 'Kony User', 'Kony Dev', CURRENT_TIMESTAMP, CURRENT_TIMESTAMP, CURRENT_TIMESTAMP, 0);
INSERT INTO [konyadminconsole].[city](id, Region_id, Country_id, Name, createdby, modifiedby, createdts, lastmodifiedts, synctimestamp, softdeleteflag) VALUES ('CITY804', 'R25', 'Con1', 'Usilampatti', 'Kony User', 'Kony Dev', CURRENT_TIMESTAMP, CURRENT_TIMESTAMP, CURRENT_TIMESTAMP, 0);
INSERT INTO [konyadminconsole].[city](id, Region_id, Country_id, Name, createdby, modifiedby, createdts, lastmodifiedts, synctimestamp, softdeleteflag) VALUES ('CITY805', 'R27', 'Con1', 'Palia Kalan', 'Kony User', 'Kony Dev', CURRENT_TIMESTAMP, CURRENT_TIMESTAMP, CURRENT_TIMESTAMP, 0);
INSERT INTO [konyadminconsole].[city](id, Region_id, Country_id, Name, createdby, modifiedby, createdts, lastmodifiedts, synctimestamp, softdeleteflag) VALUES ('CITY806', 'R20', 'Con1', 'Wokha', 'Kony User', 'Kony Dev', CURRENT_TIMESTAMP, CURRENT_TIMESTAMP, CURRENT_TIMESTAMP, 0);
INSERT INTO [konyadminconsole].[city](id, Region_id, Country_id, Name, createdby, modifiedby, createdts, lastmodifiedts, synctimestamp, softdeleteflag) VALUES ('CITY807', 'R9', 'Con1', 'Rajpipla', 'Kony User', 'Kony Dev', CURRENT_TIMESTAMP, CURRENT_TIMESTAMP, CURRENT_TIMESTAMP, 0);
INSERT INTO [konyadminconsole].[city](id, Region_id, Country_id, Name, createdby, modifiedby, createdts, lastmodifiedts, synctimestamp, softdeleteflag) VALUES ('CITY808', 'R14', 'Con1', 'Vijayapura', 'Kony User', 'Kony Dev', CURRENT_TIMESTAMP, CURRENT_TIMESTAMP, CURRENT_TIMESTAMP, 0);
INSERT INTO [konyadminconsole].[city](id, Region_id, Country_id, Name, createdby, modifiedby, createdts, lastmodifiedts, synctimestamp, softdeleteflag) VALUES ('CITY809', 'R23', 'Con1', 'Rawatbhata', 'Kony User', 'Kony Dev', CURRENT_TIMESTAMP, CURRENT_TIMESTAMP, CURRENT_TIMESTAMP, 0);
INSERT INTO [konyadminconsole].[city](id, Region_id, Country_id, Name, createdby, modifiedby, createdts, lastmodifiedts, synctimestamp, softdeleteflag) VALUES ('CITY810', 'R23', 'Con1', 'Sangaria', 'Kony User', 'Kony Dev', CURRENT_TIMESTAMP, CURRENT_TIMESTAMP, CURRENT_TIMESTAMP, 0);
INSERT INTO [konyadminconsole].[city](id, Region_id, Country_id, Name, createdby, modifiedby, createdts, lastmodifiedts, synctimestamp, softdeleteflag) VALUES ('CITY811', 'R2', 'Con1', 'Paithan', 'Kony User', 'Kony Dev', CURRENT_TIMESTAMP, CURRENT_TIMESTAMP, CURRENT_TIMESTAMP, 0);
INSERT INTO [konyadminconsole].[city](id, Region_id, Country_id, Name, createdby, modifiedby, createdts, lastmodifiedts, synctimestamp, softdeleteflag) VALUES ('CITY812', 'R2', 'Con1', 'Rahuri', 'Kony User', 'Kony Dev', CURRENT_TIMESTAMP, CURRENT_TIMESTAMP, CURRENT_TIMESTAMP, 0);
INSERT INTO [konyadminconsole].[city](id, Region_id, Country_id, Name, createdby, modifiedby, createdts, lastmodifiedts, synctimestamp, softdeleteflag) VALUES ('CITY813', 'R22', 'Con1', 'Patti', 'Kony User', 'Kony Dev', CURRENT_TIMESTAMP, CURRENT_TIMESTAMP, CURRENT_TIMESTAMP, 0);
INSERT INTO [konyadminconsole].[city](id, Region_id, Country_id, Name, createdby, modifiedby, createdts, lastmodifiedts, synctimestamp, softdeleteflag) VALUES ('CITY814', 'R27', 'Con1', 'Zaidpur', 'Kony User', 'Kony Dev', CURRENT_TIMESTAMP, CURRENT_TIMESTAMP, CURRENT_TIMESTAMP, 0);
INSERT INTO [konyadminconsole].[city](id, Region_id, Country_id, Name, createdby, modifiedby, createdts, lastmodifiedts, synctimestamp, softdeleteflag) VALUES ('CITY815', 'R23', 'Con1', 'Lalsot', 'Kony User', 'Kony Dev', CURRENT_TIMESTAMP, CURRENT_TIMESTAMP, CURRENT_TIMESTAMP, 0);
INSERT INTO [konyadminconsole].[city](id, Region_id, Country_id, Name, createdby, modifiedby, createdts, lastmodifiedts, synctimestamp, softdeleteflag) VALUES ('CITY816', 'R16', 'Con1', 'Maihar', 'Kony User', 'Kony Dev', CURRENT_TIMESTAMP, CURRENT_TIMESTAMP, CURRENT_TIMESTAMP, 0);
INSERT INTO [konyadminconsole].[city](id, Region_id, Country_id, Name, createdby, modifiedby, createdts, lastmodifiedts, synctimestamp, softdeleteflag) VALUES ('CITY817', 'R25', 'Con1', 'Vedaranyam', 'Kony User', 'Kony Dev', CURRENT_TIMESTAMP, CURRENT_TIMESTAMP, CURRENT_TIMESTAMP, 0);
INSERT INTO [konyadminconsole].[city](id, Region_id, Country_id, Name, createdby, modifiedby, createdts, lastmodifiedts, synctimestamp, softdeleteflag) VALUES ('CITY818', 'R2', 'Con1', 'Nawapur', 'Kony User', 'Kony Dev', CURRENT_TIMESTAMP, CURRENT_TIMESTAMP, CURRENT_TIMESTAMP, 0);
INSERT INTO [konyadminconsole].[city](id, Region_id, Country_id, Name, createdby, modifiedby, createdts, lastmodifiedts, synctimestamp, softdeleteflag) VALUES ('CITY819', 'R11', 'Con1', 'Solan', 'Kony User', 'Kony Dev', CURRENT_TIMESTAMP, CURRENT_TIMESTAMP, CURRENT_TIMESTAMP, 0);
INSERT INTO [konyadminconsole].[city](id, Region_id, Country_id, Name, createdby, modifiedby, createdts, lastmodifiedts, synctimestamp, softdeleteflag) VALUES ('CITY82', 'R3', 'Con1', 'Nellore', 'Kony User', 'Kony Dev', CURRENT_TIMESTAMP, CURRENT_TIMESTAMP, CURRENT_TIMESTAMP, 0);
INSERT INTO [konyadminconsole].[city](id, Region_id, Country_id, Name, createdby, modifiedby, createdts, lastmodifiedts, synctimestamp, softdeleteflag) VALUES ('CITY820', 'R9', 'Con1', 'Vapi', 'Kony User', 'Kony Dev', CURRENT_TIMESTAMP, CURRENT_TIMESTAMP, CURRENT_TIMESTAMP, 0);
INSERT INTO [konyadminconsole].[city](id, Region_id, Country_id, Name, createdby, modifiedby, createdts, lastmodifiedts, synctimestamp, softdeleteflag) VALUES ('CITY821', 'R16', 'Con1', 'Sanawad', 'Kony User', 'Kony Dev', CURRENT_TIMESTAMP, CURRENT_TIMESTAMP, CURRENT_TIMESTAMP, 0);
INSERT INTO [konyadminconsole].[city](id, Region_id, Country_id, Name, createdby, modifiedby, createdts, lastmodifiedts, synctimestamp, softdeleteflag) VALUES ('CITY822', 'R6', 'Con1', 'Warisaliganj', 'Kony User', 'Kony Dev', CURRENT_TIMESTAMP, CURRENT_TIMESTAMP, CURRENT_TIMESTAMP, 0);
INSERT INTO [konyadminconsole].[city](id, Region_id, Country_id, Name, createdby, modifiedby, createdts, lastmodifiedts, synctimestamp, softdeleteflag) VALUES ('CITY823', 'R6', 'Con1', 'Revelganj', 'Kony User', 'Kony Dev', CURRENT_TIMESTAMP, CURRENT_TIMESTAMP, CURRENT_TIMESTAMP, 0);
INSERT INTO [konyadminconsole].[city](id, Region_id, Country_id, Name, createdby, modifiedby, createdts, lastmodifiedts, synctimestamp, softdeleteflag) VALUES ('CITY824', 'R16', 'Con1', 'Sabalgarh', 'Kony User', 'Kony Dev', CURRENT_TIMESTAMP, CURRENT_TIMESTAMP, CURRENT_TIMESTAMP, 0);
INSERT INTO [konyadminconsole].[city](id, Region_id, Country_id, Name, createdby, modifiedby, createdts, lastmodifiedts, synctimestamp, softdeleteflag) VALUES ('CITY825', 'R2', 'Con1', 'Tuljapur', 'Kony User', 'Kony Dev', CURRENT_TIMESTAMP, CURRENT_TIMESTAMP, CURRENT_TIMESTAMP, 0);
INSERT INTO [konyadminconsole].[city](id, Region_id, Country_id, Name, createdby, modifiedby, createdts, lastmodifiedts, synctimestamp, softdeleteflag) VALUES ('CITY826', 'R13', 'Con1', 'Simdega', 'Kony User', 'Kony Dev', CURRENT_TIMESTAMP, CURRENT_TIMESTAMP, CURRENT_TIMESTAMP, 0);
INSERT INTO [konyadminconsole].[city](id, Region_id, Country_id, Name, createdby, modifiedby, createdts, lastmodifiedts, synctimestamp, softdeleteflag) VALUES ('CITY827', 'R13', 'Con1', 'Musabani', 'Kony User', 'Kony Dev', CURRENT_TIMESTAMP, CURRENT_TIMESTAMP, CURRENT_TIMESTAMP, 0);
INSERT INTO [konyadminconsole].[city](id, Region_id, Country_id, Name, createdby, modifiedby, createdts, lastmodifiedts, synctimestamp, softdeleteflag) VALUES ('CITY828', 'R15', 'Con1', 'Kodungallur', 'Kony User', 'Kony Dev', CURRENT_TIMESTAMP, CURRENT_TIMESTAMP, CURRENT_TIMESTAMP, 0);
INSERT INTO [konyadminconsole].[city](id, Region_id, Country_id, Name, createdby, modifiedby, createdts, lastmodifiedts, synctimestamp, softdeleteflag) VALUES ('CITY829', 'R21', 'Con1', 'Phulabani', 'Kony User', 'Kony Dev', CURRENT_TIMESTAMP, CURRENT_TIMESTAMP, CURRENT_TIMESTAMP, 0);
INSERT INTO [konyadminconsole].[city](id, Region_id, Country_id, Name, createdby, modifiedby, createdts, lastmodifiedts, synctimestamp, softdeleteflag) VALUES ('CITY83', 'R12', 'Con1', 'Jammu', 'Kony User', 'Kony Dev', CURRENT_TIMESTAMP, CURRENT_TIMESTAMP, CURRENT_TIMESTAMP, 0);
INSERT INTO [konyadminconsole].[city](id, Region_id, Country_id, Name, createdby, modifiedby, createdts, lastmodifiedts, synctimestamp, softdeleteflag) VALUES ('CITY830', 'R9', 'Con1', 'Umreth', 'Kony User', 'Kony Dev', CURRENT_TIMESTAMP, CURRENT_TIMESTAMP, CURRENT_TIMESTAMP, 0);
INSERT INTO [konyadminconsole].[city](id, Region_id, Country_id, Name, createdby, modifiedby, createdts, lastmodifiedts, synctimestamp, softdeleteflag) VALUES ('CITY831', 'R3', 'Con1', 'Narsipatnam', 'Kony User', 'Kony Dev', CURRENT_TIMESTAMP, CURRENT_TIMESTAMP, CURRENT_TIMESTAMP, 0);
INSERT INTO [konyadminconsole].[city](id, Region_id, Country_id, Name, createdby, modifiedby, createdts, lastmodifiedts, synctimestamp, softdeleteflag) VALUES ('CITY832', 'R27', 'Con1', 'Nautanwa', 'Kony User', 'Kony Dev', CURRENT_TIMESTAMP, CURRENT_TIMESTAMP, CURRENT_TIMESTAMP, 0);
INSERT INTO [konyadminconsole].[city](id, Region_id, Country_id, Name, createdby, modifiedby, createdts, lastmodifiedts, synctimestamp, softdeleteflag) VALUES ('CITY833', 'R6', 'Con1', 'Rajgir', 'Kony User', 'Kony Dev', CURRENT_TIMESTAMP, CURRENT_TIMESTAMP, CURRENT_TIMESTAMP, 0);
INSERT INTO [konyadminconsole].[city](id, Region_id, Country_id, Name, createdby, modifiedby, createdts, lastmodifiedts, synctimestamp, softdeleteflag) VALUES ('CITY834', 'R1', 'Con1', 'Yellandu', 'Kony User', 'Kony Dev', CURRENT_TIMESTAMP, CURRENT_TIMESTAMP, CURRENT_TIMESTAMP, 0);
INSERT INTO [konyadminconsole].[city](id, Region_id, Country_id, Name, createdby, modifiedby, createdts, lastmodifiedts, synctimestamp, softdeleteflag) VALUES ('CITY835', 'R25', 'Con1', 'Sathyamangalam', 'Kony User', 'Kony Dev', CURRENT_TIMESTAMP, CURRENT_TIMESTAMP, CURRENT_TIMESTAMP, 0);
INSERT INTO [konyadminconsole].[city](id, Region_id, Country_id, Name, createdby, modifiedby, createdts, lastmodifiedts, synctimestamp, softdeleteflag) VALUES ('CITY836', 'R23', 'Con1', 'Pilibanga', 'Kony User', 'Kony Dev', CURRENT_TIMESTAMP, CURRENT_TIMESTAMP, CURRENT_TIMESTAMP, 0);
INSERT INTO [konyadminconsole].[city](id, Region_id, Country_id, Name, createdby, modifiedby, createdts, lastmodifiedts, synctimestamp, softdeleteflag) VALUES ('CITY837', 'R2', 'Con1', 'Morshi', 'Kony User', 'Kony Dev', CURRENT_TIMESTAMP, CURRENT_TIMESTAMP, CURRENT_TIMESTAMP, 0);
INSERT INTO [konyadminconsole].[city](id, Region_id, Country_id, Name, createdby, modifiedby, createdts, lastmodifiedts, synctimestamp, softdeleteflag) VALUES ('CITY838', 'R10', 'Con1', 'Pehowa', 'Kony User', 'Kony Dev', CURRENT_TIMESTAMP, CURRENT_TIMESTAMP, CURRENT_TIMESTAMP, 0);
INSERT INTO [konyadminconsole].[city](id, Region_id, Country_id, Name, createdby, modifiedby, createdts, lastmodifiedts, synctimestamp, softdeleteflag) VALUES ('CITY839', 'R6', 'Con1', 'Sonepur', 'Kony User', 'Kony Dev', CURRENT_TIMESTAMP, CURRENT_TIMESTAMP, CURRENT_TIMESTAMP, 0);
INSERT INTO [konyadminconsole].[city](id, Region_id, Country_id, Name, createdby, modifiedby, createdts, lastmodifiedts, synctimestamp, softdeleteflag) VALUES ('CITY84', 'R14', 'Con1', 'Belagavi', 'Kony User', 'Kony Dev', CURRENT_TIMESTAMP, CURRENT_TIMESTAMP, CURRENT_TIMESTAMP, 0);
INSERT INTO [konyadminconsole].[city](id, Region_id, Country_id, Name, createdby, modifiedby, createdts, lastmodifiedts, synctimestamp, softdeleteflag) VALUES ('CITY840', 'R15', 'Con1', 'Pappinisseri', 'Kony User', 'Kony Dev', CURRENT_TIMESTAMP, CURRENT_TIMESTAMP, CURRENT_TIMESTAMP, 0);
INSERT INTO [konyadminconsole].[city](id, Region_id, Country_id, Name, createdby, modifiedby, createdts, lastmodifiedts, synctimestamp, softdeleteflag) VALUES ('CITY841', 'R27', 'Con1', 'Zamania', 'Kony User', 'Kony Dev', CURRENT_TIMESTAMP, CURRENT_TIMESTAMP, CURRENT_TIMESTAMP, 0);
INSERT INTO [konyadminconsole].[city](id, Region_id, Country_id, Name, createdby, modifiedby, createdts, lastmodifiedts, synctimestamp, softdeleteflag) VALUES ('CITY842', 'R13', 'Con1', 'Mihijam', 'Kony User', 'Kony Dev', CURRENT_TIMESTAMP, CURRENT_TIMESTAMP, CURRENT_TIMESTAMP, 0);
INSERT INTO [konyadminconsole].[city](id, Region_id, Country_id, Name, createdby, modifiedby, createdts, lastmodifiedts, synctimestamp, softdeleteflag) VALUES ('CITY843', 'R2', 'Con1', 'Purna', 'Kony User', 'Kony Dev', CURRENT_TIMESTAMP, CURRENT_TIMESTAMP, CURRENT_TIMESTAMP, 0);
INSERT INTO [konyadminconsole].[city](id, Region_id, Country_id, Name, createdby, modifiedby, createdts, lastmodifiedts, synctimestamp, softdeleteflag) VALUES ('CITY844', 'R25', 'Con1', 'Puliyankudi', 'Kony User', 'Kony Dev', CURRENT_TIMESTAMP, CURRENT_TIMESTAMP, CURRENT_TIMESTAMP, 0);
INSERT INTO [konyadminconsole].[city](id, Region_id, Country_id, Name, createdby, modifiedby, createdts, lastmodifiedts, synctimestamp, softdeleteflag) VALUES ('CITY846', 'R16', 'Con1', 'Umaria', 'Kony User', 'Kony Dev', CURRENT_TIMESTAMP, CURRENT_TIMESTAMP, CURRENT_TIMESTAMP, 0);
INSERT INTO [konyadminconsole].[city](id, Region_id, Country_id, Name, createdby, modifiedby, createdts, lastmodifiedts, synctimestamp, softdeleteflag) VALUES ('CITY847', 'R16', 'Con1', 'Porsa', 'Kony User', 'Kony Dev', CURRENT_TIMESTAMP, CURRENT_TIMESTAMP, CURRENT_TIMESTAMP, 0);
INSERT INTO [konyadminconsole].[city](id, Region_id, Country_id, Name, createdby, modifiedby, createdts, lastmodifiedts, synctimestamp, softdeleteflag) VALUES ('CITY848', 'R27', 'Con1', 'Naugawan Sadat', 'Kony User', 'Kony Dev', CURRENT_TIMESTAMP, CURRENT_TIMESTAMP, CURRENT_TIMESTAMP, 0);
INSERT INTO [konyadminconsole].[city](id, Region_id, Country_id, Name, createdby, modifiedby, createdts, lastmodifiedts, synctimestamp, softdeleteflag) VALUES ('CITY849', 'R27', 'Con1', 'Fatehpur Sikri', 'Kony User', 'Kony Dev', CURRENT_TIMESTAMP, CURRENT_TIMESTAMP, CURRENT_TIMESTAMP, 0);
INSERT INTO [konyadminconsole].[city](id, Region_id, Country_id, Name, createdby, modifiedby, createdts, lastmodifiedts, synctimestamp, softdeleteflag) VALUES ('CITY85', 'R21', 'Con1', 'Raurkela', 'Kony User', 'Kony Dev', CURRENT_TIMESTAMP, CURRENT_TIMESTAMP, CURRENT_TIMESTAMP, 0);
INSERT INTO [konyadminconsole].[city](id, Region_id, Country_id, Name, createdby, modifiedby, createdts, lastmodifiedts, synctimestamp, softdeleteflag) VALUES ('CITY850', 'R1', 'Con1', 'Manuguru', 'Kony User', 'Kony Dev', CURRENT_TIMESTAMP, CURRENT_TIMESTAMP, CURRENT_TIMESTAMP, 0);
INSERT INTO [konyadminconsole].[city](id, Region_id, Country_id, Name, createdby, modifiedby, createdts, lastmodifiedts, synctimestamp, softdeleteflag) VALUES ('CITY851', 'R26', 'Con1', 'Udaipur', 'Kony User', 'Kony Dev', CURRENT_TIMESTAMP, CURRENT_TIMESTAMP, CURRENT_TIMESTAMP, 0);
INSERT INTO [konyadminconsole].[city](id, Region_id, Country_id, Name, createdby, modifiedby, createdts, lastmodifiedts, synctimestamp, softdeleteflag) VALUES ('CITY852', 'R23', 'Con1', 'Pipar City', 'Kony User', 'Kony Dev', CURRENT_TIMESTAMP, CURRENT_TIMESTAMP, CURRENT_TIMESTAMP, 0);
INSERT INTO [konyadminconsole].[city](id, Region_id, Country_id, Name, createdby, modifiedby, createdts, lastmodifiedts, synctimestamp, softdeleteflag) VALUES ('CITY853', 'R21', 'Con1', 'Pattamundai', 'Kony User', 'Kony Dev', CURRENT_TIMESTAMP, CURRENT_TIMESTAMP, CURRENT_TIMESTAMP, 0);
INSERT INTO [konyadminconsole].[city](id, Region_id, Country_id, Name, createdby, modifiedby, createdts, lastmodifiedts, synctimestamp, softdeleteflag) VALUES ('CITY854', 'R25', 'Con1', 'Nanjikottai', 'Kony User', 'Kony Dev', CURRENT_TIMESTAMP, CURRENT_TIMESTAMP, CURRENT_TIMESTAMP, 0);
INSERT INTO [konyadminconsole].[city](id, Region_id, Country_id, Name, createdby, modifiedby, createdts, lastmodifiedts, synctimestamp, softdeleteflag) VALUES ('CITY855', 'R23', 'Con1', 'Taranagar', 'Kony User', 'Kony Dev', CURRENT_TIMESTAMP, CURRENT_TIMESTAMP, CURRENT_TIMESTAMP, 0);
INSERT INTO [konyadminconsole].[city](id, Region_id, Country_id, Name, createdby, modifiedby, createdts, lastmodifiedts, synctimestamp, softdeleteflag) VALUES ('CITY856', 'R3', 'Con1', 'Yerraguntla', 'Kony User', 'Kony Dev', CURRENT_TIMESTAMP, CURRENT_TIMESTAMP, CURRENT_TIMESTAMP, 0);
INSERT INTO [konyadminconsole].[city](id, Region_id, Country_id, Name, createdby, modifiedby, createdts, lastmodifiedts, synctimestamp, softdeleteflag) VALUES ('CITY857', 'R2', 'Con1', 'Satana', 'Kony User', 'Kony Dev', CURRENT_TIMESTAMP, CURRENT_TIMESTAMP, CURRENT_TIMESTAMP, 0);
INSERT INTO [konyadminconsole].[city](id, Region_id, Country_id, Name, createdby, modifiedby, createdts, lastmodifiedts, synctimestamp, softdeleteflag) VALUES ('CITY858', 'R6', 'Con1', 'Sherghati', 'Kony User', 'Kony Dev', CURRENT_TIMESTAMP, CURRENT_TIMESTAMP, CURRENT_TIMESTAMP, 0);
INSERT INTO [konyadminconsole].[city](id, Region_id, Country_id, Name, createdby, modifiedby, createdts, lastmodifiedts, synctimestamp, softdeleteflag) VALUES ('CITY859', 'R14', 'Con1', 'Sankeshwara', 'Kony User', 'Kony Dev', CURRENT_TIMESTAMP, CURRENT_TIMESTAMP, CURRENT_TIMESTAMP, 0);
INSERT INTO [konyadminconsole].[city](id, Region_id, Country_id, Name, createdby, modifiedby, createdts, lastmodifiedts, synctimestamp, softdeleteflag) VALUES ('CITY86', 'R14', 'Con1', 'Mangaluru', 'Kony User', 'Kony Dev', CURRENT_TIMESTAMP, CURRENT_TIMESTAMP, CURRENT_TIMESTAMP, 0);
INSERT INTO [konyadminconsole].[city](id, Region_id, Country_id, Name, createdby, modifiedby, createdts, lastmodifiedts, synctimestamp, softdeleteflag) VALUES ('CITY860', 'R14', 'Con1', 'Madikeri', 'Kony User', 'Kony Dev', CURRENT_TIMESTAMP, CURRENT_TIMESTAMP, CURRENT_TIMESTAMP, 0);
INSERT INTO [konyadminconsole].[city](id, Region_id, Country_id, Name, createdby, modifiedby, createdts, lastmodifiedts, synctimestamp, softdeleteflag) VALUES ('CITY861', 'R25', 'Con1', 'Thuraiyur', 'Kony User', 'Kony Dev', CURRENT_TIMESTAMP, CURRENT_TIMESTAMP, CURRENT_TIMESTAMP, 0);
INSERT INTO [konyadminconsole].[city](id, Region_id, Country_id, Name, createdby, modifiedby, createdts, lastmodifiedts, synctimestamp, softdeleteflag) VALUES ('CITY862', 'R9', 'Con1', 'Sanand', 'Kony User', 'Kony Dev', CURRENT_TIMESTAMP, CURRENT_TIMESTAMP, CURRENT_TIMESTAMP, 0);
INSERT INTO [konyadminconsole].[city](id, Region_id, Country_id, Name, createdby, modifiedby, createdts, lastmodifiedts, synctimestamp, softdeleteflag) VALUES ('CITY863', 'R9', 'Con1', 'Rajula', 'Kony User', 'Kony Dev', CURRENT_TIMESTAMP, CURRENT_TIMESTAMP, CURRENT_TIMESTAMP, 0);
INSERT INTO [konyadminconsole].[city](id, Region_id, Country_id, Name, createdby, modifiedby, createdts, lastmodifiedts, synctimestamp, softdeleteflag) VALUES ('CITY864', 'R1', 'Con1', 'Kyathampalle', 'Kony User', 'Kony Dev', CURRENT_TIMESTAMP, CURRENT_TIMESTAMP, CURRENT_TIMESTAMP, 0);
INSERT INTO [konyadminconsole].[city](id, Region_id, Country_id, Name, createdby, modifiedby, createdts, lastmodifiedts, synctimestamp, softdeleteflag) VALUES ('CITY866', 'R7', 'Con1', 'Tilda Newra', 'Kony User', 'Kony Dev', CURRENT_TIMESTAMP, CURRENT_TIMESTAMP, CURRENT_TIMESTAMP, 0);
INSERT INTO [konyadminconsole].[city](id, Region_id, Country_id, Name, createdby, modifiedby, createdts, lastmodifiedts, synctimestamp, softdeleteflag) VALUES ('CITY867', 'R16', 'Con1', 'Narsinghgarh', 'Kony User', 'Kony Dev', CURRENT_TIMESTAMP, CURRENT_TIMESTAMP, CURRENT_TIMESTAMP, 0);
INSERT INTO [konyadminconsole].[city](id, Region_id, Country_id, Name, createdby, modifiedby, createdts, lastmodifiedts, synctimestamp, softdeleteflag) VALUES ('CITY868', 'R15', 'Con1', 'Chittur-Thathamangalam', 'Kony User', 'Kony Dev', CURRENT_TIMESTAMP, CURRENT_TIMESTAMP, CURRENT_TIMESTAMP, 0);
INSERT INTO [konyadminconsole].[city](id, Region_id, Country_id, Name, createdby, modifiedby, createdts, lastmodifiedts, synctimestamp, softdeleteflag) VALUES ('CITY869', 'R16', 'Con1', 'Malaj Khand', 'Kony User', 'Kony Dev', CURRENT_TIMESTAMP, CURRENT_TIMESTAMP, CURRENT_TIMESTAMP, 0);
INSERT INTO [konyadminconsole].[city](id, Region_id, Country_id, Name, createdby, modifiedby, createdts, lastmodifiedts, synctimestamp, softdeleteflag) VALUES ('CITY87', 'R25', 'Con1', 'Tirunelveli', 'Kony User', 'Kony Dev', CURRENT_TIMESTAMP, CURRENT_TIMESTAMP, CURRENT_TIMESTAMP, 0);
INSERT INTO [konyadminconsole].[city](id, Region_id, Country_id, Name, createdby, modifiedby, createdts, lastmodifiedts, synctimestamp, softdeleteflag) VALUES ('CITY870', 'R16', 'Con1', 'Sarangpur', 'Kony User', 'Kony Dev', CURRENT_TIMESTAMP, CURRENT_TIMESTAMP, CURRENT_TIMESTAMP, 0);
INSERT INTO [konyadminconsole].[city](id, Region_id, Country_id, Name, createdby, modifiedby, createdts, lastmodifiedts, synctimestamp, softdeleteflag) VALUES ('CITY871', 'R27', 'Con1', 'Robertsganj', 'Kony User', 'Kony Dev', CURRENT_TIMESTAMP, CURRENT_TIMESTAMP, CURRENT_TIMESTAMP, 0);
INSERT INTO [konyadminconsole].[city](id, Region_id, Country_id, Name, createdby, modifiedby, createdts, lastmodifiedts, synctimestamp, softdeleteflag) VALUES ('CITY872', 'R25', 'Con1', 'Sirkali', 'Kony User', 'Kony Dev', CURRENT_TIMESTAMP, CURRENT_TIMESTAMP, CURRENT_TIMESTAMP, 0);
INSERT INTO [konyadminconsole].[city](id, Region_id, Country_id, Name, createdby, modifiedby, createdts, lastmodifiedts, synctimestamp, softdeleteflag) VALUES ('CITY873', 'R9', 'Con1', 'Radhanpur', 'Kony User', 'Kony Dev', CURRENT_TIMESTAMP, CURRENT_TIMESTAMP, CURRENT_TIMESTAMP, 0);
INSERT INTO [konyadminconsole].[city](id, Region_id, Country_id, Name, createdby, modifiedby, createdts, lastmodifiedts, synctimestamp, softdeleteflag) VALUES ('CITY874', 'R25', 'Con1', 'Tiruchendur', 'Kony User', 'Kony Dev', CURRENT_TIMESTAMP, CURRENT_TIMESTAMP, CURRENT_TIMESTAMP, 0);
INSERT INTO [konyadminconsole].[city](id, Region_id, Country_id, Name, createdby, modifiedby, createdts, lastmodifiedts, synctimestamp, softdeleteflag) VALUES ('CITY875', 'R27', 'Con1', 'Utraula', 'Kony User', 'Kony Dev', CURRENT_TIMESTAMP, CURRENT_TIMESTAMP, CURRENT_TIMESTAMP, 0);
INSERT INTO [konyadminconsole].[city](id, Region_id, Country_id, Name, createdby, modifiedby, createdts, lastmodifiedts, synctimestamp, softdeleteflag) VALUES ('CITY876', 'R13', 'Con1', 'Patratu', 'Kony User', 'Kony Dev', CURRENT_TIMESTAMP, CURRENT_TIMESTAMP, CURRENT_TIMESTAMP, 0);
INSERT INTO [konyadminconsole].[city](id, Region_id, Country_id, Name, createdby, modifiedby, createdts, lastmodifiedts, synctimestamp, softdeleteflag) VALUES ('CITY878', 'R25', 'Con1', 'Periyasemur', 'Kony User', 'Kony Dev', CURRENT_TIMESTAMP, CURRENT_TIMESTAMP, CURRENT_TIMESTAMP, 0);
INSERT INTO [konyadminconsole].[city](id, Region_id, Country_id, Name, createdby, modifiedby, createdts, lastmodifiedts, synctimestamp, softdeleteflag) VALUES ('CITY879', 'R2', 'Con1', 'Pathri', 'Kony User', 'Kony Dev', CURRENT_TIMESTAMP, CURRENT_TIMESTAMP, CURRENT_TIMESTAMP, 0);
INSERT INTO [konyadminconsole].[city](id, Region_id, Country_id, Name, createdby, modifiedby, createdts, lastmodifiedts, synctimestamp, softdeleteflag) VALUES ('CITY88', 'R2', 'Con1', 'Malegaon', 'Kony User', 'Kony Dev', CURRENT_TIMESTAMP, CURRENT_TIMESTAMP, CURRENT_TIMESTAMP, 0);
INSERT INTO [konyadminconsole].[city](id, Region_id, Country_id, Name, createdby, modifiedby, createdts, lastmodifiedts, synctimestamp, softdeleteflag) VALUES ('CITY880', 'R27', 'Con1', 'Sadabad', 'Kony User', 'Kony Dev', CURRENT_TIMESTAMP, CURRENT_TIMESTAMP, CURRENT_TIMESTAMP, 0);
INSERT INTO [konyadminconsole].[city](id, Region_id, Country_id, Name, createdby, modifiedby, createdts, lastmodifiedts, synctimestamp, softdeleteflag) VALUES ('CITY881', 'R14', 'Con1', 'Talikota', 'Kony User', 'Kony Dev', CURRENT_TIMESTAMP, CURRENT_TIMESTAMP, CURRENT_TIMESTAMP, 0);
INSERT INTO [konyadminconsole].[city](id, Region_id, Country_id, Name, createdby, modifiedby, createdts, lastmodifiedts, synctimestamp, softdeleteflag) VALUES ('CITY882', 'R2', 'Con1', 'Sinnar', 'Kony User', 'Kony Dev', CURRENT_TIMESTAMP, CURRENT_TIMESTAMP, CURRENT_TIMESTAMP, 0);
INSERT INTO [konyadminconsole].[city](id, Region_id, Country_id, Name, createdby, modifiedby, createdts, lastmodifiedts, synctimestamp, softdeleteflag) VALUES ('CITY883', 'R7', 'Con1', 'Mungeli', 'Kony User', 'Kony Dev', CURRENT_TIMESTAMP, CURRENT_TIMESTAMP, CURRENT_TIMESTAMP, 0);
INSERT INTO [konyadminconsole].[city](id, Region_id, Country_id, Name, createdby, modifiedby, createdts, lastmodifiedts, synctimestamp, softdeleteflag) VALUES ('CITY884', 'R14', 'Con1', 'Sedam', 'Kony User', 'Kony Dev', CURRENT_TIMESTAMP, CURRENT_TIMESTAMP, CURRENT_TIMESTAMP, 0);
INSERT INTO [konyadminconsole].[city](id, Region_id, Country_id, Name, createdby, modifiedby, createdts, lastmodifiedts, synctimestamp, softdeleteflag) VALUES ('CITY885', 'R14', 'Con1', 'Shikaripur', 'Kony User', 'Kony Dev', CURRENT_TIMESTAMP, CURRENT_TIMESTAMP, CURRENT_TIMESTAMP, 0);
INSERT INTO [konyadminconsole].[city](id, Region_id, Country_id, Name, createdby, modifiedby, createdts, lastmodifiedts, synctimestamp, softdeleteflag) VALUES ('CITY886', 'R23', 'Con1', 'Sumerpur', 'Kony User', 'Kony Dev', CURRENT_TIMESTAMP, CURRENT_TIMESTAMP, CURRENT_TIMESTAMP, 0);
INSERT INTO [konyadminconsole].[city](id, Region_id, Country_id, Name, createdby, modifiedby, createdts, lastmodifiedts, synctimestamp, softdeleteflag) VALUES ('CITY887', 'R25', 'Con1', 'Sattur', 'Kony User', 'Kony Dev', CURRENT_TIMESTAMP, CURRENT_TIMESTAMP, CURRENT_TIMESTAMP, 0);
INSERT INTO [konyadminconsole].[city](id, Region_id, Country_id, Name, createdby, modifiedby, createdts, lastmodifiedts, synctimestamp, softdeleteflag) VALUES ('CITY888', 'R6', 'Con1', 'Sugauli', 'Kony User', 'Kony Dev', CURRENT_TIMESTAMP, CURRENT_TIMESTAMP, CURRENT_TIMESTAMP, 0);
INSERT INTO [konyadminconsole].[city](id, Region_id, Country_id, Name, createdby, modifiedby, createdts, lastmodifiedts, synctimestamp, softdeleteflag) VALUES ('CITY889', 'R5', 'Con1', 'Lumding', 'Kony User', 'Kony Dev', CURRENT_TIMESTAMP, CURRENT_TIMESTAMP, CURRENT_TIMESTAMP, 0);
INSERT INTO [konyadminconsole].[city](id, Region_id, Country_id, Name, createdby, modifiedby, createdts, lastmodifiedts, synctimestamp, softdeleteflag) VALUES ('CITY89', 'R6', 'Con1', 'Gaya', 'Kony User', 'Kony Dev', CURRENT_TIMESTAMP, CURRENT_TIMESTAMP, CURRENT_TIMESTAMP, 0);
INSERT INTO [konyadminconsole].[city](id, Region_id, Country_id, Name, createdby, modifiedby, createdts, lastmodifiedts, synctimestamp, softdeleteflag) VALUES ('CITY890', 'R25', 'Con1', 'Vandavasi', 'Kony User', 'Kony Dev', CURRENT_TIMESTAMP, CURRENT_TIMESTAMP, CURRENT_TIMESTAMP, 0);
INSERT INTO [konyadminconsole].[city](id, Region_id, Country_id, Name, createdby, modifiedby, createdts, lastmodifiedts, synctimestamp, softdeleteflag) VALUES ('CITY891', 'R21', 'Con1', 'Titlagarh', 'Kony User', 'Kony Dev', CURRENT_TIMESTAMP, CURRENT_TIMESTAMP, CURRENT_TIMESTAMP, 0);
INSERT INTO [konyadminconsole].[city](id, Region_id, Country_id, Name, createdby, modifiedby, createdts, lastmodifiedts, synctimestamp, softdeleteflag) VALUES ('CITY892', 'R2', 'Con1', 'Uchgaon', 'Kony User', 'Kony Dev', CURRENT_TIMESTAMP, CURRENT_TIMESTAMP, CURRENT_TIMESTAMP, 0);
INSERT INTO [konyadminconsole].[city](id, Region_id, Country_id, Name, createdby, modifiedby, createdts, lastmodifiedts, synctimestamp, softdeleteflag) VALUES ('CITY893', 'R20', 'Con1', 'Mokokchung', 'Kony User', 'Kony Dev', CURRENT_TIMESTAMP, CURRENT_TIMESTAMP, CURRENT_TIMESTAMP, 0);
INSERT INTO [konyadminconsole].[city](id, Region_id, Country_id, Name, createdby, modifiedby, createdts, lastmodifiedts, synctimestamp, softdeleteflag) VALUES ('CITY894', 'R29', 'Con1', 'Paschim Punropara', 'Kony User', 'Kony Dev', CURRENT_TIMESTAMP, CURRENT_TIMESTAMP, CURRENT_TIMESTAMP, 0);
INSERT INTO [konyadminconsole].[city](id, Region_id, Country_id, Name, createdby, modifiedby, createdts, lastmodifiedts, synctimestamp, softdeleteflag) VALUES ('CITY895', 'R23', 'Con1', 'Sagwara', 'Kony User', 'Kony Dev', CURRENT_TIMESTAMP, CURRENT_TIMESTAMP, CURRENT_TIMESTAMP, 0);
INSERT INTO [konyadminconsole].[city](id, Region_id, Country_id, Name, createdby, modifiedby, createdts, lastmodifiedts, synctimestamp, softdeleteflag) VALUES ('CITY896', 'R23', 'Con1', 'Ramganj Mandi', 'Kony User', 'Kony Dev', CURRENT_TIMESTAMP, CURRENT_TIMESTAMP, CURRENT_TIMESTAMP, 0);
INSERT INTO [konyadminconsole].[city](id, Region_id, Country_id, Name, createdby, modifiedby, createdts, lastmodifiedts, synctimestamp, softdeleteflag) VALUES ('CITY897', 'R29', 'Con1', 'Tarakeswar', 'Kony User', 'Kony Dev', CURRENT_TIMESTAMP, CURRENT_TIMESTAMP, CURRENT_TIMESTAMP, 0);
INSERT INTO [konyadminconsole].[city](id, Region_id, Country_id, Name, createdby, modifiedby, createdts, lastmodifiedts, synctimestamp, softdeleteflag) VALUES ('CITY898', 'R14', 'Con1', 'Mahalingapura', 'Kony User', 'Kony Dev', CURRENT_TIMESTAMP, CURRENT_TIMESTAMP, CURRENT_TIMESTAMP, 0);
INSERT INTO [konyadminconsole].[city](id, Region_id, Country_id, Name, createdby, modifiedby, createdts, lastmodifiedts, synctimestamp, softdeleteflag) VALUES ('CITY899', 'R26', 'Con1', 'Dharmanagar', 'Kony User', 'Kony Dev', CURRENT_TIMESTAMP, CURRENT_TIMESTAMP, CURRENT_TIMESTAMP, 0);
INSERT INTO [konyadminconsole].[city](id, Region_id, Country_id, Name, createdby, modifiedby, createdts, lastmodifiedts, synctimestamp, softdeleteflag) VALUES ('CITY9', 'R2', 'Con1', 'Pune', 'Kony User', 'Kony Dev', CURRENT_TIMESTAMP, CURRENT_TIMESTAMP, CURRENT_TIMESTAMP, 0);
INSERT INTO [konyadminconsole].[city](id, Region_id, Country_id, Name, createdby, modifiedby, createdts, lastmodifiedts, synctimestamp, softdeleteflag) VALUES ('CITY90', 'R25', 'Con1', 'Tiruppur', 'Kony User', 'Kony Dev', CURRENT_TIMESTAMP, CURRENT_TIMESTAMP, CURRENT_TIMESTAMP, 0);
INSERT INTO [konyadminconsole].[city](id, Region_id, Country_id, Name, createdby, modifiedby, createdts, lastmodifiedts, synctimestamp, softdeleteflag) VALUES ('CITY900', 'R9', 'Con1', 'Mahemdabad', 'Kony User', 'Kony Dev', CURRENT_TIMESTAMP, CURRENT_TIMESTAMP, CURRENT_TIMESTAMP, 0);
INSERT INTO [konyadminconsole].[city](id, Region_id, Country_id, Name, createdby, modifiedby, createdts, lastmodifiedts, synctimestamp, softdeleteflag) VALUES ('CITY901', 'R7', 'Con1', 'Manendragarh', 'Kony User', 'Kony Dev', CURRENT_TIMESTAMP, CURRENT_TIMESTAMP, CURRENT_TIMESTAMP, 0);
INSERT INTO [konyadminconsole].[city](id, Region_id, Country_id, Name, createdby, modifiedby, createdts, lastmodifiedts, synctimestamp, softdeleteflag) VALUES ('CITY902', 'R2', 'Con1', 'Uran', 'Kony User', 'Kony Dev', CURRENT_TIMESTAMP, CURRENT_TIMESTAMP, CURRENT_TIMESTAMP, 0);
INSERT INTO [konyadminconsole].[city](id, Region_id, Country_id, Name, createdby, modifiedby, createdts, lastmodifiedts, synctimestamp, softdeleteflag) VALUES ('CITY903', 'R25', 'Con1', 'Tharamangalam', 'Kony User', 'Kony Dev', CURRENT_TIMESTAMP, CURRENT_TIMESTAMP, CURRENT_TIMESTAMP, 0);
INSERT INTO [konyadminconsole].[city](id, Region_id, Country_id, Name, createdby, modifiedby, createdts, lastmodifiedts, synctimestamp, softdeleteflag) VALUES ('CITY904', 'R25', 'Con1', 'Tirukkoyilur', 'Kony User', 'Kony Dev', CURRENT_TIMESTAMP, CURRENT_TIMESTAMP, CURRENT_TIMESTAMP, 0);
INSERT INTO [konyadminconsole].[city](id, Region_id, Country_id, Name, createdby, modifiedby, createdts, lastmodifiedts, synctimestamp, softdeleteflag) VALUES ('CITY905', 'R2', 'Con1', 'Pen', 'Kony User', 'Kony Dev', CURRENT_TIMESTAMP, CURRENT_TIMESTAMP, CURRENT_TIMESTAMP, 0);
INSERT INTO [konyadminconsole].[city](id, Region_id, Country_id, Name, createdby, modifiedby, createdts, lastmodifiedts, synctimestamp, softdeleteflag) VALUES ('CITY906', 'R6', 'Con1', 'Makhdumpur', 'Kony User', 'Kony Dev', CURRENT_TIMESTAMP, CURRENT_TIMESTAMP, CURRENT_TIMESTAMP, 0);
INSERT INTO [konyadminconsole].[city](id, Region_id, Country_id, Name, createdby, modifiedby, createdts, lastmodifiedts, synctimestamp, softdeleteflag) VALUES ('CITY907', 'R6', 'Con1', 'Maner', 'Kony User', 'Kony Dev', CURRENT_TIMESTAMP, CURRENT_TIMESTAMP, CURRENT_TIMESTAMP, 0);
INSERT INTO [konyadminconsole].[city](id, Region_id, Country_id, Name, createdby, modifiedby, createdts, lastmodifiedts, synctimestamp, softdeleteflag) VALUES ('CITY908', 'R25', 'Con1', 'Oddanchatram', 'Kony User', 'Kony Dev', CURRENT_TIMESTAMP, CURRENT_TIMESTAMP, CURRENT_TIMESTAMP, 0);
INSERT INTO [konyadminconsole].[city](id, Region_id, Country_id, Name, createdby, modifiedby, createdts, lastmodifiedts, synctimestamp, softdeleteflag) VALUES ('CITY909', 'R25', 'Con1', 'Palladam', 'Kony User', 'Kony Dev', CURRENT_TIMESTAMP, CURRENT_TIMESTAMP, CURRENT_TIMESTAMP, 0);
INSERT INTO [konyadminconsole].[city](id, Region_id, Country_id, Name, createdby, modifiedby, createdts, lastmodifiedts, synctimestamp, softdeleteflag) VALUES ('CITY91', 'R14', 'Con1', 'Davanagere', 'Kony User', 'Kony Dev', CURRENT_TIMESTAMP, CURRENT_TIMESTAMP, CURRENT_TIMESTAMP, 0);
INSERT INTO [konyadminconsole].[city](id, Region_id, Country_id, Name, createdby, modifiedby, createdts, lastmodifiedts, synctimestamp, softdeleteflag) VALUES ('CITY910', 'R16', 'Con1', 'Mundi', 'Kony User', 'Kony Dev', CURRENT_TIMESTAMP, CURRENT_TIMESTAMP, CURRENT_TIMESTAMP, 0);
INSERT INTO [konyadminconsole].[city](id, Region_id, Country_id, Name, createdby, modifiedby, createdts, lastmodifiedts, synctimestamp, softdeleteflag) VALUES ('CITY911', 'R21', 'Con1', 'Nabarangapur', 'Kony User', 'Kony Dev', CURRENT_TIMESTAMP, CURRENT_TIMESTAMP, CURRENT_TIMESTAMP, 0);
INSERT INTO [konyadminconsole].[city](id, Region_id, Country_id, Name, createdby, modifiedby, createdts, lastmodifiedts, synctimestamp, softdeleteflag) VALUES ('CITY912', 'R14', 'Con1', 'Mudalagi', 'Kony User', 'Kony Dev', CURRENT_TIMESTAMP, CURRENT_TIMESTAMP, CURRENT_TIMESTAMP, 0);
INSERT INTO [konyadminconsole].[city](id, Region_id, Country_id, Name, createdby, modifiedby, createdts, lastmodifiedts, synctimestamp, softdeleteflag) VALUES ('CITY913', 'R10', 'Con1', 'Samalkha', 'Kony User', 'Kony Dev', CURRENT_TIMESTAMP, CURRENT_TIMESTAMP, CURRENT_TIMESTAMP, 0);
INSERT INTO [konyadminconsole].[city](id, Region_id, Country_id, Name, createdby, modifiedby, createdts, lastmodifiedts, synctimestamp, softdeleteflag) VALUES ('CITY914', 'R16', 'Con1', 'Nepanagar', 'Kony User', 'Kony Dev', CURRENT_TIMESTAMP, CURRENT_TIMESTAMP, CURRENT_TIMESTAMP, 0);
INSERT INTO [konyadminconsole].[city](id, Region_id, Country_id, Name, createdby, modifiedby, createdts, lastmodifiedts, synctimestamp, softdeleteflag) VALUES ('CITY915', 'R2', 'Con1', 'Karjat', 'Kony User', 'Kony Dev', CURRENT_TIMESTAMP, CURRENT_TIMESTAMP, CURRENT_TIMESTAMP, 0);
INSERT INTO [konyadminconsole].[city](id, Region_id, Country_id, Name, createdby, modifiedby, createdts, lastmodifiedts, synctimestamp, softdeleteflag) VALUES ('CITY916', 'R9', 'Con1', 'Ranavav', 'Kony User', 'Kony Dev', CURRENT_TIMESTAMP, CURRENT_TIMESTAMP, CURRENT_TIMESTAMP, 0);
INSERT INTO [konyadminconsole].[city](id, Region_id, Country_id, Name, createdby, modifiedby, createdts, lastmodifiedts, synctimestamp, softdeleteflag) VALUES ('CITY917', 'R3', 'Con1', 'Pedana', 'Kony User', 'Kony Dev', CURRENT_TIMESTAMP, CURRENT_TIMESTAMP, CURRENT_TIMESTAMP, 0);
INSERT INTO [konyadminconsole].[city](id, Region_id, Country_id, Name, createdby, modifiedby, createdts, lastmodifiedts, synctimestamp, softdeleteflag) VALUES ('CITY918', 'R10', 'Con1', 'Pinjore', 'Kony User', 'Kony Dev', CURRENT_TIMESTAMP, CURRENT_TIMESTAMP, CURRENT_TIMESTAMP, 0);
INSERT INTO [konyadminconsole].[city](id, Region_id, Country_id, Name, createdby, modifiedby, createdts, lastmodifiedts, synctimestamp, softdeleteflag) VALUES ('CITY919', 'R23', 'Con1', 'Lakheri', 'Kony User', 'Kony Dev', CURRENT_TIMESTAMP, CURRENT_TIMESTAMP, CURRENT_TIMESTAMP, 0);
INSERT INTO [konyadminconsole].[city](id, Region_id, Country_id, Name, createdby, modifiedby, createdts, lastmodifiedts, synctimestamp, softdeleteflag) VALUES ('CITY92', 'R15', 'Con1', 'Kozhikode', 'Kony User', 'Kony Dev', CURRENT_TIMESTAMP, CURRENT_TIMESTAMP, CURRENT_TIMESTAMP, 0);
INSERT INTO [konyadminconsole].[city](id, Region_id, Country_id, Name, createdby, modifiedby, createdts, lastmodifiedts, synctimestamp, softdeleteflag) VALUES ('CITY920', 'R16', 'Con1', 'Pasan', 'Kony User', 'Kony Dev', CURRENT_TIMESTAMP, CURRENT_TIMESTAMP, CURRENT_TIMESTAMP, 0);
INSERT INTO [konyadminconsole].[city](id, Region_id, Country_id, Name, createdby, modifiedby, createdts, lastmodifiedts, synctimestamp, softdeleteflag) VALUES ('CITY921', 'R3', 'Con1', 'Puttur', 'Kony User', 'Kony Dev', CURRENT_TIMESTAMP, CURRENT_TIMESTAMP, CURRENT_TIMESTAMP, 0);
INSERT INTO [konyadminconsole].[city](id, Region_id, Country_id, Name, createdby, modifiedby, createdts, lastmodifiedts, synctimestamp, softdeleteflag) VALUES ('CITY922', 'R25', 'Con1', 'Vadakkuvalliyur', 'Kony User', 'Kony Dev', CURRENT_TIMESTAMP, CURRENT_TIMESTAMP, CURRENT_TIMESTAMP, 0);
INSERT INTO [konyadminconsole].[city](id, Region_id, Country_id, Name, createdby, modifiedby, createdts, lastmodifiedts, synctimestamp, softdeleteflag) VALUES ('CITY923', 'R25', 'Con1', 'Tirukalukundram', 'Kony User', 'Kony Dev', CURRENT_TIMESTAMP, CURRENT_TIMESTAMP, CURRENT_TIMESTAMP, 0);
INSERT INTO [konyadminconsole].[city](id, Region_id, Country_id, Name, createdby, modifiedby, createdts, lastmodifiedts, synctimestamp, softdeleteflag) VALUES ('CITY924', 'R16', 'Con1', 'Mahidpur', 'Kony User', 'Kony Dev', CURRENT_TIMESTAMP, CURRENT_TIMESTAMP, CURRENT_TIMESTAMP, 0);
INSERT INTO [konyadminconsole].[city](id, Region_id, Country_id, Name, createdby, modifiedby, createdts, lastmodifiedts, synctimestamp, softdeleteflag) VALUES ('CITY925', 'R28', 'Con1', 'Mussoorie', 'Kony User', 'Kony Dev', CURRENT_TIMESTAMP, CURRENT_TIMESTAMP, CURRENT_TIMESTAMP, 0);
INSERT INTO [konyadminconsole].[city](id, Region_id, Country_id, Name, createdby, modifiedby, createdts, lastmodifiedts, synctimestamp, softdeleteflag) VALUES ('CITY926', 'R15', 'Con1', 'Muvattupuzha', 'Kony User', 'Kony Dev', CURRENT_TIMESTAMP, CURRENT_TIMESTAMP, CURRENT_TIMESTAMP, 0);
INSERT INTO [konyadminconsole].[city](id, Region_id, Country_id, Name, createdby, modifiedby, createdts, lastmodifiedts, synctimestamp, softdeleteflag) VALUES ('CITY927', 'R27', 'Con1', 'Rasra', 'Kony User', 'Kony Dev', CURRENT_TIMESTAMP, CURRENT_TIMESTAMP, CURRENT_TIMESTAMP, 0);
INSERT INTO [konyadminconsole].[city](id, Region_id, Country_id, Name, createdby, modifiedby, createdts, lastmodifiedts, synctimestamp, softdeleteflag) VALUES ('CITY928', 'R23', 'Con1', 'Udaipurwati', 'Kony User', 'Kony Dev', CURRENT_TIMESTAMP, CURRENT_TIMESTAMP, CURRENT_TIMESTAMP, 0);
INSERT INTO [konyadminconsole].[city](id, Region_id, Country_id, Name, createdby, modifiedby, createdts, lastmodifiedts, synctimestamp, softdeleteflag) VALUES ('CITY929', 'R2', 'Con1', 'Manwath', 'Kony User', 'Kony Dev', CURRENT_TIMESTAMP, CURRENT_TIMESTAMP, CURRENT_TIMESTAMP, 0);
INSERT INTO [konyadminconsole].[city](id, Region_id, Country_id, Name, createdby, modifiedby, createdts, lastmodifiedts, synctimestamp, softdeleteflag) VALUES ('CITY93', 'R2', 'Con1', 'Akola', 'Kony User', 'Kony Dev', CURRENT_TIMESTAMP, CURRENT_TIMESTAMP, CURRENT_TIMESTAMP, 0);
INSERT INTO [konyadminconsole].[city](id, Region_id, Country_id, Name, createdby, modifiedby, createdts, lastmodifiedts, synctimestamp, softdeleteflag) VALUES ('CITY930', 'R15', 'Con1', 'Adoor', 'Kony User', 'Kony Dev', CURRENT_TIMESTAMP, CURRENT_TIMESTAMP, CURRENT_TIMESTAMP, 0);
INSERT INTO [konyadminconsole].[city](id, Region_id, Country_id, Name, createdby, modifiedby, createdts, lastmodifiedts, synctimestamp, softdeleteflag) VALUES ('CITY931', 'R25', 'Con1', 'Uthamapalayam', 'Kony User', 'Kony Dev', CURRENT_TIMESTAMP, CURRENT_TIMESTAMP, CURRENT_TIMESTAMP, 0);
INSERT INTO [konyadminconsole].[city](id, Region_id, Country_id, Name, createdby, modifiedby, createdts, lastmodifiedts, synctimestamp, softdeleteflag) VALUES ('CITY932', 'R2', 'Con1', 'Partur', 'Kony User', 'Kony Dev', CURRENT_TIMESTAMP, CURRENT_TIMESTAMP, CURRENT_TIMESTAMP, 0);
INSERT INTO [konyadminconsole].[city](id, Region_id, Country_id, Name, createdby, modifiedby, createdts, lastmodifiedts, synctimestamp, softdeleteflag) VALUES ('CITY933', 'R11', 'Con1', 'Nahan', 'Kony User', 'Kony Dev', CURRENT_TIMESTAMP, CURRENT_TIMESTAMP, CURRENT_TIMESTAMP, 0);
INSERT INTO [konyadminconsole].[city](id, Region_id, Country_id, Name, createdby, modifiedby, createdts, lastmodifiedts, synctimestamp, softdeleteflag) VALUES ('CITY934', 'R10', 'Con1', 'Ladwa', 'Kony User', 'Kony Dev', CURRENT_TIMESTAMP, CURRENT_TIMESTAMP, CURRENT_TIMESTAMP, 0);
INSERT INTO [konyadminconsole].[city](id, Region_id, Country_id, Name, createdby, modifiedby, createdts, lastmodifiedts, synctimestamp, softdeleteflag) VALUES ('CITY935', 'R5', 'Con1', 'Mankachar', 'Kony User', 'Kony Dev', CURRENT_TIMESTAMP, CURRENT_TIMESTAMP, CURRENT_TIMESTAMP, 0);
INSERT INTO [konyadminconsole].[city](id, Region_id, Country_id, Name, createdby, modifiedby, createdts, lastmodifiedts, synctimestamp, softdeleteflag) VALUES ('CITY936', 'R18', 'Con1', 'Nongstoin', 'Kony User', 'Kony Dev', CURRENT_TIMESTAMP, CURRENT_TIMESTAMP, CURRENT_TIMESTAMP, 0);
INSERT INTO [konyadminconsole].[city](id, Region_id, Country_id, Name, createdby, modifiedby, createdts, lastmodifiedts, synctimestamp, softdeleteflag) VALUES ('CITY937', 'R23', 'Con1', 'Losal', 'Kony User', 'Kony Dev', CURRENT_TIMESTAMP, CURRENT_TIMESTAMP, CURRENT_TIMESTAMP, 0);
INSERT INTO [konyadminconsole].[city](id, Region_id, Country_id, Name, createdby, modifiedby, createdts, lastmodifiedts, synctimestamp, softdeleteflag) VALUES ('CITY938', 'R23', 'Con1', 'Sri Madhopur', 'Kony User', 'Kony Dev', CURRENT_TIMESTAMP, CURRENT_TIMESTAMP, CURRENT_TIMESTAMP, 0);
INSERT INTO [konyadminconsole].[city](id, Region_id, Country_id, Name, createdby, modifiedby, createdts, lastmodifiedts, synctimestamp, softdeleteflag) VALUES ('CITY939', 'R23', 'Con1', 'Ramngarh', 'Kony User', 'Kony Dev', CURRENT_TIMESTAMP, CURRENT_TIMESTAMP, CURRENT_TIMESTAMP, 0);
INSERT INTO [konyadminconsole].[city](id, Region_id, Country_id, Name, createdby, modifiedby, createdts, lastmodifiedts, synctimestamp, softdeleteflag) VALUES ('CITY94', 'R3', 'Con1', 'Kurnool', 'Kony User', 'Kony Dev', CURRENT_TIMESTAMP, CURRENT_TIMESTAMP, CURRENT_TIMESTAMP, 0);
INSERT INTO [konyadminconsole].[city](id, Region_id, Country_id, Name, createdby, modifiedby, createdts, lastmodifiedts, synctimestamp, softdeleteflag) VALUES ('CITY940', 'R15', 'Con1', 'Mavelikkara', 'Kony User', 'Kony Dev', CURRENT_TIMESTAMP, CURRENT_TIMESTAMP, CURRENT_TIMESTAMP, 0);
INSERT INTO [konyadminconsole].[city](id, Region_id, Country_id, Name, createdby, modifiedby, createdts, lastmodifiedts, synctimestamp, softdeleteflag) VALUES ('CITY941', 'R23', 'Con1', 'Rawatsar', 'Kony User', 'Kony Dev', CURRENT_TIMESTAMP, CURRENT_TIMESTAMP, CURRENT_TIMESTAMP, 0);
INSERT INTO [konyadminconsole].[city](id, Region_id, Country_id, Name, createdby, modifiedby, createdts, lastmodifiedts, synctimestamp, softdeleteflag) VALUES ('CITY942', 'R23', 'Con1', 'Rajakhera', 'Kony User', 'Kony Dev', CURRENT_TIMESTAMP, CURRENT_TIMESTAMP, CURRENT_TIMESTAMP, 0);
INSERT INTO [konyadminconsole].[city](id, Region_id, Country_id, Name, createdby, modifiedby, createdts, lastmodifiedts, synctimestamp, softdeleteflag) VALUES ('CITY943', 'R27', 'Con1', 'Lar', 'Kony User', 'Kony Dev', CURRENT_TIMESTAMP, CURRENT_TIMESTAMP, CURRENT_TIMESTAMP, 0);
INSERT INTO [konyadminconsole].[city](id, Region_id, Country_id, Name, createdby, modifiedby, createdts, lastmodifiedts, synctimestamp, softdeleteflag) VALUES ('CITY944', 'R27', 'Con1', 'Lal Gopalganj Nindaura', 'Kony User', 'Kony Dev', CURRENT_TIMESTAMP, CURRENT_TIMESTAMP, CURRENT_TIMESTAMP, 0);
INSERT INTO [konyadminconsole].[city](id, Region_id, Country_id, Name, createdby, modifiedby, createdts, lastmodifiedts, synctimestamp, softdeleteflag) VALUES ('CITY945', 'R14', 'Con1', 'Muddebihal', 'Kony User', 'Kony Dev', CURRENT_TIMESTAMP, CURRENT_TIMESTAMP, CURRENT_TIMESTAMP, 0);
INSERT INTO [konyadminconsole].[city](id, Region_id, Country_id, Name, createdby, modifiedby, createdts, lastmodifiedts, synctimestamp, softdeleteflag) VALUES ('CITY946', 'R27', 'Con1', 'Sirsaganj', 'Kony User', 'Kony Dev', CURRENT_TIMESTAMP, CURRENT_TIMESTAMP, CURRENT_TIMESTAMP, 0);
INSERT INTO [konyadminconsole].[city](id, Region_id, Country_id, Name, createdby, modifiedby, createdts, lastmodifiedts, synctimestamp, softdeleteflag) VALUES ('CITY947', 'R23', 'Con1', 'Shahpura', 'Kony User', 'Kony Dev', CURRENT_TIMESTAMP, CURRENT_TIMESTAMP, CURRENT_TIMESTAMP, 0);
INSERT INTO [konyadminconsole].[city](id, Region_id, Country_id, Name, createdby, modifiedby, createdts, lastmodifiedts, synctimestamp, softdeleteflag) VALUES ('CITY948', 'R25', 'Con1', 'Surandai', 'Kony User', 'Kony Dev', CURRENT_TIMESTAMP, CURRENT_TIMESTAMP, CURRENT_TIMESTAMP, 0);
INSERT INTO [konyadminconsole].[city](id, Region_id, Country_id, Name, createdby, modifiedby, createdts, lastmodifiedts, synctimestamp, softdeleteflag) VALUES ('CITY949', 'R2', 'Con1', 'Sangole', 'Kony User', 'Kony Dev', CURRENT_TIMESTAMP, CURRENT_TIMESTAMP, CURRENT_TIMESTAMP, 0);
INSERT INTO [konyadminconsole].[city](id, Region_id, Country_id, Name, createdby, modifiedby, createdts, lastmodifiedts, synctimestamp, softdeleteflag) VALUES ('CITY95', 'R13', 'Con1', 'Bokaro Steel City', 'Kony User', 'Kony Dev', CURRENT_TIMESTAMP, CURRENT_TIMESTAMP, CURRENT_TIMESTAMP, 0);
INSERT INTO [konyadminconsole].[city](id, Region_id, Country_id, Name, createdby, modifiedby, createdts, lastmodifiedts, synctimestamp, softdeleteflag) VALUES ('CITY950', 'R14', 'Con1', 'Pavagada', 'Kony User', 'Kony Dev', CURRENT_TIMESTAMP, CURRENT_TIMESTAMP, CURRENT_TIMESTAMP, 0);
INSERT INTO [konyadminconsole].[city](id, Region_id, Country_id, Name, createdby, modifiedby, createdts, lastmodifiedts, synctimestamp, softdeleteflag) VALUES ('CITY951', 'R9', 'Con1', 'Tharad', 'Kony User', 'Kony Dev', CURRENT_TIMESTAMP, CURRENT_TIMESTAMP, CURRENT_TIMESTAMP, 0);
INSERT INTO [konyadminconsole].[city](id, Region_id, Country_id, Name, createdby, modifiedby, createdts, lastmodifiedts, synctimestamp, softdeleteflag) VALUES ('CITY952', 'R9', 'Con1', 'Mansa', 'Kony User', 'Kony Dev', CURRENT_TIMESTAMP, CURRENT_TIMESTAMP, CURRENT_TIMESTAMP, 0);
INSERT INTO [konyadminconsole].[city](id, Region_id, Country_id, Name, createdby, modifiedby, createdts, lastmodifiedts, synctimestamp, softdeleteflag) VALUES ('CITY953', 'R9', 'Con1', 'Umbergaon', 'Kony User', 'Kony Dev', CURRENT_TIMESTAMP, CURRENT_TIMESTAMP, CURRENT_TIMESTAMP, 0);
INSERT INTO [konyadminconsole].[city](id, Region_id, Country_id, Name, createdby, modifiedby, createdts, lastmodifiedts, synctimestamp, softdeleteflag) VALUES ('CITY954', 'R15', 'Con1', 'Mavoor', 'Kony User', 'Kony Dev', CURRENT_TIMESTAMP, CURRENT_TIMESTAMP, CURRENT_TIMESTAMP, 0);
INSERT INTO [konyadminconsole].[city](id, Region_id, Country_id, Name, createdby, modifiedby, createdts, lastmodifiedts, synctimestamp, softdeleteflag) VALUES ('CITY955', 'R5', 'Con1', 'Nalbari', 'Kony User', 'Kony Dev', CURRENT_TIMESTAMP, CURRENT_TIMESTAMP, CURRENT_TIMESTAMP, 0);
INSERT INTO [konyadminconsole].[city](id, Region_id, Country_id, Name, createdby, modifiedby, createdts, lastmodifiedts, synctimestamp, softdeleteflag) VALUES ('CITY956', 'R9', 'Con1', 'Talaja', 'Kony User', 'Kony Dev', CURRENT_TIMESTAMP, CURRENT_TIMESTAMP, CURRENT_TIMESTAMP, 0);
INSERT INTO [konyadminconsole].[city](id, Region_id, Country_id, Name, createdby, modifiedby, createdts, lastmodifiedts, synctimestamp, softdeleteflag) VALUES ('CITY957', 'R14', 'Con1', 'Malur', 'Kony User', 'Kony Dev', CURRENT_TIMESTAMP, CURRENT_TIMESTAMP, CURRENT_TIMESTAMP, 0);
INSERT INTO [konyadminconsole].[city](id, Region_id, Country_id, Name, createdby, modifiedby, createdts, lastmodifiedts, synctimestamp, softdeleteflag) VALUES ('CITY958', 'R2', 'Con1', 'Mangrulpir', 'Kony User', 'Kony Dev', CURRENT_TIMESTAMP, CURRENT_TIMESTAMP, CURRENT_TIMESTAMP, 0);
INSERT INTO [konyadminconsole].[city](id, Region_id, Country_id, Name, createdby, modifiedby, createdts, lastmodifiedts, synctimestamp, softdeleteflag) VALUES ('CITY959', 'R21', 'Con1', 'Soro', 'Kony User', 'Kony Dev', CURRENT_TIMESTAMP, CURRENT_TIMESTAMP, CURRENT_TIMESTAMP, 0);
INSERT INTO [konyadminconsole].[city](id, Region_id, Country_id, Name, createdby, modifiedby, createdts, lastmodifiedts, synctimestamp, softdeleteflag) VALUES ('CITY96', 'R3', 'Con1', 'Rajahmundry', 'Kony User', 'Kony Dev', CURRENT_TIMESTAMP, CURRENT_TIMESTAMP, CURRENT_TIMESTAMP, 0);
INSERT INTO [konyadminconsole].[city](id, Region_id, Country_id, Name, createdby, modifiedby, createdts, lastmodifiedts, synctimestamp, softdeleteflag) VALUES ('CITY960', 'R23', 'Con1', 'Shahpura', 'Kony User', 'Kony Dev', CURRENT_TIMESTAMP, CURRENT_TIMESTAMP, CURRENT_TIMESTAMP, 0);
INSERT INTO [konyadminconsole].[city](id, Region_id, Country_id, Name, createdby, modifiedby, createdts, lastmodifiedts, synctimestamp, softdeleteflag) VALUES ('CITY961', 'R9', 'Con1', 'Vadnagar', 'Kony User', 'Kony Dev', CURRENT_TIMESTAMP, CURRENT_TIMESTAMP, CURRENT_TIMESTAMP, 0);
INSERT INTO [konyadminconsole].[city](id, Region_id, Country_id, Name, createdby, modifiedby, createdts, lastmodifiedts, synctimestamp, softdeleteflag) VALUES ('CITY962', 'R23', 'Con1', 'Raisinghnagar', 'Kony User', 'Kony Dev', CURRENT_TIMESTAMP, CURRENT_TIMESTAMP, CURRENT_TIMESTAMP, 0);
INSERT INTO [konyadminconsole].[city](id, Region_id, Country_id, Name, createdby, modifiedby, createdts, lastmodifiedts, synctimestamp, softdeleteflag) VALUES ('CITY963', 'R14', 'Con1', 'Sindhagi', 'Kony User', 'Kony Dev', CURRENT_TIMESTAMP, CURRENT_TIMESTAMP, CURRENT_TIMESTAMP, 0);
INSERT INTO [konyadminconsole].[city](id, Region_id, Country_id, Name, createdby, modifiedby, createdts, lastmodifiedts, synctimestamp, softdeleteflag) VALUES ('CITY964', 'R14', 'Con1', 'Sanduru', 'Kony User', 'Kony Dev', CURRENT_TIMESTAMP, CURRENT_TIMESTAMP, CURRENT_TIMESTAMP, 0);
INSERT INTO [konyadminconsole].[city](id, Region_id, Country_id, Name, createdby, modifiedby, createdts, lastmodifiedts, synctimestamp, softdeleteflag) VALUES ('CITY965', 'R10', 'Con1', 'Sohna', 'Kony User', 'Kony Dev', CURRENT_TIMESTAMP, CURRENT_TIMESTAMP, CURRENT_TIMESTAMP, 0);
INSERT INTO [konyadminconsole].[city](id, Region_id, Country_id, Name, createdby, modifiedby, createdts, lastmodifiedts, synctimestamp, softdeleteflag) VALUES ('CITY966', 'R9', 'Con1', 'Manavadar', 'Kony User', 'Kony Dev', CURRENT_TIMESTAMP, CURRENT_TIMESTAMP, CURRENT_TIMESTAMP, 0);
INSERT INTO [konyadminconsole].[city](id, Region_id, Country_id, Name, createdby, modifiedby, createdts, lastmodifiedts, synctimestamp, softdeleteflag) VALUES ('CITY967', 'R27', 'Con1', 'Pihani', 'Kony User', 'Kony Dev', CURRENT_TIMESTAMP, CURRENT_TIMESTAMP, CURRENT_TIMESTAMP, 0);
INSERT INTO [konyadminconsole].[city](id, Region_id, Country_id, Name, createdby, modifiedby, createdts, lastmodifiedts, synctimestamp, softdeleteflag) VALUES ('CITY968', 'R10', 'Con1', 'Safidon', 'Kony User', 'Kony Dev', CURRENT_TIMESTAMP, CURRENT_TIMESTAMP, CURRENT_TIMESTAMP, 0);
INSERT INTO [konyadminconsole].[city](id, Region_id, Country_id, Name, createdby, modifiedby, createdts, lastmodifiedts, synctimestamp, softdeleteflag) VALUES ('CITY969', 'R2', 'Con1', 'Risod', 'Kony User', 'Kony Dev', CURRENT_TIMESTAMP, CURRENT_TIMESTAMP, CURRENT_TIMESTAMP, 0);
INSERT INTO [konyadminconsole].[city](id, Region_id, Country_id, Name, createdby, modifiedby, createdts, lastmodifiedts, synctimestamp, softdeleteflag) VALUES ('CITY97', 'R14', 'Con1', 'Ballari', 'Kony User', 'Kony Dev', CURRENT_TIMESTAMP, CURRENT_TIMESTAMP, CURRENT_TIMESTAMP, 0);
INSERT INTO [konyadminconsole].[city](id, Region_id, Country_id, Name, createdby, modifiedby, createdts, lastmodifiedts, synctimestamp, softdeleteflag) VALUES ('CITY970', 'R6', 'Con1', 'Rosera', 'Kony User', 'Kony Dev', CURRENT_TIMESTAMP, CURRENT_TIMESTAMP, CURRENT_TIMESTAMP, 0);
INSERT INTO [konyadminconsole].[city](id, Region_id, Country_id, Name, createdby, modifiedby, createdts, lastmodifiedts, synctimestamp, softdeleteflag) VALUES ('CITY971', 'R25', 'Con1', 'Sankari', 'Kony User', 'Kony Dev', CURRENT_TIMESTAMP, CURRENT_TIMESTAMP, CURRENT_TIMESTAMP, 0);
INSERT INTO [konyadminconsole].[city](id, Region_id, Country_id, Name, createdby, modifiedby, createdts, lastmodifiedts, synctimestamp, softdeleteflag) VALUES ('CITY972', 'R23', 'Con1', 'Malpura', 'Kony User', 'Kony Dev', CURRENT_TIMESTAMP, CURRENT_TIMESTAMP, CURRENT_TIMESTAMP, 0);
INSERT INTO [konyadminconsole].[city](id, Region_id, Country_id, Name, createdby, modifiedby, createdts, lastmodifiedts, synctimestamp, softdeleteflag) VALUES ('CITY973', 'R29', 'Con1', 'Sonamukhi', 'Kony User', 'Kony Dev', CURRENT_TIMESTAMP, CURRENT_TIMESTAMP, CURRENT_TIMESTAMP, 0);
INSERT INTO [konyadminconsole].[city](id, Region_id, Country_id, Name, createdby, modifiedby, createdts, lastmodifiedts, synctimestamp, softdeleteflag) VALUES ('CITY975', 'R6', 'Con1', 'Nokha', 'Kony User', 'Kony Dev', CURRENT_TIMESTAMP, CURRENT_TIMESTAMP, CURRENT_TIMESTAMP, 0);
INSERT INTO [konyadminconsole].[city](id, Region_id, Country_id, Name, createdby, modifiedby, createdts, lastmodifiedts, synctimestamp, softdeleteflag) VALUES ('CITY976', 'R29', 'Con1', 'PandUrban Agglomeration', 'Kony User', 'Kony Dev', CURRENT_TIMESTAMP, CURRENT_TIMESTAMP, CURRENT_TIMESTAMP, 0);
INSERT INTO [konyadminconsole].[city](id, Region_id, Country_id, Name, createdby, modifiedby, createdts, lastmodifiedts, synctimestamp, softdeleteflag) VALUES ('CITY977', 'R29', 'Con1', 'Mainaguri', 'Kony User', 'Kony Dev', CURRENT_TIMESTAMP, CURRENT_TIMESTAMP, CURRENT_TIMESTAMP, 0);
INSERT INTO [konyadminconsole].[city](id, Region_id, Country_id, Name, createdby, modifiedby, createdts, lastmodifiedts, synctimestamp, softdeleteflag) VALUES ('CITY978', 'R14', 'Con1', 'Afzalpur', 'Kony User', 'Kony Dev', CURRENT_TIMESTAMP, CURRENT_TIMESTAMP, CURRENT_TIMESTAMP, 0);
INSERT INTO [konyadminconsole].[city](id, Region_id, Country_id, Name, createdby, modifiedby, createdts, lastmodifiedts, synctimestamp, softdeleteflag) VALUES ('CITY979', 'R2', 'Con1', 'Shirur', 'Kony User', 'Kony Dev', CURRENT_TIMESTAMP, CURRENT_TIMESTAMP, CURRENT_TIMESTAMP, 0);
INSERT INTO [konyadminconsole].[city](id, Region_id, Country_id, Name, createdby, modifiedby, createdts, lastmodifiedts, synctimestamp, softdeleteflag) VALUES ('CITY98', 'R26', 'Con1', 'Agartala', 'Kony User', 'Kony Dev', CURRENT_TIMESTAMP, CURRENT_TIMESTAMP, CURRENT_TIMESTAMP, 0);
INSERT INTO [konyadminconsole].[city](id, Region_id, Country_id, Name, createdby, modifiedby, createdts, lastmodifiedts, synctimestamp, softdeleteflag) VALUES ('CITY980', 'R9', 'Con1', 'Salaya', 'Kony User', 'Kony Dev', CURRENT_TIMESTAMP, CURRENT_TIMESTAMP, CURRENT_TIMESTAMP, 0);
INSERT INTO [konyadminconsole].[city](id, Region_id, Country_id, Name, createdby, modifiedby, createdts, lastmodifiedts, synctimestamp, softdeleteflag) VALUES ('CITY981', 'R25', 'Con1', 'Shenkottai', 'Kony User', 'Kony Dev', CURRENT_TIMESTAMP, CURRENT_TIMESTAMP, CURRENT_TIMESTAMP, 0);
INSERT INTO [konyadminconsole].[city](id, Region_id, Country_id, Name, createdby, modifiedby, createdts, lastmodifiedts, synctimestamp, softdeleteflag) VALUES ('CITY982', 'R26', 'Con1', 'Pratapgarh', 'Kony User', 'Kony Dev', CURRENT_TIMESTAMP, CURRENT_TIMESTAMP, CURRENT_TIMESTAMP, 0);
INSERT INTO [konyadminconsole].[city](id, Region_id, Country_id, Name, createdby, modifiedby, createdts, lastmodifiedts, synctimestamp, softdeleteflag) VALUES ('CITY983', 'R25', 'Con1', 'Vadipatti', 'Kony User', 'Kony Dev', CURRENT_TIMESTAMP, CURRENT_TIMESTAMP, CURRENT_TIMESTAMP, 0);
INSERT INTO [konyadminconsole].[city](id, Region_id, Country_id, Name, createdby, modifiedby, createdts, lastmodifiedts, synctimestamp, softdeleteflag) VALUES ('CITY984', 'R1', 'Con1', 'Nagarkurnool', 'Kony User', 'Kony Dev', CURRENT_TIMESTAMP, CURRENT_TIMESTAMP, CURRENT_TIMESTAMP, 0);
INSERT INTO [konyadminconsole].[city](id, Region_id, Country_id, Name, createdby, modifiedby, createdts, lastmodifiedts, synctimestamp, softdeleteflag) VALUES ('CITY985', 'R2', 'Con1', 'Savner', 'Kony User', 'Kony Dev', CURRENT_TIMESTAMP, CURRENT_TIMESTAMP, CURRENT_TIMESTAMP, 0);
INSERT INTO [konyadminconsole].[city](id, Region_id, Country_id, Name, createdby, modifiedby, createdts, lastmodifiedts, synctimestamp, softdeleteflag) VALUES ('CITY986', 'R2', 'Con1', 'Sasvad', 'Kony User', 'Kony Dev', CURRENT_TIMESTAMP, CURRENT_TIMESTAMP, CURRENT_TIMESTAMP, 0);
INSERT INTO [konyadminconsole].[city](id, Region_id, Country_id, Name, createdby, modifiedby, createdts, lastmodifiedts, synctimestamp, softdeleteflag) VALUES ('CITY987', 'R27', 'Con1', 'Rudrapur', 'Kony User', 'Kony Dev', CURRENT_TIMESTAMP, CURRENT_TIMESTAMP, CURRENT_TIMESTAMP, 0);
INSERT INTO [konyadminconsole].[city](id, Region_id, Country_id, Name, createdby, modifiedby, createdts, lastmodifiedts, synctimestamp, softdeleteflag) VALUES ('CITY988', 'R27', 'Con1', 'Soron', 'Kony User', 'Kony Dev', CURRENT_TIMESTAMP, CURRENT_TIMESTAMP, CURRENT_TIMESTAMP, 0);
INSERT INTO [konyadminconsole].[city](id, Region_id, Country_id, Name, createdby, modifiedby, createdts, lastmodifiedts, synctimestamp, softdeleteflag) VALUES ('CITY989', 'R25', 'Con1', 'Sholingur', 'Kony User', 'Kony Dev', CURRENT_TIMESTAMP, CURRENT_TIMESTAMP, CURRENT_TIMESTAMP, 0);
INSERT INTO [konyadminconsole].[city](id, Region_id, Country_id, Name, createdby, modifiedby, createdts, lastmodifiedts, synctimestamp, softdeleteflag) VALUES ('CITY99', 'R6', 'Con1', 'Bhagalpur', 'Kony User', 'Kony Dev', CURRENT_TIMESTAMP, CURRENT_TIMESTAMP, CURRENT_TIMESTAMP, 0);
INSERT INTO [konyadminconsole].[city](id, Region_id, Country_id, Name, createdby, modifiedby, createdts, lastmodifiedts, synctimestamp, softdeleteflag) VALUES ('CITY990', 'R2', 'Con1', 'Pandharkaoda', 'Kony User', 'Kony Dev', CURRENT_TIMESTAMP, CURRENT_TIMESTAMP, CURRENT_TIMESTAMP, 0);
INSERT INTO [konyadminconsole].[city](id, Region_id, Country_id, Name, createdby, modifiedby, createdts, lastmodifiedts, synctimestamp, softdeleteflag) VALUES ('CITY991', 'R15', 'Con1', 'Perumbavoor', 'Kony User', 'Kony Dev', CURRENT_TIMESTAMP, CURRENT_TIMESTAMP, CURRENT_TIMESTAMP, 0);
INSERT INTO [konyadminconsole].[city](id, Region_id, Country_id, Name, createdby, modifiedby, createdts, lastmodifiedts, synctimestamp, softdeleteflag) VALUES ('CITY992', 'R14', 'Con1', 'Maddur', 'Kony User', 'Kony Dev', CURRENT_TIMESTAMP, CURRENT_TIMESTAMP, CURRENT_TIMESTAMP, 0);
INSERT INTO [konyadminconsole].[city](id, Region_id, Country_id, Name, createdby, modifiedby, createdts, lastmodifiedts, synctimestamp, softdeleteflag) VALUES ('CITY993', 'R23', 'Con1', 'Nadbai', 'Kony User', 'Kony Dev', CURRENT_TIMESTAMP, CURRENT_TIMESTAMP, CURRENT_TIMESTAMP, 0);
INSERT INTO [konyadminconsole].[city](id, Region_id, Country_id, Name, createdby, modifiedby, createdts, lastmodifiedts, synctimestamp, softdeleteflag) VALUES ('CITY994', 'R2', 'Con1', 'Talode', 'Kony User', 'Kony Dev', CURRENT_TIMESTAMP, CURRENT_TIMESTAMP, CURRENT_TIMESTAMP, 0);
INSERT INTO [konyadminconsole].[city](id, Region_id, Country_id, Name, createdby, modifiedby, createdts, lastmodifiedts, synctimestamp, softdeleteflag) VALUES ('CITY995', 'R2', 'Con1', 'Shrigonda', 'Kony User', 'Kony Dev', CURRENT_TIMESTAMP, CURRENT_TIMESTAMP, CURRENT_TIMESTAMP, 0);
INSERT INTO [konyadminconsole].[city](id, Region_id, Country_id, Name, createdby, modifiedby, createdts, lastmodifiedts, synctimestamp, softdeleteflag) VALUES ('CITY996', 'R14', 'Con1', 'Madhugiri', 'Kony User', 'Kony Dev', CURRENT_TIMESTAMP, CURRENT_TIMESTAMP, CURRENT_TIMESTAMP, 0);
INSERT INTO [konyadminconsole].[city](id, Region_id, Country_id, Name, createdby, modifiedby, createdts, lastmodifiedts, synctimestamp, softdeleteflag) VALUES ('CITY997', 'R14', 'Con1', 'Tekkalakote', 'Kony User', 'Kony Dev', CURRENT_TIMESTAMP, CURRENT_TIMESTAMP, CURRENT_TIMESTAMP, 0);
INSERT INTO [konyadminconsole].[city](id, Region_id, Country_id, Name, createdby, modifiedby, createdts, lastmodifiedts, synctimestamp, softdeleteflag) VALUES ('CITY998', 'R16', 'Con1', 'Seoni-Malwa', 'Kony User', 'Kony Dev', CURRENT_TIMESTAMP, CURRENT_TIMESTAMP, CURRENT_TIMESTAMP, 0);
INSERT INTO [konyadminconsole].[city](id, Region_id, Country_id, Name, createdby, modifiedby, createdts, lastmodifiedts, synctimestamp, softdeleteflag) VALUES ('CITY999', 'R2', 'Con1', 'Shirdi', 'Kony User', 'Kony Dev', CURRENT_TIMESTAMP, CURRENT_TIMESTAMP, CURRENT_TIMESTAMP, 0);
INSERT INTO [konyadminconsole].[communicationtype](id, Description, createdby, modifiedby, createdts, lastmodifiedts, synctimestamp, softdeleteflag) VALUES ('COMM_TYPE_EMAIL', 'Communication Type Email', 'Kony User', 'Kony Dev', CURRENT_TIMESTAMP, CURRENT_TIMESTAMP, CURRENT_TIMESTAMP, 0);
INSERT INTO [konyadminconsole].[communicationtype](id, Description, createdby, modifiedby, createdts, lastmodifiedts, synctimestamp, softdeleteflag) VALUES ('COMM_TYPE_PHONE', 'Communication Type Phone', 'Kony User', 'Kony Dev', CURRENT_TIMESTAMP, CURRENT_TIMESTAMP, CURRENT_TIMESTAMP, 0);
INSERT INTO [konyadminconsole].[country](id, Code, Name, createdby, modifiedby, createdts, lastmodifiedts, synctimestamp, softdeleteflag) VALUES ('Con1', 'IND', 'India', 'Kony User', 'Kony Dev', CURRENT_TIMESTAMP, CURRENT_TIMESTAMP, CURRENT_TIMESTAMP, 0);
INSERT INTO [konyadminconsole].[country](id, Code, Name, createdby, modifiedby, createdts, lastmodifiedts, synctimestamp, softdeleteflag) VALUES ('Con2', 'USA', 'United States of America', 'Kony User', 'Kony Dev', CURRENT_TIMESTAMP, CURRENT_TIMESTAMP, CURRENT_TIMESTAMP, 0);
INSERT INTO [konyadminconsole].[customertype](id, Description, createdby, modifiedby, createdts, lastmodifiedts, synctimestamp, softdeleteflag) VALUES ('APPLICANT', 'Applicant', null, null, CURRENT_TIMESTAMP, CURRENT_TIMESTAMP, CURRENT_TIMESTAMP, 0);
INSERT INTO [konyadminconsole].[customertype](id, Description, createdby, modifiedby, createdts, lastmodifiedts, synctimestamp, softdeleteflag) VALUES ('CUSTOMER', 'Existing Customer', null, null, CURRENT_TIMESTAMP, CURRENT_TIMESTAMP, CURRENT_TIMESTAMP, 0);
INSERT INTO [konyadminconsole].[dashboardalerts](id, Title, Description, Type, Priority, created) VALUES ('DAID1', 'Scheduled Maintenance', 'Scheduled maintenance of the admin console is coming up on 31st June, 2018. Please ensure all pending messages are responded to correctly in accordance with the SLA', 'Employee', 'High', 'Today');
INSERT INTO [konyadminconsole].[dashboardalerts](id, Title, Description, Type, Priority, created) VALUES ('DAID2', 'Update credentials', 'Scheduled maintenance of the admin console is coming up on 31st June, 2018. Please ensure all pending messages are responded to correctly in accordance with the SLA', 'Customer', 'Medium', 'Today');
INSERT INTO [konyadminconsole].[dashboardalerts](id, Title, Description, Type, Priority, created) VALUES ('DAID3', 'Data center shutdown', 'The data center near NY was down for 10 mins on 16th May, 2018 which lead to some transaction failures from the online and mobile banking applications.', 'Employee', 'Low', 'Yesterday');
INSERT INTO [konyadminconsole].[dashboardalerts](id, Title, Description, Type, Priority, created) VALUES ('DAID4', 'Scheduled Maintenance', 'Scheduled maintenance of the admin console is coming up on 31st June, 2018. Please ensure all pending messages are responded to correctly in accordance with the SLA', 'Employee', 'High', '2 days ago');
INSERT INTO [konyadminconsole].[dashboardalerts](id, Title, Description, Type, Priority, created) VALUES ('DAID5', 'Update credentials', 'Scheduled maintenance of the admin console is coming up on 31st June, 2018. Please ensure all pending messages are responded to correctly in accordance with the SLA', 'Customer', 'Medium', '2 days ago');
INSERT INTO [konyadminconsole].[dashboardalerts](id, Title, Description, Type, Priority, created) VALUES ('DAID6', 'Data center shutdown', 'The data center near NY was down for 10 mins on 16th May, 2018 which lead to some transaction failures from the online and mobile banking applications.', 'Employee', 'Low', '2 days ago');
INSERT INTO [konyadminconsole].[faqcategory](id, Name, createdby, modifiedby, createdts, lastmodifiedts, synctimestamp, softdeleteflag) VALUES ('FAQ_CAT_ID1', 'Login', 'Kony User', 'Kony Dev', CURRENT_TIMESTAMP, CURRENT_TIMESTAMP, CURRENT_TIMESTAMP, 0);
INSERT INTO [konyadminconsole].[faqcategory](id, Name, createdby, modifiedby, createdts, lastmodifiedts, synctimestamp, softdeleteflag) VALUES ('FAQ_CAT_ID10', 'Statements and Documents', 'Kony User', 'Kony Dev', CURRENT_TIMESTAMP, CURRENT_TIMESTAMP, CURRENT_TIMESTAMP, 0);
INSERT INTO [konyadminconsole].[faqcategory](id, Name, createdby, modifiedby, createdts, lastmodifiedts, synctimestamp, softdeleteflag) VALUES ('FAQ_CAT_ID2', 'Account Activity', 'Kony User', 'Kony Dev', CURRENT_TIMESTAMP, CURRENT_TIMESTAMP, CURRENT_TIMESTAMP, 0);
INSERT INTO [konyadminconsole].[faqcategory](id, Name, createdby, modifiedby, createdts, lastmodifiedts, synctimestamp, softdeleteflag) VALUES ('FAQ_CAT_ID3', 'Cards', 'Kony User', 'Kony Dev', CURRENT_TIMESTAMP, CURRENT_TIMESTAMP, CURRENT_TIMESTAMP, 0);
INSERT INTO [konyadminconsole].[faqcategory](id, Name, createdby, modifiedby, createdts, lastmodifiedts, synctimestamp, softdeleteflag) VALUES ('FAQ_CAT_ID4', 'Transfers', 'Kony User', 'Kony Dev', CURRENT_TIMESTAMP, CURRENT_TIMESTAMP, CURRENT_TIMESTAMP, 0);
INSERT INTO [konyadminconsole].[faqcategory](id, Name, createdby, modifiedby, createdts, lastmodifiedts, synctimestamp, softdeleteflag) VALUES ('FAQ_CAT_ID5', 'Bill Payments', 'Kony User', 'Kony Dev', CURRENT_TIMESTAMP, CURRENT_TIMESTAMP, CURRENT_TIMESTAMP, 0);
INSERT INTO [konyadminconsole].[faqcategory](id, Name, createdby, modifiedby, createdts, lastmodifiedts, synctimestamp, softdeleteflag) VALUES ('FAQ_CAT_ID6', 'Pay a Person', 'Kony User', 'Kony Dev', CURRENT_TIMESTAMP, CURRENT_TIMESTAMP, CURRENT_TIMESTAMP, 0);
INSERT INTO [konyadminconsole].[faqcategory](id, Name, createdby, modifiedby, createdts, lastmodifiedts, synctimestamp, softdeleteflag) VALUES ('FAQ_CAT_ID7', 'Security', 'Kony User', 'Kony Dev', CURRENT_TIMESTAMP, CURRENT_TIMESTAMP, CURRENT_TIMESTAMP, 0);
INSERT INTO [konyadminconsole].[faqcategory](id, Name, createdby, modifiedby, createdts, lastmodifiedts, synctimestamp, softdeleteflag) VALUES ('FAQ_CAT_ID8', 'Profile Management', 'Kony User', 'Kony Dev', CURRENT_TIMESTAMP, CURRENT_TIMESTAMP, CURRENT_TIMESTAMP, 0);
INSERT INTO [konyadminconsole].[faqcategory](id, Name, createdby, modifiedby, createdts, lastmodifiedts, synctimestamp, softdeleteflag) VALUES ('FAQ_CAT_ID9', 'Alerts and Communication', 'Kony User', 'Kony Dev', CURRENT_TIMESTAMP, CURRENT_TIMESTAMP, CURRENT_TIMESTAMP, 0);
INSERT INTO [konyadminconsole].[faqs](id, Channel_id, QuestionCode, Question, Answer, Status_id, FaqCategory_Id, createdby, modifiedby, createdts, lastmodifiedts, synctimestamp, softdeleteflag) VALUES ('FAQ_ID1', 'CH_ID_MOB_INT', 'FAQ_73201817533', 'What do I need to Enroll for mobile and online banking?', 'To Enroll, you need to idenitfy yourself by providing: 
1. Last Name
2. SSN 
3. Date of Birth 
Then validate with a Secure Access Code or Card CVV', 'SID_ACTIVE', 'FAQ_CAT_ID1', 'UID11', 'UID11', CURRENT_TIMESTAMP, CURRENT_TIMESTAMP, CURRENT_TIMESTAMP, 0);
INSERT INTO [konyadminconsole].[faqs](id, Channel_id, QuestionCode, Question, Answer, Status_id, FaqCategory_Id, createdby, modifiedby, createdts, lastmodifiedts, synctimestamp, softdeleteflag) VALUES ('FAQ_ID10', 'CH_ID_MOB_INT', 'FAQ_732018175017', 'How can I update my contact details registered with the bank?', 'You can update your phone numbers, email ids and addresses registered with the bank from the Profile section of the mobile and online banking apps', 'SID_ACTIVE', 'FAQ_CAT_ID8', 'UID11', 'UID11', CURRENT_TIMESTAMP, CURRENT_TIMESTAMP, CURRENT_TIMESTAMP, 0);
INSERT INTO [konyadminconsole].[faqs](id, Channel_id, QuestionCode, Question, Answer, Status_id, FaqCategory_Id, createdby, modifiedby, createdts, lastmodifiedts, synctimestamp, softdeleteflag) VALUES ('FAQ_ID11', 'CH_ID_MOB_INT', 'FAQ_732018175155', 'Can I transfer money to own accounts in the same bank', 'Yes, you can transfer money within your eligible accounts in the bank from the mobile and online banking applications', 'SID_ACTIVE', 'FAQ_CAT_ID4', 'UID11', 'UID11', CURRENT_TIMESTAMP, CURRENT_TIMESTAMP, CURRENT_TIMESTAMP, 0);
INSERT INTO [konyadminconsole].[faqs](id, Channel_id, QuestionCode, Question, Answer, Status_id, FaqCategory_Id, createdby, modifiedby, createdts, lastmodifiedts, synctimestamp, softdeleteflag) VALUES ('FAQ_ID12', 'CH_ID_MOB_INT', 'FAQ_732018175334', 'How can I verify my accounts in external accounts for Fund Transfers?', 'You can use the following options: 
1. Provide your netbbanking credentials of the bank for which the account is being added - Instant verification
2. Enter the trial deposits amount values that were deposited in the external account - Takes up to 2 days', 'SID_ACTIVE', 'FAQ_CAT_ID4', 'UID11', 'UID11', CURRENT_TIMESTAMP, CURRENT_TIMESTAMP, CURRENT_TIMESTAMP, 0);
INSERT INTO [konyadminconsole].[faqs](id, Channel_id, QuestionCode, Question, Answer, Status_id, FaqCategory_Id, createdby, modifiedby, createdts, lastmodifiedts, synctimestamp, softdeleteflag) VALUES ('FAQ_ID13', 'CH_ID_MOB_INT', 'FAQ_732018175335', 'Can I pay my loan dues from the mobile and online banking apps?', 'Yes, you can pay your loan due amount from the online banking application. You can view your due amount and make partial or full payment of the amount due.', 'SID_ACTIVE', 'FAQ_CAT_ID4', 'UID11', 'UID11', CURRENT_TIMESTAMP, CURRENT_TIMESTAMP, CURRENT_TIMESTAMP, 0);
INSERT INTO [konyadminconsole].[faqs](id, Channel_id, QuestionCode, Question, Answer, Status_id, FaqCategory_Id, createdby, modifiedby, createdts, lastmodifiedts, synctimestamp, softdeleteflag) VALUES ('FAQ_ID14', 'CH_ID_MOB_INT', 'FAQ_732018175336', 'What types of fund transfers are supported with the mobile and online banking applications?', 'You can make the following types of fund transfers: 
1. To your own accounts in the same bank
2. To others in the same bank
3. To your own or other accounts in different banks
4. Wire Transfers (Domestic/International)', 'SID_ACTIVE', 'FAQ_CAT_ID4', 'UID11', 'UID11', CURRENT_TIMESTAMP, CURRENT_TIMESTAMP, CURRENT_TIMESTAMP, 0);
INSERT INTO [konyadminconsole].[faqs](id, Channel_id, QuestionCode, Question, Answer, Status_id, FaqCategory_Id, createdby, modifiedby, createdts, lastmodifiedts, synctimestamp, softdeleteflag) VALUES ('FAQ_ID15', 'CH_ID_MOB_INT', 'FAQ_732018175334', 'Can I set up recurring or future dated transfer?', 'Yes. You can schedule future-dated transfers. Recurring transfers can be made at regular intervals, such as daily, weekly, every 2 weeks, monthly, etc.', 'SID_ACTIVE', 'FAQ_CAT_ID4', 'UID11', 'UID11', CURRENT_TIMESTAMP, CURRENT_TIMESTAMP, CURRENT_TIMESTAMP, 0);
INSERT INTO [konyadminconsole].[faqs](id, Channel_id, QuestionCode, Question, Answer, Status_id, FaqCategory_Id, createdby, modifiedby, createdts, lastmodifiedts, synctimestamp, softdeleteflag) VALUES ('FAQ_ID16', 'CH_ID_MOB_INT', 'FAQ_732018175335', 'Can I cancel a scheduled transfer?', 'Yes, you can cancel a scheduled transfer. It will cancel and stop all the pending transfers in case of recurring transactions', 'SID_ACTIVE', 'FAQ_CAT_ID4', 'UID11', 'UID11', CURRENT_TIMESTAMP, CURRENT_TIMESTAMP, CURRENT_TIMESTAMP, 0);
INSERT INTO [konyadminconsole].[faqs](id, Channel_id, QuestionCode, Question, Answer, Status_id, FaqCategory_Id, createdby, modifiedby, createdts, lastmodifiedts, synctimestamp, softdeleteflag) VALUES ('FAQ_ID17', 'CH_ID_MOB_INT', 'FAQ_732018175336', 'How can I communicate with the bank from the mobile and online banking applications?', 'You can send messages to the bank in a secure method from the mobile and online banking applications', 'SID_ACTIVE', 'FAQ_CAT_ID9', 'UID11', 'UID11', CURRENT_TIMESTAMP, CURRENT_TIMESTAMP, CURRENT_TIMESTAMP, 0);
INSERT INTO [konyadminconsole].[faqs](id, Channel_id, QuestionCode, Question, Answer, Status_id, FaqCategory_Id, createdby, modifiedby, createdts, lastmodifiedts, synctimestamp, softdeleteflag) VALUES ('FAQ_ID18', 'CH_ID_MOB_INT', 'FAQ_732018175334', 'Can I send attachments with my messages to the bank from the app?', 'Yes, you can send up to 5 attachments per message. Each attachment can have a maximum size of 1 MB. ', 'SID_ACTIVE', 'FAQ_CAT_ID9', 'UID11', 'UID11', CURRENT_TIMESTAMP, CURRENT_TIMESTAMP, CURRENT_TIMESTAMP, 0);
INSERT INTO [konyadminconsole].[faqs](id, Channel_id, QuestionCode, Question, Answer, Status_id, FaqCategory_Id, createdby, modifiedby, createdts, lastmodifiedts, synctimestamp, softdeleteflag) VALUES ('FAQ_ID19', 'CH_ID_MOB_INT', 'FAQ_732018175335', 'What types of attachments are supported in the messages?', 'The application supports the following file types: txt
doc
docx
pdf', 'SID_ACTIVE', 'FAQ_CAT_ID9', 'UID11', 'UID11', CURRENT_TIMESTAMP, CURRENT_TIMESTAMP, CURRENT_TIMESTAMP, 0);
INSERT INTO [konyadminconsole].[faqs](id, Channel_id, QuestionCode, Question, Answer, Status_id, FaqCategory_Id, createdby, modifiedby, createdts, lastmodifiedts, synctimestamp, softdeleteflag) VALUES ('FAQ_ID2', 'CH_ID_MOB_INT', 'FAQ_732018174715', 'What are the login options available for the mobile banking app?', 'You can use the following options: 
1. Username and Password, 
2. Login PIN, 
3. Facial Recognition 
4. Fingerprint/Touch ID on supported devices', 'SID_ACTIVE', 'FAQ_CAT_ID1', 'UID11', 'UID11', CURRENT_TIMESTAMP, CURRENT_TIMESTAMP, CURRENT_TIMESTAMP, 0);
INSERT INTO [konyadminconsole].[faqs](id, Channel_id, QuestionCode, Question, Answer, Status_id, FaqCategory_Id, createdby, modifiedby, createdts, lastmodifiedts, synctimestamp, softdeleteflag) VALUES ('FAQ_ID20', 'CH_ID_MOB_INT', 'FAQ_732018175336', 'What is bill payments?', 'Bill Pay is an online service that allows you to pay your bills through mobile/online banking. You can set up one-time payments, schedule future payments or create recurring payments.', 'SID_ACTIVE', 'FAQ_CAT_ID5', 'UID11', 'UID11', CURRENT_TIMESTAMP, CURRENT_TIMESTAMP, CURRENT_TIMESTAMP, 0);
INSERT INTO [konyadminconsole].[faqs](id, Channel_id, QuestionCode, Question, Answer, Status_id, FaqCategory_Id, createdby, modifiedby, createdts, lastmodifiedts, synctimestamp, softdeleteflag) VALUES ('FAQ_ID21', 'CH_ID_MOB_INT', 'FAQ_732018175334', 'How do I register a new biller in mobile/online banking?', 'To register a new biller follow the below steps:
 1. Login into mobile/online banking application
 2. Select "Pay a bill" ---> Add New Payee
 3. Provide required biller details and add the payee', 'SID_ACTIVE', 'FAQ_CAT_ID5', 'UID11', 'UID11', CURRENT_TIMESTAMP, CURRENT_TIMESTAMP, CURRENT_TIMESTAMP, 0);
INSERT INTO [konyadminconsole].[faqs](id, Channel_id, QuestionCode, Question, Answer, Status_id, FaqCategory_Id, createdby, modifiedby, createdts, lastmodifiedts, synctimestamp, softdeleteflag) VALUES ('FAQ_ID22', 'CH_ID_MOB_INT', 'FAQ_732018175335', 'Is there a limit to the number of bills I can pay online?', 'No. There is no limit in the number of bills you can pay online', 'SID_ACTIVE', 'FAQ_CAT_ID5', 'UID11', 'UID11', CURRENT_TIMESTAMP, CURRENT_TIMESTAMP, CURRENT_TIMESTAMP, 0);
INSERT INTO [konyadminconsole].[faqs](id, Channel_id, QuestionCode, Question, Answer, Status_id, FaqCategory_Id, createdby, modifiedby, createdts, lastmodifiedts, synctimestamp, softdeleteflag) VALUES ('FAQ_ID23', 'CH_ID_MOB_INT', 'FAQ_732018175336', 'How can I stop a scheduled payment?', 'Yes, you can cancel a scheduled payment. Go to scheduled payments list in bill pay and find the cancel option to stop a payment', 'SID_ACTIVE', 'FAQ_CAT_ID5', 'UID11', 'UID11', CURRENT_TIMESTAMP, CURRENT_TIMESTAMP, CURRENT_TIMESTAMP, 0);
INSERT INTO [konyadminconsole].[faqs](id, Channel_id, QuestionCode, Question, Answer, Status_id, FaqCategory_Id, createdby, modifiedby, createdts, lastmodifiedts, synctimestamp, softdeleteflag) VALUES ('FAQ_ID24', 'CH_ID_MOB_INT', 'FAQ_732018175334', 'Can I delete a registered biller from my account?', 'Yes, you can delete a registered biller. Deleting a biller will stop scheduled payments and all the payments under process for that biller.', 'SID_ACTIVE', 'FAQ_CAT_ID5', 'UID11', 'UID11', CURRENT_TIMESTAMP, CURRENT_TIMESTAMP, CURRENT_TIMESTAMP, 0);
INSERT INTO [konyadminconsole].[faqs](id, Channel_id, QuestionCode, Question, Answer, Status_id, FaqCategory_Id, createdby, modifiedby, createdts, lastmodifiedts, synctimestamp, softdeleteflag) VALUES ('FAQ_ID25', 'CH_ID_MOB_INT', 'FAQ_732018175335', 'What can I use Pay a Person for?', 'You can use Pay a Person to send or request payment from others. Below are some examples where you can use pay a person
 
 1. Send a monetary gift to family or friends
 2. Pay back a friend or co-worker
 3. Pay vendors such as your baby sitter, gardener, or landlord
 4. Request money from a friend or family member', 'SID_ACTIVE', 'FAQ_CAT_ID6', 'UID11', 'UID11', CURRENT_TIMESTAMP, CURRENT_TIMESTAMP, CURRENT_TIMESTAMP, 0);
INSERT INTO [konyadminconsole].[faqs](id, Channel_id, QuestionCode, Question, Answer, Status_id, FaqCategory_Id, createdby, modifiedby, createdts, lastmodifiedts, synctimestamp, softdeleteflag) VALUES ('FAQ_ID26', 'CH_ID_MOB_INT', 'FAQ_732018175336', 'How do I add a new person as my recipient?', 'To add a new payee follow the below steps:
 1.Login into mobile/online banking application
 2. Go to "Pay a person" and select "Add Recipient"
 3.Enter Name, phone number or email id and click"Add"', 'SID_ACTIVE', 'FAQ_CAT_ID6', 'UID11', 'UID11', CURRENT_TIMESTAMP, CURRENT_TIMESTAMP, CURRENT_TIMESTAMP, 0);
INSERT INTO [konyadminconsole].[faqs](id, Channel_id, QuestionCode, Question, Answer, Status_id, FaqCategory_Id, createdby, modifiedby, createdts, lastmodifiedts, synctimestamp, softdeleteflag) VALUES ('FAQ_ID27', 'CH_ID_MOB_INT', 'FAQ_732018175334', 'How does send work in pay a person?', 'To send money to someone, enter their name, e-mail address or mobile phone number, the amount you want to send, and a transaction note. Follow the instructions to complete the payment/transfer. The funds will automatically be withdrawn from your account and sent electronically to their account.', 'SID_ACTIVE', 'FAQ_CAT_ID6', 'UID11', 'UID11', CURRENT_TIMESTAMP, CURRENT_TIMESTAMP, CURRENT_TIMESTAMP, 0);
INSERT INTO [konyadminconsole].[faqs](id, Channel_id, QuestionCode, Question, Answer, Status_id, FaqCategory_Id, createdby, modifiedby, createdts, lastmodifiedts, synctimestamp, softdeleteflag) VALUES ('FAQ_ID28', 'CH_ID_MOB_INT', 'FAQ_732018175335', 'How does receive work in pay a person?', 'To request money from someone, enter their name, e-mail address or mobile phone number, the amount requested, and a personal message. Follow the instructions to complete the payment/transfer request.They will receive a notification and instructions on how to complete the payment.Once they confirm, the funds will automatically be debited from their account and credited to your account.', 'SID_ACTIVE', 'FAQ_CAT_ID6', 'UID11', 'UID11', CURRENT_TIMESTAMP, CURRENT_TIMESTAMP, CURRENT_TIMESTAMP, 0);
INSERT INTO [konyadminconsole].[faqs](id, Channel_id, QuestionCode, Question, Answer, Status_id, FaqCategory_Id, createdby, modifiedby, createdts, lastmodifiedts, synctimestamp, softdeleteflag) VALUES ('FAQ_ID29', 'CH_ID_MOB_INT', 'FAQ_732018175336', 'Can I edit or delete a payee from my registered payee list?', 'Yes. You can edit or delete a payee. Go to "Pay a person" and choose "Manage Recipient". 
 1. To Delete, click delete and confirm to remove a payee from your list.
 2. To edit, click on edit, change the required details and update. Confirm the same to save the changes.', 'SID_ACTIVE', 'FAQ_CAT_ID6', 'UID11', 'UID11', CURRENT_TIMESTAMP, CURRENT_TIMESTAMP, CURRENT_TIMESTAMP, 0);
INSERT INTO [konyadminconsole].[faqs](id, Channel_id, QuestionCode, Question, Answer, Status_id, FaqCategory_Id, createdby, modifiedby, createdts, lastmodifiedts, synctimestamp, softdeleteflag) VALUES ('FAQ_ID3', 'CH_ID_MOB_INT', 'FAQ_732018175414', 'What are the login options available for the online banking application?', 'You can use your username and password to log into the online banking app', 'SID_ACTIVE', 'FAQ_CAT_ID1', 'UID11', 'UID11', CURRENT_TIMESTAMP, CURRENT_TIMESTAMP, CURRENT_TIMESTAMP, 0);
INSERT INTO [konyadminconsole].[faqs](id, Channel_id, QuestionCode, Question, Answer, Status_id, FaqCategory_Id, createdby, modifiedby, createdts, lastmodifiedts, synctimestamp, softdeleteflag) VALUES ('FAQ_ID30', 'CH_ID_MOB_INT', 'FAQ_732018175334', 'Can I schedule a send / request for a payee?', 'Yes. You can schedule a send / request money transfer by choosing a future date for the transaction', 'SID_ACTIVE', 'FAQ_CAT_ID6', 'UID11', 'UID11', CURRENT_TIMESTAMP, CURRENT_TIMESTAMP, CURRENT_TIMESTAMP, 0);
INSERT INTO [konyadminconsole].[faqs](id, Channel_id, QuestionCode, Question, Answer, Status_id, FaqCategory_Id, createdby, modifiedby, createdts, lastmodifiedts, synctimestamp, softdeleteflag) VALUES ('FAQ_ID31', 'CH_ID_MOB_INT', 'FAQ_732018175335', 'Can I schedule a recurring send to a payee?', 'Yes. You can schedule a transaction, choose the frequency (Daily, Monthly, Weekly, etc) and specify the end date or duration to stop the recurrence.', 'SID_ACTIVE', 'FAQ_CAT_ID6', 'UID11', 'UID11', CURRENT_TIMESTAMP, CURRENT_TIMESTAMP, CURRENT_TIMESTAMP, 0);
INSERT INTO [konyadminconsole].[faqs](id, Channel_id, QuestionCode, Question, Answer, Status_id, FaqCategory_Id, createdby, modifiedby, createdts, lastmodifiedts, synctimestamp, softdeleteflag) VALUES ('FAQ_ID32', 'CH_ID_MOB_INT', 'FAQ_732018175336', 'Where can I find my account statement?', 'Login into your mobile/online banking application. Select the required acccount and choose "Account Statements". Select the required period to get the account statement for that period', 'SID_ACTIVE', 'FAQ_CAT_ID10', 'UID11', 'UID11', CURRENT_TIMESTAMP, CURRENT_TIMESTAMP, CURRENT_TIMESTAMP, 0);
INSERT INTO [konyadminconsole].[faqs](id, Channel_id, QuestionCode, Question, Answer, Status_id, FaqCategory_Id, createdby, modifiedby, createdts, lastmodifiedts, synctimestamp, softdeleteflag) VALUES ('FAQ_ID33', 'CH_ID_MOB_INT', 'FAQ_732018175334', 'Can I schedule an account statement to my email?', 'No, you can''t schedule an accout statement to your email', 'SID_ACTIVE', 'FAQ_CAT_ID10', 'UID11', 'UID11', CURRENT_TIMESTAMP, CURRENT_TIMESTAMP, CURRENT_TIMESTAMP, 0);
INSERT INTO [konyadminconsole].[faqs](id, Channel_id, QuestionCode, Question, Answer, Status_id, FaqCategory_Id, createdby, modifiedby, createdts, lastmodifiedts, synctimestamp, softdeleteflag) VALUES ('FAQ_ID34', 'CH_ID_MOB_INT', 'FAQ_732018175335', 'Can I download my account statement?', 'Yes. You have the options to download, print or send the statement to an email', 'SID_ACTIVE', 'FAQ_CAT_ID10', 'UID11', 'UID11', CURRENT_TIMESTAMP, CURRENT_TIMESTAMP, CURRENT_TIMESTAMP, 0);
INSERT INTO [konyadminconsole].[faqs](id, Channel_id, QuestionCode, Question, Answer, Status_id, FaqCategory_Id, createdby, modifiedby, createdts, lastmodifiedts, synctimestamp, softdeleteflag) VALUES ('FAQ_ID35', 'CH_ID_MOB_INT', 'FAQ_732018175336', 'Can I get my account statement for any period?', 'Yes. Mention the start and end date to download statement for the required period', 'SID_ACTIVE', 'FAQ_CAT_ID10', 'UID11', 'UID11', CURRENT_TIMESTAMP, CURRENT_TIMESTAMP, CURRENT_TIMESTAMP, 0);
INSERT INTO [konyadminconsole].[faqs](id, Channel_id, QuestionCode, Question, Answer, Status_id, FaqCategory_Id, createdby, modifiedby, createdts, lastmodifiedts, synctimestamp, softdeleteflag) VALUES ('FAQ_ID36', 'CH_ID_MOB_INT', 'FAQ_732018175334', 'What are the formats in which I can download the statement?', 'Excel, PDF and Quicken are the formats in which you can download your account statement. ', 'SID_ACTIVE', 'FAQ_CAT_ID10', 'UID11', 'UID11', CURRENT_TIMESTAMP, CURRENT_TIMESTAMP, CURRENT_TIMESTAMP, 0);
INSERT INTO [konyadminconsole].[faqs](id, Channel_id, QuestionCode, Question, Answer, Status_id, FaqCategory_Id, createdby, modifiedby, createdts, lastmodifiedts, synctimestamp, softdeleteflag) VALUES ('FAQ_ID37', 'CH_ID_MOB_INT', 'FAQ_732018175335', 'Can I request for a card from my mobile/online banking application?', 'Yes. You can place a request for a new card from your mobile / online banking application', 'SID_ACTIVE', 'FAQ_CAT_ID3', 'UID11', 'UID11', CURRENT_TIMESTAMP, CURRENT_TIMESTAMP, CURRENT_TIMESTAMP, 0);
INSERT INTO [konyadminconsole].[faqs](id, Channel_id, QuestionCode, Question, Answer, Status_id, FaqCategory_Id, createdby, modifiedby, createdts, lastmodifiedts, synctimestamp, softdeleteflag) VALUES ('FAQ_ID38', 'CH_ID_MOB_INT', 'FAQ_732018175336', 'What are different card management options available online', 'Following are the options availabe to manage your card online:
1. Change Pin
2. Lock Card
3. Replace Card
4. Cancel Card
5. Report Stolen/Lost', 'SID_ACTIVE', 'FAQ_CAT_ID3', 'UID11', 'UID11', CURRENT_TIMESTAMP, CURRENT_TIMESTAMP, CURRENT_TIMESTAMP, 0);
INSERT INTO [konyadminconsole].[faqs](id, Channel_id, QuestionCode, Question, Answer, Status_id, FaqCategory_Id, createdby, modifiedby, createdts, lastmodifiedts, synctimestamp, softdeleteflag) VALUES ('FAQ_ID39', 'CH_ID_MOB_INT', 'FAQ_732018175334', 'How can I change my debit/credit card PIN online?', 'Login into your mobile/online banking application. Go to "Manage Card" section, select the required card and select "Change Pin" option. Provide the reason for chaning the pin and confirm your request. You will receive a mail with new pin', 'SID_ACTIVE', 'FAQ_CAT_ID3', 'UID11', 'UID11', CURRENT_TIMESTAMP, CURRENT_TIMESTAMP, CURRENT_TIMESTAMP, 0);
INSERT INTO [konyadminconsole].[faqs](id, Channel_id, QuestionCode, Question, Answer, Status_id, FaqCategory_Id, createdby, modifiedby, createdts, lastmodifiedts, synctimestamp, softdeleteflag) VALUES ('FAQ_ID4', 'CH_ID_MOB_INT', 'FAQ_732018174844', 'I forgot my username. How can I log into the app?', 'Click on Forgot and provide the information to identify yourself; Validate your identity with the Secure Access Code or Card CVV. If validated correctly, you will be able to retreive your username', 'SID_ACTIVE', 'FAQ_CAT_ID1', 'UID11', 'UID11', CURRENT_TIMESTAMP, CURRENT_TIMESTAMP, CURRENT_TIMESTAMP, 0);
INSERT INTO [konyadminconsole].[faqs](id, Channel_id, QuestionCode, Question, Answer, Status_id, FaqCategory_Id, createdby, modifiedby, createdts, lastmodifiedts, synctimestamp, softdeleteflag) VALUES ('FAQ_ID40', 'CH_ID_MOB_INT', 'FAQ_732018175335', 'I have lost my card. How can I report it online?', 'Login into your mobile/online banking application. Go to "Manage Card" section, select the required card. Select Report stolen/lost option. You have options to either call customer care directly or to log a report online.', 'SID_ACTIVE', 'FAQ_CAT_ID3', 'UID11', 'UID11', CURRENT_TIMESTAMP, CURRENT_TIMESTAMP, CURRENT_TIMESTAMP, 0);
INSERT INTO [konyadminconsole].[faqs](id, Channel_id, QuestionCode, Question, Answer, Status_id, FaqCategory_Id, createdby, modifiedby, createdts, lastmodifiedts, synctimestamp, softdeleteflag) VALUES ('FAQ_ID41', 'CH_ID_MOB_INT', 'FAQ_732018175336', 'Can I withdraw my stolen/lost report online to reactivate my card?', 'No, you can''t withdraw stolen/lost report online.', 'SID_ACTIVE', 'FAQ_CAT_ID3', 'UID11', 'UID11', CURRENT_TIMESTAMP, CURRENT_TIMESTAMP, CURRENT_TIMESTAMP, 0);
INSERT INTO [konyadminconsole].[faqs](id, Channel_id, QuestionCode, Question, Answer, Status_id, FaqCategory_Id, createdby, modifiedby, createdts, lastmodifiedts, synctimestamp, softdeleteflag) VALUES ('FAQ_ID42', 'CH_ID_MOB_INT', 'FAQ_732018175334', 'If I lock my card can I unlock in again online?', 'Yes. You can unlock your locked card online with mobile/online banking application. The card can then be used to perform all transactions', 'SID_ACTIVE', 'FAQ_CAT_ID3', 'UID11', 'UID11', CURRENT_TIMESTAMP, CURRENT_TIMESTAMP, CURRENT_TIMESTAMP, 0);
INSERT INTO [konyadminconsole].[faqs](id, Channel_id, QuestionCode, Question, Answer, Status_id, FaqCategory_Id, createdby, modifiedby, createdts, lastmodifiedts, synctimestamp, softdeleteflag) VALUES ('FAQ_ID43', 'CH_ID_MOB_INT', 'FAQ_732018175335', 'Can I use my debit/credit card to pay billsin online banking?', 'Yes. Login into your mobile/online banking and register with your card details to make bill payments', 'SID_ACTIVE', 'FAQ_CAT_ID3', 'UID11', 'UID11', CURRENT_TIMESTAMP, CURRENT_TIMESTAMP, CURRENT_TIMESTAMP, 0);
INSERT INTO [konyadminconsole].[faqs](id, Channel_id, QuestionCode, Question, Answer, Status_id, FaqCategory_Id, createdby, modifiedby, createdts, lastmodifiedts, synctimestamp, softdeleteflag) VALUES ('FAQ_ID44', 'CH_ID_MOB_INT', 'FAQ_732018175336', 'Is it safe to bank and pay bills online?', 'When you register for online banking, you create a unique username and password.So you and only you can access your accounts. Kindly ensure that you do not write it down in any form or share it with anyone.You are responsible for protecting your password, account details and for providing prompt notification in case of an unauthorized transaction.', 'SID_ACTIVE', 'FAQ_CAT_ID7', 'UID11', 'UID11', CURRENT_TIMESTAMP, CURRENT_TIMESTAMP, CURRENT_TIMESTAMP, 0);
INSERT INTO [konyadminconsole].[faqs](id, Channel_id, QuestionCode, Question, Answer, Status_id, FaqCategory_Id, createdby, modifiedby, createdts, lastmodifiedts, synctimestamp, softdeleteflag) VALUES ('FAQ_ID45', 'CH_ID_MOB_INT', 'FAQ_732018175334', 'How is online banking security measured?', 'Online Banking uses industry-standard security protocols that leverage encryption for transferring data. Encryption helps create a secure environment for the information being transferred between your browser and Bank of America.
 The protocols protect data through Authentication, Encryption and Data integrity', 'SID_ACTIVE', 'FAQ_CAT_ID7', 'UID11', 'UID11', CURRENT_TIMESTAMP, CURRENT_TIMESTAMP, CURRENT_TIMESTAMP, 0);
INSERT INTO [konyadminconsole].[faqs](id, Channel_id, QuestionCode, Question, Answer, Status_id, FaqCategory_Id, createdby, modifiedby, createdts, lastmodifiedts, synctimestamp, softdeleteflag) VALUES ('FAQ_ID46', 'CH_ID_MOB_INT', 'FAQ_732018175335', 'How does the security protocols protect data?', 'These protocols protect data in 3 key ways:
1. Authentication ensures that you are communicating with the bank only and protects impersonation by another computer
2. Encryption scrambles transferred data so that it cannot be read by unauthorized parties
3. Data integrity, in terms of data and network security, assures that information can only be accessed and modified by those authorized to do so', 'SID_ACTIVE', 'FAQ_CAT_ID7', 'UID11', 'UID11', CURRENT_TIMESTAMP, CURRENT_TIMESTAMP, CURRENT_TIMESTAMP, 0);
INSERT INTO [konyadminconsole].[faqs](id, Channel_id, QuestionCode, Question, Answer, Status_id, FaqCategory_Id, createdby, modifiedby, createdts, lastmodifiedts, synctimestamp, softdeleteflag) VALUES ('FAQ_ID47', 'CH_ID_MOB_INT', 'FAQ_732018175336', 'Is it secure to do online/mobile banking outside my country?', 'Yes, you can do online/mobile banking from anywhere in the world with the same level of security', 'SID_ACTIVE', 'FAQ_CAT_ID7', 'UID11', 'UID11', CURRENT_TIMESTAMP, CURRENT_TIMESTAMP, CURRENT_TIMESTAMP, 0);
INSERT INTO [konyadminconsole].[faqs](id, Channel_id, QuestionCode, Question, Answer, Status_id, FaqCategory_Id, createdby, modifiedby, createdts, lastmodifiedts, synctimestamp, softdeleteflag) VALUES ('FAQ_ID48', 'CH_ID_MOB_INT', 'FAQ_732018175334', 'Is it safe to access online banking feature from multiple computers', 'Yes, you can access online banking feature from multiple computers with the same level of security. ', 'SID_ACTIVE', 'FAQ_CAT_ID7', 'UID11', 'UID11', CURRENT_TIMESTAMP, CURRENT_TIMESTAMP, CURRENT_TIMESTAMP, 0);
INSERT INTO [konyadminconsole].[faqs](id, Channel_id, QuestionCode, Question, Answer, Status_id, FaqCategory_Id, createdby, modifiedby, createdts, lastmodifiedts, synctimestamp, softdeleteflag) VALUES ('FAQ_ID49', 'CH_ID_MOB_INT', 'FAQ_732018175335', 'Is it safe to use mobile browser to do online banking?', 'Yes, it is safe to do online banking on mobile browser. However, it is recommended that you logout and close your browser after performing online banking', 'SID_ACTIVE', 'FAQ_CAT_ID7', 'UID11', 'UID11', CURRENT_TIMESTAMP, CURRENT_TIMESTAMP, CURRENT_TIMESTAMP, 0);
INSERT INTO [konyadminconsole].[faqs](id, Channel_id, QuestionCode, Question, Answer, Status_id, FaqCategory_Id, createdby, modifiedby, createdts, lastmodifiedts, synctimestamp, softdeleteflag) VALUES ('FAQ_ID5', 'CH_ID_MOB_INT', 'FAQ_732018175359', 'I forgot my password. How can I log into the app?', 'Click on Forgot and provide the information to identify yourself; Validate your identity with the Secure Access Code or Card CVV. If validated correctly, you will be able to reset your password', 'SID_ACTIVE', 'FAQ_CAT_ID1', 'UID11', 'UID11', CURRENT_TIMESTAMP, CURRENT_TIMESTAMP, CURRENT_TIMESTAMP, 0);
INSERT INTO [konyadminconsole].[faqs](id, Channel_id, QuestionCode, Question, Answer, Status_id, FaqCategory_Id, createdby, modifiedby, createdts, lastmodifiedts, synctimestamp, softdeleteflag) VALUES ('FAQ_ID50', 'CH_ID_MOB_INT', 'FAQ_732018175336', 'I share my computer with someone who also uses Online Banking. Can both of us sign in from this computer?', 'Yes. You can both use the same computer to sign in to your individual online banking account safely; you won''t see each other''s information. There''s no limit to how many people can sign in to online banking from the same computer. Just remember not to share your Username and Password.', 'SID_ACTIVE', 'FAQ_CAT_ID7', 'UID11', 'UID11', CURRENT_TIMESTAMP, CURRENT_TIMESTAMP, CURRENT_TIMESTAMP, 0);
INSERT INTO [konyadminconsole].[faqs](id, Channel_id, QuestionCode, Question, Answer, Status_id, FaqCategory_Id, createdby, modifiedby, createdts, lastmodifiedts, synctimestamp, softdeleteflag) VALUES ('FAQ_ID6', 'CH_ID_MOB_INT', 'FAQ_732018175359', 'Why do I see only some of my accounts on the dashboard?', 'Only accounts marked as Favorites are listed on the Dashboard screen. Favorite accounts are indicated with a filled in star next to the account name on the dashbaord list. Select the option "Show All Accounts" to view the remaining accounts. Click on the star next to an account to add it to Favorites or remove it from Favorites. ', 'SID_ACTIVE', 'FAQ_CAT_ID2', 'UID11', 'UID11', CURRENT_TIMESTAMP, CURRENT_TIMESTAMP, CURRENT_TIMESTAMP, 0);
INSERT INTO [konyadminconsole].[faqs](id, Channel_id, QuestionCode, Question, Answer, Status_id, FaqCategory_Id, createdby, modifiedby, createdts, lastmodifiedts, synctimestamp, softdeleteflag) VALUES ('FAQ_ID7', 'CH_ID_MOB_INT', 'FAQ_732018175512', 'Which account types are listed in the mobile/online banking applications?', 'The mobile and online banking apps support the following account types: Savings, Checking, Credit Cards, Loans, Deposits/Line of Credit', 'SID_ACTIVE', 'FAQ_CAT_ID2', 'UID11', 'UID11', CURRENT_TIMESTAMP, CURRENT_TIMESTAMP, CURRENT_TIMESTAMP, 0);
INSERT INTO [konyadminconsole].[faqs](id, Channel_id, QuestionCode, Question, Answer, Status_id, FaqCategory_Id, createdby, modifiedby, createdts, lastmodifiedts, synctimestamp, softdeleteflag) VALUES ('FAQ_ID8', 'CH_ID_MOB_INT', 'FAQ_732018174732', 'Can I update my name from the Mobile and Online banking apps?', 'No. You cannot update your name from the applications, but you can download the Name Change Request form from the online banking application that you can print and submit at the bank.', 'SID_ACTIVE', 'FAQ_CAT_ID8', 'UID11', 'UID11', CURRENT_TIMESTAMP, CURRENT_TIMESTAMP, CURRENT_TIMESTAMP, 0);
INSERT INTO [konyadminconsole].[faqs](id, Channel_id, QuestionCode, Question, Answer, Status_id, FaqCategory_Id, createdby, modifiedby, createdts, lastmodifiedts, synctimestamp, softdeleteflag) VALUES ('FAQ_ID9', 'CH_ID_MOB_INT', 'FAQ_73201817516', 'Can I update my username and password for the mobile and online banking apps?', 'Yes, you can use the Profile section to update the username or password as needed from the mobile and online banking apps', 'SID_ACTIVE', 'FAQ_CAT_ID8', 'UID11', 'UID11', CURRENT_TIMESTAMP, CURRENT_TIMESTAMP, CURRENT_TIMESTAMP, 0);
INSERT INTO [konyadminconsole].[transactionlimit](id, Description, createdby, modifiedby, createdts, lastmodifiedts, synctimestamp, softdeleteflag) VALUES ('TID1', 'Transaction limit description', 'Kony User', 'Kony Dev', CURRENT_TIMESTAMP, CURRENT_TIMESTAMP, CURRENT_TIMESTAMP, 0);
INSERT INTO [konyadminconsole].[transactionfee](id, Description, createdby, modifiedby, createdts, lastmodifiedts, synctimestamp, softdeleteflag) VALUES ('TID1', 'Transaction limit description', 'Kony User', 'Kony Dev', CURRENT_TIMESTAMP, CURRENT_TIMESTAMP, CURRENT_TIMESTAMP, 0);
INSERT INTO [konyadminconsole].[groupentitlement](Group_id, Service_id, TransactionFee_id, TransactionLimit_id, createdby, modifiedby, createdts, lastmodifiedts, synctimestamp, softdeleteflag) VALUES ('GID_BANKING_CUSTOMERS', 'SERVICE_ID_1', 'TID1', 'TID1', 'UID11', null, CURRENT_TIMESTAMP, CURRENT_TIMESTAMP, CURRENT_TIMESTAMP, 0);
INSERT INTO [konyadminconsole].[groupentitlement](Group_id, Service_id, TransactionFee_id, TransactionLimit_id, createdby, modifiedby, createdts, lastmodifiedts, synctimestamp, softdeleteflag) VALUES ('GID_BANKING_CUSTOMERS', 'SERVICE_ID_2', 'TID1', 'TID1', 'UID11', null, CURRENT_TIMESTAMP, CURRENT_TIMESTAMP, CURRENT_TIMESTAMP, 0);
INSERT INTO [konyadminconsole].[groupentitlement](Group_id, Service_id, TransactionFee_id, TransactionLimit_id, createdby, modifiedby, createdts, lastmodifiedts, synctimestamp, softdeleteflag) VALUES ('GID_CREDITCARD_CUSTOMERS', 'SERVICE_ID_9', 'TID1', 'TID1', 'UID11', null, CURRENT_TIMESTAMP, CURRENT_TIMESTAMP, CURRENT_TIMESTAMP, 0);
INSERT INTO [konyadminconsole].[groupentitlement](Group_id, Service_id, TransactionFee_id, TransactionLimit_id, createdby, modifiedby, createdts, lastmodifiedts, synctimestamp, softdeleteflag) VALUES ('GID_HNW_CUSTOMERS', 'SERVICE_ID_1', 'TID1', 'TID1', 'UID11', null, CURRENT_TIMESTAMP, CURRENT_TIMESTAMP, CURRENT_TIMESTAMP, 0);
INSERT INTO [konyadminconsole].[groupentitlement](Group_id, Service_id, TransactionFee_id, TransactionLimit_id, createdby, modifiedby, createdts, lastmodifiedts, synctimestamp, softdeleteflag) VALUES ('GID_HNW_CUSTOMERS', 'SERVICE_ID_2', 'TID1', 'TID1', 'UID11', null, CURRENT_TIMESTAMP, CURRENT_TIMESTAMP, CURRENT_TIMESTAMP, 0);
INSERT INTO [konyadminconsole].[groupentitlement](Group_id, Service_id, TransactionFee_id, TransactionLimit_id, createdby, modifiedby, createdts, lastmodifiedts, synctimestamp, softdeleteflag) VALUES ('GID_HNW_CUSTOMERS', 'SERVICE_ID_3', 'TID1', 'TID1', 'UID11', null, CURRENT_TIMESTAMP, CURRENT_TIMESTAMP, CURRENT_TIMESTAMP, 0);
INSERT INTO [konyadminconsole].[groupentitlement](Group_id, Service_id, TransactionFee_id, TransactionLimit_id, createdby, modifiedby, createdts, lastmodifiedts, synctimestamp, softdeleteflag) VALUES ('GID_HNW_CUSTOMERS', 'SERVICE_ID_4', 'TID1', 'TID1', 'UID11', null, CURRENT_TIMESTAMP, CURRENT_TIMESTAMP, CURRENT_TIMESTAMP, 0);
INSERT INTO [konyadminconsole].[groupentitlement](Group_id, Service_id, TransactionFee_id, TransactionLimit_id, createdby, modifiedby, createdts, lastmodifiedts, synctimestamp, softdeleteflag) VALUES ('GID_HNW_CUSTOMERS', 'SERVICE_ID_5', 'TID1', 'TID1', 'UID11', null, CURRENT_TIMESTAMP, CURRENT_TIMESTAMP, CURRENT_TIMESTAMP, 0);
INSERT INTO [konyadminconsole].[groupentitlement](Group_id, Service_id, TransactionFee_id, TransactionLimit_id, createdby, modifiedby, createdts, lastmodifiedts, synctimestamp, softdeleteflag) VALUES ('GID_HNW_CUSTOMERS', 'SERVICE_ID_6', 'TID1', 'TID1', 'UID11', null, CURRENT_TIMESTAMP, CURRENT_TIMESTAMP, CURRENT_TIMESTAMP, 0);
INSERT INTO [konyadminconsole].[groupentitlement](Group_id, Service_id, TransactionFee_id, TransactionLimit_id, createdby, modifiedby, createdts, lastmodifiedts, synctimestamp, softdeleteflag) VALUES ('GID_HNW_CUSTOMERS', 'SERVICE_ID_7', 'TID1', 'TID1', 'UID11', null, CURRENT_TIMESTAMP, CURRENT_TIMESTAMP, CURRENT_TIMESTAMP, 0);
INSERT INTO [konyadminconsole].[groupentitlement](Group_id, Service_id, TransactionFee_id, TransactionLimit_id, createdby, modifiedby, createdts, lastmodifiedts, synctimestamp, softdeleteflag) VALUES ('GID_LOAN_CUSTOMERS', 'SERVICE_ID_1', 'TID1', 'TID1', 'UID11', null, CURRENT_TIMESTAMP, CURRENT_TIMESTAMP, CURRENT_TIMESTAMP, 0);
INSERT INTO [konyadminconsole].[groupentitlement](Group_id, Service_id, TransactionFee_id, TransactionLimit_id, createdby, modifiedby, createdts, lastmodifiedts, synctimestamp, softdeleteflag) VALUES ('GID_LOAN_CUSTOMERS', 'SERVICE_ID_5', 'TID1', 'TID1', 'UID11', null, CURRENT_TIMESTAMP, CURRENT_TIMESTAMP, CURRENT_TIMESTAMP, 0);
INSERT INTO [konyadminconsole].[groupentitlement](Group_id, Service_id, TransactionFee_id, TransactionLimit_id, createdby, modifiedby, createdts, lastmodifiedts, synctimestamp, softdeleteflag) VALUES ('GID_LOAN_CUSTOMERS', 'SERVICE_ID_9', 'TID1', 'TID1', 'UID11', null, CURRENT_TIMESTAMP, CURRENT_TIMESTAMP, CURRENT_TIMESTAMP, 0);
INSERT INTO [konyadminconsole].[groupentitlement](Group_id, Service_id, TransactionFee_id, TransactionLimit_id, createdby, modifiedby, createdts, lastmodifiedts, synctimestamp, softdeleteflag) VALUES ('GID_PRIORITY_MEMBERS', 'SERVICE_ID_1', 'TID1', 'TID1', 'UID11', null, CURRENT_TIMESTAMP, CURRENT_TIMESTAMP, CURRENT_TIMESTAMP, 0);
INSERT INTO [konyadminconsole].[groupentitlement](Group_id, Service_id, TransactionFee_id, TransactionLimit_id, createdby, modifiedby, createdts, lastmodifiedts, synctimestamp, softdeleteflag) VALUES ('GID_PRIORITY_MEMBERS', 'SERVICE_ID_2', 'TID1', 'TID1', 'UID11', null, CURRENT_TIMESTAMP, CURRENT_TIMESTAMP, CURRENT_TIMESTAMP, 0);
INSERT INTO [konyadminconsole].[groupentitlement](Group_id, Service_id, TransactionFee_id, TransactionLimit_id, createdby, modifiedby, createdts, lastmodifiedts, synctimestamp, softdeleteflag) VALUES ('GID_PRIORITY_MEMBERS', 'SERVICE_ID_3', 'TID1', 'TID1', 'UID11', null, CURRENT_TIMESTAMP, CURRENT_TIMESTAMP, CURRENT_TIMESTAMP, 0);
INSERT INTO [konyadminconsole].[groupentitlement](Group_id, Service_id, TransactionFee_id, TransactionLimit_id, createdby, modifiedby, createdts, lastmodifiedts, synctimestamp, softdeleteflag) VALUES ('GID_PRIORITY_MEMBERS', 'SERVICE_ID_4', 'TID1', 'TID1', 'UID11', null, CURRENT_TIMESTAMP, CURRENT_TIMESTAMP, CURRENT_TIMESTAMP, 0);
INSERT INTO [konyadminconsole].[groupentitlement](Group_id, Service_id, TransactionFee_id, TransactionLimit_id, createdby, modifiedby, createdts, lastmodifiedts, synctimestamp, softdeleteflag) VALUES ('GID_PRIORITY_MEMBERS', 'SERVICE_ID_5', 'TID1', 'TID1', 'UID11', null, CURRENT_TIMESTAMP, CURRENT_TIMESTAMP, CURRENT_TIMESTAMP, 0);
INSERT INTO [konyadminconsole].[groupentitlement](Group_id, Service_id, TransactionFee_id, TransactionLimit_id, createdby, modifiedby, createdts, lastmodifiedts, synctimestamp, softdeleteflag) VALUES ('GID_PRIORITY_MEMBERS', 'SERVICE_ID_6', 'TID1', 'TID1', 'UID11', null, CURRENT_TIMESTAMP, CURRENT_TIMESTAMP, CURRENT_TIMESTAMP, 0);
INSERT INTO [konyadminconsole].[groupentitlement](Group_id, Service_id, TransactionFee_id, TransactionLimit_id, createdby, modifiedby, createdts, lastmodifiedts, synctimestamp, softdeleteflag) VALUES ('GID_PRIORITY_MEMBERS', 'SERVICE_ID_7', 'TID1', 'TID1', 'UID11', null, CURRENT_TIMESTAMP, CURRENT_TIMESTAMP, CURRENT_TIMESTAMP, 0);
INSERT INTO [konyadminconsole].[groupentitlement](Group_id, Service_id, TransactionFee_id, TransactionLimit_id, createdby, modifiedby, createdts, lastmodifiedts, synctimestamp, softdeleteflag) VALUES ('GID_PRIORITY_MEMBERS', 'SERVICE_ID_8', 'TID1', 'TID1', 'UID11', null, CURRENT_TIMESTAMP, CURRENT_TIMESTAMP, CURRENT_TIMESTAMP, 0);
INSERT INTO [konyadminconsole].[groupentitlement](Group_id, Service_id, TransactionFee_id, TransactionLimit_id, createdby, modifiedby, createdts, lastmodifiedts, synctimestamp, softdeleteflag) VALUES ('GID_PRIORITY_MEMBERS', 'SERVICE_ID_9', 'TID1', 'TID1', 'UID11', null, CURRENT_TIMESTAMP, CURRENT_TIMESTAMP, CURRENT_TIMESTAMP, 0);
INSERT INTO [konyadminconsole].[groupentitlement](Group_id, Service_id, TransactionFee_id, TransactionLimit_id, createdby, modifiedby, createdts, lastmodifiedts, synctimestamp, softdeleteflag) VALUES ('GROUP_PLATINUM', 'SERVICE_ID_1', 'TID1', 'TID1', 'UID11', null, CURRENT_TIMESTAMP, CURRENT_TIMESTAMP, CURRENT_TIMESTAMP, 0);
INSERT INTO [konyadminconsole].[groupentitlement](Group_id, Service_id, TransactionFee_id, TransactionLimit_id, createdby, modifiedby, createdts, lastmodifiedts, synctimestamp, softdeleteflag) VALUES ('GROUP_PLATINUM', 'SERVICE_ID_2', 'TID1', 'TID1', 'UID11', null, CURRENT_TIMESTAMP, CURRENT_TIMESTAMP, CURRENT_TIMESTAMP, 0);
INSERT INTO [konyadminconsole].[groupentitlement](Group_id, Service_id, TransactionFee_id, TransactionLimit_id, createdby, modifiedby, createdts, lastmodifiedts, synctimestamp, softdeleteflag) VALUES ('GROUP_PLATINUM', 'SERVICE_ID_9', 'TID1', 'TID1', 'UID11', null, CURRENT_TIMESTAMP, CURRENT_TIMESTAMP, CURRENT_TIMESTAMP, 0);
INSERT INTO [konyadminconsole].[groupentitlement](Group_id, Service_id, TransactionFee_id, TransactionLimit_id, createdby, modifiedby, createdts, lastmodifiedts, synctimestamp, softdeleteflag) VALUES ('GROUP_TESTING', 'SERVICE_ID_1', 'TID1', 'TID1', 'UID11', null, CURRENT_TIMESTAMP, CURRENT_TIMESTAMP, CURRENT_TIMESTAMP, 0);
INSERT INTO [konyadminconsole].[groupentitlement](Group_id, Service_id, TransactionFee_id, TransactionLimit_id, createdby, modifiedby, createdts, lastmodifiedts, synctimestamp, softdeleteflag) VALUES ('GROUP_TESTING', 'SERVICE_ID_2', 'TID1', 'TID1', 'UID11', null, CURRENT_TIMESTAMP, CURRENT_TIMESTAMP, CURRENT_TIMESTAMP, 0);
INSERT INTO [konyadminconsole].[groupentitlement](Group_id, Service_id, TransactionFee_id, TransactionLimit_id, createdby, modifiedby, createdts, lastmodifiedts, synctimestamp, softdeleteflag) VALUES ('GROUP_TESTING', 'SERVICE_ID_3', 'TID1', 'TID1', 'UID11', null, CURRENT_TIMESTAMP, CURRENT_TIMESTAMP, CURRENT_TIMESTAMP, 0);
INSERT INTO [konyadminconsole].[groupentitlement](Group_id, Service_id, TransactionFee_id, TransactionLimit_id, createdby, modifiedby, createdts, lastmodifiedts, synctimestamp, softdeleteflag) VALUES ('GROUP_TESTING', 'SERVICE_ID_4', 'TID1', 'TID1', 'UID11', null, CURRENT_TIMESTAMP, CURRENT_TIMESTAMP, CURRENT_TIMESTAMP, 0);
INSERT INTO [konyadminconsole].[groupentitlement](Group_id, Service_id, TransactionFee_id, TransactionLimit_id, createdby, modifiedby, createdts, lastmodifiedts, synctimestamp, softdeleteflag) VALUES ('GROUP_TESTING', 'SERVICE_ID_5', 'TID1', 'TID1', 'UID11', null, CURRENT_TIMESTAMP, CURRENT_TIMESTAMP, CURRENT_TIMESTAMP, 0);
INSERT INTO [konyadminconsole].[groupentitlement](Group_id, Service_id, TransactionFee_id, TransactionLimit_id, createdby, modifiedby, createdts, lastmodifiedts, synctimestamp, softdeleteflag) VALUES ('GROUP_TESTING', 'SERVICE_ID_6', 'TID1', 'TID1', 'UID11', null, CURRENT_TIMESTAMP, CURRENT_TIMESTAMP, CURRENT_TIMESTAMP, 0);
INSERT INTO [konyadminconsole].[groupentitlement](Group_id, Service_id, TransactionFee_id, TransactionLimit_id, createdby, modifiedby, createdts, lastmodifiedts, synctimestamp, softdeleteflag) VALUES ('GROUP_TESTING', 'SERVICE_ID_7', 'TID1', 'TID1', 'UID11', null, CURRENT_TIMESTAMP, CURRENT_TIMESTAMP, CURRENT_TIMESTAMP, 0);
INSERT INTO [konyadminconsole].[groupentitlement](Group_id, Service_id, TransactionFee_id, TransactionLimit_id, createdby, modifiedby, createdts, lastmodifiedts, synctimestamp, softdeleteflag) VALUES ('GROUP_TESTING', 'SERVICE_ID_8', 'TID1', 'TID1', 'UID11', null, CURRENT_TIMESTAMP, CURRENT_TIMESTAMP, CURRENT_TIMESTAMP, 0);
INSERT INTO [konyadminconsole].[groupentitlement](Group_id, Service_id, TransactionFee_id, TransactionLimit_id, createdby, modifiedby, createdts, lastmodifiedts, synctimestamp, softdeleteflag) VALUES ('GROUP_TESTING', 'SERVICE_ID_9', 'TID1', 'TID1', 'UID11', null, CURRENT_TIMESTAMP, CURRENT_TIMESTAMP, CURRENT_TIMESTAMP, 0);
INSERT INTO [konyadminconsole].[locationtype](id, Description, createdby, modifiedby, createdts, lastmodifiedts, synctimestamp, softdeleteflag) VALUES ('ATM', 'ATM desc', 'Kony User', 'Kony Dev', null, null, null, 0);
INSERT INTO [konyadminconsole].[locationtype](id, Description, createdby, modifiedby, createdts, lastmodifiedts, synctimestamp, softdeleteflag) VALUES ('Branch', 'Branch desc', 'Kony User', 'Kony Dev', null, null, null, 0);
INSERT INTO [konyadminconsole].[membergroup](id, Name, Description, Status_id, createdby, modifiedby, createdts, lastmodifiedts, synctimestamp, softdeleteflag) VALUES ('GID_BANKING_CUSTOMERS', 'Digital Banking Customers', 'All the mobile and online banking customers are added to this group once enrollment is completed', 'SID_ACTIVE', 'UID11', 'UID11', CURRENT_TIMESTAMP, CURRENT_TIMESTAMP, CURRENT_TIMESTAMP, 0);
INSERT INTO [konyadminconsole].[membergroup](id, Name, Description, Status_id, createdby, modifiedby, createdts, lastmodifiedts, synctimestamp, softdeleteflag) VALUES ('GID_CREDITCARD_CUSTOMERS', 'Freedom Credit Card Customers', 'All customers who own a Freedom Credit Card.  Does not include other credit card customers who do not own a freedom credit card.', 'SID_ACTIVE', 'UID11', 'UID11', CURRENT_TIMESTAMP, CURRENT_TIMESTAMP, CURRENT_TIMESTAMP, 0);
INSERT INTO [konyadminconsole].[membergroup](id, Name, Description, Status_id, createdby, modifiedby, createdts, lastmodifiedts, synctimestamp, softdeleteflag) VALUES ('GID_HNW_CUSTOMERS', 'High Net Worth Customer', 'Customers with total assets worth more than $75000.', 'SID_ACTIVE', 'UID11', 'UID11', CURRENT_TIMESTAMP, CURRENT_TIMESTAMP, CURRENT_TIMESTAMP, 0);
INSERT INTO [konyadminconsole].[membergroup](id, Name, Description, Status_id, createdby, modifiedby, createdts, lastmodifiedts, synctimestamp, softdeleteflag) VALUES ('GID_LOAN_CUSTOMERS', 'Home Loan Customers', 'All Kony Bank customers with only a Home Loan account', 'SID_ACTIVE', 'UID11', 'UID11', CURRENT_TIMESTAMP, CURRENT_TIMESTAMP, CURRENT_TIMESTAMP, 0);
INSERT INTO [konyadminconsole].[membergroup](id, Name, Description, Status_id, createdby, modifiedby, createdts, lastmodifiedts, synctimestamp, softdeleteflag) VALUES ('GID_PRIORITY_MEMBERS', 'Priority Members', 'Members with more than 3 accounts, and need to be taken care of on high priority always', 'SID_ACTIVE', 'UID11', 'UID11', CURRENT_TIMESTAMP, CURRENT_TIMESTAMP, CURRENT_TIMESTAMP, 0);
INSERT INTO [konyadminconsole].[membergroup](id, Name, Description, Status_id, createdby, modifiedby, createdts, lastmodifiedts, synctimestamp, softdeleteflag) VALUES ('GROUP_PLATINUM', 'Auto Loan', 'All customers who have an Auto Loan Account with Kony Bank', 'SID_ACTIVE', 'Kony User', 'UID10', CURRENT_TIMESTAMP, CURRENT_TIMESTAMP, CURRENT_TIMESTAMP, 0);
INSERT INTO [konyadminconsole].[membergroup](id, Name, Description, Status_id, createdby, modifiedby, createdts, lastmodifiedts, synctimestamp, softdeleteflag) VALUES ('GROUP_SERVICE', 'Service', 'Service Desc', 'SID_ACTIVE', 'Kony User', 'Kony Dev', CURRENT_TIMESTAMP, CURRENT_TIMESTAMP, CURRENT_TIMESTAMP, 0);
INSERT INTO [konyadminconsole].[membergroup](id, Name, Description, Status_id, createdby, modifiedby, createdts, lastmodifiedts, synctimestamp, softdeleteflag) VALUES ('GROUP_TESTING', 'Pilot Testing Group', 'All customers created for Online and Mobile Banking application demos', 'SID_ACTIVE', 'Kony User', 'UID11', CURRENT_TIMESTAMP, CURRENT_TIMESTAMP, CURRENT_TIMESTAMP, 0);
INSERT INTO [konyadminconsole].[notification](Id, Name, Description, StartDate, ExpirationDate, Status_id, createdby, modifiedby, createdts, lastmodifiedts, synctimestamp, softdeleteflag) VALUES ('NID1', 'Send Money - A new and better way to Pay', '<html><Body><p> Introducing quick and easy way to send money to family and friends. All you need is their phone number or email id. ', '2016-11-22', '2019-02-22', 'SID_STARTINGSOON', 'Kony User', 'Kony Dev', CURRENT_TIMESTAMP, CURRENT_TIMESTAMP, CURRENT_TIMESTAMP, 0);
INSERT INTO [konyadminconsole].[notification](Id, Name, Description, StartDate, ExpirationDate, Status_id, createdby, modifiedby, createdts, lastmodifiedts, synctimestamp, softdeleteflag) VALUES ('NID10', 'Pay Bills - Pay Multiple Bills at Once', '<html><Body><p>Select multiple billers and pay all your dues in one click!<br></p></body></html>', '2016-11-22', '2019-02-22', 'SID_N_ACTIVE', 'Kony User', 'Kony Dev', CURRENT_TIMESTAMP, CURRENT_TIMESTAMP, CURRENT_TIMESTAMP, 0);
INSERT INTO [konyadminconsole].[notification](Id, Name, Description, StartDate, ExpirationDate, Status_id, createdby, modifiedby, createdts, lastmodifiedts, synctimestamp, softdeleteflag) VALUES ('NID11', 'Deals - Mortgage Taxes & Insurance... Done!', '<html><Body><p>Personal loans with rates as low as 3.74% APR**</p></body></html>', '2016-11-22', '2019-02-22', 'SID_N_ACTIVE', 'Kony User', 'Kony Dev', CURRENT_TIMESTAMP, CURRENT_TIMESTAMP, CURRENT_TIMESTAMP, 0);
INSERT INTO [konyadminconsole].[notification](Id, Name, Description, StartDate, ExpirationDate, Status_id, createdby, modifiedby, createdts, lastmodifiedts, synctimestamp, softdeleteflag) VALUES ('NID12', 'Deals - Go Paperless and win!', '<html><Body><p>All e-Statement users will be eligible to win one of five$100 Visa gift cards! Enroll today!</br> Offer for limited period<br></p></body></html>', '2016-11-22', '2019-02-22', 'SID_EXPIRED', 'Kony User', 'Kony Dev', CURRENT_TIMESTAMP, CURRENT_TIMESTAMP, CURRENT_TIMESTAMP, 0);
INSERT INTO [konyadminconsole].[notification](Id, Name, Description, StartDate, ExpirationDate, Status_id, createdby, modifiedby, createdts, lastmodifiedts, synctimestamp, softdeleteflag) VALUES ('NID13', 'Loan - Loan Approved', '<html><Body><p>Congratulations! Your Personal Loan Request has been approved. We will contact you shortly with more details</p></body></html>', '2016-11-22', '2019-02-22', 'SID_N_ACTIVE', 'Kony User', 'Kony Dev', CURRENT_TIMESTAMP, CURRENT_TIMESTAMP, CURRENT_TIMESTAMP, 0);
INSERT INTO [konyadminconsole].[notification](Id, Name, Description, StartDate, ExpirationDate, Status_id, createdby, modifiedby, createdts, lastmodifiedts, synctimestamp, softdeleteflag) VALUES ('NID14', 'Request Money - You have a new Request for Money', '<html><Body><p> Someone has sent you a request for money.</br> Requests are valid for 14 days </br></p></body></html>', '2016-11-22', '2019-02-22', 'SID_STARTINGSOON', 'Kony User', 'Kony Dev', CURRENT_TIMESTAMP, CURRENT_TIMESTAMP, CURRENT_TIMESTAMP, 0);
INSERT INTO [konyadminconsole].[notification](Id, Name, Description, StartDate, ExpirationDate, Status_id, createdby, modifiedby, createdts, lastmodifiedts, synctimestamp, softdeleteflag) VALUES ('NID2', 'Pay Bill - You have received a new bill', '<html><Body><p>You have received a new bill from CitiBank Credit Card. </br>Due Amount $1500</br></p></body></html>', '2016-11-22', '2019-02-22', 'SID_STARTINGSOON', 'Kony User', 'Kony Dev', CURRENT_TIMESTAMP, CURRENT_TIMESTAMP, CURRENT_TIMESTAMP, 0);
INSERT INTO [konyadminconsole].[notification](Id, Name, Description, StartDate, ExpirationDate, Status_id, createdby, modifiedby, createdts, lastmodifiedts, synctimestamp, softdeleteflag) VALUES ('NID3', 'Account Balance - Low Balance Alert', '<html><Body><p> The balance for your Checking account is below $50<br> Please maintain sufficient funds to avoid penalty.<br></br><br></p></body></html>', '2016-11-22', '2019-02-22', 'SID_EXPIRED', 'Kony User', 'Kony Dev', CURRENT_TIMESTAMP, CURRENT_TIMESTAMP, CURRENT_TIMESTAMP, 0);
INSERT INTO [konyadminconsole].[notification](Id, Name, Description, StartDate, ExpirationDate, Status_id, createdby, modifiedby, createdts, lastmodifiedts, synctimestamp, softdeleteflag) VALUES ('NID4', 'Request Money - You have a new Request for Money', '<html><Body><p> Someone has sent you a request for money.</br> Requests are valid for 14 days </br></p></body></html>', '2016-11-22', '2019-02-22', 'SID_N_ACTIVE', 'Kony User', 'Kony Dev', CURRENT_TIMESTAMP, CURRENT_TIMESTAMP, CURRENT_TIMESTAMP, 0);
INSERT INTO [konyadminconsole].[notification](Id, Name, Description, StartDate, ExpirationDate, Status_id, createdby, modifiedby, createdts, lastmodifiedts, synctimestamp, softdeleteflag) VALUES ('NID5', 'Pay Bill - You have received a new bill', '<html><Body><p> You have received a new bill from CitiBank Credit Card. </br>Due Amount $1500<br></p></body></html>', '2016-11-22', '2019-02-22', 'SID_STARTINGSOON', 'Kony User', 'Kony Dev', CURRENT_TIMESTAMP, CURRENT_TIMESTAMP, CURRENT_TIMESTAMP, 0);
INSERT INTO [konyadminconsole].[notification](Id, Name, Description, StartDate, ExpirationDate, Status_id, createdby, modifiedby, createdts, lastmodifiedts, synctimestamp, softdeleteflag) VALUES ('NID6', 'Credit Card - Unlimited 1.5% Cashback with Freedom Unlimited credit card', '<html><Body><p>$150 Bonus after you spend $500 on purchases in your first 3 months from account opening. No annual fee. 0% intro APR for 15 months from account opening on purchases and balance transfers.</br> T&C Apply</p></body></html>', '2016-11-22', '2019-02-22', 'SID_EXPIRED', 'Kony User', 'Kony Dev', CURRENT_TIMESTAMP, CURRENT_TIMESTAMP, CURRENT_TIMESTAMP, 0);
INSERT INTO [konyadminconsole].[notification](Id, Name, Description, StartDate, ExpirationDate, Status_id, createdby, modifiedby, createdts, lastmodifiedts, synctimestamp, softdeleteflag) VALUES ('NID7', 'Deals - Go Paperless and win!', '<html><Body><p>All e-Statement users will be eligible to win one of five$100 Visa gift cards! Enroll today!</br> Offer for limited period<br></p></body></html>', '2016-11-22', '2019-02-22', 'SID_N_ACTIVE', 'Kony User', 'Kony Dev', CURRENT_TIMESTAMP, CURRENT_TIMESTAMP, CURRENT_TIMESTAMP, 0);
INSERT INTO [konyadminconsole].[notification](Id, Name, Description, StartDate, ExpirationDate, Status_id, createdby, modifiedby, createdts, lastmodifiedts, synctimestamp, softdeleteflag) VALUES ('NID8', 'Account - Giving You Motivation For Your Renovation!', '<html><Body><p>No collateral is required and the loan amount lets you tackle projects without having to tap into your homes equity. Not only do interest rates start out lower than most average credit cards  as low as 8.49%, well even discount your APR* by up to 1.50%!</br> Up to 0.75% APR discount based on length of homeownership</p></body></html>', '2016-11-22', '2019-02-22', 'SID_STARTINGSOON', 'Kony User', 'Kony Dev', CURRENT_TIMESTAMP, CURRENT_TIMESTAMP, CURRENT_TIMESTAMP, 0);
INSERT INTO [konyadminconsole].[notification](Id, Name, Description, StartDate, ExpirationDate, Status_id, createdby, modifiedby, createdts, lastmodifiedts, synctimestamp, softdeleteflag) VALUES ('NID9', 'Balance - Account Balance', '<html><Body><p> Account Balance <br> Your Account balance is low</br> Maintain minimum balance to avoid penalty<br></p></body></html>', '2016-11-22', '2019-02-22', 'SID_EXPIRED', 'Kony User', 'Kony Dev', CURRENT_TIMESTAMP, CURRENT_TIMESTAMP, CURRENT_TIMESTAMP, 0);
INSERT INTO [konyadminconsole].[outagemessage](id, Channel_id, Service_id, Status_id, MessageText, createdby, modifiedby, createdts, lastmodifiedts, synctimestamp, softdeleteflag) VALUES ('OUT_MSG_1', 'CH_ID_MOB', 'SERVICE_ID_2', 'SID_ACTIVE', 'The service to transfer to accounts in other Banks or Credit Unions will not be available on 10th January, 2018 from 00:00:00 PST to 02:00:00 PST for a scheduled maintenace. ', 'Kony User', 'Kony Dev', CURRENT_TIMESTAMP, CURRENT_TIMESTAMP, CURRENT_TIMESTAMP, 0);
INSERT INTO [konyadminconsole].[outagemessage](id, Channel_id, Service_id, Status_id, MessageText, createdby, modifiedby, createdts, lastmodifiedts, synctimestamp, softdeleteflag) VALUES ('OUT_MSG_2', 'CH_ID_MOB', 'SERVICE_ID_4', 'SID_ACTIVE', 'This service is currently unavailable and we are working on making this live soon. Inconvinience is regretted.', 'Kony User', 'Kony Dev', CURRENT_TIMESTAMP, CURRENT_TIMESTAMP, CURRENT_TIMESTAMP, 0);
INSERT INTO [konyadminconsole].[outagemessage](id, Channel_id, Service_id, Status_id, MessageText, createdby, modifiedby, createdts, lastmodifiedts, synctimestamp, softdeleteflag) VALUES ('OUT_MSG_3', 'CH_ID_MOB', 'SERVICE_ID_6', 'SID_ACTIVE', 'This service is currently unavailable due to a scheduled maintenance downtime and will be available on 12th January, 2018 at 02:00:00 PST. Inconvinience is regretted.', 'Kony User', 'Kony Dev', CURRENT_TIMESTAMP, CURRENT_TIMESTAMP, CURRENT_TIMESTAMP, 0);
INSERT INTO [konyadminconsole].[period](id, Name, DayCount, [Order], Code, isEditable, createdby, modifiedby, createdts, lastmodifiedts, synctimestamp, softdeleteflag) VALUES ('P1', 'DAILY', 1, 1, 'DAILY', 0, null, null, null, null, null, 0);
INSERT INTO [konyadminconsole].[period](id, Name, DayCount, [Order], Code, isEditable, createdby, modifiedby, createdts, lastmodifiedts, synctimestamp, softdeleteflag) VALUES ('P2', 'WEEKLY', 7, 2, 'WEEKLY', 0, null, null, null, null, null, 0);
INSERT INTO [konyadminconsole].[period](id, Name, DayCount, [Order], Code, isEditable, createdby, modifiedby, createdts, lastmodifiedts, synctimestamp, softdeleteflag) VALUES ('P3', 'MONTHLY', 30, 3, 'MONTHLY', 0, null, null, null, null, null, 0);
INSERT INTO [konyadminconsole].[permission](id, Type_id, Status_id, DataType_id, Name, Description, PermissionValue, createdby, modifiedby, createdts, lastmodifiedts, synctimestamp, softdeleteflag) VALUES ('PID01', 'PER_TYPE_MEMBER', 'SID_ACTIVE', null, 'ViewDashboard', 'Permission to view the dashboard relevant to the user''s role', 'TRUE', 'Kony User', 'Kony Dev', CURRENT_TIMESTAMP, CURRENT_TIMESTAMP, CURRENT_TIMESTAMP, 0);
INSERT INTO [konyadminconsole].[permission](id, Type_id, Status_id, DataType_id, Name, Description, PermissionValue, createdby, modifiedby, createdts, lastmodifiedts, synctimestamp, softdeleteflag) VALUES ('PID02', 'PER_TYPE_MEMBER', 'SID_ACTIVE', null, 'ViewUser', 'Permission View and Search for Internal Users', 'TRUE', 'Kony User', 'Kony Dev', CURRENT_TIMESTAMP, CURRENT_TIMESTAMP, CURRENT_TIMESTAMP, 0);
INSERT INTO [konyadminconsole].[permission](id, Type_id, Status_id, DataType_id, Name, Description, PermissionValue, createdby, modifiedby, createdts, lastmodifiedts, synctimestamp, softdeleteflag) VALUES ('PID03', 'PER_TYPE_MEMBER', 'SID_ACTIVE', null, 'UpdateMember', 'Permission to search for any member and update their details', 'TRUE', 'Kony User', 'Kony Dev', CURRENT_TIMESTAMP, CURRENT_TIMESTAMP, CURRENT_TIMESTAMP, 0);
INSERT INTO [konyadminconsole].[permission](id, Type_id, Status_id, DataType_id, Name, Description, PermissionValue, createdby, modifiedby, createdts, lastmodifiedts, synctimestamp, softdeleteflag) VALUES ('PID04', 'PER_TYPE_GROUP', 'SID_ACTIVE', null, 'CreateGroup', 'Permission to create a new Member Group', 'TRUE', 'Kony User', 'Kony Dev', CURRENT_TIMESTAMP, CURRENT_TIMESTAMP, CURRENT_TIMESTAMP, 0);
INSERT INTO [konyadminconsole].[permission](id, Type_id, Status_id, DataType_id, Name, Description, PermissionValue, createdby, modifiedby, createdts, lastmodifiedts, synctimestamp, softdeleteflag) VALUES ('PID05', 'PER_TYPE_GROUP', 'SID_ACTIVE', null, 'ViewGroup', 'Permission to view the list and details of Member Groups', 'TRUE', 'Kony User', 'Kony Dev', CURRENT_TIMESTAMP, CURRENT_TIMESTAMP, CURRENT_TIMESTAMP, 0);
INSERT INTO [konyadminconsole].[permission](id, Type_id, Status_id, DataType_id, Name, Description, PermissionValue, createdby, modifiedby, createdts, lastmodifiedts, synctimestamp, softdeleteflag) VALUES ('PID06', 'PER_TYPE_GROUP', 'SID_ACTIVE', null, 'ModifyGroupStatus', 'Permission to change the Active status of a Group', 'TRUE', 'Kony User', 'Kony Dev', CURRENT_TIMESTAMP, CURRENT_TIMESTAMP, CURRENT_TIMESTAMP, 0);
INSERT INTO [konyadminconsole].[permission](id, Type_id, Status_id, DataType_id, Name, Description, PermissionValue, createdby, modifiedby, createdts, lastmodifiedts, synctimestamp, softdeleteflag) VALUES ('PID07', 'PER_TYPE_GROUP', 'SID_ACTIVE', null, 'AssignMemberGroup', 'Permission to add members to a group. This deals mainly with going to a group', 'TRUE', 'Kony User', 'Kony Dev', CURRENT_TIMESTAMP, CURRENT_TIMESTAMP, CURRENT_TIMESTAMP, 0);
INSERT INTO [konyadminconsole].[permission](id, Type_id, Status_id, DataType_id, Name, Description, PermissionValue, createdby, modifiedby, createdts, lastmodifiedts, synctimestamp, softdeleteflag) VALUES ('PID08', 'PER_TYPE_GROUP', 'SID_ACTIVE', null, 'UpdateMemberGroup', 'Permission to update a member''s group (add and remove) from the member''s details page', 'TRUE', 'Kony User', 'Kony Dev', CURRENT_TIMESTAMP, CURRENT_TIMESTAMP, CURRENT_TIMESTAMP, 0);
INSERT INTO [konyadminconsole].[permission](id, Type_id, Status_id, DataType_id, Name, Description, PermissionValue, createdby, modifiedby, createdts, lastmodifiedts, synctimestamp, softdeleteflag) VALUES ('PID09', 'PER_TYPE_MEMBER', 'SID_ACTIVE', null, 'ViewMember', 'Permission to search for a member and view his details', 'TRUE', 'Kony User', 'Kony Dev', CURRENT_TIMESTAMP, CURRENT_TIMESTAMP, CURRENT_TIMESTAMP, 0);
INSERT INTO [konyadminconsole].[permission](id, Type_id, Status_id, DataType_id, Name, Description, PermissionValue, createdby, modifiedby, createdts, lastmodifiedts, synctimestamp, softdeleteflag) VALUES ('PID10', 'PER_TYPE_MEMBER', 'SID_ACTIVE', null, 'UpdateMemberContact', 'Permission to update a selected member''s contact details', 'TRUE', 'Kony User', 'Kony Dev', CURRENT_TIMESTAMP, CURRENT_TIMESTAMP, CURRENT_TIMESTAMP, 0);
INSERT INTO [konyadminconsole].[permission](id, Type_id, Status_id, DataType_id, Name, Description, PermissionValue, createdby, modifiedby, createdts, lastmodifiedts, synctimestamp, softdeleteflag) VALUES ('PID11', 'PER_TYPE_MEMBER', 'SID_ACTIVE', null, 'UpdateMemberDevice', 'Permission to manage a selected member''s devices for OLB and MB', 'TRUE', 'Kony User', 'Kony Dev', CURRENT_TIMESTAMP, CURRENT_TIMESTAMP, CURRENT_TIMESTAMP, 0);
INSERT INTO [konyadminconsole].[permission](id, Type_id, Status_id, DataType_id, Name, Description, PermissionValue, createdby, modifiedby, createdts, lastmodifiedts, synctimestamp, softdeleteflag) VALUES ('PID12', 'PER_TYPE_MEMBER', 'SID_ACTIVE', null, 'UpdateMemberEntitlements', 'Permission to add new entitlements for a selected member', 'TRUE', 'Kony User', 'Kony Dev', CURRENT_TIMESTAMP, CURRENT_TIMESTAMP, CURRENT_TIMESTAMP, 0);
INSERT INTO [konyadminconsole].[permission](id, Type_id, Status_id, DataType_id, Name, Description, PermissionValue, createdby, modifiedby, createdts, lastmodifiedts, synctimestamp, softdeleteflag) VALUES ('PID13', 'PER_TYPE_GROUP', 'SID_ACTIVE', null, 'CreateUpdateGroupEntitlements', 'Permission to assign a service to a group', 'TRUE', 'Kony User', 'Kony Dev', CURRENT_TIMESTAMP, CURRENT_TIMESTAMP, CURRENT_TIMESTAMP, 0);
INSERT INTO [konyadminconsole].[permission](id, Type_id, Status_id, DataType_id, Name, Description, PermissionValue, createdby, modifiedby, createdts, lastmodifiedts, synctimestamp, softdeleteflag) VALUES ('PID14', 'PER_TYPE_ROLE', 'SID_ACTIVE', null, 'ViewRoles', 'Permission to view the list of roles and their details', 'TRUE', 'Kony User', 'Kony Dev', CURRENT_TIMESTAMP, CURRENT_TIMESTAMP, CURRENT_TIMESTAMP, 0);
INSERT INTO [konyadminconsole].[permission](id, Type_id, Status_id, DataType_id, Name, Description, PermissionValue, createdby, modifiedby, createdts, lastmodifiedts, synctimestamp, softdeleteflag) VALUES ('PID15', 'PER_TYPE_ROLE', 'SID_ACTIVE', null, 'CreateRoles', 'Permission to create a new Role', 'TRUE', 'Kony User', 'Kony Dev', CURRENT_TIMESTAMP, CURRENT_TIMESTAMP, CURRENT_TIMESTAMP, 0);
INSERT INTO [konyadminconsole].[permission](id, Type_id, Status_id, DataType_id, Name, Description, PermissionValue, createdby, modifiedby, createdts, lastmodifiedts, synctimestamp, softdeleteflag) VALUES ('PID16', 'PER_TYPE_ROLE', 'SID_ACTIVE', null, 'UpdateRoles', 'Permission to change the users and permissions assigned to a role', 'TRUE', 'Kony User', 'Kony Dev', CURRENT_TIMESTAMP, CURRENT_TIMESTAMP, CURRENT_TIMESTAMP, 0);
INSERT INTO [konyadminconsole].[permission](id, Type_id, Status_id, DataType_id, Name, Description, PermissionValue, createdby, modifiedby, createdts, lastmodifiedts, synctimestamp, softdeleteflag) VALUES ('PID17', 'PER_TYPE_ROLE', 'SID_ACTIVE', null, 'ModifyRoleStatus', 'Permission to change the Active status of a Role', 'TRUE', 'Kony User', 'Kony Dev', CURRENT_TIMESTAMP, CURRENT_TIMESTAMP, CURRENT_TIMESTAMP, 0);
INSERT INTO [konyadminconsole].[permission](id, Type_id, Status_id, DataType_id, Name, Description, PermissionValue, createdby, modifiedby, createdts, lastmodifiedts, synctimestamp, softdeleteflag) VALUES ('PID18', 'PER_TYPE_PERMISSION', 'SID_ACTIVE', null, 'ViewPermissions', 'Permission to view the list of permissions', 'TRUE', 'Kony User', 'Kony Dev', CURRENT_TIMESTAMP, CURRENT_TIMESTAMP, CURRENT_TIMESTAMP, 0);
INSERT INTO [konyadminconsole].[permission](id, Type_id, Status_id, DataType_id, Name, Description, PermissionValue, createdby, modifiedby, createdts, lastmodifiedts, synctimestamp, softdeleteflag) VALUES ('PID19', 'PER_TYPE_PERMISSION', 'SID_ACTIVE', null, 'CreatePermission', 'Permission to create a new Permission', 'TRUE', 'Kony User', 'Kony Dev', CURRENT_TIMESTAMP, CURRENT_TIMESTAMP, CURRENT_TIMESTAMP, 0);
INSERT INTO [konyadminconsole].[permission](id, Type_id, Status_id, DataType_id, Name, Description, PermissionValue, createdby, modifiedby, createdts, lastmodifiedts, synctimestamp, softdeleteflag) VALUES ('PID20', 'PER_TYPE_PERMISSION', 'SID_ACTIVE', null, 'UpdatePermission', 'Permission to update an existing permission', 'TRUE', 'Kony User', 'Kony Dev', CURRENT_TIMESTAMP, CURRENT_TIMESTAMP, CURRENT_TIMESTAMP, 0);
INSERT INTO [konyadminconsole].[permission](id, Type_id, Status_id, DataType_id, Name, Description, PermissionValue, createdby, modifiedby, createdts, lastmodifiedts, synctimestamp, softdeleteflag) VALUES ('PID21', 'PER_TYPE_PERMISSION', 'SID_ACTIVE', null, 'ModifyPermissionStatus', 'Permission to change the Active status of a Permission', 'TRUE', 'Kony User', 'Kony Dev', CURRENT_TIMESTAMP, CURRENT_TIMESTAMP, CURRENT_TIMESTAMP, 0);
INSERT INTO [konyadminconsole].[permission](id, Type_id, Status_id, DataType_id, Name, Description, PermissionValue, createdby, modifiedby, createdts, lastmodifiedts, synctimestamp, softdeleteflag) VALUES ('PID22', 'PER_TYPE_USER', 'SID_ACTIVE', null, 'CreateUser', 'Permission to create a new internal user', 'TRUE', 'Kony User', 'Kony Dev', CURRENT_TIMESTAMP, CURRENT_TIMESTAMP, CURRENT_TIMESTAMP, 0);
INSERT INTO [konyadminconsole].[permission](id, Type_id, Status_id, DataType_id, Name, Description, PermissionValue, createdby, modifiedby, createdts, lastmodifiedts, synctimestamp, softdeleteflag) VALUES ('PID23', 'PER_TYPE_ROLE', 'SID_ACTIVE', null, 'AssignUsers', 'Permission to assign users to a role', 'TRUE', 'Kony User', 'Kony Dev', CURRENT_TIMESTAMP, CURRENT_TIMESTAMP, CURRENT_TIMESTAMP, 0);
INSERT INTO [konyadminconsole].[permission](id, Type_id, Status_id, DataType_id, Name, Description, PermissionValue, createdby, modifiedby, createdts, lastmodifiedts, synctimestamp, softdeleteflag) VALUES ('PID24', 'PER_TYPE_USER', 'SID_ACTIVE', null, 'AssignUserRole', 'Permission to assign a role to a user', 'TRUE', 'Kony User', 'Kony Dev', CURRENT_TIMESTAMP, CURRENT_TIMESTAMP, CURRENT_TIMESTAMP, 0);
INSERT INTO [konyadminconsole].[permission](id, Type_id, Status_id, DataType_id, Name, Description, PermissionValue, createdby, modifiedby, createdts, lastmodifiedts, synctimestamp, softdeleteflag) VALUES ('PID25', 'PER_TYPE_USER', 'SID_ACTIVE', null, 'AssignUserPermission', 'Permission to assign an explicit permission to a user', 'TRUE', 'Kony User', 'Kony Dev', CURRENT_TIMESTAMP, CURRENT_TIMESTAMP, CURRENT_TIMESTAMP, 0);
INSERT INTO [konyadminconsole].[permission](id, Type_id, Status_id, DataType_id, Name, Description, PermissionValue, createdby, modifiedby, createdts, lastmodifiedts, synctimestamp, softdeleteflag) VALUES ('PID26', 'PER_TYPE_USER', 'SID_ACTIVE', null, 'ModifyUserStatus', 'Permission to change the Active status of a user', 'TRUE', 'Kony User', 'Kony Dev', CURRENT_TIMESTAMP, CURRENT_TIMESTAMP, CURRENT_TIMESTAMP, 0);
INSERT INTO [konyadminconsole].[permission](id, Type_id, Status_id, DataType_id, Name, Description, PermissionValue, createdby, modifiedby, createdts, lastmodifiedts, synctimestamp, softdeleteflag) VALUES ('PID27', 'PER_TYPE_SERVICE', 'SID_ACTIVE', null, 'CreateService', 'Permission to create a new service', 'TRUE', 'Kony User', 'Kony Dev', CURRENT_TIMESTAMP, CURRENT_TIMESTAMP, CURRENT_TIMESTAMP, 0);
INSERT INTO [konyadminconsole].[permission](id, Type_id, Status_id, DataType_id, Name, Description, PermissionValue, createdby, modifiedby, createdts, lastmodifiedts, synctimestamp, softdeleteflag) VALUES ('PID28', 'PER_TYPE_SERVICE', 'SID_ACTIVE', null, 'UpdateServiceDesc', 'Permission to make changes to an existing service Description', 'TRUE', 'Kony User', 'Kony Dev', CURRENT_TIMESTAMP, CURRENT_TIMESTAMP, CURRENT_TIMESTAMP, 0);
INSERT INTO [konyadminconsole].[permission](id, Type_id, Status_id, DataType_id, Name, Description, PermissionValue, createdby, modifiedby, createdts, lastmodifiedts, synctimestamp, softdeleteflag) VALUES ('PID29', 'PER_TYPE_SERVICE', 'SID_ACTIVE', null, 'UpdateServiceLimitsFee', 'Permission to update the limits and fees for a service', 'TRUE', 'Kony User', 'Kony Dev', CURRENT_TIMESTAMP, CURRENT_TIMESTAMP, CURRENT_TIMESTAMP, 0);
INSERT INTO [konyadminconsole].[permission](id, Type_id, Status_id, DataType_id, Name, Description, PermissionValue, createdby, modifiedby, createdts, lastmodifiedts, synctimestamp, softdeleteflag) VALUES ('PID30', 'PER_TYPE_SERVICE', 'SID_ACTIVE', null, 'ModifyServiceStatus', 'Permission to change the active status of a service', 'TRUE', 'Kony User', 'Kony Dev', CURRENT_TIMESTAMP, CURRENT_TIMESTAMP, CURRENT_TIMESTAMP, 0);
INSERT INTO [konyadminconsole].[permission](id, Type_id, Status_id, DataType_id, Name, Description, PermissionValue, createdby, modifiedby, createdts, lastmodifiedts, synctimestamp, softdeleteflag) VALUES ('PID31', 'PER_TYPE_APP_CONTENT', 'SID_ACTIVE', null, 'CreateAppContent', 'Permission to create the content in the following sections: 1. Terms and Conditions 2. Privacy Policy 3. Outage Message 4. FAQ 5. Locations 6. Customer Care 7. Products 8. List of Banks for Transfers', 'TRUE', 'Kony User', 'Kony Dev', CURRENT_TIMESTAMP, CURRENT_TIMESTAMP, CURRENT_TIMESTAMP, 0);
INSERT INTO [konyadminconsole].[permission](id, Type_id, Status_id, DataType_id, Name, Description, PermissionValue, createdby, modifiedby, createdts, lastmodifiedts, synctimestamp, softdeleteflag) VALUES ('PID32', 'PER_TYPE_APP_CONTENT', 'SID_ACTIVE', null, 'UpdateAppContent', 'Permission to update the content in the following sections: 1. Terms and Conditions 2. Privacy Policy 3. Outage Message 4. FAQ 5. Locations 6. Customer Care 7. Products 8. List of Banks for Transfers', 'TRUE', 'Kony User', 'Kony Dev', CURRENT_TIMESTAMP, CURRENT_TIMESTAMP, CURRENT_TIMESTAMP, 0);
INSERT INTO [konyadminconsole].[permission](id, Type_id, Status_id, DataType_id, Name, Description, PermissionValue, createdby, modifiedby, createdts, lastmodifiedts, synctimestamp, softdeleteflag) VALUES ('PID33', 'PER_TYPE_APP_CONTENT', 'SID_ACTIVE', null, 'ViewAppContent', 'Permission to view the content in the following sections: 1. Terms and Conditions 2. Privacy Policy 3. Outage Message 4. FAQ 5. Locations 6. Customer Care 7. Products 8. List of Banks for Transfers', 'TRUE', 'Kony User', 'Kony Dev', CURRENT_TIMESTAMP, CURRENT_TIMESTAMP, CURRENT_TIMESTAMP, 0);
INSERT INTO [konyadminconsole].[permission](id, Type_id, Status_id, DataType_id, Name, Description, PermissionValue, createdby, modifiedby, createdts, lastmodifiedts, synctimestamp, softdeleteflag) VALUES ('PID34', 'PER_TYPE_APP_CONTENT', 'SID_ACTIVE', null, 'ModifyAppContentStatus', 'Permission to view the content in the following sections: 1. Terms and Conditions 2. Privacy Policy 3. Outage Message 4. FAQ 5. Locations 6. Customer Care 7. Products 8. List of Banks for Transfers', 'TRUE', 'Kony User', 'Kony Dev', CURRENT_TIMESTAMP, CURRENT_TIMESTAMP, CURRENT_TIMESTAMP, 0);
INSERT INTO [konyadminconsole].[permission](id, Type_id, Status_id, DataType_id, Name, Description, PermissionValue, createdby, modifiedby, createdts, lastmodifiedts, synctimestamp, softdeleteflag) VALUES ('PID35', 'PER_TYPE_MESSAGES', 'SID_ACTIVE', null, 'ViewMessages', 'Permission to view the Messages section (CSR Portal) and all its content', 'TRUE', 'Kony User', 'Kony Dev', CURRENT_TIMESTAMP, CURRENT_TIMESTAMP, CURRENT_TIMESTAMP, 0);
INSERT INTO [konyadminconsole].[permission](id, Type_id, Status_id, DataType_id, Name, Description, PermissionValue, createdby, modifiedby, createdts, lastmodifiedts, synctimestamp, softdeleteflag) VALUES ('PID36', 'PER_TYPE_MESSAGES', 'SID_ACTIVE', null, 'UpdateMessages', 'Permission to use all the actions in the messages (CSR Portal)section', 'TRUE', 'Kony User', 'Kony Dev', CURRENT_TIMESTAMP, CURRENT_TIMESTAMP, CURRENT_TIMESTAMP, 0);
INSERT INTO [konyadminconsole].[permission](id, Type_id, Status_id, DataType_id, Name, Description, PermissionValue, createdby, modifiedby, createdts, lastmodifiedts, synctimestamp, softdeleteflag) VALUES ('PID37', 'PER_TYPE_MESSAGES', 'SID_ACTIVE', null, 'CreateMessageTemplate', 'Permission to create a new Message Template', 'TRUE', 'Kony User', 'Kony Dev', CURRENT_TIMESTAMP, CURRENT_TIMESTAMP, CURRENT_TIMESTAMP, 0);
INSERT INTO [konyadminconsole].[permission](id, Type_id, Status_id, DataType_id, Name, Description, PermissionValue, createdby, modifiedby, createdts, lastmodifiedts, synctimestamp, softdeleteflag) VALUES ('PID38', 'PER_TYPE_MESSAGES', 'SID_ACTIVE', null, 'UpdateMessageTemplate', 'Permission to Edit and Delete the message template', 'TRUE', 'Kony User', 'Kony Dev', CURRENT_TIMESTAMP, CURRENT_TIMESTAMP, CURRENT_TIMESTAMP, 0);
INSERT INTO [konyadminconsole].[permission](id, Type_id, Status_id, DataType_id, Name, Description, PermissionValue, createdby, modifiedby, createdts, lastmodifiedts, synctimestamp, softdeleteflag) VALUES ('PID39', 'PER_TYPE_AUTH', 'SID_ACTIVE', null, 'ChangePassword', 'Permission to update the password for their own profiles', 'TRUE', 'Kony User', 'Kony Dev', CURRENT_TIMESTAMP, CURRENT_TIMESTAMP, CURRENT_TIMESTAMP, 0);
INSERT INTO [konyadminconsole].[permission](id, Type_id, Status_id, DataType_id, Name, Description, PermissionValue, createdby, modifiedby, createdts, lastmodifiedts, synctimestamp, softdeleteflag) VALUES ('PID40', 'PER_TYPE_USER', 'SID_ACTIVE', null, 'UpdateUser', 'To Edit Internal User details', 'TRUE', 'Kony User', 'Kony Dev', CURRENT_TIMESTAMP, CURRENT_TIMESTAMP, CURRENT_TIMESTAMP, 0);
INSERT INTO [konyadminconsole].[permission](id, Type_id, Status_id, DataType_id, Name, Description, PermissionValue, createdby, modifiedby, createdts, lastmodifiedts, synctimestamp, softdeleteflag) VALUES ('PID41', 'PER_TYPE_MEMBER', 'SID_ACTIVE', null, 'CreateMember', 'To Create a new member - by uploading/importing CSV', 'TRUE', 'Kony User', 'Kony Dev', CURRENT_TIMESTAMP, CURRENT_TIMESTAMP, CURRENT_TIMESTAMP, 0);
INSERT INTO [konyadminconsole].[permission](id, Type_id, Status_id, DataType_id, Name, Description, PermissionValue, createdby, modifiedby, createdts, lastmodifiedts, synctimestamp, softdeleteflag) VALUES ('PID42', 'PER_TYPE_ROLE', 'SID_ACTIVE', null, 'AssignRolePermissions', 'To Assign Permission to a Role', 'TRUE', 'Kony User', 'Kony Dev', CURRENT_TIMESTAMP, CURRENT_TIMESTAMP, CURRENT_TIMESTAMP, 0);
INSERT INTO [konyadminconsole].[permission](id, Type_id, Status_id, DataType_id, Name, Description, PermissionValue, createdby, modifiedby, createdts, lastmodifiedts, synctimestamp, softdeleteflag) VALUES ('PID43', 'PER_TYPE_GROUP', 'SID_ACTIVE', null, 'UpdateGroup', 'To edit group details like name', 'TRUE', 'Kony User', 'Kony Dev', CURRENT_TIMESTAMP, CURRENT_TIMESTAMP, CURRENT_TIMESTAMP, 0);
INSERT INTO [konyadminconsole].[permission](id, Type_id, Status_id, DataType_id, Name, Description, PermissionValue, createdby, modifiedby, createdts, lastmodifiedts, synctimestamp, softdeleteflag) VALUES ('PID44', 'PER_TYPE_SERVICE', 'SID_ACTIVE', null, 'ViewEntitlement', 'To view list of Services', 'TRUE', 'Kony User', 'Kony Dev', CURRENT_TIMESTAMP, CURRENT_TIMESTAMP, CURRENT_TIMESTAMP, 0);
INSERT INTO [konyadminconsole].[permission](id, Type_id, Status_id, DataType_id, Name, Description, PermissionValue, createdby, modifiedby, createdts, lastmodifiedts, synctimestamp, softdeleteflag) VALUES ('PID45', 'PER_TYPE_CUSTOMER', 'SID_ACTIVE', null, 'CSRAssist', 'To use the CSR Assist functionality for a selected customer/member', 'TRUE', 'Kony User', 'Kony Dev', CURRENT_TIMESTAMP, CURRENT_TIMESTAMP, CURRENT_TIMESTAMP, 0);
INSERT INTO [konyadminconsole].[permission](id, Type_id, Status_id, DataType_id, Name, Description, PermissionValue, createdby, modifiedby, createdts, lastmodifiedts, synctimestamp, softdeleteflag) VALUES ('PID46', 'PER_TYPE_ALERT', 'SID_ACTIVE', null, 'ViewAlerts', 'To view the alerts and alert types available in the system', 'TRUE', 'Kony User', 'Kony Dev', CURRENT_TIMESTAMP, CURRENT_TIMESTAMP, CURRENT_TIMESTAMP, 0);
INSERT INTO [konyadminconsole].[permission](id, Type_id, Status_id, DataType_id, Name, Description, PermissionValue, createdby, modifiedby, createdts, lastmodifiedts, synctimestamp, softdeleteflag) VALUES ('PID47', 'PER_TYPE_ALERT', 'SID_ACTIVE', null, 'UpdateAlerts', 'To edit alerts and alert types name, description, status, etc', 'TRUE', 'Kony User', 'Kony Dev', CURRENT_TIMESTAMP, CURRENT_TIMESTAMP, CURRENT_TIMESTAMP, 0);
INSERT INTO [konyadminconsole].[permission](id, Type_id, Status_id, DataType_id, Name, Description, PermissionValue, createdby, modifiedby, createdts, lastmodifiedts, synctimestamp, softdeleteflag) VALUES ('PID48', 'PER_TYPE_ALERT', 'SID_ACTIVE', null, 'CreateAlerts', 'To create new alert and alert types', 'TRUE', 'Kony User', 'Kony Dev', CURRENT_TIMESTAMP, CURRENT_TIMESTAMP, CURRENT_TIMESTAMP, 0);
INSERT INTO [konyadminconsole].[permission](id, Type_id, Status_id, DataType_id, Name, Description, PermissionValue, createdby, modifiedby, createdts, lastmodifiedts, synctimestamp, softdeleteflag) VALUES ('PID49', 'PER_TYPE_REPORTSANDLOGS', 'SID_ACTIVE', null, 'ViewLogs', 'To view all the logs available in the audit logs module of the admin console. If a user has this permission, he can also save log views. This Permission takes precedence over other log related permissions.', 'TRUE', 'Kony User', 'Kony Dev', CURRENT_TIMESTAMP, CURRENT_TIMESTAMP, CURRENT_TIMESTAMP, 0);
INSERT INTO [konyadminconsole].[permission](id, Type_id, Status_id, DataType_id, Name, Description, PermissionValue, createdby, modifiedby, createdts, lastmodifiedts, synctimestamp, softdeleteflag) VALUES ('PID50', 'PER_TYPE_REPORTSANDLOGS', 'SID_ACTIVE', null, 'ViewCustomerActivityLogs', 'To view only the Customer Activity Logs', 'TRUE', 'Kony User', 'Kony Dev', CURRENT_TIMESTAMP, CURRENT_TIMESTAMP, CURRENT_TIMESTAMP, 0);
INSERT INTO [konyadminconsole].[permission](id, Type_id, Status_id, DataType_id, Name, Description, PermissionValue, createdby, modifiedby, createdts, lastmodifiedts, synctimestamp, softdeleteflag) VALUES ('PID51', 'PER_TYPE_REPORTSANDLOGS', 'SID_ACTIVE', null, 'ViewTransactionLogs', 'To view only the Transaction Logs', 'TRUE', 'Kony User', 'Kony Dev', CURRENT_TIMESTAMP, CURRENT_TIMESTAMP, CURRENT_TIMESTAMP, 0);
INSERT INTO [konyadminconsole].[permission](id, Type_id, Status_id, DataType_id, Name, Description, PermissionValue, createdby, modifiedby, createdts, lastmodifiedts, synctimestamp, softdeleteflag) VALUES ('PID52', 'PER_TYPE_REPORTSANDLOGS', 'SID_ACTIVE', null, 'ViewAdminLogs', 'To view only the Admin user activity Logs', 'TRUE', 'Kony User', 'Kony Dev', CURRENT_TIMESTAMP, CURRENT_TIMESTAMP, CURRENT_TIMESTAMP, 0);
INSERT INTO [konyadminconsole].[permission](id, Type_id, Status_id, DataType_id, Name, Description, PermissionValue, createdby, modifiedby, createdts, lastmodifiedts, synctimestamp, softdeleteflag) VALUES ('PID53', 'PER_TYPE_REPORTSANDLOGS', 'SID_ACTIVE', null, 'ViewReports', 'To view all the reports available in the reports module of the admin console. This Permission takes precedence over other reports related permissions.', 'TRUE', 'Kony User', 'Kony Dev', CURRENT_TIMESTAMP, CURRENT_TIMESTAMP, CURRENT_TIMESTAMP, 0);
INSERT INTO [konyadminconsole].[permission](id, Type_id, Status_id, DataType_id, Name, Description, PermissionValue, createdby, modifiedby, createdts, lastmodifiedts, synctimestamp, softdeleteflag) VALUES ('PID54', 'PER_TYPE_REPORTSANDLOGS', 'SID_ACTIVE', null, 'ViewUserReports', 'To view user related reports', 'TRUE', 'Kony User', 'Kony Dev', CURRENT_TIMESTAMP, CURRENT_TIMESTAMP, CURRENT_TIMESTAMP, 0);
INSERT INTO [konyadminconsole].[permission](id, Type_id, Status_id, DataType_id, Name, Description, PermissionValue, createdby, modifiedby, createdts, lastmodifiedts, synctimestamp, softdeleteflag) VALUES ('PID55', 'PER_TYPE_REPORTSANDLOGS', 'SID_ACTIVE', null, 'ViewTransactionReports', 'To view Transaction reports', 'TRUE', 'Kony User', 'Kony Dev', CURRENT_TIMESTAMP, CURRENT_TIMESTAMP, CURRENT_TIMESTAMP, 0);
INSERT INTO [konyadminconsole].[permission](id, Type_id, Status_id, DataType_id, Name, Description, PermissionValue, createdby, modifiedby, createdts, lastmodifiedts, synctimestamp, softdeleteflag) VALUES ('PID56', 'PER_TYPE_REPORTSANDLOGS', 'SID_ACTIVE', null, 'ViewMessageReports', 'To view Messages Reports', 'TRUE', 'Kony User', 'Kony Dev', CURRENT_TIMESTAMP, CURRENT_TIMESTAMP, CURRENT_TIMESTAMP, 0);
INSERT INTO [konyadminconsole].[permission](id, Type_id, Status_id, DataType_id, Name, Description, PermissionValue, createdby, modifiedby, createdts, lastmodifiedts, synctimestamp, softdeleteflag) VALUES ('PID57', 'PER_TYPE_MESSAGES', 'SID_ACTIVE', null, 'CreateNewMessage', 'To create a new message thread. This permission does not affect the capability to reply to a message. It specifically refers the option to create a new message by clicking on the "Create New Message Button"', 'TRUE', 'Kony User', 'Kony Dev', CURRENT_TIMESTAMP, CURRENT_TIMESTAMP, CURRENT_TIMESTAMP, 0);
INSERT INTO [konyadminconsole].[permissiontype](id, Description, createdby, modifiedby, createdts, lastmodifiedts, synctimestamp, softdeleteflag) VALUES ('PER_TYPE_ALERT', 'Permission Type Alert', 'Kony User', 'Kony Dev', CURRENT_TIMESTAMP, CURRENT_TIMESTAMP, CURRENT_TIMESTAMP, 0);
INSERT INTO [konyadminconsole].[permissiontype](id, Description, createdby, modifiedby, createdts, lastmodifiedts, synctimestamp, softdeleteflag) VALUES ('PER_TYPE_APP_CONTENT', 'Permission Type App Content', 'Kony User', 'Kony Dev', CURRENT_TIMESTAMP, CURRENT_TIMESTAMP, CURRENT_TIMESTAMP, 0);
INSERT INTO [konyadminconsole].[permissiontype](id, Description, createdby, modifiedby, createdts, lastmodifiedts, synctimestamp, softdeleteflag) VALUES ('PER_TYPE_AUTH', 'Permission Type Auth', 'Kony User', 'Kony Dev', CURRENT_TIMESTAMP, CURRENT_TIMESTAMP, CURRENT_TIMESTAMP, 0);
INSERT INTO [konyadminconsole].[permissiontype](id, Description, createdby, modifiedby, createdts, lastmodifiedts, synctimestamp, softdeleteflag) VALUES ('PER_TYPE_CUSTOMER', 'Permission Type Customer', 'Kony User', 'Kony Dev', CURRENT_TIMESTAMP, CURRENT_TIMESTAMP, CURRENT_TIMESTAMP, 0);
INSERT INTO [konyadminconsole].[permissiontype](id, Description, createdby, modifiedby, createdts, lastmodifiedts, synctimestamp, softdeleteflag) VALUES ('PER_TYPE_GROUP', 'Permission Type Group', 'Kony User', 'Kony Dev', CURRENT_TIMESTAMP, CURRENT_TIMESTAMP, CURRENT_TIMESTAMP, 0);
INSERT INTO [konyadminconsole].[permissiontype](id, Description, createdby, modifiedby, createdts, lastmodifiedts, synctimestamp, softdeleteflag) VALUES ('PER_TYPE_MEMBER', 'Permission Type Member', 'Kony User', 'Kony Dev', CURRENT_TIMESTAMP, CURRENT_TIMESTAMP, CURRENT_TIMESTAMP, 0);
INSERT INTO [konyadminconsole].[permissiontype](id, Description, createdby, modifiedby, createdts, lastmodifiedts, synctimestamp, softdeleteflag) VALUES ('PER_TYPE_MESSAGES', 'Permission Type Messages', 'Kony User', 'Kony Dev', CURRENT_TIMESTAMP, CURRENT_TIMESTAMP, CURRENT_TIMESTAMP, 0);
INSERT INTO [konyadminconsole].[permissiontype](id, Description, createdby, modifiedby, createdts, lastmodifiedts, synctimestamp, softdeleteflag) VALUES ('PER_TYPE_PERMISSION', 'Permission Type Member', 'Kony User', 'Kony Dev', CURRENT_TIMESTAMP, CURRENT_TIMESTAMP, CURRENT_TIMESTAMP, 0);
INSERT INTO [konyadminconsole].[permissiontype](id, Description, createdby, modifiedby, createdts, lastmodifiedts, synctimestamp, softdeleteflag) VALUES ('PER_TYPE_REPORTSANDLOGS', 'Permission Type Reports & Logs', 'Kony User', 'Kony Dev', CURRENT_TIMESTAMP, CURRENT_TIMESTAMP, CURRENT_TIMESTAMP, 0);
INSERT INTO [konyadminconsole].[permissiontype](id, Description, createdby, modifiedby, createdts, lastmodifiedts, synctimestamp, softdeleteflag) VALUES ('PER_TYPE_ROLE', 'Permission Type Role', 'Kony User', 'Kony Dev', CURRENT_TIMESTAMP, CURRENT_TIMESTAMP, CURRENT_TIMESTAMP, 0);
INSERT INTO [konyadminconsole].[permissiontype](id, Description, createdby, modifiedby, createdts, lastmodifiedts, synctimestamp, softdeleteflag) VALUES ('PER_TYPE_SERVICE', 'Permission Type Service', 'Kony User', 'Kony Dev', CURRENT_TIMESTAMP, CURRENT_TIMESTAMP, CURRENT_TIMESTAMP, 0);
INSERT INTO [konyadminconsole].[permissiontype](id, Description, createdby, modifiedby, createdts, lastmodifiedts, synctimestamp, softdeleteflag) VALUES ('PER_TYPE_USER', 'Permission Type User', 'Kony User', 'Kony Dev', CURRENT_TIMESTAMP, CURRENT_TIMESTAMP, CURRENT_TIMESTAMP, 0);
INSERT INTO [konyadminconsole].[policies](id, PolicyName, PolicyDescription, createdby, modifiedby, createdts, lastmodifiedts, lastsynctimestamp, softdeleteflag) VALUES ('POLID1', 'Username Policy for End Customers', '<ul><li>From 8 to 24 characters.</li>  <li>No spaces or special characters allowed except period ''.''</li>  <li>Can be alpha-numeric(a-z,A-Z,0-9).</li>  <li>Should Start with an alphabet or digit.</li>  <li>Username is not case-sensitive.</li>  <li>Period ''.'' cannot be used more than once.</li></ul>', 'Kony User', '', CURRENT_TIMESTAMP, CURRENT_TIMESTAMP, CURRENT_TIMESTAMP, 0);
INSERT INTO [konyadminconsole].[policies](id, PolicyName, PolicyDescription, createdby, modifiedby, createdts, lastmodifiedts, lastsynctimestamp, softdeleteflag) VALUES ('POLID2', 'Password Policy for End Customers', '<ul><li>Should contain 8-20 characters.</li>  <li>No spaces allowed.</li>  <li>Should be a combination of alpha-numeric (a-z, A-Z, 0-9) and special characters.</li>  <li>Special characters allowed: ! # $ % ( ) * @ + - _ [ ] ? / ^  ; { } = ,</li>  <li>It should not be 9 consecutive digits</li>  <li>Should not be same as username.</li></ul>', 'Kony User', 'Kony Dev', CURRENT_TIMESTAMP, CURRENT_TIMESTAMP, CURRENT_TIMESTAMP, 0);
INSERT INTO [konyadminconsole].[policies](id, PolicyName, PolicyDescription, createdby, modifiedby, createdts, lastmodifiedts, lastsynctimestamp, softdeleteflag) VALUES ('POLID3', 'Username Policy for Internal Users', '8-15 characters<br>No special characters<br>Case sensitive<br>a-z, A-Z, 0-9<br> ', 'Kony User', 'Kony Dev', CURRENT_TIMESTAMP, CURRENT_TIMESTAMP, CURRENT_TIMESTAMP, 0);
INSERT INTO [konyadminconsole].[policies](id, PolicyName, PolicyDescription, createdby, modifiedby, createdts, lastmodifiedts, lastsynctimestamp, softdeleteflag) VALUES ('POLID4', 'Password Policy for Internal User', 'Combination of digits and alphabets<br>Space not allowed. All other special characters are allowed<br>You cannot choose your username as your password.<br> ', 'Kony User', 'Kony Dev', CURRENT_TIMESTAMP, CURRENT_TIMESTAMP, CURRENT_TIMESTAMP, 0);
INSERT INTO [konyadminconsole].[privacypolicy](id, Channel_id, Status_id, Description, createdby, modifiedby, createdts, lastmodifiedts, synctimestamp, softdeleteflag) VALUES ('PRIV_POL_ID1', null, 'SID_ACTIVE', ' <p style="text-align: justify;"><i><font face="Calibri" size="3" style="">At Kony Bank, the safeguarding of your account information is our top priority.&nbsp;</font><span style="font-family: Calibri; font-size: medium;">We strive to keep our members informed on current security issues, as well as providing the tools to help protect yourself. Please check back periodically to view new information as it becomes available.</span></i></p><p><b><font face="Calibri" size="3">Your account security</font></b></p><p><font face="Calibri" size="3">We protect your online <b>security</b>. Keeping financial and personal information about you secure and confidential is one of our most important responsibilities. Our systems are protected, so information remains secure.</font></p><p><span><span><font face="Calibri" size="3">1. </font></span></span><font face="Calibri" size="3">Computer virus protection detects and prevents computer viruses from entering our computer network systems.</font></p><p><span><span><font face="Calibri" size="3">2.</font><span> </span></span></span><font face="Calibri" size="3">Firewalls block unauthorized access by individuals or networks. Firewalls are just one way we protect our computer network systems that interact with the Internet.</font></p><p><span><span><font face="Calibri" size="3">3.</font><span> </span></span></span><font face="Calibri" size="3">Secure transmissions ensure information remains confidential. Kony Bank uses encryption technology such as Secure Socket Layer (SSL) on its Web sites to securely transmit information between you and the credit union.</font></p><p><span><span><font face="Calibri" size="3">4.</font><span> </span></span></span><font face="Calibri" size="3">Send secure e-mail to almost any department in the credit union through the Contact Us section. Because an Internet e-mail response back to you may not be secure, we will not include confidential account information in an e-mail response. In addition, you will never be asked for confidential information, such as passwords or PINs, through e-mail. Besides e-mail, you can contact us by phone or visiting any branch.</font></p><p><span><span><font face="Calibri" size="3">5.</font><span> </span></span></span><font face="Calibri" size="3">Regular evaluations of our security features and continuous research of new advances in security technology ensure that your personal information is protected.</font></p>', 'Kony User', 'UID11', CURRENT_TIMESTAMP, CURRENT_TIMESTAMP, CURRENT_TIMESTAMP, 0);
INSERT INTO [konyadminconsole].[product](id, Type_id, ProductCode, Name, Status_id, ProductFeatures, ProductCharges, productDescription, AdditionalInformation, termsAndConditions, createdby, modifiedby, createdts, lastmodifiedts, synctimestamp, softdeleteflag) VALUES ('PRODUCT1', 'PRODUCT_TYPE1', '1', 'Club Savings Account', 'SID_PRO_ACTIVE', '<p>When you open a Savings Account, your initial $5.00 deposit initiates your membership benefits and makes you an owner, with annual voting privileges and access to favorable rates on loans and deposits. A Club Savings account is an additional savings account available to all existing members, and since it is not a membership account, there is no initial or minimum deposit amount. Many members use Club Savings to save for a special occasion, a holiday, or emergency expenses. </p>', '<ul><li>Minimum required deposit: None</li><li>Minimum monthly balance required: $5.00</li><li>Monthly service charges:None</li><li>Dividend pay: Compounded and paid monthly</li><li>Free online banking available: Yes</li></ul>', 'When you open a Savings Account, your initial $5.00 deposit initiates your membership benefits and makes you an owner, with annual voting privileges and access to favorable rates on loans and deposits. A Club Savings account is an additional savings account available to all existing members, and since it is not a membership account, there is no initial or minimum deposit amount. Many members use Club Savings to save for a special occasion, a holiday, or emergency expenses.', '<p>Federal regulations limit the number of transfers/withdrawals from a savings account to six per calendar month via fax, telephone, online, ACH, or overdraft. You may transfer/withdraw as often as you like in person, via mail or messenger, ATM, or to pay loan payments.</p><p>Fees could reduce earnings on accounts.</p>', '<p>This Agreement covers Kony New Account Opening &nbsp;services. "You" refers to the persons receiving the services provided under this Agreement. <strong>1. Enrolling in Online Banking</strong></p><ol><li>After you have reviewed this agreement, you can enroll in Online Banking by clicking on the "Accept" button. Please retain a copy of this Agreement for your records, either by printing a copy or saving a copy on your computer''s hard drive. Your clicking on the Accept button constitutes your consent to the terms of this Agreement and your acknowledgment that you have been able to retain a copy of this Agreement in paper or electronic form.</li><li>Bill Payer: Bill Payer requires an additional enrollment from within Online Banking.</li><li>Wire Transfers: Wire Transfers requires your acceptance of the Wire Transfer Agreement found at the Wire Transfer selection site. This service allows you to transfer funds via the Automated Clearinghouse (ACH) system from any of your accounts at any financial institution to any other account held by you or another person at the same or another financial institution.</li><li><strong> Account Review</strong> All enrollments in Online Banking, Bill Payer and External transfer Wire service are subject to Bank review and approval. Your accounts with the Bank must be in good standing. To use Bill Pay, you must have a Bank checking account. <strong>3. Other Governing Laws and Agreements</strong> Your use of Online Banking, Bill Payer or External Transfer Wire services to conduct transactions on your Bank accounts is also subject to the terms of your Bank Member Account Handbook, Master Membership Agreement and Schedule of Fees and Charges. Online Banking, Bill Payer and External Transfer Wire service are subject to applicable California and federal law, including but not limited to the Electronic Funds Transfer Act and Federal Reserve Regulation E. External transfer Wire service is also subject to the rules of the National Automated Clearing House Association (NACHA). If any provision of this Agreement is unenforceable, the remaining provisions will continue in effect. This Agreement will be given its reasonable meaning and not construed against either party. <strong>4. Required Equipment</strong> To use Online Banking, Bill Payer or External transfer Wire service, you will need the following: (a) Internet access; (b) a computer with modem and Internet browser that can support SSL and 128-bit encryption (Microsoft Internet Explorer 4.01 or later, Netscape Navigator/Communicator 4.51 or later, or AOL 3.0 or later, should support this level of encryption); and (c) access to a printer and/or other storage medium such as a hard drive for downloading information or printing disclosures. If these requirements change, we will notify you at least 21 days in advance. By clicking on the Accept button, you confirm that you have the equipment required to use Online Banking, Bill Payer and External transfer Wire service. <strong>5. Your Responsibility for Your Equipment</strong> You are solely responsible for installing, maintaining and operating your computer and your internet access. We will not be responsible for errors, deletions, failures, or damages of any kind that occur because of malfunctions of your computer, software or internet service. We will not be responsible for any virus that affects your computer or software while using our Online Banking, Bill Payer and or External Transfer Wire service. The warranties provided for Online Banking, Bill Payer and External Transfer WIREis limited to those expressly stated in this Agreement. <strong>6. Your Responsibility for Complying with This Agreement</strong> EWireowner of an account on which Online Banking and/or Bill Payer and/or External Transfer Wire service is established is responsible, jointly and individually, to meet the terms of this Agreement. These obligations continue until you notify us to terminate Online Banking and/or Bill Payer and/or External Transfer Wire service or we cancel your Online Banking, Bill Payer service or External Transfer Wire service for a reason permitted by law or this Agreement. EWireowner is responsible for all obligations incurred as a result of authorized use of Online Banking, Bill Payer or External Transfer Wire service until you or we terminate the service(s). Termination of Online Banking, Bill Payer or External Transfer Wire service will not relieve you of obligations incurred prior to termination. This obligation to the Bank will continue even if an owner is later relieved of the obligation by an agreement or court order to which we are not a party, such as a divorce decree. We are not subject to any agreement or court order to which we are not a party. No release from the obligations under this Agreement will be valid unless (a) in writing and signed by an authorized Bank employee or (b) pursuant to a court order in an action to which the Bank is a party. <strong>7. Security of Your Accounts</strong></li><li><strong>Your passcode:</strong>When you sign up for Online Banking, you will choose your own Access Identification Code (Access ID) and a Passcode. You will need both the Access ID and the Passcode to use the Service You are responsible for keeping your Access ID and Passcode secure. Refer to section 12 of this Agreement for information about your potential liability for unauthorized use of your accounts. Your Passcode is encrypted into our Online Banking database through Digital Insight. No person at Kony Bank or Digital Insight has access to your Passcode. No person at Kony Bank or Digital Insight is permitted to ask you for your Passcode. If any person requests your Passcode, please report the incident to us immediately. If you voluntarily give your Passcode to any person, you are authorizing that person to see any information and conduct any transaction on your accounts that you can see or conduct yourself. You are responsible for all transactions initiated by that person. That person''s authorization to see and use your accounts continues until you change your Passcode.</li><li><strong>Log-On Security:</strong>Your session will be automatically logged off if you have reached your current timeout period without activity. This is to reduce the risk of unauthorized use if you inadvertently leave your computer unattended with Online Banking open. When you return to your computer, you will be prompted to re-enter your Passcode, and your session will continue where you left off.</li><li><strong>Security Technology:</strong>(i) Online Banking uses Secure Socket Layer (SSL) encryption. The system will typically warn you if your Internet Browser does not have sufficient capacity to support our encryption system. If SSL is securing your communications with us, the appearance of a small padlock icon at the bottom of your screen should change to indicate this fact. (ii) The servers hosting Online Banking at Digital Insight have been certified by "Certificate Authority" to assure you that you are actually talking to Digital Insight instead of someone pretending to be Digital Insight. Depending on the age of your browser, you may see that "Certificate Authorities" have expired. If this happens, you must update it on your browser. Instructions for upgrading your browser are located in the Browser Update Link, which is located at the bottom of the Online Banking login page. (iii) Digital Insight will pass an encrypted cookie to your computer during your Online Banking sessions. These cookies do not collect any personal information about you. The cookies allow you to process several transactions without re-entering your Passcode for eWiretransaction. The cookie is destroyed when you log off of Online Banking, close your browser, or turn off your computer.</li><li><strong>Security Notices:</strong>In addition to the security features described above, there may be other security-related notices posted on our web site or Online Banking service from time to time. You are responsible for reading all security notices.</li><li><strong>No Security Warranty:</strong>Notwithstanding our efforts to ensure that Online Banking is secure, we cannot and do not warrant that either the Online Banking Home Banking system or data transmitted using the system will be free from monitoring or access by others.</li><li><strong> Privacy</strong> Please refer to the privacy statement on our website or to our printed privacy policy for full details of our policy on protecting your personal and financial information. With respect to your use of Online Banking, Bill Payer External transfer Wire service, we will disclose information about your accounts and the transfers you make to third parties (a) when necessary to complete transfers; (b) to verify the existence and condition of your account for a third party such as a credit bureau or merchant; (c) to comply with a governmental agency or court order; (d) if you give us written permission; (e) if necessary to fulfill agreements between us and our third party Online Banking, Bill Payer and External transfer Wire service providers; or (f) if it involves a claim by or against us in connection with a deposit to or withdrawal from your account.<br /> </li><li><strong> Termination</strong> We can discontinue any services we offer, including Online Banking, Bill Payer or External transfer Wire service. . We will notify you at least 21 days in advance if we do this. We can cancel your use of Online Banking, Bill Payer or External transfer Wire service without notice if you default on any term of any agreement you have with Kony Bank. If you close your Bank accounts, or if you have not used Online Banking for 6 consecutive months, Online Banking will be discontinued. You can ask to terminate Online Banking and/or Bill Payer and/or External transfer Wire service at any time by submitting a request by mail, in person, or by e-mail. Termination of your Online Banking, Bill Payer or External transfer Wire service will not relieve you of your liability with respect to any transactions processed before the service was terminated.<br /> </li><li><strong> Business Days</strong> Our business days are Monday through Friday, excluding federal holidays.<br /> </li><li><strong> Changes in Terms</strong> We can change the terms of this Agreement by giving you at least 21 days advance notice. A change in terms may include adding new terms, deleting existing terms, or changing existing terms. If you object to a change, you can avoid its application to your accounts by discontinuing the related service. If you have elected to receive Bank disclosures electronically, we will notify you by e-mail that the Change in Terms notice is available for you to pick up on our secure web site. Otherwise the change will be mailed to you. We can change terms without advance notice if (a) the change is not adverse to you, or (b) the change is necessary to maintain or restore the security of the Online Banking Home Banking system.<br /> </li><li><strong> Setoff, Attorney''s Fees and Collection Costs</strong> If your use of Online Banking, Bill Payer or External transfer Wire service results in your becoming indebted to us, and you do not pay what you owe upon our written demand, you agree that we can, unless prohibited by law or the account agreement, take funds in any Bank account in which you have an interest to recover all or part of what you owe without advance notice to you. Our exercising this right in the event of your default will not waive our right to use other lawful means to collect what you owe us. If we cannot recover what you owe from your other Bank accounts, you agree to pay reasonable collection costs we incur before we take legal action. If we take legal action to collect what you owe, you agree to pay our reasonable attorney''s fees and costs of suit in addition to any other remedy the court finds proper, whether the legal action is a collection lawsuit, a proceeding to protect our interests if you become a bankruptcy debtor, an action to enforce a judgment, an appeal, or another type of legal action.<br /> </li></ol><p>&nbsp;</p>', 'Kony User', 'Kony Dev', CURRENT_TIMESTAMP, CURRENT_TIMESTAMP, CURRENT_TIMESTAMP, 0);
INSERT INTO [konyadminconsole].[product](id, Type_id, ProductCode, Name, Status_id, ProductFeatures, ProductCharges, productDescription, AdditionalInformation, termsAndConditions, createdby, modifiedby, createdts, lastmodifiedts, synctimestamp, softdeleteflag) VALUES ('PRODUCT10', 'PRODUCT_TYPE4', '10', '12 Months Term CD', 'SID_PRO_ACTIVE', '<ul><li>Lower fees and higher deposit rates than those provided by traditional banks.</li><li>No additional deposit except at maturity.</li><li>Withdraw interest without penalty.</li><li>Dividends compounded and paid monthly. When you put your money into a Certificate of Deposit, you are able to choose from</li> <li>our many term options and earn a fixed rate of return it is a truly worry-free savings option.</li></ul>', '<ul><li>Annual Percentage Yield (APY): 1.00% depending on term and balance; Dividend Rate: 0.60%</li><li>Term: 12 months Minimum opening deposit: $1,000</li><li>Transaction limitations: No additional deposits until maturity</li></ul>', 'Lower fees and higher deposit rates than those provided by traditional banks.No additional deposit except at maturity.Withdraw interest without penalty.Dividends compounded and paid monthly. When you put your money into a Certificate of Deposit, you are able to choose from our many term options and earn a fixed rate of return it is a truly worry-free savings option.', '<p>Early withdrawal penalty applies. Balances are FDIC insured up to applicable limits. Automatically renews to another Featured CD/IRA with the same term at the then current interest rate. We send you a maturity notice prior to renewal.</p> ', '<p>This Agreement covers Kony New Account Opening &nbsp;services. "You" refers to the persons receiving the services provided under this Agreement. <strong>1. Enrolling in Online Banking</strong></p><ol><li>After you have reviewed this agreement, you can enroll in Online Banking by clicking on the "Accept" button. Please retain a copy of this Agreement for your records, either by printing a copy or saving a copy on your computer''s hard drive. Your clicking on the Accept button constitutes your consent to the terms of this Agreement and your acknowledgment that you have been able to retain a copy of this Agreement in paper or electronic form.</li><li>Bill Payer: Bill Payer requires an additional enrollment from within Online Banking.</li><li>Wire Transfers: Wire Transfers requires your acceptance of the Wire Transfer Agreement found at the Wire Transfer selection site. This service allows you to transfer funds via the Automated Clearinghouse (ACH) system from any of your accounts at any financial institution to any other account held by you or another person at the same or another financial institution.</li><li><strong> Account Review</strong> All enrollments in Online Banking, Bill Payer and External transfer Wire service are subject to Bank review and approval. Your accounts with the Bank must be in good standing. To use Bill Pay, you must have a Bank checking account. <strong>3. Other Governing Laws and Agreements</strong> Your use of Online Banking, Bill Payer or External Transfer Wire services to conduct transactions on your Bank accounts is also subject to the terms of your Bank Member Account Handbook, Master Membership Agreement and Schedule of Fees and Charges. Online Banking, Bill Payer and External Transfer Wire service are subject to applicable California and federal law, including but not limited to the Electronic Funds Transfer Act and Federal Reserve Regulation E. External transfer Wire service is also subject to the rules of the National Automated Clearing House Association (NACHA). If any provision of this Agreement is unenforceable, the remaining provisions will continue in effect. This Agreement will be given its reasonable meaning and not construed against either party. <strong>4. Required Equipment</strong> To use Online Banking, Bill Payer or External transfer Wire service, you will need the following: (a) Internet access; (b) a computer with modem and Internet browser that can support SSL and 128-bit encryption (Microsoft Internet Explorer 4.01 or later, Netscape Navigator/Communicator 4.51 or later, or AOL 3.0 or later, should support this level of encryption); and (c) access to a printer and/or other storage medium such as a hard drive for downloading information or printing disclosures. If these requirements change, we will notify you at least 21 days in advance. By clicking on the Accept button, you confirm that you have the equipment required to use Online Banking, Bill Payer and External transfer Wire service. <strong>5. Your Responsibility for Your Equipment</strong> You are solely responsible for installing, maintaining and operating your computer and your internet access. We will not be responsible for errors, deletions, failures, or damages of any kind that occur because of malfunctions of your computer, software or internet service. We will not be responsible for any virus that affects your computer or software while using our Online Banking, Bill Payer and or External Transfer Wire service. The warranties provided for Online Banking, Bill Payer and External Transfer WIREis limited to those expressly stated in this Agreement. <strong>6. Your Responsibility for Complying with This Agreement</strong> EWireowner of an account on which Online Banking and/or Bill Payer and/or External Transfer Wire service is established is responsible, jointly and individually, to meet the terms of this Agreement. These obligations continue until you notify us to terminate Online Banking and/or Bill Payer and/or External Transfer Wire service or we cancel your Online Banking, Bill Payer service or External Transfer Wire service for a reason permitted by law or this Agreement. EWireowner is responsible for all obligations incurred as a result of authorized use of Online Banking, Bill Payer or External Transfer Wire service until you or we terminate the service(s). Termination of Online Banking, Bill Payer or External Transfer Wire service will not relieve you of obligations incurred prior to termination. This obligation to the Bank will continue even if an owner is later relieved of the obligation by an agreement or court order to which we are not a party, such as a divorce decree. We are not subject to any agreement or court order to which we are not a party. No release from the obligations under this Agreement will be valid unless (a) in writing and signed by an authorized Bank employee or (b) pursuant to a court order in an action to which the Bank is a party. <strong>7. Security of Your Accounts</strong></li><li><strong>Your passcode:</strong>When you sign up for Online Banking, you will choose your own Access Identification Code (Access ID) and a Passcode. You will need both the Access ID and the Passcode to use the Service You are responsible for keeping your Access ID and Passcode secure. Refer to section 12 of this Agreement for information about your potential liability for unauthorized use of your accounts. Your Passcode is encrypted into our Online Banking database through Digital Insight. No person at Kony Bank or Digital Insight has access to your Passcode. No person at Kony Bank or Digital Insight is permitted to ask you for your Passcode. If any person requests your Passcode, please report the incident to us immediately. If you voluntarily give your Passcode to any person, you are authorizing that person to see any information and conduct any transaction on your accounts that you can see or conduct yourself. You are responsible for all transactions initiated by that person. That person''s authorization to see and use your accounts continues until you change your Passcode.</li><li><strong>Log-On Security:</strong>Your session will be automatically logged off if you have reached your current timeout period without activity. This is to reduce the risk of unauthorized use if you inadvertently leave your computer unattended with Online Banking open. When you return to your computer, you will be prompted to re-enter your Passcode, and your session will continue where you left off.</li><li><strong>Security Technology:</strong>(i) Online Banking uses Secure Socket Layer (SSL) encryption. The system will typically warn you if your Internet Browser does not have sufficient capacity to support our encryption system. If SSL is securing your communications with us, the appearance of a small padlock icon at the bottom of your screen should change to indicate this fact. (ii) The servers hosting Online Banking at Digital Insight have been certified by "Certificate Authority" to assure you that you are actually talking to Digital Insight instead of someone pretending to be Digital Insight. Depending on the age of your browser, you may see that "Certificate Authorities" have expired. If this happens, you must update it on your browser. Instructions for upgrading your browser are located in the Browser Update Link, which is located at the bottom of the Online Banking login page. (iii) Digital Insight will pass an encrypted cookie to your computer during your Online Banking sessions. These cookies do not collect any personal information about you. The cookies allow you to process several transactions without re-entering your Passcode for eWiretransaction. The cookie is destroyed when you log off of Online Banking, close your browser, or turn off your computer.</li><li><strong>Security Notices:</strong>In addition to the security features described above, there may be other security-related notices posted on our web site or Online Banking service from time to time. You are responsible for reading all security notices.</li><li><strong>No Security Warranty:</strong>Notwithstanding our efforts to ensure that Online Banking is secure, we cannot and do not warrant that either the Online Banking Home Banking system or data transmitted using the system will be free from monitoring or access by others.</li><li><strong> Privacy</strong> Please refer to the privacy statement on our website or to our printed privacy policy for full details of our policy on protecting your personal and financial information. With respect to your use of Online Banking, Bill Payer External transfer Wire service, we will disclose information about your accounts and the transfers you make to third parties (a) when necessary to complete transfers; (b) to verify the existence and condition of your account for a third party such as a credit bureau or merchant; (c) to comply with a governmental agency or court order; (d) if you give us written permission; (e) if necessary to fulfill agreements between us and our third party Online Banking, Bill Payer and External transfer Wire service providers; or (f) if it involves a claim by or against us in connection with a deposit to or withdrawal from your account.<br /> </li><li><strong> Termination</strong> We can discontinue any services we offer, including Online Banking, Bill Payer or External transfer Wire service. . We will notify you at least 21 days in advance if we do this. We can cancel your use of Online Banking, Bill Payer or External transfer Wire service without notice if you default on any term of any agreement you have with Kony Bank. If you close your Bank accounts, or if you have not used Online Banking for 6 consecutive months, Online Banking will be discontinued. You can ask to terminate Online Banking and/or Bill Payer and/or External transfer Wire service at any time by submitting a request by mail, in person, or by e-mail. Termination of your Online Banking, Bill Payer or External transfer Wire service will not relieve you of your liability with respect to any transactions processed before the service was terminated.<br /> </li><li><strong> Business Days</strong> Our business days are Monday through Friday, excluding federal holidays.<br /> </li><li><strong> Changes in Terms</strong> We can change the terms of this Agreement by giving you at least 21 days advance notice. A change in terms may include adding new terms, deleting existing terms, or changing existing terms. If you object to a change, you can avoid its application to your accounts by discontinuing the related service. If you have elected to receive Bank disclosures electronically, we will notify you by e-mail that the Change in Terms notice is available for you to pick up on our secure web site. Otherwise the change will be mailed to you. We can change terms without advance notice if (a) the change is not adverse to you, or (b) the change is necessary to maintain or restore the security of the Online Banking Home Banking system.<br /> </li><li><strong> Setoff, Attorney''s Fees and Collection Costs</strong> If your use of Online Banking, Bill Payer or External transfer Wire service results in your becoming indebted to us, and you do not pay what you owe upon our written demand, you agree that we can, unless prohibited by law or the account agreement, take funds in any Bank account in which you have an interest to recover all or part of what you owe without advance notice to you. Our exercising this right in the event of your default will not waive our right to use other lawful means to collect what you owe us. If we cannot recover what you owe from your other Bank accounts, you agree to pay reasonable collection costs we incur before we take legal action. If we take legal action to collect what you owe, you agree to pay our reasonable attorney''s fees and costs of suit in addition to any other remedy the court finds proper, whether the legal action is a collection lawsuit, a proceeding to protect our interests if you become a bankruptcy debtor, an action to enforce a judgment, an appeal, or another type of legal action.<br /> </li></ol><p>&nbsp;</p>', 'Kony User', 'Kony Dev', CURRENT_TIMESTAMP, CURRENT_TIMESTAMP, CURRENT_TIMESTAMP, 0);
INSERT INTO [konyadminconsole].[product](id, Type_id, ProductCode, Name, Status_id, ProductFeatures, ProductCharges, productDescription, AdditionalInformation, termsAndConditions, createdby, modifiedby, createdts, lastmodifiedts, synctimestamp, softdeleteflag) VALUES ('PRODUCT11', 'PRODUCT_TYPE4', '11', '18 Months Term CD', 'SID_PRO_ACTIVE', '<ul><li>Lower fees and higher deposit rates than those provided by traditional banks.</li><li>No additional deposit except at maturity.</li><li>Withdraw interest without penalty.</li><li>Dividends compounded and paid monthly. When you put your money into a Certificate of Deposit, you are able to choose from</li> <li>our many term options and earn a fixed rate of return it is a truly worry-free savings option.</li></ul>', '<ul><li>Annual Percentage Yield (APY): 1.50% depending on term and balance; Dividend Rate: 0.70%</li><li>Term: 18 months Minimum opening deposit: $5,000</li><li>Transaction limitations: No additional deposits until maturity</li></ul>', 'Lower fees and higher deposit rates than those provided by traditional banks.No additional deposit except at maturity.Withdraw interest without penalty.Dividends compounded and paid monthly. When you put your money into a Certificate of Deposit, you are able to choose from our many term options and earn a fixed rate of return it is a truly worry-free savings option.', '<p>Early withdrawal penalty applies. Balances are FDIC insured up to applicable limits. Automatically renews to another Featured CD/IRA with the same term at the then current interest rate. We send you a maturity notice prior to renewal.</p> ', '<p>This Agreement covers Kony New Account Opening &nbsp;services. "You" refers to the persons receiving the services provided under this Agreement. <strong>1. Enrolling in Online Banking</strong></p><ol><li>After you have reviewed this agreement, you can enroll in Online Banking by clicking on the "Accept" button. Please retain a copy of this Agreement for your records, either by printing a copy or saving a copy on your computer''s hard drive. Your clicking on the Accept button constitutes your consent to the terms of this Agreement and your acknowledgment that you have been able to retain a copy of this Agreement in paper or electronic form.</li><li>Bill Payer: Bill Payer requires an additional enrollment from within Online Banking.</li><li>Wire Transfers: Wire Transfers requires your acceptance of the Wire Transfer Agreement found at the Wire Transfer selection site. This service allows you to transfer funds via the Automated Clearinghouse (ACH) system from any of your accounts at any financial institution to any other account held by you or another person at the same or another financial institution.</li><li><strong> Account Review</strong> All enrollments in Online Banking, Bill Payer and External transfer Wire service are subject to Bank review and approval. Your accounts with the Bank must be in good standing. To use Bill Pay, you must have a Bank checking account. <strong>3. Other Governing Laws and Agreements</strong> Your use of Online Banking, Bill Payer or External Transfer Wire services to conduct transactions on your Bank accounts is also subject to the terms of your Bank Member Account Handbook, Master Membership Agreement and Schedule of Fees and Charges. Online Banking, Bill Payer and External Transfer Wire service are subject to applicable California and federal law, including but not limited to the Electronic Funds Transfer Act and Federal Reserve Regulation E. External transfer Wire service is also subject to the rules of the National Automated Clearing House Association (NACHA). If any provision of this Agreement is unenforceable, the remaining provisions will continue in effect. This Agreement will be given its reasonable meaning and not construed against either party. <strong>4. Required Equipment</strong> To use Online Banking, Bill Payer or External transfer Wire service, you will need the following: (a) Internet access; (b) a computer with modem and Internet browser that can support SSL and 128-bit encryption (Microsoft Internet Explorer 4.01 or later, Netscape Navigator/Communicator 4.51 or later, or AOL 3.0 or later, should support this level of encryption); and (c) access to a printer and/or other storage medium such as a hard drive for downloading information or printing disclosures. If these requirements change, we will notify you at least 21 days in advance. By clicking on the Accept button, you confirm that you have the equipment required to use Online Banking, Bill Payer and External transfer Wire service. <strong>5. Your Responsibility for Your Equipment</strong> You are solely responsible for installing, maintaining and operating your computer and your internet access. We will not be responsible for errors, deletions, failures, or damages of any kind that occur because of malfunctions of your computer, software or internet service. We will not be responsible for any virus that affects your computer or software while using our Online Banking, Bill Payer and or External Transfer Wire service. The warranties provided for Online Banking, Bill Payer and External Transfer WIREis limited to those expressly stated in this Agreement. <strong>6. Your Responsibility for Complying with This Agreement</strong> EWireowner of an account on which Online Banking and/or Bill Payer and/or External Transfer Wire service is established is responsible, jointly and individually, to meet the terms of this Agreement. These obligations continue until you notify us to terminate Online Banking and/or Bill Payer and/or External Transfer Wire service or we cancel your Online Banking, Bill Payer service or External Transfer Wire service for a reason permitted by law or this Agreement. EWireowner is responsible for all obligations incurred as a result of authorized use of Online Banking, Bill Payer or External Transfer Wire service until you or we terminate the service(s). Termination of Online Banking, Bill Payer or External Transfer Wire service will not relieve you of obligations incurred prior to termination. This obligation to the Bank will continue even if an owner is later relieved of the obligation by an agreement or court order to which we are not a party, such as a divorce decree. We are not subject to any agreement or court order to which we are not a party. No release from the obligations under this Agreement will be valid unless (a) in writing and signed by an authorized Bank employee or (b) pursuant to a court order in an action to which the Bank is a party. <strong>7. Security of Your Accounts</strong></li><li><strong>Your passcode:</strong>When you sign up for Online Banking, you will choose your own Access Identification Code (Access ID) and a Passcode. You will need both the Access ID and the Passcode to use the Service You are responsible for keeping your Access ID and Passcode secure. Refer to section 12 of this Agreement for information about your potential liability for unauthorized use of your accounts. Your Passcode is encrypted into our Online Banking database through Digital Insight. No person at Kony Bank or Digital Insight has access to your Passcode. No person at Kony Bank or Digital Insight is permitted to ask you for your Passcode. If any person requests your Passcode, please report the incident to us immediately. If you voluntarily give your Passcode to any person, you are authorizing that person to see any information and conduct any transaction on your accounts that you can see or conduct yourself. You are responsible for all transactions initiated by that person. That person''s authorization to see and use your accounts continues until you change your Passcode.</li><li><strong>Log-On Security:</strong>Your session will be automatically logged off if you have reached your current timeout period without activity. This is to reduce the risk of unauthorized use if you inadvertently leave your computer unattended with Online Banking open. When you return to your computer, you will be prompted to re-enter your Passcode, and your session will continue where you left off.</li><li><strong>Security Technology:</strong>(i) Online Banking uses Secure Socket Layer (SSL) encryption. The system will typically warn you if your Internet Browser does not have sufficient capacity to support our encryption system. If SSL is securing your communications with us, the appearance of a small padlock icon at the bottom of your screen should change to indicate this fact. (ii) The servers hosting Online Banking at Digital Insight have been certified by "Certificate Authority" to assure you that you are actually talking to Digital Insight instead of someone pretending to be Digital Insight. Depending on the age of your browser, you may see that "Certificate Authorities" have expired. If this happens, you must update it on your browser. Instructions for upgrading your browser are located in the Browser Update Link, which is located at the bottom of the Online Banking login page. (iii) Digital Insight will pass an encrypted cookie to your computer during your Online Banking sessions. These cookies do not collect any personal information about you. The cookies allow you to process several transactions without re-entering your Passcode for eWiretransaction. The cookie is destroyed when you log off of Online Banking, close your browser, or turn off your computer.</li><li><strong>Security Notices:</strong>In addition to the security features described above, there may be other security-related notices posted on our web site or Online Banking service from time to time. You are responsible for reading all security notices.</li><li><strong>No Security Warranty:</strong>Notwithstanding our efforts to ensure that Online Banking is secure, we cannot and do not warrant that either the Online Banking Home Banking system or data transmitted using the system will be free from monitoring or access by others.</li><li><strong> Privacy</strong> Please refer to the privacy statement on our website or to our printed privacy policy for full details of our policy on protecting your personal and financial information. With respect to your use of Online Banking, Bill Payer External transfer Wire service, we will disclose information about your accounts and the transfers you make to third parties (a) when necessary to complete transfers; (b) to verify the existence and condition of your account for a third party such as a credit bureau or merchant; (c) to comply with a governmental agency or court order; (d) if you give us written permission; (e) if necessary to fulfill agreements between us and our third party Online Banking, Bill Payer and External transfer Wire service providers; or (f) if it involves a claim by or against us in connection with a deposit to or withdrawal from your account.<br /> </li><li><strong> Termination</strong> We can discontinue any services we offer, including Online Banking, Bill Payer or External transfer Wire service. . We will notify you at least 21 days in advance if we do this. We can cancel your use of Online Banking, Bill Payer or External transfer Wire service without notice if you default on any term of any agreement you have with Kony Bank. If you close your Bank accounts, or if you have not used Online Banking for 6 consecutive months, Online Banking will be discontinued. You can ask to terminate Online Banking and/or Bill Payer and/or External transfer Wire service at any time by submitting a request by mail, in person, or by e-mail. Termination of your Online Banking, Bill Payer or External transfer Wire service will not relieve you of your liability with respect to any transactions processed before the service was terminated.<br /> </li><li><strong> Business Days</strong> Our business days are Monday through Friday, excluding federal holidays.<br /> </li><li><strong> Changes in Terms</strong> We can change the terms of this Agreement by giving you at least 21 days advance notice. A change in terms may include adding new terms, deleting existing terms, or changing existing terms. If you object to a change, you can avoid its application to your accounts by discontinuing the related service. If you have elected to receive Bank disclosures electronically, we will notify you by e-mail that the Change in Terms notice is available for you to pick up on our secure web site. Otherwise the change will be mailed to you. We can change terms without advance notice if (a) the change is not adverse to you, or (b) the change is necessary to maintain or restore the security of the Online Banking Home Banking system.<br /> </li><li><strong> Setoff, Attorney''s Fees and Collection Costs</strong> If your use of Online Banking, Bill Payer or External transfer Wire service results in your becoming indebted to us, and you do not pay what you owe upon our written demand, you agree that we can, unless prohibited by law or the account agreement, take funds in any Bank account in which you have an interest to recover all or part of what you owe without advance notice to you. Our exercising this right in the event of your default will not waive our right to use other lawful means to collect what you owe us. If we cannot recover what you owe from your other Bank accounts, you agree to pay reasonable collection costs we incur before we take legal action. If we take legal action to collect what you owe, you agree to pay our reasonable attorney''s fees and costs of suit in addition to any other remedy the court finds proper, whether the legal action is a collection lawsuit, a proceeding to protect our interests if you become a bankruptcy debtor, an action to enforce a judgment, an appeal, or another type of legal action.<br /> </li></ol><p>&nbsp;</p>', 'Kony User', 'Kony Dev', CURRENT_TIMESTAMP, CURRENT_TIMESTAMP, CURRENT_TIMESTAMP, 0);
INSERT INTO [konyadminconsole].[product](id, Type_id, ProductCode, Name, Status_id, ProductFeatures, ProductCharges, productDescription, AdditionalInformation, termsAndConditions, createdby, modifiedby, createdts, lastmodifiedts, synctimestamp, softdeleteflag) VALUES ('PRODUCT12', 'PRODUCT_TYPE4', '12', '36 Months Term CD', 'SID_PRO_ACTIVE', '<ul><li>Lower fees and higher deposit rates than those provided by traditional banks.</li><li>No additional deposit except at maturity.</li><li>Withdraw interest without penalty.</li><li>Dividends compounded and paid monthly. When you put your money into a Certificate of Deposit, you are able to choose from</li> <li>our many term options and earn a fixed rate of return it is a truly worry-free savings option.</li></ul>', '<ul><li>Annual Percentage Yield (APY): 2.00% depending on term and balance; Dividend Rate: 1.19%</li><li>Term: 36 months Minimum opening deposit: $5,000</li><li>Transaction limitations: No additional deposits until maturity</li></ul>', 'Lower fees and higher deposit rates than those provided by traditional banks.No additional deposit except at maturity.Withdraw interest without penalty.Dividends compounded and paid monthly. When you put your money into a Certificate of Deposit, you are able to choose from our many term options and earn a fixed rate of return it is a truly worry-free savings option.', '<p>Early withdrawal penalty applies. Balances are FDIC insured up to applicable limits. Automatically renews to another Featured CD/IRA with the same term at the then current interest rate. We send you a maturity notice prior to renewal.</p> ', '<p>This Agreement covers Kony New Account Opening &nbsp;services. "You" refers to the persons receiving the services provided under this Agreement. <strong>1. Enrolling in Online Banking</strong></p><ol><li>After you have reviewed this agreement, you can enroll in Online Banking by clicking on the "Accept" button. Please retain a copy of this Agreement for your records, either by printing a copy or saving a copy on your computer''s hard drive. Your clicking on the Accept button constitutes your consent to the terms of this Agreement and your acknowledgment that you have been able to retain a copy of this Agreement in paper or electronic form.</li><li>Bill Payer: Bill Payer requires an additional enrollment from within Online Banking.</li><li>Wire Transfers: Wire Transfers requires your acceptance of the Wire Transfer Agreement found at the Wire Transfer selection site. This service allows you to transfer funds via the Automated Clearinghouse (ACH) system from any of your accounts at any financial institution to any other account held by you or another person at the same or another financial institution.</li><li><strong> Account Review</strong> All enrollments in Online Banking, Bill Payer and External transfer Wire service are subject to Bank review and approval. Your accounts with the Bank must be in good standing. To use Bill Pay, you must have a Bank checking account. <strong>3. Other Governing Laws and Agreements</strong> Your use of Online Banking, Bill Payer or External Transfer Wire services to conduct transactions on your Bank accounts is also subject to the terms of your Bank Member Account Handbook, Master Membership Agreement and Schedule of Fees and Charges. Online Banking, Bill Payer and External Transfer Wire service are subject to applicable California and federal law, including but not limited to the Electronic Funds Transfer Act and Federal Reserve Regulation E. External transfer Wire service is also subject to the rules of the National Automated Clearing House Association (NACHA). If any provision of this Agreement is unenforceable, the remaining provisions will continue in effect. This Agreement will be given its reasonable meaning and not construed against either party. <strong>4. Required Equipment</strong> To use Online Banking, Bill Payer or External transfer Wire service, you will need the following: (a) Internet access; (b) a computer with modem and Internet browser that can support SSL and 128-bit encryption (Microsoft Internet Explorer 4.01 or later, Netscape Navigator/Communicator 4.51 or later, or AOL 3.0 or later, should support this level of encryption); and (c) access to a printer and/or other storage medium such as a hard drive for downloading information or printing disclosures. If these requirements change, we will notify you at least 21 days in advance. By clicking on the Accept button, you confirm that you have the equipment required to use Online Banking, Bill Payer and External transfer Wire service. <strong>5. Your Responsibility for Your Equipment</strong> You are solely responsible for installing, maintaining and operating your computer and your internet access. We will not be responsible for errors, deletions, failures, or damages of any kind that occur because of malfunctions of your computer, software or internet service. We will not be responsible for any virus that affects your computer or software while using our Online Banking, Bill Payer and or External Transfer Wire service. The warranties provided for Online Banking, Bill Payer and External Transfer WIREis limited to those expressly stated in this Agreement. <strong>6. Your Responsibility for Complying with This Agreement</strong> EWireowner of an account on which Online Banking and/or Bill Payer and/or External Transfer Wire service is established is responsible, jointly and individually, to meet the terms of this Agreement. These obligations continue until you notify us to terminate Online Banking and/or Bill Payer and/or External Transfer Wire service or we cancel your Online Banking, Bill Payer service or External Transfer Wire service for a reason permitted by law or this Agreement. EWireowner is responsible for all obligations incurred as a result of authorized use of Online Banking, Bill Payer or External Transfer Wire service until you or we terminate the service(s). Termination of Online Banking, Bill Payer or External Transfer Wire service will not relieve you of obligations incurred prior to termination. This obligation to the Bank will continue even if an owner is later relieved of the obligation by an agreement or court order to which we are not a party, such as a divorce decree. We are not subject to any agreement or court order to which we are not a party. No release from the obligations under this Agreement will be valid unless (a) in writing and signed by an authorized Bank employee or (b) pursuant to a court order in an action to which the Bank is a party. <strong>7. Security of Your Accounts</strong></li><li><strong>Your passcode:</strong>When you sign up for Online Banking, you will choose your own Access Identification Code (Access ID) and a Passcode. You will need both the Access ID and the Passcode to use the Service You are responsible for keeping your Access ID and Passcode secure. Refer to section 12 of this Agreement for information about your potential liability for unauthorized use of your accounts. Your Passcode is encrypted into our Online Banking database through Digital Insight. No person at Kony Bank or Digital Insight has access to your Passcode. No person at Kony Bank or Digital Insight is permitted to ask you for your Passcode. If any person requests your Passcode, please report the incident to us immediately. If you voluntarily give your Passcode to any person, you are authorizing that person to see any information and conduct any transaction on your accounts that you can see or conduct yourself. You are responsible for all transactions initiated by that person. That person''s authorization to see and use your accounts continues until you change your Passcode.</li><li><strong>Log-On Security:</strong>Your session will be automatically logged off if you have reached your current timeout period without activity. This is to reduce the risk of unauthorized use if you inadvertently leave your computer unattended with Online Banking open. When you return to your computer, you will be prompted to re-enter your Passcode, and your session will continue where you left off.</li><li><strong>Security Technology:</strong>(i) Online Banking uses Secure Socket Layer (SSL) encryption. The system will typically warn you if your Internet Browser does not have sufficient capacity to support our encryption system. If SSL is securing your communications with us, the appearance of a small padlock icon at the bottom of your screen should change to indicate this fact. (ii) The servers hosting Online Banking at Digital Insight have been certified by "Certificate Authority" to assure you that you are actually talking to Digital Insight instead of someone pretending to be Digital Insight. Depending on the age of your browser, you may see that "Certificate Authorities" have expired. If this happens, you must update it on your browser. Instructions for upgrading your browser are located in the Browser Update Link, which is located at the bottom of the Online Banking login page. (iii) Digital Insight will pass an encrypted cookie to your computer during your Online Banking sessions. These cookies do not collect any personal information about you. The cookies allow you to process several transactions without re-entering your Passcode for eWiretransaction. The cookie is destroyed when you log off of Online Banking, close your browser, or turn off your computer.</li><li><strong>Security Notices:</strong>In addition to the security features described above, there may be other security-related notices posted on our web site or Online Banking service from time to time. You are responsible for reading all security notices.</li><li><strong>No Security Warranty:</strong>Notwithstanding our efforts to ensure that Online Banking is secure, we cannot and do not warrant that either the Online Banking Home Banking system or data transmitted using the system will be free from monitoring or access by others.</li><li><strong> Privacy</strong> Please refer to the privacy statement on our website or to our printed privacy policy for full details of our policy on protecting your personal and financial information. With respect to your use of Online Banking, Bill Payer External transfer Wire service, we will disclose information about your accounts and the transfers you make to third parties (a) when necessary to complete transfers; (b) to verify the existence and condition of your account for a third party such as a credit bureau or merchant; (c) to comply with a governmental agency or court order; (d) if you give us written permission; (e) if necessary to fulfill agreements between us and our third party Online Banking, Bill Payer and External transfer Wire service providers; or (f) if it involves a claim by or against us in connection with a deposit to or withdrawal from your account.<br /> </li><li><strong> Termination</strong> We can discontinue any services we offer, including Online Banking, Bill Payer or External transfer Wire service. . We will notify you at least 21 days in advance if we do this. We can cancel your use of Online Banking, Bill Payer or External transfer Wire service without notice if you default on any term of any agreement you have with Kony Bank. If you close your Bank accounts, or if you have not used Online Banking for 6 consecutive months, Online Banking will be discontinued. You can ask to terminate Online Banking and/or Bill Payer and/or External transfer Wire service at any time by submitting a request by mail, in person, or by e-mail. Termination of your Online Banking, Bill Payer or External transfer Wire service will not relieve you of your liability with respect to any transactions processed before the service was terminated.<br /> </li><li><strong> Business Days</strong> Our business days are Monday through Friday, excluding federal holidays.<br /> </li><li><strong> Changes in Terms</strong> We can change the terms of this Agreement by giving you at least 21 days advance notice. A change in terms may include adding new terms, deleting existing terms, or changing existing terms. If you object to a change, you can avoid its application to your accounts by discontinuing the related service. If you have elected to receive Bank disclosures electronically, we will notify you by e-mail that the Change in Terms notice is available for you to pick up on our secure web site. Otherwise the change will be mailed to you. We can change terms without advance notice if (a) the change is not adverse to you, or (b) the change is necessary to maintain or restore the security of the Online Banking Home Banking system.<br /> </li><li><strong> Setoff, Attorney''s Fees and Collection Costs</strong> If your use of Online Banking, Bill Payer or External transfer Wire service results in your becoming indebted to us, and you do not pay what you owe upon our written demand, you agree that we can, unless prohibited by law or the account agreement, take funds in any Bank account in which you have an interest to recover all or part of what you owe without advance notice to you. Our exercising this right in the event of your default will not waive our right to use other lawful means to collect what you owe us. If we cannot recover what you owe from your other Bank accounts, you agree to pay reasonable collection costs we incur before we take legal action. If we take legal action to collect what you owe, you agree to pay our reasonable attorney''s fees and costs of suit in addition to any other remedy the court finds proper, whether the legal action is a collection lawsuit, a proceeding to protect our interests if you become a bankruptcy debtor, an action to enforce a judgment, an appeal, or another type of legal action.<br /> </li></ol><p>&nbsp;</p>', 'Kony User', 'Kony Dev', CURRENT_TIMESTAMP, CURRENT_TIMESTAMP, CURRENT_TIMESTAMP, 0);
INSERT INTO [konyadminconsole].[product](id, Type_id, ProductCode, Name, Status_id, ProductFeatures, ProductCharges, productDescription, AdditionalInformation, termsAndConditions, createdby, modifiedby, createdts, lastmodifiedts, synctimestamp, softdeleteflag) VALUES ('PRODUCT13', 'PRODUCT_TYPE5', '13', 'Buy Home - 30 Years Fixed', 'SID_PRO_ACTIVE', '<p>Now add wings to your imagination and get your dream home with our 30 - year Mortgage plan. With a longer repayment tenure, you can avail higher loan amount and still keep your EMIs small. Competitive loan rates</p><ul><li>Fast approvals and closings</li><li>Custom-tailored loans & financing options to fit your individual needs</li><li>Offering traditional & jumbo mortgage loans, construction and land loans</li>', '<ul><li>Interest Rate: 4.5000% APR:4.678%</li></ul>', 'Now add wings to your imagination and get your dream home with our 30 - year Mortgage plan. With a longer repayment tenure, you can avail higher loan amount and still keep your EMIs small. Competitive loan rates Fast approvals and closings Custom-tailored loans & financing options to fit your individual needs Offering traditional & jumbo mortgage loans, construction and land loans', '<p>Prices are subject to change at 1:00 PM CT with market conditions. Rate provided is the rate closest to par based on a loan amount of $125,000, owner occupied, single family 1 unit dwelling, 80% LTV, standard origination fee, and a FICO score of 740+. The specific rate and term depends on your unique credit rating, combined loan-to-value, amount financed and other factors. Rates and terms are subject to change without prior notice; other restrictions may apply. A mortgage of $125,000 for 30 years at 3.87% APR requires a P&I payment of $587.80 per month. Taxes and insurance for escrow payment are not included; your actual payment obligation will be higher. Adjustable Rate Mortgages (ARM) are variable and your annual percentage rate may increase after the original fixed rate period. Contact us for additional information and loan criteria. We do business in accordance with the Federal Fair Housing Law and the Equal Credit Opportunity Act. Certain terms and conditions may apply. Additional loan options available for primary residences, second homes, investment properties and refinances. We require the Truth in Lending, Good Faith Estimate and HUD-1 closing statement from the competitor for comparison purposes in order to receive the $250 if we cant meet or beat your qualified rate. Offer cannot be combined with any other  Mortgage offer.</p> ', '<p>This Agreement covers Kony New Account Opening &nbsp;services. "You" refers to the persons receiving the services provided under this Agreement. <strong>1. Enrolling in Online Banking</strong></p><ol><li>After you have reviewed this agreement, you can enroll in Online Banking by clicking on the "Accept" button. Please retain a copy of this Agreement for your records, either by printing a copy or saving a copy on your computer''s hard drive. Your clicking on the Accept button constitutes your consent to the terms of this Agreement and your acknowledgment that you have been able to retain a copy of this Agreement in paper or electronic form.</li><li>Bill Payer: Bill Payer requires an additional enrollment from within Online Banking.</li><li>Wire Transfers: Wire Transfers requires your acceptance of the Wire Transfer Agreement found at the Wire Transfer selection site. This service allows you to transfer funds via the Automated Clearinghouse (ACH) system from any of your accounts at any financial institution to any other account held by you or another person at the same or another financial institution.</li><li><strong> Account Review</strong> All enrollments in Online Banking, Bill Payer and External transfer Wire service are subject to Bank review and approval. Your accounts with the Bank must be in good standing. To use Bill Pay, you must have a Bank checking account. <strong>3. Other Governing Laws and Agreements</strong> Your use of Online Banking, Bill Payer or External Transfer Wire services to conduct transactions on your Bank accounts is also subject to the terms of your Bank Member Account Handbook, Master Membership Agreement and Schedule of Fees and Charges. Online Banking, Bill Payer and External Transfer Wire service are subject to applicable California and federal law, including but not limited to the Electronic Funds Transfer Act and Federal Reserve Regulation E. External transfer Wire service is also subject to the rules of the National Automated Clearing House Association (NACHA). If any provision of this Agreement is unenforceable, the remaining provisions will continue in effect. This Agreement will be given its reasonable meaning and not construed against either party. <strong>4. Required Equipment</strong> To use Online Banking, Bill Payer or External transfer Wire service, you will need the following: (a) Internet access; (b) a computer with modem and Internet browser that can support SSL and 128-bit encryption (Microsoft Internet Explorer 4.01 or later, Netscape Navigator/Communicator 4.51 or later, or AOL 3.0 or later, should support this level of encryption); and (c) access to a printer and/or other storage medium such as a hard drive for downloading information or printing disclosures. If these requirements change, we will notify you at least 21 days in advance. By clicking on the Accept button, you confirm that you have the equipment required to use Online Banking, Bill Payer and External transfer Wire service. <strong>5. Your Responsibility for Your Equipment</strong> You are solely responsible for installing, maintaining and operating your computer and your internet access. We will not be responsible for errors, deletions, failures, or damages of any kind that occur because of malfunctions of your computer, software or internet service. We will not be responsible for any virus that affects your computer or software while using our Online Banking, Bill Payer and or External Transfer Wire service. The warranties provided for Online Banking, Bill Payer and External Transfer WIREis limited to those expressly stated in this Agreement. <strong>6. Your Responsibility for Complying with This Agreement</strong> EWireowner of an account on which Online Banking and/or Bill Payer and/or External Transfer Wire service is established is responsible, jointly and individually, to meet the terms of this Agreement. These obligations continue until you notify us to terminate Online Banking and/or Bill Payer and/or External Transfer Wire service or we cancel your Online Banking, Bill Payer service or External Transfer Wire service for a reason permitted by law or this Agreement. EWireowner is responsible for all obligations incurred as a result of authorized use of Online Banking, Bill Payer or External Transfer Wire service until you or we terminate the service(s). Termination of Online Banking, Bill Payer or External Transfer Wire service will not relieve you of obligations incurred prior to termination. This obligation to the Bank will continue even if an owner is later relieved of the obligation by an agreement or court order to which we are not a party, such as a divorce decree. We are not subject to any agreement or court order to which we are not a party. No release from the obligations under this Agreement will be valid unless (a) in writing and signed by an authorized Bank employee or (b) pursuant to a court order in an action to which the Bank is a party. <strong>7. Security of Your Accounts</strong></li><li><strong>Your passcode:</strong>When you sign up for Online Banking, you will choose your own Access Identification Code (Access ID) and a Passcode. You will need both the Access ID and the Passcode to use the Service You are responsible for keeping your Access ID and Passcode secure. Refer to section 12 of this Agreement for information about your potential liability for unauthorized use of your accounts. Your Passcode is encrypted into our Online Banking database through Digital Insight. No person at Kony Bank or Digital Insight has access to your Passcode. No person at Kony Bank or Digital Insight is permitted to ask you for your Passcode. If any person requests your Passcode, please report the incident to us immediately. If you voluntarily give your Passcode to any person, you are authorizing that person to see any information and conduct any transaction on your accounts that you can see or conduct yourself. You are responsible for all transactions initiated by that person. That person''s authorization to see and use your accounts continues until you change your Passcode.</li><li><strong>Log-On Security:</strong>Your session will be automatically logged off if you have reached your current timeout period without activity. This is to reduce the risk of unauthorized use if you inadvertently leave your computer unattended with Online Banking open. When you return to your computer, you will be prompted to re-enter your Passcode, and your session will continue where you left off.</li><li><strong>Security Technology:</strong>(i) Online Banking uses Secure Socket Layer (SSL) encryption. The system will typically warn you if your Internet Browser does not have sufficient capacity to support our encryption system. If SSL is securing your communications with us, the appearance of a small padlock icon at the bottom of your screen should change to indicate this fact. (ii) The servers hosting Online Banking at Digital Insight have been certified by "Certificate Authority" to assure you that you are actually talking to Digital Insight instead of someone pretending to be Digital Insight. Depending on the age of your browser, you may see that "Certificate Authorities" have expired. If this happens, you must update it on your browser. Instructions for upgrading your browser are located in the Browser Update Link, which is located at the bottom of the Online Banking login page. (iii) Digital Insight will pass an encrypted cookie to your computer during your Online Banking sessions. These cookies do not collect any personal information about you. The cookies allow you to process several transactions without re-entering your Passcode for eWiretransaction. The cookie is destroyed when you log off of Online Banking, close your browser, or turn off your computer.</li><li><strong>Security Notices:</strong>In addition to the security features described above, there may be other security-related notices posted on our web site or Online Banking service from time to time. You are responsible for reading all security notices.</li><li><strong>No Security Warranty:</strong>Notwithstanding our efforts to ensure that Online Banking is secure, we cannot and do not warrant that either the Online Banking Home Banking system or data transmitted using the system will be free from monitoring or access by others.</li><li><strong> Privacy</strong> Please refer to the privacy statement on our website or to our printed privacy policy for full details of our policy on protecting your personal and financial information. With respect to your use of Online Banking, Bill Payer External transfer Wire service, we will disclose information about your accounts and the transfers you make to third parties (a) when necessary to complete transfers; (b) to verify the existence and condition of your account for a third party such as a credit bureau or merchant; (c) to comply with a governmental agency or court order; (d) if you give us written permission; (e) if necessary to fulfill agreements between us and our third party Online Banking, Bill Payer and External transfer Wire service providers; or (f) if it involves a claim by or against us in connection with a deposit to or withdrawal from your account.<br /> </li><li><strong> Termination</strong> We can discontinue any services we offer, including Online Banking, Bill Payer or External transfer Wire service. . We will notify you at least 21 days in advance if we do this. We can cancel your use of Online Banking, Bill Payer or External transfer Wire service without notice if you default on any term of any agreement you have with Kony Bank. If you close your Bank accounts, or if you have not used Online Banking for 6 consecutive months, Online Banking will be discontinued. You can ask to terminate Online Banking and/or Bill Payer and/or External transfer Wire service at any time by submitting a request by mail, in person, or by e-mail. Termination of your Online Banking, Bill Payer or External transfer Wire service will not relieve you of your liability with respect to any transactions processed before the service was terminated.<br /> </li><li><strong> Business Days</strong> Our business days are Monday through Friday, excluding federal holidays.<br /> </li><li><strong> Changes in Terms</strong> We can change the terms of this Agreement by giving you at least 21 days advance notice. A change in terms may include adding new terms, deleting existing terms, or changing existing terms. If you object to a change, you can avoid its application to your accounts by discontinuing the related service. If you have elected to receive Bank disclosures electronically, we will notify you by e-mail that the Change in Terms notice is available for you to pick up on our secure web site. Otherwise the change will be mailed to you. We can change terms without advance notice if (a) the change is not adverse to you, or (b) the change is necessary to maintain or restore the security of the Online Banking Home Banking system.<br /> </li><li><strong> Setoff, Attorney''s Fees and Collection Costs</strong> If your use of Online Banking, Bill Payer or External transfer Wire service results in your becoming indebted to us, and you do not pay what you owe upon our written demand, you agree that we can, unless prohibited by law or the account agreement, take funds in any Bank account in which you have an interest to recover all or part of what you owe without advance notice to you. Our exercising this right in the event of your default will not waive our right to use other lawful means to collect what you owe us. If we cannot recover what you owe from your other Bank accounts, you agree to pay reasonable collection costs we incur before we take legal action. If we take legal action to collect what you owe, you agree to pay our reasonable attorney''s fees and costs of suit in addition to any other remedy the court finds proper, whether the legal action is a collection lawsuit, a proceeding to protect our interests if you become a bankruptcy debtor, an action to enforce a judgment, an appeal, or another type of legal action.<br /> </li></ol><p>&nbsp;</p>', 'Kony User', 'Kony Dev', CURRENT_TIMESTAMP, CURRENT_TIMESTAMP, CURRENT_TIMESTAMP, 0);
INSERT INTO [konyadminconsole].[product](id, Type_id, ProductCode, Name, Status_id, ProductFeatures, ProductCharges, productDescription, AdditionalInformation, termsAndConditions, createdby, modifiedby, createdts, lastmodifiedts, synctimestamp, softdeleteflag) VALUES ('PRODUCT14', 'PRODUCT_TYPE5', '14', 'Turbo Auto Loan', 'SID_PRO_ACTIVE', '<p>We offer a range of options and rates to make buying a car easy, including maximizing low interest rates, financing or refinancing, discounts, flexible payment plans, and loan calculators to compare rates and options. Auto Loans include:</p> <ul><li>No money down options available.</li><li>Discounts for paying with automatic deduction.</li><li>No hidden fees, costs, or early-payoff penalties.</li><li>Affordable payment plans customized to your needs.</li><li>24-hour approval on most loans.</li><li>Terms as long as 72 months.</li></ul>', '<ul><li>Loan Type and APR* as low as: New Vehicles/Motorcycles: 2.09% +</li><li>Pre-Owned Vehicles/Motorcycles: 2.24% +</li><li>New RVs: 5.50% +</li><li>Pre-Owned RVs: 6.25% +</li></ul>', 'We offer a range of options and rates to make buying a car easy, including maximizing low interest rates, financing or refinancing, discounts, flexible payment plans, and loan calculators to compare rates and options. Auto Loans include: No money down options available. Discounts for paying with automatic deduction. No hidden fees, costs, or early-payoff penalties. Affordable payment plans customized to your needs. 24-hour approval on most loans. Terms as long as 72 months.', '<p><sup>*</sup> APR = Annual Percentage Rate. Rates, terms, and conditions subject to change. Credit subject to approval. + Rate includes 0.25% reduction for automatic payment from a Kony Bank Savings or Checking Account. Other rates are available. NOTE: A convenience fee of $10.00 may be assessed for payments made by phone.</p> ', '<p>This Agreement covers Kony New Account Opening &nbsp;services. "You" refers to the persons receiving the services provided under this Agreement. <strong>1. Enrolling in Online Banking</strong></p><ol><li>After you have reviewed this agreement, you can enroll in Online Banking by clicking on the "Accept" button. Please retain a copy of this Agreement for your records, either by printing a copy or saving a copy on your computer''s hard drive. Your clicking on the Accept button constitutes your consent to the terms of this Agreement and your acknowledgment that you have been able to retain a copy of this Agreement in paper or electronic form.</li><li>Bill Payer: Bill Payer requires an additional enrollment from within Online Banking.</li><li>Wire Transfers: Wire Transfers requires your acceptance of the Wire Transfer Agreement found at the Wire Transfer selection site. This service allows you to transfer funds via the Automated Clearinghouse (ACH) system from any of your accounts at any financial institution to any other account held by you or another person at the same or another financial institution.</li><li><strong> Account Review</strong> All enrollments in Online Banking, Bill Payer and External transfer Wire service are subject to Bank review and approval. Your accounts with the Bank must be in good standing. To use Bill Pay, you must have a Bank checking account. <strong>3. Other Governing Laws and Agreements</strong> Your use of Online Banking, Bill Payer or External Transfer Wire services to conduct transactions on your Bank accounts is also subject to the terms of your Bank Member Account Handbook, Master Membership Agreement and Schedule of Fees and Charges. Online Banking, Bill Payer and External Transfer Wire service are subject to applicable California and federal law, including but not limited to the Electronic Funds Transfer Act and Federal Reserve Regulation E. External transfer Wire service is also subject to the rules of the National Automated Clearing House Association (NACHA). If any provision of this Agreement is unenforceable, the remaining provisions will continue in effect. This Agreement will be given its reasonable meaning and not construed against either party. <strong>4. Required Equipment</strong> To use Online Banking, Bill Payer or External transfer Wire service, you will need the following: (a) Internet access; (b) a computer with modem and Internet browser that can support SSL and 128-bit encryption (Microsoft Internet Explorer 4.01 or later, Netscape Navigator/Communicator 4.51 or later, or AOL 3.0 or later, should support this level of encryption); and (c) access to a printer and/or other storage medium such as a hard drive for downloading information or printing disclosures. If these requirements change, we will notify you at least 21 days in advance. By clicking on the Accept button, you confirm that you have the equipment required to use Online Banking, Bill Payer and External transfer Wire service. <strong>5. Your Responsibility for Your Equipment</strong> You are solely responsible for installing, maintaining and operating your computer and your internet access. We will not be responsible for errors, deletions, failures, or damages of any kind that occur because of malfunctions of your computer, software or internet service. We will not be responsible for any virus that affects your computer or software while using our Online Banking, Bill Payer and or External Transfer Wire service. The warranties provided for Online Banking, Bill Payer and External Transfer WIREis limited to those expressly stated in this Agreement. <strong>6. Your Responsibility for Complying with This Agreement</strong> EWireowner of an account on which Online Banking and/or Bill Payer and/or External Transfer Wire service is established is responsible, jointly and individually, to meet the terms of this Agreement. These obligations continue until you notify us to terminate Online Banking and/or Bill Payer and/or External Transfer Wire service or we cancel your Online Banking, Bill Payer service or External Transfer Wire service for a reason permitted by law or this Agreement. EWireowner is responsible for all obligations incurred as a result of authorized use of Online Banking, Bill Payer or External Transfer Wire service until you or we terminate the service(s). Termination of Online Banking, Bill Payer or External Transfer Wire service will not relieve you of obligations incurred prior to termination. This obligation to the Bank will continue even if an owner is later relieved of the obligation by an agreement or court order to which we are not a party, such as a divorce decree. We are not subject to any agreement or court order to which we are not a party. No release from the obligations under this Agreement will be valid unless (a) in writing and signed by an authorized Bank employee or (b) pursuant to a court order in an action to which the Bank is a party. <strong>7. Security of Your Accounts</strong></li><li><strong>Your passcode:</strong>When you sign up for Online Banking, you will choose your own Access Identification Code (Access ID) and a Passcode. You will need both the Access ID and the Passcode to use the Service You are responsible for keeping your Access ID and Passcode secure. Refer to section 12 of this Agreement for information about your potential liability for unauthorized use of your accounts. Your Passcode is encrypted into our Online Banking database through Digital Insight. No person at Kony Bank or Digital Insight has access to your Passcode. No person at Kony Bank or Digital Insight is permitted to ask you for your Passcode. If any person requests your Passcode, please report the incident to us immediately. If you voluntarily give your Passcode to any person, you are authorizing that person to see any information and conduct any transaction on your accounts that you can see or conduct yourself. You are responsible for all transactions initiated by that person. That person''s authorization to see and use your accounts continues until you change your Passcode.</li><li><strong>Log-On Security:</strong>Your session will be automatically logged off if you have reached your current timeout period without activity. This is to reduce the risk of unauthorized use if you inadvertently leave your computer unattended with Online Banking open. When you return to your computer, you will be prompted to re-enter your Passcode, and your session will continue where you left off.</li><li><strong>Security Technology:</strong>(i) Online Banking uses Secure Socket Layer (SSL) encryption. The system will typically warn you if your Internet Browser does not have sufficient capacity to support our encryption system. If SSL is securing your communications with us, the appearance of a small padlock icon at the bottom of your screen should change to indicate this fact. (ii) The servers hosting Online Banking at Digital Insight have been certified by "Certificate Authority" to assure you that you are actually talking to Digital Insight instead of someone pretending to be Digital Insight. Depending on the age of your browser, you may see that "Certificate Authorities" have expired. If this happens, you must update it on your browser. Instructions for upgrading your browser are located in the Browser Update Link, which is located at the bottom of the Online Banking login page. (iii) Digital Insight will pass an encrypted cookie to your computer during your Online Banking sessions. These cookies do not collect any personal information about you. The cookies allow you to process several transactions without re-entering your Passcode for eWiretransaction. The cookie is destroyed when you log off of Online Banking, close your browser, or turn off your computer.</li><li><strong>Security Notices:</strong>In addition to the security features described above, there may be other security-related notices posted on our web site or Online Banking service from time to time. You are responsible for reading all security notices.</li><li><strong>No Security Warranty:</strong>Notwithstanding our efforts to ensure that Online Banking is secure, we cannot and do not warrant that either the Online Banking Home Banking system or data transmitted using the system will be free from monitoring or access by others.</li><li><strong> Privacy</strong> Please refer to the privacy statement on our website or to our printed privacy policy for full details of our policy on protecting your personal and financial information. With respect to your use of Online Banking, Bill Payer External transfer Wire service, we will disclose information about your accounts and the transfers you make to third parties (a) when necessary to complete transfers; (b) to verify the existence and condition of your account for a third party such as a credit bureau or merchant; (c) to comply with a governmental agency or court order; (d) if you give us written permission; (e) if necessary to fulfill agreements between us and our third party Online Banking, Bill Payer and External transfer Wire service providers; or (f) if it involves a claim by or against us in connection with a deposit to or withdrawal from your account.<br /> </li><li><strong> Termination</strong> We can discontinue any services we offer, including Online Banking, Bill Payer or External transfer Wire service. . We will notify you at least 21 days in advance if we do this. We can cancel your use of Online Banking, Bill Payer or External transfer Wire service without notice if you default on any term of any agreement you have with Kony Bank. If you close your Bank accounts, or if you have not used Online Banking for 6 consecutive months, Online Banking will be discontinued. You can ask to terminate Online Banking and/or Bill Payer and/or External transfer Wire service at any time by submitting a request by mail, in person, or by e-mail. Termination of your Online Banking, Bill Payer or External transfer Wire service will not relieve you of your liability with respect to any transactions processed before the service was terminated.<br /> </li><li><strong> Business Days</strong> Our business days are Monday through Friday, excluding federal holidays.<br /> </li><li><strong> Changes in Terms</strong> We can change the terms of this Agreement by giving you at least 21 days advance notice. A change in terms may include adding new terms, deleting existing terms, or changing existing terms. If you object to a change, you can avoid its application to your accounts by discontinuing the related service. If you have elected to receive Bank disclosures electronically, we will notify you by e-mail that the Change in Terms notice is available for you to pick up on our secure web site. Otherwise the change will be mailed to you. We can change terms without advance notice if (a) the change is not adverse to you, or (b) the change is necessary to maintain or restore the security of the Online Banking Home Banking system.<br /> </li><li><strong> Setoff, Attorney''s Fees and Collection Costs</strong> If your use of Online Banking, Bill Payer or External transfer Wire service results in your becoming indebted to us, and you do not pay what you owe upon our written demand, you agree that we can, unless prohibited by law or the account agreement, take funds in any Bank account in which you have an interest to recover all or part of what you owe without advance notice to you. Our exercising this right in the event of your default will not waive our right to use other lawful means to collect what you owe us. If we cannot recover what you owe from your other Bank accounts, you agree to pay reasonable collection costs we incur before we take legal action. If we take legal action to collect what you owe, you agree to pay our reasonable attorney''s fees and costs of suit in addition to any other remedy the court finds proper, whether the legal action is a collection lawsuit, a proceeding to protect our interests if you become a bankruptcy debtor, an action to enforce a judgment, an appeal, or another type of legal action.<br /> </li></ol><p>&nbsp;</p>', 'Kony User', 'Kony Dev', CURRENT_TIMESTAMP, CURRENT_TIMESTAMP, CURRENT_TIMESTAMP, 0);
INSERT INTO [konyadminconsole].[product](id, Type_id, ProductCode, Name, Status_id, ProductFeatures, ProductCharges, productDescription, AdditionalInformation, termsAndConditions, createdby, modifiedby, createdts, lastmodifiedts, synctimestamp, softdeleteflag) VALUES ('PRODUCT2', 'PRODUCT_TYPE1', '2', 'Savings Plus', 'SID_PRO_ACTIVE', '<p>When you open a Savings Account, your initial $5.00 deposit initiates your membership benefits and makes you an owner, with annual voting privileges and access to favorable rates on loans and deposits. A Savings Plus account is an additional savings account available to all existing members, and since it is not a membership account, there is no initial or minimum deposit amount. Many members use Savings Plus to save for Long term</p>', '<ul><li>Minimum required deposit: None</li><li>Minimum monthly balance required: $5.00</li><li>Monthly service charges: None</li><li>Dividend pay: Compounded and paid monthly</li><li>Free online banking available: Yes</li></ul>', 'When you open a Savings Account, your initial $5.00 deposit initiates your membership benefits and makes you an owner, with annual voting privileges and access to favorable rates on loans and deposits. A Savings Plus account is an additional savings account available to all existing members, and since it is not a membership account, there is no initial or minimum deposit amount. Many members use Savings Plus to save for Long term', '<p>Federal regulations limit the number of transfers/withdrawals from a savings account to six per calendar month via fax, telephone, online, ACH, or overdraft. You may transfer/withdraw as often as you like in person, via mail or messenger, ATM, or to pay loan payments.</p><p>Fees could reduce earnings on accounts.</p>', '<p>This Agreement covers Kony New Account Opening &nbsp;services. "You" refers to the persons receiving the services provided under this Agreement. <strong>1. Enrolling in Online Banking</strong></p><ol><li>After you have reviewed this agreement, you can enroll in Online Banking by clicking on the "Accept" button. Please retain a copy of this Agreement for your records, either by printing a copy or saving a copy on your computer''s hard drive. Your clicking on the Accept button constitutes your consent to the terms of this Agreement and your acknowledgment that you have been able to retain a copy of this Agreement in paper or electronic form.</li><li>Bill Payer: Bill Payer requires an additional enrollment from within Online Banking.</li><li>Wire Transfers: Wire Transfers requires your acceptance of the Wire Transfer Agreement found at the Wire Transfer selection site. This service allows you to transfer funds via the Automated Clearinghouse (ACH) system from any of your accounts at any financial institution to any other account held by you or another person at the same or another financial institution.</li><li><strong> Account Review</strong> All enrollments in Online Banking, Bill Payer and External transfer Wire service are subject to Bank review and approval. Your accounts with the Bank must be in good standing. To use Bill Pay, you must have a Bank checking account. <strong>3. Other Governing Laws and Agreements</strong> Your use of Online Banking, Bill Payer or External Transfer Wire services to conduct transactions on your Bank accounts is also subject to the terms of your Bank Member Account Handbook, Master Membership Agreement and Schedule of Fees and Charges. Online Banking, Bill Payer and External Transfer Wire service are subject to applicable California and federal law, including but not limited to the Electronic Funds Transfer Act and Federal Reserve Regulation E. External transfer Wire service is also subject to the rules of the National Automated Clearing House Association (NACHA). If any provision of this Agreement is unenforceable, the remaining provisions will continue in effect. This Agreement will be given its reasonable meaning and not construed against either party. <strong>4. Required Equipment</strong> To use Online Banking, Bill Payer or External transfer Wire service, you will need the following: (a) Internet access; (b) a computer with modem and Internet browser that can support SSL and 128-bit encryption (Microsoft Internet Explorer 4.01 or later, Netscape Navigator/Communicator 4.51 or later, or AOL 3.0 or later, should support this level of encryption); and (c) access to a printer and/or other storage medium such as a hard drive for downloading information or printing disclosures. If these requirements change, we will notify you at least 21 days in advance. By clicking on the Accept button, you confirm that you have the equipment required to use Online Banking, Bill Payer and External transfer Wire service. <strong>5. Your Responsibility for Your Equipment</strong> You are solely responsible for installing, maintaining and operating your computer and your internet access. We will not be responsible for errors, deletions, failures, or damages of any kind that occur because of malfunctions of your computer, software or internet service. We will not be responsible for any virus that affects your computer or software while using our Online Banking, Bill Payer and or External Transfer Wire service. The warranties provided for Online Banking, Bill Payer and External Transfer WIREis limited to those expressly stated in this Agreement. <strong>6. Your Responsibility for Complying with This Agreement</strong> EWireowner of an account on which Online Banking and/or Bill Payer and/or External Transfer Wire service is established is responsible, jointly and individually, to meet the terms of this Agreement. These obligations continue until you notify us to terminate Online Banking and/or Bill Payer and/or External Transfer Wire service or we cancel your Online Banking, Bill Payer service or External Transfer Wire service for a reason permitted by law or this Agreement. EWireowner is responsible for all obligations incurred as a result of authorized use of Online Banking, Bill Payer or External Transfer Wire service until you or we terminate the service(s). Termination of Online Banking, Bill Payer or External Transfer Wire service will not relieve you of obligations incurred prior to termination. This obligation to the Bank will continue even if an owner is later relieved of the obligation by an agreement or court order to which we are not a party, such as a divorce decree. We are not subject to any agreement or court order to which we are not a party. No release from the obligations under this Agreement will be valid unless (a) in writing and signed by an authorized Bank employee or (b) pursuant to a court order in an action to which the Bank is a party. <strong>7. Security of Your Accounts</strong></li><li><strong>Your passcode:</strong>When you sign up for Online Banking, you will choose your own Access Identification Code (Access ID) and a Passcode. You will need both the Access ID and the Passcode to use the Service You are responsible for keeping your Access ID and Passcode secure. Refer to section 12 of this Agreement for information about your potential liability for unauthorized use of your accounts. Your Passcode is encrypted into our Online Banking database through Digital Insight. No person at Kony Bank or Digital Insight has access to your Passcode. No person at Kony Bank or Digital Insight is permitted to ask you for your Passcode. If any person requests your Passcode, please report the incident to us immediately. If you voluntarily give your Passcode to any person, you are authorizing that person to see any information and conduct any transaction on your accounts that you can see or conduct yourself. You are responsible for all transactions initiated by that person. That person''s authorization to see and use your accounts continues until you change your Passcode.</li><li><strong>Log-On Security:</strong>Your session will be automatically logged off if you have reached your current timeout period without activity. This is to reduce the risk of unauthorized use if you inadvertently leave your computer unattended with Online Banking open. When you return to your computer, you will be prompted to re-enter your Passcode, and your session will continue where you left off.</li><li><strong>Security Technology:</strong>(i) Online Banking uses Secure Socket Layer (SSL) encryption. The system will typically warn you if your Internet Browser does not have sufficient capacity to support our encryption system. If SSL is securing your communications with us, the appearance of a small padlock icon at the bottom of your screen should change to indicate this fact. (ii) The servers hosting Online Banking at Digital Insight have been certified by "Certificate Authority" to assure you that you are actually talking to Digital Insight instead of someone pretending to be Digital Insight. Depending on the age of your browser, you may see that "Certificate Authorities" have expired. If this happens, you must update it on your browser. Instructions for upgrading your browser are located in the Browser Update Link, which is located at the bottom of the Online Banking login page. (iii) Digital Insight will pass an encrypted cookie to your computer during your Online Banking sessions. These cookies do not collect any personal information about you. The cookies allow you to process several transactions without re-entering your Passcode for eWiretransaction. The cookie is destroyed when you log off of Online Banking, close your browser, or turn off your computer.</li><li><strong>Security Notices:</strong>In addition to the security features described above, there may be other security-related notices posted on our web site or Online Banking service from time to time. You are responsible for reading all security notices.</li><li><strong>No Security Warranty:</strong>Notwithstanding our efforts to ensure that Online Banking is secure, we cannot and do not warrant that either the Online Banking Home Banking system or data transmitted using the system will be free from monitoring or access by others.</li><li><strong> Privacy</strong> Please refer to the privacy statement on our website or to our printed privacy policy for full details of our policy on protecting your personal and financial information. With respect to your use of Online Banking, Bill Payer External transfer Wire service, we will disclose information about your accounts and the transfers you make to third parties (a) when necessary to complete transfers; (b) to verify the existence and condition of your account for a third party such as a credit bureau or merchant; (c) to comply with a governmental agency or court order; (d) if you give us written permission; (e) if necessary to fulfill agreements between us and our third party Online Banking, Bill Payer and External transfer Wire service providers; or (f) if it involves a claim by or against us in connection with a deposit to or withdrawal from your account.<br /> </li><li><strong> Termination</strong> We can discontinue any services we offer, including Online Banking, Bill Payer or External transfer Wire service. . We will notify you at least 21 days in advance if we do this. We can cancel your use of Online Banking, Bill Payer or External transfer Wire service without notice if you default on any term of any agreement you have with Kony Bank. If you close your Bank accounts, or if you have not used Online Banking for 6 consecutive months, Online Banking will be discontinued. You can ask to terminate Online Banking and/or Bill Payer and/or External transfer Wire service at any time by submitting a request by mail, in person, or by e-mail. Termination of your Online Banking, Bill Payer or External transfer Wire service will not relieve you of your liability with respect to any transactions processed before the service was terminated.<br /> </li><li><strong> Business Days</strong> Our business days are Monday through Friday, excluding federal holidays.<br /> </li><li><strong> Changes in Terms</strong> We can change the terms of this Agreement by giving you at least 21 days advance notice. A change in terms may include adding new terms, deleting existing terms, or changing existing terms. If you object to a change, you can avoid its application to your accounts by discontinuing the related service. If you have elected to receive Bank disclosures electronically, we will notify you by e-mail that the Change in Terms notice is available for you to pick up on our secure web site. Otherwise the change will be mailed to you. We can change terms without advance notice if (a) the change is not adverse to you, or (b) the change is necessary to maintain or restore the security of the Online Banking Home Banking system.<br /> </li><li><strong> Setoff, Attorney''s Fees and Collection Costs</strong> If your use of Online Banking, Bill Payer or External transfer Wire service results in your becoming indebted to us, and you do not pay what you owe upon our written demand, you agree that we can, unless prohibited by law or the account agreement, take funds in any Bank account in which you have an interest to recover all or part of what you owe without advance notice to you. Our exercising this right in the event of your default will not waive our right to use other lawful means to collect what you owe us. If we cannot recover what you owe from your other Bank accounts, you agree to pay reasonable collection costs we incur before we take legal action. If we take legal action to collect what you owe, you agree to pay our reasonable attorney''s fees and costs of suit in addition to any other remedy the court finds proper, whether the legal action is a collection lawsuit, a proceeding to protect our interests if you become a bankruptcy debtor, an action to enforce a judgment, an appeal, or another type of legal action.<br /> </li></ol><p>&nbsp;</p>', 'Kony User', 'Kony Dev', CURRENT_TIMESTAMP, CURRENT_TIMESTAMP, CURRENT_TIMESTAMP, 0);
INSERT INTO [konyadminconsole].[product](id, Type_id, ProductCode, Name, Status_id, ProductFeatures, ProductCharges, productDescription, AdditionalInformation, termsAndConditions, createdby, modifiedby, createdts, lastmodifiedts, synctimestamp, softdeleteflag) VALUES ('PRODUCT3', 'PRODUCT_TYPE1', '3', 'Premium Savings', 'SID_PRO_ACTIVE', '<ol><li>Earns interest</li><li>Automatic Savings Program</li><li>Online and mobile banking</li><li>Account Alerts Access to 16,000 ATMs and 5,100 branches</li><li>FDIC insurance protection</li></ol>', '<ul><li>Minimum required deposit: None</li><li>Minimum monthly balance required: $5.00</li><li>Monthly service charges: None</li><li>Dividend pay: Compounded and paid monthly</li><li>Free online banking available: Yes</li></ul>', '1. Earns interest 2. Automatic Savings Program 3. Online and mobile banking 4. Account Alerts Access to 16,000 ATMs and 5,100 branches 6. FDIC insurance protection', '<p>Federal regulations limit the number of transfers/withdrawals from a savings account to six per calendar month via fax, telephone, online, ACH, or overdraft. You may transfer/withdraw as often as you like in person, via mail or messenger, ATM, or to pay loan payments.</p><p>Fees could reduce earnings on accounts.</p>', '<p>This Agreement covers Kony New Account Opening &nbsp;services. "You" refers to the persons receiving the services provided under this Agreement. <strong>1. Enrolling in Online Banking</strong></p><ol><li>After you have reviewed this agreement, you can enroll in Online Banking by clicking on the "Accept" button. Please retain a copy of this Agreement for your records, either by printing a copy or saving a copy on your computer''s hard drive. Your clicking on the Accept button constitutes your consent to the terms of this Agreement and your acknowledgment that you have been able to retain a copy of this Agreement in paper or electronic form.</li><li>Bill Payer: Bill Payer requires an additional enrollment from within Online Banking.</li><li>Wire Transfers: Wire Transfers requires your acceptance of the Wire Transfer Agreement found at the Wire Transfer selection site. This service allows you to transfer funds via the Automated Clearinghouse (ACH) system from any of your accounts at any financial institution to any other account held by you or another person at the same or another financial institution.</li><li><strong> Account Review</strong> All enrollments in Online Banking, Bill Payer and External transfer Wire service are subject to Bank review and approval. Your accounts with the Bank must be in good standing. To use Bill Pay, you must have a Bank checking account. <strong>3. Other Governing Laws and Agreements</strong> Your use of Online Banking, Bill Payer or External Transfer Wire services to conduct transactions on your Bank accounts is also subject to the terms of your Bank Member Account Handbook, Master Membership Agreement and Schedule of Fees and Charges. Online Banking, Bill Payer and External Transfer Wire service are subject to applicable California and federal law, including but not limited to the Electronic Funds Transfer Act and Federal Reserve Regulation E. External transfer Wire service is also subject to the rules of the National Automated Clearing House Association (NACHA). If any provision of this Agreement is unenforceable, the remaining provisions will continue in effect. This Agreement will be given its reasonable meaning and not construed against either party. <strong>4. Required Equipment</strong> To use Online Banking, Bill Payer or External transfer Wire service, you will need the following: (a) Internet access; (b) a computer with modem and Internet browser that can support SSL and 128-bit encryption (Microsoft Internet Explorer 4.01 or later, Netscape Navigator/Communicator 4.51 or later, or AOL 3.0 or later, should support this level of encryption); and (c) access to a printer and/or other storage medium such as a hard drive for downloading information or printing disclosures. If these requirements change, we will notify you at least 21 days in advance. By clicking on the Accept button, you confirm that you have the equipment required to use Online Banking, Bill Payer and External transfer Wire service. <strong>5. Your Responsibility for Your Equipment</strong> You are solely responsible for installing, maintaining and operating your computer and your internet access. We will not be responsible for errors, deletions, failures, or damages of any kind that occur because of malfunctions of your computer, software or internet service. We will not be responsible for any virus that affects your computer or software while using our Online Banking, Bill Payer and or External Transfer Wire service. The warranties provided for Online Banking, Bill Payer and External Transfer WIREis limited to those expressly stated in this Agreement. <strong>6. Your Responsibility for Complying with This Agreement</strong> EWireowner of an account on which Online Banking and/or Bill Payer and/or External Transfer Wire service is established is responsible, jointly and individually, to meet the terms of this Agreement. These obligations continue until you notify us to terminate Online Banking and/or Bill Payer and/or External Transfer Wire service or we cancel your Online Banking, Bill Payer service or External Transfer Wire service for a reason permitted by law or this Agreement. EWireowner is responsible for all obligations incurred as a result of authorized use of Online Banking, Bill Payer or External Transfer Wire service until you or we terminate the service(s). Termination of Online Banking, Bill Payer or External Transfer Wire service will not relieve you of obligations incurred prior to termination. This obligation to the Bank will continue even if an owner is later relieved of the obligation by an agreement or court order to which we are not a party, such as a divorce decree. We are not subject to any agreement or court order to which we are not a party. No release from the obligations under this Agreement will be valid unless (a) in writing and signed by an authorized Bank employee or (b) pursuant to a court order in an action to which the Bank is a party. <strong>7. Security of Your Accounts</strong></li><li><strong>Your passcode:</strong>When you sign up for Online Banking, you will choose your own Access Identification Code (Access ID) and a Passcode. You will need both the Access ID and the Passcode to use the Service You are responsible for keeping your Access ID and Passcode secure. Refer to section 12 of this Agreement for information about your potential liability for unauthorized use of your accounts. Your Passcode is encrypted into our Online Banking database through Digital Insight. No person at Kony Bank or Digital Insight has access to your Passcode. No person at Kony Bank or Digital Insight is permitted to ask you for your Passcode. If any person requests your Passcode, please report the incident to us immediately. If you voluntarily give your Passcode to any person, you are authorizing that person to see any information and conduct any transaction on your accounts that you can see or conduct yourself. You are responsible for all transactions initiated by that person. That person''s authorization to see and use your accounts continues until you change your Passcode.</li><li><strong>Log-On Security:</strong>Your session will be automatically logged off if you have reached your current timeout period without activity. This is to reduce the risk of unauthorized use if you inadvertently leave your computer unattended with Online Banking open. When you return to your computer, you will be prompted to re-enter your Passcode, and your session will continue where you left off.</li><li><strong>Security Technology:</strong>(i) Online Banking uses Secure Socket Layer (SSL) encryption. The system will typically warn you if your Internet Browser does not have sufficient capacity to support our encryption system. If SSL is securing your communications with us, the appearance of a small padlock icon at the bottom of your screen should change to indicate this fact. (ii) The servers hosting Online Banking at Digital Insight have been certified by "Certificate Authority" to assure you that you are actually talking to Digital Insight instead of someone pretending to be Digital Insight. Depending on the age of your browser, you may see that "Certificate Authorities" have expired. If this happens, you must update it on your browser. Instructions for upgrading your browser are located in the Browser Update Link, which is located at the bottom of the Online Banking login page. (iii) Digital Insight will pass an encrypted cookie to your computer during your Online Banking sessions. These cookies do not collect any personal information about you. The cookies allow you to process several transactions without re-entering your Passcode for eWiretransaction. The cookie is destroyed when you log off of Online Banking, close your browser, or turn off your computer.</li><li><strong>Security Notices:</strong>In addition to the security features described above, there may be other security-related notices posted on our web site or Online Banking service from time to time. You are responsible for reading all security notices.</li><li><strong>No Security Warranty:</strong>Notwithstanding our efforts to ensure that Online Banking is secure, we cannot and do not warrant that either the Online Banking Home Banking system or data transmitted using the system will be free from monitoring or access by others.</li><li><strong> Privacy</strong> Please refer to the privacy statement on our website or to our printed privacy policy for full details of our policy on protecting your personal and financial information. With respect to your use of Online Banking, Bill Payer External transfer Wire service, we will disclose information about your accounts and the transfers you make to third parties (a) when necessary to complete transfers; (b) to verify the existence and condition of your account for a third party such as a credit bureau or merchant; (c) to comply with a governmental agency or court order; (d) if you give us written permission; (e) if necessary to fulfill agreements between us and our third party Online Banking, Bill Payer and External transfer Wire service providers; or (f) if it involves a claim by or against us in connection with a deposit to or withdrawal from your account.<br /> </li><li><strong> Termination</strong> We can discontinue any services we offer, including Online Banking, Bill Payer or External transfer Wire service. . We will notify you at least 21 days in advance if we do this. We can cancel your use of Online Banking, Bill Payer or External transfer Wire service without notice if you default on any term of any agreement you have with Kony Bank. If you close your Bank accounts, or if you have not used Online Banking for 6 consecutive months, Online Banking will be discontinued. You can ask to terminate Online Banking and/or Bill Payer and/or External transfer Wire service at any time by submitting a request by mail, in person, or by e-mail. Termination of your Online Banking, Bill Payer or External transfer Wire service will not relieve you of your liability with respect to any transactions processed before the service was terminated.<br /> </li><li><strong> Business Days</strong> Our business days are Monday through Friday, excluding federal holidays.<br /> </li><li><strong> Changes in Terms</strong> We can change the terms of this Agreement by giving you at least 21 days advance notice. A change in terms may include adding new terms, deleting existing terms, or changing existing terms. If you object to a change, you can avoid its application to your accounts by discontinuing the related service. If you have elected to receive Bank disclosures electronically, we will notify you by e-mail that the Change in Terms notice is available for you to pick up on our secure web site. Otherwise the change will be mailed to you. We can change terms without advance notice if (a) the change is not adverse to you, or (b) the change is necessary to maintain or restore the security of the Online Banking Home Banking system.<br /> </li><li><strong> Setoff, Attorney''s Fees and Collection Costs</strong> If your use of Online Banking, Bill Payer or External transfer Wire service results in your becoming indebted to us, and you do not pay what you owe upon our written demand, you agree that we can, unless prohibited by law or the account agreement, take funds in any Bank account in which you have an interest to recover all or part of what you owe without advance notice to you. Our exercising this right in the event of your default will not waive our right to use other lawful means to collect what you owe us. If we cannot recover what you owe from your other Bank accounts, you agree to pay reasonable collection costs we incur before we take legal action. If we take legal action to collect what you owe, you agree to pay our reasonable attorney''s fees and costs of suit in addition to any other remedy the court finds proper, whether the legal action is a collection lawsuit, a proceeding to protect our interests if you become a bankruptcy debtor, an action to enforce a judgment, an appeal, or another type of legal action.<br /> </li></ol><p>&nbsp;</p>', 'Kony User', 'Kony Dev', CURRENT_TIMESTAMP, CURRENT_TIMESTAMP, CURRENT_TIMESTAMP, 0);
INSERT INTO [konyadminconsole].[product](id, Type_id, ProductCode, Name, Status_id, ProductFeatures, ProductCharges, productDescription, AdditionalInformation, termsAndConditions, createdby, modifiedby, createdts, lastmodifiedts, synctimestamp, softdeleteflag) VALUES ('PRODUCT4', 'PRODUCT_TYPE2', '4', 'Pro Checking', 'SID_PRO_ACTIVE', '<p>Our free personal checking account earns interest and has no minimum balance requirements. All you need is a $25 opening balance to gain access to over 55,000 ATMs and our Visa <sup> </sup>debit card.</p> ', '<ul><li>No minimum balance</li><li>Earns monthly interest</li><li>Direct deposit</li><li>No unexpected or hidden service fees</li><li>Overdraft protection services</li><li>Visa<sup></sup> debit card</li><li>Access to 55,000+ surcharge-free ATMs worldwide</li><li>Access to Online/Mobile Banking</li><li>Access to our Bill Pay service</li><li>Access to E-Document service for paperless statements and notices</li><li>Access to our Mobile Check Deposit service<sup>*</sup></li></ul>', 'Our free personal checking account earns interest and has no minimum balance requirements. All you need is a $25 opening balance to gain access to over 55,000 ATMs and our Visa  debit card. ', '<p>All of our checking accounts come with access to online banking, both on your desktop and smartphone. Access your accounts anytime, anywhere.</p> ', '<p>This Agreement covers Kony New Account Opening &nbsp;services. "You" refers to the persons receiving the services provided under this Agreement. <strong>1. Enrolling in Online Banking</strong></p><ol><li>After you have reviewed this agreement, you can enroll in Online Banking by clicking on the "Accept" button. Please retain a copy of this Agreement for your records, either by printing a copy or saving a copy on your computer''s hard drive. Your clicking on the Accept button constitutes your consent to the terms of this Agreement and your acknowledgment that you have been able to retain a copy of this Agreement in paper or electronic form.</li><li>Bill Payer: Bill Payer requires an additional enrollment from within Online Banking.</li><li>Wire Transfers: Wire Transfers requires your acceptance of the Wire Transfer Agreement found at the Wire Transfer selection site. This service allows you to transfer funds via the Automated Clearinghouse (ACH) system from any of your accounts at any financial institution to any other account held by you or another person at the same or another financial institution.</li><li><strong> Account Review</strong> All enrollments in Online Banking, Bill Payer and External transfer Wire service are subject to Bank review and approval. Your accounts with the Bank must be in good standing. To use Bill Pay, you must have a Bank checking account. <strong>3. Other Governing Laws and Agreements</strong> Your use of Online Banking, Bill Payer or External Transfer Wire services to conduct transactions on your Bank accounts is also subject to the terms of your Bank Member Account Handbook, Master Membership Agreement and Schedule of Fees and Charges. Online Banking, Bill Payer and External Transfer Wire service are subject to applicable California and federal law, including but not limited to the Electronic Funds Transfer Act and Federal Reserve Regulation E. External transfer Wire service is also subject to the rules of the National Automated Clearing House Association (NACHA). If any provision of this Agreement is unenforceable, the remaining provisions will continue in effect. This Agreement will be given its reasonable meaning and not construed against either party. <strong>4. Required Equipment</strong> To use Online Banking, Bill Payer or External transfer Wire service, you will need the following: (a) Internet access; (b) a computer with modem and Internet browser that can support SSL and 128-bit encryption (Microsoft Internet Explorer 4.01 or later, Netscape Navigator/Communicator 4.51 or later, or AOL 3.0 or later, should support this level of encryption); and (c) access to a printer and/or other storage medium such as a hard drive for downloading information or printing disclosures. If these requirements change, we will notify you at least 21 days in advance. By clicking on the Accept button, you confirm that you have the equipment required to use Online Banking, Bill Payer and External transfer Wire service. <strong>5. Your Responsibility for Your Equipment</strong> You are solely responsible for installing, maintaining and operating your computer and your internet access. We will not be responsible for errors, deletions, failures, or damages of any kind that occur because of malfunctions of your computer, software or internet service. We will not be responsible for any virus that affects your computer or software while using our Online Banking, Bill Payer and or External Transfer Wire service. The warranties provided for Online Banking, Bill Payer and External Transfer WIREis limited to those expressly stated in this Agreement. <strong>6. Your Responsibility for Complying with This Agreement</strong> EWireowner of an account on which Online Banking and/or Bill Payer and/or External Transfer Wire service is established is responsible, jointly and individually, to meet the terms of this Agreement. These obligations continue until you notify us to terminate Online Banking and/or Bill Payer and/or External Transfer Wire service or we cancel your Online Banking, Bill Payer service or External Transfer Wire service for a reason permitted by law or this Agreement. EWireowner is responsible for all obligations incurred as a result of authorized use of Online Banking, Bill Payer or External Transfer Wire service until you or we terminate the service(s). Termination of Online Banking, Bill Payer or External Transfer Wire service will not relieve you of obligations incurred prior to termination. This obligation to the Bank will continue even if an owner is later relieved of the obligation by an agreement or court order to which we are not a party, such as a divorce decree. We are not subject to any agreement or court order to which we are not a party. No release from the obligations under this Agreement will be valid unless (a) in writing and signed by an authorized Bank employee or (b) pursuant to a court order in an action to which the Bank is a party. <strong>7. Security of Your Accounts</strong></li><li><strong>Your passcode:</strong>When you sign up for Online Banking, you will choose your own Access Identification Code (Access ID) and a Passcode. You will need both the Access ID and the Passcode to use the Service You are responsible for keeping your Access ID and Passcode secure. Refer to section 12 of this Agreement for information about your potential liability for unauthorized use of your accounts. Your Passcode is encrypted into our Online Banking database through Digital Insight. No person at Kony Bank or Digital Insight has access to your Passcode. No person at Kony Bank or Digital Insight is permitted to ask you for your Passcode. If any person requests your Passcode, please report the incident to us immediately. If you voluntarily give your Passcode to any person, you are authorizing that person to see any information and conduct any transaction on your accounts that you can see or conduct yourself. You are responsible for all transactions initiated by that person. That person''s authorization to see and use your accounts continues until you change your Passcode.</li><li><strong>Log-On Security:</strong>Your session will be automatically logged off if you have reached your current timeout period without activity. This is to reduce the risk of unauthorized use if you inadvertently leave your computer unattended with Online Banking open. When you return to your computer, you will be prompted to re-enter your Passcode, and your session will continue where you left off.</li><li><strong>Security Technology:</strong>(i) Online Banking uses Secure Socket Layer (SSL) encryption. The system will typically warn you if your Internet Browser does not have sufficient capacity to support our encryption system. If SSL is securing your communications with us, the appearance of a small padlock icon at the bottom of your screen should change to indicate this fact. (ii) The servers hosting Online Banking at Digital Insight have been certified by "Certificate Authority" to assure you that you are actually talking to Digital Insight instead of someone pretending to be Digital Insight. Depending on the age of your browser, you may see that "Certificate Authorities" have expired. If this happens, you must update it on your browser. Instructions for upgrading your browser are located in the Browser Update Link, which is located at the bottom of the Online Banking login page. (iii) Digital Insight will pass an encrypted cookie to your computer during your Online Banking sessions. These cookies do not collect any personal information about you. The cookies allow you to process several transactions without re-entering your Passcode for eWiretransaction. The cookie is destroyed when you log off of Online Banking, close your browser, or turn off your computer.</li><li><strong>Security Notices:</strong>In addition to the security features described above, there may be other security-related notices posted on our web site or Online Banking service from time to time. You are responsible for reading all security notices.</li><li><strong>No Security Warranty:</strong>Notwithstanding our efforts to ensure that Online Banking is secure, we cannot and do not warrant that either the Online Banking Home Banking system or data transmitted using the system will be free from monitoring or access by others.</li><li><strong> Privacy</strong> Please refer to the privacy statement on our website or to our printed privacy policy for full details of our policy on protecting your personal and financial information. With respect to your use of Online Banking, Bill Payer External transfer Wire service, we will disclose information about your accounts and the transfers you make to third parties (a) when necessary to complete transfers; (b) to verify the existence and condition of your account for a third party such as a credit bureau or merchant; (c) to comply with a governmental agency or court order; (d) if you give us written permission; (e) if necessary to fulfill agreements between us and our third party Online Banking, Bill Payer and External transfer Wire service providers; or (f) if it involves a claim by or against us in connection with a deposit to or withdrawal from your account.<br /> </li><li><strong> Termination</strong> We can discontinue any services we offer, including Online Banking, Bill Payer or External transfer Wire service. . We will notify you at least 21 days in advance if we do this. We can cancel your use of Online Banking, Bill Payer or External transfer Wire service without notice if you default on any term of any agreement you have with Kony Bank. If you close your Bank accounts, or if you have not used Online Banking for 6 consecutive months, Online Banking will be discontinued. You can ask to terminate Online Banking and/or Bill Payer and/or External transfer Wire service at any time by submitting a request by mail, in person, or by e-mail. Termination of your Online Banking, Bill Payer or External transfer Wire service will not relieve you of your liability with respect to any transactions processed before the service was terminated.<br /> </li><li><strong> Business Days</strong> Our business days are Monday through Friday, excluding federal holidays.<br /> </li><li><strong> Changes in Terms</strong> We can change the terms of this Agreement by giving you at least 21 days advance notice. A change in terms may include adding new terms, deleting existing terms, or changing existing terms. If you object to a change, you can avoid its application to your accounts by discontinuing the related service. If you have elected to receive Bank disclosures electronically, we will notify you by e-mail that the Change in Terms notice is available for you to pick up on our secure web site. Otherwise the change will be mailed to you. We can change terms without advance notice if (a) the change is not adverse to you, or (b) the change is necessary to maintain or restore the security of the Online Banking Home Banking system.<br /> </li><li><strong> Setoff, Attorney''s Fees and Collection Costs</strong> If your use of Online Banking, Bill Payer or External transfer Wire service results in your becoming indebted to us, and you do not pay what you owe upon our written demand, you agree that we can, unless prohibited by law or the account agreement, take funds in any Bank account in which you have an interest to recover all or part of what you owe without advance notice to you. Our exercising this right in the event of your default will not waive our right to use other lawful means to collect what you owe us. If we cannot recover what you owe from your other Bank accounts, you agree to pay reasonable collection costs we incur before we take legal action. If we take legal action to collect what you owe, you agree to pay our reasonable attorney''s fees and costs of suit in addition to any other remedy the court finds proper, whether the legal action is a collection lawsuit, a proceeding to protect our interests if you become a bankruptcy debtor, an action to enforce a judgment, an appeal, or another type of legal action.<br /> </li></ol><p>&nbsp;</p>', 'Kony User', 'Kony Dev', CURRENT_TIMESTAMP, CURRENT_TIMESTAMP, CURRENT_TIMESTAMP, 0);
INSERT INTO [konyadminconsole].[product](id, Type_id, ProductCode, Name, Status_id, ProductFeatures, ProductCharges, productDescription, AdditionalInformation, termsAndConditions, createdby, modifiedby, createdts, lastmodifiedts, synctimestamp, softdeleteflag) VALUES ('PRODUCT5', 'PRODUCT_TYPE2', '5', 'Youth Checking', 'SID_PRO_ACTIVE', '<p>Our Youth Checking account is designed to help young members aged 13-17 develop solid financial habits for saving, budgeting, and managing their money.</p>', '<ul><li>Interest-bearing savings and checking account', 'Our Youth Checking account is designed to help young members aged 13-17 develop solid financial habits for saving, budgeting, and managing their money.', '<p>All of our checking accounts come with access to online banking, both on your desktop and smartphone. Access your accounts anytime, anywhere. </p> ', '<p>This Agreement covers Kony New Account Opening &nbsp;services. "You" refers to the persons receiving the services provided under this Agreement. <strong>1. Enrolling in Online Banking</strong></p><ol><li>After you have reviewed this agreement, you can enroll in Online Banking by clicking on the "Accept" button. Please retain a copy of this Agreement for your records, either by printing a copy or saving a copy on your computer''s hard drive. Your clicking on the Accept button constitutes your consent to the terms of this Agreement and your acknowledgment that you have been able to retain a copy of this Agreement in paper or electronic form.</li><li>Bill Payer: Bill Payer requires an additional enrollment from within Online Banking.</li><li>Wire Transfers: Wire Transfers requires your acceptance of the Wire Transfer Agreement found at the Wire Transfer selection site. This service allows you to transfer funds via the Automated Clearinghouse (ACH) system from any of your accounts at any financial institution to any other account held by you or another person at the same or another financial institution.</li><li><strong> Account Review</strong> All enrollments in Online Banking, Bill Payer and External transfer Wire service are subject to Bank review and approval. Your accounts with the Bank must be in good standing. To use Bill Pay, you must have a Bank checking account. <strong>3. Other Governing Laws and Agreements</strong> Your use of Online Banking, Bill Payer or External Transfer Wire services to conduct transactions on your Bank accounts is also subject to the terms of your Bank Member Account Handbook, Master Membership Agreement and Schedule of Fees and Charges. Online Banking, Bill Payer and External Transfer Wire service are subject to applicable California and federal law, including but not limited to the Electronic Funds Transfer Act and Federal Reserve Regulation E. External transfer Wire service is also subject to the rules of the National Automated Clearing House Association (NACHA). If any provision of this Agreement is unenforceable, the remaining provisions will continue in effect. This Agreement will be given its reasonable meaning and not construed against either party. <strong>4. Required Equipment</strong> To use Online Banking, Bill Payer or External transfer Wire service, you will need the following: (a) Internet access; (b) a computer with modem and Internet browser that can support SSL and 128-bit encryption (Microsoft Internet Explorer 4.01 or later, Netscape Navigator/Communicator 4.51 or later, or AOL 3.0 or later, should support this level of encryption); and (c) access to a printer and/or other storage medium such as a hard drive for downloading information or printing disclosures. If these requirements change, we will notify you at least 21 days in advance. By clicking on the Accept button, you confirm that you have the equipment required to use Online Banking, Bill Payer and External transfer Wire service. <strong>5. Your Responsibility for Your Equipment</strong> You are solely responsible for installing, maintaining and operating your computer and your internet access. We will not be responsible for errors, deletions, failures, or damages of any kind that occur because of malfunctions of your computer, software or internet service. We will not be responsible for any virus that affects your computer or software while using our Online Banking, Bill Payer and or External Transfer Wire service. The warranties provided for Online Banking, Bill Payer and External Transfer WIREis limited to those expressly stated in this Agreement. <strong>6. Your Responsibility for Complying with This Agreement</strong> EWireowner of an account on which Online Banking and/or Bill Payer and/or External Transfer Wire service is established is responsible, jointly and individually, to meet the terms of this Agreement. These obligations continue until you notify us to terminate Online Banking and/or Bill Payer and/or External Transfer Wire service or we cancel your Online Banking, Bill Payer service or External Transfer Wire service for a reason permitted by law or this Agreement. EWireowner is responsible for all obligations incurred as a result of authorized use of Online Banking, Bill Payer or External Transfer Wire service until you or we terminate the service(s). Termination of Online Banking, Bill Payer or External Transfer Wire service will not relieve you of obligations incurred prior to termination. This obligation to the Bank will continue even if an owner is later relieved of the obligation by an agreement or court order to which we are not a party, such as a divorce decree. We are not subject to any agreement or court order to which we are not a party. No release from the obligations under this Agreement will be valid unless (a) in writing and signed by an authorized Bank employee or (b) pursuant to a court order in an action to which the Bank is a party. <strong>7. Security of Your Accounts</strong></li><li><strong>Your passcode:</strong>When you sign up for Online Banking, you will choose your own Access Identification Code (Access ID) and a Passcode. You will need both the Access ID and the Passcode to use the Service You are responsible for keeping your Access ID and Passcode secure. Refer to section 12 of this Agreement for information about your potential liability for unauthorized use of your accounts. Your Passcode is encrypted into our Online Banking database through Digital Insight. No person at Kony Bank or Digital Insight has access to your Passcode. No person at Kony Bank or Digital Insight is permitted to ask you for your Passcode. If any person requests your Passcode, please report the incident to us immediately. If you voluntarily give your Passcode to any person, you are authorizing that person to see any information and conduct any transaction on your accounts that you can see or conduct yourself. You are responsible for all transactions initiated by that person. That person''s authorization to see and use your accounts continues until you change your Passcode.</li><li><strong>Log-On Security:</strong>Your session will be automatically logged off if you have reached your current timeout period without activity. This is to reduce the risk of unauthorized use if you inadvertently leave your computer unattended with Online Banking open. When you return to your computer, you will be prompted to re-enter your Passcode, and your session will continue where you left off.</li><li><strong>Security Technology:</strong>(i) Online Banking uses Secure Socket Layer (SSL) encryption. The system will typically warn you if your Internet Browser does not have sufficient capacity to support our encryption system. If SSL is securing your communications with us, the appearance of a small padlock icon at the bottom of your screen should change to indicate this fact. (ii) The servers hosting Online Banking at Digital Insight have been certified by "Certificate Authority" to assure you that you are actually talking to Digital Insight instead of someone pretending to be Digital Insight. Depending on the age of your browser, you may see that "Certificate Authorities" have expired. If this happens, you must update it on your browser. Instructions for upgrading your browser are located in the Browser Update Link, which is located at the bottom of the Online Banking login page. (iii) Digital Insight will pass an encrypted cookie to your computer during your Online Banking sessions. These cookies do not collect any personal information about you. The cookies allow you to process several transactions without re-entering your Passcode for eWiretransaction. The cookie is destroyed when you log off of Online Banking, close your browser, or turn off your computer.</li><li><strong>Security Notices:</strong>In addition to the security features described above, there may be other security-related notices posted on our web site or Online Banking service from time to time. You are responsible for reading all security notices.</li><li><strong>No Security Warranty:</strong>Notwithstanding our efforts to ensure that Online Banking is secure, we cannot and do not warrant that either the Online Banking Home Banking system or data transmitted using the system will be free from monitoring or access by others.</li><li><strong> Privacy</strong> Please refer to the privacy statement on our website or to our printed privacy policy for full details of our policy on protecting your personal and financial information. With respect to your use of Online Banking, Bill Payer External transfer Wire service, we will disclose information about your accounts and the transfers you make to third parties (a) when necessary to complete transfers; (b) to verify the existence and condition of your account for a third party such as a credit bureau or merchant; (c) to comply with a governmental agency or court order; (d) if you give us written permission; (e) if necessary to fulfill agreements between us and our third party Online Banking, Bill Payer and External transfer Wire service providers; or (f) if it involves a claim by or against us in connection with a deposit to or withdrawal from your account.<br /> </li><li><strong> Termination</strong> We can discontinue any services we offer, including Online Banking, Bill Payer or External transfer Wire service. . We will notify you at least 21 days in advance if we do this. We can cancel your use of Online Banking, Bill Payer or External transfer Wire service without notice if you default on any term of any agreement you have with Kony Bank. If you close your Bank accounts, or if you have not used Online Banking for 6 consecutive months, Online Banking will be discontinued. You can ask to terminate Online Banking and/or Bill Payer and/or External transfer Wire service at any time by submitting a request by mail, in person, or by e-mail. Termination of your Online Banking, Bill Payer or External transfer Wire service will not relieve you of your liability with respect to any transactions processed before the service was terminated.<br /> </li><li><strong> Business Days</strong> Our business days are Monday through Friday, excluding federal holidays.<br /> </li><li><strong> Changes in Terms</strong> We can change the terms of this Agreement by giving you at least 21 days advance notice. A change in terms may include adding new terms, deleting existing terms, or changing existing terms. If you object to a change, you can avoid its application to your accounts by discontinuing the related service. If you have elected to receive Bank disclosures electronically, we will notify you by e-mail that the Change in Terms notice is available for you to pick up on our secure web site. Otherwise the change will be mailed to you. We can change terms without advance notice if (a) the change is not adverse to you, or (b) the change is necessary to maintain or restore the security of the Online Banking Home Banking system.<br /> </li><li><strong> Setoff, Attorney''s Fees and Collection Costs</strong> If your use of Online Banking, Bill Payer or External transfer Wire service results in your becoming indebted to us, and you do not pay what you owe upon our written demand, you agree that we can, unless prohibited by law or the account agreement, take funds in any Bank account in which you have an interest to recover all or part of what you owe without advance notice to you. Our exercising this right in the event of your default will not waive our right to use other lawful means to collect what you owe us. If we cannot recover what you owe from your other Bank accounts, you agree to pay reasonable collection costs we incur before we take legal action. If we take legal action to collect what you owe, you agree to pay our reasonable attorney''s fees and costs of suit in addition to any other remedy the court finds proper, whether the legal action is a collection lawsuit, a proceeding to protect our interests if you become a bankruptcy debtor, an action to enforce a judgment, an appeal, or another type of legal action.<br /> </li></ol><p>&nbsp;</p>', 'Kony User', 'Kony Dev', CURRENT_TIMESTAMP, CURRENT_TIMESTAMP, CURRENT_TIMESTAMP, 0);
INSERT INTO [konyadminconsole].[product](id, Type_id, ProductCode, Name, Status_id, ProductFeatures, ProductCharges, productDescription, AdditionalInformation, termsAndConditions, createdby, modifiedby, createdts, lastmodifiedts, synctimestamp, softdeleteflag) VALUES ('PRODUCT6', 'PRODUCT_TYPE2', '6', 'Business Checking', 'SID_PRO_ACTIVE', '<p>Our small business and commercial deposit accounts make banking simple and our products can grow with you as your business grows.</p>', '<ul><li>Dividend Rate/APY: .10 / .10</li><li>Minimum Opening Deposit: $20</li><li>Min Balance to Avoid Service Fee: N/A</li><li>Min Balance to Earn the Stated APY: $5,000</li><li>Monthly Service Fee: $10</li><li>Number of Items w/o fee: 150</li><li>Online/Mobile Banking: Free</li></ul>', 'Our small business and commercial deposit accounts make banking simple and our products can grow with you as your business grows.', '<p>All of our checking accounts come with access to online banking, both on your desktop and smartphone. Access your accounts anytime, anywhere. </p> ', '<p>This Agreement covers Kony New Account Opening &nbsp;services. "You" refers to the persons receiving the services provided under this Agreement. <strong>1. Enrolling in Online Banking</strong></p><ol><li>After you have reviewed this agreement, you can enroll in Online Banking by clicking on the "Accept" button. Please retain a copy of this Agreement for your records, either by printing a copy or saving a copy on your computer''s hard drive. Your clicking on the Accept button constitutes your consent to the terms of this Agreement and your acknowledgment that you have been able to retain a copy of this Agreement in paper or electronic form.</li><li>Bill Payer: Bill Payer requires an additional enrollment from within Online Banking.</li><li>Wire Transfers: Wire Transfers requires your acceptance of the Wire Transfer Agreement found at the Wire Transfer selection site. This service allows you to transfer funds via the Automated Clearinghouse (ACH) system from any of your accounts at any financial institution to any other account held by you or another person at the same or another financial institution.</li><li><strong> Account Review</strong> All enrollments in Online Banking, Bill Payer and External transfer Wire service are subject to Bank review and approval. Your accounts with the Bank must be in good standing. To use Bill Pay, you must have a Bank checking account. <strong>3. Other Governing Laws and Agreements</strong> Your use of Online Banking, Bill Payer or External Transfer Wire services to conduct transactions on your Bank accounts is also subject to the terms of your Bank Member Account Handbook, Master Membership Agreement and Schedule of Fees and Charges. Online Banking, Bill Payer and External Transfer Wire service are subject to applicable California and federal law, including but not limited to the Electronic Funds Transfer Act and Federal Reserve Regulation E. External transfer Wire service is also subject to the rules of the National Automated Clearing House Association (NACHA). If any provision of this Agreement is unenforceable, the remaining provisions will continue in effect. This Agreement will be given its reasonable meaning and not construed against either party. <strong>4. Required Equipment</strong> To use Online Banking, Bill Payer or External transfer Wire service, you will need the following: (a) Internet access; (b) a computer with modem and Internet browser that can support SSL and 128-bit encryption (Microsoft Internet Explorer 4.01 or later, Netscape Navigator/Communicator 4.51 or later, or AOL 3.0 or later, should support this level of encryption); and (c) access to a printer and/or other storage medium such as a hard drive for downloading information or printing disclosures. If these requirements change, we will notify you at least 21 days in advance. By clicking on the Accept button, you confirm that you have the equipment required to use Online Banking, Bill Payer and External transfer Wire service. <strong>5. Your Responsibility for Your Equipment</strong> You are solely responsible for installing, maintaining and operating your computer and your internet access. We will not be responsible for errors, deletions, failures, or damages of any kind that occur because of malfunctions of your computer, software or internet service. We will not be responsible for any virus that affects your computer or software while using our Online Banking, Bill Payer and or External Transfer Wire service. The warranties provided for Online Banking, Bill Payer and External Transfer WIREis limited to those expressly stated in this Agreement. <strong>6. Your Responsibility for Complying with This Agreement</strong> EWireowner of an account on which Online Banking and/or Bill Payer and/or External Transfer Wire service is established is responsible, jointly and individually, to meet the terms of this Agreement. These obligations continue until you notify us to terminate Online Banking and/or Bill Payer and/or External Transfer Wire service or we cancel your Online Banking, Bill Payer service or External Transfer Wire service for a reason permitted by law or this Agreement. EWireowner is responsible for all obligations incurred as a result of authorized use of Online Banking, Bill Payer or External Transfer Wire service until you or we terminate the service(s). Termination of Online Banking, Bill Payer or External Transfer Wire service will not relieve you of obligations incurred prior to termination. This obligation to the Bank will continue even if an owner is later relieved of the obligation by an agreement or court order to which we are not a party, such as a divorce decree. We are not subject to any agreement or court order to which we are not a party. No release from the obligations under this Agreement will be valid unless (a) in writing and signed by an authorized Bank employee or (b) pursuant to a court order in an action to which the Bank is a party. <strong>7. Security of Your Accounts</strong></li><li><strong>Your passcode:</strong>When you sign up for Online Banking, you will choose your own Access Identification Code (Access ID) and a Passcode. You will need both the Access ID and the Passcode to use the Service You are responsible for keeping your Access ID and Passcode secure. Refer to section 12 of this Agreement for information about your potential liability for unauthorized use of your accounts. Your Passcode is encrypted into our Online Banking database through Digital Insight. No person at Kony Bank or Digital Insight has access to your Passcode. No person at Kony Bank or Digital Insight is permitted to ask you for your Passcode. If any person requests your Passcode, please report the incident to us immediately. If you voluntarily give your Passcode to any person, you are authorizing that person to see any information and conduct any transaction on your accounts that you can see or conduct yourself. You are responsible for all transactions initiated by that person. That person''s authorization to see and use your accounts continues until you change your Passcode.</li><li><strong>Log-On Security:</strong>Your session will be automatically logged off if you have reached your current timeout period without activity. This is to reduce the risk of unauthorized use if you inadvertently leave your computer unattended with Online Banking open. When you return to your computer, you will be prompted to re-enter your Passcode, and your session will continue where you left off.</li><li><strong>Security Technology:</strong>(i) Online Banking uses Secure Socket Layer (SSL) encryption. The system will typically warn you if your Internet Browser does not have sufficient capacity to support our encryption system. If SSL is securing your communications with us, the appearance of a small padlock icon at the bottom of your screen should change to indicate this fact. (ii) The servers hosting Online Banking at Digital Insight have been certified by "Certificate Authority" to assure you that you are actually talking to Digital Insight instead of someone pretending to be Digital Insight. Depending on the age of your browser, you may see that "Certificate Authorities" have expired. If this happens, you must update it on your browser. Instructions for upgrading your browser are located in the Browser Update Link, which is located at the bottom of the Online Banking login page. (iii) Digital Insight will pass an encrypted cookie to your computer during your Online Banking sessions. These cookies do not collect any personal information about you. The cookies allow you to process several transactions without re-entering your Passcode for eWiretransaction. The cookie is destroyed when you log off of Online Banking, close your browser, or turn off your computer.</li><li><strong>Security Notices:</strong>In addition to the security features described above, there may be other security-related notices posted on our web site or Online Banking service from time to time. You are responsible for reading all security notices.</li><li><strong>No Security Warranty:</strong>Notwithstanding our efforts to ensure that Online Banking is secure, we cannot and do not warrant that either the Online Banking Home Banking system or data transmitted using the system will be free from monitoring or access by others.</li><li><strong> Privacy</strong> Please refer to the privacy statement on our website or to our printed privacy policy for full details of our policy on protecting your personal and financial information. With respect to your use of Online Banking, Bill Payer External transfer Wire service, we will disclose information about your accounts and the transfers you make to third parties (a) when necessary to complete transfers; (b) to verify the existence and condition of your account for a third party such as a credit bureau or merchant; (c) to comply with a governmental agency or court order; (d) if you give us written permission; (e) if necessary to fulfill agreements between us and our third party Online Banking, Bill Payer and External transfer Wire service providers; or (f) if it involves a claim by or against us in connection with a deposit to or withdrawal from your account.<br /> </li><li><strong> Termination</strong> We can discontinue any services we offer, including Online Banking, Bill Payer or External transfer Wire service. . We will notify you at least 21 days in advance if we do this. We can cancel your use of Online Banking, Bill Payer or External transfer Wire service without notice if you default on any term of any agreement you have with Kony Bank. If you close your Bank accounts, or if you have not used Online Banking for 6 consecutive months, Online Banking will be discontinued. You can ask to terminate Online Banking and/or Bill Payer and/or External transfer Wire service at any time by submitting a request by mail, in person, or by e-mail. Termination of your Online Banking, Bill Payer or External transfer Wire service will not relieve you of your liability with respect to any transactions processed before the service was terminated.<br /> </li><li><strong> Business Days</strong> Our business days are Monday through Friday, excluding federal holidays.<br /> </li><li><strong> Changes in Terms</strong> We can change the terms of this Agreement by giving you at least 21 days advance notice. A change in terms may include adding new terms, deleting existing terms, or changing existing terms. If you object to a change, you can avoid its application to your accounts by discontinuing the related service. If you have elected to receive Bank disclosures electronically, we will notify you by e-mail that the Change in Terms notice is available for you to pick up on our secure web site. Otherwise the change will be mailed to you. We can change terms without advance notice if (a) the change is not adverse to you, or (b) the change is necessary to maintain or restore the security of the Online Banking Home Banking system.<br /> </li><li><strong> Setoff, Attorney''s Fees and Collection Costs</strong> If your use of Online Banking, Bill Payer or External transfer Wire service results in your becoming indebted to us, and you do not pay what you owe upon our written demand, you agree that we can, unless prohibited by law or the account agreement, take funds in any Bank account in which you have an interest to recover all or part of what you owe without advance notice to you. Our exercising this right in the event of your default will not waive our right to use other lawful means to collect what you owe us. If we cannot recover what you owe from your other Bank accounts, you agree to pay reasonable collection costs we incur before we take legal action. If we take legal action to collect what you owe, you agree to pay our reasonable attorney''s fees and costs of suit in addition to any other remedy the court finds proper, whether the legal action is a collection lawsuit, a proceeding to protect our interests if you become a bankruptcy debtor, an action to enforce a judgment, an appeal, or another type of legal action.<br /> </li></ol><p>&nbsp;</p>', 'Kony User', 'Kony Dev', CURRENT_TIMESTAMP, CURRENT_TIMESTAMP, CURRENT_TIMESTAMP, 0);
INSERT INTO [konyadminconsole].[product](id, Type_id, ProductCode, Name, Status_id, ProductFeatures, ProductCharges, productDescription, AdditionalInformation, termsAndConditions, createdby, modifiedby, createdts, lastmodifiedts, synctimestamp, softdeleteflag) VALUES ('PRODUCT7', 'PRODUCT_TYPE3', '7', 'Freedom Credit Card', 'SID_PRO_ACTIVE', '<p>As a cardholder, you will enjoy these features</p><ul><li>0% Introductory APR1 on all Purchases for six months</li><li>0% Introductory APR2 for twelve months on Balance Transfers</li><li>9.50% - 17.50% APR<sup>*<sup></li><li>Up to 2% rebate on the first $500,000 net spentA revolving base line of credit, plus a non-revolving pay in full line of credit valued at up to two times the base amount. Now that is a lot of buying power!</li></ul><p>Qualified purchases benefit from the security offered through Extended Warranty coverage that doubles the warranty time period and duplicates the coverage for up to one year.</p><p>Pay for the entire cost of a product and if within 60 days of the date of purchase you see either a printed ad or non-auction Internet ad for the same product (same model and model year) at a lower price, MasterCard<sup> </sup>refunds the difference.Personal Identity Solution Services provides cardholders with access to a number of Identity Theft resolutions services.</p>', '<ul><li>Annual Fee: None</li><li>Late Payment Penalty: Up to $25</li><li>Returned Payment Penalty: Up to $25</li><li>Other Fees- </li><li>Duplicate statements: $4</li><li>Rush card delivery: $37.50</li></ul>', 'As a cardholder, you will enjoy these features 0% Introductory APR1 on all Purchases for six months 0% Introductory APR2 for twelve months on Balance Transfers 9.50% - 17.50% APR* Up to 2% rebate on the first $500,000 net spent A revolving base line of credit, plus a non-revolving pay in full line of credit valued at up to two times the base amount. Now that is a lot of buying power! Qualified purchases benefit from the security offered through Extended Warranty coverage that doubles the warranty time period and duplicates the coverage for up to one year. Pay for the entire cost of a product and if within 60 days of the date of purchase you see either a printed ad or non-auction Internet ad for the same product (same model and model year) at a lower price, MasterCard refunds the difference. Personal Identity Solution Services provides cardholders with access to a number of Identity Theft resolutions services.', '<p>Your due date is at least 25 days after the close of each billing cycle. We will not charge you interest on purchases if you pay your entire balance by the due date each month. APR for Balance Transfers0% Introductory APR for twelve months2. After that, the Standard Rate APR will range from 9.50% to 17.50%, based on your creditworthiness. 0% Introductory APR for six months. After that, the Standard Rate APR will range from 9.50% to 17.50%, based on your creditworthiness.</p> ', '<p>This Agreement covers Kony New Account Opening &nbsp;services. "You" refers to the persons receiving the services provided under this Agreement. <strong>1. Enrolling in Online Banking</strong></p><ol><li>After you have reviewed this agreement, you can enroll in Online Banking by clicking on the "Accept" button. Please retain a copy of this Agreement for your records, either by printing a copy or saving a copy on your computer''s hard drive. Your clicking on the Accept button constitutes your consent to the terms of this Agreement and your acknowledgment that you have been able to retain a copy of this Agreement in paper or electronic form.</li><li>Bill Payer: Bill Payer requires an additional enrollment from within Online Banking.</li><li>Wire Transfers: Wire Transfers requires your acceptance of the Wire Transfer Agreement found at the Wire Transfer selection site. This service allows you to transfer funds via the Automated Clearinghouse (ACH) system from any of your accounts at any financial institution to any other account held by you or another person at the same or another financial institution.</li><li><strong> Account Review</strong> All enrollments in Online Banking, Bill Payer and External transfer Wire service are subject to Bank review and approval. Your accounts with the Bank must be in good standing. To use Bill Pay, you must have a Bank checking account. <strong>3. Other Governing Laws and Agreements</strong> Your use of Online Banking, Bill Payer or External Transfer Wire services to conduct transactions on your Bank accounts is also subject to the terms of your Bank Member Account Handbook, Master Membership Agreement and Schedule of Fees and Charges. Online Banking, Bill Payer and External Transfer Wire service are subject to applicable California and federal law, including but not limited to the Electronic Funds Transfer Act and Federal Reserve Regulation E. External transfer Wire service is also subject to the rules of the National Automated Clearing House Association (NACHA). If any provision of this Agreement is unenforceable, the remaining provisions will continue in effect. This Agreement will be given its reasonable meaning and not construed against either party. <strong>4. Required Equipment</strong> To use Online Banking, Bill Payer or External transfer Wire service, you will need the following: (a) Internet access; (b) a computer with modem and Internet browser that can support SSL and 128-bit encryption (Microsoft Internet Explorer 4.01 or later, Netscape Navigator/Communicator 4.51 or later, or AOL 3.0 or later, should support this level of encryption); and (c) access to a printer and/or other storage medium such as a hard drive for downloading information or printing disclosures. If these requirements change, we will notify you at least 21 days in advance. By clicking on the Accept button, you confirm that you have the equipment required to use Online Banking, Bill Payer and External transfer Wire service. <strong>5. Your Responsibility for Your Equipment</strong> You are solely responsible for installing, maintaining and operating your computer and your internet access. We will not be responsible for errors, deletions, failures, or damages of any kind that occur because of malfunctions of your computer, software or internet service. We will not be responsible for any virus that affects your computer or software while using our Online Banking, Bill Payer and or External Transfer Wire service. The warranties provided for Online Banking, Bill Payer and External Transfer WIREis limited to those expressly stated in this Agreement. <strong>6. Your Responsibility for Complying with This Agreement</strong> EWireowner of an account on which Online Banking and/or Bill Payer and/or External Transfer Wire service is established is responsible, jointly and individually, to meet the terms of this Agreement. These obligations continue until you notify us to terminate Online Banking and/or Bill Payer and/or External Transfer Wire service or we cancel your Online Banking, Bill Payer service or External Transfer Wire service for a reason permitted by law or this Agreement. EWireowner is responsible for all obligations incurred as a result of authorized use of Online Banking, Bill Payer or External Transfer Wire service until you or we terminate the service(s). Termination of Online Banking, Bill Payer or External Transfer Wire service will not relieve you of obligations incurred prior to termination. This obligation to the Bank will continue even if an owner is later relieved of the obligation by an agreement or court order to which we are not a party, such as a divorce decree. We are not subject to any agreement or court order to which we are not a party. No release from the obligations under this Agreement will be valid unless (a) in writing and signed by an authorized Bank employee or (b) pursuant to a court order in an action to which the Bank is a party. <strong>7. Security of Your Accounts</strong></li><li><strong>Your passcode:</strong>When you sign up for Online Banking, you will choose your own Access Identification Code (Access ID) and a Passcode. You will need both the Access ID and the Passcode to use the Service You are responsible for keeping your Access ID and Passcode secure. Refer to section 12 of this Agreement for information about your potential liability for unauthorized use of your accounts. Your Passcode is encrypted into our Online Banking database through Digital Insight. No person at Kony Bank or Digital Insight has access to your Passcode. No person at Kony Bank or Digital Insight is permitted to ask you for your Passcode. If any person requests your Passcode, please report the incident to us immediately. If you voluntarily give your Passcode to any person, you are authorizing that person to see any information and conduct any transaction on your accounts that you can see or conduct yourself. You are responsible for all transactions initiated by that person. That person''s authorization to see and use your accounts continues until you change your Passcode.</li><li><strong>Log-On Security:</strong>Your session will be automatically logged off if you have reached your current timeout period without activity. This is to reduce the risk of unauthorized use if you inadvertently leave your computer unattended with Online Banking open. When you return to your computer, you will be prompted to re-enter your Passcode, and your session will continue where you left off.</li><li><strong>Security Technology:</strong>(i) Online Banking uses Secure Socket Layer (SSL) encryption. The system will typically warn you if your Internet Browser does not have sufficient capacity to support our encryption system. If SSL is securing your communications with us, the appearance of a small padlock icon at the bottom of your screen should change to indicate this fact. (ii) The servers hosting Online Banking at Digital Insight have been certified by "Certificate Authority" to assure you that you are actually talking to Digital Insight instead of someone pretending to be Digital Insight. Depending on the age of your browser, you may see that "Certificate Authorities" have expired. If this happens, you must update it on your browser. Instructions for upgrading your browser are located in the Browser Update Link, which is located at the bottom of the Online Banking login page. (iii) Digital Insight will pass an encrypted cookie to your computer during your Online Banking sessions. These cookies do not collect any personal information about you. The cookies allow you to process several transactions without re-entering your Passcode for eWiretransaction. The cookie is destroyed when you log off of Online Banking, close your browser, or turn off your computer.</li><li><strong>Security Notices:</strong>In addition to the security features described above, there may be other security-related notices posted on our web site or Online Banking service from time to time. You are responsible for reading all security notices.</li><li><strong>No Security Warranty:</strong>Notwithstanding our efforts to ensure that Online Banking is secure, we cannot and do not warrant that either the Online Banking Home Banking system or data transmitted using the system will be free from monitoring or access by others.</li><li><strong> Privacy</strong> Please refer to the privacy statement on our website or to our printed privacy policy for full details of our policy on protecting your personal and financial information. With respect to your use of Online Banking, Bill Payer External transfer Wire service, we will disclose information about your accounts and the transfers you make to third parties (a) when necessary to complete transfers; (b) to verify the existence and condition of your account for a third party such as a credit bureau or merchant; (c) to comply with a governmental agency or court order; (d) if you give us written permission; (e) if necessary to fulfill agreements between us and our third party Online Banking, Bill Payer and External transfer Wire service providers; or (f) if it involves a claim by or against us in connection with a deposit to or withdrawal from your account.<br /> </li><li><strong> Termination</strong> We can discontinue any services we offer, including Online Banking, Bill Payer or External transfer Wire service. . We will notify you at least 21 days in advance if we do this. We can cancel your use of Online Banking, Bill Payer or External transfer Wire service without notice if you default on any term of any agreement you have with Kony Bank. If you close your Bank accounts, or if you have not used Online Banking for 6 consecutive months, Online Banking will be discontinued. You can ask to terminate Online Banking and/or Bill Payer and/or External transfer Wire service at any time by submitting a request by mail, in person, or by e-mail. Termination of your Online Banking, Bill Payer or External transfer Wire service will not relieve you of your liability with respect to any transactions processed before the service was terminated.<br /> </li><li><strong> Business Days</strong> Our business days are Monday through Friday, excluding federal holidays.<br /> </li><li><strong> Changes in Terms</strong> We can change the terms of this Agreement by giving you at least 21 days advance notice. A change in terms may include adding new terms, deleting existing terms, or changing existing terms. If you object to a change, you can avoid its application to your accounts by discontinuing the related service. If you have elected to receive Bank disclosures electronically, we will notify you by e-mail that the Change in Terms notice is available for you to pick up on our secure web site. Otherwise the change will be mailed to you. We can change terms without advance notice if (a) the change is not adverse to you, or (b) the change is necessary to maintain or restore the security of the Online Banking Home Banking system.<br /> </li><li><strong> Setoff, Attorney''s Fees and Collection Costs</strong> If your use of Online Banking, Bill Payer or External transfer Wire service results in your becoming indebted to us, and you do not pay what you owe upon our written demand, you agree that we can, unless prohibited by law or the account agreement, take funds in any Bank account in which you have an interest to recover all or part of what you owe without advance notice to you. Our exercising this right in the event of your default will not waive our right to use other lawful means to collect what you owe us. If we cannot recover what you owe from your other Bank accounts, you agree to pay reasonable collection costs we incur before we take legal action. If we take legal action to collect what you owe, you agree to pay our reasonable attorney''s fees and costs of suit in addition to any other remedy the court finds proper, whether the legal action is a collection lawsuit, a proceeding to protect our interests if you become a bankruptcy debtor, an action to enforce a judgment, an appeal, or another type of legal action.<br /> </li></ol><p>&nbsp;</p>', 'Kony User', 'Kony Dev', CURRENT_TIMESTAMP, CURRENT_TIMESTAMP, CURRENT_TIMESTAMP, 0);
INSERT INTO [konyadminconsole].[product](id, Type_id, ProductCode, Name, Status_id, ProductFeatures, ProductCharges, productDescription, AdditionalInformation, termsAndConditions, createdby, modifiedby, createdts, lastmodifiedts, synctimestamp, softdeleteflag) VALUES ('PRODUCT8', 'PRODUCT_TYPE3', '8', 'Platinum MasterCard', 'SID_PRO_ACTIVE', '<p>As a cardholder, you will enjoy these benefits</p><ul><li>0% Introductory APR1 on Purchases for six months</li><li>$2,000 minimum Line of Credit</li><li>0% Introductory APR for Balance Transfers for twelve months2</li><li>7.99% - 17.99% APR</li><li>$1 Million Travel Accident Insurance</li><li>Price Protection</li><li>ID Theft Restoration Services</li><li>Baggage Delay Insurance</li><li>Extended Warranty</li><li>MasterCard<sup></sup> Global Service</li><li>Year-end Charge Summary<li>No Penalty Pricing, Annual Fee, Cash Advance Fee, Balance Transfer Fee, Over Credit Limit Fees, Default APR or Minimum Finance Charges</li><li>Minimum Payments as low as 2% of balance (minimum $18)</li><li>Convenient Payment Options</li><li>25-day Interest-Free Grace Period if balance is paid in full by next payment due date</li><li>Worldwide Acceptance and ATM access</li></ul>', '<ul><li>Annual Fee: None</li><li>Late Payment Penalty: Up to $25</li><li>Returned Payment Penalty: Up to $25</li><li>Other Fees- </li><li>Duplicate statements: $4</li><li>Rush card delivery: $37.50</li></ul>', 'As a cardholder, you will enjoy these benefits 0% Introductory APR1 on Purchases for six months $2,000 minimum Line of Credit 0% Introductory APR for Balance Transfers for twelve months2 7.99% - 17.99% APR $1 Million Travel Accident Insurance Price Protection ID Theft Restoration Services Baggage Delay Insurance Extended Warranty MasterCard Global Service Year-end Charge Summary No Penalty Pricing, Annual Fee, Cash Advance Fee, Balance Transfer Fee, Over Credit Limit Fees, Default APR or Minimum Finance Charges Minimum Payments as low as 2% of balance (minimum $18) Convenient Payment Options 25-day Interest-Free Grace Period if balance is paid in full by next payment due date Worldwide Acceptance and ATM access No Currency Conversion Charges (TDECU pays the charge on your behalf)', '<p>Your due date is at least 25 days after the close of each billing cycle. We will not charge you interest on purchases if you pay your entire balance by the due date each month. APR for Balance Transfers 0% Introductory APR for twelve months2. After that, the Standard Rate APR will range from 9.50% to 17.50%, based on your creditworthiness. 0% Introductory APR for six months. After that, the Standard Rate APR will range from 9.50% to 17.50%, based on your creditworthiness.<p>', '<p>This Agreement covers Kony New Account Opening &nbsp;services. "You" refers to the persons receiving the services provided under this Agreement. <strong>1. Enrolling in Online Banking</strong></p><ol><li>After you have reviewed this agreement, you can enroll in Online Banking by clicking on the "Accept" button. Please retain a copy of this Agreement for your records, either by printing a copy or saving a copy on your computer''s hard drive. Your clicking on the Accept button constitutes your consent to the terms of this Agreement and your acknowledgment that you have been able to retain a copy of this Agreement in paper or electronic form.</li><li>Bill Payer: Bill Payer requires an additional enrollment from within Online Banking.</li><li>Wire Transfers: Wire Transfers requires your acceptance of the Wire Transfer Agreement found at the Wire Transfer selection site. This service allows you to transfer funds via the Automated Clearinghouse (ACH) system from any of your accounts at any financial institution to any other account held by you or another person at the same or another financial institution.</li><li><strong> Account Review</strong> All enrollments in Online Banking, Bill Payer and External transfer Wire service are subject to Bank review and approval. Your accounts with the Bank must be in good standing. To use Bill Pay, you must have a Bank checking account. <strong>3. Other Governing Laws and Agreements</strong> Your use of Online Banking, Bill Payer or External Transfer Wire services to conduct transactions on your Bank accounts is also subject to the terms of your Bank Member Account Handbook, Master Membership Agreement and Schedule of Fees and Charges. Online Banking, Bill Payer and External Transfer Wire service are subject to applicable California and federal law, including but not limited to the Electronic Funds Transfer Act and Federal Reserve Regulation E. External transfer Wire service is also subject to the rules of the National Automated Clearing House Association (NACHA). If any provision of this Agreement is unenforceable, the remaining provisions will continue in effect. This Agreement will be given its reasonable meaning and not construed against either party. <strong>4. Required Equipment</strong> To use Online Banking, Bill Payer or External transfer Wire service, you will need the following: (a) Internet access; (b) a computer with modem and Internet browser that can support SSL and 128-bit encryption (Microsoft Internet Explorer 4.01 or later, Netscape Navigator/Communicator 4.51 or later, or AOL 3.0 or later, should support this level of encryption); and (c) access to a printer and/or other storage medium such as a hard drive for downloading information or printing disclosures. If these requirements change, we will notify you at least 21 days in advance. By clicking on the Accept button, you confirm that you have the equipment required to use Online Banking, Bill Payer and External transfer Wire service. <strong>5. Your Responsibility for Your Equipment</strong> You are solely responsible for installing, maintaining and operating your computer and your internet access. We will not be responsible for errors, deletions, failures, or damages of any kind that occur because of malfunctions of your computer, software or internet service. We will not be responsible for any virus that affects your computer or software while using our Online Banking, Bill Payer and or External Transfer Wire service. The warranties provided for Online Banking, Bill Payer and External Transfer WIREis limited to those expressly stated in this Agreement. <strong>6. Your Responsibility for Complying with This Agreement</strong> EWireowner of an account on which Online Banking and/or Bill Payer and/or External Transfer Wire service is established is responsible, jointly and individually, to meet the terms of this Agreement. These obligations continue until you notify us to terminate Online Banking and/or Bill Payer and/or External Transfer Wire service or we cancel your Online Banking, Bill Payer service or External Transfer Wire service for a reason permitted by law or this Agreement. EWireowner is responsible for all obligations incurred as a result of authorized use of Online Banking, Bill Payer or External Transfer Wire service until you or we terminate the service(s). Termination of Online Banking, Bill Payer or External Transfer Wire service will not relieve you of obligations incurred prior to termination. This obligation to the Bank will continue even if an owner is later relieved of the obligation by an agreement or court order to which we are not a party, such as a divorce decree. We are not subject to any agreement or court order to which we are not a party. No release from the obligations under this Agreement will be valid unless (a) in writing and signed by an authorized Bank employee or (b) pursuant to a court order in an action to which the Bank is a party. <strong>7. Security of Your Accounts</strong></li><li><strong>Your passcode:</strong>When you sign up for Online Banking, you will choose your own Access Identification Code (Access ID) and a Passcode. You will need both the Access ID and the Passcode to use the Service You are responsible for keeping your Access ID and Passcode secure. Refer to section 12 of this Agreement for information about your potential liability for unauthorized use of your accounts. Your Passcode is encrypted into our Online Banking database through Digital Insight. No person at Kony Bank or Digital Insight has access to your Passcode. No person at Kony Bank or Digital Insight is permitted to ask you for your Passcode. If any person requests your Passcode, please report the incident to us immediately. If you voluntarily give your Passcode to any person, you are authorizing that person to see any information and conduct any transaction on your accounts that you can see or conduct yourself. You are responsible for all transactions initiated by that person. That person''s authorization to see and use your accounts continues until you change your Passcode.</li><li><strong>Log-On Security:</strong>Your session will be automatically logged off if you have reached your current timeout period without activity. This is to reduce the risk of unauthorized use if you inadvertently leave your computer unattended with Online Banking open. When you return to your computer, you will be prompted to re-enter your Passcode, and your session will continue where you left off.</li><li><strong>Security Technology:</strong>(i) Online Banking uses Secure Socket Layer (SSL) encryption. The system will typically warn you if your Internet Browser does not have sufficient capacity to support our encryption system. If SSL is securing your communications with us, the appearance of a small padlock icon at the bottom of your screen should change to indicate this fact. (ii) The servers hosting Online Banking at Digital Insight have been certified by "Certificate Authority" to assure you that you are actually talking to Digital Insight instead of someone pretending to be Digital Insight. Depending on the age of your browser, you may see that "Certificate Authorities" have expired. If this happens, you must update it on your browser. Instructions for upgrading your browser are located in the Browser Update Link, which is located at the bottom of the Online Banking login page. (iii) Digital Insight will pass an encrypted cookie to your computer during your Online Banking sessions. These cookies do not collect any personal information about you. The cookies allow you to process several transactions without re-entering your Passcode for eWiretransaction. The cookie is destroyed when you log off of Online Banking, close your browser, or turn off your computer.</li><li><strong>Security Notices:</strong>In addition to the security features described above, there may be other security-related notices posted on our web site or Online Banking service from time to time. You are responsible for reading all security notices.</li><li><strong>No Security Warranty:</strong>Notwithstanding our efforts to ensure that Online Banking is secure, we cannot and do not warrant that either the Online Banking Home Banking system or data transmitted using the system will be free from monitoring or access by others.</li><li><strong> Privacy</strong> Please refer to the privacy statement on our website or to our printed privacy policy for full details of our policy on protecting your personal and financial information. With respect to your use of Online Banking, Bill Payer External transfer Wire service, we will disclose information about your accounts and the transfers you make to third parties (a) when necessary to complete transfers; (b) to verify the existence and condition of your account for a third party such as a credit bureau or merchant; (c) to comply with a governmental agency or court order; (d) if you give us written permission; (e) if necessary to fulfill agreements between us and our third party Online Banking, Bill Payer and External transfer Wire service providers; or (f) if it involves a claim by or against us in connection with a deposit to or withdrawal from your account.<br /> </li><li><strong> Termination</strong> We can discontinue any services we offer, including Online Banking, Bill Payer or External transfer Wire service. . We will notify you at least 21 days in advance if we do this. We can cancel your use of Online Banking, Bill Payer or External transfer Wire service without notice if you default on any term of any agreement you have with Kony Bank. If you close your Bank accounts, or if you have not used Online Banking for 6 consecutive months, Online Banking will be discontinued. You can ask to terminate Online Banking and/or Bill Payer and/or External transfer Wire service at any time by submitting a request by mail, in person, or by e-mail. Termination of your Online Banking, Bill Payer or External transfer Wire service will not relieve you of your liability with respect to any transactions processed before the service was terminated.<br /> </li><li><strong> Business Days</strong> Our business days are Monday through Friday, excluding federal holidays.<br /> </li><li><strong> Changes in Terms</strong> We can change the terms of this Agreement by giving you at least 21 days advance notice. A change in terms may include adding new terms, deleting existing terms, or changing existing terms. If you object to a change, you can avoid its application to your accounts by discontinuing the related service. If you have elected to receive Bank disclosures electronically, we will notify you by e-mail that the Change in Terms notice is available for you to pick up on our secure web site. Otherwise the change will be mailed to you. We can change terms without advance notice if (a) the change is not adverse to you, or (b) the change is necessary to maintain or restore the security of the Online Banking Home Banking system.<br /> </li><li><strong> Setoff, Attorney''s Fees and Collection Costs</strong> If your use of Online Banking, Bill Payer or External transfer Wire service results in your becoming indebted to us, and you do not pay what you owe upon our written demand, you agree that we can, unless prohibited by law or the account agreement, take funds in any Bank account in which you have an interest to recover all or part of what you owe without advance notice to you. Our exercising this right in the event of your default will not waive our right to use other lawful means to collect what you owe us. If we cannot recover what you owe from your other Bank accounts, you agree to pay reasonable collection costs we incur before we take legal action. If we take legal action to collect what you owe, you agree to pay our reasonable attorney''s fees and costs of suit in addition to any other remedy the court finds proper, whether the legal action is a collection lawsuit, a proceeding to protect our interests if you become a bankruptcy debtor, an action to enforce a judgment, an appeal, or another type of legal action.<br /> </li></ol><p>&nbsp;</p>', 'Kony User', 'Kony Dev', CURRENT_TIMESTAMP, CURRENT_TIMESTAMP, CURRENT_TIMESTAMP, 0);
INSERT INTO [konyadminconsole].[product](id, Type_id, ProductCode, Name, Status_id, ProductFeatures, ProductCharges, productDescription, AdditionalInformation, termsAndConditions, createdby, modifiedby, createdts, lastmodifiedts, synctimestamp, softdeleteflag) VALUES ('PRODUCT9', 'PRODUCT_TYPE3', '9', 'Family Gold Card', 'SID_PRO_ACTIVE', '<p>To introduce your teen to financial responsibility under your supervision.</p><ul><li>Flexibility for dependents cards</li><li>Control spending limits</li><li>Multiple billing options</li><li>As a cardholder, you will enjoy these benefits</li><li>0% Introductory APR on Purchases for six months</li><li>0% APR for Balance Transfers for twelve months2</li><li>7.99% - 17.99% APR</li><li>No Penalty Pricing, Annual Fee, Cash Advance Fee, Balance Transfer Fee, Over Credit Limit Fees, Default APR or Minimum Finance Charges</li><li>Minimum payments as low as 2% of balance (minimum $18)</li><li>25-day Interest-Free Grace Period if balance is paid in full by next payment due date</li><li>Worldwide acceptance and ATM Access</li><li>No Currency Conversion Charges (TDECU pays the charges on your behalf)</li><li>Convenient Payment Options</li><li>$1 Million Travel Accident Insurance</li><li>Baggage Delay Benefit</li><li>Price Protection</li><li>Extended Warranty</li><li>Year-End Summary of Charges</li></ul>', '<ul><li>Annual Fee: None</li><li>Late Payment Penalty: Up to $25</li><li>Returned Payment Penalty: Up to $25</li><li>Other Fees- </li><li>Duplicate statements: $4</li><li>Rush card delivery: $37.50</li></ul>', 'To introduce your teen to financial responsibility under your supervision. Flexibility for dependents cards Control spending limits Multiple billing options As a cardholder, you will enjoy these benefits 0% Introductory APR on Purchases for six months 0% APR for Balance Transfers for twelve months2 7.99% - 17.99% APR No Penalty Pricing, Annual Fee, Cash Advance Fee, Balance Transfer Fee, Over Credit Limit Fees, Default APR or Minimum Finance Charges Minimum payments as low as 2% of balance (minimum $18) 25-day Interest-Free Grace Period if balance is paid in full by next payment due date Worldwide acceptance and ATM Access No Currency Conversion Charges (TDECU pays the charges on your behalf) Convenient Payment Options $1 Million Travel Accident Insurance Baggage Delay Benefit Price Protection Extended Warranty Year-End Summary of Charges', '<p>Your due date is at least 25 days after the close of each billing cycle. We will not charge you interest on purchases if you pay your entire balance by the due date each month. APR for Balance Transfers', '<p>This Agreement covers Kony New Account Opening &nbsp;services. "You" refers to the persons receiving the services provided under this Agreement. <strong>1. Enrolling in Online Banking</strong></p><ol><li>After you have reviewed this agreement, you can enroll in Online Banking by clicking on the "Accept" button. Please retain a copy of this Agreement for your records, either by printing a copy or saving a copy on your computer''s hard drive. Your clicking on the Accept button constitutes your consent to the terms of this Agreement and your acknowledgment that you have been able to retain a copy of this Agreement in paper or electronic form.</li><li>Bill Payer: Bill Payer requires an additional enrollment from within Online Banking.</li><li>Wire Transfers: Wire Transfers requires your acceptance of the Wire Transfer Agreement found at the Wire Transfer selection site. This service allows you to transfer funds via the Automated Clearinghouse (ACH) system from any of your accounts at any financial institution to any other account held by you or another person at the same or another financial institution.</li><li><strong> Account Review</strong> All enrollments in Online Banking, Bill Payer and External transfer Wire service are subject to Bank review and approval. Your accounts with the Bank must be in good standing. To use Bill Pay, you must have a Bank checking account. <strong>3. Other Governing Laws and Agreements</strong> Your use of Online Banking, Bill Payer or External Transfer Wire services to conduct transactions on your Bank accounts is also subject to the terms of your Bank Member Account Handbook, Master Membership Agreement and Schedule of Fees and Charges. Online Banking, Bill Payer and External Transfer Wire service are subject to applicable California and federal law, including but not limited to the Electronic Funds Transfer Act and Federal Reserve Regulation E. External transfer Wire service is also subject to the rules of the National Automated Clearing House Association (NACHA). If any provision of this Agreement is unenforceable, the remaining provisions will continue in effect. This Agreement will be given its reasonable meaning and not construed against either party. <strong>4. Required Equipment</strong> To use Online Banking, Bill Payer or External transfer Wire service, you will need the following: (a) Internet access; (b) a computer with modem and Internet browser that can support SSL and 128-bit encryption (Microsoft Internet Explorer 4.01 or later, Netscape Navigator/Communicator 4.51 or later, or AOL 3.0 or later, should support this level of encryption); and (c) access to a printer and/or other storage medium such as a hard drive for downloading information or printing disclosures. If these requirements change, we will notify you at least 21 days in advance. By clicking on the Accept button, you confirm that you have the equipment required to use Online Banking, Bill Payer and External transfer Wire service. <strong>5. Your Responsibility for Your Equipment</strong> You are solely responsible for installing, maintaining and operating your computer and your internet access. We will not be responsible for errors, deletions, failures, or damages of any kind that occur because of malfunctions of your computer, software or internet service. We will not be responsible for any virus that affects your computer or software while using our Online Banking, Bill Payer and or External Transfer Wire service. The warranties provided for Online Banking, Bill Payer and External Transfer WIREis limited to those expressly stated in this Agreement. <strong>6. Your Responsibility for Complying with This Agreement</strong> EWireowner of an account on which Online Banking and/or Bill Payer and/or External Transfer Wire service is established is responsible, jointly and individually, to meet the terms of this Agreement. These obligations continue until you notify us to terminate Online Banking and/or Bill Payer and/or External Transfer Wire service or we cancel your Online Banking, Bill Payer service or External Transfer Wire service for a reason permitted by law or this Agreement. EWireowner is responsible for all obligations incurred as a result of authorized use of Online Banking, Bill Payer or External Transfer Wire service until you or we terminate the service(s). Termination of Online Banking, Bill Payer or External Transfer Wire service will not relieve you of obligations incurred prior to termination. This obligation to the Bank will continue even if an owner is later relieved of the obligation by an agreement or court order to which we are not a party, such as a divorce decree. We are not subject to any agreement or court order to which we are not a party. No release from the obligations under this Agreement will be valid unless (a) in writing and signed by an authorized Bank employee or (b) pursuant to a court order in an action to which the Bank is a party. <strong>7. Security of Your Accounts</strong></li><li><strong>Your passcode:</strong>When you sign up for Online Banking, you will choose your own Access Identification Code (Access ID) and a Passcode. You will need both the Access ID and the Passcode to use the Service You are responsible for keeping your Access ID and Passcode secure. Refer to section 12 of this Agreement for information about your potential liability for unauthorized use of your accounts. Your Passcode is encrypted into our Online Banking database through Digital Insight. No person at Kony Bank or Digital Insight has access to your Passcode. No person at Kony Bank or Digital Insight is permitted to ask you for your Passcode. If any person requests your Passcode, please report the incident to us immediately. If you voluntarily give your Passcode to any person, you are authorizing that person to see any information and conduct any transaction on your accounts that you can see or conduct yourself. You are responsible for all transactions initiated by that person. That person''s authorization to see and use your accounts continues until you change your Passcode.</li><li><strong>Log-On Security:</strong>Your session will be automatically logged off if you have reached your current timeout period without activity. This is to reduce the risk of unauthorized use if you inadvertently leave your computer unattended with Online Banking open. When you return to your computer, you will be prompted to re-enter your Passcode, and your session will continue where you left off.</li><li><strong>Security Technology:</strong>(i) Online Banking uses Secure Socket Layer (SSL) encryption. The system will typically warn you if your Internet Browser does not have sufficient capacity to support our encryption system. If SSL is securing your communications with us, the appearance of a small padlock icon at the bottom of your screen should change to indicate this fact. (ii) The servers hosting Online Banking at Digital Insight have been certified by "Certificate Authority" to assure you that you are actually talking to Digital Insight instead of someone pretending to be Digital Insight. Depending on the age of your browser, you may see that "Certificate Authorities" have expired. If this happens, you must update it on your browser. Instructions for upgrading your browser are located in the Browser Update Link, which is located at the bottom of the Online Banking login page. (iii) Digital Insight will pass an encrypted cookie to your computer during your Online Banking sessions. These cookies do not collect any personal information about you. The cookies allow you to process several transactions without re-entering your Passcode for eWiretransaction. The cookie is destroyed when you log off of Online Banking, close your browser, or turn off your computer.</li><li><strong>Security Notices:</strong>In addition to the security features described above, there may be other security-related notices posted on our web site or Online Banking service from time to time. You are responsible for reading all security notices.</li><li><strong>No Security Warranty:</strong>Notwithstanding our efforts to ensure that Online Banking is secure, we cannot and do not warrant that either the Online Banking Home Banking system or data transmitted using the system will be free from monitoring or access by others.</li><li><strong> Privacy</strong> Please refer to the privacy statement on our website or to our printed privacy policy for full details of our policy on protecting your personal and financial information. With respect to your use of Online Banking, Bill Payer External transfer Wire service, we will disclose information about your accounts and the transfers you make to third parties (a) when necessary to complete transfers; (b) to verify the existence and condition of your account for a third party such as a credit bureau or merchant; (c) to comply with a governmental agency or court order; (d) if you give us written permission; (e) if necessary to fulfill agreements between us and our third party Online Banking, Bill Payer and External transfer Wire service providers; or (f) if it involves a claim by or against us in connection with a deposit to or withdrawal from your account.<br /> </li><li><strong> Termination</strong> We can discontinue any services we offer, including Online Banking, Bill Payer or External transfer Wire service. . We will notify you at least 21 days in advance if we do this. We can cancel your use of Online Banking, Bill Payer or External transfer Wire service without notice if you default on any term of any agreement you have with Kony Bank. If you close your Bank accounts, or if you have not used Online Banking for 6 consecutive months, Online Banking will be discontinued. You can ask to terminate Online Banking and/or Bill Payer and/or External transfer Wire service at any time by submitting a request by mail, in person, or by e-mail. Termination of your Online Banking, Bill Payer or External transfer Wire service will not relieve you of your liability with respect to any transactions processed before the service was terminated.<br /> </li><li><strong> Business Days</strong> Our business days are Monday through Friday, excluding federal holidays.<br /> </li><li><strong> Changes in Terms</strong> We can change the terms of this Agreement by giving you at least 21 days advance notice. A change in terms may include adding new terms, deleting existing terms, or changing existing terms. If you object to a change, you can avoid its application to your accounts by discontinuing the related service. If you have elected to receive Bank disclosures electronically, we will notify you by e-mail that the Change in Terms notice is available for you to pick up on our secure web site. Otherwise the change will be mailed to you. We can change terms without advance notice if (a) the change is not adverse to you, or (b) the change is necessary to maintain or restore the security of the Online Banking Home Banking system.<br /> </li><li><strong> Setoff, Attorney''s Fees and Collection Costs</strong> If your use of Online Banking, Bill Payer or External transfer Wire service results in your becoming indebted to us, and you do not pay what you owe upon our written demand, you agree that we can, unless prohibited by law or the account agreement, take funds in any Bank account in which you have an interest to recover all or part of what you owe without advance notice to you. Our exercising this right in the event of your default will not waive our right to use other lawful means to collect what you owe us. If we cannot recover what you owe from your other Bank accounts, you agree to pay reasonable collection costs we incur before we take legal action. If we take legal action to collect what you owe, you agree to pay our reasonable attorney''s fees and costs of suit in addition to any other remedy the court finds proper, whether the legal action is a collection lawsuit, a proceeding to protect our interests if you become a bankruptcy debtor, an action to enforce a judgment, an appeal, or another type of legal action.<br /> </li></ol><p>&nbsp;</p>', 'Kony User', 'Kony Dev', CURRENT_TIMESTAMP, CURRENT_TIMESTAMP, CURRENT_TIMESTAMP, 0);
INSERT INTO [konyadminconsole].[producttype](id, Name, createdby, modifiedby, createdts, lastmodifiedts, synctimestamp, softdeleteflag) VALUES ('PRODUCT_TYPE1', 'Savings', 'Kony User', 'Kony Dev', CURRENT_TIMESTAMP, CURRENT_TIMESTAMP, CURRENT_TIMESTAMP, 0);
INSERT INTO [konyadminconsole].[producttype](id, Name, createdby, modifiedby, createdts, lastmodifiedts, synctimestamp, softdeleteflag) VALUES ('PRODUCT_TYPE2', 'Checking', 'Kony User', 'Kony Dev', CURRENT_TIMESTAMP, CURRENT_TIMESTAMP, CURRENT_TIMESTAMP, 0);
INSERT INTO [konyadminconsole].[producttype](id, Name, createdby, modifiedby, createdts, lastmodifiedts, synctimestamp, softdeleteflag) VALUES ('PRODUCT_TYPE3', 'Credit Card', 'Kony User', 'Kony Dev', CURRENT_TIMESTAMP, CURRENT_TIMESTAMP, CURRENT_TIMESTAMP, 0);
INSERT INTO [konyadminconsole].[producttype](id, Name, createdby, modifiedby, createdts, lastmodifiedts, synctimestamp, softdeleteflag) VALUES ('PRODUCT_TYPE4', 'Deposit', 'Kony User', 'Kony Dev', CURRENT_TIMESTAMP, CURRENT_TIMESTAMP, CURRENT_TIMESTAMP, 0);
INSERT INTO [konyadminconsole].[producttype](id, Name, createdby, modifiedby, createdts, lastmodifiedts, synctimestamp, softdeleteflag) VALUES ('PRODUCT_TYPE5', 'Mortgage', 'Kony User', 'Kony Dev', CURRENT_TIMESTAMP, CURRENT_TIMESTAMP, CURRENT_TIMESTAMP, 0);
INSERT INTO [konyadminconsole].[region](id, Country_id, Code, Name, createdby, modifiedby, createdts, lastmodifiedts, synctimestamp, softdeleteflag) VALUES ('R1', 'Con1', 'TS', 'Telangana', 'Kony User', 'Kony Dev', CURRENT_TIMESTAMP, CURRENT_TIMESTAMP, CURRENT_TIMESTAMP, 0);
INSERT INTO [konyadminconsole].[region](id, Country_id, Code, Name, createdby, modifiedby, createdts, lastmodifiedts, synctimestamp, softdeleteflag) VALUES ('R10', 'Con1', 'HR', 'Haryana', 'Kony User', 'Kony Dev', CURRENT_TIMESTAMP, CURRENT_TIMESTAMP, CURRENT_TIMESTAMP, 0);
INSERT INTO [konyadminconsole].[region](id, Country_id, Code, Name, createdby, modifiedby, createdts, lastmodifiedts, synctimestamp, softdeleteflag) VALUES ('R11', 'Con1', 'HP', 'Himachal Pradesh', 'Kony User', 'Kony Dev', CURRENT_TIMESTAMP, CURRENT_TIMESTAMP, CURRENT_TIMESTAMP, 0);
INSERT INTO [konyadminconsole].[region](id, Country_id, Code, Name, createdby, modifiedby, createdts, lastmodifiedts, synctimestamp, softdeleteflag) VALUES ('R12', 'Con1', 'JK', 'Jammu and Kashmir', 'Kony User', 'Kony Dev', CURRENT_TIMESTAMP, CURRENT_TIMESTAMP, CURRENT_TIMESTAMP, 0);
INSERT INTO [konyadminconsole].[region](id, Country_id, Code, Name, createdby, modifiedby, createdts, lastmodifiedts, synctimestamp, softdeleteflag) VALUES ('R13', 'Con1', 'JH', 'Jharkhand', 'Kony User', 'Kony Dev', CURRENT_TIMESTAMP, CURRENT_TIMESTAMP, CURRENT_TIMESTAMP, 0);
INSERT INTO [konyadminconsole].[region](id, Country_id, Code, Name, createdby, modifiedby, createdts, lastmodifiedts, synctimestamp, softdeleteflag) VALUES ('R14', 'Con1', 'KA', 'Karnataka', 'Kony User', 'Kony Dev', CURRENT_TIMESTAMP, CURRENT_TIMESTAMP, CURRENT_TIMESTAMP, 0);
INSERT INTO [konyadminconsole].[region](id, Country_id, Code, Name, createdby, modifiedby, createdts, lastmodifiedts, synctimestamp, softdeleteflag) VALUES ('R15', 'Con1', 'KL', 'Kerala', 'Kony User', 'Kony Dev', CURRENT_TIMESTAMP, CURRENT_TIMESTAMP, CURRENT_TIMESTAMP, 0);
INSERT INTO [konyadminconsole].[region](id, Country_id, Code, Name, createdby, modifiedby, createdts, lastmodifiedts, synctimestamp, softdeleteflag) VALUES ('R16', 'Con1', 'MP', 'Madhya Pradesh', 'Kony User', 'Kony Dev', CURRENT_TIMESTAMP, CURRENT_TIMESTAMP, CURRENT_TIMESTAMP, 0);
INSERT INTO [konyadminconsole].[region](id, Country_id, Code, Name, createdby, modifiedby, createdts, lastmodifiedts, synctimestamp, softdeleteflag) VALUES ('R17', 'Con1', 'MN', 'Manipur', 'Kony User', 'Kony Dev', CURRENT_TIMESTAMP, CURRENT_TIMESTAMP, CURRENT_TIMESTAMP, 0);
INSERT INTO [konyadminconsole].[region](id, Country_id, Code, Name, createdby, modifiedby, createdts, lastmodifiedts, synctimestamp, softdeleteflag) VALUES ('R18', 'Con1', 'ML', 'Meghalaya', 'Kony User', 'Kony Dev', CURRENT_TIMESTAMP, CURRENT_TIMESTAMP, CURRENT_TIMESTAMP, 0);
INSERT INTO [konyadminconsole].[region](id, Country_id, Code, Name, createdby, modifiedby, createdts, lastmodifiedts, synctimestamp, softdeleteflag) VALUES ('R19', 'Con1', 'MZ', 'Mizoram', 'Kony User', 'Kony Dev', CURRENT_TIMESTAMP, CURRENT_TIMESTAMP, CURRENT_TIMESTAMP, 0);
INSERT INTO [konyadminconsole].[region](id, Country_id, Code, Name, createdby, modifiedby, createdts, lastmodifiedts, synctimestamp, softdeleteflag) VALUES ('R2', 'Con1', 'MH', 'Maharastha', 'Kony User', 'Kony Dev', CURRENT_TIMESTAMP, CURRENT_TIMESTAMP, CURRENT_TIMESTAMP, 0);
INSERT INTO [konyadminconsole].[region](id, Country_id, Code, Name, createdby, modifiedby, createdts, lastmodifiedts, synctimestamp, softdeleteflag) VALUES ('R20', 'Con1', 'NL', 'Nagaland', 'Kony User', 'Kony Dev', CURRENT_TIMESTAMP, CURRENT_TIMESTAMP, CURRENT_TIMESTAMP, 0);
INSERT INTO [konyadminconsole].[region](id, Country_id, Code, Name, createdby, modifiedby, createdts, lastmodifiedts, synctimestamp, softdeleteflag) VALUES ('R21', 'Con1', 'OD', 'Odisha(Orissa)', 'Kony User', 'Kony Dev', CURRENT_TIMESTAMP, CURRENT_TIMESTAMP, CURRENT_TIMESTAMP, 0);
INSERT INTO [konyadminconsole].[region](id, Country_id, Code, Name, createdby, modifiedby, createdts, lastmodifiedts, synctimestamp, softdeleteflag) VALUES ('R22', 'Con1', 'PB', 'Punjab', 'Kony User', 'Kony Dev', CURRENT_TIMESTAMP, CURRENT_TIMESTAMP, CURRENT_TIMESTAMP, 0);
INSERT INTO [konyadminconsole].[region](id, Country_id, Code, Name, createdby, modifiedby, createdts, lastmodifiedts, synctimestamp, softdeleteflag) VALUES ('R23', 'Con1', 'RJ', 'Rajasthan', 'Kony User', 'Kony Dev', CURRENT_TIMESTAMP, CURRENT_TIMESTAMP, CURRENT_TIMESTAMP, 0);
INSERT INTO [konyadminconsole].[region](id, Country_id, Code, Name, createdby, modifiedby, createdts, lastmodifiedts, synctimestamp, softdeleteflag) VALUES ('R24', 'Con1', 'SK', 'Sikkim', 'Kony User', 'Kony Dev', CURRENT_TIMESTAMP, CURRENT_TIMESTAMP, CURRENT_TIMESTAMP, 0);
INSERT INTO [konyadminconsole].[region](id, Country_id, Code, Name, createdby, modifiedby, createdts, lastmodifiedts, synctimestamp, softdeleteflag) VALUES ('R25', 'Con1', 'TN', 'Tamil Nadu', 'Kony User', 'Kony Dev', CURRENT_TIMESTAMP, CURRENT_TIMESTAMP, CURRENT_TIMESTAMP, 0);
INSERT INTO [konyadminconsole].[region](id, Country_id, Code, Name, createdby, modifiedby, createdts, lastmodifiedts, synctimestamp, softdeleteflag) VALUES ('R26', 'Con1', 'TR', 'Tripura', 'Kony User', 'Kony Dev', CURRENT_TIMESTAMP, CURRENT_TIMESTAMP, CURRENT_TIMESTAMP, 0);
INSERT INTO [konyadminconsole].[region](id, Country_id, Code, Name, createdby, modifiedby, createdts, lastmodifiedts, synctimestamp, softdeleteflag) VALUES ('R27', 'Con1', 'UP', 'Uttar Pradesh', 'Kony User', 'Kony Dev', CURRENT_TIMESTAMP, CURRENT_TIMESTAMP, CURRENT_TIMESTAMP, 0);
INSERT INTO [konyadminconsole].[region](id, Country_id, Code, Name, createdby, modifiedby, createdts, lastmodifiedts, synctimestamp, softdeleteflag) VALUES ('R28', 'Con1', 'UK', 'Uttarakhand', 'Kony User', 'Kony Dev', CURRENT_TIMESTAMP, CURRENT_TIMESTAMP, CURRENT_TIMESTAMP, 0);
INSERT INTO [konyadminconsole].[region](id, Country_id, Code, Name, createdby, modifiedby, createdts, lastmodifiedts, synctimestamp, softdeleteflag) VALUES ('R29', 'Con1', 'WB', 'West Bengal', 'Kony User', 'Kony Dev', CURRENT_TIMESTAMP, CURRENT_TIMESTAMP, CURRENT_TIMESTAMP, 0);
INSERT INTO [konyadminconsole].[region](id, Country_id, Code, Name, createdby, modifiedby, createdts, lastmodifiedts, synctimestamp, softdeleteflag) VALUES ('R3', 'Con1', 'AP', 'Andhra Pradesh', 'Kony User', 'Kony Dev', CURRENT_TIMESTAMP, CURRENT_TIMESTAMP, CURRENT_TIMESTAMP, 0);
INSERT INTO [konyadminconsole].[region](id, Country_id, Code, Name, createdby, modifiedby, createdts, lastmodifiedts, synctimestamp, softdeleteflag) VALUES ('R31', 'Con2', 'AL', 'Alabama', 'Kony User', 'Kony Dev', CURRENT_TIMESTAMP, CURRENT_TIMESTAMP, CURRENT_TIMESTAMP, 0);
INSERT INTO [konyadminconsole].[region](id, Country_id, Code, Name, createdby, modifiedby, createdts, lastmodifiedts, synctimestamp, softdeleteflag) VALUES ('R32', 'Con2', 'AK', 'Alaska', 'Kony User', 'Kony Dev', CURRENT_TIMESTAMP, CURRENT_TIMESTAMP, CURRENT_TIMESTAMP, 0);
INSERT INTO [konyadminconsole].[region](id, Country_id, Code, Name, createdby, modifiedby, createdts, lastmodifiedts, synctimestamp, softdeleteflag) VALUES ('R33', 'Con2', 'AZ', 'Arizona', 'Kony User', 'Kony Dev', CURRENT_TIMESTAMP, CURRENT_TIMESTAMP, CURRENT_TIMESTAMP, 0);
INSERT INTO [konyadminconsole].[region](id, Country_id, Code, Name, createdby, modifiedby, createdts, lastmodifiedts, synctimestamp, softdeleteflag) VALUES ('R34', 'Con2', 'AR', 'Arkansas', 'Kony User', 'Kony Dev', CURRENT_TIMESTAMP, CURRENT_TIMESTAMP, CURRENT_TIMESTAMP, 0);
INSERT INTO [konyadminconsole].[region](id, Country_id, Code, Name, createdby, modifiedby, createdts, lastmodifiedts, synctimestamp, softdeleteflag) VALUES ('R35', 'Con2', 'CA', 'California', 'Kony User', 'Kony Dev', CURRENT_TIMESTAMP, CURRENT_TIMESTAMP, CURRENT_TIMESTAMP, 0);
INSERT INTO [konyadminconsole].[region](id, Country_id, Code, Name, createdby, modifiedby, createdts, lastmodifiedts, synctimestamp, softdeleteflag) VALUES ('R36', 'Con2', 'CO', 'Colorado', 'Kony User', 'Kony Dev', CURRENT_TIMESTAMP, CURRENT_TIMESTAMP, CURRENT_TIMESTAMP, 0);
INSERT INTO [konyadminconsole].[region](id, Country_id, Code, Name, createdby, modifiedby, createdts, lastmodifiedts, synctimestamp, softdeleteflag) VALUES ('R37', 'Con2', 'CT', 'Connecticut', 'Kony User', 'Kony Dev', CURRENT_TIMESTAMP, CURRENT_TIMESTAMP, CURRENT_TIMESTAMP, 0);
INSERT INTO [konyadminconsole].[region](id, Country_id, Code, Name, createdby, modifiedby, createdts, lastmodifiedts, synctimestamp, softdeleteflag) VALUES ('R38', 'Con2', 'DE', 'Delaware', 'Kony User', 'Kony Dev', CURRENT_TIMESTAMP, CURRENT_TIMESTAMP, CURRENT_TIMESTAMP, 0);
INSERT INTO [konyadminconsole].[region](id, Country_id, Code, Name, createdby, modifiedby, createdts, lastmodifiedts, synctimestamp, softdeleteflag) VALUES ('R39', 'Con2', 'DC', 'District of Columbia', 'Kony User', 'Kony Dev', CURRENT_TIMESTAMP, CURRENT_TIMESTAMP, CURRENT_TIMESTAMP, 0);
INSERT INTO [konyadminconsole].[region](id, Country_id, Code, Name, createdby, modifiedby, createdts, lastmodifiedts, synctimestamp, softdeleteflag) VALUES ('R4', 'Con1', 'AR', 'Arunachal Pradesh', 'Kony User', 'Kony Dev', CURRENT_TIMESTAMP, CURRENT_TIMESTAMP, CURRENT_TIMESTAMP, 0);
INSERT INTO [konyadminconsole].[region](id, Country_id, Code, Name, createdby, modifiedby, createdts, lastmodifiedts, synctimestamp, softdeleteflag) VALUES ('R40', 'Con2', 'FL', 'Florida', 'Kony User', 'Kony Dev', CURRENT_TIMESTAMP, CURRENT_TIMESTAMP, CURRENT_TIMESTAMP, 0);
INSERT INTO [konyadminconsole].[region](id, Country_id, Code, Name, createdby, modifiedby, createdts, lastmodifiedts, synctimestamp, softdeleteflag) VALUES ('R41', 'Con2', 'GA', 'Georgia', 'Kony User', 'Kony Dev', CURRENT_TIMESTAMP, CURRENT_TIMESTAMP, CURRENT_TIMESTAMP, 0);
INSERT INTO [konyadminconsole].[region](id, Country_id, Code, Name, createdby, modifiedby, createdts, lastmodifiedts, synctimestamp, softdeleteflag) VALUES ('R42', 'Con2', 'HI', 'Hawaii', 'Kony User', 'Kony Dev', CURRENT_TIMESTAMP, CURRENT_TIMESTAMP, CURRENT_TIMESTAMP, 0);
INSERT INTO [konyadminconsole].[region](id, Country_id, Code, Name, createdby, modifiedby, createdts, lastmodifiedts, synctimestamp, softdeleteflag) VALUES ('R43', 'Con2', 'ID', 'Idaho', 'Kony User', 'Kony Dev', CURRENT_TIMESTAMP, CURRENT_TIMESTAMP, CURRENT_TIMESTAMP, 0);
INSERT INTO [konyadminconsole].[region](id, Country_id, Code, Name, createdby, modifiedby, createdts, lastmodifiedts, synctimestamp, softdeleteflag) VALUES ('R44', 'Con2', 'IL', 'Illinois', 'Kony User', 'Kony Dev', CURRENT_TIMESTAMP, CURRENT_TIMESTAMP, CURRENT_TIMESTAMP, 0);
INSERT INTO [konyadminconsole].[region](id, Country_id, Code, Name, createdby, modifiedby, createdts, lastmodifiedts, synctimestamp, softdeleteflag) VALUES ('R45', 'Con2', 'IN', 'Indiana', 'Kony User', 'Kony Dev', CURRENT_TIMESTAMP, CURRENT_TIMESTAMP, CURRENT_TIMESTAMP, 0);
INSERT INTO [konyadminconsole].[region](id, Country_id, Code, Name, createdby, modifiedby, createdts, lastmodifiedts, synctimestamp, softdeleteflag) VALUES ('R46', 'Con2', 'IA', 'Iowa', 'Kony User', 'Kony Dev', CURRENT_TIMESTAMP, CURRENT_TIMESTAMP, CURRENT_TIMESTAMP, 0);
INSERT INTO [konyadminconsole].[region](id, Country_id, Code, Name, createdby, modifiedby, createdts, lastmodifiedts, synctimestamp, softdeleteflag) VALUES ('R47', 'Con2', 'KS', 'Kansas', 'Kony User', 'Kony Dev', CURRENT_TIMESTAMP, CURRENT_TIMESTAMP, CURRENT_TIMESTAMP, 0);
INSERT INTO [konyadminconsole].[region](id, Country_id, Code, Name, createdby, modifiedby, createdts, lastmodifiedts, synctimestamp, softdeleteflag) VALUES ('R48', 'Con2', 'KY', 'Kentucky', 'Kony User', 'Kony Dev', CURRENT_TIMESTAMP, CURRENT_TIMESTAMP, CURRENT_TIMESTAMP, 0);
INSERT INTO [konyadminconsole].[region](id, Country_id, Code, Name, createdby, modifiedby, createdts, lastmodifiedts, synctimestamp, softdeleteflag) VALUES ('R49', 'Con2', 'LA', 'Louisiana', 'Kony User', 'Kony Dev', CURRENT_TIMESTAMP, CURRENT_TIMESTAMP, CURRENT_TIMESTAMP, 0);
INSERT INTO [konyadminconsole].[region](id, Country_id, Code, Name, createdby, modifiedby, createdts, lastmodifiedts, synctimestamp, softdeleteflag) VALUES ('R5', 'Con1', 'AS', 'Assam', 'Kony User', 'Kony Dev', CURRENT_TIMESTAMP, CURRENT_TIMESTAMP, CURRENT_TIMESTAMP, 0);
INSERT INTO [konyadminconsole].[region](id, Country_id, Code, Name, createdby, modifiedby, createdts, lastmodifiedts, synctimestamp, softdeleteflag) VALUES ('R50', 'Con2', 'ME', 'Maine', 'Kony User', 'Kony Dev', CURRENT_TIMESTAMP, CURRENT_TIMESTAMP, CURRENT_TIMESTAMP, 0);
INSERT INTO [konyadminconsole].[region](id, Country_id, Code, Name, createdby, modifiedby, createdts, lastmodifiedts, synctimestamp, softdeleteflag) VALUES ('R51', 'Con2', 'MT', 'Montana', 'Kony User', 'Kony Dev', CURRENT_TIMESTAMP, CURRENT_TIMESTAMP, CURRENT_TIMESTAMP, 0);
INSERT INTO [konyadminconsole].[region](id, Country_id, Code, Name, createdby, modifiedby, createdts, lastmodifiedts, synctimestamp, softdeleteflag) VALUES ('R52', 'Con2', 'NE', 'Nebraska', 'Kony User', 'Kony Dev', CURRENT_TIMESTAMP, CURRENT_TIMESTAMP, CURRENT_TIMESTAMP, 0);
INSERT INTO [konyadminconsole].[region](id, Country_id, Code, Name, createdby, modifiedby, createdts, lastmodifiedts, synctimestamp, softdeleteflag) VALUES ('R53', 'Con2', 'NV', 'Nevada', 'Kony User', 'Kony Dev', CURRENT_TIMESTAMP, CURRENT_TIMESTAMP, CURRENT_TIMESTAMP, 0);
INSERT INTO [konyadminconsole].[region](id, Country_id, Code, Name, createdby, modifiedby, createdts, lastmodifiedts, synctimestamp, softdeleteflag) VALUES ('R54', 'Con2', 'NH', 'New Hampshire', 'Kony User', 'Kony Dev', CURRENT_TIMESTAMP, CURRENT_TIMESTAMP, CURRENT_TIMESTAMP, 0);
INSERT INTO [konyadminconsole].[region](id, Country_id, Code, Name, createdby, modifiedby, createdts, lastmodifiedts, synctimestamp, softdeleteflag) VALUES ('R55', 'Con2', 'NJ', 'New Jersey', 'Kony User', 'Kony Dev', CURRENT_TIMESTAMP, CURRENT_TIMESTAMP, CURRENT_TIMESTAMP, 0);
INSERT INTO [konyadminconsole].[region](id, Country_id, Code, Name, createdby, modifiedby, createdts, lastmodifiedts, synctimestamp, softdeleteflag) VALUES ('R56', 'Con2', 'NM', 'New Mexico', 'Kony User', 'Kony Dev', CURRENT_TIMESTAMP, CURRENT_TIMESTAMP, CURRENT_TIMESTAMP, 0);
INSERT INTO [konyadminconsole].[region](id, Country_id, Code, Name, createdby, modifiedby, createdts, lastmodifiedts, synctimestamp, softdeleteflag) VALUES ('R57', 'Con2', 'NY', 'New York', 'Kony User', 'Kony Dev', CURRENT_TIMESTAMP, CURRENT_TIMESTAMP, CURRENT_TIMESTAMP, 0);
INSERT INTO [konyadminconsole].[region](id, Country_id, Code, Name, createdby, modifiedby, createdts, lastmodifiedts, synctimestamp, softdeleteflag) VALUES ('R58', 'Con2', 'NC', 'North Carolina', 'Kony User', 'Kony Dev', CURRENT_TIMESTAMP, CURRENT_TIMESTAMP, CURRENT_TIMESTAMP, 0);
INSERT INTO [konyadminconsole].[region](id, Country_id, Code, Name, createdby, modifiedby, createdts, lastmodifiedts, synctimestamp, softdeleteflag) VALUES ('R59', 'Con2', 'ND', 'North Dakota', 'Kony User', 'Kony Dev', CURRENT_TIMESTAMP, CURRENT_TIMESTAMP, CURRENT_TIMESTAMP, 0);
INSERT INTO [konyadminconsole].[region](id, Country_id, Code, Name, createdby, modifiedby, createdts, lastmodifiedts, synctimestamp, softdeleteflag) VALUES ('R6', 'Con1', 'BR', 'Bihar', 'Kony User', 'Kony Dev', CURRENT_TIMESTAMP, CURRENT_TIMESTAMP, CURRENT_TIMESTAMP, 0);
INSERT INTO [konyadminconsole].[region](id, Country_id, Code, Name, createdby, modifiedby, createdts, lastmodifiedts, synctimestamp, softdeleteflag) VALUES ('R60', 'Con2', 'OH', 'Ohio', 'Kony User', 'Kony Dev', CURRENT_TIMESTAMP, CURRENT_TIMESTAMP, CURRENT_TIMESTAMP, 0);
INSERT INTO [konyadminconsole].[region](id, Country_id, Code, Name, createdby, modifiedby, createdts, lastmodifiedts, synctimestamp, softdeleteflag) VALUES ('R61', 'Con2', 'OK', 'Oklahoma', 'Kony User', 'Kony Dev', CURRENT_TIMESTAMP, CURRENT_TIMESTAMP, CURRENT_TIMESTAMP, 0);
INSERT INTO [konyadminconsole].[region](id, Country_id, Code, Name, createdby, modifiedby, createdts, lastmodifiedts, synctimestamp, softdeleteflag) VALUES ('R62', 'Con2', 'OR', 'Oregon', 'Kony User', 'Kony Dev', CURRENT_TIMESTAMP, CURRENT_TIMESTAMP, CURRENT_TIMESTAMP, 0);
INSERT INTO [konyadminconsole].[region](id, Country_id, Code, Name, createdby, modifiedby, createdts, lastmodifiedts, synctimestamp, softdeleteflag) VALUES ('R63', 'Con2', 'MD', 'Maryland', 'Kony User', 'Kony Dev', CURRENT_TIMESTAMP, CURRENT_TIMESTAMP, CURRENT_TIMESTAMP, 0);
INSERT INTO [konyadminconsole].[region](id, Country_id, Code, Name, createdby, modifiedby, createdts, lastmodifiedts, synctimestamp, softdeleteflag) VALUES ('R64', 'Con2', 'MA', 'Massachusetts', 'Kony User', 'Kony Dev', CURRENT_TIMESTAMP, CURRENT_TIMESTAMP, CURRENT_TIMESTAMP, 0);
INSERT INTO [konyadminconsole].[region](id, Country_id, Code, Name, createdby, modifiedby, createdts, lastmodifiedts, synctimestamp, softdeleteflag) VALUES ('R65', 'Con2', 'MI', 'Michigan', 'Kony User', 'Kony Dev', CURRENT_TIMESTAMP, CURRENT_TIMESTAMP, CURRENT_TIMESTAMP, 0);
INSERT INTO [konyadminconsole].[region](id, Country_id, Code, Name, createdby, modifiedby, createdts, lastmodifiedts, synctimestamp, softdeleteflag) VALUES ('R66', 'Con2', 'MN', 'Minnesota', 'Kony User', 'Kony Dev', CURRENT_TIMESTAMP, CURRENT_TIMESTAMP, CURRENT_TIMESTAMP, 0);
INSERT INTO [konyadminconsole].[region](id, Country_id, Code, Name, createdby, modifiedby, createdts, lastmodifiedts, synctimestamp, softdeleteflag) VALUES ('R67', 'Con2', 'MS', 'Mississippi', 'Kony User', 'Kony Dev', CURRENT_TIMESTAMP, CURRENT_TIMESTAMP, CURRENT_TIMESTAMP, 0);
INSERT INTO [konyadminconsole].[region](id, Country_id, Code, Name, createdby, modifiedby, createdts, lastmodifiedts, synctimestamp, softdeleteflag) VALUES ('R68', 'Con2', 'MO', 'Missouri', 'Kony User', 'Kony Dev', CURRENT_TIMESTAMP, CURRENT_TIMESTAMP, CURRENT_TIMESTAMP, 0);
INSERT INTO [konyadminconsole].[region](id, Country_id, Code, Name, createdby, modifiedby, createdts, lastmodifiedts, synctimestamp, softdeleteflag) VALUES ('R69', 'Con2', 'PA', 'Pennsylvania', 'Kony User', 'Kony Dev', CURRENT_TIMESTAMP, CURRENT_TIMESTAMP, CURRENT_TIMESTAMP, 0);
INSERT INTO [konyadminconsole].[region](id, Country_id, Code, Name, createdby, modifiedby, createdts, lastmodifiedts, synctimestamp, softdeleteflag) VALUES ('R7', 'Con1', 'CH', 'Chhattisgarh', 'Kony User', 'Kony Dev', CURRENT_TIMESTAMP, CURRENT_TIMESTAMP, CURRENT_TIMESTAMP, 0);
INSERT INTO [konyadminconsole].[region](id, Country_id, Code, Name, createdby, modifiedby, createdts, lastmodifiedts, synctimestamp, softdeleteflag) VALUES ('R70', 'Con2', 'RI', 'Rhode Island', 'Kony User', 'Kony Dev', CURRENT_TIMESTAMP, CURRENT_TIMESTAMP, CURRENT_TIMESTAMP, 0);
INSERT INTO [konyadminconsole].[region](id, Country_id, Code, Name, createdby, modifiedby, createdts, lastmodifiedts, synctimestamp, softdeleteflag) VALUES ('R71', 'Con2', 'SC', 'South Carolina', 'Kony User', 'Kony Dev', CURRENT_TIMESTAMP, CURRENT_TIMESTAMP, CURRENT_TIMESTAMP, 0);
INSERT INTO [konyadminconsole].[region](id, Country_id, Code, Name, createdby, modifiedby, createdts, lastmodifiedts, synctimestamp, softdeleteflag) VALUES ('R72', 'Con2', 'SD', 'South Dakota', 'Kony User', 'Kony Dev', CURRENT_TIMESTAMP, CURRENT_TIMESTAMP, CURRENT_TIMESTAMP, 0);
INSERT INTO [konyadminconsole].[region](id, Country_id, Code, Name, createdby, modifiedby, createdts, lastmodifiedts, synctimestamp, softdeleteflag) VALUES ('R73', 'Con2', 'TN', 'Tennessee', 'Kony User', 'Kony Dev', CURRENT_TIMESTAMP, CURRENT_TIMESTAMP, CURRENT_TIMESTAMP, 0);
INSERT INTO [konyadminconsole].[region](id, Country_id, Code, Name, createdby, modifiedby, createdts, lastmodifiedts, synctimestamp, softdeleteflag) VALUES ('R74', 'Con2', 'TX', 'Texas', 'Kony User', 'Kony Dev', CURRENT_TIMESTAMP, CURRENT_TIMESTAMP, CURRENT_TIMESTAMP, 0);
INSERT INTO [konyadminconsole].[region](id, Country_id, Code, Name, createdby, modifiedby, createdts, lastmodifiedts, synctimestamp, softdeleteflag) VALUES ('R75', 'Con2', 'UT', 'Utah', 'Kony User', 'Kony Dev', CURRENT_TIMESTAMP, CURRENT_TIMESTAMP, CURRENT_TIMESTAMP, 0);
INSERT INTO [konyadminconsole].[region](id, Country_id, Code, Name, createdby, modifiedby, createdts, lastmodifiedts, synctimestamp, softdeleteflag) VALUES ('R76', 'Con2', 'VT', 'Vermont', 'Kony User', 'Kony Dev', CURRENT_TIMESTAMP, CURRENT_TIMESTAMP, CURRENT_TIMESTAMP, 0);
INSERT INTO [konyadminconsole].[region](id, Country_id, Code, Name, createdby, modifiedby, createdts, lastmodifiedts, synctimestamp, softdeleteflag) VALUES ('R77', 'Con2', 'VA', 'Virginia', 'Kony User', 'Kony Dev', CURRENT_TIMESTAMP, CURRENT_TIMESTAMP, CURRENT_TIMESTAMP, 0);
INSERT INTO [konyadminconsole].[region](id, Country_id, Code, Name, createdby, modifiedby, createdts, lastmodifiedts, synctimestamp, softdeleteflag) VALUES ('R78', 'Con2', 'WA', 'Washington', 'Kony User', 'Kony Dev', CURRENT_TIMESTAMP, CURRENT_TIMESTAMP, CURRENT_TIMESTAMP, 0);
INSERT INTO [konyadminconsole].[region](id, Country_id, Code, Name, createdby, modifiedby, createdts, lastmodifiedts, synctimestamp, softdeleteflag) VALUES ('R79', 'Con2', 'WV', 'West Virginia', 'Kony User', 'Kony Dev', CURRENT_TIMESTAMP, CURRENT_TIMESTAMP, CURRENT_TIMESTAMP, 0);
INSERT INTO [konyadminconsole].[region](id, Country_id, Code, Name, createdby, modifiedby, createdts, lastmodifiedts, synctimestamp, softdeleteflag) VALUES ('R8', 'Con1', 'GA', 'Goa', 'Kony User', 'Kony Dev', CURRENT_TIMESTAMP, CURRENT_TIMESTAMP, CURRENT_TIMESTAMP, 0);
INSERT INTO [konyadminconsole].[region](id, Country_id, Code, Name, createdby, modifiedby, createdts, lastmodifiedts, synctimestamp, softdeleteflag) VALUES ('R80', 'Con2', 'WI', 'Wisconsin', 'Kony User', 'Kony Dev', CURRENT_TIMESTAMP, CURRENT_TIMESTAMP, CURRENT_TIMESTAMP, 0);
INSERT INTO [konyadminconsole].[region](id, Country_id, Code, Name, createdby, modifiedby, createdts, lastmodifiedts, synctimestamp, softdeleteflag) VALUES ('R81', 'Con2', 'WY', 'Wyoming', 'Kony User', 'Kony Dev', CURRENT_TIMESTAMP, CURRENT_TIMESTAMP, CURRENT_TIMESTAMP, 0);
INSERT INTO [konyadminconsole].[region](id, Country_id, Code, Name, createdby, modifiedby, createdts, lastmodifiedts, synctimestamp, softdeleteflag) VALUES ('R9', 'Con1', 'GJ', 'Gujarat', 'Kony User', 'Kony Dev', CURRENT_TIMESTAMP, CURRENT_TIMESTAMP, CURRENT_TIMESTAMP, 0);
INSERT INTO [konyadminconsole].[requestcategory](id, Name, createdby, modifiedby, createdts, lastmodifiedts, synctimestamp, softdeleteflag) VALUES ('RCID_ACCOUNTS', 'Accounts', 'Kony User', 'Kony Dev', CURRENT_TIMESTAMP, CURRENT_TIMESTAMP, CURRENT_TIMESTAMP, 0);
INSERT INTO [konyadminconsole].[requestcategory](id, Name, createdby, modifiedby, createdts, lastmodifiedts, synctimestamp, softdeleteflag) VALUES ('RCID_ATM', 'ATM', 'Kony User', 'Kony Dev', CURRENT_TIMESTAMP, CURRENT_TIMESTAMP, CURRENT_TIMESTAMP, 0);
INSERT INTO [konyadminconsole].[requestcategory](id, Name, createdby, modifiedby, createdts, lastmodifiedts, synctimestamp, softdeleteflag) VALUES ('RCID_CREDITCARD', 'Credit Card', 'Kony User', 'Kony Dev', CURRENT_TIMESTAMP, CURRENT_TIMESTAMP, CURRENT_TIMESTAMP, 0);
INSERT INTO [konyadminconsole].[requestcategory](id, Name, createdby, modifiedby, createdts, lastmodifiedts, synctimestamp, softdeleteflag) VALUES ('RCID_CUSTOMERSERVICE', 'Customer Service', 'Kony User', 'Kony Dev', CURRENT_TIMESTAMP, CURRENT_TIMESTAMP, CURRENT_TIMESTAMP, 0);
INSERT INTO [konyadminconsole].[requestcategory](id, Name, createdby, modifiedby, createdts, lastmodifiedts, synctimestamp, softdeleteflag) VALUES ('RCID_DEBITCARD', 'Debit Card', 'Kony User', 'Kony Dev', CURRENT_TIMESTAMP, CURRENT_TIMESTAMP, CURRENT_TIMESTAMP, 0);
INSERT INTO [konyadminconsole].[requestcategory](id, Name, createdby, modifiedby, createdts, lastmodifiedts, synctimestamp, softdeleteflag) VALUES ('RCID_DEPOSITS', 'Deposits', 'Kony User', 'Kony Dev', CURRENT_TIMESTAMP, CURRENT_TIMESTAMP, CURRENT_TIMESTAMP, 0);
INSERT INTO [konyadminconsole].[requestcategory](id, Name, createdby, modifiedby, createdts, lastmodifiedts, synctimestamp, softdeleteflag) VALUES ('RCID_GENERALBANKING', 'General banking', 'Kony User', 'Kony Dev', CURRENT_TIMESTAMP, CURRENT_TIMESTAMP, CURRENT_TIMESTAMP, 0);
INSERT INTO [konyadminconsole].[requestcategory](id, Name, createdby, modifiedby, createdts, lastmodifiedts, synctimestamp, softdeleteflag) VALUES ('RCID_INCORRECTDEBITORCREDITCHARGES', 'Incorrect Debit/Credit charges', 'Kony User', 'Kony Dev', CURRENT_TIMESTAMP, CURRENT_TIMESTAMP, CURRENT_TIMESTAMP, 0);
INSERT INTO [konyadminconsole].[requestcategory](id, Name, createdby, modifiedby, createdts, lastmodifiedts, synctimestamp, softdeleteflag) VALUES ('RCID_LOANS', 'Loans', 'Kony User', 'Kony Dev', CURRENT_TIMESTAMP, CURRENT_TIMESTAMP, CURRENT_TIMESTAMP, 0);
INSERT INTO [konyadminconsole].[requestcategory](id, Name, createdby, modifiedby, createdts, lastmodifiedts, synctimestamp, softdeleteflag) VALUES ('RCID_MOBILEBANKING', 'Mobile Banking', 'Kony User', 'Kony Dev', CURRENT_TIMESTAMP, CURRENT_TIMESTAMP, CURRENT_TIMESTAMP, 0);
INSERT INTO [konyadminconsole].[requestcategory](id, Name, createdby, modifiedby, createdts, lastmodifiedts, synctimestamp, softdeleteflag) VALUES ('RCID_ONLINEBANKING', 'Online Banking', 'Kony User', 'Kony Dev', CURRENT_TIMESTAMP, CURRENT_TIMESTAMP, CURRENT_TIMESTAMP, 0);
INSERT INTO [konyadminconsole].[role](id, Type_id, Status_id, Parent_id, Name, Description, createdby, modifiedby, createdts, lastmodifiedts, synctimestamp, softdeleteflag) VALUES ('RID_BUSINESS', 'ROLE_TYPE_1', 'SID_ACTIVE', 'RID_SUPERADMIN', 'Business', 'This role is for business users who want to view the admin console capabilties, review data but not make major changes. These users can also send messages to customers and view/update their details', 'Kony User', 'Kony Dev', CURRENT_TIMESTAMP, CURRENT_TIMESTAMP, CURRENT_TIMESTAMP, 0);
INSERT INTO [konyadminconsole].[role](id, Type_id, Status_id, Parent_id, Name, Description, createdby, modifiedby, createdts, lastmodifiedts, synctimestamp, softdeleteflag) VALUES ('RID_FRONTLINE_STAFF', 'ROLE_TYPE_1', 'SID_ACTIVE', 'RID_SUPERADMIN', 'Front Line Staff', 'This role has minimal permissions that help the users perform the dedicated tasks in the admin console. Branch members who want to support members with OLB and Mobile app can also be associated with this role', 'Kony User', 'Kony Dev', CURRENT_TIMESTAMP, CURRENT_TIMESTAMP, CURRENT_TIMESTAMP, 0);
INSERT INTO [konyadminconsole].[role](id, Type_id, Status_id, Parent_id, Name, Description, createdby, modifiedby, createdts, lastmodifiedts, synctimestamp, softdeleteflag) VALUES ('RID_MANAGER', 'ROLE_TYPE_1', 'SID_ACTIVE', 'RID_SUPERADMIN', 'Manager', '	This role is similar to a front line staff admin but with more privileges to control what kind of information can be updated by a front line staff', 'Kony User', 'Kony Dev', CURRENT_TIMESTAMP, CURRENT_TIMESTAMP, CURRENT_TIMESTAMP, 0);
INSERT INTO [konyadminconsole].[role](id, Type_id, Status_id, Parent_id, Name, Description, createdby, modifiedby, createdts, lastmodifiedts, synctimestamp, softdeleteflag) VALUES ('RID_OPS', 'ROLE_TYPE_1', 'SID_ACTIVE', 'RID_SUPERADMIN', 'Operations', 'This role can manage the various services, operations and entitlements provided by the bank/CU', 'Kony User', 'Kony Dev', CURRENT_TIMESTAMP, CURRENT_TIMESTAMP, CURRENT_TIMESTAMP, 0);
INSERT INTO [konyadminconsole].[role](id, Type_id, Status_id, Parent_id, Name, Description, createdby, modifiedby, createdts, lastmodifiedts, synctimestamp, softdeleteflag) VALUES ('RID_SUPERADMIN', 'ROLE_TYPE_1', 'SID_ACTIVE', 'RID_SUPERADMIN', 'Super Admin', 'This user has all the permissions available in the system', 'Kony User', 'Kony Dev', CURRENT_TIMESTAMP, CURRENT_TIMESTAMP, CURRENT_TIMESTAMP, 0);
INSERT INTO [konyadminconsole].[rolepermission](Role_id, Permission_id, createdby, modifiedby, createdts, lastmodifiedts, synctimestamp, softdeleteflag) VALUES ('RID_BUSINESS', 'PID01', 'Kony User', 'Kony Dev', CURRENT_TIMESTAMP, CURRENT_TIMESTAMP, CURRENT_TIMESTAMP, 0);
INSERT INTO [konyadminconsole].[rolepermission](Role_id, Permission_id, createdby, modifiedby, createdts, lastmodifiedts, synctimestamp, softdeleteflag) VALUES ('RID_BUSINESS', 'PID02', 'Kony User', 'Kony Dev', CURRENT_TIMESTAMP, CURRENT_TIMESTAMP, CURRENT_TIMESTAMP, 0);
INSERT INTO [konyadminconsole].[rolepermission](Role_id, Permission_id, createdby, modifiedby, createdts, lastmodifiedts, synctimestamp, softdeleteflag) VALUES ('RID_BUSINESS', 'PID03', 'Kony User', 'Kony Dev', CURRENT_TIMESTAMP, CURRENT_TIMESTAMP, CURRENT_TIMESTAMP, 0);
INSERT INTO [konyadminconsole].[rolepermission](Role_id, Permission_id, createdby, modifiedby, createdts, lastmodifiedts, synctimestamp, softdeleteflag) VALUES ('RID_BUSINESS', 'PID04', 'Kony User', 'Kony Dev', CURRENT_TIMESTAMP, CURRENT_TIMESTAMP, CURRENT_TIMESTAMP, 0);
INSERT INTO [konyadminconsole].[rolepermission](Role_id, Permission_id, createdby, modifiedby, createdts, lastmodifiedts, synctimestamp, softdeleteflag) VALUES ('RID_BUSINESS', 'PID05', 'Kony User', 'Kony Dev', CURRENT_TIMESTAMP, CURRENT_TIMESTAMP, CURRENT_TIMESTAMP, 0);
INSERT INTO [konyadminconsole].[rolepermission](Role_id, Permission_id, createdby, modifiedby, createdts, lastmodifiedts, synctimestamp, softdeleteflag) VALUES ('RID_BUSINESS', 'PID06', 'Kony User', 'Kony Dev', CURRENT_TIMESTAMP, CURRENT_TIMESTAMP, CURRENT_TIMESTAMP, 0);
INSERT INTO [konyadminconsole].[rolepermission](Role_id, Permission_id, createdby, modifiedby, createdts, lastmodifiedts, synctimestamp, softdeleteflag) VALUES ('RID_BUSINESS', 'PID07', 'Kony User', 'Kony Dev', CURRENT_TIMESTAMP, CURRENT_TIMESTAMP, CURRENT_TIMESTAMP, 0);
INSERT INTO [konyadminconsole].[rolepermission](Role_id, Permission_id, createdby, modifiedby, createdts, lastmodifiedts, synctimestamp, softdeleteflag) VALUES ('RID_BUSINESS', 'PID08', 'Kony User', 'Kony Dev', CURRENT_TIMESTAMP, CURRENT_TIMESTAMP, CURRENT_TIMESTAMP, 0);
INSERT INTO [konyadminconsole].[rolepermission](Role_id, Permission_id, createdby, modifiedby, createdts, lastmodifiedts, synctimestamp, softdeleteflag) VALUES ('RID_BUSINESS', 'PID09', 'Kony User', 'Kony Dev', CURRENT_TIMESTAMP, CURRENT_TIMESTAMP, CURRENT_TIMESTAMP, 0);
INSERT INTO [konyadminconsole].[rolepermission](Role_id, Permission_id, createdby, modifiedby, createdts, lastmodifiedts, synctimestamp, softdeleteflag) VALUES ('RID_BUSINESS', 'PID10', 'Kony User', 'Kony Dev', CURRENT_TIMESTAMP, CURRENT_TIMESTAMP, CURRENT_TIMESTAMP, 0);
INSERT INTO [konyadminconsole].[rolepermission](Role_id, Permission_id, createdby, modifiedby, createdts, lastmodifiedts, synctimestamp, softdeleteflag) VALUES ('RID_BUSINESS', 'PID11', 'Kony User', 'Kony Dev', CURRENT_TIMESTAMP, CURRENT_TIMESTAMP, CURRENT_TIMESTAMP, 0);
INSERT INTO [konyadminconsole].[rolepermission](Role_id, Permission_id, createdby, modifiedby, createdts, lastmodifiedts, synctimestamp, softdeleteflag) VALUES ('RID_BUSINESS', 'PID13', 'Kony User', 'Kony Dev', CURRENT_TIMESTAMP, CURRENT_TIMESTAMP, CURRENT_TIMESTAMP, 0);
INSERT INTO [konyadminconsole].[rolepermission](Role_id, Permission_id, createdby, modifiedby, createdts, lastmodifiedts, synctimestamp, softdeleteflag) VALUES ('RID_BUSINESS', 'PID14', 'Kony User', 'Kony Dev', CURRENT_TIMESTAMP, CURRENT_TIMESTAMP, CURRENT_TIMESTAMP, 0);
INSERT INTO [konyadminconsole].[rolepermission](Role_id, Permission_id, createdby, modifiedby, createdts, lastmodifiedts, synctimestamp, softdeleteflag) VALUES ('RID_BUSINESS', 'PID15', 'Kony User', 'Kony Dev', CURRENT_TIMESTAMP, CURRENT_TIMESTAMP, CURRENT_TIMESTAMP, 0);
INSERT INTO [konyadminconsole].[rolepermission](Role_id, Permission_id, createdby, modifiedby, createdts, lastmodifiedts, synctimestamp, softdeleteflag) VALUES ('RID_BUSINESS', 'PID18', 'Kony User', 'Kony Dev', CURRENT_TIMESTAMP, CURRENT_TIMESTAMP, CURRENT_TIMESTAMP, 0);
INSERT INTO [konyadminconsole].[rolepermission](Role_id, Permission_id, createdby, modifiedby, createdts, lastmodifiedts, synctimestamp, softdeleteflag) VALUES ('RID_BUSINESS', 'PID21', 'Kony User', 'Kony Dev', CURRENT_TIMESTAMP, CURRENT_TIMESTAMP, CURRENT_TIMESTAMP, 0);
INSERT INTO [konyadminconsole].[rolepermission](Role_id, Permission_id, createdby, modifiedby, createdts, lastmodifiedts, synctimestamp, softdeleteflag) VALUES ('RID_BUSINESS', 'PID22', 'Kony User', 'Kony Dev', CURRENT_TIMESTAMP, CURRENT_TIMESTAMP, CURRENT_TIMESTAMP, 0);
INSERT INTO [konyadminconsole].[rolepermission](Role_id, Permission_id, createdby, modifiedby, createdts, lastmodifiedts, synctimestamp, softdeleteflag) VALUES ('RID_BUSINESS', 'PID26', 'Kony User', 'Kony Dev', CURRENT_TIMESTAMP, CURRENT_TIMESTAMP, CURRENT_TIMESTAMP, 0);
INSERT INTO [konyadminconsole].[rolepermission](Role_id, Permission_id, createdby, modifiedby, createdts, lastmodifiedts, synctimestamp, softdeleteflag) VALUES ('RID_BUSINESS', 'PID28', 'Kony User', 'Kony Dev', CURRENT_TIMESTAMP, CURRENT_TIMESTAMP, CURRENT_TIMESTAMP, 0);
INSERT INTO [konyadminconsole].[rolepermission](Role_id, Permission_id, createdby, modifiedby, createdts, lastmodifiedts, synctimestamp, softdeleteflag) VALUES ('RID_BUSINESS', 'PID29', 'Kony User', 'Kony Dev', CURRENT_TIMESTAMP, CURRENT_TIMESTAMP, CURRENT_TIMESTAMP, 0);
INSERT INTO [konyadminconsole].[rolepermission](Role_id, Permission_id, createdby, modifiedby, createdts, lastmodifiedts, synctimestamp, softdeleteflag) VALUES ('RID_BUSINESS', 'PID33', 'Kony User', 'Kony Dev', CURRENT_TIMESTAMP, CURRENT_TIMESTAMP, CURRENT_TIMESTAMP, 0);
INSERT INTO [konyadminconsole].[rolepermission](Role_id, Permission_id, createdby, modifiedby, createdts, lastmodifiedts, synctimestamp, softdeleteflag) VALUES ('RID_BUSINESS', 'PID35', 'Kony User', 'Kony Dev', CURRENT_TIMESTAMP, CURRENT_TIMESTAMP, CURRENT_TIMESTAMP, 0);
INSERT INTO [konyadminconsole].[rolepermission](Role_id, Permission_id, createdby, modifiedby, createdts, lastmodifiedts, synctimestamp, softdeleteflag) VALUES ('RID_BUSINESS', 'PID36', 'Kony User', 'Kony Dev', CURRENT_TIMESTAMP, CURRENT_TIMESTAMP, CURRENT_TIMESTAMP, 0);
INSERT INTO [konyadminconsole].[rolepermission](Role_id, Permission_id, createdby, modifiedby, createdts, lastmodifiedts, synctimestamp, softdeleteflag) VALUES ('RID_BUSINESS', 'PID37', 'Kony User', 'Kony Dev', CURRENT_TIMESTAMP, CURRENT_TIMESTAMP, CURRENT_TIMESTAMP, 0);
INSERT INTO [konyadminconsole].[rolepermission](Role_id, Permission_id, createdby, modifiedby, createdts, lastmodifiedts, synctimestamp, softdeleteflag) VALUES ('RID_BUSINESS', 'PID38', 'Kony User', 'Kony Dev', CURRENT_TIMESTAMP, CURRENT_TIMESTAMP, CURRENT_TIMESTAMP, 0);
INSERT INTO [konyadminconsole].[rolepermission](Role_id, Permission_id, createdby, modifiedby, createdts, lastmodifiedts, synctimestamp, softdeleteflag) VALUES ('RID_BUSINESS', 'PID39', 'Kony User', 'Kony Dev', CURRENT_TIMESTAMP, CURRENT_TIMESTAMP, CURRENT_TIMESTAMP, 0);
INSERT INTO [konyadminconsole].[rolepermission](Role_id, Permission_id, createdby, modifiedby, createdts, lastmodifiedts, synctimestamp, softdeleteflag) VALUES ('RID_BUSINESS', 'PID40', 'Kony User', 'Kony Dev', CURRENT_TIMESTAMP, CURRENT_TIMESTAMP, CURRENT_TIMESTAMP, 0);
INSERT INTO [konyadminconsole].[rolepermission](Role_id, Permission_id, createdby, modifiedby, createdts, lastmodifiedts, synctimestamp, softdeleteflag) VALUES ('RID_BUSINESS', 'PID42', 'Kony User', 'Kony Dev', CURRENT_TIMESTAMP, CURRENT_TIMESTAMP, CURRENT_TIMESTAMP, 0);
INSERT INTO [konyadminconsole].[rolepermission](Role_id, Permission_id, createdby, modifiedby, createdts, lastmodifiedts, synctimestamp, softdeleteflag) VALUES ('RID_BUSINESS', 'PID43', 'Kony User', 'Kony Dev', CURRENT_TIMESTAMP, CURRENT_TIMESTAMP, CURRENT_TIMESTAMP, 0);
INSERT INTO [konyadminconsole].[rolepermission](Role_id, Permission_id, createdby, modifiedby, createdts, lastmodifiedts, synctimestamp, softdeleteflag) VALUES ('RID_BUSINESS', 'PID44', 'Kony User', 'Kony Dev', CURRENT_TIMESTAMP, CURRENT_TIMESTAMP, CURRENT_TIMESTAMP, 0);
INSERT INTO [konyadminconsole].[rolepermission](Role_id, Permission_id, createdby, modifiedby, createdts, lastmodifiedts, synctimestamp, softdeleteflag) VALUES ('RID_BUSINESS', 'PID45', 'Kony User', 'Kony Dev', CURRENT_TIMESTAMP, CURRENT_TIMESTAMP, CURRENT_TIMESTAMP, 0);
INSERT INTO [konyadminconsole].[rolepermission](Role_id, Permission_id, createdby, modifiedby, createdts, lastmodifiedts, synctimestamp, softdeleteflag) VALUES ('RID_BUSINESS', 'PID46', 'Kony User', 'Kony Dev', CURRENT_TIMESTAMP, CURRENT_TIMESTAMP, CURRENT_TIMESTAMP, 0);
INSERT INTO [konyadminconsole].[rolepermission](Role_id, Permission_id, createdby, modifiedby, createdts, lastmodifiedts, synctimestamp, softdeleteflag) VALUES ('RID_BUSINESS', 'PID47', 'Kony User', 'Kony Dev', CURRENT_TIMESTAMP, CURRENT_TIMESTAMP, CURRENT_TIMESTAMP, 0);
INSERT INTO [konyadminconsole].[rolepermission](Role_id, Permission_id, createdby, modifiedby, createdts, lastmodifiedts, synctimestamp, softdeleteflag) VALUES ('RID_BUSINESS', 'PID49', 'Kony User', 'Kony Dev', CURRENT_TIMESTAMP, CURRENT_TIMESTAMP, CURRENT_TIMESTAMP, 0);
INSERT INTO [konyadminconsole].[rolepermission](Role_id, Permission_id, createdby, modifiedby, createdts, lastmodifiedts, synctimestamp, softdeleteflag) VALUES ('RID_BUSINESS', 'PID50', 'Kony User', 'Kony Dev', CURRENT_TIMESTAMP, CURRENT_TIMESTAMP, CURRENT_TIMESTAMP, 0);
INSERT INTO [konyadminconsole].[rolepermission](Role_id, Permission_id, createdby, modifiedby, createdts, lastmodifiedts, synctimestamp, softdeleteflag) VALUES ('RID_BUSINESS', 'PID51', 'Kony User', 'Kony Dev', CURRENT_TIMESTAMP, CURRENT_TIMESTAMP, CURRENT_TIMESTAMP, 0);
INSERT INTO [konyadminconsole].[rolepermission](Role_id, Permission_id, createdby, modifiedby, createdts, lastmodifiedts, synctimestamp, softdeleteflag) VALUES ('RID_BUSINESS', 'PID52', 'Kony User', 'Kony Dev', CURRENT_TIMESTAMP, CURRENT_TIMESTAMP, CURRENT_TIMESTAMP, 0);
INSERT INTO [konyadminconsole].[rolepermission](Role_id, Permission_id, createdby, modifiedby, createdts, lastmodifiedts, synctimestamp, softdeleteflag) VALUES ('RID_BUSINESS', 'PID53', 'Kony User', 'Kony Dev', CURRENT_TIMESTAMP, CURRENT_TIMESTAMP, CURRENT_TIMESTAMP, 0);
INSERT INTO [konyadminconsole].[rolepermission](Role_id, Permission_id, createdby, modifiedby, createdts, lastmodifiedts, synctimestamp, softdeleteflag) VALUES ('RID_BUSINESS', 'PID54', 'Kony User', 'Kony Dev', CURRENT_TIMESTAMP, CURRENT_TIMESTAMP, CURRENT_TIMESTAMP, 0);
INSERT INTO [konyadminconsole].[rolepermission](Role_id, Permission_id, createdby, modifiedby, createdts, lastmodifiedts, synctimestamp, softdeleteflag) VALUES ('RID_BUSINESS', 'PID55', 'Kony User', 'Kony Dev', CURRENT_TIMESTAMP, CURRENT_TIMESTAMP, CURRENT_TIMESTAMP, 0);
INSERT INTO [konyadminconsole].[rolepermission](Role_id, Permission_id, createdby, modifiedby, createdts, lastmodifiedts, synctimestamp, softdeleteflag) VALUES ('RID_BUSINESS', 'PID56', 'Kony User', 'Kony Dev', CURRENT_TIMESTAMP, CURRENT_TIMESTAMP, CURRENT_TIMESTAMP, 0);
INSERT INTO [konyadminconsole].[rolepermission](Role_id, Permission_id, createdby, modifiedby, createdts, lastmodifiedts, synctimestamp, softdeleteflag) VALUES ('RID_BUSINESS', 'PID57', 'Kony User', 'Kony Dev', CURRENT_TIMESTAMP, CURRENT_TIMESTAMP, CURRENT_TIMESTAMP, 0);
INSERT INTO [konyadminconsole].[rolepermission](Role_id, Permission_id, createdby, modifiedby, createdts, lastmodifiedts, synctimestamp, softdeleteflag) VALUES ('RID_FRONTLINE_STAFF', 'PID01', 'Kony User', 'Kony Dev', CURRENT_TIMESTAMP, CURRENT_TIMESTAMP, CURRENT_TIMESTAMP, 0);
INSERT INTO [konyadminconsole].[rolepermission](Role_id, Permission_id, createdby, modifiedby, createdts, lastmodifiedts, synctimestamp, softdeleteflag) VALUES ('RID_FRONTLINE_STAFF', 'PID02', 'Kony User', 'Kony Dev', CURRENT_TIMESTAMP, CURRENT_TIMESTAMP, CURRENT_TIMESTAMP, 0);
INSERT INTO [konyadminconsole].[rolepermission](Role_id, Permission_id, createdby, modifiedby, createdts, lastmodifiedts, synctimestamp, softdeleteflag) VALUES ('RID_FRONTLINE_STAFF', 'PID03', 'Kony User', 'Kony Dev', CURRENT_TIMESTAMP, CURRENT_TIMESTAMP, CURRENT_TIMESTAMP, 0);
INSERT INTO [konyadminconsole].[rolepermission](Role_id, Permission_id, createdby, modifiedby, createdts, lastmodifiedts, synctimestamp, softdeleteflag) VALUES ('RID_FRONTLINE_STAFF', 'PID09', 'Kony User', 'Kony Dev', CURRENT_TIMESTAMP, CURRENT_TIMESTAMP, CURRENT_TIMESTAMP, 0);
INSERT INTO [konyadminconsole].[rolepermission](Role_id, Permission_id, createdby, modifiedby, createdts, lastmodifiedts, synctimestamp, softdeleteflag) VALUES ('RID_FRONTLINE_STAFF', 'PID10', 'Kony User', 'Kony Dev', CURRENT_TIMESTAMP, CURRENT_TIMESTAMP, CURRENT_TIMESTAMP, 0);
INSERT INTO [konyadminconsole].[rolepermission](Role_id, Permission_id, createdby, modifiedby, createdts, lastmodifiedts, synctimestamp, softdeleteflag) VALUES ('RID_FRONTLINE_STAFF', 'PID11', 'Kony User', 'Kony Dev', CURRENT_TIMESTAMP, CURRENT_TIMESTAMP, CURRENT_TIMESTAMP, 0);
INSERT INTO [konyadminconsole].[rolepermission](Role_id, Permission_id, createdby, modifiedby, createdts, lastmodifiedts, synctimestamp, softdeleteflag) VALUES ('RID_FRONTLINE_STAFF', 'PID33', 'Kony User', 'Kony Dev', CURRENT_TIMESTAMP, CURRENT_TIMESTAMP, CURRENT_TIMESTAMP, 0);
INSERT INTO [konyadminconsole].[rolepermission](Role_id, Permission_id, createdby, modifiedby, createdts, lastmodifiedts, synctimestamp, softdeleteflag) VALUES ('RID_FRONTLINE_STAFF', 'PID46', 'Kony User', 'Kony Dev', CURRENT_TIMESTAMP, CURRENT_TIMESTAMP, CURRENT_TIMESTAMP, 0);
INSERT INTO [konyadminconsole].[rolepermission](Role_id, Permission_id, createdby, modifiedby, createdts, lastmodifiedts, synctimestamp, softdeleteflag) VALUES ('RID_FRONTLINE_STAFF', 'PID49', 'Kony User', 'Kony Dev', CURRENT_TIMESTAMP, CURRENT_TIMESTAMP, CURRENT_TIMESTAMP, 0);
INSERT INTO [konyadminconsole].[rolepermission](Role_id, Permission_id, createdby, modifiedby, createdts, lastmodifiedts, synctimestamp, softdeleteflag) VALUES ('RID_FRONTLINE_STAFF', 'PID50', 'Kony User', 'Kony Dev', CURRENT_TIMESTAMP, CURRENT_TIMESTAMP, CURRENT_TIMESTAMP, 0);
INSERT INTO [konyadminconsole].[rolepermission](Role_id, Permission_id, createdby, modifiedby, createdts, lastmodifiedts, synctimestamp, softdeleteflag) VALUES ('RID_FRONTLINE_STAFF', 'PID51', 'Kony User', 'Kony Dev', CURRENT_TIMESTAMP, CURRENT_TIMESTAMP, CURRENT_TIMESTAMP, 0);
INSERT INTO [konyadminconsole].[rolepermission](Role_id, Permission_id, createdby, modifiedby, createdts, lastmodifiedts, synctimestamp, softdeleteflag) VALUES ('RID_MANAGER', 'PID01', 'Kony User', 'Kony Dev', CURRENT_TIMESTAMP, CURRENT_TIMESTAMP, CURRENT_TIMESTAMP, 0);
INSERT INTO [konyadminconsole].[rolepermission](Role_id, Permission_id, createdby, modifiedby, createdts, lastmodifiedts, synctimestamp, softdeleteflag) VALUES ('RID_MANAGER', 'PID02', 'Kony User', 'Kony Dev', CURRENT_TIMESTAMP, CURRENT_TIMESTAMP, CURRENT_TIMESTAMP, 0);
INSERT INTO [konyadminconsole].[rolepermission](Role_id, Permission_id, createdby, modifiedby, createdts, lastmodifiedts, synctimestamp, softdeleteflag) VALUES ('RID_MANAGER', 'PID03', 'Kony User', 'Kony Dev', CURRENT_TIMESTAMP, CURRENT_TIMESTAMP, CURRENT_TIMESTAMP, 0);
INSERT INTO [konyadminconsole].[rolepermission](Role_id, Permission_id, createdby, modifiedby, createdts, lastmodifiedts, synctimestamp, softdeleteflag) VALUES ('RID_MANAGER', 'PID08', 'Kony User', 'Kony Dev', CURRENT_TIMESTAMP, CURRENT_TIMESTAMP, CURRENT_TIMESTAMP, 0);
INSERT INTO [konyadminconsole].[rolepermission](Role_id, Permission_id, createdby, modifiedby, createdts, lastmodifiedts, synctimestamp, softdeleteflag) VALUES ('RID_MANAGER', 'PID09', 'Kony User', 'Kony Dev', CURRENT_TIMESTAMP, CURRENT_TIMESTAMP, CURRENT_TIMESTAMP, 0);
INSERT INTO [konyadminconsole].[rolepermission](Role_id, Permission_id, createdby, modifiedby, createdts, lastmodifiedts, synctimestamp, softdeleteflag) VALUES ('RID_MANAGER', 'PID10', 'Kony User', 'Kony Dev', CURRENT_TIMESTAMP, CURRENT_TIMESTAMP, CURRENT_TIMESTAMP, 0);
INSERT INTO [konyadminconsole].[rolepermission](Role_id, Permission_id, createdby, modifiedby, createdts, lastmodifiedts, synctimestamp, softdeleteflag) VALUES ('RID_MANAGER', 'PID11', 'Kony User', 'Kony Dev', CURRENT_TIMESTAMP, CURRENT_TIMESTAMP, CURRENT_TIMESTAMP, 0);
INSERT INTO [konyadminconsole].[rolepermission](Role_id, Permission_id, createdby, modifiedby, createdts, lastmodifiedts, synctimestamp, softdeleteflag) VALUES ('RID_MANAGER', 'PID12', 'Kony User', 'Kony Dev', CURRENT_TIMESTAMP, CURRENT_TIMESTAMP, CURRENT_TIMESTAMP, 0);
INSERT INTO [konyadminconsole].[rolepermission](Role_id, Permission_id, createdby, modifiedby, createdts, lastmodifiedts, synctimestamp, softdeleteflag) VALUES ('RID_MANAGER', 'PID33', 'Kony User', 'Kony Dev', CURRENT_TIMESTAMP, CURRENT_TIMESTAMP, CURRENT_TIMESTAMP, 0);
INSERT INTO [konyadminconsole].[rolepermission](Role_id, Permission_id, createdby, modifiedby, createdts, lastmodifiedts, synctimestamp, softdeleteflag) VALUES ('RID_MANAGER', 'PID45', 'Kony User', 'Kony Dev', CURRENT_TIMESTAMP, CURRENT_TIMESTAMP, CURRENT_TIMESTAMP, 0);
INSERT INTO [konyadminconsole].[rolepermission](Role_id, Permission_id, createdby, modifiedby, createdts, lastmodifiedts, synctimestamp, softdeleteflag) VALUES ('RID_MANAGER', 'PID46', 'Kony User', 'Kony Dev', CURRENT_TIMESTAMP, CURRENT_TIMESTAMP, CURRENT_TIMESTAMP, 0);
INSERT INTO [konyadminconsole].[rolepermission](Role_id, Permission_id, createdby, modifiedby, createdts, lastmodifiedts, synctimestamp, softdeleteflag) VALUES ('RID_MANAGER', 'PID49', 'Kony User', 'Kony Dev', CURRENT_TIMESTAMP, CURRENT_TIMESTAMP, CURRENT_TIMESTAMP, 0);
INSERT INTO [konyadminconsole].[rolepermission](Role_id, Permission_id, createdby, modifiedby, createdts, lastmodifiedts, synctimestamp, softdeleteflag) VALUES ('RID_MANAGER', 'PID50', 'Kony User', 'Kony Dev', CURRENT_TIMESTAMP, CURRENT_TIMESTAMP, CURRENT_TIMESTAMP, 0);
INSERT INTO [konyadminconsole].[rolepermission](Role_id, Permission_id, createdby, modifiedby, createdts, lastmodifiedts, synctimestamp, softdeleteflag) VALUES ('RID_MANAGER', 'PID51', 'Kony User', 'Kony Dev', CURRENT_TIMESTAMP, CURRENT_TIMESTAMP, CURRENT_TIMESTAMP, 0);
INSERT INTO [konyadminconsole].[rolepermission](Role_id, Permission_id, createdby, modifiedby, createdts, lastmodifiedts, synctimestamp, softdeleteflag) VALUES ('RID_MANAGER', 'PID52', 'Kony User', 'Kony Dev', CURRENT_TIMESTAMP, CURRENT_TIMESTAMP, CURRENT_TIMESTAMP, 0);
INSERT INTO [konyadminconsole].[rolepermission](Role_id, Permission_id, createdby, modifiedby, createdts, lastmodifiedts, synctimestamp, softdeleteflag) VALUES ('RID_MANAGER', 'PID53', 'Kony User', 'Kony Dev', CURRENT_TIMESTAMP, CURRENT_TIMESTAMP, CURRENT_TIMESTAMP, 0);
INSERT INTO [konyadminconsole].[rolepermission](Role_id, Permission_id, createdby, modifiedby, createdts, lastmodifiedts, synctimestamp, softdeleteflag) VALUES ('RID_MANAGER', 'PID56', 'Kony User', 'Kony Dev', CURRENT_TIMESTAMP, CURRENT_TIMESTAMP, CURRENT_TIMESTAMP, 0);
INSERT INTO [konyadminconsole].[rolepermission](Role_id, Permission_id, createdby, modifiedby, createdts, lastmodifiedts, synctimestamp, softdeleteflag) VALUES ('RID_MANAGER', 'PID57', 'Kony User', 'Kony Dev', CURRENT_TIMESTAMP, CURRENT_TIMESTAMP, CURRENT_TIMESTAMP, 0);
INSERT INTO [konyadminconsole].[rolepermission](Role_id, Permission_id, createdby, modifiedby, createdts, lastmodifiedts, synctimestamp, softdeleteflag) VALUES ('RID_OPS', 'PID01', 'Kony User', 'Kony Dev', CURRENT_TIMESTAMP, CURRENT_TIMESTAMP, CURRENT_TIMESTAMP, 0);
INSERT INTO [konyadminconsole].[rolepermission](Role_id, Permission_id, createdby, modifiedby, createdts, lastmodifiedts, synctimestamp, softdeleteflag) VALUES ('RID_OPS', 'PID02', 'Kony User', 'Kony Dev', CURRENT_TIMESTAMP, CURRENT_TIMESTAMP, CURRENT_TIMESTAMP, 0);
INSERT INTO [konyadminconsole].[rolepermission](Role_id, Permission_id, createdby, modifiedby, createdts, lastmodifiedts, synctimestamp, softdeleteflag) VALUES ('RID_OPS', 'PID04', 'Kony User', 'Kony Dev', CURRENT_TIMESTAMP, CURRENT_TIMESTAMP, CURRENT_TIMESTAMP, 0);
INSERT INTO [konyadminconsole].[rolepermission](Role_id, Permission_id, createdby, modifiedby, createdts, lastmodifiedts, synctimestamp, softdeleteflag) VALUES ('RID_OPS', 'PID05', 'Kony User', 'Kony Dev', CURRENT_TIMESTAMP, CURRENT_TIMESTAMP, CURRENT_TIMESTAMP, 0);
INSERT INTO [konyadminconsole].[rolepermission](Role_id, Permission_id, createdby, modifiedby, createdts, lastmodifiedts, synctimestamp, softdeleteflag) VALUES ('RID_OPS', 'PID06', 'Kony User', 'Kony Dev', CURRENT_TIMESTAMP, CURRENT_TIMESTAMP, CURRENT_TIMESTAMP, 0);
INSERT INTO [konyadminconsole].[rolepermission](Role_id, Permission_id, createdby, modifiedby, createdts, lastmodifiedts, synctimestamp, softdeleteflag) VALUES ('RID_OPS', 'PID07', 'Kony User', 'Kony Dev', CURRENT_TIMESTAMP, CURRENT_TIMESTAMP, CURRENT_TIMESTAMP, 0);
INSERT INTO [konyadminconsole].[rolepermission](Role_id, Permission_id, createdby, modifiedby, createdts, lastmodifiedts, synctimestamp, softdeleteflag) VALUES ('RID_OPS', 'PID08', 'Kony User', 'Kony Dev', CURRENT_TIMESTAMP, CURRENT_TIMESTAMP, CURRENT_TIMESTAMP, 0);
INSERT INTO [konyadminconsole].[rolepermission](Role_id, Permission_id, createdby, modifiedby, createdts, lastmodifiedts, synctimestamp, softdeleteflag) VALUES ('RID_OPS', 'PID09', 'Kony User', 'Kony Dev', CURRENT_TIMESTAMP, CURRENT_TIMESTAMP, CURRENT_TIMESTAMP, 0);
INSERT INTO [konyadminconsole].[rolepermission](Role_id, Permission_id, createdby, modifiedby, createdts, lastmodifiedts, synctimestamp, softdeleteflag) VALUES ('RID_OPS', 'PID12', 'Kony User', 'Kony Dev', CURRENT_TIMESTAMP, CURRENT_TIMESTAMP, CURRENT_TIMESTAMP, 0);
INSERT INTO [konyadminconsole].[rolepermission](Role_id, Permission_id, createdby, modifiedby, createdts, lastmodifiedts, synctimestamp, softdeleteflag) VALUES ('RID_OPS', 'PID13', 'Kony User', 'Kony Dev', CURRENT_TIMESTAMP, CURRENT_TIMESTAMP, CURRENT_TIMESTAMP, 0);
INSERT INTO [konyadminconsole].[rolepermission](Role_id, Permission_id, createdby, modifiedby, createdts, lastmodifiedts, synctimestamp, softdeleteflag) VALUES ('RID_OPS', 'PID14', 'Kony User', 'Kony Dev', CURRENT_TIMESTAMP, CURRENT_TIMESTAMP, CURRENT_TIMESTAMP, 0);
INSERT INTO [konyadminconsole].[rolepermission](Role_id, Permission_id, createdby, modifiedby, createdts, lastmodifiedts, synctimestamp, softdeleteflag) VALUES ('RID_OPS', 'PID17', 'Kony User', 'Kony Dev', CURRENT_TIMESTAMP, CURRENT_TIMESTAMP, CURRENT_TIMESTAMP, 0);
INSERT INTO [konyadminconsole].[rolepermission](Role_id, Permission_id, createdby, modifiedby, createdts, lastmodifiedts, synctimestamp, softdeleteflag) VALUES ('RID_OPS', 'PID18', 'Kony User', 'Kony Dev', CURRENT_TIMESTAMP, CURRENT_TIMESTAMP, CURRENT_TIMESTAMP, 0);
INSERT INTO [konyadminconsole].[rolepermission](Role_id, Permission_id, createdby, modifiedby, createdts, lastmodifiedts, synctimestamp, softdeleteflag) VALUES ('RID_OPS', 'PID21', 'Kony User', 'Kony Dev', CURRENT_TIMESTAMP, CURRENT_TIMESTAMP, CURRENT_TIMESTAMP, 0);
INSERT INTO [konyadminconsole].[rolepermission](Role_id, Permission_id, createdby, modifiedby, createdts, lastmodifiedts, synctimestamp, softdeleteflag) VALUES ('RID_OPS', 'PID28', 'Kony User', 'Kony Dev', CURRENT_TIMESTAMP, CURRENT_TIMESTAMP, CURRENT_TIMESTAMP, 0);
INSERT INTO [konyadminconsole].[rolepermission](Role_id, Permission_id, createdby, modifiedby, createdts, lastmodifiedts, synctimestamp, softdeleteflag) VALUES ('RID_OPS', 'PID30', 'Kony User', 'Kony Dev', CURRENT_TIMESTAMP, CURRENT_TIMESTAMP, CURRENT_TIMESTAMP, 0);
INSERT INTO [konyadminconsole].[rolepermission](Role_id, Permission_id, createdby, modifiedby, createdts, lastmodifiedts, synctimestamp, softdeleteflag) VALUES ('RID_OPS', 'PID31', 'Kony User', 'Kony Dev', CURRENT_TIMESTAMP, CURRENT_TIMESTAMP, CURRENT_TIMESTAMP, 0);
INSERT INTO [konyadminconsole].[rolepermission](Role_id, Permission_id, createdby, modifiedby, createdts, lastmodifiedts, synctimestamp, softdeleteflag) VALUES ('RID_OPS', 'PID32', 'Kony User', 'Kony Dev', CURRENT_TIMESTAMP, CURRENT_TIMESTAMP, CURRENT_TIMESTAMP, 0);
INSERT INTO [konyadminconsole].[rolepermission](Role_id, Permission_id, createdby, modifiedby, createdts, lastmodifiedts, synctimestamp, softdeleteflag) VALUES ('RID_OPS', 'PID33', 'Kony User', 'Kony Dev', CURRENT_TIMESTAMP, CURRENT_TIMESTAMP, CURRENT_TIMESTAMP, 0);
INSERT INTO [konyadminconsole].[rolepermission](Role_id, Permission_id, createdby, modifiedby, createdts, lastmodifiedts, synctimestamp, softdeleteflag) VALUES ('RID_OPS', 'PID34', 'Kony User', 'Kony Dev', CURRENT_TIMESTAMP, CURRENT_TIMESTAMP, CURRENT_TIMESTAMP, 0);
INSERT INTO [konyadminconsole].[rolepermission](Role_id, Permission_id, createdby, modifiedby, createdts, lastmodifiedts, synctimestamp, softdeleteflag) VALUES ('RID_OPS', 'PID46', 'Kony User', 'Kony Dev', CURRENT_TIMESTAMP, CURRENT_TIMESTAMP, CURRENT_TIMESTAMP, 0);
INSERT INTO [konyadminconsole].[rolepermission](Role_id, Permission_id, createdby, modifiedby, createdts, lastmodifiedts, synctimestamp, softdeleteflag) VALUES ('RID_OPS', 'PID47', 'Kony User', 'Kony Dev', CURRENT_TIMESTAMP, CURRENT_TIMESTAMP, CURRENT_TIMESTAMP, 0);
INSERT INTO [konyadminconsole].[rolepermission](Role_id, Permission_id, createdby, modifiedby, createdts, lastmodifiedts, synctimestamp, softdeleteflag) VALUES ('RID_OPS', 'PID49', 'Kony User', 'Kony Dev', CURRENT_TIMESTAMP, CURRENT_TIMESTAMP, CURRENT_TIMESTAMP, 0);
INSERT INTO [konyadminconsole].[rolepermission](Role_id, Permission_id, createdby, modifiedby, createdts, lastmodifiedts, synctimestamp, softdeleteflag) VALUES ('RID_OPS', 'PID50', 'Kony User', 'Kony Dev', CURRENT_TIMESTAMP, CURRENT_TIMESTAMP, CURRENT_TIMESTAMP, 0);
INSERT INTO [konyadminconsole].[rolepermission](Role_id, Permission_id, createdby, modifiedby, createdts, lastmodifiedts, synctimestamp, softdeleteflag) VALUES ('RID_OPS', 'PID51', 'Kony User', 'Kony Dev', CURRENT_TIMESTAMP, CURRENT_TIMESTAMP, CURRENT_TIMESTAMP, 0);
INSERT INTO [konyadminconsole].[rolepermission](Role_id, Permission_id, createdby, modifiedby, createdts, lastmodifiedts, synctimestamp, softdeleteflag) VALUES ('RID_OPS', 'PID52', 'Kony User', 'Kony Dev', CURRENT_TIMESTAMP, CURRENT_TIMESTAMP, CURRENT_TIMESTAMP, 0);
INSERT INTO [konyadminconsole].[rolepermission](Role_id, Permission_id, createdby, modifiedby, createdts, lastmodifiedts, synctimestamp, softdeleteflag) VALUES ('RID_OPS', 'PID53', 'Kony User', 'Kony Dev', CURRENT_TIMESTAMP, CURRENT_TIMESTAMP, CURRENT_TIMESTAMP, 0);
INSERT INTO [konyadminconsole].[rolepermission](Role_id, Permission_id, createdby, modifiedby, createdts, lastmodifiedts, synctimestamp, softdeleteflag) VALUES ('RID_OPS', 'PID54', 'Kony User', 'Kony Dev', CURRENT_TIMESTAMP, CURRENT_TIMESTAMP, CURRENT_TIMESTAMP, 0);
INSERT INTO [konyadminconsole].[rolepermission](Role_id, Permission_id, createdby, modifiedby, createdts, lastmodifiedts, synctimestamp, softdeleteflag) VALUES ('RID_OPS', 'PID55', 'Kony User', 'Kony Dev', CURRENT_TIMESTAMP, CURRENT_TIMESTAMP, CURRENT_TIMESTAMP, 0);
INSERT INTO [konyadminconsole].[rolepermission](Role_id, Permission_id, createdby, modifiedby, createdts, lastmodifiedts, synctimestamp, softdeleteflag) VALUES ('RID_OPS', 'PID56', 'Kony User', 'Kony Dev', CURRENT_TIMESTAMP, CURRENT_TIMESTAMP, CURRENT_TIMESTAMP, 0);
INSERT INTO [konyadminconsole].[rolepermission](Role_id, Permission_id, createdby, modifiedby, createdts, lastmodifiedts, synctimestamp, softdeleteflag) VALUES ('RID_SUPERADMIN', 'PID01', 'Kony User', 'Kony Dev', CURRENT_TIMESTAMP, CURRENT_TIMESTAMP, CURRENT_TIMESTAMP, 0);
INSERT INTO [konyadminconsole].[rolepermission](Role_id, Permission_id, createdby, modifiedby, createdts, lastmodifiedts, synctimestamp, softdeleteflag) VALUES ('RID_SUPERADMIN', 'PID02', 'Kony User', 'Kony Dev', CURRENT_TIMESTAMP, CURRENT_TIMESTAMP, CURRENT_TIMESTAMP, 0);
INSERT INTO [konyadminconsole].[rolepermission](Role_id, Permission_id, createdby, modifiedby, createdts, lastmodifiedts, synctimestamp, softdeleteflag) VALUES ('RID_SUPERADMIN', 'PID03', 'Kony User', 'Kony Dev', CURRENT_TIMESTAMP, CURRENT_TIMESTAMP, CURRENT_TIMESTAMP, 0);
INSERT INTO [konyadminconsole].[rolepermission](Role_id, Permission_id, createdby, modifiedby, createdts, lastmodifiedts, synctimestamp, softdeleteflag) VALUES ('RID_SUPERADMIN', 'PID04', 'Kony User', 'Kony Dev', CURRENT_TIMESTAMP, CURRENT_TIMESTAMP, CURRENT_TIMESTAMP, 0);
INSERT INTO [konyadminconsole].[rolepermission](Role_id, Permission_id, createdby, modifiedby, createdts, lastmodifiedts, synctimestamp, softdeleteflag) VALUES ('RID_SUPERADMIN', 'PID05', 'Kony User', 'Kony Dev', CURRENT_TIMESTAMP, CURRENT_TIMESTAMP, CURRENT_TIMESTAMP, 0);
INSERT INTO [konyadminconsole].[rolepermission](Role_id, Permission_id, createdby, modifiedby, createdts, lastmodifiedts, synctimestamp, softdeleteflag) VALUES ('RID_SUPERADMIN', 'PID06', 'Kony User', 'Kony Dev', CURRENT_TIMESTAMP, CURRENT_TIMESTAMP, CURRENT_TIMESTAMP, 0);
INSERT INTO [konyadminconsole].[rolepermission](Role_id, Permission_id, createdby, modifiedby, createdts, lastmodifiedts, synctimestamp, softdeleteflag) VALUES ('RID_SUPERADMIN', 'PID07', 'Kony User', 'Kony Dev', CURRENT_TIMESTAMP, CURRENT_TIMESTAMP, CURRENT_TIMESTAMP, 0);
INSERT INTO [konyadminconsole].[rolepermission](Role_id, Permission_id, createdby, modifiedby, createdts, lastmodifiedts, synctimestamp, softdeleteflag) VALUES ('RID_SUPERADMIN', 'PID08', 'Kony User', 'Kony Dev', CURRENT_TIMESTAMP, CURRENT_TIMESTAMP, CURRENT_TIMESTAMP, 0);
INSERT INTO [konyadminconsole].[rolepermission](Role_id, Permission_id, createdby, modifiedby, createdts, lastmodifiedts, synctimestamp, softdeleteflag) VALUES ('RID_SUPERADMIN', 'PID09', 'Kony User', 'Kony Dev', CURRENT_TIMESTAMP, CURRENT_TIMESTAMP, CURRENT_TIMESTAMP, 0);
INSERT INTO [konyadminconsole].[rolepermission](Role_id, Permission_id, createdby, modifiedby, createdts, lastmodifiedts, synctimestamp, softdeleteflag) VALUES ('RID_SUPERADMIN', 'PID10', 'Kony User', 'Kony Dev', CURRENT_TIMESTAMP, CURRENT_TIMESTAMP, CURRENT_TIMESTAMP, 0);
INSERT INTO [konyadminconsole].[rolepermission](Role_id, Permission_id, createdby, modifiedby, createdts, lastmodifiedts, synctimestamp, softdeleteflag) VALUES ('RID_SUPERADMIN', 'PID11', 'Kony User', 'Kony Dev', CURRENT_TIMESTAMP, CURRENT_TIMESTAMP, CURRENT_TIMESTAMP, 0);
INSERT INTO [konyadminconsole].[rolepermission](Role_id, Permission_id, createdby, modifiedby, createdts, lastmodifiedts, synctimestamp, softdeleteflag) VALUES ('RID_SUPERADMIN', 'PID12', 'Kony User', 'Kony Dev', CURRENT_TIMESTAMP, CURRENT_TIMESTAMP, CURRENT_TIMESTAMP, 0);
INSERT INTO [konyadminconsole].[rolepermission](Role_id, Permission_id, createdby, modifiedby, createdts, lastmodifiedts, synctimestamp, softdeleteflag) VALUES ('RID_SUPERADMIN', 'PID13', 'Kony User', 'Kony Dev', CURRENT_TIMESTAMP, CURRENT_TIMESTAMP, CURRENT_TIMESTAMP, 0);
INSERT INTO [konyadminconsole].[rolepermission](Role_id, Permission_id, createdby, modifiedby, createdts, lastmodifiedts, synctimestamp, softdeleteflag) VALUES ('RID_SUPERADMIN', 'PID14', 'Kony User', 'Kony Dev', CURRENT_TIMESTAMP, CURRENT_TIMESTAMP, CURRENT_TIMESTAMP, 0);
INSERT INTO [konyadminconsole].[rolepermission](Role_id, Permission_id, createdby, modifiedby, createdts, lastmodifiedts, synctimestamp, softdeleteflag) VALUES ('RID_SUPERADMIN', 'PID15', 'Kony User', 'Kony Dev', CURRENT_TIMESTAMP, CURRENT_TIMESTAMP, CURRENT_TIMESTAMP, 0);
INSERT INTO [konyadminconsole].[rolepermission](Role_id, Permission_id, createdby, modifiedby, createdts, lastmodifiedts, synctimestamp, softdeleteflag) VALUES ('RID_SUPERADMIN', 'PID16', 'Kony User', 'Kony Dev', CURRENT_TIMESTAMP, CURRENT_TIMESTAMP, CURRENT_TIMESTAMP, 0);
INSERT INTO [konyadminconsole].[rolepermission](Role_id, Permission_id, createdby, modifiedby, createdts, lastmodifiedts, synctimestamp, softdeleteflag) VALUES ('RID_SUPERADMIN', 'PID17', 'Kony User', 'Kony Dev', CURRENT_TIMESTAMP, CURRENT_TIMESTAMP, CURRENT_TIMESTAMP, 0);
INSERT INTO [konyadminconsole].[rolepermission](Role_id, Permission_id, createdby, modifiedby, createdts, lastmodifiedts, synctimestamp, softdeleteflag) VALUES ('RID_SUPERADMIN', 'PID18', 'Kony User', 'Kony Dev', CURRENT_TIMESTAMP, CURRENT_TIMESTAMP, CURRENT_TIMESTAMP, 0);
INSERT INTO [konyadminconsole].[rolepermission](Role_id, Permission_id, createdby, modifiedby, createdts, lastmodifiedts, synctimestamp, softdeleteflag) VALUES ('RID_SUPERADMIN', 'PID19', 'Kony User', 'Kony Dev', CURRENT_TIMESTAMP, CURRENT_TIMESTAMP, CURRENT_TIMESTAMP, 0);
INSERT INTO [konyadminconsole].[rolepermission](Role_id, Permission_id, createdby, modifiedby, createdts, lastmodifiedts, synctimestamp, softdeleteflag) VALUES ('RID_SUPERADMIN', 'PID20', 'Kony User', 'Kony Dev', CURRENT_TIMESTAMP, CURRENT_TIMESTAMP, CURRENT_TIMESTAMP, 0);
INSERT INTO [konyadminconsole].[rolepermission](Role_id, Permission_id, createdby, modifiedby, createdts, lastmodifiedts, synctimestamp, softdeleteflag) VALUES ('RID_SUPERADMIN', 'PID21', 'Kony User', 'Kony Dev', CURRENT_TIMESTAMP, CURRENT_TIMESTAMP, CURRENT_TIMESTAMP, 0);
INSERT INTO [konyadminconsole].[rolepermission](Role_id, Permission_id, createdby, modifiedby, createdts, lastmodifiedts, synctimestamp, softdeleteflag) VALUES ('RID_SUPERADMIN', 'PID22', 'Kony User', 'Kony Dev', CURRENT_TIMESTAMP, CURRENT_TIMESTAMP, CURRENT_TIMESTAMP, 0);
INSERT INTO [konyadminconsole].[rolepermission](Role_id, Permission_id, createdby, modifiedby, createdts, lastmodifiedts, synctimestamp, softdeleteflag) VALUES ('RID_SUPERADMIN', 'PID23', 'Kony User', 'Kony Dev', CURRENT_TIMESTAMP, CURRENT_TIMESTAMP, CURRENT_TIMESTAMP, 0);
INSERT INTO [konyadminconsole].[rolepermission](Role_id, Permission_id, createdby, modifiedby, createdts, lastmodifiedts, synctimestamp, softdeleteflag) VALUES ('RID_SUPERADMIN', 'PID24', 'Kony User', 'Kony Dev', CURRENT_TIMESTAMP, CURRENT_TIMESTAMP, CURRENT_TIMESTAMP, 0);
INSERT INTO [konyadminconsole].[rolepermission](Role_id, Permission_id, createdby, modifiedby, createdts, lastmodifiedts, synctimestamp, softdeleteflag) VALUES ('RID_SUPERADMIN', 'PID25', 'Kony User', 'Kony Dev', CURRENT_TIMESTAMP, CURRENT_TIMESTAMP, CURRENT_TIMESTAMP, 0);
INSERT INTO [konyadminconsole].[rolepermission](Role_id, Permission_id, createdby, modifiedby, createdts, lastmodifiedts, synctimestamp, softdeleteflag) VALUES ('RID_SUPERADMIN', 'PID26', 'Kony User', 'Kony Dev', CURRENT_TIMESTAMP, CURRENT_TIMESTAMP, CURRENT_TIMESTAMP, 0);
INSERT INTO [konyadminconsole].[rolepermission](Role_id, Permission_id, createdby, modifiedby, createdts, lastmodifiedts, synctimestamp, softdeleteflag) VALUES ('RID_SUPERADMIN', 'PID27', 'Kony User', 'Kony Dev', CURRENT_TIMESTAMP, CURRENT_TIMESTAMP, CURRENT_TIMESTAMP, 0);
INSERT INTO [konyadminconsole].[rolepermission](Role_id, Permission_id, createdby, modifiedby, createdts, lastmodifiedts, synctimestamp, softdeleteflag) VALUES ('RID_SUPERADMIN', 'PID28', 'Kony User', 'Kony Dev', CURRENT_TIMESTAMP, CURRENT_TIMESTAMP, CURRENT_TIMESTAMP, 0);
INSERT INTO [konyadminconsole].[rolepermission](Role_id, Permission_id, createdby, modifiedby, createdts, lastmodifiedts, synctimestamp, softdeleteflag) VALUES ('RID_SUPERADMIN', 'PID29', 'Kony User', 'Kony Dev', CURRENT_TIMESTAMP, CURRENT_TIMESTAMP, CURRENT_TIMESTAMP, 0);
INSERT INTO [konyadminconsole].[rolepermission](Role_id, Permission_id, createdby, modifiedby, createdts, lastmodifiedts, synctimestamp, softdeleteflag) VALUES ('RID_SUPERADMIN', 'PID30', 'Kony User', 'Kony Dev', CURRENT_TIMESTAMP, CURRENT_TIMESTAMP, CURRENT_TIMESTAMP, 0);
INSERT INTO [konyadminconsole].[rolepermission](Role_id, Permission_id, createdby, modifiedby, createdts, lastmodifiedts, synctimestamp, softdeleteflag) VALUES ('RID_SUPERADMIN', 'PID31', 'Kony User', 'Kony Dev', CURRENT_TIMESTAMP, CURRENT_TIMESTAMP, CURRENT_TIMESTAMP, 0);
INSERT INTO [konyadminconsole].[rolepermission](Role_id, Permission_id, createdby, modifiedby, createdts, lastmodifiedts, synctimestamp, softdeleteflag) VALUES ('RID_SUPERADMIN', 'PID32', 'Kony User', 'Kony Dev', CURRENT_TIMESTAMP, CURRENT_TIMESTAMP, CURRENT_TIMESTAMP, 0);
INSERT INTO [konyadminconsole].[rolepermission](Role_id, Permission_id, createdby, modifiedby, createdts, lastmodifiedts, synctimestamp, softdeleteflag) VALUES ('RID_SUPERADMIN', 'PID33', 'Kony User', 'Kony Dev', CURRENT_TIMESTAMP, CURRENT_TIMESTAMP, CURRENT_TIMESTAMP, 0);
INSERT INTO [konyadminconsole].[rolepermission](Role_id, Permission_id, createdby, modifiedby, createdts, lastmodifiedts, synctimestamp, softdeleteflag) VALUES ('RID_SUPERADMIN', 'PID34', 'Kony User', 'Kony Dev', CURRENT_TIMESTAMP, CURRENT_TIMESTAMP, CURRENT_TIMESTAMP, 0);
INSERT INTO [konyadminconsole].[rolepermission](Role_id, Permission_id, createdby, modifiedby, createdts, lastmodifiedts, synctimestamp, softdeleteflag) VALUES ('RID_SUPERADMIN', 'PID35', 'Kony User', 'Kony Dev', CURRENT_TIMESTAMP, CURRENT_TIMESTAMP, CURRENT_TIMESTAMP, 0);
INSERT INTO [konyadminconsole].[rolepermission](Role_id, Permission_id, createdby, modifiedby, createdts, lastmodifiedts, synctimestamp, softdeleteflag) VALUES ('RID_SUPERADMIN', 'PID36', 'Kony User', 'Kony Dev', CURRENT_TIMESTAMP, CURRENT_TIMESTAMP, CURRENT_TIMESTAMP, 0);
INSERT INTO [konyadminconsole].[rolepermission](Role_id, Permission_id, createdby, modifiedby, createdts, lastmodifiedts, synctimestamp, softdeleteflag) VALUES ('RID_SUPERADMIN', 'PID37', 'Kony User', 'Kony Dev', CURRENT_TIMESTAMP, CURRENT_TIMESTAMP, CURRENT_TIMESTAMP, 0);
INSERT INTO [konyadminconsole].[rolepermission](Role_id, Permission_id, createdby, modifiedby, createdts, lastmodifiedts, synctimestamp, softdeleteflag) VALUES ('RID_SUPERADMIN', 'PID38', 'Kony User', 'Kony Dev', CURRENT_TIMESTAMP, CURRENT_TIMESTAMP, CURRENT_TIMESTAMP, 0);
INSERT INTO [konyadminconsole].[rolepermission](Role_id, Permission_id, createdby, modifiedby, createdts, lastmodifiedts, synctimestamp, softdeleteflag) VALUES ('RID_SUPERADMIN', 'PID39', 'Kony User', 'Kony Dev', CURRENT_TIMESTAMP, CURRENT_TIMESTAMP, CURRENT_TIMESTAMP, 0);
INSERT INTO [konyadminconsole].[rolepermission](Role_id, Permission_id, createdby, modifiedby, createdts, lastmodifiedts, synctimestamp, softdeleteflag) VALUES ('RID_SUPERADMIN', 'PID40', 'Kony User', 'Kony Dev', CURRENT_TIMESTAMP, CURRENT_TIMESTAMP, CURRENT_TIMESTAMP, 0);
INSERT INTO [konyadminconsole].[rolepermission](Role_id, Permission_id, createdby, modifiedby, createdts, lastmodifiedts, synctimestamp, softdeleteflag) VALUES ('RID_SUPERADMIN', 'PID41', 'Kony User', 'Kony Dev', CURRENT_TIMESTAMP, CURRENT_TIMESTAMP, CURRENT_TIMESTAMP, 0);
INSERT INTO [konyadminconsole].[rolepermission](Role_id, Permission_id, createdby, modifiedby, createdts, lastmodifiedts, synctimestamp, softdeleteflag) VALUES ('RID_SUPERADMIN', 'PID42', 'Kony User', 'Kony Dev', CURRENT_TIMESTAMP, CURRENT_TIMESTAMP, CURRENT_TIMESTAMP, 0);
INSERT INTO [konyadminconsole].[rolepermission](Role_id, Permission_id, createdby, modifiedby, createdts, lastmodifiedts, synctimestamp, softdeleteflag) VALUES ('RID_SUPERADMIN', 'PID43', 'Kony User', 'Kony Dev', CURRENT_TIMESTAMP, CURRENT_TIMESTAMP, CURRENT_TIMESTAMP, 0);
INSERT INTO [konyadminconsole].[rolepermission](Role_id, Permission_id, createdby, modifiedby, createdts, lastmodifiedts, synctimestamp, softdeleteflag) VALUES ('RID_SUPERADMIN', 'PID44', 'Kony User', 'Kony Dev', CURRENT_TIMESTAMP, CURRENT_TIMESTAMP, CURRENT_TIMESTAMP, 0);
INSERT INTO [konyadminconsole].[rolepermission](Role_id, Permission_id, createdby, modifiedby, createdts, lastmodifiedts, synctimestamp, softdeleteflag) VALUES ('RID_SUPERADMIN', 'PID45', 'Kony User', 'Kony Dev', CURRENT_TIMESTAMP, CURRENT_TIMESTAMP, CURRENT_TIMESTAMP, 0);
INSERT INTO [konyadminconsole].[rolepermission](Role_id, Permission_id, createdby, modifiedby, createdts, lastmodifiedts, synctimestamp, softdeleteflag) VALUES ('RID_SUPERADMIN', 'PID46', 'Kony User', 'Kony Dev', CURRENT_TIMESTAMP, CURRENT_TIMESTAMP, CURRENT_TIMESTAMP, 0);
INSERT INTO [konyadminconsole].[rolepermission](Role_id, Permission_id, createdby, modifiedby, createdts, lastmodifiedts, synctimestamp, softdeleteflag) VALUES ('RID_SUPERADMIN', 'PID47', 'Kony User', 'Kony Dev', CURRENT_TIMESTAMP, CURRENT_TIMESTAMP, CURRENT_TIMESTAMP, 0);
INSERT INTO [konyadminconsole].[rolepermission](Role_id, Permission_id, createdby, modifiedby, createdts, lastmodifiedts, synctimestamp, softdeleteflag) VALUES ('RID_SUPERADMIN', 'PID48', 'Kony User', 'Kony Dev', CURRENT_TIMESTAMP, CURRENT_TIMESTAMP, CURRENT_TIMESTAMP, 0);
INSERT INTO [konyadminconsole].[rolepermission](Role_id, Permission_id, createdby, modifiedby, createdts, lastmodifiedts, synctimestamp, softdeleteflag) VALUES ('RID_SUPERADMIN', 'PID49', 'Kony User', 'Kony Dev', CURRENT_TIMESTAMP, CURRENT_TIMESTAMP, CURRENT_TIMESTAMP, 0);
INSERT INTO [konyadminconsole].[rolepermission](Role_id, Permission_id, createdby, modifiedby, createdts, lastmodifiedts, synctimestamp, softdeleteflag) VALUES ('RID_SUPERADMIN', 'PID50', 'Kony User', 'Kony Dev', CURRENT_TIMESTAMP, CURRENT_TIMESTAMP, CURRENT_TIMESTAMP, 0);
INSERT INTO [konyadminconsole].[rolepermission](Role_id, Permission_id, createdby, modifiedby, createdts, lastmodifiedts, synctimestamp, softdeleteflag) VALUES ('RID_SUPERADMIN', 'PID51', 'Kony User', 'Kony Dev', CURRENT_TIMESTAMP, CURRENT_TIMESTAMP, CURRENT_TIMESTAMP, 0);
INSERT INTO [konyadminconsole].[rolepermission](Role_id, Permission_id, createdby, modifiedby, createdts, lastmodifiedts, synctimestamp, softdeleteflag) VALUES ('RID_SUPERADMIN', 'PID52', 'Kony User', 'Kony Dev', CURRENT_TIMESTAMP, CURRENT_TIMESTAMP, CURRENT_TIMESTAMP, 0);
INSERT INTO [konyadminconsole].[rolepermission](Role_id, Permission_id, createdby, modifiedby, createdts, lastmodifiedts, synctimestamp, softdeleteflag) VALUES ('RID_SUPERADMIN', 'PID53', 'Kony User', 'Kony Dev', CURRENT_TIMESTAMP, CURRENT_TIMESTAMP, CURRENT_TIMESTAMP, 0);
INSERT INTO [konyadminconsole].[rolepermission](Role_id, Permission_id, createdby, modifiedby, createdts, lastmodifiedts, synctimestamp, softdeleteflag) VALUES ('RID_SUPERADMIN', 'PID54', 'Kony User', 'Kony Dev', CURRENT_TIMESTAMP, CURRENT_TIMESTAMP, CURRENT_TIMESTAMP, 0);
INSERT INTO [konyadminconsole].[rolepermission](Role_id, Permission_id, createdby, modifiedby, createdts, lastmodifiedts, synctimestamp, softdeleteflag) VALUES ('RID_SUPERADMIN', 'PID55', 'Kony User', 'Kony Dev', CURRENT_TIMESTAMP, CURRENT_TIMESTAMP, CURRENT_TIMESTAMP, 0);
INSERT INTO [konyadminconsole].[rolepermission](Role_id, Permission_id, createdby, modifiedby, createdts, lastmodifiedts, synctimestamp, softdeleteflag) VALUES ('RID_SUPERADMIN', 'PID56', 'Kony User', 'Kony Dev', CURRENT_TIMESTAMP, CURRENT_TIMESTAMP, CURRENT_TIMESTAMP, 0);
INSERT INTO [konyadminconsole].[rolepermission](Role_id, Permission_id, createdby, modifiedby, createdts, lastmodifiedts, synctimestamp, softdeleteflag) VALUES ('RID_SUPERADMIN', 'PID57', 'Kony User', 'Kony Dev', CURRENT_TIMESTAMP, CURRENT_TIMESTAMP, CURRENT_TIMESTAMP, 0);
INSERT INTO [konyadminconsole].[roletype](id, Name, createdby, modifiedby, createdts, lastmodifiedts, synctimestamp, softdeleteflag) VALUES ('ROLE_TYPE_1', 'RoleType1', 'Kony User', 'Kony Dev', CURRENT_TIMESTAMP, CURRENT_TIMESTAMP, CURRENT_TIMESTAMP, 0);
INSERT INTO [konyadminconsole].[securityquestion](id, Status_id, Question, createdby, modifiedby, createdts, lastmodifiedts, synctimestamp, softdeleteflag) VALUES ('SEC_QUES_ID_1', 'SID_ACTIVE', 'What primary school did you attend?', 'Kony User', 'Kony Dev', CURRENT_TIMESTAMP, CURRENT_TIMESTAMP, CURRENT_TIMESTAMP, 0);
INSERT INTO [konyadminconsole].[securityquestion](id, Status_id, Question, createdby, modifiedby, createdts, lastmodifiedts, synctimestamp, softdeleteflag) VALUES ('SEC_QUES_ID_2', 'SID_ACTIVE', 'In what town or city was your first full time job?', 'Kony User', 'Kony Dev', CURRENT_TIMESTAMP, CURRENT_TIMESTAMP, CURRENT_TIMESTAMP, 0);
INSERT INTO [konyadminconsole].[securityquestion](id, Status_id, Question, createdby, modifiedby, createdts, lastmodifiedts, synctimestamp, softdeleteflag) VALUES ('SEC_QUES_ID_3', 'SID_ACTIVE', 'In what town or city did you meet your spouse/partner?', 'Kony User', 'Kony Dev', CURRENT_TIMESTAMP, CURRENT_TIMESTAMP, CURRENT_TIMESTAMP, 0);
INSERT INTO [konyadminconsole].[securityquestion](id, Status_id, Question, createdby, modifiedby, createdts, lastmodifiedts, synctimestamp, softdeleteflag) VALUES ('SEC_QUES_ID_4', 'SID_ACTIVE', 'What is the middle name of your oldest child?', 'Kony User', 'Kony Dev', CURRENT_TIMESTAMP, CURRENT_TIMESTAMP, CURRENT_TIMESTAMP, 0);
INSERT INTO [konyadminconsole].[securityquestion](id, Status_id, Question, createdby, modifiedby, createdts, lastmodifiedts, synctimestamp, softdeleteflag) VALUES ('SEC_QUES_ID_5', 'SID_ACTIVE', 'What is your favourite food?', 'Kony User', 'Kony Dev', CURRENT_TIMESTAMP, CURRENT_TIMESTAMP, CURRENT_TIMESTAMP, 0);
INSERT INTO [konyadminconsole].[securityquestion](id, Status_id, Question, createdby, modifiedby, createdts, lastmodifiedts, synctimestamp, softdeleteflag) VALUES ('SEC_QUES_ID_6', 'SID_ACTIVE', 'What is the make of your first car?', 'Kony User', 'Kony Dev', CURRENT_TIMESTAMP, CURRENT_TIMESTAMP, CURRENT_TIMESTAMP, 0);
INSERT INTO [konyadminconsole].[securityquestion](id, Status_id, Question, createdby, modifiedby, createdts, lastmodifiedts, synctimestamp, softdeleteflag) VALUES ('SEC_QUES_ID_7', 'SID_ACTIVE', 'What is your mother''s maiden name?', 'Kony User', 'Kony Dev', CURRENT_TIMESTAMP, CURRENT_TIMESTAMP, CURRENT_TIMESTAMP, 0);
INSERT INTO [konyadminconsole].[securityquestion](id, Status_id, Question, createdby, modifiedby, createdts, lastmodifiedts, synctimestamp, softdeleteflag) VALUES ('SEC_QUES_ID_8', 'SID_ACTIVE', 'What is your favourite colour?', 'Kony User', 'Kony Dev', CURRENT_TIMESTAMP, CURRENT_TIMESTAMP, CURRENT_TIMESTAMP, 0);
INSERT INTO [konyadminconsole].[securityquestion](id, Status_id, Question, createdby, modifiedby, createdts, lastmodifiedts, synctimestamp, softdeleteflag) VALUES ('SEC_QUES_ID_9', 'SID_ACTIVE', 'Who is your favourite actor?', 'Kony User', 'Kony Dev', CURRENT_TIMESTAMP, CURRENT_TIMESTAMP, CURRENT_TIMESTAMP, 0);
INSERT INTO [konyadminconsole].[workschedule] (id, Description, createdby, modifiedby, createdts, lastmodifiedts, synctimestamp, softdeleteflag) VALUES ('WORK_SCH_ID1', 'Work Schedule 1 Desc', 'Kony User', 'Kony Dev', CURRENT_TIMESTAMP, CURRENT_TIMESTAMP, CURRENT_TIMESTAMP, 0);
INSERT INTO [konyadminconsole].[service](id, Type_id, Channel_id, Name, Description, Status_id, Notes, MaxTransferLimit, MinTransferLimit, TransferDenominations, IsFutureTransaction, TransactionCharges, IsAuthorizationRequired, IsSMSAlertActivated, SMSCharges, IsBeneficiarySMSAlertActivated, BeneficiarySMSCharge, HasWeekendOperation, IsOutageMessageActive, IsAlertActive, IsTCActive, IsAgreementActive, IsCampaignActive, WorkSchedule_id, TransactionFee_id, TransactionLimit_id, code, Category_id, DisplayName, DisplayDescription, createdby, modifiedby, createdts, lastmodifiedts, synctimestamp, softdeleteflag) VALUES ('SERVICE_ID_1', 'SER_TYPE_TRNS', 'CH_ID_MOB_INT', 'Intra Bank Member to Member Fund Transfer', 'Fund Transfer to other members of the Credit Union. Member to Member Transfer', 'SID_ACTIVE', '24x7 Member to Member Fund Transfer; Up to $50,000 per day', 10000.00, 1.00, '$', 1, '0', 1, 1, '0.5', 0, '0', 1, 1, 1, 0, 0, 1, 'WORK_SCH_ID1', 'TID1', 'TID1', 'M2MFT001', 'CAT_TYPE_TRANSFER', 'KonyBankAccountsTransfer', '24x7 Member to Member Fund Transfer; Up to $50,000 per day', 'Kony User', 'Kony Dev', CURRENT_TIMESTAMP, CURRENT_TIMESTAMP, CURRENT_TIMESTAMP, 0);
INSERT INTO [konyadminconsole].[service](id, Type_id, Channel_id, Name, Description, Status_id, Notes, MaxTransferLimit, MinTransferLimit, TransferDenominations, IsFutureTransaction, TransactionCharges, IsAuthorizationRequired, IsSMSAlertActivated, SMSCharges, IsBeneficiarySMSAlertActivated, BeneficiarySMSCharge, HasWeekendOperation, IsOutageMessageActive, IsAlertActive, IsTCActive, IsAgreementActive, IsCampaignActive, WorkSchedule_id, TransactionFee_id, TransactionLimit_id, code, Category_id, DisplayName, DisplayDescription, createdby, modifiedby, createdts, lastmodifiedts, synctimestamp, softdeleteflag) VALUES ('SERVICE_ID_2', 'SER_TYPE_TRNS', 'CH_ID_MOB_INT', 'Transfer between Members accounts', 'Fund Transfer between deifferent eligible accounts of a member', 'SID_ACTIVE', '24x7 Transfer between your own accounts; Up to $50,000 per day', 100000.00, 1.00, '$', 1, '0', 0, 0, '0', 0, '0', 1, 1, 0, 0, 0, 1, 'WORK_SCH_ID1', 'TID1', 'TID1', 'M2AFT002', 'CAT_TYPE_TRANSFER', 'OtherKonyAccountsTransfer', '24x7 Transfer between your own accounts; Up to $50,000 per day', 'Kony User', 'Kony Dev', CURRENT_TIMESTAMP, CURRENT_TIMESTAMP, CURRENT_TIMESTAMP, 0);
INSERT INTO [konyadminconsole].[service](id, Type_id, Channel_id, Name, Description, Status_id, Notes, MaxTransferLimit, MinTransferLimit, TransferDenominations, IsFutureTransaction, TransactionCharges, IsAuthorizationRequired, IsSMSAlertActivated, SMSCharges, IsBeneficiarySMSAlertActivated, BeneficiarySMSCharge, HasWeekendOperation, IsOutageMessageActive, IsAlertActive, IsTCActive, IsAgreementActive, IsCampaignActive, WorkSchedule_id, TransactionFee_id, TransactionLimit_id, code, Category_id, DisplayName, DisplayDescription, createdby, modifiedby, createdts, lastmodifiedts, synctimestamp, softdeleteflag) VALUES ('SERVICE_ID_3', 'SER_TYPE_TRNS', 'CH_ID_MOB_INT', 'Interbank Account to Account Fund Transfer', 'Fund Transfer to Accounts in other domestic Banks and Credit Unions', 'SID_ACTIVE', 'On working days between 9AM to 5PM; Up to $10,000 per day', 10000.00, 1.00, '$', 1, '0', 1, 1, '0.5', 1, '0.2', 0, 1, 1, 1, 1, 1, 'WORK_SCH_ID1', 'TID1', 'TID1', 'DomA2AFT003', 'CAT_TYPE_TRANSFER', 'OtherBankAccountsTransfer', 'On working days between 9AM to 5PM; Up to $10,000 per day', 'Kony User', 'Kony Dev', CURRENT_TIMESTAMP, CURRENT_TIMESTAMP, CURRENT_TIMESTAMP, 0);
INSERT INTO [konyadminconsole].[service](id, Type_id, Channel_id, Name, Description, Status_id, Notes, MaxTransferLimit, MinTransferLimit, TransferDenominations, IsFutureTransaction, TransactionCharges, IsAuthorizationRequired, IsSMSAlertActivated, SMSCharges, IsBeneficiarySMSAlertActivated, BeneficiarySMSCharge, HasWeekendOperation, IsOutageMessageActive, IsAlertActive, IsTCActive, IsAgreementActive, IsCampaignActive, WorkSchedule_id, TransactionFee_id, TransactionLimit_id, code, Category_id, DisplayName, DisplayDescription, createdby, modifiedby, createdts, lastmodifiedts, synctimestamp, softdeleteflag) VALUES ('SERVICE_ID_4', 'SER_TYPE_TRNS', 'CH_ID_MOB_INT', 'Internation Account to Account Fund Transfer ', 'Fund Transfer to Accounts in International Banks and Credit Unions', 'SID_ACTIVE', 'On working days between 9AM to 5PM; Up to $10,000 per day', 10000.00, 1.00, '$', 1, '0.5', 1, 1, '0.5', 1, '0.2', 0, 1, 1, 1, 1, 1, 'WORK_SCH_ID1', 'TID1', 'TID1', 'IntA2AFT004', 'CAT_TYPE_TRANSFER', 'InternationalAccountsTransfer', 'On working days between 9AM to 5PM; Up to $10,000 per day', 'Kony User', 'Kony Dev', CURRENT_TIMESTAMP, CURRENT_TIMESTAMP, CURRENT_TIMESTAMP, 0);
INSERT INTO [konyadminconsole].[service](id, Type_id, Channel_id, Name, Description, Status_id, Notes, MaxTransferLimit, MinTransferLimit, TransferDenominations, IsFutureTransaction, TransactionCharges, IsAuthorizationRequired, IsSMSAlertActivated, SMSCharges, IsBeneficiarySMSAlertActivated, BeneficiarySMSCharge, HasWeekendOperation, IsOutageMessageActive, IsAlertActive, IsTCActive, IsAgreementActive, IsCampaignActive, WorkSchedule_id, TransactionFee_id, TransactionLimit_id, code, Category_id, DisplayName, DisplayDescription, createdby, modifiedby, createdts, lastmodifiedts, synctimestamp, softdeleteflag) VALUES ('SERVICE_ID_5', 'SER_TYPE_TRNS', 'CH_ID_MOB_INT', 'Domestic Wire Transfer', 'Wire Transfers within the country', 'SID_ACTIVE', 'On working days between 9AM to 5PM; Up to $10,000 per day', 10000.00, 1.00, '$', 1, '5', 1, 1, '0.5', 1, '0.2', 0, 1, 1, 1, 1, 1, 'WORK_SCH_ID1', 'TID1', 'TID1', 'DomWireFT005', 'CAT_TYPE_TRANSFER', 'DomesticWireTransfer', 'On working days between 9AM to 5PM; Up to $10,000 per day', 'Kony User', 'Kony Dev', CURRENT_TIMESTAMP, CURRENT_TIMESTAMP, CURRENT_TIMESTAMP, 0);
INSERT INTO [konyadminconsole].[service](id, Type_id, Channel_id, Name, Description, Status_id, Notes, MaxTransferLimit, MinTransferLimit, TransferDenominations, IsFutureTransaction, TransactionCharges, IsAuthorizationRequired, IsSMSAlertActivated, SMSCharges, IsBeneficiarySMSAlertActivated, BeneficiarySMSCharge, HasWeekendOperation, IsOutageMessageActive, IsAlertActive, IsTCActive, IsAgreementActive, IsCampaignActive, WorkSchedule_id, TransactionFee_id, TransactionLimit_id, code, Category_id, DisplayName, DisplayDescription, createdby, modifiedby, createdts, lastmodifiedts, synctimestamp, softdeleteflag) VALUES ('SERVICE_ID_6', 'SER_TYPE_TRNS', 'CH_ID_MOB_INT', 'International Wire Transfer', 'International Wire Transfers ', 'SID_ACTIVE', 'On working days between 9AM to 5PM; Up to $10,000 per day', 10000.00, 1.00, '$', 1, '5', 1, 1, '0.5', 1, '0.2', 0, 1, 1, 1, 1, 1, 'WORK_SCH_ID1', 'TID1', 'TID1', 'IntWireFT005', 'CAT_TYPE_TRANSFER', 'InternationalWireTransfer', 'On working days between 9AM to 5PM; Up to $10,000 per day', 'Kony User', 'Kony Dev', CURRENT_TIMESTAMP, CURRENT_TIMESTAMP, CURRENT_TIMESTAMP, 0);
INSERT INTO [konyadminconsole].[service](id, Type_id, Channel_id, Name, Description, Status_id, Notes, MaxTransferLimit, MinTransferLimit, TransferDenominations, IsFutureTransaction, TransactionCharges, IsAuthorizationRequired, IsSMSAlertActivated, SMSCharges, IsBeneficiarySMSAlertActivated, BeneficiarySMSCharge, HasWeekendOperation, IsOutageMessageActive, IsAlertActive, IsTCActive, IsAgreementActive, IsCampaignActive, WorkSchedule_id, TransactionFee_id, TransactionLimit_id, code, Category_id, DisplayName, DisplayDescription, createdby, modifiedby, createdts, lastmodifiedts, synctimestamp, softdeleteflag) VALUES ('SERVICE_ID_7', 'SER_TYPE_TRNS', 'CH_ID_MOB_INT', 'Bill Pay', 'Bill Payment Service', 'SID_ACTIVE', 'Pay your bills instantly', 5000.00, 1.00, '$', 1, '0', 1, 1, '0.1', 1, '0.1', 1, 1, 1, 1, 1, 1, 'WORK_SCH_ID1', 'TID1', 'TID1', 'BillPayPT001', 'CAT_TYPE_PAYMENT', 'BillPay', 'Pay your bills instantly', 'Kony User', 'Kony Dev', CURRENT_TIMESTAMP, CURRENT_TIMESTAMP, CURRENT_TIMESTAMP, 0);
INSERT INTO [konyadminconsole].[service](id, Type_id, Channel_id, Name, Description, Status_id, Notes, MaxTransferLimit, MinTransferLimit, TransferDenominations, IsFutureTransaction, TransactionCharges, IsAuthorizationRequired, IsSMSAlertActivated, SMSCharges, IsBeneficiarySMSAlertActivated, BeneficiarySMSCharge, HasWeekendOperation, IsOutageMessageActive, IsAlertActive, IsTCActive, IsAgreementActive, IsCampaignActive, WorkSchedule_id, TransactionFee_id, TransactionLimit_id, code, Category_id, DisplayName, DisplayDescription, createdby, modifiedby, createdts, lastmodifiedts, synctimestamp, softdeleteflag) VALUES ('SERVICE_ID_8', 'SER_TYPE_TRNS', 'CH_ID_MOB_INT', 'P2P', 'Person to Person Transfer', 'SID_ACTIVE', 'Send money to anyone using their mobile number or email id', 1000.00, 1.00, '$', 1, '2.5', 0, 0, '0', 0, '0', 1, 1, 1, 1, 1, 1, 'WORK_SCH_ID1', 'TID1', 'TID1', 'P2PPT002', 'CAT_TYPE_PAYMENT', 'PayAPerson', 'Send money to anyone using their mobile number or email id', 'Kony User', 'Kony Dev', CURRENT_TIMESTAMP, CURRENT_TIMESTAMP, CURRENT_TIMESTAMP, 0);
INSERT INTO [konyadminconsole].[service](id, Type_id, Channel_id, Name, Description, Status_id, Notes, MaxTransferLimit, MinTransferLimit, TransferDenominations, IsFutureTransaction, TransactionCharges, IsAuthorizationRequired, IsSMSAlertActivated, SMSCharges, IsBeneficiarySMSAlertActivated, BeneficiarySMSCharge, HasWeekendOperation, IsOutageMessageActive, IsAlertActive, IsTCActive, IsAgreementActive, IsCampaignActive, WorkSchedule_id, TransactionFee_id, TransactionLimit_id, code, Category_id, DisplayName, DisplayDescription, createdby, modifiedby, createdts, lastmodifiedts, synctimestamp, softdeleteflag) VALUES ('SERVICE_ID_9', 'SER_TYPE_TRNS', 'CH_ID_MOB', 'RDC', 'Check Deposit be capturing image of the check from the MB or Tablet App', 'SID_ACTIVE', 'Remote Deposit Capture', 100000.00, 50.00, '$', 0, '2', 0, 0, '0', 0, '0', 1, 1, 0, 1, 1, 1, 'WORK_SCH_ID1', 'TID1', 'TID1', 'RDCDPT001', 'CAT_TYPE_DEPOSIT', 'RDC', 'Remote Deposit Capture', 'Kony User', 'Kony Dev', CURRENT_TIMESTAMP, CURRENT_TIMESTAMP, CURRENT_TIMESTAMP, 0);
INSERT INTO [konyadminconsole].[servicechannel](id, Description, createdby, modifiedby, createdts, lastmodifiedts, synctimestamp, softdeleteflag) VALUES ('CH_ID_INT', 'Internet', 'Kony User', 'Kony Dev', CURRENT_TIMESTAMP, CURRENT_TIMESTAMP, CURRENT_TIMESTAMP, 0);
INSERT INTO [konyadminconsole].[servicechannel](id, Description, createdby, modifiedby, createdts, lastmodifiedts, synctimestamp, softdeleteflag) VALUES ('CH_ID_MOB', 'Mobile', 'Kony User', 'Kony Dev', CURRENT_TIMESTAMP, CURRENT_TIMESTAMP, CURRENT_TIMESTAMP, 0);
INSERT INTO [konyadminconsole].[servicechannel](id, Description, createdby, modifiedby, createdts, lastmodifiedts, synctimestamp, softdeleteflag) VALUES ('CH_ID_MOB_INT', 'Internet, Mobile', 'Kony User', 'Kony Dev', CURRENT_TIMESTAMP, CURRENT_TIMESTAMP, CURRENT_TIMESTAMP, 0);
INSERT INTO [konyadminconsole].[servicetype](id, Description, createdby, modifiedby, createdts, lastmodifiedts, synctimestamp, softdeleteflag) VALUES ('SER_TYPE_TRNS', 'Transactional', 'Kony User', 'Kony Dev', CURRENT_TIMESTAMP, CURRENT_TIMESTAMP, CURRENT_TIMESTAMP, 0);
INSERT INTO [konyadminconsole].[status](id, Type_id, Code, Description, createdby, modifiedby, createdts, lastmodifiedts, synctimestamp, softdeleteflag) VALUES ('SID_ACTIVE', 'SID_ACTIVE', null, 'Active', 'Kony User', 'Kony Dev', CURRENT_TIMESTAMP, CURRENT_TIMESTAMP, CURRENT_TIMESTAMP, 0);
INSERT INTO [konyadminconsole].[status](id, Type_id, Code, Description, createdby, modifiedby, createdts, lastmodifiedts, synctimestamp, softdeleteflag) VALUES ('SID_APP_ACTIVE', 'STID_APPLICANTSTATUS', null, 'Active', 'Kony User', 'Kony Dev', CURRENT_TIMESTAMP, CURRENT_TIMESTAMP, CURRENT_TIMESTAMP, 0);
INSERT INTO [konyadminconsole].[status](id, Type_id, Code, Description, createdby, modifiedby, createdts, lastmodifiedts, synctimestamp, softdeleteflag) VALUES ('SID_APP_PENDING', 'STID_APPLICANTSTATUS', null, 'Pending', 'Kony User', 'Kony Dev', CURRENT_TIMESTAMP, CURRENT_TIMESTAMP, CURRENT_TIMESTAMP, 0);
INSERT INTO [konyadminconsole].[status](id, Type_id, Code, Description, createdby, modifiedby, createdts, lastmodifiedts, synctimestamp, softdeleteflag) VALUES ('SID_ARCHIVED', 'STID_CUSTOMERREQUEST', null, 'Archived', 'Kony User', 'Kony Dev', CURRENT_TIMESTAMP, CURRENT_TIMESTAMP, CURRENT_TIMESTAMP, 0);
INSERT INTO [konyadminconsole].[status](id, Type_id, Code, Description, createdby, modifiedby, createdts, lastmodifiedts, synctimestamp, softdeleteflag) VALUES ('SID_CANCELLED', 'STID_CUSTOMERREQUEST', null, 'Cancelled', 'Kony User', 'Kony Dev', CURRENT_TIMESTAMP, CURRENT_TIMESTAMP, CURRENT_TIMESTAMP, 0);
INSERT INTO [konyadminconsole].[status](id, Type_id, Code, Description, createdby, modifiedby, createdts, lastmodifiedts, synctimestamp, softdeleteflag) VALUES ('SID_CUS_ACTIVE', 'STID_CUSTOMERSTATUS', null, 'Customer Active', 'Kony User', 'Kony Dev', CURRENT_TIMESTAMP, CURRENT_TIMESTAMP, CURRENT_TIMESTAMP, 0);
INSERT INTO [konyadminconsole].[status](id, Type_id, Code, Description, createdby, modifiedby, createdts, lastmodifiedts, synctimestamp, softdeleteflag) VALUES ('SID_CUS_LOCKED', 'STID_CUSTOMERSTATUS', null, 'Customer Locked', 'Kony User', 'Kony Dev', CURRENT_TIMESTAMP, CURRENT_TIMESTAMP, CURRENT_TIMESTAMP, 0);
INSERT INTO [konyadminconsole].[status](id, Type_id, Code, Description, createdby, modifiedby, createdts, lastmodifiedts, synctimestamp, softdeleteflag) VALUES ('SID_CUS_SUSPENDED', 'STID_CUSTOMERSTATUS', null, 'Customer Suspended', 'Kony User', 'Kony Dev', CURRENT_TIMESTAMP, CURRENT_TIMESTAMP, CURRENT_TIMESTAMP, 0);
INSERT INTO [konyadminconsole].[status](id, Type_id, Code, Description, createdby, modifiedby, createdts, lastmodifiedts, synctimestamp, softdeleteflag) VALUES ('SID_DEFAULTER', 'STID_CUSTOMERFLAGS', null, 'Defaulter', 'Kony User', 'Kony Dev', CURRENT_TIMESTAMP, CURRENT_TIMESTAMP, CURRENT_TIMESTAMP, 0);
INSERT INTO [konyadminconsole].[status](id, Type_id, Code, Description, createdby, modifiedby, createdts, lastmodifiedts, synctimestamp, softdeleteflag) VALUES ('SID_DELETED', 'STID_CUSTOMERREQUEST', null, 'Hard Deleted', 'Kony User', 'Kony Dev', CURRENT_TIMESTAMP, CURRENT_TIMESTAMP, CURRENT_TIMESTAMP, 0);
INSERT INTO [konyadminconsole].[status](id, Type_id, Code, Description, createdby, modifiedby, createdts, lastmodifiedts, synctimestamp, softdeleteflag) VALUES ('SID_DIVORCED', 'STID_MARITALSTATUS', null, 'Divorced', 'Kony User', 'Kony Dev', CURRENT_TIMESTAMP, CURRENT_TIMESTAMP, CURRENT_TIMESTAMP, 0);
INSERT INTO [konyadminconsole].[status](id, Type_id, Code, Description, createdby, modifiedby, createdts, lastmodifiedts, synctimestamp, softdeleteflag) VALUES ('SID_EMPLOYED', 'STID_EMPLOYMENTSTATUS', null, 'Employed', 'Kony User', 'Kony Dev', CURRENT_TIMESTAMP, CURRENT_TIMESTAMP, CURRENT_TIMESTAMP, 0);
INSERT INTO [konyadminconsole].[status](id, Type_id, Code, Description, createdby, modifiedby, createdts, lastmodifiedts, synctimestamp, softdeleteflag) VALUES ('SID_EXPIRED', 'STID_CUSTOMERNOTIFICATION', null, 'Expired', 'Kony User', 'Kony Dev', CURRENT_TIMESTAMP, CURRENT_TIMESTAMP, CURRENT_TIMESTAMP, 0);
INSERT INTO [konyadminconsole].[status](id, Type_id, Code, Description, createdby, modifiedby, createdts, lastmodifiedts, synctimestamp, softdeleteflag) VALUES ('SID_FRAUDDETECTED', 'STID_CUSTOMERFLAGS', null, 'Fraud Detected', 'Kony User', 'Kony Dev', CURRENT_TIMESTAMP, CURRENT_TIMESTAMP, CURRENT_TIMESTAMP, 0);
INSERT INTO [konyadminconsole].[status](id, Type_id, Code, Description, createdby, modifiedby, createdts, lastmodifiedts, synctimestamp, softdeleteflag) VALUES ('SID_HIGHRISK', 'STID_CUSTOMERFLAGS', null, 'High Risk', 'Kony User', 'Kony Dev', CURRENT_TIMESTAMP, CURRENT_TIMESTAMP, CURRENT_TIMESTAMP, 0);
INSERT INTO [konyadminconsole].[status](id, Type_id, Code, Description, createdby, modifiedby, createdts, lastmodifiedts, synctimestamp, softdeleteflag) VALUES ('SID_INACTIVE', 'SID_INACTIVE', null, 'Inactive', 'Kony User', 'Kony Dev', CURRENT_TIMESTAMP, CURRENT_TIMESTAMP, CURRENT_TIMESTAMP, 0);
INSERT INTO [konyadminconsole].[status](id, Type_id, Code, Description, createdby, modifiedby, createdts, lastmodifiedts, synctimestamp, softdeleteflag) VALUES ('SID_INPROGRESS', 'STID_CUSTOMERREQUEST', null, 'In Progress', 'Kony User', 'Kony Dev', CURRENT_TIMESTAMP, CURRENT_TIMESTAMP, CURRENT_TIMESTAMP, 0);
INSERT INTO [konyadminconsole].[status](id, Type_id, Code, Description, createdby, modifiedby, createdts, lastmodifiedts, synctimestamp, softdeleteflag) VALUES ('SID_MARRIED', 'STID_MARITALSTATUS', null, 'Married', 'Kony User', 'Kony Dev', CURRENT_TIMESTAMP, CURRENT_TIMESTAMP, CURRENT_TIMESTAMP, 0);
INSERT INTO [konyadminconsole].[status](id, Type_id, Code, Description, createdby, modifiedby, createdts, lastmodifiedts, synctimestamp, softdeleteflag) VALUES ('SID_N_ACTIVE', 'STID_CUSTOMERNOTIFICATION', null, 'Active', 'Kony User', 'Kony Dev', CURRENT_TIMESTAMP, CURRENT_TIMESTAMP, CURRENT_TIMESTAMP, 0);
INSERT INTO [konyadminconsole].[status](id, Type_id, Code, Description, createdby, modifiedby, createdts, lastmodifiedts, synctimestamp, softdeleteflag) VALUES ('SID_ONHOLD', 'STID_CUSTOMERREQUEST', null, 'On Hold', 'Kony User', 'Kony Dev', CURRENT_TIMESTAMP, CURRENT_TIMESTAMP, CURRENT_TIMESTAMP, 0);
INSERT INTO [konyadminconsole].[status](id, Type_id, Code, Description, createdby, modifiedby, createdts, lastmodifiedts, synctimestamp, softdeleteflag) VALUES ('SID_OPEN', 'STID_CUSTOMERREQUEST', null, 'Open', 'Kony User', 'Kony Dev', CURRENT_TIMESTAMP, CURRENT_TIMESTAMP, CURRENT_TIMESTAMP, 0);
INSERT INTO [konyadminconsole].[status](id, Type_id, Code, Description, createdby, modifiedby, createdts, lastmodifiedts, synctimestamp, softdeleteflag) VALUES ('SID_PRO_ACTIVE', 'STID_PRODUCTSTATUS', null, 'Active', 'Kony User', 'Kony Dev', CURRENT_TIMESTAMP, CURRENT_TIMESTAMP, CURRENT_TIMESTAMP, 0);
INSERT INTO [konyadminconsole].[status](id, Type_id, Code, Description, createdby, modifiedby, createdts, lastmodifiedts, synctimestamp, softdeleteflag) VALUES ('SID_RESOLVED', 'STID_CUSTOMERREQUEST', null, 'Resolved', 'Kony User', 'Kony Dev', CURRENT_TIMESTAMP, CURRENT_TIMESTAMP, CURRENT_TIMESTAMP, 0);
INSERT INTO [konyadminconsole].[status](id, Type_id, Code, Description, createdby, modifiedby, createdts, lastmodifiedts, synctimestamp, softdeleteflag) VALUES ('SID_RETIRED', 'STID_EMPLOYMENTSTATUS', null, 'Retired', 'Kony User', 'Kony Dev', CURRENT_TIMESTAMP, CURRENT_TIMESTAMP, CURRENT_TIMESTAMP, 0);
INSERT INTO [konyadminconsole].[status](id, Type_id, Code, Description, createdby, modifiedby, createdts, lastmodifiedts, synctimestamp, softdeleteflag) VALUES ('SID_SINGLE', 'STID_MARITALSTATUS', null, 'Single', 'Kony User', 'Kony Dev', CURRENT_TIMESTAMP, CURRENT_TIMESTAMP, CURRENT_TIMESTAMP, 0);
INSERT INTO [konyadminconsole].[status](id, Type_id, Code, Description, createdby, modifiedby, createdts, lastmodifiedts, synctimestamp, softdeleteflag) VALUES ('SID_STARTINGSOON', 'STID_CUSTOMERNOTIFICATION', null, 'Starting Soon', 'Kony User', 'Kony Dev', CURRENT_TIMESTAMP, CURRENT_TIMESTAMP, CURRENT_TIMESTAMP, 0);
INSERT INTO [konyadminconsole].[status](id, Type_id, Code, Description, createdby, modifiedby, createdts, lastmodifiedts, synctimestamp, softdeleteflag) VALUES ('SID_STUDENT', 'STID_EMPLOYMENTSTATUS', null, 'Student', 'Kony User', 'Kony Dev', CURRENT_TIMESTAMP, CURRENT_TIMESTAMP, CURRENT_TIMESTAMP, 0);
INSERT INTO [konyadminconsole].[status](id, Type_id, Code, Description, createdby, modifiedby, createdts, lastmodifiedts, synctimestamp, softdeleteflag) VALUES ('SID_SUSPENDED', 'SID_SUSPENDED', null, 'Suspended', 'Kony User', 'Kony Dev', CURRENT_TIMESTAMP, CURRENT_TIMESTAMP, CURRENT_TIMESTAMP, 0);
INSERT INTO [konyadminconsole].[status](id, Type_id, Code, Description, createdby, modifiedby, createdts, lastmodifiedts, synctimestamp, softdeleteflag) VALUES ('SID_UNEMPLOYED', 'STID_EMPLOYMENTSTATUS', null, 'Unemployed', 'Kony User', 'Kony Dev', CURRENT_TIMESTAMP, CURRENT_TIMESTAMP, CURRENT_TIMESTAMP, 0);
INSERT INTO [konyadminconsole].[status](id, Type_id, Code, Description, createdby, modifiedby, createdts, lastmodifiedts, synctimestamp, softdeleteflag) VALUES ('SID_WIDOWED', 'STID_MARITALSTATUS', null, 'Widowed', 'Kony User', 'Kony Dev', CURRENT_TIMESTAMP, CURRENT_TIMESTAMP, CURRENT_TIMESTAMP, 0);
INSERT INTO [konyadminconsole].[statustype](id, Description, createdby, modifiedby, createdts, lastmodifiedts, synctimestamp, softdeleteflag) VALUES ('SID_ACTIVE', 'ActiveAccount', 'Kony User', 'Kony Dev', CURRENT_TIMESTAMP, CURRENT_TIMESTAMP, CURRENT_TIMESTAMP, 0);
INSERT INTO [konyadminconsole].[statustype](id, Description, createdby, modifiedby, createdts, lastmodifiedts, synctimestamp, softdeleteflag) VALUES ('SID_INACTIVE', 'InactiveStatus', 'Kony User', 'Kony Dev', CURRENT_TIMESTAMP, CURRENT_TIMESTAMP, CURRENT_TIMESTAMP, 0);
INSERT INTO [konyadminconsole].[statustype](id, Description, createdby, modifiedby, createdts, lastmodifiedts, synctimestamp, softdeleteflag) VALUES ('SID_SUSPENDED', 'SuspendedAccount', 'Kony User', 'Kony Dev', CURRENT_TIMESTAMP, CURRENT_TIMESTAMP, CURRENT_TIMESTAMP, 0);
INSERT INTO [konyadminconsole].[statustype](id, Description, createdby, modifiedby, createdts, lastmodifiedts, synctimestamp, softdeleteflag) VALUES ('STID_APPLICANTSTATUS', 'Applicant Status', 'Kony User', 'Kony Dev', CURRENT_TIMESTAMP, CURRENT_TIMESTAMP, CURRENT_TIMESTAMP, 0);
INSERT INTO [konyadminconsole].[statustype](id, Description, createdby, modifiedby, createdts, lastmodifiedts, synctimestamp, softdeleteflag) VALUES ('STID_CUSTOMERFLAGS', 'Status of CustomerFlags', 'Kony User', 'Kony Dev', CURRENT_TIMESTAMP, CURRENT_TIMESTAMP, CURRENT_TIMESTAMP, 0);
INSERT INTO [konyadminconsole].[statustype](id, Description, createdby, modifiedby, createdts, lastmodifiedts, synctimestamp, softdeleteflag) VALUES ('STID_CUSTOMERNOTIFICATION', 'Status for Customer Notifications', 'Kony User', 'Kony Dev', CURRENT_TIMESTAMP, CURRENT_TIMESTAMP, CURRENT_TIMESTAMP, 0);
INSERT INTO [konyadminconsole].[statustype](id, Description, createdby, modifiedby, createdts, lastmodifiedts, synctimestamp, softdeleteflag) VALUES ('STID_CUSTOMERREQUEST', 'Customer Request Status', 'Kony User', 'Kony Dev', CURRENT_TIMESTAMP, CURRENT_TIMESTAMP, CURRENT_TIMESTAMP, 0);
INSERT INTO [konyadminconsole].[statustype](id, Description, createdby, modifiedby, createdts, lastmodifiedts, synctimestamp, softdeleteflag) VALUES ('STID_CUSTOMERSTATUS', 'Customer Status', 'Kony User', 'Kony Dev', CURRENT_TIMESTAMP, CURRENT_TIMESTAMP, CURRENT_TIMESTAMP, 0);
INSERT INTO [konyadminconsole].[statustype](id, Description, createdby, modifiedby, createdts, lastmodifiedts, synctimestamp, softdeleteflag) VALUES ('STID_EMPLOYMENTSTATUS', 'Employment Status', 'Kony User', 'Kony Dev', CURRENT_TIMESTAMP, CURRENT_TIMESTAMP, CURRENT_TIMESTAMP, 0);
INSERT INTO [konyadminconsole].[statustype](id, Description, createdby, modifiedby, createdts, lastmodifiedts, synctimestamp, softdeleteflag) VALUES ('STID_INTERNALUSERSTATUS', 'Internal User status', 'Kony User', 'Kony Dev', CURRENT_TIMESTAMP, CURRENT_TIMESTAMP, CURRENT_TIMESTAMP, 0);
INSERT INTO [konyadminconsole].[statustype](id, Description, createdby, modifiedby, createdts, lastmodifiedts, synctimestamp, softdeleteflag) VALUES ('STID_MARITALSTATUS', 'Marital Status', 'Kony User', 'Kony Dev', CURRENT_TIMESTAMP, CURRENT_TIMESTAMP, CURRENT_TIMESTAMP, 0);
INSERT INTO [konyadminconsole].[statustype](id, Description, createdby, modifiedby, createdts, lastmodifiedts, synctimestamp, softdeleteflag) VALUES ('STID_PRODUCTSTATUS', 'Product Status', 'Kony User', 'Kony Dev', CURRENT_TIMESTAMP, CURRENT_TIMESTAMP, CURRENT_TIMESTAMP, 0);
INSERT INTO [konyadminconsole].[systemconfiguration](id, PropertyName, PropertyValue, createdby, modifiedby, createdts, lastmodifiedts, synctimestamp, softdeleteflag) VALUES (9, 'ACC_INACTIVE_CODE', '-2', null, null, CURRENT_TIMESTAMP, CURRENT_TIMESTAMP, CURRENT_TIMESTAMP, null);
INSERT INTO [konyadminconsole].[systemconfiguration](id, PropertyName, PropertyValue, createdby, modifiedby, createdts, lastmodifiedts, synctimestamp, softdeleteflag) VALUES (1, 'ACC_SUSPENDED_CODE', '-2', null, null, CURRENT_TIMESTAMP, CURRENT_TIMESTAMP, CURRENT_TIMESTAMP, null);
INSERT INTO [konyadminconsole].[systemconfiguration](id, PropertyName, PropertyValue, createdby, modifiedby, createdts, lastmodifiedts, synctimestamp, softdeleteflag) VALUES (10, 'API_ACCESS_TOKEN', 'oHd4tByxEGX8leaqy4JB1TEf5Q2cWDJBNhyXQ1P4CBM', null, null, CURRENT_TIMESTAMP, CURRENT_TIMESTAMP, CURRENT_TIMESTAMP, null);
INSERT INTO [konyadminconsole].[systemconfiguration](id, PropertyName, PropertyValue, createdby, modifiedby, createdts, lastmodifiedts, synctimestamp, softdeleteflag) VALUES (11, 'CSR_ASSIST_ACCESS_TOKEN', 'QKGMQcWWedxmRuRkoebbG-Yq5PNf3PDWN50-kEyLwys', null, null, CURRENT_TIMESTAMP, CURRENT_TIMESTAMP, CURRENT_TIMESTAMP, null);
INSERT INTO [konyadminconsole].[systemconfiguration](id, PropertyName, PropertyValue, createdby, modifiedby, createdts, lastmodifiedts, synctimestamp, softdeleteflag) VALUES (2, 'INCORRECT_PW_CODE', '-1', null, null, CURRENT_TIMESTAMP, CURRENT_TIMESTAMP, CURRENT_TIMESTAMP, null);
INSERT INTO [konyadminconsole].[systemconfiguration](id, PropertyName, PropertyValue, createdby, modifiedby, createdts, lastmodifiedts, synctimestamp, softdeleteflag) VALUES (3, 'INVALID_FILTER_CODE', '-4', null, null, CURRENT_TIMESTAMP, CURRENT_TIMESTAMP, CURRENT_TIMESTAMP, null);
INSERT INTO [konyadminconsole].[systemconfiguration](id, PropertyName, PropertyValue, createdby, modifiedby, createdts, lastmodifiedts, synctimestamp, softdeleteflag) VALUES (8, 'IS_PHRASE_ALLOWED', '0', null, 'UID1', CURRENT_TIMESTAMP, CURRENT_TIMESTAMP, CURRENT_TIMESTAMP, null);
INSERT INTO [konyadminconsole].[systemconfiguration](id, PropertyName, PropertyValue, createdby, modifiedby, createdts, lastmodifiedts, synctimestamp, softdeleteflag) VALUES (4, 'MAX_INCORRECT_PW_ATTEMPTS_COUNT', '5', null, null, CURRENT_TIMESTAMP, CURRENT_TIMESTAMP, CURRENT_TIMESTAMP, null);
INSERT INTO [konyadminconsole].[systemconfiguration](id, PropertyName, PropertyValue, createdby, modifiedby, createdts, lastmodifiedts, synctimestamp, softdeleteflag) VALUES (5, 'PASSWORD_EXPIRED_CODE', '-5', null, null, CURRENT_TIMESTAMP, CURRENT_TIMESTAMP, CURRENT_TIMESTAMP, null);
INSERT INTO [konyadminconsole].[systemconfiguration](id, PropertyName, PropertyValue, createdby, modifiedby, createdts, lastmodifiedts, synctimestamp, softdeleteflag) VALUES (6, 'PASSWORD_VALIDITY_DURATION_MINS', '9999999', null, null, CURRENT_TIMESTAMP, CURRENT_TIMESTAMP, CURRENT_TIMESTAMP, null);
INSERT INTO [konyadminconsole].[systemconfiguration](id, PropertyName, PropertyValue, createdby, modifiedby, createdts, lastmodifiedts, synctimestamp, softdeleteflag) VALUES (7, 'UNRECOGNIZED_ACC_CODE', '-3', null, null, CURRENT_TIMESTAMP, CURRENT_TIMESTAMP, CURRENT_TIMESTAMP, null);
INSERT INTO [konyadminconsole].[systemuser](id, Status_id, Username, Password, PasswordSalt, Email, Code, FirstName, MiddleName, LastName, FailedCount, LastPasswordChangedts, ResetpasswordLink, ResetPasswordExpdts, lastLogints, createdby, modifiedby, createdts, lastmodifiedts, synctimestamp, softdeleteflag) VALUES ('UID10', 'SID_ACTIVE', 'admin1', '$2a$11$IlgBrTIqqCdkWbSXW7/xvO9gtGqrnBOZrRq1WsDuaPyE9SFvTbdkW', '$2a$11$IlgBrTIqqCdkWbSXW7/xvO', 'aditya.mankal@kony.com', null, 'Aditya', 'A', 'Mankal', 0, CURRENT_TIMESTAMP, null, null, null, 'Kony User', 'Kony Dev', CURRENT_TIMESTAMP, CURRENT_TIMESTAMP, CURRENT_TIMESTAMP, 0);
INSERT INTO [konyadminconsole].[systemuser](id, Status_id, Username, Password, PasswordSalt, Email, Code, FirstName, MiddleName, LastName, FailedCount, LastPasswordChangedts, ResetpasswordLink, ResetPasswordExpdts, lastLogints, createdby, modifiedby, createdts, lastmodifiedts, synctimestamp, softdeleteflag) VALUES ('UID11', 'SID_ACTIVE', 'admin2', '$2a$11$Axu8Rz7RRQ.A9SzX55kxSuk.5Ukd9/y76nKd9Bpb3yhdViwxpqL2C', '$2a$11$Axu8Rz7RRQ.A9SzX55kxSu', 'alahari.akhil@kony.com', null, 'Akhil', 'A', 'Alahari', 0, CURRENT_TIMESTAMP, null, null, null, 'Kony User', 'Kony Dev', CURRENT_TIMESTAMP, CURRENT_TIMESTAMP, CURRENT_TIMESTAMP, 0);
INSERT INTO [konyadminconsole].[termsandconditions](id, Service_id, Status_id, Description, createdby, modifiedby, createdts, lastmodifiedts, synctimestamp, softdeleteflag) VALUES ('TER_CON_ID1', null, 'SID_ACTIVE', '<p> This Agreement covers Kony Online Banking, Electronic Funds Transfers, Bill Payer and External Transfer services. "You" refers to the persons receiving the services provided under this Agreement.</p><p> <strong>1. Enrolling in Online Banking</strong></p><ol start="1" type="a"><li> After you have reviewed this agreement, you can enroll in Online Banking by clicking on the "Accept" button. Please retain a copy of this Agreement for your records, either by printing a copy or saving a copy on your computer''s hard drive. Your clicking on the Accept button constitutes your consent to the terms of this Agreement and your acknowledgment that you have been able to retain a copy of this Agreement in paper or electronic form.</li><li> Bill Payer: Bill Payer requires an additional enrollment from within Online Banking.</li><li> Wire Transfers: Wire Transfers requires your acceptance of the Wire Transfer Agreement found at the Wire Transfer selection site. This service allows you to transfer funds via the Automated Clearinghouse (ACH) system from any of your accounts at any financial institution to any other account held by you or another person at the same or another financial institution.</li></ol><p> <strong>2. Account Review</strong></p><p> All enrollments in Online Banking, Bill Payer and External transfer Wire service are subject to Bank review and approval. Your accounts with the Bank must be in good standing. To use Bill Pay, you must have a Bank checking account.</p><p> <strong>3. Other Governing Laws and Agreements</strong></p><p> Your use of Online Banking, Bill Payer or External Transfer Wire services to conduct transactions on your Bank accounts is also subject to the terms of your Bank Member Account Handbook, Master Membership Agreement and Schedule of Fees and Charges. Online Banking, Bill Payer and External Transfer Wire service are subject to applicable California and federal law, including but not limited to the Electronic Funds Transfer Act and Federal Reserve Regulation E. External transfer Wire service is also subject to the rules of the National Automated Clearing House Association (NACHA). If any provision of this Agreement is unenforceable, the remaining provisions will continue in effect. This Agreement will be given its reasonable meaning and not construed against either party.</p><p> <strong>4. Required Equipment</strong></p><p> To use Online Banking, Bill Payer or External transfer Wire service, you will need the following: (a) Internet access; (b) a computer with modem and Internet browser that can support SSL and 128-bit encryption (Microsoft Internet Explorer 4.01 or later, Netscape Navigator/Communicator 4.51 or later, or AOL 3.0 or later, should support this level of encryption); and (c) access to a printer and/or other storage medium such as a hard drive for downloading information or printing disclosures. If these requirements change, we will notify you at least 21 days in advance. By clicking on the Accept button, you confirm that you have the equipment required to use Online Banking, Bill Payer and External transfer Wire service.</p><p> <strong>5. Your Responsibility for Your Equipment</strong></p><p> You are solely responsible for installing, maintaining and operating your computer and your internet access. We will not be responsible for errors, deletions, failures, or damages of any kind that occur because of malfunctions of your computer, software or internet service. We will not be responsible for any virus that affects your computer or software while using our Online Banking, Bill Payer and or External Transfer Wire service. The warranties provided for Online Banking, Bill Payer and External Transfer WIREis limited to those expressly stated in this Agreement.</p><p> <strong>6. Your Responsibility for Complying with This Agreement</strong></p><p> EWireowner of an account on which Online Banking and/or Bill Payer and/or External Transfer Wire service is established is responsible, jointly and individually, to meet the terms of this Agreement. These obligations continue until you notify us to terminate Online Banking and/or Bill Payer and/or External Transfer Wire service or we cancel your Online Banking, Bill Payer service or External Transfer Wire service for a reason permitted by law or this Agreement. EWireowner is responsible for all obligations incurred as a result of authorized use of Online Banking, Bill Payer or External Transfer Wire service until you or we terminate the service(s). Termination of Online Banking, Bill Payer or External Transfer Wire service will not relieve you of obligations incurred prior to termination. This obligation to the Bank will continue even if an owner is later relieved of the obligation by an agreement or court order to which we are not a party, such as a divorce decree. We are not subject to any agreement or court order to which we are not a party. No release from the obligations under this Agreement will be valid unless (a) in writing and signed by an authorized Bank employee or (b) pursuant to a court order in an action to which the Bank is a party.</p><p> <strong>7. Security of Your Accounts</strong></p><ol start="1" type="a"><li> <strong>Your passcode:</strong> When you sign up for Online Banking, you will choose your own Access Identification Code (Access ID) and a Passcode. You will need both the Access ID and the Passcode to use the Service You are responsible for keeping your Access ID and Passcode secure. Refer to section 12 of this Agreement for information about your potential liability for unauthorized use of your accounts. Your Passcode is encrypted into our Online Banking database through Digital Insight. No person at Kony Bank or Digital Insight has access to your Passcode. No person at Kony Bank or Digital Insight is permitted to ask you for your Passcode. If any person requests your Passcode, please report the incident to us immediately. If you voluntarily give your Passcode to any person, you are authorizing that person to see any information and conduct any transaction on your accounts that you can see or conduct yourself. You are responsible for all transactions initiated by that person. That person''s authorization to see and use your accounts continues until you change your Passcode.</li><li> <strong>Log-On Security:</strong> Your session will be automatically logged off if you have reached your current timeout period without activity. This is to reduce the risk of unauthorized use if you inadvertently leave your computer unattended with Online Banking open. When you return to your computer, you will be prompted to re-enter your Passcode, and your session will continue where you left off.</li><li> <strong>Security Technology:</strong> (i) Online Banking uses Secure Socket Layer (SSL) encryption. The system will typically warn you if your Internet Browser does not have sufficient capacity to support our encryption system. If SSL is securing your communications with us, the appearance of a small padlock icon at the bottom of your screen should change to indicate this fact. (ii) The servers hosting Online Banking at Digital Insight have been certified by "Certificate Authority" to assure you that you are actually talking to Digital Insight instead of someone pretending to be Digital Insight. Depending on the age of your browser, you may see that "Certificate Authorities" have expired. If this happens, you must update it on your browser. Instructions for upgrading your browser are located in the Browser Update Link, which is located at the bottom of the Online Banking login page. (iii) Digital Insight will pass an encrypted cookie to your computer during your Online Banking sessions. These cookies do not collect any personal information about you. The cookies allow you to process several transactions without re-entering your Passcode for eWiretransaction. The cookie is destroyed when you log off of Online Banking, close your browser, or turn off your computer.</li><li> <strong>Security Notices:</strong> In addition to the security features described above, there may be other security-related notices posted on our web site or Online Banking service from time to time. You are responsible for reading all security notices.</li><li> <strong>No Security Warranty:</strong> Notwithstanding our efforts to ensure that Online Banking is secure, we cannot and do not warrant that either the Online Banking Home Banking system or data transmitted using the system will be free from monitoring or access by others.</li></ol><p> <strong>8. Available Services</strong></p><p> If you enroll in Online Banking online, you will have completed your enrollment and may start using the service immediately.</p><p> Online Banking, Bill Payer and External transfer Wire service are generally available 24 hours a day, 7 days a week. The system may be temporarily unavailable from time to time for maintenance, due to high Internet traffic volume, or for other reasons beyond our control. If this happens, please try your transaction again later. We are not responsible for any delays you have in accessing or using Online Banking, Bill Payer or External transfer Wire service.</p><ol start="1" type="a"><li> <strong>You can use Online Banking to:</strong></li></ol><ol start="1" type="a"></ol><ul type="disc"><li> Review up to 6 months of transaction history</li><li> Review account balances and available balances</li><li> Review account transactions</li><li> Review interest earned on accounts and interest paid on loans</li><li> Send secure e-mails</li><li> Transfer funds to pay Bank loans</li><li> Transfer funds between Bank accounts</li><li> Advance funds from your Bank Line of Credit</li><li> Download account data to current versions of Quicken</li><li> Pay bills using your Bank checking account with the Bill Payer Service</li><li> Access eStatements</li><li> Change your email address</li><li> Reorder checks</li><li> View images of cleared checks</li><li> Stop payment on checks you have written</li><li> Change online timeout period</li><li> Change your Online Banking passcode</li><li> Change you Access I.D.</li><li> Change history date range and default sort order</li><li> Change your start page</li><li> Execute external transfers</li><li> Utilize Secure Chat</li><li> Complete cross account transfers</li></ul><p> <strong>9. Limitations</strong></p><ol start="1" type="a"><li> <strong>Limits on Non-Personal Transfers and Withdrawals</strong></li></ol><p> As required by Federal Reserve Regulation D, you are limited to six non-personal transfers or withdrawals out of your non-transaction accounts per month. Only checking/share draft accounts are considered transaction accounts. Non-personal transfers include transfers made via Online Banking, Bill Payer, audio response, ACH, and overdraft protection transfers. The following types of transactions do not count toward the six-per-month limit on withdrawals and transfers out of non-transaction accounts: (a) transactions made in person; (b) transactions made by messenger; (c) transactions at ATMs; (d) withdrawals in the form of a check mailed to you at your address in your records. All Bill Payer payments must be made from a Bank checking/share draft account.</p><ol start="2" type="a"><li> <strong>Account Balance Information</strong></li></ol><p> Balances displayed on Online Banking may include deposits that we have not yet verified and therefore are not actually available for withdrawal. Online Banking balances may also differ from your records due to deposits in progress, checks outstanding, or other circumstances. When a transaction is presented to us via Online Banking, we will use the available balance in your account to determine whether to authorize the transaction. Our completion of a transaction does not necessarily mean that there are sufficient funds to pay all items that have not cleared your account.</p><p> <strong>10. Fees</strong></p><p> Online Banking is free. The same fees that apply to account transactions conducted by other means will apply to transactions initiated using Online Banking or Bill Payer. For example, if a Bill Payer transaction is returned unpaid due to insufficient funds, you will pay our standard checking/share draft NSF fee with a max per day per account of six. Fees are subject to change. Please refer to the current Bank Schedule of Fees and Charges for fees and fee waiver qualifications.</p><p> <strong>11. Our Liability for Failure to Cancel or Stop Payments</strong></p><p> If you attempt to cancel a payment or transfer and we do not do so even though we have sufficient time to act on your request, we will be liable for your losses or damages. In no event will we be liable for damages in excess of the actual loss caused by our failure to cancel the payment, and we will not be liable for any incidental, special or consequential damages.</p><p> <strong> 12. Your Liability for Unauthorized Use of Online Banking, Bill Payer and External transfer Wire service </strong></p><p> Tell us AT ONCE if you believe your Access ID or Passcode has been lost, stolen or compromised. Telephoning is the best way to keep your possible losses down. Call us at the number or write to us at the address below under "How to Contact Us." in Section 23. You could lose all of the money in your accounts (plus your maximum overdraft line of credit) if you do not tell us on time.</p><ol start="1" type="a"><li> If you believe your Passcode has been compromised, lost or stolen, and you tell us within two business days after you learn of the loss or theft, you can lose no more than $50 if someone used your Passcode without your permission.</li><li> If you do NOT tell us within two business days after you learn of the loss or theft of your Passcode, and we can prove we could have stopped someone from using your Passcode without your permission if you had told us sooner, you could lose as much as $500.</li><li> If your statement shows transfers or payments that you did not make, tell us at once. If you do not tell us within 60 days after we sent you the first statement on which the unauthorized transfer or payment appeared, you may not get back any money you lost after the 60-day period if we can prove that we could have stopped someone from taking the money if you had told us on time.</li><li> If a good reason (such as a long trip or hospital stay) prevented you from telling us, we may extend the time periods.</li><li> Remember that if you give someone your Access ID and Passcode, you are authorizing them to use Online Banking, Bill Payer and External transfer Wire service and you are responsible for all transactions they perform until you tell us to change or cancel your Access ID and Passcode. This is true even if the person exceeds the scope of permission you gave them to use your accounts. We are not subject to agreements that you make with other people limiting their use of your accounts.</li><li> You are not liable for fraudulent transfers initiated by our employees or by employees of Digital Insight.</li></ol><p> <strong>13. Privacy</strong></p><p> Please refer to the privacy statement on our website or to our printed privacy policy for full details of our policy on protecting your personal and financial information. With respect to your use of Online Banking, Bill Payer External transfer Wire service, we will disclose information about your accounts and the transfers you make to third parties (a) when necessary to complete transfers; (b) to verify the existence and condition of your account for a third party such as a credit bureau or merchant; (c) to comply with a governmental agency or court order; (d) if you give us written permission; (e) if necessary to fulfill agreements between us and our third party Online Banking, Bill Payer and External transfer Wire service providers; or (f) if it involves a claim by or against us in connection with a deposit to or withdrawal from your account.</p><p> <strong> 14. Our Liability for Failure to Complete Your Transactions </strong></p><p> If we do not complete a transaction to or from your accounts on time or in the correct amount according to our agreement with you, we will be liable for your losses or damages. However, there are some exceptions. We will not be liable if:</p><ol start="1" type="a"><li> Through no fault of ours, you do not have available funds or overdraft protection to complete the transaction;</li><li> Your account is closed;</li><li> The Online Banking system was not working properly and you knew or should have know about the problem when you started your transaction;</li><li> The transaction failure or error resulted from a problem with your hardware, software, Internet service provider or other equipment or services over which we have no control;</li><li> Circumstances beyond our control (such as fire, flood, telephone disruption, computer breakdown or postal service disruption) prevent completion of the transaction despite our having taken reasonable precautions;</li><li> Your Access ID or Passcode have been reported lost or stolen and we have blocked their use;</li><li> You failed to supply complete and accurate information required to complete your transaction;</li><li> You failed to allow sufficient time for a Bill Payment to reWirethe payee;</li><li> We deliver a Bill Payment to the payee on time but the payee fails to post the payment in a timely manner;</li><li> Your account is blocked by a legal proceeding such as a garnishment or a court-ordered block that prevents us from making the payment;</li><li> We establish other lawful exceptions and give you proper advance notice of them.</li></ol><p> In no event will be liable for damages in excess of your actual damages, limited to the amount of the payment plus any late fee up to $50. (See the Payment Guarantee below.) We will not be liable for incidental, special, consequential or punitive damages.</p><p> We are not responsible for delays in posting by payees as long as the payee receives payment from us in a timely manner. We are not responsible for losses or damages resulting from your failure to provide us with correct information about your payments or payees. We are not responsible for checks lost by the U.S. postal service or for other untimely payments that result from circumstances outside our control.</p><p> <strong>15. Payment Guarantee</strong></p><p> Due to circumstances beyond the control of the Bank and our service providers for Online Banking, Bill Payer and External transfer Wire services, particularly delays in handling and posting payments by Billers or financial institutions, some transactions may take longer to be credited to your account. We will bear responsibility for any late payment related charges up to $50.00 should a payment post after its Due Date as long as the payment was scheduled in accordance with the guidelines described under "Payment Scheduling" in this Agreement.</p><p> <strong>16. Our Responsibility to Follow Your Instructions</strong></p><p> The Bank and Digital Insight will carry out instructions we receive using your Access ID and Passcode in a reasonable manner. You agree to defend, indemnify and hold the Bank, Digital Insight and any of our officers, directors, agents, employees, consultants, or contractors harmless from all costs, claims, damages, expenses and liability we sustain as a result of carrying out, in a reasonable manner, instructions that we receive from you or authorized users of your Online Banking and/or Bill Payer External transfer Wire services.</p><p> <strong>17. Your Right to Receive Documentation of Transactions</strong></p><p> You can review your Online Banking, Bill Payer and External transfer Wire service transactions at any time using Online Banking. Online Banking and Bill Payer transactions will appear on your periodic account statements. Please use the Online Banking "Help" menu if you have difficulty with information being cut off when you print out account history data..</p><p> <strong>18. Termination</strong></p><p> We can discontinue any services we offer, including Online Banking, Bill Payer or External transfer Wire service. . We will notify you at least 21 days in advance if we do this. We can cancel your use of Online Banking, Bill Payer or External transfer Wire service without notice if you default on any term of any agreement you have with Kony Bank. If you close your Bank accounts, or if you have not used Online Banking for 6 consecutive months, Online Banking will be discontinued. You can ask to terminate Online Banking and/or Bill Payer and/or External transfer Wire service at any time by submitting a request by mail, in person, or by e-mail. Termination of your Online Banking, Bill Payer or External transfer Wire service will not relieve you of your liability with respect to any transactions processed before the service was terminated.</p><p> <strong>19. Business Days</strong></p><p> Our business days are Monday through Friday, excluding federal holidays.</p><p> <strong>20. Changes in Terms</strong></p><p> We can change the terms of this Agreement by giving you at least 21 days advance notice. A change in terms may include adding new terms, deleting existing terms, or changing existing terms. If you object to a change, you can avoid its application to your accounts by discontinuing the related service. If you have elected to receive Bank disclosures electronically, we will notify you by e-mail that the Change in Terms notice is available for you to pick up on our secure web site. Otherwise the change will be mailed to you. We can change terms without advance notice if (a) the change is not adverse to you, or (b) the change is necessary to maintain or restore the security of the Online Banking Home Banking system.</p><p> <strong>21. Setoff, Attorney''s Fees and Collection Costs</strong></p><p> If your use of Online Banking, Bill Payer or External transfer Wire service results in your becoming indebted to us, and you do not pay what you owe upon our written demand, you agree that we can, unless prohibited by law or the account agreement, take funds in any Bank account in which you have an interest to recover all or part of what you owe without advance notice to you. Our exercising this right in the event of your default will not waive our right to use other lawful means to collect what you owe us. If we cannot recover what you owe from your other Bank accounts, you agree to pay reasonable collection costs we incur before we take legal action. If we take legal action to collect what you owe, you agree to pay our reasonable attorney''s fees and costs of suit in addition to any other remedy the court finds proper, whether the legal action is a collection lawsuit, a proceeding to protect our interests if you become a bankruptcy debtor, an action to enforce a judgment, an appeal, or another type of legal action.</p><p> <strong> 22. In Case of Errors or Questions Regarding Electronic Funds Transfers </strong></p><p> If you believe that an unauthorized electronic funds transfer occurred on your account or that any other type of error occurred on an electronic funds transfer, please contact us as indicated under "How to Contact Us" below.</p><p> Contact us as soon as you can if you think your account history is wrong, or if you need more information concerning an EFT transaction on your account history. We must hear from you not later than 60 days after we sent you the FIRST statement on which the error or problem appeared.</p><p> Please give us the following information about Online Banking transactions:</p><ul type="disc"><li> Your name</li><li> Your account number</li><li> Your Access ID (but not your Passcode)</li><li> A description of the error or the transaction you are not sure about, and as clear an explanation as you can provide of why you believe there is an error or why you need more information</li><li> The dollar amount of the suspected error</li></ul><p> For Bill Payer transactions, we will need the following information:</p><ul type="disc"><li> The account number used to pay the bill</li><li> The name of the payee</li><li> The date the payment was scheduled</li><li> The payment confirmation number</li><li> The payment amount</li><li> The payee account number for the payment in question.</li></ul><p> If you tell us orally, we may require you to send your complaint or question in writing within 10 business days.</p><p> We will determine whether an error occurred within 10 business days after we hear from you and will correct any error promptly. If we need more time, however, we may take up to 45 days to investigate your complaint or question (90 days if you have had accounts with us for less than 30 days or if your transaction was initiated outside the United States). If we decide to take more time, we will provisionally credit your account within 10 business days (20 days if you have had accounts with us for less than 30 days) for the amount you think is in error, so you will have use of the money while we investigate. If you do not put your complaint or question in writing within 10 days after we ask you to do so, we may not provisionally credit your account while we are investigating.</p><p> We will tell you the results within three business days after we complete our investigation. If we decide there was no error, we will send you a written explanation. You can request copies of the documents we used in our investigation. If there was no error, we will reverse any credits to your account and notify you that we have done so. We will pay any amounts by which your accounts are overdrawn for five business days after we reverse the provisional credit and we will not charge any overdraft fees, but only to the extent the overdraft does not exceed the amount of the provisional credit. If any overdraft exceeds the amount of the reversed provisional credit, we are not obligated to pay it unless you have overdraft protection available, and we are entitled to collect overdraft fees. In any event, you are obligated to restore any amounts by which your accounts are in negative balance.</p><p> <strong>23. How to Contact Us</strong></p><p> You can</p><ul type="disc"><li> Write to us at Kony Bank, P.O. Box 18460 , San Jose, CA 95158-8460</li><li> Telephone us at (408) 445-3386 or (800) 232-8669. Telephone assistance is available 6:00 a.m. to 6:00 p.m. (Pacific Time) Monday through Thursday and 6:00 a.m. to 7:00 p.m. (Pacific Time) on Friday.</li><li> Use the "Request Payment Inquiry" link in the Payments section of Online Banking</li><li> Visit any Bank Office.</li></ul><p> <strong>24. Additional Terms</strong></p><ul type="disc"><li> You authorize Kony Bank and Digital Insight to copy, use, modify, display and distribute any information, data, materials or other content as necessary to provide the services you request that are described in this Agreement and Disclosure.</li><li> You grant Kony Bank and Digital Insight a license to access the web sites and databases of other financial institutions where you hold accounts, as designated by you, to retrieve information and implement fund transfers and other transactions that you request under this Agreement and Disclosure</li><li> You represent and warrant that you have the right to authorize Kony Bank and Digital Insight to access your accounts to implement fund transfers and other transactions you request under this Agreement and Disclosure.</li><li> You represent that by disclosing and authorizing Kony Bank and Digital Insight to use such information, you are not violating any third party''s rights.</li><li> You warrant and represent that all information you provide to Kony Bank and Digital Insight is true, current, accurate, and complete.</li><li> You appoint Kony Bank and Digital Insight as your true and lawful attorney-in-fact and agent, with full power of substitution and re-substitution, for you and in your name, place and stead, in any and all capacities, to access accounts to affect fund transfers and other transactions described in this Agreement and Disclosures and requested by you, with full power and authority to do so and to perform eWireand every act and thing necessary to be done in connection with implementing requested transactions, including verifying the content and authenticity of fund transfer and other transaction instructions for purposes of security procedures applicable to accounts, as fully to all intents and purposes as you might or could in person.</li><li> You authorize us to select any reasonable and lawful means to implement your transaction instructions.</li><li> You represent and warrant that you are at least 18 years of age, you have read this Agreement and Disclosure, and you agree to be bound by its terms and conditions. You agree that we can and will rely on your warranties, representations, covenants and agreements in this Agreement and Disclosure.</li></ul><p> ONLINE BANKING, BILL PAYER AND EXTERNAL TRANSFER WIRE SERVICE AND RELATED DOCUMENTATION ARE PROVIDED "AS IS" WITHOUT WARRANTY OF ANY KIND, EITHER EXPRESSED OR IMPLIED, INCLUDING, BUT NOT LIMITED TO, THE IMPLIED WARRANTIES OF MERCHANTABILITY AND FITNESS FOR A PARTICULAR PURPOSE.</p><p> <strong>Proceed with enrollment for The Service.</strong> By clicking on the "<strong>Accept</strong>" button you are acknowledging that you have read and agree to the terms and conditions of this Agreement and would like to proceed with online registration.</p><p> (If you do not agree, choose cancel below.)</p><p> If you click "<strong>cancel</strong>" you can still enroll in our Online Banking at a later time by completing an application in one of our offices or by mailing us the enrollment application. You will still be required to accept the Terms of this Agreement.</p><p> <strong> FinanceWorks &amp; Debit Rewards Offers -- End User License Agreement </strong></p><p> <strong> In addition to the above content, if you decide to use either FinanceWorks or the Debit Rewards Offers application, you acknowledge and agree to the following terms and conditions of service. </strong></p><p> <strong>LICENSE GRANT AND RESTRICTIONS. </strong> You are granted a personal, limited, non-exclusive, non-transferable license, to electronically access and use the FinanceWorks Service (the "Service") solely to manage your financial data, and the purchase rewards application ("Debit Rewards Offers") to benefit from your debit card purchases.</p><p> In addition to the FinanceWorks Service and the Debit Rewards Offers, the terms "Service" and "Debit Rewards Offers" also include any other programs, tools, internet-based services, components and any "updates" (for example, Service maintenance, Debit Rewards information, help content, bug fixes, or maintenance releases, etc.) of the Service or Debit Rewards Offers if and when they are made available to you by us or by our third party vendors. Certain Service and Debit Rewards Offers may be accompanied by, and will be subject to, additional terms and conditions.</p><p> You are not licensed or permitted to do any of the following and you may not allow any third party to do any of the following: (i) access or attempt to access any other systems, programs or data that are not made available for public use; (ii) copy, reproduce, republish, upload, post, transmit, resell or distribute in any way the material from the FinanceWorks site or from the Debit Rewards Offers program; (iii) permit any third party to benefit from the use or functionality of the Service or Debit Rewards Offers, or any other services provided in connection with them, via a rental, lease, timesharing, service bureau, or other arrangement; (iv) transfer any of the rights granted to you under this license; (v) work around any technical limitations in the Service, use any tool to enable features or functionalities that are otherwise disabled in the Service, or decompile, disassemble, or otherwise reverse engineer the Service except as otherwise permitted by applicable law; (vi) perform or attempt to perform any actions that would interfere with the proper working of the Service or Debit Rewards Offers or any services provided in connection with them, prevent access to or the use of the Service, Debit Rewards Offers or any or services provided in connection with them by other licensees or customers, or impose an unreasonable or disproportionately large load on the infrastructure while using the Service; or (vii) otherwise use the Service, Debit Rewards Offers or any services provided in connection with them except as expressly allowed under this Section 1.</p><p> <strong>OWNERSHIP. </strong> The Service and Debit Rewards Offers are protected by copyright, trade secret and other intellectual property laws. You do not have any rights to the trademarks or service marks.</p><p> <strong>YOUR INFORMATION AND ACCOUNT DATA WITH US. </strong> You are responsible for (i) maintaining the confidentiality and security of your access number(s), password(s), security question(s) and answer(s), account number(s), login information, and any other security or access information, used by you to access the Service, Debit Rewards Offers or any services provided in connection with them, and your accounts with us (collectively, "Licensee Access Information"), and (ii) preventing unauthorized access to or use of the information, files or data that you store or use in or with the Service, Debit Rewards Offers or any services provided in connection with them (collectively, "Account Data"). You are responsible for providing access and assigning passwords to other users, if any, under your account for the Service, Debit Rewards Offers or any services provided in connection with them, and ensuring that such authorized users comply with this Agreement. You will be responsible for all electronic communications, including account registration and other account holder information, email and financial, accounting and other data ("Communications") entered using the Licensee Access Information. It is assumed that any Communications received through use of the Licensee Access Information were sent or authorized by you. You agree to immediately notify us if you become aware of any loss, theft or unauthorized use of any Licensee Access Information. We reserve the right to deny you access to the Service, Debit Rewards Offers or any services provided in connection with them (or any part thereof) if we reasonably believe that any loss, theft or unauthorized use of Licensee Access Information has occurred. You must inform us of, and hereby grant to us and our third party vendors permission to use, Licensee Access Information to enable us to provide the Service, Debit Rewards Offers or any services provided in connection with them to you, including updating and maintaining Account Data, addressing errors or service interruptions, and to enhance the types of data and services we may provide to you in the future.</p><p> We may use anonymous, aggregate information, which we collect and store, or which is collected and stored on our behalf by third party vendors, to conduct certain analytical research and help us to create new offerings and services for our customers. As we make additional offerings and online banking services available to you, some of which may rely on banking information maintained in your accounts, you will have the opportunity to participate in the services if you choose. If you choose not to participate, you do not need to notify us. We may also use anonymous, aggregate information which we collect and store, or which is collected and stored on our behalf by third party vendors, to (i) conduct database marketing and marketing program execution activities; (ii) publish summary or aggregate results relating to metrics comprised of research data from time to time; and (iii) distribute or license such aggregated research data to third parties. Additionally, automated technology may be used to tailor messages or advertisements that best reflect your interest and needs.</p><p> <strong> YOUR INFORMATION AND ACCOUNT DATA WITH OTHER FINANCIAL INSTITUTIONS. </strong> Our financial management tools allow you to view accounts that you may have outside our financial institution (this is a process called "aggregation"). When you choose to use online financial services which are applicable to data that you have transacted with other financial institutions or card issuers, you are consenting to us accessing and aggregating your data from those outside financial institutions. That data includes your financial institution account access number(s), password(s), security question(s) and answer(s), account number(s), login information, and any other security or access information used to access your account(s) with other financial institutions, and the actual data in your account(s) with such financial institution(s) such as account balances, debits and deposits (collectively, "Financial Account Data"). In giving that consent, you are agreeing that we, or a third party vendor on our behalf, may use, copy and retain all non-personally identifiable information of yours for the following purposes: (i) as pertains to the use, function, or performance of the services which you have selected; (ii) as necessary or useful in helping us, or third parties on our behalf, to diagnose or correct errors, problems, or defects in the services you have selected; (iii) for measuring downloads, acceptance, or use of the services you have selected; (iv) for the security or protection of the services you have selected; (v) for the evaluation, introduction, implementation, or testing of the services you have selected, or their upgrade, improvement or enhancement; (vi) to assist us in performing our obligations to you in providing the services you have selected.</p><p> If we make additional online financial services available to you which are applicable to data that you have transacted with other financial institutions or card issuers, and which we will aggregate at this site, we will separately ask for your consent to collect and use that information to provide you with relevant offers and services. If you give us your consent, you will be agreeing to permit us to use Financial Account Data to help us suggest savings opportunities or additional products and services to you.</p><p> If you select services that are offered by third parties or merchants through such offers or on our behalf, you will be agreeing that we have your consent to give such third parties or merchants your geographic location, and other data, collected and stored in aggregate, as necessary for such third parties or merchants to make their offerings and services available to you and to permit us to use Financial Account Data to help us suggest savings opportunities or additional products and services to you. Except as specified here, we and the third parties or merchants acting on our behalf shall not use or keep any of your personally identifiable information.</p><p> <strong>USE, STORAGE AND ACCESS. </strong> We shall have the right, in our sole discretion and with reasonable notice posted on the FinanceWorks site and/or sent to your email address provided in the Registration Data, to establish or change limits concerning use of the Service and any related services, temporarily or permanently, including but not limited to (i) the amount of storage space you have available through the Service at any time, and (ii) the number of times (and the maximum duration for which) you may access the Service in a given period of time. We reserve the right to make any such changes effective immediately to maintain the security of the system or Licensee Access Information or to comply with any laws or regulations, and to provide you with electronic or written notice within thirty (30) days after such change. You may reject changes by discontinuing use of the Service and any related services to which such changes relate. Your continued use of the Service or any related services will constitute your acceptance of and agreement to such changes. Maintenance of the Service or any related services may be performed from time-to-time resulting in interrupted service, delays or errors in such Service or related services. Attempts to provide prior notice of scheduled maintenance will be made, but we cannot guarantee that such notice will be provided.</p><p> <strong>THIRD PARTY SERVICES. </strong> In connection with your use of the Service, Debit Rewards Offers, or any other services provided in connection with them, you may be made aware of services, products, offers and promotions provided by third parties, ("Third Party Services"). If you decide to use Third Party Services, you are responsible for reviewing and understanding the terms and conditions governing any Third Party Services. You agree that the third party is responsible for the performance of the Third Party Services.</p><p> <strong>THIRD PARTY WEBSITES. </strong> The Service may contain or reference links to websites operated by third parties ("Third Party Websites"). These links are provided as a convenience only. Such Third Party Websites are not under our control. We are not responsible for the content of any Third Party Website or any link contained in a Third Party Website. We do not review, approve, monitor, endorse, warrant, or make any representations with respect to Third Party Websites, and the inclusion of any link in the Service, Debit Rewards Offers or any other services provided in connection with them is not and does not imply an affiliation, sponsorship, endorsement, approval, investigation, verification or monitoring by us of any information contained in any Third Party Website. In no event will we be responsible for the information contained in such Third Party Website or for your use of or inability to use such website. Access to any Third Party Website is at your own risk, and you acknowledge and understand that linked Third Party Websites may contain terms and privacy policies that are different from ours. We are not responsible for such provisions, and expressly disclaim any liability for them.</p><p> <strong>EXPORT RESTRICTIONS. </strong> You acknowledge that the Service may contain or use software that is subject to the U.S. Export Administration Regulations (15 CFR, Chapter VII) and that you will comply with these regulations. You will not export or re-export the Service, directly or indirectly, to: (1) any countries that are subject to US export restrictions; (2) any end user who has been prohibited from participating in US export transactions by any federal agency of the US government; or (3) any end user who you know or have reason to know will utilize them in the design, development or production of nuclear, chemical or biological weapons. You further acknowledge that this product may include technical data subject to export and re-export restrictions imposed by US law.</p><p> <strong>DEBIT REWARDS OFFERS. </strong> If you decide you wish to participate in the Debit Rewards Offers application, you acknowledge and agree to the following terms and conditions of service.</p><p> <u>Debit Rewards</u> . You will earn rewards for your participation in the Debit Rewards Offers program based on total purchases. If you participate in the Debit Rewards Offers, we will credit all cash or point rewards earned to your rewards balance and send you a lump sum of all rewards due to you. For any qualifying purchases during the current month, we will distribute the lump sum amount to you during the following calendar month. For example, if the payment date of all rewards end user disbursements is August 30, the applicable Measurement Period would be the calendar month ended July 31. Cash rewards will be deposited in the Debit Rewards Offers deposit account which is associated with the Debit Rewards Offers program.</p><p> <u>Debit Rewards Offers Account</u> . You must use the debit card associated with the Debit Rewards Offers account in order to receive the offers which qualify for the rewards. Rewards will not be earned for any portion of your purchase that you pay for with store credit, gift certificates or other payment types.</p><p> Purchases must be made as indicated in the offers made available under the Debit Rewards Offers program. EWireoffer will specify whether the purchase can be made online, at a store location, or by telephone to be eligible for rewards. You must also comply with any guidelines included with the offer, such as offer expiration dates, minimum purchase amounts, purchase limits, etc. You must also pay using the debit card associated with the account that received the Debit Rewards offer in order for the purchase to qualify.</p><p> While we and the merchants work hard to properly track and credit all eligible purchases, there may be times that we are unable to do so because of problems with your internet browser, the merchant''s web site or our system. Please contact our support team if you believe you have made a qualifying purchase for which you did not receive Rewards.</p><p> Please note that you will not earn rewards as part of this program if you use a debit card not issued by us or do not have the designated deposit account opened with us at the time of disbursement.</p><p> You understand and agree that we make no warranties and have no liability as to:</p><p>Any offers, commitments, promotions, money back, or other incentives offered by any of the merchants in the Debit Rewards Offers program.</p><p>&nbsp;The rewards information that we provide to you, which is provided "as is" and "as available".</p><p>&nbsp;(i) your inability to comply with offer guidelines, (ii) the accuracy, timeliness, loss or corruption, or mis-delivery, of any qualifying purchase information or any other information, (iii) unauthorized access to your account(s) or to your account information and any misappropriation, or alteration, of your account information or data, to the extent that the unauthorized access results from your acts or omissions, or (iv) your inability to access your account(s) including, but not limited to, failure of electronic or mechanical equipment, interconnect problems with telephone providers or internet service providers, acts of God, strikes, or other labor problems.</p><p>Some states do not allow limitations on how long an implied warranty lasts, so that the above limitations may not apply to you, and that you may also have other rights, which vary from state to state.</p>', 'Kony User', 'UID11', CURRENT_TIMESTAMP, CURRENT_TIMESTAMP, CURRENT_TIMESTAMP, '0');
INSERT INTO [konyadminconsole].[userrole](User_id, Role_id, hasSuperAdminPrivilages, createdby, modifiedby, createdts, lastmodifiedts, synctimestamp, softdeleteflag) VALUES ('UID10', 'RID_SUPERADMIN', 1, null, null, CURRENT_TIMESTAMP, CURRENT_TIMESTAMP, CURRENT_TIMESTAMP, 0);
INSERT INTO [konyadminconsole].[userrole](User_id, Role_id, hasSuperAdminPrivilages, createdby, modifiedby, createdts, lastmodifiedts, synctimestamp, softdeleteflag) VALUES ('UID11', 'RID_SUPERADMIN', 1, null, null, CURRENT_TIMESTAMP, CURRENT_TIMESTAMP, CURRENT_TIMESTAMP, 0);

ALTER TABLE [konyadminconsole].[additionaldata]
	ADD CONSTRAINT FK_AdditionalData_ObjectId
	FOREIGN KEY (Object_id) 
	REFERENCES [konyadminconsole].[product] (id);

ALTER TABLE [konyadminconsole].[additionaldata]
    ADD CONSTRAINT FK_AdditionalData_AdditionalFieldId
	FOREIGN KEY (AdditionalField_id) 
	REFERENCES [konyadminconsole].[additionalfield] (id);


ALTER TABLE [konyadminconsole].[address]
    ADD CONSTRAINT FK_Address_Region
	FOREIGN KEY (Region_id) 
	REFERENCES [konyadminconsole].[region] (id);

ALTER TABLE [konyadminconsole].[address]
	ADD CONSTRAINT FK_Address_City
	FOREIGN KEY (City_id) 
	REFERENCES [konyadminconsole].[city] (id);


ALTER TABLE [konyadminconsole].[alert]
    ADD CONSTRAINT FK_Alert_AlertType
	FOREIGN KEY (AlertType_id) 
	REFERENCES [konyadminconsole].[alerttype] (id);


ALTER TABLE [konyadminconsole].[applicantnote]
    ADD CONSTRAINT FK_ApplicantNote_Createdby
	FOREIGN KEY (createdby) 
	REFERENCES [konyadminconsole].[systemuser] (id);

ALTER TABLE [konyadminconsole].[applicantnote]
    ADD CONSTRAINT FK_ApplicantNote_ApplicantID
	FOREIGN KEY (Applicant_id) 
	REFERENCES [konyadminconsole].[applicant] (id);

ALTER TABLE [konyadminconsole].[archivedcustomerrequest]
    ADD CONSTRAINT FK_ArchivedCustomerRequest_RequestCategory
	FOREIGN KEY (RequestCategory_id) 
	REFERENCES [konyadminconsole].[requestcategory] (id);

ALTER TABLE [konyadminconsole].[archivedcustomerrequest]
	ADD CONSTRAINT FK_ArchivedCustomerRequest_Customer
	FOREIGN KEY (Customer_id) 
	REFERENCES [konyadminconsole].[customer] (id);

ALTER TABLE [konyadminconsole].[archivedcustomerrequest]
    ADD CONSTRAINT FK_ArchivedCustomerRequest_AssignedTo
	FOREIGN KEY (AssignedTo) 
	REFERENCES [konyadminconsole].[systemuser] (id);

ALTER TABLE [konyadminconsole].[archivedcustomerrequest]
	ADD CONSTRAINT FK_ArchivedCustomerRequest_Status
	FOREIGN KEY (Status_id) 
	REFERENCES [konyadminconsole].[status] (id);


ALTER TABLE [konyadminconsole].[archivedmessageattachment]
 	ADD CONSTRAINT FK_ArchivedMessageAttachement_RequestMessage
	FOREIGN KEY (RequestMessage_id) 
	REFERENCES [konyadminconsole].[archivedrequestmessage] (id);

ALTER TABLE [konyadminconsole].[archivedmessageattachment]
	ADD CONSTRAINT FK_ArchivedMessageAttachement_Media
	FOREIGN KEY (Media_id) 
	REFERENCES [konyadminconsole].[archivedmedia] (id);

ALTER TABLE [konyadminconsole].[archivedmessageattachment]
    ADD CONSTRAINT FK_ArchivedMessageAttachement_AttachementType
	FOREIGN KEY (AttachmentType_id) 
	REFERENCES [konyadminconsole].[attachmenttype] (id);


ALTER TABLE [konyadminconsole].[archivedrequestmessage]
	ADD CONSTRAINT FK_ArchivedRequestMessage_CustomerRequest
	FOREIGN KEY (CustomerRequest_id) 
	REFERENCES [konyadminconsole].[archivedcustomerrequest] (id);


ALTER TABLE [konyadminconsole].[bankfortransfer]
	ADD CONSTRAINT FK_BankForTransfer_StatusID
	FOREIGN KEY (Status_id) 
	REFERENCES [konyadminconsole].[status] (id);

ALTER TABLE [konyadminconsole].[bankfortransfer]
	ADD CONSTRAINT FK_BankForTransfer_AddressID
	FOREIGN KEY (Address_id) 
	REFERENCES [konyadminconsole].[address] (id);


ALTER TABLE [konyadminconsole].[bankservice]
	ADD CONSTRAINT FK_BankService_ServiceID
	FOREIGN KEY (Service_id) 
	REFERENCES [konyadminconsole].[service] (id);

ALTER TABLE [konyadminconsole].[bankservice]
	ADD CONSTRAINT FK_BankService_BankForTransferID
	FOREIGN KEY (BankForTransfer_id) 
	REFERENCES [konyadminconsole].[bankfortransfer] (id);


ALTER TABLE [konyadminconsole].[city]
	ADD CONSTRAINT FK_City_Region
	FOREIGN KEY (Region_id) 
	REFERENCES [konyadminconsole].[region] (id);

ALTER TABLE [konyadminconsole].[city]
	ADD CONSTRAINT FK_City_Country
	FOREIGN KEY (Country_id) 
	REFERENCES [konyadminconsole].[country] (id);


ALTER TABLE [konyadminconsole].[customer]
	ADD CONSTRAINT FK_Customer_Location
	FOREIGN KEY (Location_id) 
	REFERENCES [konyadminconsole].[location] (id);

ALTER TABLE [konyadminconsole].[customer]
	ADD CONSTRAINT FK_Customer_CustomerType
	FOREIGN KEY (Type_id) 
	REFERENCES [konyadminconsole].[customertype] (id);

ALTER TABLE [konyadminconsole].[customer]
	ADD CONSTRAINT FK_Customer_Status_03
	FOREIGN KEY (Status_id) 
	REFERENCES [konyadminconsole].[status] (id);

ALTER TABLE [konyadminconsole].[customer]
	ADD CONSTRAINT FK_Customer_Status_02
	FOREIGN KEY (EmployementStatus_id) 
	REFERENCES [konyadminconsole].[status] (id);

ALTER TABLE [konyadminconsole].[customer]
	ADD CONSTRAINT FK_Customer_Status
    FOREIGN KEY (MaritalStatus_id) 
	REFERENCES [konyadminconsole].[status] (id);


ALTER TABLE [konyadminconsole].[customeraddress]
	ADD CONSTRAINT FK_CustomerAddress_AddressType
	FOREIGN KEY (Type_id) 
	REFERENCES [konyadminconsole].[addresstype] (id);

ALTER TABLE [konyadminconsole].[customeraddress]
	ADD CONSTRAINT FK_CustomerAddress_Address
	FOREIGN KEY (Address_id) 
	REFERENCES [konyadminconsole].[address] (id);

ALTER TABLE [konyadminconsole].[customeraddress]
	ADD CONSTRAINT FK_CustomerAddress_Customer
	FOREIGN KEY (Customer_id) 
	REFERENCES [konyadminconsole].[customer] (id);


ALTER TABLE [konyadminconsole].[customeralertentitlement]
	ADD CONSTRAINT FK_CustomerAlertEntitlement_Customer 
	FOREIGN KEY (Customer_id) 
	REFERENCES [konyadminconsole].[customer] (id);

ALTER TABLE [konyadminconsole].[customeralertentitlement]
	ADD CONSTRAINT FK_CustomerAlertEntitlement_Alert
	FOREIGN KEY (Alert_id) 
	REFERENCES [konyadminconsole].[alert] (id);


ALTER TABLE [konyadminconsole].[customercommunication]
	ADD CONSTRAINT FK_CustomerCommunication_Customer
	FOREIGN KEY (Customer_id) 
	REFERENCES [konyadminconsole].[customer] (id);

ALTER TABLE [konyadminconsole].[customercommunication]
	ADD CONSTRAINT FK_CustomerCommunication_CommunicationType
	FOREIGN KEY (Type_id) 
	REFERENCES [konyadminconsole].[communicationtype] (id);


ALTER TABLE [konyadminconsole].[customerdevice]
	ADD CONSTRAINT FK_CustomerDevice_Status 
	FOREIGN KEY (Status_id) 
	REFERENCES [konyadminconsole].[status] (id);

ALTER TABLE [konyadminconsole].[customerdevice]
	ADD CONSTRAINT FK_CustomerDevice_Customer 
	FOREIGN KEY (Customer_id) 
	REFERENCES [konyadminconsole].[customer] (id);


ALTER TABLE [konyadminconsole].[customerentitlement]
	ADD CONSTRAINT FK_CustomerEntitlement_Service 
	FOREIGN KEY (Service_id) 
	REFERENCES [konyadminconsole].[service] (id);

ALTER TABLE [konyadminconsole].[customerentitlement]
	ADD CONSTRAINT FK_CustomerEntitlement_Customer 
	FOREIGN KEY (Customer_id) 
	REFERENCES [konyadminconsole].[customer] (id);


ALTER TABLE [konyadminconsole].[customerflagstatus]
	ADD CONSTRAINT FK_CustomerFlagStatus_CustomerID 
	FOREIGN KEY (Customer_id) 
	REFERENCES [konyadminconsole].[customer] (id);

ALTER TABLE [konyadminconsole].[customerflagstatus]
	ADD CONSTRAINT FK_CustomeFlagStatus_StatusID 
	FOREIGN KEY (Status_id) 
	REFERENCES [konyadminconsole].[status] (id);


ALTER TABLE [konyadminconsole].[customergroup]
	ADD CONSTRAINT FK_CustomerGroup_Group 
	FOREIGN KEY (Group_id) 
	REFERENCES [konyadminconsole].[membergroup] (id);

ALTER TABLE [konyadminconsole].[customergroup]
	ADD CONSTRAINT FK_CustomerGroup_Customer 
	FOREIGN KEY (Customer_id) 
	REFERENCES [konyadminconsole].[customer] (id);


ALTER TABLE [konyadminconsole].[customernote]
	ADD CONSTRAINT FK_CustomerNote_Customer
	FOREIGN KEY (Customer_id) 
	REFERENCES [konyadminconsole].[customer] (id);

ALTER TABLE [konyadminconsole].[customernote]
	ADD CONSTRAINT FK_CustomerNote_Createdby
	FOREIGN KEY (createdby) 
	REFERENCES [konyadminconsole].[systemuser] (id);


ALTER TABLE [konyadminconsole].[customernotification]
	ADD CONSTRAINT FK_CustomerNotification_Notification
	FOREIGN KEY (Notification_id) 
	REFERENCES [konyadminconsole].[notification] (Id);

ALTER TABLE [konyadminconsole].[customernotification]
	ADD CONSTRAINT FK_CustomerNotification_Customer 
	FOREIGN KEY (Customer_id) 
	REFERENCES [konyadminconsole].[customer] (id);


ALTER TABLE [konyadminconsole].[customerproduct]
	ADD CONSTRAINT FK_CustomerProduct_Product
	FOREIGN KEY (Product_id) 
	REFERENCES [konyadminconsole].[product] (id);

ALTER TABLE [konyadminconsole].[customerproduct]
	ADD CONSTRAINT FK_CustomerProduct_Customer
	FOREIGN KEY (Customer_id) 
	REFERENCES [konyadminconsole].[customer] (id);


ALTER TABLE [konyadminconsole].[customerrequest]
	ADD CONSTRAINT FK_CustomerRequest_RequestCategory
	FOREIGN KEY (RequestCategory_id) 
	REFERENCES [konyadminconsole].[requestcategory] (id);

ALTER TABLE [konyadminconsole].[customerrequest]
	ADD CONSTRAINT FK_CustomerRequest_Customer
	FOREIGN KEY (Customer_id) 
	REFERENCES [konyadminconsole].[customer] (id);

ALTER TABLE [konyadminconsole].[customerrequest]
	ADD CONSTRAINT FK_CustomerRequest_AssignedTo
	FOREIGN KEY (AssignedTo) 
	REFERENCES [konyadminconsole].[systemuser] (id);

ALTER TABLE [konyadminconsole].[customerrequest]
	ADD CONSTRAINT FK_CustomerRequest_Status
	FOREIGN KEY (Status_id) 
	REFERENCES [konyadminconsole].[status] (id);


ALTER TABLE [konyadminconsole].[customersecurityimages]
	ADD CONSTRAINT FK_CustomerSecureImages_UserID
	FOREIGN KEY (Customer_id) 
	REFERENCES [konyadminconsole].[customer] (id);

ALTER TABLE [konyadminconsole].[customersecurityimages]
	ADD CONSTRAINT FK_CustomerSecureImages_ImageID
	FOREIGN KEY (Image_id) 
	REFERENCES [konyadminconsole].[securityimage] (id);


ALTER TABLE [konyadminconsole].[customersecurityquestions]
	ADD CONSTRAINT FK_CustomerSecurityQuestion_QuestionID
	FOREIGN KEY (SecurityQuestion_id) 
	REFERENCES [konyadminconsole].[securityquestion] (id);

ALTER TABLE [konyadminconsole].[customersecurityquestions]
	ADD CONSTRAINT FK_CustomerSecurityQuestion_CustomerID
	FOREIGN KEY (Customer_id) 
	REFERENCES [konyadminconsole].[customer] (id);


ALTER TABLE [konyadminconsole].[customerservice]
	ADD CONSTRAINT FK_CustomerService_Status
	FOREIGN KEY (Status_id) 
	REFERENCES [konyadminconsole].[status] (id);

ALTER TABLE [konyadminconsole].[customerservice]
	ADD CONSTRAINT FK_CustomerService_ServiceType 
	FOREIGN KEY (Type_id) 
	REFERENCES [konyadminconsole].[servicetype] (id);


ALTER TABLE [konyadminconsole].[dayschedule]
	ADD CONSTRAINT FK_DaySchedule_WorkSchedule
	FOREIGN KEY (WorkSchedule_id) 
	REFERENCES [konyadminconsole].[workschedule] (id);


ALTER TABLE [konyadminconsole].[faqs]
	ADD CONSTRAINT FK_FAQs_Status
	FOREIGN KEY (Status_id) 
	REFERENCES [konyadminconsole].[status] (id);

ALTER TABLE [konyadminconsole].[faqs]
	ADD CONSTRAINT FK_FAQs_ServiceChannel
	FOREIGN KEY (Channel_id) 
	REFERENCES [konyadminconsole].[servicechannel] (id);

ALTER TABLE [konyadminconsole].[faqs]
	ADD CONSTRAINT FK_FAQs_Category
	FOREIGN KEY (FaqCategory_Id) 
	REFERENCES [konyadminconsole].[faqcategory] (id);


ALTER TABLE [konyadminconsole].[groupentitlement]
	ADD CONSTRAINT FK_GroupEntitlement_TransactionLimit
	FOREIGN KEY (TransactionLimit_id) 
	REFERENCES [konyadminconsole].[transactionlimit] (id);

ALTER TABLE [konyadminconsole].[groupentitlement]
	ADD CONSTRAINT FK_GroupEntitlement_TransactionFee
	FOREIGN KEY (TransactionFee_id) 
	REFERENCES [konyadminconsole].[transactionfee] (id);

ALTER TABLE [konyadminconsole].[groupentitlement]
	ADD CONSTRAINT FK_GroupEntitlements_Service
	FOREIGN KEY (Service_id) 
	REFERENCES [konyadminconsole].[service] (id);

ALTER TABLE [konyadminconsole].[groupentitlement]
	ADD CONSTRAINT FK_GroupEntitlements_Group
	FOREIGN KEY (Group_id) 
	REFERENCES [konyadminconsole].[membergroup] (id);


ALTER TABLE [konyadminconsole].[location]
	ADD CONSTRAINT FK_Location_LocationType 
	FOREIGN KEY (Type_id) 
	REFERENCES [konyadminconsole].[locationtype] (id);

ALTER TABLE [konyadminconsole].[location]
	ADD CONSTRAINT FK_Location_Address
	FOREIGN KEY (Address_id) 
	REFERENCES [konyadminconsole].[address] (id);

ALTER TABLE [konyadminconsole].[location]
	ADD CONSTRAINT FK_Location_WorkSchedule
	FOREIGN KEY (WorkSchedule_id) 
	REFERENCES [konyadminconsole].[workschedule] (id);

ALTER TABLE [konyadminconsole].[location]
	ADD CONSTRAINT FK_Location_Status
	FOREIGN KEY (Status_id) 
	REFERENCES [konyadminconsole].[status] (id);


ALTER TABLE [konyadminconsole].[locationservice]
	ADD CONSTRAINT FH_LocationService_Service_id
	FOREIGN KEY (Service_id) 
	REFERENCES [konyadminconsole].[service] (id);

ALTER TABLE [konyadminconsole].[locationservice]
	ADD CONSTRAINT FH_LocationService_Location_id
	FOREIGN KEY (Location_id) 
	REFERENCES [konyadminconsole].[location] (id);


ALTER TABLE [konyadminconsole].[membergroup]
	ADD CONSTRAINT Fk_group_StatusID
	FOREIGN KEY (Status_id) 
	REFERENCES [konyadminconsole].[status] (id);


ALTER TABLE [konyadminconsole].[messageattachment]
	ADD CONSTRAINT FK_MessageAttachement_RequestMessage
	FOREIGN KEY (RequestMessage_id) 
	REFERENCES [konyadminconsole].[requestmessage] (id);

ALTER TABLE [konyadminconsole].[messageattachment]
	ADD CONSTRAINT FK_MessageAttachement_Media
	FOREIGN KEY (Media_id) 
	REFERENCES [konyadminconsole].[media] (id);

ALTER TABLE [konyadminconsole].[messageattachment]
	ADD CONSTRAINT FK_MessageAttachement_AttachementType
	FOREIGN KEY (AttachmentType_id) 
	REFERENCES [konyadminconsole].[attachmenttype] (id);


ALTER TABLE [konyadminconsole].[notification]
	ADD CONSTRAINT FK_Notification_Status
	FOREIGN KEY (Status_id) 
	REFERENCES [konyadminconsole].[status] (id);


ALTER TABLE [konyadminconsole].[outagemessage]
	ADD CONSTRAINT FK_OutageMessage_Status
	FOREIGN KEY (Status_id) 
	REFERENCES [konyadminconsole].[status] (id);

ALTER TABLE [konyadminconsole].[outagemessage]
	ADD CONSTRAINT FK_OutageMessage_ServiceChannel
	FOREIGN KEY (Channel_id) 
	REFERENCES [konyadminconsole].[servicechannel] (id);

ALTER TABLE [konyadminconsole].[outagemessage]
	ADD CONSTRAINT FK_OutageMessage_Service
	FOREIGN KEY (Service_id) 
	REFERENCES [konyadminconsole].[service] (id);


ALTER TABLE [konyadminconsole].[periodiclimit]
	ADD CONSTRAINT FK_PeriodicLimit_TransactionLimit
	FOREIGN KEY (TransactionLimit_id) 
	REFERENCES [konyadminconsole].[transactionlimit] (id);

ALTER TABLE [konyadminconsole].[periodiclimit]
	ADD CONSTRAINT FK_PeriodicLimit_Period
	FOREIGN KEY (Period_id) 
	REFERENCES [konyadminconsole].[period] (id);


ALTER TABLE [konyadminconsole].[permission]
	ADD CONSTRAINT FK_Permission_Status 
	FOREIGN KEY (Status_id) 
	REFERENCES [konyadminconsole].[status] (id);

ALTER TABLE [konyadminconsole].[permission]
	ADD CONSTRAINT FK_Permission_PermissionType
	FOREIGN KEY (Type_id) 
	REFERENCES [konyadminconsole].[permissiontype] (id);

ALTER TABLE [konyadminconsole].[permission]
	ADD CONSTRAINT FK_Permission_DataType
	FOREIGN KEY (DataType_id) 
	REFERENCES [konyadminconsole].[datatype] (id);


ALTER TABLE [konyadminconsole].[privacypolicy]
	ADD CONSTRAINT PrivacyPolicy_Status
	FOREIGN KEY (Status_id) 
	REFERENCES [konyadminconsole].[status] (id);

ALTER TABLE [konyadminconsole].[privacypolicy]
	ADD CONSTRAINT PrivacyPolicy_ServiceChannel
	FOREIGN KEY (Channel_id) 
	REFERENCES [konyadminconsole].[servicechannel] (id);


ALTER TABLE [konyadminconsole].[product]
	ADD CONSTRAINT FK_Product_Type
	FOREIGN KEY (Type_id) 
	REFERENCES [konyadminconsole].[producttype] (id);

ALTER TABLE [konyadminconsole].[product]
	ADD CONSTRAINT FK_Product_Status
	FOREIGN KEY (Status_id) 
	REFERENCES [konyadminconsole].[status] (id);


ALTER TABLE [konyadminconsole].[region]
	ADD CONSTRAINT FK_Region_Country
	FOREIGN KEY (Country_id) 
	REFERENCES [konyadminconsole].[country] (id);


ALTER TABLE [konyadminconsole].[requestmessage]
	ADD CONSTRAINT FK_RequestMessage_CustomerRequest
	FOREIGN KEY (CustomerRequest_id) 
	REFERENCES [konyadminconsole].[customerrequest] (id);


ALTER TABLE [konyadminconsole].[role]
	ADD CONSTRAINT FK_Role_Status
	FOREIGN KEY (Status_id) 
	REFERENCES [konyadminconsole].[status] (id);

ALTER TABLE [konyadminconsole].[role]
	ADD CONSTRAINT FK_Role_RoleType
	FOREIGN KEY (Type_id) 
	REFERENCES [konyadminconsole].[roletype] (id);

ALTER TABLE [konyadminconsole].[role]
	ADD CONSTRAINT FK_Role_Role
	FOREIGN KEY (Parent_id) 
	REFERENCES [konyadminconsole].[role] (id);


ALTER TABLE [konyadminconsole].[rolepermission]
	ADD CONSTRAINT FK_RolePermission_Role
	FOREIGN KEY (Role_id) 
	REFERENCES [konyadminconsole].[role] (id);

ALTER TABLE [konyadminconsole].[rolepermission]
	ADD CONSTRAINT FK_RolePermission_Permission
	FOREIGN KEY (Permission_id) 
	REFERENCES [konyadminconsole].[permission] (id);


ALTER TABLE [konyadminconsole].[securityimage]
	ADD CONSTRAINT FK_SecurityImage_Status
	FOREIGN KEY (Status_id) 
	REFERENCES [konyadminconsole].[status] (id);


ALTER TABLE [konyadminconsole].[securityquestion]
	ADD CONSTRAINT FK_SecurityQuestion_Status
	FOREIGN KEY (Status_id) 
	REFERENCES [konyadminconsole].[status] (id);


ALTER TABLE [konyadminconsole].[service]
	ADD CONSTRAINT FK_Service_ServiceType
	FOREIGN KEY (Type_id) 
	REFERENCES [konyadminconsole].[servicetype] (id);

ALTER TABLE [konyadminconsole].[service]
	ADD CONSTRAINT FK_Service_ServiceChannel
	FOREIGN KEY (Channel_id) 
	REFERENCES [konyadminconsole].[servicechannel] (id);

ALTER TABLE [konyadminconsole].[service]
	ADD CONSTRAINT FK_Service_WorkSchedule
	FOREIGN KEY (WorkSchedule_id) 
	REFERENCES [konyadminconsole].[workschedule] (id);

ALTER TABLE [konyadminconsole].[service]
	ADD CONSTRAINT FK_Service_CategoryID
	FOREIGN KEY (Category_id) 
	REFERENCES [konyadminconsole].[category] (id);

ALTER TABLE [konyadminconsole].[service]
	ADD CONSTRAINT FK_Service_TransactionLimit
	FOREIGN KEY (TransactionLimit_id) 
	REFERENCES [konyadminconsole].[transactionlimit] (id);

ALTER TABLE [konyadminconsole].[service]
	ADD CONSTRAINT FK_Service_TransactionFee
	FOREIGN KEY (TransactionFee_id) 
	REFERENCES [konyadminconsole].[transactionfee] (id);

ALTER TABLE [konyadminconsole].[service]
	ADD CONSTRAINT FK_Service_Status
	FOREIGN KEY (Status_id) 
	REFERENCES [konyadminconsole].[status] (id);


ALTER TABLE [konyadminconsole].[servicecommunication]
	ADD CONSTRAINT FK_ServiceCommunication_Status
	FOREIGN KEY (Status_id) 
	REFERENCES [konyadminconsole].[status] (id);

ALTER TABLE [konyadminconsole].[servicecommunication]
	ADD CONSTRAINT FK_ServiceCommunication_ServiceChannel
	FOREIGN KEY (Type_id) 
	REFERENCES [konyadminconsole].[communicationtype] (id);

ALTER TABLE [konyadminconsole].[servicecommunication]
	ADD CONSTRAINT FK_ServiceCommunication_Service
	FOREIGN KEY (Service_id) 
	REFERENCES [konyadminconsole].[customerservice] (id);


ALTER TABLE [konyadminconsole].[status]
	ADD CONSTRAINT FK_Status_StatusType
	FOREIGN KEY (Type_id) 
	REFERENCES [konyadminconsole].[statustype] (id);


ALTER TABLE [konyadminconsole].[statuschange]
	ADD CONSTRAINT FK_StatusChange_Status_02
	FOREIGN KEY (NextStatus_id) 
	REFERENCES [konyadminconsole].[status] (id);

ALTER TABLE [konyadminconsole].[statuschange]
	ADD CONSTRAINT FK_StatusChange_Status
	FOREIGN KEY (PreviousStatus_id) 
	REFERENCES [konyadminconsole].[status] (id);


ALTER TABLE [konyadminconsole].[systemuser]
	ADD CONSTRAINT FK_SystemUser_Status
	FOREIGN KEY (Status_id) 
	REFERENCES [konyadminconsole].[status] (id);


ALTER TABLE [konyadminconsole].[termsandconditions]
	ADD CONSTRAINT FK_TermsAndConditions_Status
	FOREIGN KEY (Status_id) 
	REFERENCES [konyadminconsole].[status] (id);

ALTER TABLE [konyadminconsole].[termsandconditions]
	ADD CONSTRAINT FK_TermsAndConditions_Service
	FOREIGN KEY (Service_id) 
	REFERENCES [konyadminconsole].[service] (id);


ALTER TABLE [konyadminconsole].[transactionfeeslab]
	ADD CONSTRAINT FK_TransactionFeeSlab_TransactionFee
 	FOREIGN KEY (TransactionFee_id) 
	REFERENCES [konyadminconsole].[transactionfee] (id);


ALTER TABLE [konyadminconsole].[transactiongroup]
	ADD CONSTRAINT FK_TransactionGroup_TransactionLimit
	FOREIGN KEY (TransactionLimit_id) 
	REFERENCES [konyadminconsole].[transactionlimit] (id);

ALTER TABLE [konyadminconsole].[transactiongroup]
	ADD CONSTRAINT FK_TransactionGroup_Status
	FOREIGN KEY (Status_id) 
	REFERENCES [konyadminconsole].[status] (id);


ALTER TABLE [konyadminconsole].[transactiongroupservice]
	ADD CONSTRAINT FK_TransactionGroupService_TransactionGroup
	FOREIGN KEY (TransactionGroup_id) 
	REFERENCES [konyadminconsole].[transactiongroup] (id);

ALTER TABLE [konyadminconsole].[transactiongroupservice]
	ADD CONSTRAINT FK_TransactionGroupService_Service
	FOREIGN KEY (Service_id) 
	REFERENCES [konyadminconsole].[service] (id);


ALTER TABLE [konyadminconsole].[useraddress]
	ADD CONSTRAINT FK_UserAddress_Address
	FOREIGN KEY (Address_id) 
	REFERENCES [konyadminconsole].[address] (id);

ALTER TABLE [konyadminconsole].[useraddress]
	ADD CONSTRAINT FK_UserAddress_SystemUser
	FOREIGN KEY (User_id) 
	REFERENCES [konyadminconsole].[systemuser] (id);

ALTER TABLE [konyadminconsole].[useraddress]
	ADD CONSTRAINT FK_UserAddress_AddressType
	FOREIGN KEY (Type_id) 
	REFERENCES [konyadminconsole].[addresstype] (id);


ALTER TABLE [konyadminconsole].[userpermission]
	ADD CONSTRAINT FK_UserPermission_UserID
	FOREIGN KEY (User_id) 
	REFERENCES [konyadminconsole].[systemuser] (id);

ALTER TABLE [konyadminconsole].[userpermission]
	ADD CONSTRAINT FK_UserPermission_PermissionID
	FOREIGN KEY (Permission_id) 
	REFERENCES [konyadminconsole].[permission] (id);


ALTER TABLE [konyadminconsole].[userrole]
	ADD CONSTRAINT FK_UserRole_SystemUser
	FOREIGN KEY (User_id) 
	REFERENCES [konyadminconsole].[systemuser] (id);

ALTER TABLE [konyadminconsole].[userrole]
	ADD CONSTRAINT FK_UserRole_Role
	FOREIGN KEY (Role_id) 
	REFERENCES [konyadminconsole].[role] (id);