ALTER TABLE [konyadminconsole].[requestmessage] ALTER COLUMN [MessageDescription] NVARCHAR(MAX);
--ALTER TABLE [konyadminconsole].[customerdevice] ALTER COLUMN [LostLoginTime] DATETIME2 NULL;

--EXEC sp_rename 'konyadminconsole.customerdevice.LostLoginTime', 'konyadminconsole.customerdevice.LastLoginTime', 'COLUMN';

ALTER TABLE [konyadminconsole].[customerdevice] ADD [LastUsedIp] NVARCHAR(50);
ALTER TABLE [konyadminconsole].[customerdevice] ADD [Channel_id] NVARCHAR(50);
CREATE INDEX [FK_CustomerDevice_Channel_idx] ON [konyadminconsole].[customerdevice] (Channel_id ASC);
ALTER TABLE [konyadminconsole].[customerdevice] ADD CONSTRAINT [FK_CustomerDevice_Channel]  FOREIGN KEY ([Channel_id])  REFERENCES [konyadminconsole].[servicechannel] ([id])  ON DELETE NO ACTION  ON UPDATE NO ACTION;

INSERT INTO [konyadminconsole].[statustype] ([id], [Description], [createdby], [modifiedby], [createdts], [lastmodifiedts], [synctimestamp], [softdeleteflag]) VALUES ('STID_CUSTOMERDEVICE', 'Customer Device', 'Kony User', 'Kony Dev', CURRENT_TIMESTAMP, CURRENT_TIMESTAMP, CURRENT_TIMESTAMP, '0');
INSERT INTO [konyadminconsole].[status] ([id], [Type_id], [Description], [createdby], [modifiedby], [createdts], [lastmodifiedts], [synctimestamp], [softdeleteflag]) VALUES ('SID_DEVICE_ACTIVE', 'STID_CUSTOMERDEVICE', 'Active', 'Kony User', 'Kony Dev', CURRENT_TIMESTAMP, CURRENT_TIMESTAMP, CURRENT_TIMESTAMP, '0');
INSERT INTO [konyadminconsole].[status] ([id], [Type_id], [Description], [createdby], [modifiedby], [createdts], [lastmodifiedts], [synctimestamp], [softdeleteflag]) VALUES ('SID_DEVICE_REGISTERED', 'STID_CUSTOMERDEVICE', 'Registered', 'Kony User', 'Kony Dev', CURRENT_TIMESTAMP, CURRENT_TIMESTAMP, CURRENT_TIMESTAMP, '0');
INSERT INTO [konyadminconsole].[status] ([id], [Type_id], [Description], [createdby], [modifiedby], [createdts], [lastmodifiedts], [synctimestamp], [softdeleteflag]) VALUES ('SID_DEVICE_DE-REGISTERED', 'STID_CUSTOMERDEVICE', 'De-registered', 'Kony User', 'Kony Dev', CURRENT_TIMESTAMP, CURRENT_TIMESTAMP, CURRENT_TIMESTAMP, '0');
INSERT INTO [konyadminconsole].[status] ([id], [Type_id], [Description], [createdby], [modifiedby], [createdts], [lastmodifiedts], [synctimestamp], [softdeleteflag]) VALUES ('SID_DEVICE_INACTIVE', 'STID_CUSTOMERDEVICE', 'Inactive', 'Kony User', 'Kony Dev', CURRENT_TIMESTAMP, CURRENT_TIMESTAMP, CURRENT_TIMESTAMP, '0');

ALTER TABLE [konyadminconsole].[customerdevice] DROP CONSTRAINT  [FK_CustomerDevice_Customer];
ALTER TABLE [konyadminconsole].[customerdevice] DROP CONSTRAINT [PK_customerdevice_id];
ALTER TABLE [konyadminconsole].[customerdevice] ADD CONSTRAINT PK_customerdevice_id_Customer_id PRIMARY KEY (id,Customer_id);
ALTER TABLE [konyadminconsole].[customerdevice] ADD CONSTRAINT [FK_CustomerDevice_Customer]  FOREIGN KEY ([Customer_id])  REFERENCES [konyadminconsole].[customer] ([id])  ON DELETE NO ACTION  ON UPDATE NO ACTION;
ALTER TABLE [konyadminconsole].[customerdevice] ALTER COLUMN [createdts] DATETIME2;
ALTER TABLE [konyadminconsole].[customerdevice] ADD DEFAULT CURRENT_TIMESTAMP FOR [createdts];
ALTER TABLE [konyadminconsole].[customerdevice] ALTER COLUMN [lastmodifiedts] DATETIME2;
ALTER TABLE [konyadminconsole].[customerdevice] ADD DEFAULT CURRENT_TIMESTAMP FOR [lastmodifiedts];
ALTER TABLE [konyadminconsole].[customerdevice] ALTER COLUMN [synctimestamp] DATETIME2;
ALTER TABLE [konyadminconsole].[customerdevice] ADD DEFAULT CURRENT_TIMESTAMP FOR [synctimestamp];

DROP TABLE IF EXISTS [konyadminconsole].[cardaccountrequesttype];
CREATE TABLE [konyadminconsole].[cardaccountrequesttype] (
  [id] nvarchar(50) NOT NULL,
  [Description] nvarchar(100) DEFAULT NULL,
  [Code] nvarchar(50) DEFAULT NULL,
  [DisplayName] nvarchar(50) DEFAULT NULL,
  [createdby] nvarchar(50) DEFAULT NULL,
  [modifiedby] nvarchar(50) DEFAULT NULL,
  [createdts] datetime2 NOT NULL DEFAULT CURRENT_TIMESTAMP,
  [lastmodifiedts] datetime2 NOT NULL DEFAULT CURRENT_TIMESTAMP,
  [synctimestamp] datetime2 NOT NULL DEFAULT CURRENT_TIMESTAMP,
  [softdeleteflag] smallint NOT NULL DEFAULT '0',
  CONSTRAINT PK_cardaccountrequesttype_id PRIMARY KEY ([id])
);

DROP TABLE IF EXISTS [konyadminconsole].[cardaccountrequest];
CREATE TABLE [konyadminconsole].[cardaccountrequest] (
  [id] nvarchar(50) NOT NULL,
  [Customer_id] nvarchar(50) DEFAULT NULL,
  [CardAccountNumber] nvarchar(50) DEFAULT NULL,
  [CardAccountName] nvarchar(50) DEFAULT NULL,
  [AccountType] nvarchar(50) DEFAULT NULL,
  [RequestType_id] nvarchar(50) DEFAULT NULL,
  [RequestReason] nvarchar(100) DEFAULT NULL,
  [Date] datetime2 NOT NULL DEFAULT CURRENT_TIMESTAMP,
  [Channel_id] nvarchar(50) DEFAULT NULL,
  [Status_id] nvarchar(50) DEFAULT NULL,
  [Address_id] nvarchar(50) DEFAULT NULL,
  [Communication_id] nvarchar(50) DEFAULT NULL,
  [AdditionalNotes] nvarchar(200) DEFAULT NULL,
  [createdby] nvarchar(50) DEFAULT NULL,
  [modifiedby] nvarchar(50) DEFAULT NULL,
  [createdts] datetime2 NOT NULL DEFAULT CURRENT_TIMESTAMP,
  [lastmodifiedts] datetime2 NOT NULL DEFAULT CURRENT_TIMESTAMP,
  [synctimestamp] datetime2 NOT NULL DEFAULT CURRENT_TIMESTAMP,
  [softdeleteflag] smallint NOT NULL DEFAULT '0',
  CONSTRAINT PK_cardaccountrequest_id PRIMARY KEY ([id]),
  CONSTRAINT [FK_CardAccountRequest_Address] FOREIGN KEY ([Address_id]) REFERENCES [konyadminconsole].[address] ([id]) ON DELETE NO ACTION ON UPDATE NO ACTION,
  CONSTRAINT [FK_CardAccountRequest_CardAccountRequestType] FOREIGN KEY ([RequestType_id]) REFERENCES [konyadminconsole].[cardaccountrequesttype] ([id]) ON DELETE NO ACTION ON UPDATE NO ACTION,
  CONSTRAINT [FK_CardAccountRequest_Customer] FOREIGN KEY ([Customer_id]) REFERENCES [konyadminconsole].[customer] ([id]) ON DELETE NO ACTION ON UPDATE NO ACTION,
  CONSTRAINT [FK_CardAccountRequest_CustomerCommunication] FOREIGN KEY ([Communication_id]) REFERENCES [konyadminconsole].[customercommunication] ([id]) ON DELETE NO ACTION ON UPDATE NO ACTION,
  CONSTRAINT [FK_CardAccountRequest_ServiceChannel] FOREIGN KEY ([Channel_id]) REFERENCES [konyadminconsole].[servicechannel] ([id]) ON DELETE NO ACTION ON UPDATE NO ACTION,
  CONSTRAINT [FK_CardAccountRequest_Status] FOREIGN KEY ([Status_id]) REFERENCES [konyadminconsole].[status] ([id]) ON DELETE NO ACTION ON UPDATE NO ACTION
);

CREATE INDEX [IXFK_CardAccountRequest_Address] ON [konyadminconsole].[cardaccountrequest] ([Address_id]);
CREATE INDEX [IXFK_CardAccountRequest_CardAccountRequestType] ON [konyadminconsole].[cardaccountrequest] ([RequestType_id]);
CREATE INDEX [IXFK_CardAccountRequest_Customer] ON [konyadminconsole].[cardaccountrequest] ([Customer_id]);
CREATE INDEX [IXFK_CardAccountRequest_CustomerCommunication] ON [konyadminconsole].[cardaccountrequest] ([Communication_id]);
CREATE INDEX [IXFK_CardAccountRequest_ServiceChannel] ON [konyadminconsole].[cardaccountrequest] ([Channel_id]);
CREATE INDEX [IXFK_CardAccountRequest_Status] ON [konyadminconsole].[cardaccountrequest] ([Status_id]);

DROP TABLE IF EXISTS [konyadminconsole].[travelnotification];
CREATE TABLE [konyadminconsole].[travelnotification] (
  [id] nvarchar(50) NOT NULL,
  [Date] datetime2 NOT NULL DEFAULT CURRENT_TIMESTAMP,
  [Channel_id] nvarchar(50) DEFAULT NULL,
  [Status_id] nvarchar(50) DEFAULT NULL,
  [PlannedDepartureDate] date DEFAULT NULL,
  [PlannedReturnDate] date DEFAULT NULL,
  [Destinations] nvarchar(200) DEFAULT NULL,
  [AdditionalNotes] nvarchar(200) DEFAULT NULL,
  [createdby] nvarchar(50) DEFAULT NULL,
  [modifiedby] nvarchar(50) DEFAULT NULL,
  [createdts] datetime2 NOT NULL DEFAULT CURRENT_TIMESTAMP,
  [lastmodifiedts] datetime2 NOT NULL DEFAULT CURRENT_TIMESTAMP,
  [synctimestamp] datetime2 NOT NULL DEFAULT CURRENT_TIMESTAMP,
  [softdeleteflag] smallint NOT NULL DEFAULT '0',
  [phonenumber] nvarchar(15) DEFAULT NULL,
  CONSTRAINT PK_travelnotification_id PRIMARY KEY ([id]),
  CONSTRAINT [FK_TravelNotificationRequest_ServiceChannel] FOREIGN KEY ([Channel_id]) REFERENCES [konyadminconsole].[servicechannel] ([id]) ON DELETE NO ACTION ON UPDATE NO ACTION,
  CONSTRAINT [FK_TravelNotificationRequest_Status] FOREIGN KEY ([Status_id]) REFERENCES [konyadminconsole].[status] ([id]) ON DELETE NO ACTION ON UPDATE NO ACTION
);

CREATE INDEX [IXFK_TravelNotification_ServiceChannel] ON [konyadminconsole].[travelnotification] ([Channel_id]);
CREATE INDEX [IXFK_TravelNotificationRequest_Status] ON [konyadminconsole].[travelnotification] ([Status_id]);

DROP TABLE IF EXISTS [konyadminconsole].[notificationcardinfo];
CREATE TABLE [konyadminconsole].[notificationcardinfo] (
  [id] nvarchar(50) NOT NULL,
  [Notification_id] nvarchar(50) DEFAULT NULL,
  [Customer_id] nvarchar(50) DEFAULT NULL,
  [CardNumber] nvarchar(100) NOT NULL,
  [CardName] nvarchar(50) NOT NULL,
  [createdby] nvarchar(50) DEFAULT NULL,
  [modifiedby] nvarchar(45) DEFAULT NULL,
  [createdts] datetime2 NOT NULL DEFAULT CURRENT_TIMESTAMP,
  [lastmodifiedts] datetime2 NOT NULL DEFAULT CURRENT_TIMESTAMP,
  [synctimestamp] datetime2 NOT NULL DEFAULT CURRENT_TIMESTAMP,
  [softdeleteflag] smallint NOT NULL DEFAULT '0',
  CONSTRAINT PK_notificationcardinfo_id PRIMARY KEY ([id]),
  CONSTRAINT [FK_NotificationCardinfo_Customer] FOREIGN KEY ([Customer_id]) REFERENCES [konyadminconsole].[customer] ([id]) ON DELETE NO ACTION ON UPDATE NO ACTION,
  CONSTRAINT [FK_NotificationCardinfo_TravelNotification] FOREIGN KEY ([Notification_id]) REFERENCES [konyadminconsole].[travelnotification] ([id]) ON DELETE NO ACTION ON UPDATE NO ACTION
);

CREATE INDEX [IXFK_NotificationCardinfo_Customer] ON [konyadminconsole].[notificationcardinfo] ([Customer_id]);
CREATE INDEX [IXFK_NotificationCardinfo_TravelNotification] ON [konyadminconsole].[notificationcardinfo] ([Notification_id]);
CREATE INDEX [IXFX_NotificationCardInfo_CustomerId] ON [konyadminconsole].[notificationcardinfo] ([Customer_id]);
CREATE INDEX [IXFX_NotificationCardInfo_Covered] ON [konyadminconsole].[notificationcardinfo] ([Customer_id],[CardNumber]);

DROP TABLE IF EXISTS [konyadminconsole].[issuerimage];
CREATE TABLE [konyadminconsole].[issuerimage] (
  [id] nvarchar(50) NOT NULL,
  [issuerName] nvarchar(50) NOT NULL,
  [Status_id] nvarchar(50) NOT NULL,
  [Image] nvarchar(max) NOT NULL,
  [createdby] nvarchar(50) DEFAULT NULL,
  [modifiedby] nvarchar(50) DEFAULT NULL,
  [createdts] datetime2 NOT NULL DEFAULT CURRENT_TIMESTAMP,
  [lastmodifiedts] datetime2 NOT NULL DEFAULT CURRENT_TIMESTAMP,
  [synctimestamp] datetime2 NOT NULL DEFAULT CURRENT_TIMESTAMP,
  [softdeleteflag] smallint NOT NULL DEFAULT '0',
  CONSTRAINT PK_issuerimage_id PRIMARY KEY ([id]),
  CONSTRAINT [FK_IssuerImage_Status] FOREIGN KEY ([Status_id]) REFERENCES [konyadminconsole].[status] ([id]) ON DELETE NO ACTION ON UPDATE NO ACTION
);

CREATE INDEX [IXFK_IssuerImage_Status] ON [konyadminconsole].[issuerimage] ([Status_id]);

INSERT INTO [konyadminconsole].[issuerimage] ([id], [issuerName], [Status_id], [Image], [createdby], [modifiedby], [createdts], [lastmodifiedts], [synctimestamp], [softdeleteflag]) VALUES ('AMEX_IMG', 'AmericanExpress', 'SID_ACTIVE', 'data:image/png;base64,iVBORw0KGgoAAAANSUhEUgAAAQAAAAEACAYAAABccqhmAABMoUlEQVR42u2dB4AURdbHH6ciOeecgyAgIIJkEAMYOOTOfIYze+acuTtzAkUwYD71Ts+cA0gQRPkAQXJe0pJhd1lgCd589Xqmuyt3dU/P7urUX5eZqa7UPfN+9Sp1lwErK6usVZmSroCVlVXJyQLAyiqLZQFgZZXFsgCwsspiWQBYWWWxLACsrLJYFgBWVlksCwArqyyWBYCVVRbLAsDKKotlAWBllcWyALCyymJZAFhZZbEsAKysslgWAFZWWSwLACurLJYFgJVVFssCwMoqi2UBYGWVxbIAsLLKYlkAWFllsSwArKyyWBYAVlZZLAsAK6sslgWAlVUWywLAyiqLZQFgZZXFsgCwsspiWQBYWWWxLACsrLJYFgBWVlksCwArqyyWBYCVVRbLAsDKKotlAWBllcWyALCyymJZAFhZZbEsAKysslgWAFZWWSwLACurLJYFgJVVFssCwMoqi2UBYGWVxbIAsLLKYlkAWFllsSwArKyyWBYAVlZZrNgAcP7nG5qRzJrRuQqZl2FDohaeYD4k1McT9EtCjJ6QH0tweSeYuMkPXj5OuCR9go5NpRfyFOuVSKjzizWdtO4J9rrJytKkY9Ik2O9CW1bENO55099ZAsTj/M8lwXyHaaRh6qvOJ5Hwah+QJkGllafJf2LwFIhJkQFw3mfrmxF7Hk6yGEA+DiAZVQ0yfNPCXE5IbFuQDgYJKoLUeFMHlBBQGbE0DxPjk4WVIABUdY+SRgYOxjANjVkGklBpzI2ZNirh2gWlMQUAU19DAHjXj/vMpllL3k0hbz/a/dQJH0FEhQYAMfwBxEBvIG/PwORlqJzCGH4ZacmyQEkLrwBDQhKB/QH6H2KFgMogqYCSgEBkACi8gChptEYWZMySss3SJGsXBgCR04QCgP+7MQGA/z3K60qlySevY8ibMYWjh+RBCBkDAFt8LIAY7hlu0jJUDkxGCsNnjV4suoyiNnKDTyiPJSQHRG8gPAS0efzGvIBIxkyXpTNMOo3EmN18wgCAiaMAidYQQ6YJAw2t9yEDgDaNCAAjaCQD8iEJgVFgKCMAEOMnrj68Rgy0qptMZ/xqwy8jCYumBP0LEcI03oAhBIxacs6QUiFMsRmDQJzg0BmmYRrv3BNcmiBjduOEAUBgmvQBECqNzpOICwBBaZjfAMwn/w7fM+bEHAhQoBkS40fX4nraiF3jD2r1ecNP1+hlYht6zqDBv2DsZ+q9AQRUeZRmLyDtcQCZMRumcctKJMyNmQmLMnYQciAwDAAC06QDACGNAQCE34YAAPw3n7wM2DvmxHmgkdYkifG/Rl4uNDF+eatvZvgmYAgaEOQ9AlUL7n9mYktacjbcyAvwwuOBQEa6ARGN2Y2T1jiAqTGnnSaDMwEy0GhAEgYATP5hoSECAI/nk38G7H1aDQGl6RHjH0Ve7ncipYzZxPgZWGgMO2g8QC7xCxFiUCDQdQmCIJCgj4SBQHF6AXF5DmGMmS6Lg0KYcYBMDwRGHtWPkibIk3DTGAEgotcgBwC+OJ7APgUEpJZ33qekz18GPnQicMbPJJIav7rVl40FKCshUULySQ8CiSFQAcJFVUAgGACytHIjjBUAqrJKaByguAYCS9NMgNjNSR8ATBxTaAh1ZdLglGEXAgFhhkCwPWL81UhoDnlblTH+VOwoxi+MBWhroJGsRdeAQAkBk/68Iry4vYDSMB2YdhqNMTNpDAEgvy56Qww1qh82jSEA/O8jCBrhAcD8RuVpPiYAGA6cRACk+v3OQZXrrzB+davPGT4VL6L9sy0N9U4YBEwHAqUAAMn3ih9/mDR0WSGN2U3P52mcxhAATN3ShkYpnwo0BIBb7xgAgAcG7nvmpClAibE/0vo3IyFrnAMa46cTqoxf2uqrVgpGUIJ7Q5tzWAgkhHyKEQIxdgOKfRwgRBpjaPA/esM0sY7qS9LEDgD6Ow4EgKHXEAyAqQQAA4ASCwBm1D+4369y+4VZg1Q0+eI/9XhAQhafs272R+J/UEFAGBg0MmTuAhuni+4FlMQ4gHalXrppEpo8ZACImEZtVMUEgKBrIjNOAwAYeQ3cb0bhNQwsorwAHgA4SFDVxPVXjfbLpgyFgqgE4vJh7nNC8VEGAlUrrrhQCS6fTEEgrm5AcY8DlKaZgNDLiA0A4F1XKjAyNCRhxgAQzs9gKjAQAMq6vk4AcJEb5JlbarXfh+m4/qbGrxoEVHUNEpIPMhCkC4Fi9wJCAoDJJ42ugykAjMoxhYYEANI0ypY2BmgE9enTgYamdY40reddwOgAUHgN+QQA1dwgGgDUij+T1l/V7zdcKSgdDwhGQIJ7o2rF/Rf1hWHTRIdAZADIvtCQxuy+ZHogMBQ0ZGliAkC4NCGn9UwBwHzHpRwAzHfl5TGwaGyyG0ADYAqx0f5RR/2N1wsIhh+8WpBtxSnj4S4IE4O+uAEQyJgXEBIAbFi0cYC00miM2U0TZibAFABMmpIEgOyamUJDAwAx3xgAIMtTAQBJXW8kAMAGnwFAImrrb7xeoEw4w5cpQf0izCEguzhsuMowE1SE0ADwwugfriJNsQzqBaQxAEBkaMQMAPn5yQHgXXsDAET2GoIAwJxfUBozAAjQMAfA0wQAuKU/AwAINP54NgYlqCskMyQhPFNeQBrjAGEA4P0wQgAgSprQMwGm0EjwwNakoVr49KBRDABw48QKAPF6xAyAqQQAA/CtY4bE+KsRg9wVt/F7BRgYfxAQ+ME8+iS9f3UtbKYAwKUTvgwNAJiyQg7qhQFAqDRcCx8bAMJ4DRkCAH89TNKU6HLguAHg11UAAN7lZ3JGWv8A41ftDxAl/riFE6VPNjYIFO84gKkx0/mUKACk9VKkSWjyEFo8iMFrKB4AQEI62q6pa7wA8PI0AECqruYAKFOGNtyoxq9K61XB0PzZC6M92Yx6ARlKw3gS8QPAKA0XZgIAY2iEBUDaXkMxAoC5HjEBwI1TXAAok7LYTLT+JisF6becjbMnETMEWPfbxJj9sDAA8MpTpdF5H6A2Zvd9LNDQtfABaYwBIK2XHABhoJEJAIRJYw4Ak3LDAkAGK0MAnP/5evKhzOTw7n9442fy8mpg6AHQPyowIF4aXoApAMzTBBmVrL6KNAoAhIZGzABg8gwAgBYaEQHg1tXEmPm6xgIN6nss1QAAAoBnIgCgDGXJ6bX+ZsuE+WZeOBlDCEQBgPteGGDRAMD/cmVpglpittxSBYAAQyxVAGCue+kFgPv7iBMAzG8yTgBEd//DrRfwKuT/RtiryPyg2BNWnrSkpZWSUmtUVJogAEjyLLUAkBy3ALAAiD4AGLL1160U9H897I+W/VEZnHRAN8AUAF4cAwAIhqgBgP9DlOeh/yHGlyZOADDl0sfTAYD0XLIDAG4dihcAIQYAy1AR0wJAGZUHYGbM0otrlCYTAKB+bDEBwKyumQOAX9f4AMDkGRMAtIZoARAfAJSzBhIAhF0vQF22aABw3xumCTMTEK3boDdEeV0tAH7XAGCuYSkBgNCaQ/EDgH02YMRBPTdOBryGaN0GCwALAPE3agHApaFnGrR9egsACwALgN8fANw0CeqXIr24MQMgE10ACwALgN8cAEIPAoZcA6CDBvXif0nchRXCNADIyBiADAiKNHYMwALg9w8AgFhnAQSZtrLUjyQ8NDIxCxBkVFSahDoPOo1ZXTMHAGW90gCAsTFLz0WeRm1UpQwAQcbsXcCSAABEWAfgpgkLgNRBjf0bt+TCScfkzoe/MYgZAPR1jWbMYdJkYiEQUy593AJA+M2VagCwXkCcG4H09w0URP+YmBOKAgD1AKAfL8iYNWlkdStmAPAegy6NXQlY+gEQYMxCntI82DTR9gKkO61Hp/P+LSP3/HnFY/yadDrDNASAPk1QCymrb4YBYNqa/5YAQBlFaQZAcLnhARB5M1ByO7AcALXLHwa1yh/OGT4tkz598vOOol+dv1okz5rlDgMvigkB+BOhLm7qEOw7+CusKzwUCIC21csKefD9cDpfFQCYH7mkHGDSUK2upPIJKiM/GXvCUmMG/ksHKQCY82F+sGyhK3fsh90HDnn51Kt0BNQlf2xduZK5fHTnMmdjoXAulY88DFrXKue8tq1VgT4jyM0/ABsLDrBlSK6PzMCZ8vnjtGGmPv60tgCqkDq0q1uBjRPwvbjXM0FdEPraLNy0B/KLDjrvO9SvRMo4XDiXoC6A/935Qfl7D8Ivubu9NGkCQHJDEBJ4fdca0LVOOYhDy/MOwlM/74JTm1eEU5tVjCVPWgiXO2dspy6WCIAmlQ+H+3vWir3s35vmb94L3+cUQKua5eDk1tXSzzClHuPmO6+tSb6nta8B/VtUhfqVy6aZazw6763Fzm/mrfM7xJrvSzM3wr1frHJ+gB/8tTP0al41lnxnrNoFQ5+b67wPBQDTOwJhS/3kgHqxXoy7Z+6AXvXLZQQAqNcWF8CMTfuUrf8lHapB7wblM1K2VbBu/TIHLj+2LmnxS9938MGCbfD+/K2xAwB1wvi5sCi3MIMAMOgSpw4YA+C89lXhxGaVYr0QMzcXOS11pgCAed8xfZt/IagLUKv8H+DRPnUyUq7V70O3f7oSHj2tVez5zszJhxEvzS9xAChvCkpeJtMLdSoe8Qd4akBdKH/4H2K9EPsOJQgE9sGgRhViv8iunpizE5btOiC0/qe3qAxntIwXaFa/L81aVwA9mlTJSN73kW7AKe1rxQ4AfiDb+RQVAK4X0JcY6GWdqmfkQiAEyh9uOvIXXsuJ8T9GIECfeAVS3mN962S0XCsrnQqKDsH6XfuhQ/14vN/QAPAHf4MB8AAxliaVjxAK3bHvV9hO/oJG7vFwTWq030Q7ifu+veh/BjGTZ1qBeCeNKh0ujXHHjG2wfe+vXut/QpOKcE5bOdmX7jwAwI/KMheSVdMqR0CFI3zPaO/B/0FOwUF2WFxXc/VhKh4bqWNtts+8Jm8/FB74nyqxNA9ZPDqGMOKv0ebCg7B59wH2bKnMjmkQ7kdeeOBXWLZtn/O3e/+vTmaVyx4GbWv7niJ9Ps6MQW3Ri1y2dS8UOOklp8t9mWFaeqzT4s17xOsqucRVyh0OR9ULd/6LNhVCftEhL08626rlD4eO9UXPNT4AfEoA4IwBJKf52tcsB3cdJx8pf2lBHszI3Qsm8/tda5eDqzubjyB/tmYPfLpmjyYGO/1U4bAy8HDv2tJW/YfcffDyonzvwjxOgIZA4oXG//Cs7cpBQ9n03z296pBrdKSXx5Id++HvM7YIc9vyuWuQl6VbnEP0yVktmXrfMWkjLNiyV5smyiKgimX/AF3qV4CRHWpC53rqbtorc7Y6f6r5+ZlXdjL7zpfshLfnb3MMl89Dtm7AjdO9cSV45U9tmbxyCw7AkBfmC/PkqjUAk6/uAg2rHgkmwinCs15f6NVNWGxE1RWnEr+5uis0qmaWN+qPE+bB9NV50inA3i2qwSdXHCOkmU4AMCwTALi8Uw2nC8ALW/+bp25hjV21yi8V5dE+tY29gCQACqXHEpIP+HLxUVXg+PryEeXbp291vBU8/teOchA98/NOmLN5n59tgPFj2L3HswBYTADwj+lbFOkMABCwAAilAoAuTbq3BO/TtDLc2a8BgYL4/WkBQN7MvEoPgLkbC2HUpHXOPL/JMmAerjIAPDp5Hbwxewv4tinWy782ACM61YZHhrUAEzEAkC024kbae5J+/nsXm0EQlUkASGDFAuBcAgDyZjJ+qk3cjdGD5FN/H63c7fw5CSX7A5jw1OfTW1aC01uYDbx9qgGA1OsiJ4St+iPEC5Dpk9WFTn1vP7Yms/jHFQLtpqlbQrX+6QDApPU3B8AGAoB9xgAwKkeobwJa1SgHzwxrJkBABQDXcHUA+HzpThg1cZ35KkDuXFAyAPQcOxd2F/3Kgo7OkwNAFdIwTb76GKc7ESQXAIGrAKmwV845Ck5qXzMwb9RwAoAZmQCAvK5qAIxoUwVGtJb3jbD1xxZVt0uQDkdVJP30ZwaaTb05AFht4gGwHa9rOleHLrVFdwsHG19emAd/6yIfzMTuzPcb9vj5y4xfEi4AYHuqCxCD+69qUT89m52aMgVA0LJhJg3Xyro/9j91rAl/68k2CjwA+DQqALjGz16XAABI6soD4ONFO+CuL1eH2geAuvuEpnDhscFrXaIAoFHVcvDtNcc4YwJBygQANHUVAQA4CEj+GTO4vrMASChs416Y8MsuYdeeCQT+2qEqHG+w+AYB8MlqlQeQEINSr22rlYVbu9eQJsNWXtb333fof3DTlC3OAJ6Xl0Hrj8oYADSGHBYAcT8a/J2z2ziDhK4cAMzeqkwjA8CK7fvgvP8s15ZDh+muJQ+AkW8shiVb9og/dsk1oa91wypHwpRrROPiFQYA9LW/eVBTuHlgk8D84weAZu+ACIB1A3AzUP/GFeHyzvLW8uGftsPSnfuTH4RNQsmsVA/+bFv9SLhNYaC0sPVXAoBSgnuDL5i/zM1XCbsGH64o8LPRGj8bHgUA6bj/WgAYuP9+/mJZemD5F+Ba4gGM7Oi7s1EAcNVHq2DOhsJAAAQNAKJoAMxevxsufGep/MdOl6PY1PPW+UcFzggYA0BS7qybj4VG1fTL6eMEQODmIR4A53yyzlkJyI9uu1pXcBDumbFVuX8fFw3tPfQ/kEEgFRVG9awNjSvrXSEVABKKANo4cXkvLvM11c1TNjvdGeEiBbT++HKfFACblcZUp8LhUKvi4ZyFAvMl+0mFk3N+uA8NasjUHwHwy5Z9UuPAqbwhLaowYUzuieS028qdRTBv015pnb3Yqfdd6lWEp09t5uUUFgBzcwvhyg9XactxP7epXc7ZFFS/igh0N06DqmXhjKOSQLrnqxz4cOE2JQBwOhGnBlUAOKFNDXhuZBvt7yUIALquBy78ef8S/YBgiQOgWdUjJj/UT94XepG4/tM37FXexKNPwwqOkWM3QQWBPg2DDfQTlQeQUH1kv1DVVJ9w4VLdGbaFYS+iNAyiAeDP7as5f3FKB4BOdSvAY0MaGeWzpfAgjPtpC0xfu5vzWKhWmfy1rlEOXh7hD0QqAZB6wwMA9wBMXZ2v7a60qVUebunfCLo1NF+tWUgMu+fYn9UtM9Eb57SH83Gjj3/I/Wa9NFNJN0A3JagFQJDnQf579dwOcLJmQFAFAGc2pmUwAELsBJQD4MouNSb3aywuXsCW/cbJyb6y6iYeD6RG4e+dsU05RYgaN6iediWeA4BVLAAS0piiy4sa0lS92IfWvcSbQa9G6forwl0X777edTkAFMGo6VuodGz9igMAdN2PrlMeHj+xcaj8zn13JWwqPCB3y1P/TLvM3yRDA0CWhgYAehuDJiyUXh83Tdva5eHFEa2hksGIPK3xP+Q6fyoAHNu4CgFAO7jz89XOZh/6e6HTXNe3kfOnkhQAun42V05j0gWYeE1X5YCgAACqNQ8GQKiNQPh56n4aAPdM23zqnT1rf0qvbnP19ZpCeHNJHvDz++77djWOhDtTi4bu+2GbY1gqCJzTrgoMaaJeIYUA+HjV7lRa0fSxj59ctSdX+cP+AE/01y/3xXEMHM/QGX+/RhVh6vo9IDN+5zxLCwA275P2/6MA4PWft8Fr5E8FABwAfPds301GALw8ewtTtgoA09bkwy1f5KTiyt3wzy7uEGlb8EkTFsDG/P1ywyR69o+tYXDr6s4a/wveXiItGz/i4p25pK+uEg0A2SIg7OOvzyvSjj3ggOAt5E8mHwCs+x8EgKHj54LgpSoAkNoHIALgq9W7bzipeaXRsord+N1m2LbvkPLBnrhfALsAToWIa41Ta85hOmLqM84u4Hp8lT5e5QJArmu7VIeXF+anxhv4E06e7fBWuOGnsjKPZ+bugNlbihjjp/NA48d6vr88X3D93YB7CQCOkgFA2r8FOOs3AIB7J61PdgMUAMBFQQ8N8UezwwBg9PRc+Pf8bYrrk4DT2tWAUUOaQljh1N/dX67x8uENE136iVd09uIPem5eEhaUYdKt42OntXIWB8mEAPjz6wuUA4A3DmwCMwnoZq7JYwDAD3DOvrWHdEAQATB9VR7QhuumiQUArLdiBgBcITd6zg7vMw+BCmX/AM+fUJ9Jc9WkzbDv4P+4NF5RcN0x1eEYxQ1GggCAC3rQA3Dj0IbvfkbjfaJ/XWl6HPS7acpmpfHjR5wGnUZafxoAtPEnxwAIAGqZA2Ag8XoGNlVDifq6+EBHdSoeQf5Y11EFAPxR4xhAGAB8vSIfHvl+o5CPf+4Ad/ZvCKe08SEWBgDO6D/eCUgBgCeHtYABLcLvkLvk3WWkZd+tdP/vHNwE/tLNH9d6Y/ZmeHDiWuUcefu6FeHTS+WDdSYA+HOXutDzqVnMoCAPgOObV4UPLu0s5J8pAMi8FQkACggAKgsAeGDmNli6Yz/T6ach8MfWVcgf+8N+e2k+fJ2zR9gr5IIAuwxoyDKZAAA3KF1NIONeXv+EfV16dDXPK6GFA3/fb9irNP5u9crDjd1rwgfLC+C9Zfl+LHqABRQA+H6L1PilU3/ScNGQ3c/nHl0Dzu3ITqPeMXEDzN/Crp9307Uk1/jK7gpPi6rDvM17YQZp9Vfs2MfVm239Kx1xGPz3nNbMakAeAHyaHykAnPHGEti0+4DyPKde2QkqlQ3X98d1/ye++AtTX94wZ13fjVnlhxt6uj01W5vmMwIABAEvEwDcNKAJPDV5HTw5ea1mjUMCXjsfBwTZvTYZAYCirkYA2E7c/usnbQL6JiGuXAiMHlhPWDSErSxOsbkWL+uNP0laaNloPQLAXWos0x24pLdGWWd1H3Y3JGuDnJNsUuUI+OfxrCuH3YYrv9mkNH7U3b1qO3379wkA3icAUBkrjgGkBQDDuX83LCwAZHVQlqVolWljRte/D+fBuABQpaEB4N4GzC2LTzPnuuCFOLxw6u+jhduZfOjva3jHWvDQUHGd/x04GPjLNiUAziRdgMckNwTRAQDP56YUAHYXHYIh43+GdbuKxOuS+hJwIHD2rccxA4I6APQmAPg0FAC0MwBmAPjXojz4ao1rjCIEupPW8oZu8pacXzTEJYUTm1WEc9uJLh+2/joA3H5sLeJBlPU2JXnnRkdKXQkcmERvw9WHK3bDB87CH7nxtyOGf0+vJDQYAEgM+H4JAO7/fjOTbzqtv/slumE6AERZ/MOfvw4Ad/ZrCCe3EccvQgNAU05YAODU34kTfoGCol+ZfOjr+8FFHaFdHdELxMHA899aogQA1m0+6afz+wNkAKAG1TwAoL5eugMuTk07qhY5Xd67EfxzmD+tqgZAggCgujEADKYARQB8SQBwMgUAnPK7jrT+ztQfd2df15Lv7llbumgINXdLETw9dwcbSE0H4MKhJ53RenbWgd5sJNMdPZIAQDnr+De6i1hEV6Br3XJwfVcfUFd8i+fzqzDV577cRFx/7AKg3ne7ALTxUBf0/t51CAD8cYxQAAhp/CgZAG6fiNOA8QGAN0q8GSiu/uuiuHmFFgDk9cerMweAN+dugUcnr5eO5mPgsU2qwOtnt1OmP+OVBbB4yx4mjW/UAPee2Awu7sGObQkA4FpZGgCoka/8Aj+syffrJjHMydd2c+4SjJIBwE0TPwASBAAnD8CPSQCsIgBo4QMAB8Gem7dTvtw39a491QIK9wIgWpLyAKQTciTBZZJ+ug4AWPk7KQCs230Q7p2+VRrPffNUqouC/f4Xf9mpmOcHqF3hMBgzyP/CHQAszWPz9OInUh6ACABT42fDMw+AKK0/9slx4K+PYvCSBoBszUAmAYBTf7kF+5WDeQ2qHunMAPDjKW4F1+cXwca8/aJxpOqG+/in/a0rU6YDgNcWqFpUAQAbSP6Dx82Bgn3+LdZ5w8QVfh+mBgRdAMi6DHoAzDFfA+Af1wPguom5sG1f0r3SQUAcF/AD+Tg8CJx+em92oMpZn6/yAEjNebfe7WqwXQD/Be9pcHmn6t5UJh2HNsUrOtcAehEUuv/sIKBv/HgBR/URAXDftM1UfJmh++FhjB9fziPGjxCghQDAW3fr0qXr/uPLXZouwEv/t0WaRgcAWTlhADB7w264+J1l8tY/dSK0McuvTXCaF/7UFoa09a/5j2vz4azXFhoDAIWDgU9MWkvlKxrm2JFt4ayu9eCMF3EdwC7O/U9+iAMAdHdFCwDc2/7PGan+taT/LrvzDwjHuThcPPctb9D0Bh2Z+Pho/A/9tJ22ZsawUThOMXr2DuYg7djjQ0+eHsy6ey4AeON3L7ApANz0HWqXg461yzFhtFiAJYQwnNfHP1pxAkC3+g/vEPTqma2YnYCoMAAYPGEhFOw/xNXPTxNmEdD1H6+E71bmGRuzbAuwSZqeTavCv//ir3wMBAAx/psku/56PDkL1u8qUs7N40Dg3Nt7wgVvLMwcAIRBQQ0Anvt5h7MKTvfgTpnLbwwCKrhvQ/bGo9j6f8QBgDaEuzgAoNALQGjxKYRhAa7Vd+Oc2bYqnNmGXT6MAPjvsnwhjZunCgAyo0OddVR18hfvQqDbvk12AZJFsueMRtuy+pFMPWSbjFbsKHKW6eoAgGGntKkOd/VnNyMxAJCA5qer/bnuqz5cBbM3sms36LJu7tcIzu0iX4BDC6f+TprwizQfpqWjj4cAAJ9m+nXdvP0BKgC4aVQAwMVBI16er52bv6J3I1iQW6gGQAsCgCtDAkAGOBUAviAAOIUAYNveQ3Dtt7nJRAFP7zVp6dl47EH33VPUVCKO1Os8gLt6igBw+/f8l+wHMC9AGzIufX6GtP78Emhs/d9bmi9Ng4Gj+ooAuBc9AIXrfzYxfoRAnNIBoFO9CvCE4UKg9xfthFfnbkuCQAEAzHf65R2ZdC/PTo0BKNLQABj9fS68PX8rU0d6cKxBlbKOFxCkx6ash3/N4RYfcav5VO6/tOyANJccVx/uPbG5854BgGSaTQUA1MVvLYIvF28X0ohlizMA+LaPIQAMZwBACQD84f+X/PBla/6Tn1VdAj9UBQI2rh9hBLWYyJ+qk+tuCQBQQh+fvohcAA0IWeuPcq+Dm46fMuQBsMjtAigG/s7uUD1jAJC5/p3rlocnTgq+CYUr7Epc9/kaqSG7eT97WnNmRiAMAKbiXgCSv3pxDGkFe9aDK46rr6yjO/W3e/+vgS05cz04AIRJg+45egE4JYgA+PNrC9k0hgDYkFcEg8fOgbyiQ8EAkBhzsQHg4s/X+/v63cQGEPCDxRZed/vw5P6Aw50FRShs/fUAqC0FAHoBL8zf6f4q6BeQGb4bOvaE+k75vJIAyGPTUT+6v/etJwJg6iY/GnfxSzsAUI9M2whfLs/jzsEcAEwa8v9P17DLXU9/Y7FzA1D3GvIAwLDT29eEW/s3ku4IdKf++DRx9/+Tr/55P3lGKzizc520AIB64ru18PikHE3Z4gIgEwCcMm4Od46BMwD4OvXAszQAVhbcUOGIMqPHpebuVQN95t4Al54NEoSj8Dhij8aPy3BV0q09uPzrXNhzkN4kpDZ8VH9S3pXHyBcyuQCQGT9KAMA29AA2URfcb/1RZxEAnJ0BAMzf7N9CPV0AzCN5Xf9ZjtT4UTIAvDR7s9xrkABgwqzN8MJP7kApCwDeKLs3rAyUYw9LnXv9H5JCI67+v1cXLg3e3/+LyzvrAUA+3zSwqRYAznk98ROs31mkqG/mAMDNAIgAeHvRzkuX7zgwYdGOIi8zHgIj21WFkW2jPdIIjRrn1mUDgSg0ajTudACQLCPf+6wyfPfA2CENpK0/CgHw7pI8JiFtEP/opwEAZ/wsFEQoyR/5zaUn/3xxXmumjjQA+JF/vJ9/WACg+r+0KGMAwDGGc/+9DDYW7A80ZFn5Omigi/7Tdey8vamwS9Hv2bmQ783Xi9D4z4XJ8QkGABxETADww5o8GD5hvp8HU06GACC6/yIARn6wBj9MLsP5+3T//tWhjUB2vwAT0fsKeLkhD/WrC7M379MDoJcaANh1uW7iJu8mn95F4b9NIjRevK+fStj/d7oAEuNHyQBwLwEAb/xe+QrjT36WAEAyqv7leewtq279Zj01CMimVQFgz4H/ObcBUz3wIxwAtlDTgMAYP36edY244w2fBXDZBytCA0DVZXCD/9KtLtwxKDzwXN326Up4b757sxARACM714aRXeokAZCQu9gmAEBd+GZyQNAEAO454jTgZ4YAUHo4JgBIBoj+/sCmleCqY8zub67S8/N2OisMyyjcAFyIU9vZh68GwD0aAKDcNfzUdRQsDj/dx+3n5+UAYEke44bS2fydAKADD4Cpm+I3fiq9CgCytDgL8KQEADjYd8MXOTD5kqOk592PAEBaX/I69vTmcEyaAEDhk4Du/9ZfHBOl9afD8CPu+W9QJfzNRFzhPQL6jvWfsisr58nhreGmj1akDQAcEBz4zBzicRxUAoD/bAKAEAOAIgDOfH9N6vHgSfEQeHxgfWhaNfoFRuHjs/75w1bpMYQCehd4Mw5/AxIrPEH+bry80NO4duIm+qr66VOvR9UsRwCgf04BAuDdJbuYsul8/tG3nrO4xxUC4J6pbLm88Qv5cD80P408vQwAzEIgKm1pBgAKIXDfNykIpAEAfI93+xk7PP3HeZ/7r0XOI7z578otu2ezqsnjCXkf+2ZDAKAen7QWHp+4xkkf5P7HDYDU704EAID/aDBXCAL8od/fR36DjbDCDUbb9x5SHkcI8C48rSAAoJ5PLWTyzp97c1XXmtC/sf7Bjej+u2MAMgP9R7/6cgCENH46XGf8KB0A+LSd6xIAnBwBABMWSY0fw549vYUUADLjR+kAgMIbhNxPIOCOCUR1//GWX4Napb/I6tvlO+FyvLW48L1IXGqJgYUBAKrrYz9KVwj6ZccIALb1R7EAGIEeAFAeAAWBv3WrBf2bmN+lVSd3k5FKqhlD92TuMwCA4wV8mysYPr7UrnA4PDukQWA9XQCoWmcpAKbkUvHcNOFdfzoPOv1X58sBIEv7WwCAq08X74DnftzkrPIL6/7jpp9vLzd//l6Q+o6d42zi4cviV+5BDADAAUFc/x8EAHzfJyoA5O4/igXA07O2nl2v0hH/pjN3IfCndnK6opv83jJ3xxw75adqZbF1/3K1ersvU7iwpA8IiCoqR+5poQewTeJpYL+fHrxTCVf2LdxWpDyOYyIIE1dY1nc5u5kv0ZVwFnwfn4vIYcC7DOd3Ysdgvl2VD5sLD7FxU//guv0TW4kzNgiA6z/PgSl/lQPg1bnsaj1aQ9tUh3rU4+J/zt0Dc3ILmROhoXtZj3Be4/Jt++D/NuxOPRqcroPci0Id27iy8yfTsWNmO/cL4KFRudzhzi3AZc8DxB1/ON0XNIPEnysK7/3fq1m4WbIXZ2yAPG4BW4L7EeG7ptXLwTndxUVSPAAMBwBRLAA+X5l/w9CWVaQ3BVXpmm82ekbGrwY0bWmtildBAPi96MMF2+GOz1c572Wu/GOntYQRRwfvPYhDXy3ZLtz+Ky65AAg5AIhKDwBT1xXCOLxZqGa57/296zF3zbEqeWULAIa/ugCWMDMkbMvYvk4F5c0/4xauAKxKvI7Ljm+YfmacwgEgQTsw6QFg1PebneWvZaRLBJPq0aAC3NKjeChrZaZsAEDQ/f/dA29d0AGOaxL8EJl0hQB4cfoGmH3bcUZPCQ6jIABIVgC64gCwggCglRkAcvIPwK3f5TJhzD5B6u24ExsyfWWrkpW76WfqX4N33mVKp766CK7oWR9Oax/8sNgoCnoCkHtghOLmn3HL2QMwMce56cczI9umnyElAQBm7j+KBcBnBADDDAEwbs52mLw2+fgu6YNAKQL8qX01+FO7aMuHreJXaQBA16eTz/FrULksnHtMHRjUspr0IaBRhAOI3UfP9j4H7f7D237pngcYh1wAYJkfXdYZjm8e330hEAAnP4uDgKH6/ygWAGN+2nJ2vUpl/VkAtWcP7yzJU97znxfeT554Fhm9wHKJw9iykW1tyoQ0VHFcPdovP6bMVVnPhKQ+2lmHBBePaPPuA86Ov4u71lHONqjLFacpTcrkz/eFHzcJRokwQAjgiH7Q6L9uRH7Jlj0wcfku5rAOAEPa1Eg9AyB8WdLzp6csUyH4uK8fViefFtSxXkU4pUMt5fWWzQDw148uY+3OInhzVq57lsYAwJWAB8dRABj+7ir8kFwHUEa855+4eld9z38VDJLxpS6DuVQ/UtUB1YVWHKQveNCXn9AYrXKhDxWQqfUCoAoD3xjCplWmS8iviekS3vTSRbj5B5Uu0o7BoPLddEGDciDGkYUlVGno71RXlrz1FwFwBgEAvRBIMPAIIKAOB6qMIQV0hs7E0xm9JIKUtLI4nMHKysqo8UvykBmwLN+wxm+UtpQCIFPQoMNUZflh4QAQKo0CAOoFS0EAeId4AGVwNyCnkCCQHpNHi0061z4REFHuYrFxVa2+LEtj4+fyCzJ+L53JUmOTFlxVfpa0/ibpTFb/6ettcGMO6guJAoAI8//uYRYAp7+zkngAZSYbt/SaMQJTGKjEQ8K07+7FN0hsYvheuEGrnwwrXuOn65Qp11+b9jcMgEy6/25YcJ3DASC0+8+ECdAgADhlAL7zAADu/QC80DRBwKXhksQmwRaDjJ6+6Io06bb6srzDGD99LMFF1Blw8sWwBefrnOHWnw4PDQDKeIqj9TcFQFzuvxtmBA0DAGjm//UAcCPRINC18rLbfQUaeJz9gAD3IKH4YGL41KVVFqU1/oBuRKzGrwhPML+mcK2/Nu1vuPUPTCeDTcjWPxgA6bv/bliI9f90PiwATvtPygPgtgKDFyOkuy9fF5RxJTQBKqNnj7kv+lY/GRbC+BWtsy6vIONnDiugYOr6y+pWalr/CIZcHK2/vt6KRTn0cfraGwJArHOk/j+GTD0kA4AbSQcC7i0VGAwDbfqQShgEsh5AZg3fyyYu46cCTI2fzUNt/Kr0urR0+O+29TcAQNyj/8p0Ed1/vs4KaOgB4BzgH/AhIYDSkE36/elSIGEQpDN6+gswMHwAANP+vhcWo/FL8zFovek8SmLgjw4vjQDISOsfkC4yNIIAYOb+iwA49d8r8APpAkhu2qlb7mvq6iv6/VEZILPPB/qzN+koDVq9az/cNnG9czNOE+Mf0rIq3Nq7XonVF/f4b9p9AJZv3wdtapWHoW3jvZW5TvjQT9Ssdbvh/9bvdlYFXn186dlS/mNOPtz4wXLo2bwqdKhX0Xmsd+Nq5ZwnCWdCpz4317lXwKkda8PRDSpB1fKHOzcGiUM/ry/I69qkqpMZAwAnQGWsAev+I/X7owwIKprnBwY0KHUAQM3cUAh/n8JunpIZf4saR8LzpzYr6epalRIVFB2KffegKwEAw95ewdwU1DmgMc5AGHg5Kz/GrtIKANS3qwvgyR9SD8VQGP+TJzZxHuppZZVpSQEAkpuCJj+HA4F3LAQBTOCQCDj+YCkGAAoh8MSMTf75WOO3KiEJABiKHkDQIKCBux56I5AYSa4A68dhjQcHNoCOtctn+tqlpednb4UPl+zyjB+N/s0RLa3xWxWrRAC8tXwAsd7JXgAlqbufJgwyod8CAFBPzNgM36zKd4we793forq9bZpV8UoOAGo7sHeAU1QY6NKnK7c1fWiQHAB3T86FBVv3UfETyjyYMMlB3boBN1olYtiPDWmsNezn/m8rnNSyquP+q/TY9Fz4akW+V55yrp+pjzpu0HqB+pXLwjENK0L/ZlWhX3P1PRx0D/n0L0+4ab8GVY50nuwzqHU1GNyquvYpP8/O2Ahjv9+gPI90pwx7Na0C71x0NOj07s9bnNt6L9y0BxbinZHTmPv/9Mqu0LuF+iYh+OyATxdshc8WbnP2/6/dsVddVsD0X7/WNWDi9T1EAJxCAMB3AaLs+Q8Dg7ilAsBd321kAMBeFC5ME0H2Y1blVbfSETB+WFOoGPFZiq/P2w6v/7xNWl6Q8dPHQi8WSr1pXasc3DeoMXkVr+eLBAAvagBgYvxBaS/oVheu6d1QeuvuZ6cTAEzfEFBm9PUC+ASgdxUA+HrJDrjvi9WwLm9fbIt/VADAWYDbP1qeuuGHYVmRAfDmcmc7sBdAK2B3n7bfX4xAMAWAaWsvHnNfEvq8UoEtSev++JDwg3tfr8yHR7/P9cpUladdrUfHjbJYiPxfiRjf40ObQdcG7ENhXADoDJi/blEW/bQj3+Xr57QXIFBSALjxw+XwztwtTDo/L3ZzUJiVf59JAIBexdmvzod1O/dFWP2nXjDUvxUBwA0SAJz85rLkdmAvJMQmIPFwoOICA/2lPjyoIXSsIwLgzkkKD4DNSH1cYviKJMKPDCHwRIgR/sjGz8UP2iQkzSMhhqHxvXlWG6d74OpFpwuwiYVHiNZfAI/GGAe1ru48+ouWC4BMrRbs1ZQA4GIWAE9NXufc20+4bmm2/jIAYMs/dPxc+GXjbqBb8nRb/0AAgOLpwOnu+S8uJ8AEAMZGT30Ia/h8nOMbV4JRA4PvCT9j3W64d9IGr2yV8SNMCt2n51B1Tdf46XA632Htq8P9g/1HXvEA0Bk/ff2iLvl9g3gB9NN/ihsA+Kiw456aFfPaf//zZ1exAHjkmzXw0NerQWfIsQPgpH8tExcCRdgEpIwTnCyUZEb4yGA5AO6gPQDFKsKE8MbM8JPhqlbaD8THdN3auz6otGpnEdz45TooPPCr1vhb1jwSLj6mDtz97bpQxk8f03oPktYbvYDvLvMNwgHAj5vEPL006nqZDxr6NR/esRY8PLSFFxcB8ExqEDATm36wC/BfCgAmrn/U1p8HALb+HR+cAXnOE7fCAcBkvwCOAUxSAQBUC4HCLveV7SeAzEsNgA2wYEtQF8B9kXgFIQ2fyZs6oIKAifFjWKWyh8G7Z7WGFTuK4LrPc7yC+PjoruOzAZlz4Vp7XO+Pf7zrz18TN48X/tgKujZMjgVg/9/xAAC0rX/YgT+VAeFtuydd6T9odOx0fxagOADQ/qGZkJ96fl+mAfD5om1w7qu/JDcMyXfxRW79jQHgKta1/7rVhEFpKSU0xxAARwcAQGb0X5zXGtIRbvS55Zt1xJD3Sw2fNorb+tRnHtrpGb/n0quN/+lhzaBVjXIwb9OeJAAUsLikWx3nL0gInP/M3w4T/m+z2iNI5Xtzv4ZwTufkU55cAKiMad4NXY2u23cr82DcDxth6Za9QteMN+Klt/fwDrsAUBnx2zE+8Qfd/x5PzmLO069XsrxT2teCB05tCY2qpb8K1cT9f2x4W7imv/lTiGWaSwDQjQbAiW8sJV2AMpNlkZVTfhoCRGrxg/oEiYT28CMnNFIC4BfXA5C4+F+e1wbSFULgZoTADvaJwkL/muj2Pg0cCGCayz5eDZt3H2SO8y0mbfwoBwCf5ci7CeT1ku5mAHD1zi/b4anvN0qN38378uPqweU9krsUEQDPu10AietvCgBXZ76+CJZs3esVJmvBl91xnBd/rNMFWC+UmwkAzMzJhzNf/sU/VwkAVtzbO7ZNO1e/sxjenLUJVAA49eg68J9LzB67rpMUABCwGzB5TBFuQIBMdwOUAJiYBIDMvUfFAQAUGvQVn66BLYUHhTEF3qCuOa4ufL0iH1YSYGhH+onuJK3vya39QSIEwLWfrRHTpAz3r93rhgIAqse4+UwefN40AHAR0As0ADjXf96N4QDw0cLtcNeXaxjjp8tWAkDhdr99PgFA0+IDwJYH+8dSFmrY+Lnw/aqdytb/b/2awKN/TP/xYgIAhry+NNRuwORxzbHiJgC5Oo8OkQPgdgcAe9no1AX+6vx4AIBaTboBN32td+npOgdN893ZnzV+FA0A2UKfsADArsCgCQsFWNEu/hU96jsQQLkAUI36xwEAvv/OAmADPDNtg7LbkAkA6Pr+twxuBrcObhpLeXd8vBzGT1unBAA+Zfjrv3WHoxtWjlhCUnPXEQA05QAAikHAZFg8a/9NHwASVnh5cPmtDgCqHkScAEDhWMBNX61NDuq59WOaNr/OsuPuj+3anvVgZMeaQv4IgL99uobJj87rkm51CQTMAfCPSevhs6U7tQN3fz+hKZyaepjnC04XIFc5bjD/xm7GZeOz/EaQLsDGvCLB+JPvE3BCm+owboT/HQkA4MDx7wviAwCOyrd7cGbg4F/j6uVgaPuaUKX84dCxfnKwdEFuITQh4XisKhWu08PfrIGHv14VOPffr2V16Nu6ujewN39DgXPzkH6tkzcM6dywilOmSgIATkAPwGQQsITX/eukAsBt34oeAK109gagvr2wnRAXH8KJEAjd6qfinNKmGtzRT752gAGAJD/0AIIAgM8IXLZ9nzMIOGdjYeCo/YtntoZuqVkAGgCycQMTAOQWHHAe4z3uh1zYmL9f2/qPP7MNDG7t3wkHBwCfdvcCaLoNQphm5J8O++8lnaBXM3+g9gTili/KLaTyij7yP7RDbRjWoRac010+Jbwgdzcc/8RPXN2jjf43rVkOTu9UFy7s2RA6cR6DCIDXlih3AzphMa79jxsM7ok/jgCoawaAhMIdCGP47qeJEgCg+FV9yZf0jB/lAcCgC8HWX2IEdDiXD53H1Cs6OUuDUTgD8PzMTdpBQ6EOkrqpjcf/fno0qQL/Orc9c/4qAEQyfq/+fjgPgAkzN8J9n6+i8kt/6g+9gkfOaEOAUEv4fjs8MMNZAmxUXiosaMrwjM514ZULjva8AjkADHYDUocl4SW3EQilA8D8zXuU6bRGL4nA93knXiQHAMqBwLRcYQBSZaxd6ld0Rvx1cgDwyZrIxi8N5/Kh47atXR7ePsc/R+z/P/fjJrpA6bgBfcphVu0l3yegfd0KxPiPEvYC4CIgZyGQJq1xuZKw9zgAYDfghHFziVEWgdYYAYyMn043/uyj4FzOG/h84TY4+5X5sc39u4eqlTscJt14HHRuVFkEwGACANVuQC+SREE2X5xQUAHg1m/WawcBmXBNBN7w3a990kXtQSf0Ar5akSdkmxCsEeCLv7SDimUP0+aHALjmk9XScwna4MOfR5Dxo27u1wjO7VLb+4xTgO40YFDXQZYvD1dZCz7i6Npw1wlNpbsBdQCIbPxUOA8A1CLSgIyYMB/yiw7GCgB8//bFnUi3oDZT3h0fLYdnp67TpgsLADzQtEZ5mHt3H1i1bQ8BQDUKAK8uUe8GdALjf/hnOnCQufCPn9gYOpFWgxcCAPvkyrzYjNXHJW48SgcAXN9/z8T1QtYy48e3p7Su5oz86/Sz4wGsZvLk80ur5aci4hqEzy/u4Ln/KA8AYY3fK9cvVGbAuPIP+/3t6ojfJcoBwLT1WuMXyjZs/VEyAKAWbSqE695f5uzUi8v4UdgdWHh3b6E8nA249cNlsRm/G3bfqa3htKNrswAY9Opis92AzoFwD/8sLifAFACCieuMnvqgcuO/u1gOAFzld8MXa52Rbj8rueG7b/D4nzvWhGt7qfcNuADItPFj+ISR/uCfKwcAMzcFeg+m/X4mPZXokWEt4Y9Hi31kEwCENX76+qgA4Ar3BbwwYwMs3FQYCwCcmQv0AjrWFspat6sIHvxyFXyyYGtyOXIMAGhaszy8d/kxIgBAsRuQe8sqpgd/mkJCtxjwiZPkALiF9wC4TDrXq5C6lHRB9FuuUO7jU6c0FcpE47/+c24qUGX8EsDc1b+RMxgoE9673+0CRDF+Op2q5caW/6nTWgjGj+IBEKXfT9dJZcBVyh0GH19ytOMR0EIAPD1tvTJt+7oVvZV5fJ3k7j87IPiPoS3hqHoVIUgb8oocA52xOk/4XeJo/oKNhc5xEwDceVJzuPPEFtryFmzcDfPJ31ruHgGoqSt2wvz1OBV4UGv87pX/8MpuW4Z3qecs7HBMb+Ari4WFQMmDIR8A4kQomc1ASgB8vU7ZBcALohrFjypcEXjWOys84w9q9Zk44P+o7x4gh4ALgEwYP96K65wudeD09jUYt58WAuC5mblMHjLvgc6XrYe+706H4xoA7A7QcgGgGvj7z186xrYOIF3h7bzu/GSFM7Cn6zZc3bcJPDI8/fUo//ppI9z03lLI23tQC4Cn/3zU2usGNW+GnzwAgG4hULrr/ouhH/CkIQD4ll43ih9WaPzXf5HDLvGVORAaw6fTvDayFbSqyW4yQQBc/ckqJVDqVT6CuYEHSMpzy+rWKNnC41OAcLRfSCeRCwCV97Dg5u6BeSzduhc+XLAdXp+tflaCm+fcm49lBgN5APBp37mw9ADAVbP7pjkLddxKZgoAqE9+2QpnvjBXAYBkl+GZs3gAvLzYGwSkVWwbgWLQkyc3kQLgZhoAgjEmAkfxTSUYv6rnQN70bVYZ5hJD9rwEifG7G4HGnd6CgYADgI9XsdGpNJcdWw8uPbZuxq4zAmD8D9R96rh+/8JbggHgCpcB3/4ZdS4SqDw3sq3jCbhCAIyZ6nYBRM+hNAKg7+hZzspA6ZgBeb3rpBakG9AijRJ8TSPdgUFjZnmFyMYMXr+o88YLezVqhCGOvQ54eZEwCMjLeCOQIo8MbwWAp1QA+MoHgGxDUFwAwNH+79cW+BUC7m3qzcnErb+rf0OYTuLe8fU64UR4rwBd8fEUBGgACN4E+f/SHvUIBIoHALJ+fxgAoILu8Xdd30bOnysVANy3/7mwA/RsWtWo7OIQzhr0Gc0ZJLAAeJS0/lf3S2+Lr6u//msBvP7jRrY8DgBz7urNDgIiAIAfBPSOigqc/1cmzMAVTl1RBwD1RADgklzlGEBCPYofRo9M2whf4ly/ptXHr6Jvsyrw0BD/i/5yeR48OGVDYJegVa1yDgTQI3ABQLt1fhkAl2UYAM/NTHUBFIN+YQGQm78fBj43TzloyAPg6WluF0DebUAPIE4AuIN9Usl7eZ6w7//W7E3sCD6wxo/64Zbj4OgGyeW6OICYvCOQSlwzlvqQs3MfvDFzI0whHoBbiMz4uzSuAi9fcDQLgP4vLdIPAnox5Qo1/x8zBdzL8dTJTb0RfVo0AGSzCF0kaWRfqHzFYMJx41duL5Knp36YrUkLPvbU5sJCH4TAA5PXK8tyDQJv0T3+jBawgpR11cerpMaPKg4AjJ/ptjBsfbE+i245NnSe3UfPhoKiX6XnIwPAmKms50SXfxQ1C6Bc9MON/Hsv5J8O9Ss6MwGunpi0Fh6blMPmB5QRU3nIwnWDf/japEZ5WHSPvw7g5HGz4fsVu7SDeGGn/uh0o3AdQKc6IgBAMwiYjBju8b/FvTJYCYAv18I8mQfAG5lEKqOX5cF85Fp0lfG7Qi/gi2W7RMPnyjimQSXHuK/6aJV8hJ0IxwAu6xEdAJsKDsB3q/KgCul6nHaUuBsRW//xM3Olxo+KAoAL3loCP60rEFp/zPy6fo21ADBaaag1RLYr06tZNfjg0k5eFmEAENb4UXz//+RnZ8O0lbsU9U/P+FE5Dw2EHYUHWAD0e2mhPwZAyXjPf0hjjwMOvHGOPiUAAJIBQJN8hfhSKLBv6LzRbf/vOW2cV50enLwBPl+2S1mW+4XiiP2y7Xulxo8f0PgvS928gxbeAxB34dFatm0f7N5/yEk3e0MhbCzYn4xDPl/Zqz5c2VNckOQA4Ad2GtCrM/l/0a1yALR7dJazsYe+w68rBMCP6/KFHzFKBMB6agxALF9tBMAYIp1eB4DHCQAeRwAYGj/9XZm0/jOJ+0/fUSiTAMDW/37yN3ddPgeACQuppcBy64zU7y9GL0ALgE17lQbvX0hJuElrT33gy6h4xGHw7GnNhak8lW7/OgemrSlQDiJKl9Ry5eOde2QA4O/l59U3IZaDCgKAyvgWawDwxjntnB1+vM5/azH8tLZA2npfbwAAnfGz56Zv/THs+OZVCQD8226FBYCp8ePOvC+v6eb1/V15AAgwfqMyqbQX9mwEr16YBJscAPRmIG/9T7RHg/vZpPFEYJUUxjp6qBwANzoAYHcD6lYU6oyeCdJ0IZzR+7LhjB+F4wlXf7ya9POpm5jycNEYPwqN/3IFAJ6ndvEFLRa6qlcDJQDGzRCnAd08YgEAZTTX9W1MICACIG7X3w2XAmDimlDGz15TEQBo9M+fc5Rg/ChTAIQx/usHNYfRf/IHuwUA9J2wUNwN6Irx9NMDgjKtAQV0LThqzNBmSgDgyLlx3kpvgH0jqw/9BaHx4/besHIhsHz7PrYshcvPzxzQ9++jJbuXn+68ruzZgEBADwCZ8akA0PaRn5wugAoAP3pTqOyVlQFg9BR/0DQu1981qF7Nq8GHDABy4LGJOVzaaK1/kxrl4Lzu9bVz/g4AVuwU84oAgP5tajguf//WNZgyRAC8uJBZCKRe+89/LD2PCVcB4NkfN8PKnfuZsKD1/VLpDJ/7PLRNdeVaftT3OQXOlKBKCIHbCLiU4w6Surg/jtPa1/Bu30WLv5cfky2XH+aFHoAMAB8v2uEs4JEtdkK9drZ8ZaUOAA9OXAuLt+zxToSu15md68CZnfyNMu/P3wr/nb/Nry9n2dJWGBKScwXBgFEd6leCfw7zZwHwKcC43p++xsAWyZUkfk/o7vdpWZ20+MG3BcOHga7d6d/FWvbTVJaZetOlUWVi/DWVtwUTANDnxQXsIKDp+F4EIGRKeCMNGQBKm3C0/5+T18OwttXhnoGNi61c6a28UBLjR6kAEFU6AFgVr6QAAKA9gIgPAFFEKg4wjBnWFLoY7OIqSfHr+Ie1Kz4ICLfyQiXkXgQKjR8hEJcsAEqPBAD0fmGBdCFQMoJ6sX8os87wWmD0AKL0uYtL+EgvXMFXyNwfAJx1+5d2z9zCHVe6W3k5H7lBzasdDyA+ALR5+Cd48zwLgJIWdi/Of2XenOm3Hu8s2fQAALQHEOae/6VkM1BpBgBv/Hyf7d7BjUiXoEakvE2lupWX81EypXf18RYAvzf9/bMVMOa7HNwuPBVeGDYAw5IAeH6BdDegEyHm+f+4AeH+dp8ppQDAAb0/vrnUMX7lTAJ5uW9wY9IlyBwEZLfycopWrAuwAMiM8Cajny7YCn1b1XCeG5Bp4TMDXpu5kfxtcO4TkBILgOOf/wU/TJbdAIRXLPP/cVGA+vFe16teqDn3iMUEBIoaPSM3OaVHpZHdzAP3vCMEnL3vAXkbFc1F+njxDvhk0Q6p8ctmG87oUAuGd6hpeppUnvIU5721GO45oZlzt19pNQPPWbcow/BQQgzQFksdzCeGu4B7PoDuHNw5eDds7c4iZ6PP/A27nfDzejSAptXLi7lEHPnny5xHDH/e+gLI2bFPkpsCAHSMMEt9o0z1pTswGLQuQJomKIlmcY8uD+3NP6g3yrv4qOKBpIXm66k4njDMV3U3H++YZGEL/Vl1Zx6hDNViHU0exvcVDFjwI5yLZg5dPDfDOX9p2emv3Y8jrUQsAHo9l/IA0nj4p5CmBB8TYHABUhH5jxGMXpoP+yaK4fPlpmP8pkDJpPHz+SRkcU0BQtcjYZCvxvhV9VIbPxuuTSsxfm29FUYcs/Gj5ACgY6QzEBhGYUBhbNjSxLIgdYZhjZ4J0rjWQS0zX3aQ4XtxEvL8Tfr7umOlzvjpPAJbb5nxU1c10HMIv+KPiReDERvVOV0A9HxuPn6YHHUjUDKjkt0M5F8xVbD+yhjtD1Dmzb4JNHxZXEkdMuHye+G/IeOX5hHofqs8nHhcf9V5hTJ+6flkvPVHcQAYnwRAJtb9F/fqQNOxgXQ2BDHBOpdakzAdw/fiKFp9Xf4mxs//QOkyjI0/lSiwhQ6Zh5kBSq5RGq6/LNzU+I3Smhh/yLQBUgCAVshlviX8aECtTC5MKKOnPsjSmRo+XzflYKJJq++FJYzzNjF+WYudfJ++8fP5pDvoJ9SDM37v3wADpuPR4caeQ0hwFHPrj2IBcNx4twugURrr/osDDmEuQJjNQAnFhzBuvqzMYm/16XhG3YjSZfxeHiZehdTLCdF3F66V6YxDMQz8GaQ1EAsA1HHj5ieziLgRKBlU+tyAsPPHwmGVEUdo7Z2wqIafihPU6vPpA11+Wb6lyfjp+mjqGbrfL02fnusvnmNAWsqA00kbYXBcBECPcfMSyYB0HwKiO5QZQGj7/UbuvzpA1TXIhOHz8bRjCiFbfelxab7Fa/xCPmkYv3BeIVtv799Muv7Sc4qv22AoCQCenYebnqtqBwLjmP3L1FrgdJJoXHVTo5el1U4lagzfi6fyMkxafb5uQcbP/ajpNLLVfZkyfr5OjEHy4brzMnG/gY0bl+svyzNMC57h1h/1NAHADfjGM8djn503hbz0Z+wzqN9fjLf/j6Igg01+TAQc1+dh0toz8UwMn4oXe6ufOs63SHxZQaP0Xn4BIMmk8avy8MPTmfJTpxfPrWQG/vjrG0I3EgCMwTc0ADDgej6mDgjJoGjz/+lCIvC8E6rgCAbPHTRdMahdLZim4fN5FKfLr8wvE+sFAlvuEMbP5RGl3y+eX3xTdxmc9uN1DAHAPHzjA2DsvAHArQWQqUxggBucIQoYnrTp4J+JwSvzg3CtvSx+4NqBNFt9L05pNf5UImk+Bt2KoEE/vo688dJlRUmfjvsuXifztGkY/1pi/M3cD4wJdh/7cw4x3KZM9Kgb+zKwWMh0kY+69Q+XNozRM/GLwfBV5aXr8ifflzLjTx2T5k/Xx6QFBUlcLr20Dmm6/mKexTrtR8vr/6N4AIwiL/fTYems+49lkDDCiRon0bnsfNQYjF4W38Tw+bzSbfX5sLDGr8uvpI1fmoeB8cvCA9PH6voHlB2P8aOaEwDkuB8Yc+v2zM94K9ucMmVA+XTFUrPmP6x0xqhKEmT0qnwzZPjecanbKZYjlmHu8kvz1RhmUH6ZN34q98A8WEMVwk3SR3b9xfQmaf2XtADwOjH+i+gAwXQJBEYB7wWkcxOQ4oRDQnco+KolTNOHNXoqTVqGz2VQbK1+KnFGjJ/OK4Lx+8fMjdf7V2H8zLVKZ8GP9Nz0xi8tO0OtP0pqngQCOELYWZVL2KW9xbFC0Hh8wI0fEN10ubDpIGCchs/H088giFfmt2b8Qj5hDYipY7R+P1NWTK6/rP4ZNP6/E+MfxQdKLbPrM3O7kJcpAMmugKkBl9YNQSYXztTgVfmlu0w4iuF78WJo9YXjmnx/a8avjKvrOhhP+anTp+P6e2XHAwBv5R8vpcl2fXrucPLyoSpWlFY9U4CIcmHSNXghj0RAVpkw/FQ80bsI1+oLx2XGH2KxEHOsOIyfzyfdQT8ujyj9fq8oE9dfVf94jH8++RtAAJAnO6g1SQKBi8jLqxAiZWnbEGS6HkCIEqPRy+oRh+EL0eNo9VMZ6PJNqwthOOBH56Wd69flr4grhAd2HRKS8zZIH4vrL09vKK3xowKt9Zgxjifwmm5mIFyO8UEisN8f4qJFGQBMqBMo65cRw08liL3Vl+Qb23qBNI1fmo/C+Om4dHgo70Fi/Ko6RHb9pekzZ/woI0skEMAxgdeAGxhMy6VPJ210dyiZPJAb6u5BkNFL00vKDL1oSGP4fLjY2hh4H7914+fyCTJ+aR4Gxs+E69KXrOvPLPbRKZQZEhBgpqMA9N5AaRgMDHPhIu8PCGn0TLxEuLgmhs/nE5fLH5Rv6TR+KpeEOjyw62Bq/HQdSs71nwpony8Mm2KaILSpdhkzBxcLXUT+EAZN43Lng6CR5hSIn4/BmEBCn4E2L9MZAqP4ilZZVscwhu+VYZi/yWAfnacyv7SMnzoSwfj9YyHXC2jSM9lLjD8ofYyuPxr+GGL4HxmnSCkt6+0yek4XkgOOEQwgf83IX1M285JxBZRjA8G2HxghzP6A+JcJh3f3+TiZWClotF6gGIzfj5+u8afiStJ7/ypabzpWBl1/7N/jWp0pzh+3uCeMSoGzbmVlVVKyALCyymJZAFhZZbEsAKysslgWAFZWWSwLACurLJYFgJVVFssCwMoqi2UBYGWVxbIAsLLKYlkAWFllsSwArKyyWBYAVlZZLAsAK6sslgWAlVUWywLAyiqLZQFgZZXFsgCwsspiWQBYWWWxLACsrLJYFgBWVlksCwArqyyWBYCVVRbLAsDKKotlAWBllcWyALCyymJZAFhZZbEsAKysslgWAFZWWSwLACurLJYFgJVVFssCwMoqi2UBYGWVxbIAsLLKYlkAWFllsSwArKyyWBYAVlZZLAsAK6sslgWAlVUWywLAyiqLZQFgZZXFsgCwsspiWQBYWWWxLACsrLJYFgBWVlksCwArqyyWBYCVVRbLAsDKKotlAWBllcX6fymXJuzy+kocAAAAAElFTkSuQmCC', 'Kony User', 'Kony Dev', CURRENT_TIMESTAMP, CURRENT_TIMESTAMP, CURRENT_TIMESTAMP, '0');
INSERT INTO [konyadminconsole].[issuerimage] ([id], [issuerName], [Status_id], [Image], [createdby], [modifiedby], [createdts], [lastmodifiedts], [synctimestamp], [softdeleteflag]) VALUES ('MAESTRO_IMG', 'Maestro', 'SID_ACTIVE', 'data:image/png;base64,iVBORw0KGgoAAAANSUhEUgAAAVQAAADdCAYAAADkWooRAAAAAXNSR0IArs4c6QAAAARnQU1BAACxjwv8YQUAAAAJcEhZcwAADsQAAA7EAZUrDhsAAERGSURBVHhe7Z0HgBvF1cf/0qqfrnffufdeKAabDjbgEHozmG4IPSEBAqGFFhJCICQBQksI8JFQQwkYU0w1bhT33vv1pl52v/dGkn0+3/nO9pkbSfODtU6r1Wp3Z+Y/7828mTEZBBQKhUKx35jjrwqFQqHYT5SgKhQKRSehBFWhUCg6CSWoCoVC0UkoQVUoFIpOQvXyywwlje73I1pdiUjFNoS3bUFoy2aEt29FuIr21dfB8HqgexoRbWqC7vPBCAWBaJS+asBkscBkt0NzuaFlZ0PLyISWlQVzbi4sBcWwFJfCWlYOW7cy+rsbLPn5MNns8R9X7IlA1EB1wMAWbwQbPRFs8kaxmf7eTlt1MIqGoIGmsIH6cBSekIEgHR/RDRgmQKPvOywmuC1mZFrNyLKZaDOjwKmhmLbyDAu6uzV0p9fyDA1FTjNcdCx9VSE5SlClgcSTRDG0fi0Cy5cgsHQRAiuXI7RpAyI1VQAJq5WOSRQrTrTYRt/jV3qzc99O+Gh2Q0z0B/9tEv8l/ibtpS3Cf2dmwlJYDHvP3rAPHALn0OGwDxgCW3l3mJwuOiJ98UZ0bPDoWFgbwoKaEBbWBLG2MYpt/giaQoCuWeghs0wSojhxYvBGKbPjVXzI/9DDjj99kSi8UQol/hapQvB3ImFkWAwSWQt6Z1oxNM+KUflWDKfX/llWZJMIK+RCCWoXEvU0IUji6Zs7C75v55CQLkaULE9LJAIzFS4WO50KIRk2oigeqIRKFGMz/cOCzcWUfytEFq6trDscJK7usePhHHMo7H37w+Rw0qepi5+syeV1YcysDOLLrQH8QCLKVmjIZKMHRE+Hi4xOqcNbQkAPBEJk+ZXEmjfx2zosehilZMmOyLdjfIkNRxTbMYJEVgls16ME9ceElJHddd/cmWj67GP4vpsDffs2WNhFFwJqgMryARPOvYXLskb/WMRfJLCaBmvPPnAfNh7uY46H86CxsOTmi8+SneqAjpkVAXy4KYAvtgWxqjGEiDne/CHEk+x4aYoKpQdbxJQeLLpmEtjuTjPGFTswqYcTR5c6UOYyiwpS8eOiBPVHIEyi6flqBpqm/09YoqirhYUKQ0QyAW0PLp8W+kejv3QqyEZhEdyHH4XsSafCSRaslpUdOzAZoGxfHwY+3+bHm2t9mLE1iO0hM90XWXlREk+pBLQDsLhqVtF+nmczMJ7E9YxeDkwsI3HNsMQPUhxolKAeILiDyP/tbNS/8zo8X3wKkCtvpkwfJvlkFz4VoCJMAhuzloySbsieMAnZp50Nx6jR9Im85tFccuVfWePHuxv92OCjtOJ7YBHlLRXgSsFC4koZrYjE9cTuTlzYz4XxJXa4uUZUHDCUoHYy7NI3ffAO6t96FZEVS2GORBDm8priT5ltIBbXsGaB8+CxyDn7AmRNnARzZlbsgC6mIWSQgPrwz5VefLU1gIiF3HlKG5C7nNJw26vFQpWfjuHZGi7qn4Hz+jiV1XqAUILaSQRXrUD9qy+h/t03AHLxOWQpTI823R4u2z+iWcBMBbZHT+SysJ51PqzFpbEDfmS2+nS8tNqLf6zwgl6g6zrVbiSiaZftOVHIaiW6uYBzezsxdWAGhubaxD5F56AEdT8JLFuEuhefR9O0d0XbqE7uL7eNKmLCaiX30ygsRjYJa+6Uy2Ap6Rb/9MCyyRPB35d58M9VXmwPWWGwiPKmiHVoUYWXR1p6Zg87rhvixqgCJaydgRLUfYQt0toXnobn/bdhkJBGzWYR5qTYHW5rtfHzKShAzuTLkHfR5bDkF8Y+7EwoK1cFDTy5tInE1IuKsAYjwoGiKmVahZsDNBJWO3BOTztuHOrGEGWx7hdKUPcSbiOte+kfaHztJeiV20hILUpIOwgLq10jketWjpwrrkXe+RfBZHfEPtxPeOTS88s9+NMSD9b7WEiDSkg7iohxtaDEZcJlfR24dkgmyt2cWoq9RQlqB9H9PjS8+yZqnv4LoqtXQidhUMV13+CiaiXLSBs6AoW/vB3uo4+PfbAPcOadvtmPe75vwrxaI+7ap0hv/Y+NGO1lxoBsDTcPz8QFfV3IsHKruKKjKEHtAL7v56H68YcRmvkFldUwwhxmo9hvuKwaFguyTz0H+b+4TQxz7Sicazd5I7jnu0a8uMYL3WQh94GsUsV+Euu80swmHF+s4Z6DsjGuWM3v0FGUoO6BaH0dal54Bk0vP49IVQUiHG8Z/0zROXDVZOdBAsWlKLzpNuScOyX2wR7gON4XV3lw57eN2BJiIfWnYa/9AUbEF1tR5DLjZ/3tuHFYFgocqhmgPZSgtoF37jeoeuRBhOfNEpOHKPf+wMJF1WK1wnXCJBTecZ+YQ6AlnFN5TP0tc+vxxsYwDG4jVe79gYWbATQNRxZZ8MCYLBxV2jlt3qmKEtQWGMEAal94FvXPPYFwxTZEuRMl/pniwOM0m2GUlpGo3o/sk0+N741Zpe+s9+IXcxqxMUCFPERWqUqZH4e4tVqaoeHng524YWgmXGrEVasoQW1GYN0aVP/pAfg/+gCRUAhR1VbaJYiyarEg55KfoeSWuxC02XDXnHo8stgjJpHhae0UXYDZAqtVw+nlVtx/UDYG5sQGCih2ogQ1TtMXn6Lq979FeMkCskotYo5RRdfBmuo26Wg46gw8cNZDeL3eQjWej4xSlTJdipi7VcPIfA2/PzgbJ3VP7akc9xY1gSJR8+KzqPr1DQgtWSjGoqsi2/WYoyGszBuKNy2T4PxqE8qrqrn6j3+q6DK4QtPDWFAbxdRvmvCXxU2qP7AZaW2h6l4vqh7/A7z/fgHBxkYx2knR1Rgw61Es73ECvhx+NUIWJ6wkrmGzhi/K8rE0P4sOUSVYCsj4yLRbcWU/G+4Zk4Usm4oCSFtBDVduR8Xv7ob//XcQCav2UhmgzEj/AN/1OxdzBl1Ie0hcjVh8BRunvB7TvOJczC3NjWmq0tWuJ96uenYPGx4+JBvl7vSexSotBTW4bi0q770N/i8+EROZ6KLFTtGVmMiV5GG83wy5DPP7ngGLHhL7msOpZKbsuiAvG1/2KIw1zaSnPSAX3K5KHsTJZTY8OjYbg9J4PoC0E9TA8qWouPtW+Od8JWaGUu2lXQ8LZ0Sz4YsR12JJzxNhjQRIPNvOlhbdwLLcTHzaowgRXudDiaoEUDpQeTqqxI7HDsvGmDSdvSqtBNW/eAGJ6S0IfDtb9OSrYtj1sJiGNQc+G30jlpcfB1ukY/GlLKqrsjPwcc9ihDSykJSoSkBMVA8vtuGxsVkYW5R+gwDSRlCFmN75K/i/mwvdosRUBhJiOoPEdEV3EtOwL/5Jx2BRXU2iOr1XMcJiRVCVql1PTFTHkqj++dBMHFacXmFVadGt7V+2BJXs5n+vxFQWYm6+HZ+PvH6fxJRhd79/gxcTNlSQuOqiLCu6GipdehRztofwy7lN+LYqvSasSXlBDa1fi8rf/pos09nQlZsvBdw+GjVb8fWwK7Gs54R9EtMEYRLVgSSqx22uglklriRQQhhRzKoI4ZZ5DVhSG4rvT31SWlBFaNS9tyEwd6aIMVXlTRZMmDvoQizqfcp+iWkCnk5xcG0TjthWA7MKf5OEmKX6+dYgbiVR3diUHsOFU1ZQDb8PlQ/cCf9XM+Jr36uC1vVQKpCrv4CE9Nv+58ES7bwJTjiOeFRFA8ZU1EGNz5AFFlUD07eEcNu8RjQEU3/OtpTNehUP3w//J9MQiURi664ruhwziema0nH4Zujl8TjTzvUZDMrNh2+vRb9aL0wqzSVBRzSq453NYdz9fQO979w0l42UFNSqZ/8G3ztvIOT1kJgqc0UGeMRTRe4AfD7qehiUJqb4CKjOhIsqi/Sxm6tQ5A3AxDGqiq6H0toXiuDf6yN4eD6LauqScmrT+NEH8L70PAJVFSJwX9H1sJvvcRTgs5E3wGvLgVk/cJNCszfijEYxYVMlnFSIxVyeiq6H0rzKG8KzayJ4bY0nvjP1SClBDa5Zhdq/PQLfujUiPEohA7FRUN8MvQzbcwfCFg3E9x84IiSiBf4Qjt5cDYuKTZUHEtXVdX48usSP+TWpGU6VMoJqBIOofOR+BJcsgKEpy1QOuCvQhCU9T8by7hNg74Qe/Y7CMaoD6z0YWaU6qaRC1zGvKogH5jfBG069gd8pk9WqnnwM4ZlfIhqJxmZ1V3Q5PJHJttxBmD14CjRhmf641mKURHXs9nqUNPlVe6o0GNApX3y6LYw/LEi99tSUEFTPl5/C9/Zr8NfVQlfmiBRw55DXlo2vh01F0JohOqV+bFi+rWQRHbOlhqxjbk+N7Vd0MXoU9YEoXtuo4+113vjO1CDp1SdCIlrz5J/hX79WrEOk6Hp4JBRXbPP7nYGtBcNgixz4dtO24PjUIl8Qh1bUQVOKKg8kqitq/Pjbcj+2+1Jn5dqkF1Th6i+eL6wR1f0gAxy8D2zJH4b5fU+HjdfM72LY9R9R3YjyRhWfKg+xEjunKoyHU8j1T2pB9Xz1GYIfvY9gQ4Ny9SWBrVO/NROzB18sJj/hkKmuhouuZhgYt51c/2jqj9ZJGowoPKEo3t8GvLsuNUKpklaFjEAANc8+Af+G9VRaVK++DLCYGpSllvQ6EVvJQo3NbSoH7PoXe0MYWVUPnj5VIQl6BCtrfXhmpR+eFOj1T9qsVf3yc9DZ1ScLSPXqywF3RNVm9sAP/c6ENSJfnCGL6ujKRuSSsKqAf7mYWxPF3xYnv+uflIIa2rQBnv++Dl9VpXL1JYHFlAP4f+h7BryOfJgN+ToaeJE/ZzSCQyrrYKXrVUiCHkWVN4y3NoexrC65p/pLSjWq+cffEV23Bibl6ktCTJy25g3ByvJjydX/8QL495YIVcD96r0o8/iUkSoVBpbWRfDU0qb4++Qk6QTVv/AHsVppsKlRzSIlCdyrH7K6hKsfsdik6IhqC5Z+s27goAqyUnleR4UcUJ7xhqKYUWXgq23ytL3vLUknqDUvPofIlo2qI0oauCMK2FQwEhuKDoFVgjCp9ohqJpQ3BdCr0QM1gEoidB2ragP4x4rkDfZPKkH1fTcHkXmzEPb5VUeUJLB1GrS6saDPqaKNck/LP8vGqKoGZaVKhYEQpcfsWgMfb5a32WhPJJWg1vz7RYS2b1HWqTTErNMthSNoGynW008WONi/1BtET2WlygW5/mvrg3h5lRLUAwq3nYa/nY2Qsk6lIdZ2moFFvU4WaZJM1mmCkdWNykqVCrJSdQPfNgBfbE0+UU0aQa19/RVEK7arnn1piIkQz3G6uWAUWafJ15EgrFRPEN28/uTrTEhlSFDXkZX6nzXJl6eSIh+FNq5HcPZXCHmblHUqCWydhi1OsaZ+VOOe/eS08jToGFrTCAtfvspakqDDH45idq2OJXXJtVpqUghq/TtvAJUVlOGVHSET9e4yrCs5NCmt0wQcl9qj0Yccf5D0VCmqNFBSbPBE8Orq5IpLlV6h9GAAns8/gb+hDoYaFSUFHGcaNVuwpvQw+O05XTLXaWfBhqmdXMwB9R5YyDJSmioJuo46XxhfVIRRH0qeMf7SK1TTZx/DzHGnlOkVkkCi43fkYG3peFiiyeWStYZO99Ov0QsbF1yVzSTChPU+E95bnzxxqdILauP0DxCqq6ErVdapDCRmlNqeMwA1mT2hRZN/sTWeNCU7EEYZd04pC1UeyBPa7gnho83J06QktUqFt2xGaNEPCPtVqJQ0xCdBWUfuvq5ZhMCmAnwf/cjtt7J3qbKaJHCgv45FTcCy+uSYNEVqQW2YMR1msk5NqjNKIkzwOAuxqXAULBJO0bevGJTHyrwBOEPJ34SRUpAhtT0ATNuYHFaq1Erlm/kFQo31yjqVBA6N0kl4OPa0yVkMTU/uqdaaE6UslhGKotzjh4p0lgg9impPAF+zqiYB0goqz3kaXrEMkWBQCao0sLtvx8bC0cJySDVMJgO9mnzxmFSV52SBvH6s9pmTIiZVWkH1zvoaWlMDZWzl7ksDaYzPkYvt+cNgSYHOqJaw9V1Cbr89xJNjq+5+aaDKrSpg4PMt8rv90qqVZ87XCDU1KktBEtjd59597tlvcBZBS4FwqZaw2+8OR1HsC8rdFpZu6Dpq/SHMqZa/Epcy30SbmhBcvgThQEC5+9JgIGq2Ylv+EOiald4nT7D13sC5rcyr3H65MBCK6FhRH0WVX+5BJFIKqn/xAmh1dfQcldslEyGLC9tzB8Gss3WammLD1UQ3cvst3HCn3H6JMKEmasG8Krk7QqUUVN8P82B4PcpCkIaYsHid+ajN6pESo6PaQjebkB2MICOYupVGcmKgNhDB3Eq5e/ulFNTAkkUI+71KUCWBZ5biOM1ad3f4rck9dr89uOqwk3VaEAhCUxaqPJC36gmEsbRe7spcOkGNkmUaXL8akWBItZ9KA7efWlCT3Ts+QU1qtp8m4FxX7A9BYz1VeVASDIR1A+ubIqjxy5v/pBPU0No10BrqqUJS1oFMRDU7qrL7kLXKIUWpLTIcz1DoJwtVTcgjF1S5NcKOJXXy9vZLJ6iBVctgCgTo2SnLQBY4JQJWNxrc3UhkWFBTG/aMskIRWMN0r6pil4rGkI6lEgf4SyeowZXLoQf8ytWSBDG7FCUFd0h5bXlpIag65T1nNIosElQ16bREcDtqKIyVTUpQOwwPOY2EUm8UTtJCBhoH9Dc5CxGyOEWAf6rDd8gL92VR4TVzj5xCDijvBcI6Nnnk7RSVS1AjYYS3bUGUZ/xRFqokGNDNGhpdJTDoNSY36UFOMAIzVyAqK0pDmCq6bd4ofBE5O6akEtRIdTX0ulroup5GxVZ+dLMFjRnF9BenSnqkDN9lNlXsoqdfKaokxPJfk27GFhJVGZFKUEMVW2EOJcc0XelE2GRDk6OQ3H3OxOkiLgbcYbZQ428VckCeq9/QsNkjZzuqVIIa3r4NZu4IUO6+RBgiZMrv4A6p1I4/bQ739GdEKC9GuRJRqioTgYihLNSOEOGlosNyj4RIP0xi/f2ANZMs1DQSVLpvW9QQo6YUMmEgSOmyXdLgfsnaUKugk1WgOqRkIWaZhawu0cOfykNOW8KhYhayyFlQVeiUXAQpXWqCSlDbJVpfCyOa+nGOyYKQEarcQlYnwpqN3qSThcqCasDGzRwquF8eKDnCkSjqgsrlbxe9qRG6aLNSSAHpCLu+7PLrZmtMZdIIDpliQVX2qUwYiFBF54nImRnlslC9Hhi6ElS5IEHVSFBNZvorvRSVXX3h8rOiKlWVBp0qOm9YCWq76E0e6BFdzTIlDTzs1CQW5kvLFKEya2ULNc0sc7khCzXKQ1BVG2q7GH4fjDTq+EgKSEwiZnvaVnLcjsqroSokwtDhlTT6Qi4LNRiErqZMkwoWUl3MgZp+cBWiqQ4p+aAk4dApGZGrpEQj7GTG3yikgFRFN2n0mqbNMCo7ygdVclFdzvwol8vPgeMqA0tIunVH7SR971xmyGuK/yUbclmoZAmp/ij54Oybrs2IHDamkA9N0mSRSlBNNgv9ozKwVJB7FZsUJf0Ule9YUs8yvaE0sUrarC/VZZkdLphNkj6pNMai88z16UnUrJx+6SCNcFrk1Am5BNXthtlCbr/KwpJgIuvUgCUaFJZqOhLhCAce2K+QBBPMVMllWORME6kEVXNnUuXDGTi+Q9HlcOVmiQbigppmwkK3G6L8KPRU5Ulp0EhQMyX1+eUSVFcG1T68zIZCGkhIbBE/NCOSdoYat5+GNBJUJaYSYRKC6rLE30qGVIJqys6GSZP0SaUjJCgmkw5r2A+zmAUsfRSV71QIKluoaXTf0kNJYaVKLtsup+EllaBacvNhtpCgKpNACkQqCAvVCyu5/bz6abrAEhoxmRFgC1XpqTyYTEJQc6zx95Ihl8tfWAwTC6pCEmJTK1sjAdijvrQagsqdcWEquGyhqgpeLuyULsVOOXVCqhJiLS6hf7jqURlYFjglWFCdgQb6O43at+nG/VRwI1oaD7uVFLtmQrcMJajtYivthqgl/SYylh0Om8oI1qSVhcotp16rRvesxFQqyFtwmA2USdorJVUJsRQVA263sggkg3v4M32VMHiSlLSp7UxoIm9JCap8OE0RlLtVp1S7aFk50AqKoKngfqkwRSPI9m6jvzhN0kRg6Fbr7FZExSQGKi/KAttaBTYzSlxKUDuEraw7NKtN5WFpMMFs6GShVkAT0yumh6DqJKQNdgt07uJXeVESzLCTsVWWIW9bvnyC2rsvNLuDMrHKxTLAesKzTWUGquAINcTd/tSGC0WICm6jjVx+1fwkDxzQb7Ogd5YS1A5jHzgYJoeT/lKCKgcxQXEGG5Dpr0LUnAZhbbyqplWDlyNOVMUuFW5Kl8HZvKS5nEgnqM7+gxF1kqCqfCwVPPw037MRupb6YW0a3V+t3Ub3yua5slClgSq3LE3H0FxJo/oJ6QTVWt4dpuJSmDTumFLIghYNoaBhbVxKUzxlDBOqnHayxsUbsUshBwW2KAbkKAt1r3AOGAQbu/3K3ZIDstLMRhT5jRtgjQRJb1JbUFlIK102RFWHlDyYzHDZNQzIskHSqVAFcgrqyDGwZGQoQZUE0bNPaZHt2YJMfyUJjrwu1/7Cq5x6rRbU2uzSrluUllAWzLZbMSpfXuuUkVJQXaMPRjTDrQRVMpyhBuQ3rElpQTVTnqtxWBGyaqr9VCZICvLsZowtscd3yImUgmrvOwDm8u5q9n7JsERDKKtZSi6/xD7X/kJu/ma3CxGxCpzKe7LAqVFqjWBUnrJQ9wnnyINgc7GVGt+h6FK43dSsR1BUtwL2kDclRZULbdhiwjaXA1HRzBHbr+hiKK+5HRaMJHdf9pHA0paKjHFHQsvMAnTVkiUHsZyc49uGgqZ1iJjldr32BbNuiOGmtQ4bDNXcJA9UmRe6bDiy1BHfIS/yCupBYxEtLBYPUyEP9rAX5VULEBXxqKkFF4ZNbicivF6RynYSYaDYEsGRxfJX4tIKqtnpgvOgQ2DPcIvJfhUSQJWbRm4/C6o14k85tz9KIroh04UIZzeV5eSAw6VsFozOtyLPIf+wZ6lLROaxE2HJyVVuvyTEwqd05DetR2HjmpRy+zlcqoZc/UqnXWmpTFAlXpJhwwnl8rv7jNSCmnHYEdC7lYmlpZUHJg/2kAe9ts0jtz91xvWbSUXXZ5F1qtx9uaCKrrstihPKeH4P+ZFaUM02GzLGHw17luqckoVEb3/PynlwBHn2qeR3+1k/g5oJa7LdiHCRUCaqHJg15LhsOLzIKu06/C2R/iqzTjoVyM0nT1MJqhzwwn0Gcpq2oLxmEUKW5LAc9oQlamB7hgP1TivdmVJTaSDrlJc6ObWnK75DfqQXVOfgobAOHwWrw6E6p6TBBFvUj/5bvtzxPpnhIfvLcjMRFiucxncquhgTLOQ1DMsycHhJcrSfMklhR2dPOg32/EKYlJUqBez286TTZdWLUdi4DhEteTunuDOKY083ul0gQ1UhC1S5dXPb8ZPuySOmTFIIauaESTB691WdUzJBZp0rWIeBmz5L6phU7oxakZuBoI3H7sd3KroYSghKl/5u4Kw+GfF9yUFSCKrZakXWyafCkV+grFRJSHRO9dk2S6yIGjUlX48/r7/ns5qxIicTEd6hLFQ5IMOpKNOGk8rscMk8V18rJM3V5p5+DowePVWngVSYkOXbhgGbZiBsTb7OKXb3V5KYepxyT7iRfhhknZpxUf/M+PvkIWkE1ZyVjUyyUl15BWQZKStVBthK5ZVQB5Hb7w7UQk8iK5W9+6BmxmLujIq7mAoJMJmRTxXcSaUWFLuSyzplkuqK8865iKzUXmriCsnI9WzCwI2fJpWVqukGVuS5UZ/BHWoqP8nEwCwzLh+UFX+XXCSVoGq5ucj86VlwFRQqK1UShJWqhzF043SyUquTwkpl69RP1umC/GxlncqEWUOh245Ty23oJvHa+3si6WzqvPMvAvoNEIWCN4UMmJDj2YKh66YhZJU/zIWt0yUFWWhwknWqvB15oKQYlm3GlUOS0zplkk5QNXcmcs67CM6SbjBFo/G9iq4k0eM/ZONHyGvaJPWkKdwR1WjXhHUaUaapPJB1Wp5tx/m9HGKpk2QlKa8858zzoY06SIRTqdFTkkCiyuFTY1a9iahZXref406/L8yFz0HXqLKOJFCFTO7m2FwTrhjkju9LTpJSUE1UePOmXgt7j56AslKlgKf249FTPBy1e9UPCFnkG3/N1ulWtx3LcrMQVU3w8mA2Y2C+E1cNyoAm+xon7ZC0tnXGIYfDOeEncGRnqw4qSWBRdYS9GLviFVijAcg0ExUXU14nalZxPol98rqUKQflEbdNw6RiEyZ2T55JUNoiqXNWwdU3Qhs0lEqy8t3kwEQiCpTWLsXwdf+Tykq16AYW52dia5ZLhd1Jxpg8C24akR1/l9wktaBa8gqQe8V1yCDX3xwVgwcVXQxbqdxBNXrNf1HUsAoRret7/S0koDwb/7ySPNURJRNmC3rnuXDVABfKMpJv6HJrJL3vk33yT2GbMAk2dybMyvKQAu71d/trcPiSf5K4RrvU9U+4+l93y4PPqjqipIHyhMtmximlZlw4ILk7opqTEo1JhTfeAuuIMaLHP7mbtFMFdv1N6Fn1A0ateatLXX929RcUZmFDjlu5+tLApdSEwwusuG3krjGnUUojT4Q8iqCOhrAOeoktmsifUVqGJJ9jMSUE1ZKbj/wbboazTz+YIsr1lwHR66/rGLP6DZRXz+8SURW9+hkOzCvOFwVVIQlmMwYVOHHTUBe6tXD1faSeH2z045pv6vD4Yg9eW+3BjTNrsN0fxd3f1uPl1d74kXKSEoLKuMcfjYzJl8BRWCTcTEXXw1aqI9iIoxY+DVeoDvqPGJ/K8aYBTcPnZQUIcK++0lM5MGsoyLDhkt4W/KTn7nOd8tpRR5Tw8FMHTiq3o9xtwaqGCJ5Z2oQN3igcmtw+aMoIKlN41Q2wn3AyrHaHak+VBIOskcKG1Thy0bOImrQfpT01VuQM0W5alWFXrr4sUAVro8rt1DILbh3Zdq++TunFHkWYXPxMqwlD86yoC+kYV8wdnHKnpYkyW0rltkh1Fbb+4ir4vv6MCjAvJ6daVbsezmImzBp8MeYNnAx7+MC6bRYd+L4oCzPLC0W7m0IGqBxS5TqRLM/njsxF9z306geiBmqDOlxkjdJX0BQyUOrS0ECiyk0CZRJPnJJygsr4Fs1Hxa03wE+vujV5l+dIJbhqC2kOfDLmV1hddgRsYV/8k86FO6HWZbnwQe8ShHnUjdJTOSBXf0yhE38d68a4JFp0b29JKZc/gWv4KOT/8na4+vaHpjqppIA9BXvEh6MXPYXiuuUkrp0/dyp3QlU5bfike5FawVQmzBb0z3Pi9uGOlBZTJiUFlcmaMAmZV/8cjm7lMKvx/lKgmzS4fdU44fvHkOPbhmgnzkrFYtpkteDDHsXw2TneVKmpFJCYlmU6cNNAO87ukzrxpm2RsoLK5E++BJmX/kws7qepnn8p0LmXt2EdieojcEQaO2VmKu6ADGhmTO9ZjFruhFLtpnJAaZvvsuK6gVZcMzT51ofaF1JaUJmCa36OjAsvhy07l0RVTaIiAxw+VVa9BCd894iYRGV/wqk4PCpCIv1xjyJszXQqMZUFSpMshwU/62fH7aNSY5x+R0h5QWWKfnm7iFG1ZWYpUZUEtlR7VcwjS/XPMEfDojlgbxFiajLh4+4FWMcjoZSYygE37dituLK/Dfcdkj5iyqSFoJrMZhTfejfcF16qRFUieP2pvtu+wgk/PCqaZPbGUmUxjZpN+KR7IVbnZSoxlQUWU4cVVw2w46FDyCukCi+dSMmwqbYwSEgrH3kQnpeeQ6ixgQpkWtQn0mM2wlhTegQ+GX0TIhaHmK1qT3CbaVjT8El5gRJTmaAKMctpxTVkmd5/UA6sko9qOhCklaAK6HYr//oIPP94CsG6GhLV5FxdMdUw62GsLxkr4lQDVjdZrOH4J7vCvfk8pHR6jyJsyMlQYioLGndA2XDjIDvuGpXNg6LSkvQT1DjV/3oGTU88huD2rYhQAVV0PVo0jC0Fw/DxQbeg0VUMSzQY/yRGLDTKig97xjqgoMRUDjQrSjNt+PUQO34+LHlXLO0M0lZQmcb//Rc1f7wPgbWroVusKg5cAiwkqjXZvfARWaoVOQNEFIDYT+JZ4bLjo57FqHHalJhKAZmhZJn2y7bivlEuTO6X+nGm7ZHWgsr45n6DygfvRHD+d8L9V91VXQ+7+15nPj4beT3Wlo6DPRzAOrJIPyEx9VnIm0jvLCsHPMmNScMhhRY8fEgWjunW+SPfkpG0F1QmsH4tqv5wL4IfT0M4EhaTqii6FrMRpX9smDVoCv552KWYVZYHnQdnKC3tesjw0CwWnFZuxe8OzsbAHDVfRgLVzU04evVBtz8+gcyf3Qh7Ti65l8pO7WosZgusWW6cc+loXHfRYGTbyTK1pPY48KRAsyI3w4ZfD3Xin0flKzFtgbJQW9A47R1UPfIgwiuXiXZVJa0/LuwbODSygIaPRtF9f4Rr+EhhlC6oCeOambWYXU9HBAMcAyeOV/xICBffgsG5Fvx2tBvn9kn+JZ8PBEpQWyGweiWq//x7BD/+AOFgUIzGURx4rPSYDarE8i6+Evk33QYtY9dOjqawjvu+b8Rjiz2IcgGPhOKfKA4omgU2q0Yuvg33jsnCYGWVtokS1DYwSEjrXn0JdU8/jvCmDdApUymb6MCQsErRqx+KfnMfMo+bEPugFTi3frjZj5vnNGCZ1wwjpKzVAwZXWmYLemaacfPQDFwx0A2nRRkXe0IJajsEVixF9V8fQeCTaYgGAggra7VTsbFVarMje/KlKLjhVljycuOf7JmaYBQPzm/EE0u9CIHEOLxrzKpif6BEIQPCbtHw0zIL7iardHieLf6ZYk8oQe0ARjiMxg/eRs2TjyG8fCl0sxlqMsD9g4dSWC0WWEcdjIJf3YGMw8bHPtgLOOfOrAjg9m8bMLPaBCMaAqJqQvH9gkcOmjQMzTHhthFZOKePC/Y0HEK6ryhB3QvClRWoe+k5NP7nX4hWbhdzeSpnc+/gsBI7z6FQ1h15V92I7HOnwGzbvza5ECXC88s9eHhREzYENKoAyVpV89/uHTzbF+XnkgwzrujnwLWDM3Zb4lnRPkpQ94HAymWofe5J+Ka9C72pARGTWQlrO7CQ2kwmRHPykHvBpci/7Cpo+YWxDzsDysaVAR2PL27C0yt8qImQQERYWFXK7BFuJ9WsyLaZcGYPK341PBNDc5V7v68oQd1X6Kn55n+Lmn88hcCMjwBvE8JKWHcjIaR6Vg6yTj8HeZdeBVuvPrEPDxBrGiP4y5ImvLTah7ooWVkcDaAs1l2JC6nbasJPyiz4xbBMjC20p+2kJp2FEtT9hKcEDMz/DrUvPQffpx8CPC0guU+RNB/Sw86ilduac3ORffp5yJ1yGQlp39iHPxKrGsJ4aqkH/7fWh6qwFUY0DPCWzpBbz+2kOWSE/qTMhuuGkJAW2cALxCr2HyWonQU9xcDyJWh44xU0vv9fRLdtoXxrQZgeb7o8YC6THEvK923q0RM5Z05G1pnnwVpaFjugi9js1fHiai9eXOUF/Q+dJ1aJkLCmS7gVm51kjXJG5CH35/Zx4vIBbgzLpXRSJmmnogT1ABCu2I6m6f9Dw9uvIbx4IczhkJgfIJKi4soiSkUTIbsdGWPHkZBegIxjT4CWKddUbo1hA9M2+fDCKj8+3+JDgFdd5RVxhdWagilDFZsIyoeOMblmXNjfjTN7OdHNxTEWigOBEtQDiB4MIrBovrBYm2Z8BH3zBjGnJwf2ROmpJ+uDZ5uG47s1+iti0WDrPwhZE0+B+6RT4Bg4JHaQ1BhYXBfBG2u9eHtDkP6mCk8jH5jFlSe2TtoiwYkS6603GVH0zgBO6eHCub1dOKjQBocKfzrgKEH9kdCbmuD7bg6aPv4Anm++jIlrJAqDLVcq4CywMsM2DYuoif4LktXjGDAQ7iOPQ9aESXCOGEVmanL2DAfpwX9XE8a7632YvsmPJfURhM3xMC6OaRWdWZImjtBHShm2RM1maHpEiOjx5S6c1sOBccV2ZNu4W1DxY6EEtQvQvV4Eli6Ej4TVO3sm/MuXwKivhS0eJUAyu0NguyJxuAiyMcMWKJfZsJle8wvhHDoS7nFHwTXuSNj7DYJpP+NHZSNED31pfRgztgTw2bYgvq0KopIDBFhguZiwuIopBLuq7ZVSgwPvhRVKqRQOI9dmYESeDcd0c+D4MgdG09/cc6/oGpSgdjEGuZnR6ioEli0iC3Ye/At/QHDNSkQqK6CFgtC44BBchHWSV04tTrDEti8kihu/cu8u/4I5Lp7CWrY5Ye1WBufAQXCMOgiu0QfDPmAwtJw8/lraUB2IYnFdGHMqg5hLG/+92ROBH1YYLGycAhznygIrEoZf+Zv7mDKig4g2fhUbpYxIf9r0MOxU1ZY4zBica8OhRXbROz+SBLTEpYkKUNH1KEGVEN3nQXjzJgTXrUFo9SqE1q1GaNN60dkVJUs2QhauKRKGlQpd7D9RDPdIIpFj1q8JhtUKLTMTWm4eLMWlsPfsBUffAWR5DoSlZ2/YSrvBZFfzjzbHH9Wx1atjZUMYy+sjWFYfwtrGCIlsVMwt0BjWEeZny6OOxDplHVQ5Ica0kWhaTQbcFjPy7CaUZmjonWnFwGwrhuRaMYBee7gtwgJV+iknSlCTBrJOg0FEGxoQIVHV6+pi4tpQL9pndb8PesAv5h1gt5ST1cThSzYbzA4HtIxMmElArWRlmnJySUhpy6YtM0sco9h3grqBhpCBWhLV2oCOWvq7hqzbRnrfFDHgCxsIkRgnOiJ5rXq7xQQnmZUZ9JpFAplr15DvpM3OYmpGDm3ciaSEM7lQgqpQKBSdRKyBTqFQKBT7jRJUhUKh6CSUoCoUCkUnoQRVoVAoOgklqAqFQtFJKEFVKBSKTkIJqkKhUHQSSlAVCoWik1CCqlAoFJ2EElSFQqHoJJSgKhQKRSehxvIrFG3w6n/+jaVLliAa5Tm6AIvFgqlTr0T3Hj1iBygULVCCqlC0wUUXXYCPP5yOEM/gRUQiEXz86WcYO3aseK9QtES5/ApFG9itdvHKNgdvTocTZjHPqULROkpQFQqFopNQgqpQKBSdhBJUhaINxBJPzeDOBjMvwqVQtIHqlNpHdF1HKBQSrwk0TYPVaqVCZxb7N27ciAUL5mPLpk0IR6PIy83FwIGDMGjwYGRlZcW/tTterxfLly3DihXLUVVdLdYbys8vQP8B/TFo0GBkZ2fHj9w3fD4vli1bilUrV6GyslLsKywsFNfF53c6nWIfZ42A3y+EJAHfm8PR8bWm+BwVFRXi99avW4fGxkbRW15cUoIhQ4aif79+sO7nEiy1tbVYtWol1qxZgzr6OxwOw07XmJebh7KybujRsxfKy8vFtbeFuNdAQLyaSEk5LX925VRM++B9BCmdGb7Ot/77Ng466GDxvmXRMfPSJnY7TG38Dp+/eX7h67HxEjX0yte8dOkSLFy4ELU1NSINevbqhcGDh6Bbt27imbUHP4eVK1bQc1iNGjoHX19WVjZ60XkGDRqEouJicV+KA4cS1H1k8aJF+OPDf8C8eXNFIfKT8Jxx5pm47fY7UEUi9eijj+B/770nBETTuICZRAbnVUz79uuPSy69FOdPvgC5JLIJ6uvq8eabr+P5557DypUrROHjws3wd7ng9e7dG+eeNxkXX3IJiqmA7A1btmzGv154AW+9+QbWr19P5+TCnTi/TpWBTRTgi+naLrnkUmzbuhVXXH4Ztm7dIgo0X8vBhxyKZ559TnxnT3CP+KxZs/D8s8/gq6+/EiIRs+4SFp5B57Ri2LDhmHzhhbjwwik7hLyjzJ8/X5z/0xmfYvv27fyEaW9zCzLWmZSZmYX+/fvj2OOOozQ6S1QaLcV19erVuPzSi9HQ0LDjM67M/D6fOAfD919cXELpvXsFwKFVvXv1wV+eeAI9e/aM791JQ0M9rrvmGrrmH0Sly8ePH38E7v7tvVSpbcdDv/sdPv/sMwSDwfjvG+IZTpx4Eh6gz7gibg2+trlzZuPll17CjE/pOVRsF/sS+SbxDHJycnHY4YeL53zsscfBlZER/1zRqdDDVuwDc+fOMSaecJzhctiM3OxMw2HVjGuvudr4z3/+bRx/7NFGRnx/65tbbJPPO9dYsXyFON+KFSuMKRdeYGRmOOKft/Y93mLfnXD8scbsWbPEd9vD5/MZr7/+mjF82GAjy+1scb4WW5bbKCkqMKZMucCYPXuWMWb0SPqOS3yWl5NlTDppYvysbVNTU23c9Iufi+N52+03WmwFednGiRNOMJYuWRI/w54hoTEef+xRo6y0uEPn37m5jW4lRcbVV19lVFdXx88WYwn9dr8+vYzszIxWvtf+xt8bNWKYsWrlyvgZd6W6psY45qgjjQynXRzPz3Ty+ecZL/zzH8b4w8cabhen+87z5VA6ZDhtxj1332mQ5Rk/y65s2LDe+OVNNxrdy0qMnA5cN5+Tn/XZZ55hfDtvXvwsis6kdd9E0S5sAey0AiBczG++mYnfPXA/Wa3zYCOrtW1iltp7772L3//+d2TJfYNH/vgHvPHaq8Jq29XKaknsu2z93X7br7FgwYLY7jZoamrCc88+LdzXzRs3kbXcjutI98RW0sfTp5NFdbWw0BL3ya/tuZ7bt2/D5Zddhn88/6ywjHhrj2hUx7y5c3DuOWfh+x++j+9tHbbsnvjb33D//feCKooOnX8nJnE/8+bO2+17zdNyX7GQO93WeXgveyqJT9kKXbJkMd3HfVi+fLmwWpvD1+cmy/rggw/dxYtJwHnsqqlT8ewzz8Dj8bbZzNAcvjZ+1h99NB1Tr7gMb7z+evwTRWehBLWT4AKygdzoTZtYtGLtVPzKbaVcILitrGUhZnH6cNoHmHLBZLz7zjtwNHN5Od4xM/5dblJo7bvsPv71L3/epV2uOSyM/33rTdx15x2xY1oUdnbBuT00Ly8PGeQC8m8kDuH24bVr1wpXuqV73Bb19XVC5D8jF9xs3tlWx6dkwRgwYADGjj0MI0eNiolEs3viv7Zt24arr7oSZD3GdraAr48sQPz+oQeFMLSE22VHjxmDcePGY+TIkSgpKRUi0vy2+Ry33X47ucA58T0xYs0rsUeU2FqDd7c8LnasIZ63LppR2oeva9PGjaIphH+br4ufEadDIr2HDRvW6qgsbpe/8ze34auvvoxXwLvCzUoul0ucK5EXY9cYg/etW7cW9917D9584434XkVnoNpQ95Fvv51Hmfp2ytRfiQKQgC2o3Nw8nHbaaTj3vPPRp08faCR+FRXb8fbb/8UrL7+MLVtibZIt4YKVm5uDST85BZMvmIK+ffuKzM/fff+99/Cvf72ArVu37igk3MbGbWv3P/AgTjr5ZLGvObPJir38sktE22nCMuXkdpFwjzviCEyZchEJzyhR8PwBv+ik+u9/3xIizNZfS2uLhXX8+PF4573343t2wh0ur/7nP7jm6qt26bTiZ3P6mWfi+utuQH8SVK5Y+D630jN4/fXX8OifHhGdcAmsVgvOm3wB/vKXv8X37ISf7R8e+h0effRPsQoiDneo/fa++3HiiSeJyoHhz7k9lDvCvvzyS7z37tv4gazfQw4Zi9fffAuZmZniuATcofP+/94TohgTYTNefvlFLF64EBH6XX5unGZXX3MdevXavY2UP+fOwol0Da11GvL5zz37TMyZPXuXTjiDrpM7zbhNfcKEieL6A8EAVixfIdqUxxx00C7nq6+vx89vuB5vURpZSIATKcT3y3mN24gnTJiAbmVlolKrqqrErJkz8dqrr2LhooV8oTvUNRqNiAqOnx1XQopOgAVVsffMmzfXOHHC8TvaUHnjdrGB/fsa/3rhhfhRu0MWgTF44AAjM2PXtkz+7uAB/Yznnn02fuTufPDB+8ZAOibxXW634zbBu++6M37ETioqKoybb/6lYbead/wGHz+gXx/jqaeejB+1O2SZGp9++oloD8yOt50mtvzcbOPUUybFj9yVzZs2GWNGj9ilLa+8tNh44P774kfsTjgcNj6aPt0oLszf5Xd6di8zyA2OH7UTvrazzjjNyG/Wbsptgi+99KJBYhs/qnX4uySYxry5c0UbbEe4aurlRgldG7c98sbXuXDhovine0dNTY1oW3fH21B54+c7asRQ4+uvvoof1T5PPvE30dabaNfm6+J0nXr5ZcaaNWviR+0O//799/3W6FHebUe68nf5PLfe/CvD6/HEj1TsD8rl7yToWYptMllXF1xwQXzv7px08kk46+yzhUudgL/H1s9pZ5yBK6ZOje/dnSOOOFL0vnNEAcOWlNfrIStsrThHc9ile/ftt8lCjFmLbMHk5+fhqquvwdW0tQW7nccecyyeeOIpZJNb3NwSbAu+lzlz52DpkqU72vLYih598MG44867xPvW4Hs+6uijcP31N9D17/wdtnZff+3V+Lud8D02NDSK5oEEbEkOIiu9pTXdEr4vtvwPPuSQHRZ+e3CzQvPnauiGsB47Az5vhM4/9cqrMWbMmPjePcPhZx9//BE2b2aPQxPn4HCrc889D3fefY+wUNuCLV+OQGEL2+5winSNWeLAl199ia+//jp+pGJ/UILaSbD7xC7t2MMOF65YW7hcGRg1ejRKSkqEC8vwK4f1HHX00eJ9W7Cbyi4gh0vxd7hAcKFvbGpCk6cpflSs7XQRuXfr1q7dUfD42JEjRwvxag8WxeEjR+D6G25EkMStPVjgOWRnZ8eKAbc7A5eS+LeHzWbHBRdOgYMKeQJuyvjiiy/i73bC95BLIs8ikECn5/CnRx+Jh4ElT+sVX2tJSTEOPfRQOF2u+N49w52eG9Zv2NFcxKLIYW5TLr641VCtlvD3LpwyBRNPPFFUWjFMWLViBRYu3HPnpqJjKEHtJFjYOFN379E9vqdtCvILUFpausP6Y1Eooff9+g4Q7/cEd+aUlZXt+C4XzGgkikg4It4z3M62bNkymEX8a+yYgoJ8HHPssbu09+4Jjt08kQpefn5+u1YqC/iC+fNFYHsME5zODIwec5AouNwe29bGYpyVnS1iQxOCyL/HHXxVVVXifQIW+nHjua1vp6Lq9J3p06bh2KOPwOmn/hS33nIz/v7Uk/jww2kiUJ7jgKUUWrombud0ZXRMTJklS5aIKIpEJcnpPnHiRAwbPjx+RPv06NEDRxx5pGh35nzHlRQPXFi9eucgD8W+owS1k2CX1Z3hRgZt7cGdNmyp7hAQeuV9mVm7dpS0Blt0sR75tkWOmwG2CLdwZ0dUTk6esG73hjwS/qFUWHWdO2XiO1uBhXEbFfTmpmNNTTXOOO2nOHzsIRh/+Ng9bscfe7QYyMCFO4GHLO6K7dvj72JwWNI55N4WFRXF9+yksbFJ9Ho//9yzuOM3t+OC888jkT0K4w47VERR/PuVV0QnlUxwT7ylvTC2OJyG27ZsER14/Jz4vcPpwOAhQ8SIsL1hQP8B6NOnr+hsY/h8XHlVVlSI94p9RwlqZ0GCwxmzuSi0xY7jmqlUR78rEMe1fWwoFBZtjYnzceGz2W0oLioR7zuKjVz4bqXdRNuhuME24GYBv8+/y/Vz2x4Pvd2wYUO7G4eaJdqFE/A1s3XZktJu3fDU358mi7sg9hhawN/jjeFr4KiIDz/8ANdd8zNMnHA83nnnbdGk0NXwFYrn1dpNtEIwGBAVJV87f4/v0e12U6W3d2LK5OblUQWbLSpKPhdfgtfjhYfOr9g/lKCmIFxEdyunVIJJauJvOgYfLcSpY2W+00kIY3M4dOuoo4/B2++8h0mTThFNGEIU4p+3hjgNHcMxrFMvvwwvvvTiLp2CyQDfg3gezZ5JTAz3vgjvLuQ8aJcrovhbxT6jBDUFsdqsYkBBQpC4AIVCQRHPujewhceuvCiAe5AsHiXmdDl3/B7DTRijR48WgfbcCbe3Gwf/FxQWxM+2K3w9Q4YOxYsv/x8+/Ohj3P6bO3DMcceJNmxuDokdE9tawhbePXfdKSZTaU2wZYVH3nHnFcc083XzM2CLled/2Fsa6uvRRNY/x6nyufgpiIEAHewcU7SNEtQUhNtxy7t3B0ceMFz46urr8P1334n3HYVH8SxZtEgUvNbEKQEXRm4aoNIZ3wPhkr/y71fx6YzP92mb9uFHbU4IkoDviwcm3HzLrXjzrbcxc9YcsfF3n3jqaVz1s2tE9ETzkV5CiDwevPXmW6IzLVng0U88EoxFNSGoPh8PxlgphhfvDWvXrhFREYnwMSMaFR2lhUWF4r1i31GCmoLwsMrBgwaLyAOGC19NdQ0+/2zGbm2VbcHtlx9++CFqanmWqD1nE3a72apsHg3AoVyffPKx+Jt/f1+2vYWFnXuxxx52GM4/fzIe+v0f8AmJ80UXXdwspIsgQVow/wdhge8J4U03u4yYRdt1Vu2QQUNQXFQsnjM/H54bYMaMT8RCgh2FO5++mTlTjNZLCCqH+fFUgaVcKSr2CyWoKQgLHIfS8NDVaLNODB4D/sRf/xI/qm24wPKxPE9AYmDAnmAhO+644xFu1tnjIUHlaQj9fl98T/u0J3AJEvG7HYFjd6deddVucymwddf8fWs46N6bVybBcAh1tXV79fudyWHjxolmjUSnGnsO33/3vZiOsbpFiFlbvPH6a/ho+nQ448ODOVqkd5/eYu4Dxf6jBDVF6d27D047/YwdkyOzMNSSGDz77NN48ondx8knYFGb8eknuOG6a+LtbO1nEbb+Dh07FiOGjxBj0xkW5WVLl+D6a6+Fr9lY/dZggeAZkE479RR8/vln8b2twxb2pRdfhMce/RM85Lp3hNmzvhEVyw7I6uT22fburZCswUTombCaSXx4pFJrLnYoGBSi1tFKYV9gMeXBH+yaJ3roNYsZzz//vJgTobKy7bAnjhJ49pmnqZJ8HLV1tWLyHa5Q2IsZP+4IjD/iyPiRiv1BCWqKwrGaZ551Fvr167ejLZUFpLKyCg88cB/OOOM0vPnG62JiZS6I69evw4fTpuGG66/DxRdNwcYNG/dqhU8eAHDTzTfvEHCG/37v3Xcw6eQT8dqr/xGzSYXJymMLj6fR49ms/v3K/+G8c87G5PPOxby5c3HP3Xc1G8WzK/y91199VQTtP3D/vSJ+9Q+/fwjfzpsnJh9pbjlyKBef//HHHsX9996LQHzSkxgmHHnkUcJq3RODBw/exbI1kUX44gv/xON/fkyMLOIhoDyggWNff3rKT3D11T8T93gg4VFlhxx8CMKhmHBzLz+L6xNUSZ533jl4ga5vw7r1OwZN8CThnAacpnffeYd433ykFXsyPz3ttB2Tyij2DzXb1D7ScrYpXiqEg87ve+DBdocBzp0zB7+5/TZhOXHvLQvIaaefjj8//td2Z+HnWep/edPPxTm4sHP4D7vbL7z40m6FgjtdeEw8iySzU1Bi8FuepZ9ddj4PB43zlH5t5QgW5LZmm2I4cP7OO36Df73wDyq0uw6/5VFUbnK/ecgtPy+2LnlsOhd8vqrET/I9XXbFVDz00O/je2JwNt24cQNOmjhxl2iF2C2ZyOIsRGFBITLcGUIo+Fo4BtVP99T8dvg8vXr1xrTpH4lr2RPcznjixAlimr3Yqgsx+Ce53ZEtc047dpvZ0uPnyOFcbK23pOVsUyz+POqL03zgwIHxozrGF59/Ts/5dvzwww+7VAr8LPj+uFOSR9RxG2ldfQM8TY3imTSH33MM629+cxemXnllfO+u8DIq3HmVnZWFXr177xBiRdsoCzWFYeE6/YwzwEtoCEFooZT8loWUh6oKYaMSmTjETgWV22B5TtGWhbEteJq535I1eMaZZ5NgNHOxCR4Nxh1dK1euxKJFi7Bu3Trxm0zzq+LvfUcWZ8vOM74GXt+Jp6NrDl8viwgvO8NDTdnK/e7bb7F61SrR1LDLHdNxPKT2kUcfFUMv24OH+J5FVj6PYGtud/Bf7Nrz9fN18UdmshR5PgVe7mVve933lqOPOQZ33HW3WD6meTxt7BI5nMorrGceNNHYUN+qmHKTxy233IZLL7s8vndXVq5YiTdeex1zZs0Sba7TPvjggDZnpApKUPcRLmDNCxnT2r7W4EmIRSaPmVcxxNfa/y6fXydrqNk3hVi19bNudyauIIvvmeeeR49evXZtS2wFPj8L8UmTJuHJvz+9S3wpv7Y3yogXE3ziyadwy69v26s1ovhRcOwsz4b0+htv7vZdtramXHQxHv7jI2JWJb7/5o9vT8QOMzBk2DC8/MorOOaYY8X5OgKHZB11VKx5YI9pSz+ikah+R55LayO8+JtsxSbOwNfO6bjHc+6Bk046GU8/y00NPxVDcjt6Hm4e4A6ov/7tSVxz7bVkde7+HLhzkecM4LH+bH1zXuV5A5Yu7ng0Qbqi/ZaI/63YC3h1zUULFwgrhWMueRggB6PzxBN7WtGUqamh7y5aIKww/i73RI8YMRLHkuvObuOe4Fnx2e0PBPxCvPi3hgweIiaYbj6xc3PY/eZZiX566mnIyskWk2CwVcqFUHS2CGWKLZo3ggrbLbfehrvuvocVFJ9+8omwbrk5gbeBAwfTeU6NnbgNWHx4AbqTTp4kCmNNdbUQGf6VxO/xT/J7Fm+ON73gggvx8COP4Jxzzm3zPngeAx4ocN75kzFQhIVFhTXIAe67njt2fr4nrlB4ldKbfvkrPPi7hzBgwMAOdbQlEJUL3Qe/bt68SdxH8+fGP8OuMHcCXnLpZfjFL24Ss+zzZ82JhEP4+qsvRRNBXl4+WfNZ4Hs47rjjYqsX7APcZHHypFMweMhgkZ48Fp/bqPn+dlwfXwddLzczDB06jJ7DzeRF3Cfid9uEjuc2dG6mKCoqFhO48NDl3LzcvV4YMt1Qbaj7CAsFu0Bc4ydgq4fbJFsWppbEvtvaEtT79l0uQCw27X03AQv5iuXLsXLVSuEqcxbgTixeRpoFJyFovJ87d2JjaWKwa8sjozoKn4NFb8WKFWI6weqaamH5cAXEM2yxtcltzh0Jz2oJn7uurk60823auAFVVdVUwXmFwPEMVuVl5ejTty+6d+/e4WezJ7hddumypVjHy1XT7/LsV8X03Pr1749+/frvGKXVFjxarXnHGXcoceWzNwLfFuw5rFu7Dj/M/x5rVq0Sy8hEKY9wTDKvlMuV/QCquHi1ho7Ak+vM+HSGiFt1cKU3aBCOn3BC/FNFWyhBVSgUik5CtaEqFApFJ6EEVaFQKDoJJagKhULRSShBVSgUik5CCapCoVB0EkpQFQqFopNQgqpQKBSdAvD/TniWKhRzskoAAAAASUVORK5CYII=', 'Kony User', 'Kony Dev', CURRENT_TIMESTAMP, CURRENT_TIMESTAMP, CURRENT_TIMESTAMP, '0');
INSERT INTO [konyadminconsole].[issuerimage] ([id], [issuerName], [Status_id], [Image], [createdby], [modifiedby], [createdts], [lastmodifiedts], [synctimestamp], [softdeleteflag]) VALUES ('MASTERCARD_IMG', 'MasterCard', 'SID_ACTIVE', 'data:image/jpg;base64,/9j/4AAQSkZJRgABAQAAAQABAAD/2wCEAAkGBhQSEBUUEBQVFBUVGBQWFBcUGR4WFxgXGBcVFRcZGBUcHiYfFxkjGhgVHy8gJCcpLCwuFR4xNzAqNSgsLCkBCQoKDgwOGg8PGikiHyMsLCwsMDQwNS0vLDQqLCwsLSwsLCwqKi00NCkvLCwsKSwpNC8sLCkqKSwsKSksLy8sLP/AABEIAK8BIAMBIgACEQEDEQH/xAAcAAEAAgIDAQAAAAAAAAAAAAAABQcEBgIDCAH/xABEEAABAwICBQgHBgUEAQUAAAABAAIDBBESIQUGMUFRBxMiYXGBkaEWIzJSkrHBFEJigtHhM2NyouJDwtLwUxU0RLKz/8QAGwEBAAIDAQEAAAAAAAAAAAAAAAQFAgMGAQf/xAA6EQABAwIDBAYIBQQDAAAAAAABAAIDBBEFEiExQVHRE2FxgZGhBhQVIjKx4fAjQlLB8TRTkqIzcoL/2gAMAwEAAhEDEQA/ALuRERERERERERERROm9aaakHr5A07mDpPPY0Z26zktB0xyxPOVJCGj3pekfgabA95WmSdkfxFWdJhVVV6xM04nQePJWouD5mt9ogdpAXn/SGuNZOfWVEnY04G/C2wPeoh7yTdxJJ2k5nxUR1cNzV0MXolIR+JKB2C/zIXpE6Uh/8sfxt/Vc46xjvZe09jgV5qRY+vn9Pmt59Em7pv8AX6r02i84UumZ4v4U0rANzHuaPAFT+j+U+ui2yNlHCVoPm2x8Stja5p2iyhTeilQ3WN7XeXNXgir7Q/LBC82qY3Q/ib6xveLBw7gVvFBpKKdmOF7ZG8WkHuPA9RUtkrJPhK56qoKmkNpmEde7xGiyURFsUJERcJZg0FziGgbSTYDvQmybVzRazpLXiNmULecPE9Fvdvd8uta3W6y1Eu2QtHCPojxGZ7yqqfFqeLQHMermrSDCp5dSMo6+XNWHUV0cf8R7Gf1OA+awJta6Zu2UH+kOd5gWVbnidqKrfjkh+BoHbryVozBIx8biezTmrBOulN7zj+Ur63XOmO17h2sd9AVXqLT7bqODfA81t9jU/F3iOSs6HWCndsmZ3nCfA2We14OYzHUqiXZT1L4zeN7mf0kt+W1SY8dd+dngo8mCN/I/xVtItCoddpmZSBso6+i7xGXktp0XrJDPYNdhcfuPyPdud3K3p8Rgn0abHgdFU1GHzwauFxxGqlERFPUBERERERERERERERRmsGsMVHCZJnWGxrR7T3cGj/oC8JAFys443SODGC5OwLLr6+OGN0kzwxjdrnbP3PUNqqvWjlWklvHR3iZmOcP8Rw/D7g28T2LWdZdapq2QulNmA9CMHosH1dxcfIZKGVTPVl2jNAvoWF+jscAElSMzuG4cz5fNcpJC4lziSSbkk3JPEneuKIoS6vYiIiL1ERERERERFlaO0pLTvxwSOjdxadvURsI6isVEBtqFi5rXgtcLgq19VuVdklo60CN2QEo9g526Q+5uz2bdisNrgRcZg5gheZVtGrWv09KwxYsUZFm3zMZ4s6uo5b+N58VaWiz9VxuJ+jTXfiUmh3t3d3Lw4K3NOayR04t7cm5g3dbjuHmtE0lpeWd15XXA2NGTR2D6m5WE2XF0r4sWd73vfffevq52sxCWoNjo3hzWikw+OmF9ruPLgiIirVPREREREREREREREREWwaG1vkis2W8jP7x2H73YfFbxR1jJWB8bg5p3j5Ebj1Kp1m6K0s+nfijOX3mnY4dfA8DuV3Q4q+I5JdW+YVNW4WyUZ4tHeRVoosPRWlWVEYew9TgdrTwKzF1jHh4Dmm4K5VzSwlrhYhERFksURF8JsiLA07puOkgdNKei3YBtc47GjrJ/XYFQ+sWsMtZMZZT1MaPZY3gPqd6ldf8AWw1lQQwnmIyRGNzjsMnfu6rbLlauqaqn6Q5RsC+mYDhIpIxNIPxHf6jh28fBERFEXSoiIiIiIiIiIiIiIiIiLvoqQyPDRv2ngN5XhIAuV45waLldmjIoy+8zgGjdnme7cpbmqPq8X/quXowz33eSejDPfd5KvfNG83zuHYquSeJ5vncOxZFNXU8Ysx4A4XcfmpCOQOAINwcwQof0YZ77vJSGj6Hmm4Q4uG0A7uxRJRGRdriT1qFMIrXY4k9aykRFGUVERERERERERERERERERERZmitKvp5A9nY5u5w4H6HcrLoqxssbXsN2uFx9QesHJVQp7VLTXMy4Hn1cht/S7YD37D3cFdYVXGF/RPPunyKp8UohMzpGD3h5j72KwERF165JFpPKprDzFLzLDZ892nqjHt+Nw3vPBbsqA12039qrZZAbsBwR8MDcgR1E4nfmUSrkyMsNpXQej1F6zVhzvhZqe3cPHXuUGiIqZfUUREREREREREREREREREREUhS6CkkYHDCAdlyQfksBjCTYAknYBmVJMqKoAACQACw6G4dy0yl1vdIB61omLwLMIB61y9GZeLPE/onozLxZ4n9E+11fCT4P2T7XV8JPg/ZaLzfqao2af9TU9GZeLPE/ovo1bl4s8T+i+fa6vhJ8H7J9rq+Enwfsl5v1NTNP+pq2SnxYRjtitnbZ2rsUJoeqmMlpg+xBsS2wB27bdqm1WSsLHWNu5VEsZjdY27kREWpakREREREREREREREREQoiIrG1W0rz1OMRu9nRf122HvHndTCr7U6v5upDTslGH8wzb9R+ZWCu4w2o6eAE7RoVxWI0/QTkDYdQofW/Sn2ehnkBsQwtb/U7oN8yF58Vw8r9XhomMH+pK2/Y1rnfPCqeWmtdd9uAXb+i0IZSuk3ud5DT53RfFdXJTRhmjg7/AMkkj/AiP/YtwFiLixHUsmURe0Ozber6rTV+k4p5nxCK+UkXzW2f+SvMy+Ltlhs8sGZDi0W32Ntiv3VTQwo6OKJ1g4AF5P8A5Hm5F9+ZDR2BR4IDKSL2srfFcWbh7Guy5i46C9u/YerxXn1fV6N01WczTTS2zjje8dZDSQPGy890mjppieajklP3sDXPOfGwK9mg6IgXvdYYXi/rzHvczIG21vfb3D7KxkWwR6gV52Uz+8tHzKjtJ6AqKf8AjwvjB2Fw6JPAOGRPetJY4C5BVmyrp5HZWSNJ4AgrARFLUOqdXM0Pip5HNOx2GwI23BNrjrC8AJ2LbJLHELyOAHWbKJRTM2pla0Z0s35Wl3k26meS6gJ0nZ7SDEyUkEWIOUZBG4guWbY3FwadLqJPXxRwPmYQ7KCdD/K1Shq+bfisHEXtfr3/ADUn6UO9xviVb2vIJpcDIXzF72gtjZjIAu+5G4XaO8hVVU6QhjeWSQFjm5Oa6NoIPWLqNW04jfYtLtNv7KrosQZiDekMWvDNfTjuWN6UO9xviU9KHe43xKnNHaKfO3FFRSOacw4xsaCOILiLjsXRpKn+z/x6ORg94xNw/GDbzUXodL9EVuE1MX5A0ZuGYX8LqK9KHe43xKelDvcb4ldzNLQEgCEkkgABjbknIDapV+jHgEmhmAGZJhFgAvBEDsiKze6GPR8du02/dQnpQ73G+JWxNdcXCjqK0wvDSSyDZdkIcPEZLZ9UdBiraJM2wjLKwJIywjcAN5/6NbqZ8pa2NhF1CrZoYW5yMttut9uxRS+uaRtBHbkrSp6OKBnRayNo2nZ3lx29pK+N0tA7ISxO6sbT5XVh7FAFnyAHs+q5v2ySbsjJHb9CqtRbHrtExsrBG1rSWlzsItiubC9tuw+KiItDzO9mKQ/lIHiQqiamdHKY2+9bgraGpbJEJDpfisNFnS6CnaLuhfbsv8lg3Wh8b2aOBC3se1+rSCiLKh0XK9ocyJ7mnYQ0kHdtXV9lfjwYHYx92xxeG1OjfYGx1XgkaSRcaLqRdk8DmGz2lp22cLHwKyIdDzPF2xSEccJsewnavRG8mwBuhkYBckWWGvl1kR0ZMrY3hzS5zWkEEHpEDYVac8gYxzjsaCT2AXU+iw81IcS7Lbq+oUCsrxTFoDc1+u37FVPFKWuDm7WkOHaDceatinmD2NcNjgHDsIuFUz5C4lx2kkntOZVk6rzYqSI8G4fhJb9FPwOSz3s6r+H8qFjcd2Mf128f4WjctMhtSt3Hnj4c0PqVWCtHloi6NK7gZh4iM/RVzoqk52eKM/6kkbPicG/VTKoXmPd8l1mAOa3DWOO7Nf8AyKvjQMX2bR8QdlzcLXP6iG4ned1y1RqDJQU7nG5Mbbnid5WLr9Wc1o2cjewRj85DPkT4Lq5NpL6Lgvu5weErwPKytAbSBnALgXxF9G+pO10lvIn91Xmo2gftGk3FwuyB7pHdZDjgHxZ9jSrK01pG9ZS0zcy5zppRlkyNriy465MJFvcXTqToEU0Mj3Cz5pJHuJyIYHODAeq13fnK17UrSBrNLVNTfoNjwRjg0uaGbdlw1xtxcVojb0bWt3uKtqyX12aWb8kTLDtOg8ySOwKc5TavBo2UA2Lyxg73AkfCCtL1I14p6ClLHtkfI97nuDALNFmtaC4kXyF8r7VOcr0jnspqdgLnyyEtA3kAMA7SZF3aA5KKeNgdV3mksC4Yi2Np22FrF3aTnbYF48SOmuzcLLZSupIcMDaq/vuLrDabaeGnUuocslPfOGa35b+F/qt0gmiqqcOFpIpW7CMi07QQfC3UtdedDxnCRR3GRya6x6zYraaWmZFGGxNaxgvZrAGtFySbAZDMk963xZzfM4FU9d6sA0wRPYevf2fRVlqXqfF/6nUh1nspXWY059JxdgJ4loae+3Bb3rPrPHQxCSUOdidhaGAXJsTtJAAsFW2pWuscFbUOmuI6l5dj24Tje5pI22OM57slaVVSQVkGF4ZNE+xBBuOotcNh6wVqpyDGRHa+qsMYbI2sY6rDiyze/QZrdd7rTjyx09j6mYGxtk057r9JYfI5TFxqZnZlxY252k9J7/m1YGufJj9njdPSuLo25vjdm5ovmWu3gZZHOwJuVtnJXRc3o5rt8r5Hm/bgHdZg8VgzpHTASbrlS6v1GLDXvo7++WtN9otrbVSmn9cKejc1tQ5wLwXDC3FkDbO2xazqTqsyeWSvnbi52WR9O142NxuIeQd/Dha/C0Tyj6O5+tccdubYxlrX4v23/GrP0dSCKGONuQYxrB2NAH0SKVs8zm/oPn9hV8uSiomGEnPKPe6gNbDtuLrWdYeUqnpZTFhfK9uT8FrNPC5OZ7FNaH0tDXU+OOz433a9jwMj95j25jYe8EKOqeT6gke574bue5znHnHi5cbk2DrDMqU0LoSCkYWU7cDXOxEYi7pWAvdxJ2AKSwS5jmtZQ53UPQNEAeJBa5NrHjv8FVWk9VRBpqGGL2HvikaPdZiu4X6sLrdyt6voxLE+NxIEjXMJbk4BwLTYnfmtPnY2bWFhB/8Ab01zbiS8C/dMFO651DmUUnNuwPfZjXbxiNnEWIzw4rLSzLE2Rx2AnyUyvmkqn0zCfeyt16ydvgAVFazawQQ0b4KOSLnbCCOKN4xNLnBhsAciAT3rY9EaMZTU8cLPZjaBfZc7XOPWTcntVO6v6s4auAl9wJYjbDts9p4q4tNOIppi3aI32+ErVTVTZmulG7+V5idNHT5KeJ+bMS4k8TYDw18StA0/pl1RKTf1bSRGN1vetxP7KNsgRcZLK6V5e46ldFHG2NoY0aBZuh52NnjdMTgYb7zbDctAA/FZbbJr3ADk2V3WA0fNy13QOrbqm7icEYNi61yTwaPr81so1SpIx6y563vLfkQFeYeysbFeOwB1ud6pK99I6W0tyRpYLO0Pp+OpuI8QLdrXCxtxFiQVr+vOjGtwzNABccLwN5sSD25EeCn9EaNpmOL6bCTbCS15fkSDY5ngPBQ+vLi50EQ+84nvOFjfmVY1Yc6iPS2Lt1u3RV9IWtrB0Vw3r7NVOavwYKWIfgBPa7pH5r4DBTucXPYx0hLnF7gHOuSe2w2BZ2TW9TR5AKrJZnTzXcelI4d2I2AHUNncsqypFIyNobc7B3aLGjpjWPe5zrDae/Vbnq7onGTVTi75TiYD9xp9nvtbsFlIaT1ihgdhe4l3utFyO3gpB5DWm2xo2dQCqeecvcXuzc4lx7TmtVZUeoRtbGLuO0/MntW2kg9fkc+Q2aNg+Q7lZNNLBVhkjekY3Xadjmu4EcPLILhrRUYKSU8QG/EQ0+RKheT9h9cd3qx3jGfqPFZOvk9oGN959z2NB+patnrBdQumIsSDyWv1cMrWwg3AI5laOrB1KdekHU5487/VV8rA1KbakHW5587fRU+C/wBQew/MK3xn+nHaP3UJyv0hdQseP9OVpPY5rm/PCtF5NaLnNJRcGY3nuaQP7i1W1rjo3n6GeMC5LC5o/Ezpt82gd6qDUnWplBJJI6IyOc0MbZ2HCL3duN72b4K8qAGztc7ZyUzB5JJcKmhiF3C4A/7Dr7/BbzyxVuGlijBsZJLkcWsab+bmqQ5KpL6NYPdfIP7sX1Vda8a5CvdEWxmMRh4zdiviw9Qt7KzNS+UBtDA6J0JkxSGS4cG2u1jbWsfd814J29OXX0tZZSYTUeyWwBnv5sxFx1jbe2yy3zlL079noXNaenN6tvUCOmfhy7XBQ3IzSAQTyb3SNZ8DcX+9aTrnraa+Zr8JjYxuFrScWZN3OvYZnIflCm9U+UhlFSth+zueQXOc4PAuXOJ2YeFh3J07XT5idBsQ4TURYV0DGXe9wLhcab9t91h3lbVpGqa/T9NG8/w4Xlg/mOEhN/yC/cpvXTR0s9DLFTn1jgLC+HEA4Fzb9YBGeRvY5KmdO6zvmrjVxYonXYWC+Itwta3baxBIJta2a3Wg5ZW4Bz8Bxi1zG4YT12Obey5WbKiM52uO0lRqnB6uMU8sLcxY1txpoQc3HUXO5Q2rnJlUvnYaqPm4mkF+JwJcB91oBO3Zc2yKtTWGqMVHO8bWxSEduE287KsdJ8rUsj2c3HzcbXte5of05A03wl9ui02FwBnsva4P3TvKqamnkh+z4Ocbhxc5e2YOzALryOWGJpDStlXQYnXTRyTsFhuBGgvrtO09V9ygqfUGtkjZJFFjZI0OaWvaMjuIJBupvVHVTSUFVGWtfCzGDKS4YCwe0C0E4iRcDLaRs2jL0ByrsggjhfTu9WxrA5rwcWEAXwkC18ztKzajlmjA9XTPJ/E8NHkCtbGwCzsxv99SmVM+LyZ4egaWm4B02f5WW6a1VDWUNQ59rc1IM9hJaWgd5IHeuWrVLzdHTsyu2KMG2y+EE+d1TetOvs9aMDsMcV74GXzI2Y3H2rcMhsyyU5q1yrcxCyGeEvEbQ1r2OsbNsGgtOWQyvfdsW8VUZkvusqmT0frGUgAF3ZrkA7Baw6uOziuGvOo1SZ6mqJjMWcly6xwgCzcNtu5WZobSTKqlZI3NsjOkOBtZze0G4VZ628pIrKd1PDC9uMtxOcQTZrg6waBnmOO5QGrOs9TQuPNAuY4gvjeCWk8R7rrZXHVe9lqFRHFIbbDtU6XC6ytomiazZGGzRsu2wGtidTby61JaZ5LauKQ8w0TR3OFwc0OtuxNJGfZcZLr0fyXV0jrOY2IZZyOHkG3K2qm5XgR6ykkB/A7EPNosuqt5XnW9RSOvbbI7IHd0QMx3hYFtLtzffgtravHLdH0bb8dPH4reXcuXJRonm5qw3xBjhC11rXwufiNt2xpWRysPkcyCKEHNznuIdhIwgNbvzvid4LWtU9fXUUBj+yukc57nveZC0uJsNmA7gN6xNZddZqqVr2RGIBgbhPTzu4k4sI23At1LCWdopskZF/qsfZ9W/E/WXtGUbCSLGzbbAb67VGU1LVRva9oN2Oa4XeCLtIIuMWy4V80NY2aJr27Hi9ttuLT1jYVQ0WlahzgLWuQL4OJsty0VpuWnJ5sixzLXZtJ423HrCgU9caZ1pQLHgsscopKkNPuhwva2/t/ZTmlNR3h5NOWlpN8LjYt6gdhHh3rDdqdK1jnzOYxrWlxtd7she1sh5qTh1+FunEb/AIXXHmBZYemtcBNE6NkZbitdxOyxB2AdXFJW4bYyNOvDXb4KnidiNwxw03nS9vFbPq4wCkht7jSe05u8yVqOndD1L6l5Mbn3ccBGYwX6IvsblxtndcdA60up24HNxsuSM7Ft8zbiL5261K1Gvwt6uI3/ABkAeV7+S3PqKSpp2tkeW2tp9jwWplPVU1Q58bA699e034+Kl9WtEGnhwu9txxOtnY5AC/UAPNRGkRzmlYm7QwNJ6i0Ok/4+SxKTXp7WnnIw9xJN8WEZ7ABhNgFiU2smGqkqDFcvAAbithyaNuHP2eG9JK2lMccbDoCL6HYO5I6OqEkkjxckG2o2nTj81uGslRgpZTxbhHa7o/VVvDLhc1wzwkO8CCp3TWthqIub5vBcg3x4tmdrYQtfVfidWyeVrozcAefep2GUroIi2QWJPlbqVtMeHtBGbXC46wR+i0afUeYPIYWFt+i4m2XWLbexY+h9aZKcYbB7NzSbEdjtw6rFSdTr6SPVxAHi517HsAF/FWMtXRVcYMxIIUCKlrKR5EIBBWx6E0SKeIMBucy52y7j9Ng7lq+vs95o2e6wu+I2/wBqUOvDmMs+PnHXcS4vw3uSfZwmwAsO5RWktKfaKjnHNDcrAE3FwDa5sMr2WFXWU8lMIYTa9tNdFnSUc8dSZZRx101UarK1Yhw0kQ4txfES76rSq2Fry1rBZznhrbjCbFxA6J2ttgsevdmrGgiDWhrdjQAOwCwWWD0+SR7tugHj/CxxefPGxvEk+H8rmQvPuuOhfstbLGBZuLHHuGB3SaB2ez+VegloPKzq9zsDalgu+HJ9hmYyey5wuz6g5xVxVx52XG5PR2tFPV5HH3X6d+7l3qokRFTL6eiIiIiIiIiIiIiIiIiIiIu6jqObka+18JvbiN48FMelX8v+7/FQKl9FVcAZaZrcQJsS25I27bdqjTsaRmLbqJUxMIzOaXFd/pV/L/u/xT0q/l/3f4rt+20nut+D9k+20nut+D9lFys/tu8+ahZIv7LvNdXpV/L/ALv8U9Kv5f8Ad/iu37bSe634P2X0VlL7rfg/ZMrP7bvPmvMkX9l3msnRelTMXdDCBvxXzO61h1qQXXDA1osxoaDnYCy7FAkLS73RYKBIWl12CwRERYLWiIiIiIiIiIiIiIiIiIhKIp7Uygx1GM7Ihi/Mbhv1P5VYCidWNF8xTgOFnv6T+07B3Cw7bqWXc4dT9BAAdp1PeuJxGo6eckbBoO5FxkjDgQ4Agggg5gg5EFckVgoCoTXbVc0VSWgeqfd0J/DvaTxbe3gd619eh9ZdX2VlO6KTInNjrXLH7nAfMbwSFQumdDy0szop24XN8HDc5p3tP7GxBCpamDo3XGwr6fgeLCsi6OQ/iN29Y48+vtWEiIoq6JEREREREREREREREREbtz2b0REWwRaEgc0OEjrH8Tf0XP0fh993xN/Ra/DHicAXBt97tnfbYpT0Zk96PxP/ABUJ7SzbJZV0jSw2dKR3LM9H4ffd8Tf0XdSaCja4PaXOtmLkEX7huUfFqw/EMTm4d+G9+64WxRxhoAaLAZAKJNKWizX3UOeUtFmyF11yREUJQEREREREREREREREREREREWwao6F52XnHj1cZy/E/cOwbT3KN0Poh9RJgbkBm925o/XgFZVJSNiY1jBZrRYD9eJ3q7wqhMr+lf8ACPM/RU2KVoib0TD7x8h9V3IiLrlyaIiIiKF1q1VirocEnRe25jkA6TD9WnK7d/UbETSLFzQ4WK2RSvheJIzYjYV520/q9NRymOdttuFw9l44tO/dltCjV6Q0pomKojMc7A9p3HaDxB2g9YVUazclk0F30t5497f9Vo7Pv92fUqmakczVuoX0TC/SKKoAjqLNfx3Hl2HuWjIvrmkEgixGRB2g9YXxQ11KIiIiIiIiIiIiIi7qSjfK8MiY57jsa0XPgEXhIaLnYulbJqzqxV1bS6IvbE2/SLi0Ej7rBvd5DeVtWqvJPskrjwIhaf8A9HD5Dht3KyoYGsaGsAa1oAa1osABsAA2BTY6IvF5NPmuPxT0jjZ+HTWceO4dnH5dqqMRYeib3bkcV73HG+d19Vkaa1cjqBc9GTc8fJw+8FoulNCy05tI3Lc4ZtPfuPUVz9Zh0tOc21vHmolJiEdTpsdw5LBREVarBERERERERERERERAiIs/Q+hX1D7MyaPaedjf1PUpXQ2pr5LOnvGzbh++f+Pz7FutNStjaGxtDWjYB/3M9avKHCXS+/No3hvPJUtbirYxki1dx3DmunRmjGQRhkYy2kna47yTxWWiLq2tDQGtFgFyznFxLnG5KIiLJYoiIiIiIiIiIiKE0/qdTVg9dH090jOi8fm39huFoWl+R6VtzSytkHuydB3ZiFwT4K2EWiSnjk2hWlJi9XSC0b9OB1H07rLz3X6oVkP8SnkHW0Yx8TLgKIcLGxyI2r02uqalY/22td/UAfmorqEbnLoIvS14H4kQPYbeRB+a80IvQ51Toz/8Wn7omj6LnFqzSNN200AI2ERtv42Wv1F3FSz6WQ2/4z4heeIoi4hrAXE7A0XJ7AFO6N1DrZrYYHtB+9J6sDr6WZHYCr5jha3JrQ3sFvkua2toR+YqFN6WSkfhRgdpvyVZ6G5HBkaua/4Idm3e9w+QHat+0ToOCmZhp42sG+20/wBTjm7vKzkUuOFkfwhc7V4lU1f/ADPJHDYPAfuiIi2qvRcZIw4EOAIORBFwe0LkibUWtaS1IjfnCebPD2meG1vy6lrdbqxURbYy8cY+kPDb5KyUVVPhNPLqBlPVyVpBis8WhOYdfPmqhcLGxyI2g5HwRWzPSMeLSMa8fiAd81gTasUztsLR/Tdv/wBSFWPwN4+B4PbpzVmzG2H42EdmvJVqisT0OpvcPxu/VfW6oUo/079rnH/ctPsSfi3z5Lb7ag4O8BzVdXXfS0Ekn8Njn9bQSO87ArJh0HA32YYweOEE+JWcApMeBH87/AKPJjY/IzxWjUGo0rs5nCMcB0nfoPEraNGaAhg9ht3e+7N3ju7rKRRW9PQQQatbrxOp++xVFRXzz6OOnAaD77UREU5QkRERERERF//Z', 'Kony User', 'Kony Dev', CURRENT_TIMESTAMP, CURRENT_TIMESTAMP, CURRENT_TIMESTAMP, '0');
INSERT INTO [konyadminconsole].[issuerimage] ([id], [issuerName], [Status_id], [Image], [createdby], [modifiedby], [createdts], [lastmodifiedts], [synctimestamp], [softdeleteflag]) VALUES ('VISA_IMG', 'Visa', 'SID_ACTIVE', 'data:image/png;base64,iVBORw0KGgoAAAANSUhEUgAAAgAAAAIACAYAAAD0eNT6AAAAGXRFWHRTb2Z0d2FyZQBBZG9iZSBJbWFnZVJlYWR5ccllPAAAI7hJREFUeNrs3XuTJGWdL/AsHE7IZZYGNpaJFWaKWEPwskEPf6ygrFPjhY1YQcYXsEvNCVdwRGdGBUGPdjcgCggzja7HG0z1nhdgs3uOl/VETI2LK4rGNKv+Ibep2VhYjoIWDrEC7kadzO4aGIa59CWr6peZn09EOuDQ1VmZ+TzP93nyyXySBAAAAAAAAAAAAAAAAAAAAAAAAAAAAAAAAAAAAAAAAAAAAAAAAAAAAAAAAAAAAAAAAAAAAAAAAAAAAAAAAAAAAAAAAAAAAAAAAAAAAAAAAAAAAAAAAAAAAAAAAAAAAAAAAAAAAAAAAAAAAAAAAAAAAAAAAAAAAAAAAAAAAAAAAAAAAAAAAAAAAAAAAAAAAAAAAAAAAAAAAAAAAAAAAAAAAAAAAAAAAAAAAAAAAAAAAAAAAAAAAAAAAAAAAAAAAAAAAAAAAAAAAAAAAAAAAAAAAAAAAAAAAAAAAAAAAAAAAAAAAAAAAAAAAAAAAAAAAAAAAAAAAAAAAAAAAAAAAAAAAAAAAAAAAAAAAAAAAAAAAAAAAAAAAAAAAAAAAAAAAAAAAAAAAAAAAAAAAAAAAAAAAAAAAAAAAAAAAAAAAAAAAAAAAAAAAAAAAAAAAAAAAAAAAAAAAAAAAAAAAAAAAAAAAAAAAAAAAAAAAAAAAACAPNUcAqAKTvvzzzUOqfrG0/8ZO7wm7B25SuzMb7X5v+v+ds+1c44mAgBAEGOXfDZr0LOGvdFL2/sXG/na/P937Krv2AGg/9+84u/m0t/TTf/ck/5l9mcWDOYO7PlY19lAAAAYWIN/S9ajT7faBQt/vtSj7x1avdUWUfUtLwD0f89hn1ebHzHIwsCD6b+0D7Q/2na2EACO47Xr/moy/WPi8ILbW8wu1175d73jFN4jFNxXVh6LrAiOX+kcpfJ46bNe7EFkPYr9D31ltooX5B//6fasEv/Nsc7Pof/SW8L5OfhzvUWen5f+r/mfmft/e29dv5zv9EcX3lBPP2Lf8YtcbXHX/KKOQ+0Yv6rWfepHU6cXrsF/6y3j/Yb+ivk/a8cpW6MLAEf6PVm5zoLAnjQQVLJsZ179F/8zO4eb0m1DuqXlolY/6vV7lLK43HL/Up37sr+Y+v3/ed9kVc/HqmD7s6HKHZp+5ZZt29a97qosEKQVRW1q/0Nf7lToODSDJuXpFfz4eLCvU5ge6dhbP5MduyvTM7BpvsEorvH+tm11446kV6tlIWBPVsaf3f2R0pfvtOFvLnTuwp3DKrc54QLAeMIhgaCWFZpN6867enr/L75clZS6NeA+dZ/ce2urRNf1g5EvgNPf8pnsvn127W/tFbvRP5ZN/W3HqRvvzEYHZsoYBl79F19Kv2NtR+DwVuk254QoO/LadX9VTw6dlcuhIwMTaQjYm271Mn/RP/7T7Y2gFUVrhT8frZcRcgTg9Lfc3Egb/13Jwi2gyI3GIBqh7PvuS8PA3lM37miUpPHPvtM3Yp/H2tiJ7767KtdZ3ACQLNwD396vbDsJR6okshBQ5sR6ZdD9ml7hz0er0EM9xrbQ8N+8O/3HbGsq58UPPq++9EtZkNtWoGNeSWFuATyy/39lAWDnSyMCf13vn5gN/QrU7YGF0YDda8+7ev2//qJc8wL6k/8iVv6zT+69ddnH+o8uvCHaddt56kdTIR5Tyxr+ZOG+cEPRjhvQltn4FynIZWW0khMzV0XdsUf2/12nPxIwf2L+pP7XWQOx6ZBAUK9o5ZAdh2xYbX3JvlfUCmOmZL2LdoCGPyu7uzT8R9R9dvf2wgaAtPGfTIo3ilPZiYCrirKjj3b+Luu1tPpbGgiufPkjQdUyvva8qyf/tVwTAyNO/us8ufe2lfYMolUuI5sAePpbbsrC67Z+r5+S9f7Txn+8oOe2skH0hKLu+KOdmbl025luG5Nakj3TvLkfDiryFq7axNrzPlAvwzd5zZu2NWoxR3Smc/iMaCMAI2lgTr/4pkbSS/Zq/I9rT4H3fUdRd/zEd99dyVvMq8rwJR7dN3Po6MDmPzm3uak/MpD9WeYnCyb6wafoIk7+O3hNlSoAPPWjG9vD/p1nXHzTjl5xJoQZAViGky79UtaLbvSKe9zHk4LPvajUCMCxA0FrNt02P7avlY0MvLfEIwPNoo8CpL3/wJP/blvRNXPWhTc0gn2noTb+acNfT7es16/xD3qOcu6MFNkFVbzYTij7F0xDwGy6Zb3kc/u95XbJvuIm+z8QeQz/RwsAQ+vhpA3//GOriad3lqLz7O6PFK6jkvb+60nx76NX8jo9oSpf9LHHdnXTrZVuG/thYKokowJXFHz/I07+az85d1sejWW0XsVQJgCecfGNzSTpZY2/F3sFDWj56m0twbFvVPGCO6GKXzoNAZ10m0y3g5MH51y4w/eaN20bD5q8Z3L6nMo9ArjQ+M8/4sfSFW4C4EmX/m3UW3hLduK7765cCDih6iXuscfuaaVb9kz9xqSgtwfWnveBol64Md/7P3dba6Ufcla2AmCsJxu6T/3oxo7G3whAzso00bpytwFOUOZeDALtxx69Z2NBg0DhLtz+5L+I9/+nS3pOBtq4nHGRxn+lnt39kSJ2QLaW6BRUbiKgAHB4EHj0nva+l4JApyC7vU7PITetnD4nWgAY2PCyxr+avf+TLv3bRsl6zUYAWLDv0bvTIHD3wcmCLtxq9BxaT87dllfoq8QKgGnjP67xj3t+BuzKkp0DAYBXBIHJZGGiYOQnBhpFOqYVmPwX8Zzk3sNMG//5xanUErl4sEg7m/b+60kJV26s2kRAAWBxIaCVBH/j3trzPlCk9Brzvf9zt+XSCzvrwusDrgB44wACbC9blMqjfkED2oA1S3oeBACOGAKyRWEi3w6oF6T3H3XyX57ntvSP/51x0dRkYjW/vHSf3f2RogWAK0t6Lio1EVAAWFoIyCq9TtDdK8oIQMTJf1nvOM/1wEu9AuCZF00VddU3vf8cnHTp3zaT8i7HXql5AALAaHuKeSrKmtYRh/9nn5y7Lc8h8rI/ArhDNZCror0A6MoSn4v6ie++uzK3tQSApY8CtIKOAoRPrq9507Z60P2cKvO5yHMFwLT3n/X+GmqCao4A9Cf/lf38V+b6FgCW2WMMuE9jBVgZMOh7/2/PLdCddeH10SqPds6fZ+g//jkapCqc/8rcBhAAlmcm6H5FDwDNCpzLaAEgt95lv/dfV/xzVZgVAE961xejTuDN24aqXHyrlL+l2/fI1+fOfe37skIb7V5RI2pv4jVv2toMeLw6ae+/lfNnlnkFwDL0/jrJy2/hZQHpmaNU/mND6A0WaQJgxDJsBEAAGIl2wDQc+RGWiBOHBjGSU8pHAIvZ+++lDX0t+/7ZJLu5Z/7p+mU3tn/wttsah4Tsdf3znMe5LtIEwDK99/9Yxk687J767//3f+8IABzNvQEDQMjkmvb+60nMiTU78/ywsy68vh6qkewl3aceyG0FwKLM/M5G5lpZuHvmvhty613/9nvXtY8UqFZvuL3Rv7Yv6P+51B5yIUYATnrXFxtJtW7/ZHWpAMBge1Y5i1pAg773//a8772W8vG/My+ajBrgDm/4s5Ucd3bvu2Fo99QP7Lm2fWhdsHrD57PjdEW/c3Dc8ligFQCr0vs/KLsVNFv2L2kS4DLte+TrnYgJce35WyJW1M1we9SrxPB/XsPL0Sd+ZRX1uWnDPznMxv/IgeBj7QPtj21Pt2whsfXJwihTp+C9/3pSjcl/kcuyEYCgowDNgBdumF5F0Ml/c08+ePsgjlFZVwCMPPy/PW30d0bcsTQEzPUb+e2rG3c0+sexOYDzU70AP3iNKnxJIwAxelh5ijYRMGLjMV2RSmPFPcz+8H/U3tDm7n2f2JkUwIH2R9vpli0odnoWCPqjAkVZAbBqw//zTrzsntKPAhgBiNHDylM9TO//jREn//W6SVLL/d5eyBUAH8hlBcCoPaFW2vi3ilZhpCEgOydZaNl56sY7wz9Sd9K7vpj1/qu64uN4UrxVGo0ADEvQeQCRKuxmxIbjyQdvH8R94nKuANgL+Whpt9+LLrSCvACozO/9P57SrwwoAKxcuJmia8/fEqUxqtLwf1lXAIw4DDrd/f4nugmD7v2PJ9Ve96H0310AWLmI8wBGXmm/5o1bF/UY1LDD2r8/+PlOWY/5YfIauoxYCbZUO0OxteLfv/RzAASAlWsH3KcIDW9V3vwXsrJ46oGVrwB45psn6xELXNr77yQMuvef3fdvVv04nHjZPaUeBRAAVmjfI1/vJvEmiox0OLo/+S/ac8OdtPc/kNs1JV4BMGIAaCcMw4gb/15Wp0a4zVPqUQABoJyV0qgv2og9h+kBfna0AJBXII04+7vUPbJARj38PxOkY1XqiYACQD6izQMYW3v+llH23iIO/7cqVEmUeQJgMvbWW+oJA3PSu74YYf5OK0i9WurAKQCUcwQgGVUBDjr5r/XvD35+kMOJ467HoWqqcganlvRGHeBnn//21VFurdZPvOye0r4HQQDIQdB5AKNKrlV69C85a/31Y8ECT/epB27qlLzIbR176y1VfTnNQJ38ri9k1/Ko5+/cGyzIlnYegACQ/0UbxdCHpc9+44frtXiT/9pp73+Q4awR7PvOVaCsZY3/LlXOYMLVqANs2vtvZf/w/LevyjpWEcJso6wnWwDISc9EwEwz4KmZKeFxPpY9FSlym8YuuWWHmifH3v87vxDh0b/ZaIG2V+KJgAJATjqPfD1aAKivPX/LsIdJow3/d9Pef2vAv6OsKwAWwTYhIN9QlYz+yY/DA3uEBZPcAqCQle/QLtyz3/jhRhJv8t90mY7xIs1VrMylIeCzu9LNnICVG/Xwf+f5b1/dDlin1ldddk+9jCdcAMhXtOHXYTZOVXv0L5sAOJ7Eela+89QDN+X5tENRRhOa6bY7DQGlf3XroJz8zi80AoTZ2cCBtpTXlgBQ7hGAody7Snv/EV8bOsj3/ketFPK+/oq04E52LvamIWBSNVTYAP+KEbv+RMC5INeXAMAxul/x5gEM66JtBjwdwxj+L+sLgOY9/cPJIt5OmEhDwN7TLvlsQ4206N5/hAA/9/y3rz5aYI9wHW4o47kXAAbQ86xgAIi1alivl733fxhhLFojM1eQzxzGdb87DQG7Trvkc3VV0nFtC7APM8MKtkYABIBBCjUPYO35WwZ64Qad/DdVxUrhqQduGkToaRe3KNayXu3e0/78c5PpZpLg0UUY/m8FD6FjZZwIKACUv8IcdCMV7tG/ZAijMGet/3gVev/Ze2GL/l6BrOGfSLd9aQjYlvAyJ7/zCxFe3X3w1b9H9Py3r4pSpzbKdv4FgJx1HvlalGUsDxrYfeqwk//+5Y5hHP9KvP//6fsnZ5NiTQY8VhDYkYaALAg0Ew6KcPvu3lFd31HqUgHAKEARG6qIFemwhv9DTQqqDfY+6WyJymbW2921EARurXQQSHv/9QC92u5z/Vf/HocnAQSAwog0bDrIi3ZrsOPeTnv/nYpWBoOsIKfLV0Rr/SBw6+50ayTVNBFgHxYbLiNMBCzddSIAlH8EYGzt+VvqeX/o2W/48HgSb/LfzDB+yVnrPx5uBcBfPXDTwALA0/fPPw7YLmlZzSr13ae97dZsq0wQ6D/6t6lAZTbE0yirLrunVKMAAsAA9OcBdALt0iAu2mi9/07a+29VtCcwjMpxquTFdj4I/MHbbtuVbvWk/CK897/z3Ctf/XtEz3/rKm8EFACMAkS4aNPef5Tew9B7/0ErgYHfcnr6/ol2Uo2Fhprpti8NAZPpVuJHB3tFGv6PVKeW6oVAAkCBK+UlyHv2aoTew+FaFa4EhtU72l6h8jvRDwLNsn2xk995VyOJcQtriaG9FqFONQJAtUcA0t5DtOH/1hAn/0WsBIZyrT19/0QWNKYqVIazkJvdEthdstsCEd7dMffcdz6w1ODqSQABoBg6D38ta5A6QXanvvb8Lbn02M9+w4fGAxaCoQ3/n7X+48FWAOx1fpXvCoDHszOp3pLDjfnRgA23T5ag958FmWZBy2yQiYC7GgIAVR0FiNb7n0t7/+0CHsfcvv8wf9nT909kYWNzUo6XAy3VRBoC9qZbkXuBzSD7seR3Szz/rfd3glx3pRkFEAAGq1TvA0h7/+Em/9WG/4z6BVW/xvq3ArZXtEzPLzuchoCivlY4QoCffe47H+gUIfAeRWkmAgoA1RkByKPhijb5byjv/T9Mo8ojAAf9+v6JVrJwO6CqdqQh4BurN9xemCcFTn7nXc0g5ffeFfysiYACQDH05wGU6fnVcJP/nhjOe//DFv5fPXDzyEJmGgKyUYBWhYt4Foj3ri7OLYEIk/9WGtojdKrqqy7bVYpHRAWAyowC1FZUSQWd/DfU4f/KrAC4pBDw6c0VDwH1dNu9esPnN0XeyZPfcVdWdiNcv9nwf7fI13yZRgEEgMELMw/gnPM/uJIKIFjvv9d+YriP/kUs9CHCpRAwP6z+jTQENAPvY5Tyu5Lh/2wiYLcX4+mqRhkuXAGgMiMAL/ZWlitaD2cUC9REm/zzYJQdEQLm7YoYAtLef5TJu52095/HnJ0IowClWBpYABj0Ff/w17pJnGGrZV20Z7/hQ80k1uS/zhP/cucolqit9COAxw0BP5gPAVMVL/K7VjfChYAo5TevMmtlQAHAKMAQG7Argx3Poff+Y64AeHO4F/KkIWAyqe57AqKGgCjD/3m9sGv09WktGVt1+a560S9UAWA4V0uUeQBLTq1p778eMO22JP64b+NLQ0B6fmobk1grYo4iBIx8xOiUd9zVqMUIrst59e8RvfCt9xe9QyUAGAEYjXPO/+BSK4OAj/7d2VXYQ71k6ggh4FNZZb8+Gf57GiLZnYaAUQ+9l633HykACwAcX+fhr3aT4t4GaAY7nNMj+r1VXQFwJSGgm27vTap7S2D+6YAR9v6zsB9l8u5sCa//wr8RUACoWo+ttvgAcPYbrmkmsSb/zaW9/1EVfI8ALj8ItPqjAe3qFftaY3XjjsnR/O4wq3au5NW/RxNhIqARAApXYS8ltcaa/NcbTe9/TbgVAJPOrx64uVA96t/84FOddMvmBby3gqMBE2kIqI/g9zaDfP97B/CZEUYAsomAhQ4BAsCwauyHvxolACyqIkp7/9l/1wh0CLtP/PTOlqQfpvJbXhD4509lQ8HnJtVbR2DXMH/ZKe+YbgYJrQNZr8NEQAHAKMAyA8A5r//gcSuGWrzJf9Mj/N2VXwEw3xDwP7rptr0fBNoVKfvZrYBhBupIw/+DGvGJcO0U+oVAAkA1K+7FpNZmsGPXGuHvbgQ7FnNlKAxpCOikW3ZbYGNFgsDEkHr/kdbtuLfk5cAIAItPw1F6I8f6y3PecE20ZX9nn/jpnR2FfMEoVwAcUBBo94NA9rRAp8Tlf1ijAFF6/53nvrNlkHWeNwIKAMXRefirWWKNMAFq3XH+vvJv/jtojRUAhxkEWr/550+eW/IgMNCylfb+s+DerEiHJ0RZKPJEQAFg+CL03o56wZ7z+vnJf5EW/umkvf92xGNV4etnwEHgk63ffL+0QaC5unHHIEfXtgX6rjOD/PAXvvX+KB2qwo4CCADDF2EewLEatWaw4zU92l/fswLgqILA9z/Z6pYzCAwyYEcZvZt77jtbhtFDtzKgAGAEYKnOef0HG8ErkKSf7luBw9JIKtaqFZjufBD4RJmCwBWD+NBT3jGdBYt6FXr/BepQCQC8JNA8gPorQ8E1kSqQTDb5b2THas366+KtAPjjm+eqWnbSEJCFweyNglNJsV8m1BjQ50Z6dHdYE549CSAAGAVYhguC9/4zIx7+9/hfwBDQTbfJZOEdAq2Cfo2xUzfemWujkfb+64Gu1/Zz/7ilU6UyseryXY0iXogCwGiEG7YKOPmv/cRPd8xFOkaum2BB4L5PbC7wssN5X1uRev/DGv7PJgJm595EQAGgUGYDXrDNYMdoJsA+WAEwehC474Z2snBboGijAfX8ev87x4KV32HXb+0A37mQEwEFgBHoPPzVToReyzmv/+ChvZBIw/+dtPcfoUL3CGAxQkA33bIJgkVadjjPBiPSi7taz/3jlmGfAysDLtMq1cdIK/NRp/asFzIXcPLfyHv/a8avi7cC4I9v7io2xwwCrbFLPpuNkuwOdu6OJM/9izT833j1pV/aPf9PtYP/V+3o/3Vt4e96r/yLo/zrEf/7COe6vuryXWP/+Q+bC1VGBYAR6S3czx11AMgaudkk3uQ/vf9XMvy/uBAwl4aAjQUJASt2yjt2NoJdq/VgnYlh1xntIu2wWwCjHQEYtQ39lQEjTf5rPfHTHZ0A+2EFwAKHgGRhgaHIvbFGTj2JK53xkp1TAaD89seYB5Al1mawQzOjMBsBWKlnFkLAVKl7/2/fWQ9YfqtsQ9F2WACo9ihA1vuPdP8wm/zXDrIvsVYA/HG5VgAcTgi4fmdS7tUFNf6xFG4ioAAwWhGGdeuBjkeIHtua8euC9f57ev8Fv6YGxPB/LGOrLm/Vi7TDAsBozToEB9u4XjfQ8fD4nzIW+pye8vadzaS6k+2MAggAxbf/4a9mjZ7e3YJs8l+USVtWACyJZ+67vqxlTO9fABAASkDvbsG0QnxUQuLKlOr9Cf3Jfw2nNaRCTQQUAEbP411pCHr8Zzs7EXZkzXjEFQA/IwCUz0qu9wmHL6xCBTMBwAiA3n/sAqzxX7l6wH3av8zef7T3dnCYVZe3CnMbQAAYdS3w0FeqPg+gk/b+I03UsgJgiZx2yeeijeisNNg1kwq84bDgBACMAizSTLD9sQJguUTtLXeW+XNbndLwCrMyoAAQw70V/u47pffRBIA//LOJegWur5D3y5/d/ZEln9dT3j7/3v96QnQNAYBF2//QV6o6AtB6/Gc7w8zQXjN+XVa5BlsB8DOdAX7+vjPfPJFtzTJeXKdd8rltQRvMZZX3WtLT+y8GtwAYTqVQcNPB9idach9k7/9gJZU1kLv6QWDbmW+eLMX95dMu+ex4Ene2/JLndZz69h3ZeTL5ryBWXd4qxCiAAFDgSqHg5tLef7T729Hu3Q3yBUCHV1BpA1PbsTAqMLkj3epFvbDGFhr/yMsBLyfsN1WRRgEEACMAev/VKbSDvCaOFnayRnNbPwjsTrdCNTxp498I3vh3D7Q/upzzavi/WAoxEXCV8xRDNg9g3euuqsrX7aa9/1bA/WpE2plf/fgzgwwA44s8Ho0zL5rMRgZmk6Q28/T9EyGDatrwZw3+RD+8RLbkR15PffuOZuLRPyMAAkAlRgEaFfie4Rr/eCsADvT+/9gSK6j0v69ljVDzzIum5hdt6i08udL+9f0TI53E2W/4t/V7yEVoJJfzxI/3/hcwAKy6vDX2n//QDP0aagEgXuVQhQBg+H+EAWCF3zVrZJv9LTnjohuz0LqnH17nfn3/p4dS4Y299ZZNSS25Ikl6m9JwUpTecedA+6NLGgFIe//jiff+F3kUoC0AsJQRgLKbjfLe/8NEu2c3yEmhjZw/K9sm0gY5OePiGzv98PJg2jBn/zz/77/+waeWHQzSxv7giEWjf54aSTGHxJfz0iv3/ourIQCwaPsf+srcutdd1U3Kfb9vOnBhrcoIwCDDTr2/veyRtdMvvin7o5uGhLnsifbDvuczL/1r7bT5xr7/n/Tmz0svOexniigr10t66dWpG3ccHG2hgHoFmAgoAMQcBSjp8769zuM/mw6XiAOuAJgMeAXAUYWdsSP87kZFynXrQPujSx0F0fgXW/iJgB4DjKfM7wOYVlAXHQIHov/6XzPKh9/7n1rGzxn+L7b6qy5vhS5rAkDMEYCyVoKtoPsWrRc6yBA4rogNP/gutfd/6sYd2Shg3aErvEbknRMAgsnmAfQby7KZffxn00G/V69CKwCG+64l1+sky1vwyqN/5RA6cAsARgGG1gtSSCMEACMAQ7Z9Gb3/rOfvvf/lEDpwmwQY070lqwDaae8/5Lr2a8avzSrbOPfpeknnlz8Z6AqADcVraFoH2h+bXcbPRbz3X8ROyVJfeFW5wC0AGAEYhpnA+xatQRzgGwA/rfc/PFmI277UHwr66F/7d9+9ZmPRTsB/+8uvZWV796hDyKve06r/1983OxGPkVsAAe1/6CudfgVSBt20998KvH9VXgGQwXlv2vtfzpyXTUm8pzRmingCXvjm30TpSIUN3gKAUYBBmw6+f1YAJG+b08Z/mSM5vYjD/7MFPhcRbj2GnQcgAMRVlvcBtILvX6he8S9/MvIVAFmZnWnjv6xr/tSNdzYCnqPZ3333miI/lRShI2UEgEqOALQe/9l0J+rOrRm/thFslwZ5/z/ChKiyax3Y87HtK/j5iI/+zRT8nDwYYB8aUQ+OABBUSeYBRK88PP5Hno3/5uX+cNr7jzj5r5v2/mcLfl5CPH30qve0QpY/ASC2Ihe+zuM/j/fe/8NYAZCRN/5929Q/+Xvhm38T5fFjAYBQDcKgTRVgH6M1ikVdAbDKpg7suXZzDp8Tcfh/uiTnKEJHJOREQAHAhTsI3ei9hzXj14ZbAfCXPynlCoBllV3jm9PGf3KlH3Tqxjsjvve/87vvXjNXjlNVi9CRMgLA0ux/6MvdJMg9rCWaffzn09FnDldoBcBPZ42LFQBzbBzTbeNv91zbyunzIj76N1Oi8xWhDhUAqMwogOH/pbMCYEHCbbqtTxv/XBqVtPdfT2KOzrRKdM6CTAScCXeeBYD4CjYPoNdOe/+dAuxohVYAFABykI1ovTdt+LMtz9GtiYgN5u++e02nLCfuhW++r5PEWGE1XDkUAIwA5K0oE4eq9AigJYBX3hs+N234c53X0n/0L+KiXzMlPIcRRgHCTcQVAIIr2DyAzr/9/K7wjw6tuSDYCoBJtgLgLYPscTWUpGWH742//d51m9NtED3IiO/9Pxh4yibCSGq4cigAFMO9BdnPovQcohVEKwAGC7JJNtz/veuyxr89wN8Tcfh/9j+++6FuCc9pO8A+1F/1nplQgU8AcPHmaWdB9rNKKwB2+uelqxgtqpxlvf1z022gI1n99/7XdTaKH7KXKFQgFwAKYP8vvlyEAND6t5/fVZRGpjKPAD71oxu76bY93U7PGrekBG93G8S1m24bn/nex7Mef2tIvzPii3+6ae+/VcYT/MI339ftxXi1eiPScVml7Beqd9IIvH9FmjgU6jj+8ie3DCXgpSEgq9xbf/hnEwcnn12RxJyENgS9tEdYy67Z1jP/9PGhBtf+o3/NgAel7OEwGwWoj3gfQo0+CgDFsSdwAJhLe//tIhzENRdUZwXAoweBqW6/19s6883zYSA7Jhv6YaBe4jKUHet7Fxr960fWG6yljX9PiB9VHTrqwBtq9FEAKNYIwETQfSvSO8Or9PjfcT39w6mDr23Otu1nvnmy3j9GG/p/NopbZHrpd6u1+41+e5SN/st3q7c1qdWiHazOf/zfD7WTcoswDyCbCFj/r7+/MsS1KAAURDYPYN15V4d8w17a+28VrBKIdBxDVbpP/3Ayq5g6ySHDwWdeNDneDwMX9P/MtrGg53au39Obe+a+G8I9Pru6cUc9aGAuyXv/j+7333xf+8S//PpUwotqDgGwHGdcNNVIq5CxfiBYl9Ym9X4wGD+8eum9rMapHb9Kqh32cy/9TOfFrZbsX2i4ap1uwMYeBACgmgHh4puyQFA/pCEfT2ucsUUGgPkXYB0SAOa63/+ERxkBAAAAAAAAAAAAAAAAAAAAAAAAAAAAAAAAAAAAAAAAAAAAAAAAAAAAAAAAAAAAAAAAAAAAAAAAAAAAAAAAAAAAAAAAAAAAAAAAAAAAAAAAAAAAAAAAAAAAAAAAAAAAAAAAAAAAAAAAAAAAAAAAAAAAAAAAAAAAAAAAAAAAAAAAAAAAAAAAAAAAAAAAAAAAAAAAAAAAAAAAAAAAAAAAAAAAAAAAAAAAAAAAAAAAAAAAAAAAAAAAAAAAAAAAAAAAAAAAAAAAAAAAAAAAAAAAAAAAAAAAAAAAAAAAAAAAAAAAAAAAAAAAAAAAAAAAAAAAAAAAAAAAAAAAAAAAAAAAAAAAAAAAAAAAAAAAAAAAAAAAAAAAAAAAAAAAAAAAAAAAAAAAAAAAAAAAAAAAAAAAAAAAAAAAAAAAAAAAAAAAAAAAAAAAAAAAAAAAAAAAAAAAAAAAAAAAAAAAAAAAAAAAAAAAAAAAAAAAAAAAAAAAAICw/r8AAwB4l9DaLCAOtgAAAABJRU5ErkJggg==', 'Kony User', 'Kony Dev', CURRENT_TIMESTAMP, CURRENT_TIMESTAMP, CURRENT_TIMESTAMP, '0');

INSERT INTO [konyadminconsole].[servicechannel] ([id], [Description], [createdby], [modifiedby], [createdts], [lastmodifiedts], [synctimestamp], [softdeleteflag]) VALUES ('CH_ID_ONLINE', 'Online', 'Kony User', 'Kony Dev', CURRENT_TIMESTAMP, CURRENT_TIMESTAMP, CURRENT_TIMESTAMP, '0');
UPDATE [konyadminconsole].[servicechannel] SET [Description]='Mobile App' WHERE [id]='CH_ID_MOB';
UPDATE [konyadminconsole].[servicechannel] SET [Description]='Tablet App' WHERE [id]='CH_ID_TABLET';

INSERT INTO [konyadminconsole].[statustype] ([id], [Description], [createdby], [modifiedby], [createdts], [lastmodifiedts], [synctimestamp], [softdeleteflag]) VALUES ('STID_CARDACCOUNTREQUESTS', 'Card Account Requests', 'Kony User', 'Kony Dev', CURRENT_TIMESTAMP, CURRENT_TIMESTAMP, CURRENT_TIMESTAMP, '0');
INSERT INTO [konyadminconsole].[status] ([id], [Type_id], [Description], [createdby], [modifiedby], [createdts], [lastmodifiedts], [synctimestamp], [softdeleteflag]) VALUES ('SID_NEW', 'STID_CARDACCOUNTREQUESTS', 'New', 'Kony User', 'Kony Dev', CURRENT_TIMESTAMP, CURRENT_TIMESTAMP, CURRENT_TIMESTAMP, '0');

UPDATE [konyadminconsole].[communicationtype] SET [Description]='Email' WHERE [id]='COMM_TYPE_EMAIL';
UPDATE [konyadminconsole].[communicationtype] SET [Description]='Phone' WHERE [id]='COMM_TYPE_PHONE';

INSERT INTO [konyadminconsole].[cardaccountrequesttype] ([id], [Description], [Code], [DisplayName], [createdby], [modifiedby], [createdts], [lastmodifiedts], [synctimestamp], [softdeleteflag]) VALUES ('ID_CANCELLATION','Requested for Cancellation','CANCELLATION','Cancellation','Kony user','Kony Dev',CURRENT_TIMESTAMP,CURRENT_TIMESTAMP,CURRENT_TIMESTAMP,0),('ID_NEW_PIN','Requested for new PIN offline','NEW_PIN','New PIN','Kony user','Kony Dev',CURRENT_TIMESTAMP,CURRENT_TIMESTAMP,CURRENT_TIMESTAMP,0),('ID_REPLACEMENT','Requested for Card Replacement','REPLACEMENT','Replacement','Kony user','Kony Dev',CURRENT_TIMESTAMP,CURRENT_TIMESTAMP,CURRENT_TIMESTAMP,0);
ALTER TABLE [konyadminconsole].[customer] DROP CONSTRAINT [FK_Customer_CustomerType];
ALTER TABLE [konyadminconsole].[customer] DROP COLUMN [Type_id];

DROP TABLE IF EXISTS [konyadminconsole].[customertype];
UPDATE [konyadminconsole].[alerttype] SET [Name]='Transactional' WHERE [id]='ALERT_TYPE_ID_2_TP';

ALTER TABLE [konyadminconsole]. permission ADD isComposite smallint NOT NULL DEFAULT 0;

CREATE TABLE [konyadminconsole].compositepermission (
  [id] nvarchar(50) NOT NULL,
  [Permission_id] nvarchar(50) NOT NULL,
  [Name] nvarchar(50) NOT NULL,
  [Description] nvarchar(300) DEFAULT NULL,
  [isEnabled] smallint NOT NULL DEFAULT '0',
  [createdby] nvarchar(50) DEFAULT NULL,
  [modifiedby] nvarchar(50) DEFAULT NULL,
  [createdts] datetime2 NOT NULL DEFAULT CURRENT_TIMESTAMP,
  [lastmodifiedts] datetime2 NOT NULL DEFAULT CURRENT_TIMESTAMP,
  [synctimestamp] datetime2 NOT NULL DEFAULT CURRENT_TIMESTAMP,
  [softdeleteflag] smallint NOT NULL DEFAULT '0',
   CONSTRAINT PK_compositepermission_id PRIMARY KEY ([id]),
  CONSTRAINT [FK_CompositePermission_PermissionId] FOREIGN KEY ([Permission_id]) REFERENCES [konyadminconsole].[permission] ([id]) ON DELETE NO ACTION ON UPDATE NO ACTION
);

CREATE INDEX [FK_CompositePermission_PermissionId_idx] ON [konyadminconsole].[compositepermission] ([Permission_id]);

CREATE TABLE [konyadminconsole].[rolecompositepermission] (
  [Role_id] nvarchar(50) NOT NULL,
  [CompositePermission_id] nvarchar(50) NOT NULL,
  [isEnabled] smallint NOT NULL DEFAULT '0',
  [createdby] nvarchar(50) DEFAULT NULL,
  [modifiedby] nvarchar(50) DEFAULT NULL,
  [createdts] datetime2 NOT NULL DEFAULT CURRENT_TIMESTAMP,
  [lastmodifiedts] datetime2 NOT NULL DEFAULT CURRENT_TIMESTAMP,
  [synctimestamp] datetime2 NOT NULL DEFAULT CURRENT_TIMESTAMP,
  [softdeleteflag] smallint NOT NULL DEFAULT '0',
  CONSTRAINT PK_rolecompositepermission_Role_id_CompositePermission_id PRIMARY KEY ([Role_id],[CompositePermission_id]),
  CONSTRAINT [FK_RoleCompositePermission_CompositePermission] FOREIGN KEY ([CompositePermission_id]) REFERENCES [konyadminconsole].[compositepermission] ([id]) ON DELETE NO ACTION ON UPDATE NO ACTION,
  CONSTRAINT [FK_RoleCompositePermission_Role] FOREIGN KEY ([Role_id]) REFERENCES [konyadminconsole].[role] ([id]) ON DELETE NO ACTION ON UPDATE NO ACTION
);

CREATE INDEX [FK_RoleCompositePermission_CompositePermission_idx] ON [konyadminconsole].[rolecompositepermission] ([CompositePermission_id]);

CREATE TABLE [konyadminconsole].usercompositepermission (
  [User_id] nvarchar(50) NOT NULL,
  [CompositePermission_id] nvarchar(50) NOT NULL,
  [isEnabled] smallint NOT NULL DEFAULT '0',
  [createdby] nvarchar(50) DEFAULT NULL,
  [modifiedby] nvarchar(50) DEFAULT NULL,
  [createdts] datetime2 NOT NULL DEFAULT CURRENT_TIMESTAMP,
  [lastmodifiedts] datetime2 NOT NULL DEFAULT CURRENT_TIMESTAMP,
  [synctimestamp] datetime2 NOT NULL DEFAULT CURRENT_TIMESTAMP,
  [softdeleteflag] smallint NOT NULL DEFAULT '0',
  CONSTRAINT PK_usercompositepermission_User_id_CompositePermission_id PRIMARY KEY ([User_id],[CompositePermission_id]),
  CONSTRAINT [FK_UserCompositePermission_CompositePermission] FOREIGN KEY ([CompositePermission_id]) REFERENCES [konyadminconsole].[compositepermission] ([id]) ON DELETE NO ACTION ON UPDATE NO ACTION,
  CONSTRAINT [FK_UserCompositePermission_User] FOREIGN KEY ([User_id]) REFERENCES [konyadminconsole].[systemuser] ([id]) ON DELETE NO ACTION ON UPDATE NO ACTION
);

CREATE INDEX [FK_UserCompositePermission_CompositePermission_idx] ON [konyadminconsole].[usercompositepermission] ([CompositePermission_id]);

INSERT INTO [konyadminconsole].[compositepermission] ([id], [Permission_id], [Name], [Description], [isEnabled], [createdby], [modifiedby], [createdts], [lastmodifiedts], [synctimestamp], [softdeleteflag]) VALUES ('CPID01', 'PID45', 'CSRMultipleBillPay', 'Pay multiple bills saved payees', '1', 'Kony Dev', 'Kony User', CURRENT_TIMESTAMP, CURRENT_TIMESTAMP, CURRENT_TIMESTAMP, '0');
INSERT INTO [konyadminconsole].[compositepermission] ([id], [Permission_id], [Name], [Description], [isEnabled], [createdby], [modifiedby], [createdts], [lastmodifiedts], [synctimestamp], [softdeleteflag]) VALUES ('CPID02', 'PID45', 'CSREBillActivationDeactivation', 'Activate or deactivate e-Bill feature for a specific biller', '1', 'Kony Dev', 'Kony User', CURRENT_TIMESTAMP, CURRENT_TIMESTAMP, CURRENT_TIMESTAMP, '0');
INSERT INTO [konyadminconsole].[compositepermission] ([id], [Permission_id], [Name], [Description], [isEnabled], [createdby], [modifiedby], [createdts], [lastmodifiedts], [synctimestamp], [softdeleteflag]) VALUES ('CPID03', 'PID45', 'CSRStopCheckPayment', 'Stop a check payment (single/series of check)', '1', 'Kony Dev', 'Kony User', CURRENT_TIMESTAMP, CURRENT_TIMESTAMP, CURRENT_TIMESTAMP, '0');
INSERT INTO [konyadminconsole].[compositepermission] ([id], [Permission_id], [Name], [Description], [isEnabled], [createdby], [modifiedby], [createdts], [lastmodifiedts], [synctimestamp], [softdeleteflag]) VALUES ('CPID04', 'PID45', 'CSRSendMoneyToAPayee', 'Send money (P2P) to a saved payee', '0', 'Kony Dev', 'Kony User', CURRENT_TIMESTAMP, CURRENT_TIMESTAMP, CURRENT_TIMESTAMP, '0');
INSERT INTO [konyadminconsole].[compositepermission] ([id], [Permission_id], [Name], [Description], [isEnabled], [createdby], [modifiedby], [createdts], [lastmodifiedts], [synctimestamp], [softdeleteflag]) VALUES ('CPID06', 'PID45', 'CSRLoanPayOff', 'Loan Payoff', '1', 'Kony Dev', 'Kony User', CURRENT_TIMESTAMP, CURRENT_TIMESTAMP, CURRENT_TIMESTAMP, '0');
INSERT INTO [konyadminconsole].[compositepermission] ([id], [Permission_id], [Name], [Description], [isEnabled], [createdby], [modifiedby], [createdts], [lastmodifiedts], [synctimestamp], [softdeleteflag]) VALUES ('CPID07', 'PID45', 'CSRDisputeTransaction', 'Dispute a specific transaction on behalf of the user', '1', 'Kony Dev', 'Kony User', CURRENT_TIMESTAMP, CURRENT_TIMESTAMP, CURRENT_TIMESTAMP, '0');
INSERT INTO [konyadminconsole].[compositepermission] ([id], [Permission_id], [Name], [Description], [isEnabled], [createdby], [modifiedby], [createdts], [lastmodifiedts], [synctimestamp], [softdeleteflag]) VALUES ('CPID08', 'PID45', 'CSRTransferToSamBankAccount', 'Transfer to someone elses account in the same bank (to a saved recipient)', '1', 'Kony Dev', 'Kony User', CURRENT_TIMESTAMP, CURRENT_TIMESTAMP, CURRENT_TIMESTAMP, '0');
INSERT INTO [konyadminconsole].[compositepermission] ([id], [Permission_id], [Name], [Description], [isEnabled], [createdby], [modifiedby], [createdts], [lastmodifiedts], [synctimestamp], [softdeleteflag]) VALUES ('CPID09', 'PID45', 'CSRInternalAccountToAccountTransfer', 'Internal account-to-account transfer (to a saved recipient)', '0', 'Kony Dev', 'Kony User', CURRENT_TIMESTAMP, CURRENT_TIMESTAMP, CURRENT_TIMESTAMP, '0');
INSERT INTO [konyadminconsole].[compositepermission] ([id], [Permission_id], [Name], [Description], [isEnabled], [createdby], [modifiedby], [createdts], [lastmodifiedts], [synctimestamp], [softdeleteflag]) VALUES ('CPID10', 'PID45', 'CSRTransferToDomesticAccount', 'Transfer to an account in another domestic bank (to a saved recipient)', '1', 'Kony Dev', 'Kony User', CURRENT_TIMESTAMP, CURRENT_TIMESTAMP, CURRENT_TIMESTAMP, '0');
INSERT INTO [konyadminconsole].[compositepermission] ([id], [Permission_id], [Name], [Description], [isEnabled], [createdby], [modifiedby], [createdts], [lastmodifiedts], [synctimestamp], [softdeleteflag]) VALUES ('CPID11', 'PID45', 'CSRTransferToInternationalAccount', 'Transfer to an account in another international bank (to a saved recipient)', '1', 'Kony Dev', 'Kony User', CURRENT_TIMESTAMP, CURRENT_TIMESTAMP, CURRENT_TIMESTAMP, '0');
INSERT INTO [konyadminconsole].[compositepermission] ([id], [Permission_id], [Name], [Description], [isEnabled], [createdby], [modifiedby], [createdts], [lastmodifiedts], [synctimestamp], [softdeleteflag]) VALUES ('CPID12', 'PID45', 'CSRSingleBillPay', 'Pay a single bill to saved payee', '1', 'Kony Dev', 'Kony User', CURRENT_TIMESTAMP, CURRENT_TIMESTAMP, CURRENT_TIMESTAMP, '0');
INSERT INTO [konyadminconsole].[compositepermission] ([id], [Permission_id], [Name], [Description], [isEnabled], [createdby], [modifiedby], [createdts], [lastmodifiedts], [synctimestamp], [softdeleteflag]) VALUES ('CPID13', 'PID45', 'CSRWireTransfer', 'Wire transfer (to a saved recipient)', '0', 'Kony Dev', 'Kony User', CURRENT_TIMESTAMP, CURRENT_TIMESTAMP, CURRENT_TIMESTAMP, '0');

INSERT INTO [konyadminconsole].[rolecompositepermission] ([Role_id], [CompositePermission_id], [isEnabled], [createdby], [modifiedby]) VALUES ('RID_SUPERADMIN', 'CPID01', '1', 'Kony Dev', 'Kony User');
INSERT INTO [konyadminconsole].[rolecompositepermission] ([Role_id], [CompositePermission_id], [isEnabled], [createdby], [modifiedby]) VALUES ('RID_SUPERADMIN', 'CPID02', '1', 'Kony Dev', 'Kony User');
INSERT INTO [konyadminconsole].[rolecompositepermission] ([Role_id], [CompositePermission_id], [isEnabled], [createdby], [modifiedby]) VALUES ('RID_SUPERADMIN', 'CPID03', '1', 'Kony Dev', 'Kony User');
INSERT INTO [konyadminconsole].[rolecompositepermission] ([Role_id], [CompositePermission_id], [isEnabled], [createdby], [modifiedby]) VALUES ('RID_SUPERADMIN', 'CPID04', '1', 'Kony Dev', 'Kony User');
INSERT INTO [konyadminconsole].[rolecompositepermission] ([Role_id], [CompositePermission_id], [isEnabled], [createdby], [modifiedby]) VALUES ('RID_SUPERADMIN', 'CPID06', '1', 'Kony Dev', 'Kony User');
INSERT INTO [konyadminconsole].[rolecompositepermission] ([Role_id], [CompositePermission_id], [isEnabled], [createdby], [modifiedby]) VALUES ('RID_SUPERADMIN', 'CPID07', '1', 'Kony Dev', 'Kony User');
INSERT INTO [konyadminconsole].[rolecompositepermission] ([Role_id], [CompositePermission_id], [isEnabled], [createdby], [modifiedby]) VALUES ('RID_SUPERADMIN', 'CPID08', '1', 'Kony Dev', 'Kony User');
INSERT INTO [konyadminconsole].[rolecompositepermission] ([Role_id], [CompositePermission_id], [isEnabled], [createdby], [modifiedby]) VALUES ('RID_SUPERADMIN', 'CPID09', '1', 'Kony Dev', 'Kony User');
INSERT INTO [konyadminconsole].[rolecompositepermission] ([Role_id], [CompositePermission_id], [isEnabled], [createdby], [modifiedby]) VALUES ('RID_SUPERADMIN', 'CPID10', '1', 'Kony Dev', 'Kony User');
INSERT INTO [konyadminconsole].[rolecompositepermission] ([Role_id], [CompositePermission_id], [isEnabled], [createdby], [modifiedby]) VALUES ('RID_SUPERADMIN', 'CPID11', '1', 'Kony Dev', 'Kony User');
INSERT INTO [konyadminconsole].[rolecompositepermission] ([Role_id], [CompositePermission_id], [isEnabled], [createdby], [modifiedby]) VALUES ('RID_SUPERADMIN', 'CPID12', '1', 'Kony Dev', 'Kony User');
INSERT INTO [konyadminconsole].[rolecompositepermission] ([Role_id], [CompositePermission_id], [isEnabled], [createdby], [modifiedby]) VALUES ('RID_SUPERADMIN', 'CPID13', '1', 'Kony Dev', 'Kony User');
INSERT INTO [konyadminconsole].[rolecompositepermission] ([Role_id], [CompositePermission_id], [isEnabled], [createdby], [modifiedby]) VALUES ('RID_BUSINESS', 'CPID01', '1', 'Kony Dev', 'Kony User');
INSERT INTO [konyadminconsole].[rolecompositepermission] ([Role_id], [CompositePermission_id], [isEnabled], [createdby], [modifiedby]) VALUES ('RID_BUSINESS', 'CPID02', '1', 'Kony Dev', 'Kony User');
INSERT INTO [konyadminconsole].[rolecompositepermission] ([Role_id], [CompositePermission_id], [isEnabled], [createdby], [modifiedby]) VALUES ('RID_BUSINESS', 'CPID03', '1', 'Kony Dev', 'Kony User');
INSERT INTO [konyadminconsole].[rolecompositepermission] ([Role_id], [CompositePermission_id], [isEnabled], [createdby], [modifiedby]) VALUES ('RID_BUSINESS', 'CPID04', '1', 'Kony Dev', 'Kony User');
INSERT INTO [konyadminconsole].[rolecompositepermission] ([Role_id], [CompositePermission_id], [isEnabled], [createdby], [modifiedby]) VALUES ('RID_BUSINESS', 'CPID06', '1', 'Kony Dev', 'Kony User');
INSERT INTO [konyadminconsole].[rolecompositepermission] ([Role_id], [CompositePermission_id], [isEnabled], [createdby], [modifiedby]) VALUES ('RID_BUSINESS', 'CPID07', '1', 'Kony Dev', 'Kony User');
INSERT INTO [konyadminconsole].[rolecompositepermission] ([Role_id], [CompositePermission_id], [isEnabled], [createdby], [modifiedby]) VALUES ('RID_BUSINESS', 'CPID08', '1', 'Kony Dev', 'Kony User');
INSERT INTO [konyadminconsole].[rolecompositepermission] ([Role_id], [CompositePermission_id], [isEnabled], [createdby], [modifiedby]) VALUES ('RID_BUSINESS', 'CPID09', '1', 'Kony Dev', 'Kony User');
INSERT INTO [konyadminconsole].[rolecompositepermission] ([Role_id], [CompositePermission_id], [isEnabled], [createdby], [modifiedby]) VALUES ('RID_BUSINESS', 'CPID10', '1', 'Kony Dev', 'Kony User');
INSERT INTO [konyadminconsole].[rolecompositepermission] ([Role_id], [CompositePermission_id], [isEnabled], [createdby], [modifiedby]) VALUES ('RID_BUSINESS', 'CPID11', '1', 'Kony Dev', 'Kony User');
INSERT INTO [konyadminconsole].[rolecompositepermission] ([Role_id], [CompositePermission_id], [isEnabled], [createdby], [modifiedby]) VALUES ('RID_BUSINESS', 'CPID12', '1', 'Kony Dev', 'Kony User');
INSERT INTO [konyadminconsole].[rolecompositepermission] ([Role_id], [CompositePermission_id], [isEnabled], [createdby], [modifiedby]) VALUES ('RID_BUSINESS', 'CPID13', '1', 'Kony Dev', 'Kony User');