UPDATE `customertype` SET `Name` = 'Retail' WHERE (`id` = 'TYPE_ID_RETAIL');
UPDATE `faqs` SET `Answer` = 'To Enroll, you need to identify yourself by providing: \r 1. Last Name\r 2. SSN \r 3. Date of Birth \r Then validate with a Secure Access Code or Card CVV.' WHERE (`id` = 'FAQ_ID1');

INSERT INTO `usernamerules` (`id`, `IsCustomer`, `minLength`, `maxLength`, `symbolsAllowed`, `supportedSymbols`, `createdby`, `modifiedby`, `createdts`, `lastmodifiedts`, `lastsynctimestamp`, `softdeleteflag`) VALUES ('URULEID1', 1, 8, 64, 1, '.,-,_,@,!,#,$', 'Kony User', 'Kony Dev', CURRENT_TIMESTAMP, CURRENT_TIMESTAMP, CURRENT_TIMESTAMP, '0');
INSERT INTO `passwordrules` (`id`, `IsCustomer`, `minLength`, `maxLength`, `atleastOneLowerCase`, `atleastOneUpperCase`, `atleastOneNumber`, `atleastOneSymbol`, `charRepeatCount`, `supportedSymbols`, `createdby`, `modifiedby`, `createdts`, `lastmodifiedts`, `lastsynctimestamp`, `softdeleteflag`) VALUES ('PRULEID1', 1, 8, 64, 1, 1, 1, 1, 4, '.,-,_,@,!,#,$', 'Kony User', 'Kony Dev', CURRENT_TIMESTAMP, CURRENT_TIMESTAMP, CURRENT_TIMESTAMP, '0');
INSERT INTO `passwordlockoutsettings` (`id`, `passwordValidity`, `passwordExpiryWarningRequired`, `passwordExpiryWarningThreshold`, `passwordHistoryCount`, `accountLockoutThreshold`, `accountLockoutTime`, `recoveryEmailLinkValidity`, `createdby`, `modifiedby`, `createdts`, `lastmodifiedts`, `synctimestamp`, `softdeleteflag`) VALUES ('PLOCKID1', 30, 1, 30, 5, 5, 1440, 1440, 'Kony User', 'Kony Dev', CURRENT_TIMESTAMP, CURRENT_TIMESTAMP, CURRENT_TIMESTAMP, '0');

INSERT INTO `policytype` (`id`, `Type`, `IsCustomer`, `createdby`, `modifiedby`, `createdts`, `lastmodifiedts`, `lastsynctimestamp`, `softdeleteflag`) VALUES ('PT_CUST_USERNAME', 'Username Policy', 1, 'Kony User', 'Kony Dev', CURRENT_TIMESTAMP, CURRENT_TIMESTAMP, CURRENT_TIMESTAMP,'0');
INSERT INTO `policytype` (`id`, `Type`, `IsCustomer`, `createdby`, `modifiedby`, `createdts`, `lastmodifiedts`, `lastsynctimestamp`, `softdeleteflag`) VALUES ('PT_CUST_PASSWORD', 'Password Policy', 1, 'Kony User', 'Kony Dev', CURRENT_TIMESTAMP, CURRENT_TIMESTAMP, CURRENT_TIMESTAMP,'0');
INSERT INTO `policytype` (`id`, `Type`, `IsCustomer`, `createdby`, `modifiedby`, `createdts`, `lastmodifiedts`, `lastsynctimestamp`, `softdeleteflag`) VALUES ('PT_USER_USERNAME', 'Username Policy', 0, 'Kony User', 'Kony Dev', CURRENT_TIMESTAMP, CURRENT_TIMESTAMP, CURRENT_TIMESTAMP,'0');
INSERT INTO `policytype` (`id`, `Type`, `IsCustomer`, `createdby`, `modifiedby`, `createdts`, `lastmodifiedts`, `lastsynctimestamp`, `softdeleteflag`) VALUES ('PT_USER_PASSWORD', 'Password Policy', 0, 'Kony User', 'Kony Dev', CURRENT_TIMESTAMP, CURRENT_TIMESTAMP, CURRENT_TIMESTAMP,'0');

INSERT INTO `policycontent` (`id`, `Type_id`, `Locale_Code`, `Content`, `createdby`, `modifiedby`, `createdts`, `lastmodifiedts`, `lastsynctimestamp`, `softdeleteflag`) VALUES ('POL1', 'PT_CUST_USERNAME', 'en-US', '<ul><li>Minimum length of username: 8</li><li>Maximum Length of username: 64</li><li>Special characters are allowed (\'.\',\'-\',\'_\',\'@\',\'!\',\'#\',\'$\')</li></ul>', 'Kony User', 'Kony Dev', CURRENT_TIMESTAMP, CURRENT_TIMESTAMP, CURRENT_TIMESTAMP, '0');
INSERT INTO `policycontent` (`id`, `Type_id`, `Locale_Code`, `Content`, `createdby`, `modifiedby`, `createdts`, `lastmodifiedts`, `lastsynctimestamp`, `softdeleteflag`) VALUES ('POL2', 'PT_CUST_PASSWORD', 'en-US', '<ul><li>Minimum length of password: 8</li><li>Maximum Length of password: 64</li><li>Special characters are allowed (\'.\',\'-\',\'_\',\'@\',\'!\',\'#\',\'$\')</li><li>Password must contain atleast one uppercase, one lowercase, one number</li><li>Password can have at max 4 consecutive character repetition</li></ul>', 'Kony User', 'Kony Dev', CURRENT_TIMESTAMP, CURRENT_TIMESTAMP, CURRENT_TIMESTAMP, '0');

INSERT INTO `permissiontype` (`id`, `Description`, `createdby`, `modifiedby`, `createdts`, `lastmodifiedts`, `synctimestamp`, `softdeleteflag`) VALUES ('PER_TYPE_IDENTITYMANAGEMENT', 'Permission Type Identity Management', 'Kony User', 'Kony Dev', CURRENT_TIMESTAMP, CURRENT_TIMESTAMP, CURRENT_TIMESTAMP, '0');

INSERT INTO `permission` (`id`, `Type_id`, `Status_id`, `Name`, `Description`, `isComposite`, `PermissionValue`, `createdby`, `modifiedby`, `createdts`, `lastmodifiedts`, `synctimestamp`, `softdeleteflag`) VALUES ('PID69', 'PER_TYPE_IDENTITYMANAGEMENT', 'SID_ACTIVE', 'ViewIdentityManagement', 'Permission to view password age & lockout settings.', '0', 'TRUE', 'Kony User', 'Kony Dev', CURRENT_TIMESTAMP, CURRENT_TIMESTAMP, CURRENT_TIMESTAMP, '0');
INSERT INTO `permission` (`id`, `Type_id`, `Status_id`, `Name`, `Description`, `isComposite`, `PermissionValue`, `createdby`, `modifiedby`, `createdts`, `lastmodifiedts`, `synctimestamp`, `softdeleteflag`) VALUES ('PID70', 'PER_TYPE_IDENTITYMANAGEMENT', 'SID_ACTIVE', 'CreateUpdateIdentityManagement', 'Permission to create, update & delete username & password policies in multiple languages, update username & password rules and update password age & lockout settings.', '0', 'TRUE', 'Kony User', 'Kony Dev', CURRENT_TIMESTAMP, CURRENT_TIMESTAMP, CURRENT_TIMESTAMP, '0');

INSERT INTO `rolepermission` (`Role_id`, `Permission_id`, `createdby`, `modifiedby`, `createdts`, `lastmodifiedts`, `synctimestamp`, `softdeleteflag`) VALUES ('RID_SUPERADMIN', 'PID69', 'Kony User', 'Kony Dev', CURRENT_TIMESTAMP, CURRENT_TIMESTAMP, CURRENT_TIMESTAMP, '0');
INSERT INTO `rolepermission` (`Role_id`, `Permission_id`, `createdby`, `modifiedby`, `createdts`, `lastmodifiedts`, `synctimestamp`, `softdeleteflag`) VALUES ('RID_SUPERADMIN', 'PID70', 'Kony User', 'Kony Dev', CURRENT_TIMESTAMP, CURRENT_TIMESTAMP, CURRENT_TIMESTAMP, '0');

INSERT INTO `featuretype` (`id`, `Description`) VALUES ('TYPE_MONETARY', 'Monetary');
INSERT INTO `featuretype` (`id`, `Description`) VALUES ('TYPE_NON_MONETARY', 'Non Monetary');

INSERT INTO `feature` (`id`, `Name`, `code`, `DisplayName`, `Description`, `Type_id`, `Status_id`) VALUES ('FEATURE_ID1', 'Wire Transfer', 'WIRE_TRANSFER', 'Wire Transfer', 'Wire Transfer', 'TYPE_MONETARY', 'SID_ACTIVE');
INSERT INTO `feature` (`id`, `Name`, `code`, `DisplayName`, `Description`, `Type_id`, `Status_id`) VALUES ('FEATURE_ID2', 'Bill Pay', 'BILL_PAY', 'Bill Pay', 'Bill Pay', 'TYPE_MONETARY', 'SID_ACTIVE');
INSERT INTO `feature` (`id`, `Name`, `code`, `DisplayName`, `Description`, `Type_id`, `Status_id`) VALUES ('FEATURE_ID3', 'P2P', 'P2P', 'P2P', 'P2P', 'TYPE_MONETARY', 'SID_ACTIVE');
INSERT INTO `feature` (`id`, `Name`, `code`, `DisplayName`, `Description`, `Type_id`, `Status_id`) VALUES ('FEATURE_ID4', 'User Management', 'USER_MANAGEMENT', 'User Management', 'User Management', 'TYPE_NON_MONETARY', 'SID_ACTIVE');
INSERT INTO `feature` (`id`, `Name`, `code`, `DisplayName`, `Description`, `Type_id`, `Status_id`) VALUES ('FEATURE_ID5', 'Transfer', 'TRANSFER', 'Transfer', 'Transfer', 'TYPE_MONETARY', 'SID_ACTIVE');
INSERT INTO `feature` (`id`, `Name`, `code`, `DisplayName`, `Description`, `Type_id`, `Status_id`) VALUES ('FEATURE_ID6', 'Card Management', 'CARD_MANAGEMENT', 'Card Management', 'Card Management', 'TYPE_MONETARY', 'SID_ACTIVE');
INSERT INTO `feature` (`id`, `Name`, `code`, `DisplayName`, `Description`, `Type_id`, `Status_id`) VALUES ('FEATURE_ID7', 'Check Management', 'CHECK_MANAGEMENT', 'Check Management', 'Check Management', 'TYPE_NON_MONETARY', 'SID_ACTIVE');
INSERT INTO `feature` (`id`, `Name`, `code`, `DisplayName`, `Description`, `Type_id`, `Status_id`) VALUES ('FEATURE_ID8', 'Dispute Transactions', 'DISPUTE_TRANSACTIONS', 'Dispute Transactions', 'Dispute Transactions', 'TYPE_MONETARY', 'SID_ACTIVE');
INSERT INTO `feature` (`id`, `Name`, `code`, `DisplayName`, `Description`, `Type_id`, `Status_id`) VALUES ('FEATURE_ID9', 'Account Settings', 'ACCOUNT_SETTINGS', 'Account Settings', 'Account Settings', 'TYPE_NON_MONETARY', 'SID_ACTIVE');
INSERT INTO `feature` (`id`, `Name`, `code`, `DisplayName`, `Description`, `Type_id`, `Status_id`) VALUES ('FEATURE_ID10', 'Manage E-statements', 'MANAGE_E_STATEMENTS', 'Manage E-statements', 'Manage E-statements', 'TYPE_MONETARY', 'SID_ACTIVE');
INSERT INTO `feature` (`id`, `Name`, `code`, `DisplayName`, `Description`, `Type_id`, `Status_id`) VALUES ('FEATURE_ID11', 'Alert Management', 'ALERT_MANAGEMENT', 'Alert Management', 'Alert Management', 'TYPE_NON_MONETARY', 'SID_ACTIVE');
INSERT INTO `feature` (`id`, `Name`, `code`, `DisplayName`, `Description`, `Type_id`, `Status_id`) VALUES ('FEATURE_ID12', 'ACH Payment', 'ACH_PAYMENT', 'ACH Payment', 'ACH Payment', 'TYPE_MONETARY', 'SID_ACTIVE');
INSERT INTO `feature` (`id`, `Name`, `code`, `DisplayName`, `Description`, `Type_id`, `Status_id`) VALUES ('FEATURE_ID13', 'ACH Collection', 'ACH_COLLECTION', 'ACH Collection', 'ACH Collection', 'TYPE_MONETARY', 'SID_ACTIVE');

UPDATE `feature` SET `Name` = 'Fund Transfer', `code` = 'FUND_TRANSFER', `DisplayName` = 'Fund Transfer', `Description` = 'Fund Transfer' WHERE (`id` = 'FEATURE_ID5');
INSERT INTO `feature` (`id`, `Name`, `code`, `DisplayName`, `Description`, `Type_id`, `Status_id`) VALUES ('FEATURE_ID14', 'Transfer between customer''s accounts', 'TRANSFER_BTW_CUSTOMER_ACCOUNTS', 'Transfer between customer''s accounts', 'Transfer between customer''s accounts', 'TYPE_MONETARY', 'SID_ACTIVE');
INSERT INTO `feature` (`id`, `Name`, `code`, `DisplayName`, `Description`, `Type_id`, `Status_id`) VALUES ('FEATURE_ID15', 'RDC', 'RDC', 'RDC', 'RDC', 'TYPE_MONETARY', 'SID_ACTIVE');

UPDATE IGNORE `service` SET `Feature_id` = 'FEATURE_ID1' WHERE (`id` = 'SERVICE_ID_23');
UPDATE IGNORE `service` SET `Feature_id` = 'FEATURE_ID1' WHERE (`id` = 'SERVICE_ID_24');
UPDATE IGNORE `service` SET `Feature_id` = 'FEATURE_ID1' WHERE (`id` = 'SERVICE_ID_25');
UPDATE IGNORE `service` SET `Feature_id` = 'FEATURE_ID1' WHERE (`id` = 'SERVICE_ID_26');
UPDATE IGNORE `service` SET `Feature_id` = 'FEATURE_ID1' WHERE (`id` = 'SERVICE_ID_27');
UPDATE IGNORE `service` SET `Feature_id` = 'FEATURE_ID1' WHERE (`id` = 'SERVICE_ID_28');
UPDATE IGNORE `service` SET `Feature_id` = 'FEATURE_ID1' WHERE (`id` = 'SERVICE_ID_29');
UPDATE IGNORE `service` SET `Feature_id` = 'FEATURE_ID1' WHERE (`id` = 'SERVICE_ID_30');
UPDATE IGNORE `service` SET `Feature_id` = 'FEATURE_ID1' WHERE (`id` = 'SERVICE_ID_5');
UPDATE IGNORE `service` SET `Feature_id` = 'FEATURE_ID1' WHERE (`id` = 'SERVICE_ID_6');
UPDATE IGNORE `service` SET `Feature_id` = 'FEATURE_ID1' WHERE (`id` = 'SERVICE_ID_12');
UPDATE IGNORE `service` SET `Feature_id` = 'FEATURE_ID1' WHERE (`id` = 'SERVICE_ID_13');
UPDATE IGNORE `service` SET `Feature_id` = 'FEATURE_ID12' WHERE (`id` = 'SERVICE_ID_47');
UPDATE IGNORE `service` SET `Feature_id` = 'FEATURE_ID12' WHERE (`id` = 'SERVICE_ID_49');
UPDATE IGNORE `service` SET `Feature_id` = 'FEATURE_ID12' WHERE (`id` = 'SERVICE_ID_50');
UPDATE IGNORE `service` SET `Feature_id` = 'FEATURE_ID12' WHERE (`id` = 'SERVICE_ID_51');
UPDATE IGNORE `service` SET `Feature_id` = 'FEATURE_ID12' WHERE (`id` = 'SERVICE_ID_52');
UPDATE IGNORE `service` SET `Feature_id` = 'FEATURE_ID13' WHERE (`id` = 'SERVICE_ID_53');
UPDATE IGNORE `service` SET `Feature_id` = 'FEATURE_ID13' WHERE (`id` = 'SERVICE_ID_54');
UPDATE IGNORE `service` SET `Feature_id` = 'FEATURE_ID13' WHERE (`id` = 'SERVICE_ID_55');
UPDATE IGNORE `service` SET `Feature_id` = 'FEATURE_ID5' WHERE (`id` = 'SERVICE_ID_57');
UPDATE IGNORE `service` SET `Feature_id` = 'FEATURE_ID13' WHERE (`id` = 'SERVICE_ID_56');
UPDATE IGNORE `service` SET `Feature_id` = 'FEATURE_ID13' WHERE (`id` = 'SERVICE_ID_48');
UPDATE IGNORE `service` SET `Feature_id` = 'FEATURE_ID3' WHERE (`id` = 'SERVICE_ID_38');
UPDATE IGNORE `service` SET `Feature_id` = 'FEATURE_ID3' WHERE (`id` = 'SERVICE_ID_37');
UPDATE IGNORE `service` SET `Feature_id` = 'FEATURE_ID3' WHERE (`id` = 'SERVICE_ID_36');
UPDATE IGNORE `service` SET `Feature_id` = 'FEATURE_ID3' WHERE (`id` = 'SERVICE_ID_35');
UPDATE IGNORE `service` SET `Feature_id` = 'FEATURE_ID3' WHERE (`id` = 'SERVICE_ID_8');
UPDATE IGNORE `service` SET `Feature_id` = 'FEATURE_ID3' WHERE (`id` = 'SERVICE_ID_15');
UPDATE IGNORE `service` SET `Feature_id` = 'FEATURE_ID2' WHERE (`id` = 'SERVICE_ID_14');
UPDATE IGNORE `service` SET `Feature_id` = 'FEATURE_ID2' WHERE (`id` = 'SERVICE_ID_31');
UPDATE IGNORE `service` SET `Feature_id` = 'FEATURE_ID2' WHERE (`id` = 'SERVICE_ID_33');
UPDATE IGNORE `service` SET `Feature_id` = 'FEATURE_ID2' WHERE (`id` = 'SERVICE_ID_32');
UPDATE IGNORE `service` SET `Feature_id` = 'FEATURE_ID2' WHERE (`id` = 'SERVICE_ID_34');
UPDATE IGNORE `service` SET `Feature_id` = 'FEATURE_ID2' WHERE (`id` = 'SERVICE_ID_7');
UPDATE IGNORE `service` SET `Feature_id` = 'FEATURE_ID5' WHERE (`id` = 'SERVICE_ID_60');
UPDATE IGNORE `service` SET `Feature_id` = 'FEATURE_ID5' WHERE (`id` = 'SERVICE_ID_61');
UPDATE IGNORE `service` SET `Feature_id` = 'FEATURE_ID5' WHERE (`id` = 'SERVICE_ID_62');
UPDATE IGNORE `service` SET `Feature_id` = 'FEATURE_ID5' WHERE (`id` = 'SERVICE_ID_64');
UPDATE IGNORE `service` SET `Feature_id` = 'FEATURE_ID5' WHERE (`id` = 'SERVICE_ID_63');
UPDATE IGNORE `service` SET `Feature_id` = 'FEATURE_ID5' WHERE (`id` = 'SERVICE_ID_65');
UPDATE IGNORE `service` SET `Feature_id` = 'FEATURE_ID5' WHERE (`id` = 'SERVICE_ID_66');
UPDATE IGNORE `service` SET `Feature_id` = 'FEATURE_ID5' WHERE (`id` = 'SERVICE_ID_59');
UPDATE IGNORE `service` SET `Feature_id` = 'FEATURE_ID5' WHERE (`id` = 'SERVICE_ID_58');
UPDATE IGNORE `service` SET `Feature_id` = 'FEATURE_ID5' WHERE (`id` = 'SERVICE_ID_4');
UPDATE IGNORE `service` SET `Feature_id` = 'FEATURE_ID5' WHERE (`id` = 'SERVICE_ID_3');
UPDATE IGNORE `service` SET `Feature_id` = 'FEATURE_ID5' WHERE (`id` = 'SERVICE_ID_16');
UPDATE IGNORE `service` SET `Feature_id` = 'FEATURE_ID5' WHERE (`id` = 'SERVICE_ID_17');
UPDATE IGNORE `service` SET `Feature_id` = 'FEATURE_ID5' WHERE (`id` = 'SERVICE_ID_18');
UPDATE IGNORE `service` SET `Feature_id` = 'FEATURE_ID5' WHERE (`id` = 'SERVICE_ID_19');
UPDATE IGNORE `service` SET `Feature_id` = 'FEATURE_ID14' WHERE (`id` = 'SERVICE_ID_2');
UPDATE IGNORE `service` SET `Feature_id` = 'FEATURE_ID14' WHERE (`id` = 'SERVICE_ID_20');
UPDATE IGNORE `service` SET `Feature_id` = 'FEATURE_ID14' WHERE (`id` = 'SERVICE_ID_21');
UPDATE IGNORE `service` SET `Feature_id` = 'FEATURE_ID14' WHERE (`id` = 'SERVICE_ID_22');
UPDATE IGNORE `service` SET `Feature_id` = 'FEATURE_ID14' WHERE (`id` = 'SERVICE_ID_46');
UPDATE IGNORE `service` SET `Feature_id` = 'FEATURE_ID15' WHERE (`id` = 'SERVICE_ID_9');
UPDATE IGNORE `service` SET `Feature_id` = 'FEATURE_ID4' WHERE (`id` = 'SERVICE_ID_39');
UPDATE IGNORE `service` SET `Feature_id` = 'FEATURE_ID6' WHERE (`id` = 'SERVICE_ID_40');
UPDATE IGNORE `service` SET `Feature_id` = 'FEATURE_ID7' WHERE (`id` = 'SERVICE_ID_41');
UPDATE IGNORE `service` SET `Feature_id` = 'FEATURE_ID8' WHERE (`id` = 'SERVICE_ID_42');
UPDATE IGNORE `service` SET `Feature_id` = 'FEATURE_ID9' WHERE (`id` = 'SERVICE_ID_43');
UPDATE IGNORE `service` SET `Feature_id` = 'FEATURE_ID10' WHERE (`id` = 'SERVICE_ID_44');
UPDATE IGNORE `service` SET `Feature_id` = 'FEATURE_ID11' WHERE (`id` = 'SERVICE_ID_45');
UPDATE IGNORE `service` SET `Feature_id` = 'FEATURE_ID14' WHERE (`id` = 'SERVICE_ID_11');
UPDATE IGNORE `service` SET `Feature_id` = 'FEATURE_ID5' WHERE (`id` = 'SERVICE_ID_10');
UPDATE IGNORE `service` SET `Feature_id` = 'FEATURE_ID5' WHERE (`id` = 'SERVICE_ID_1');

INSERT INTO `limittype` (`id`, `Name`, `Description`, `createdby`, `modifiedby`) VALUES ('DAILY_LIMIT', 'Daily Limit', 'Daily Limit', 'Kony User', 'Kony User');
INSERT INTO `limittype` (`id`, `Name`, `Description`, `createdby`, `modifiedby`) VALUES ('MAX_TRANSACTION_LIMIT', 'Max Trasaction Limit', 'Max Trasaction Limit', 'Kony User', 'Kony User');
INSERT INTO `limittype` (`id`, `Name`, `Description`, `createdby`, `modifiedby`) VALUES ('WEEKLY_LIMIT', 'Weekly Limit', 'Weekly Limit', 'Kony User', 'Kony User');
INSERT INTO `limittype` (`id`, `Name`, `Description`, `createdby`, `modifiedby`) VALUES ('MIN_TRANSACTION_LIMIT', 'Min Trasaction Limit', 'Min Trasaction Limit', 'Kony User', 'Kony User');
INSERT INTO `limittype` (`id`, `Name`, `Description`, `createdby`, `modifiedby`) VALUES ('MONTHLY_LIMIT', 'Monthly Limit', 'Monthly Limit', 'Kony User', 'Kony User');

INSERT INTO `appaction` (`id`, `App_id`, `Action_id`) VALUES ('BUSINESS_BANKING_SERVICE_ID_10', 'BUSINESS_BANKING', 'SERVICE_ID_10');
INSERT INTO `appaction` (`id`, `App_id`, `Action_id`) VALUES ('BUSINESS_BANKING_SERVICE_ID_11', 'BUSINESS_BANKING', 'SERVICE_ID_11');
INSERT INTO `appaction` (`id`, `App_id`, `Action_id`) VALUES ('BUSINESS_BANKING_SERVICE_ID_12', 'BUSINESS_BANKING', 'SERVICE_ID_12');
INSERT INTO `appaction` (`id`, `App_id`, `Action_id`) VALUES ('BUSINESS_BANKING_SERVICE_ID_13', 'BUSINESS_BANKING', 'SERVICE_ID_13');
INSERT INTO `appaction` (`id`, `App_id`, `Action_id`) VALUES ('BUSINESS_BANKING_SERVICE_ID_15', 'BUSINESS_BANKING', 'SERVICE_ID_15');
INSERT INTO `appaction` (`id`, `App_id`, `Action_id`) VALUES ('BUSINESS_BANKING_SERVICE_ID_2', 'BUSINESS_BANKING', 'SERVICE_ID_2');
INSERT INTO `appaction` (`id`, `App_id`, `Action_id`) VALUES ('BUSINESS_BANKING_SERVICE_ID_57', 'BUSINESS_BANKING', 'SERVICE_ID_57');
INSERT INTO `appaction` (`id`, `App_id`, `Action_id`) VALUES ('BUSINESS_BANKING_SERVICE_ID_58', 'BUSINESS_BANKING', 'SERVICE_ID_58');
INSERT INTO `appaction` (`id`, `App_id`, `Action_id`) VALUES ('BUSINESS_BANKING_SERVICE_ID_9', 'BUSINESS_BANKING', 'SERVICE_ID_9');
INSERT INTO `appaction` (`id`, `App_id`, `Action_id`) VALUES ('BUSINESS_BANKING_SERVICE_ID_1', 'BUSINESS_BANKING', 'SERVICE_ID_1');
INSERT INTO `appaction` (`id`, `App_id`, `Action_id`) VALUES ('BUSINESS_BANKING_SERVICE_ID_3', 'BUSINESS_BANKING', 'SERVICE_ID_3');
INSERT INTO `appaction` (`id`, `App_id`, `Action_id`) VALUES ('BUSINESS_BANKING_SERVICE_ID_4', 'BUSINESS_BANKING', 'SERVICE_ID_4');
INSERT INTO `appaction` (`id`, `App_id`, `Action_id`) VALUES ('BUSINESS_BANKING_SERVICE_ID_5', 'BUSINESS_BANKING', 'SERVICE_ID_5');
INSERT INTO `appaction` (`id`, `App_id`, `Action_id`) VALUES ('BUSINESS_BANKING_SERVICE_ID_6', 'BUSINESS_BANKING', 'SERVICE_ID_6');
INSERT INTO `appaction` (`id`, `App_id`, `Action_id`) VALUES ('BUSINESS_BANKING_SERVICE_ID_14', 'BUSINESS_BANKING', 'SERVICE_ID_14');
INSERT INTO `appaction` (`id`, `App_id`, `Action_id`) VALUES ('BUSINESS_BANKING_SERVICE_ID_47', 'BUSINESS_BANKING', 'SERVICE_ID_47');
INSERT INTO `appaction` (`id`, `App_id`, `Action_id`) VALUES ('BUSINESS_BANKING_SERVICE_ID_48', 'BUSINESS_BANKING', 'SERVICE_ID_48');
INSERT INTO `appaction` (`id`, `App_id`, `Action_id`) VALUES ('BUSINESS_BANKING_SERVICE_ID_7', 'BUSINESS_BANKING', 'SERVICE_ID_7');
INSERT INTO `appaction` (`id`, `App_id`, `Action_id`) VALUES ('BUSINESS_BANKING_SERVICE_ID_8', 'BUSINESS_BANKING', 'SERVICE_ID_8');

INSERT INTO `appaction` (`id`, `App_id`, `Action_id`) VALUES ('RETAIL_BANKING_SERVICE_ID_10', 'RETAIL_BANKING', 'SERVICE_ID_10');
INSERT INTO `appaction` (`id`, `App_id`, `Action_id`) VALUES ('RETAIL_BANKING_SERVICE_ID_11', 'RETAIL_BANKING', 'SERVICE_ID_11');
INSERT INTO `appaction` (`id`, `App_id`, `Action_id`) VALUES ('RETAIL_BANKING_SERVICE_ID_12', 'RETAIL_BANKING', 'SERVICE_ID_12');
INSERT INTO `appaction` (`id`, `App_id`, `Action_id`) VALUES ('RETAIL_BANKING_SERVICE_ID_13', 'RETAIL_BANKING', 'SERVICE_ID_13');
INSERT INTO `appaction` (`id`, `App_id`, `Action_id`) VALUES ('RETAIL_BANKING_SERVICE_ID_15', 'RETAIL_BANKING', 'SERVICE_ID_15');
INSERT INTO `appaction` (`id`, `App_id`, `Action_id`) VALUES ('RETAIL_BANKING_SERVICE_ID_2', 'RETAIL_BANKING', 'SERVICE_ID_2');
INSERT INTO `appaction` (`id`, `App_id`, `Action_id`) VALUES ('RETAIL_BANKING_SERVICE_ID_57', 'RETAIL_BANKING', 'SERVICE_ID_57');
INSERT INTO `appaction` (`id`, `App_id`, `Action_id`) VALUES ('RETAIL_BANKING_SERVICE_ID_58', 'RETAIL_BANKING', 'SERVICE_ID_58');
INSERT INTO `appaction` (`id`, `App_id`, `Action_id`) VALUES ('RETAIL_BANKING_SERVICE_ID_9', 'RETAIL_BANKING', 'SERVICE_ID_9');
INSERT INTO `appaction` (`id`, `App_id`, `Action_id`) VALUES ('RETAIL_BANKING_SERVICE_ID_1', 'RETAIL_BANKING', 'SERVICE_ID_1');
INSERT INTO `appaction` (`id`, `App_id`, `Action_id`) VALUES ('RETAIL_BANKING_SERVICE_ID_3', 'RETAIL_BANKING', 'SERVICE_ID_3');
INSERT INTO `appaction` (`id`, `App_id`, `Action_id`) VALUES ('RETAIL_BANKING_SERVICE_ID_4', 'RETAIL_BANKING', 'SERVICE_ID_4');
INSERT INTO `appaction` (`id`, `App_id`, `Action_id`) VALUES ('RETAIL_BANKING_SERVICE_ID_5', 'RETAIL_BANKING', 'SERVICE_ID_5');
INSERT INTO `appaction` (`id`, `App_id`, `Action_id`) VALUES ('RETAIL_BANKING_SERVICE_ID_6', 'RETAIL_BANKING', 'SERVICE_ID_6');
INSERT INTO `appaction` (`id`, `App_id`, `Action_id`) VALUES ('RETAIL_BANKING_SERVICE_ID_14', 'RETAIL_BANKING', 'SERVICE_ID_14');
INSERT INTO `appaction` (`id`, `App_id`, `Action_id`) VALUES ('RETAIL_BANKING_SERVICE_ID_47', 'RETAIL_BANKING', 'SERVICE_ID_47');
INSERT INTO `appaction` (`id`, `App_id`, `Action_id`) VALUES ('RETAIL_BANKING_SERVICE_ID_48', 'RETAIL_BANKING', 'SERVICE_ID_48');
INSERT INTO `appaction` (`id`, `App_id`, `Action_id`) VALUES ('RETAIL_BANKING_SERVICE_ID_7', 'RETAIL_BANKING', 'SERVICE_ID_7');
INSERT INTO `appaction` (`id`, `App_id`, `Action_id`) VALUES ('RETAIL_BANKING_SERVICE_ID_8', 'RETAIL_BANKING', 'SERVICE_ID_8');


INSERT INTO `appactionlimit` (`AppAction_id`, `LimitType_id`, `Value`, `createdby`, `modifiedby`) VALUES ('BUSINESS_BANKING_SERVICE_ID_10', 'MAX_TRANSACTION_LIMIT', '100000.00', 'Kony user', 'Kony user');
INSERT INTO `appactionlimit` (`AppAction_id`, `LimitType_id`, `Value`, `createdby`, `modifiedby`) VALUES ('BUSINESS_BANKING_SERVICE_ID_10', 'MIN_TRANSACTION_LIMIT', '1.00', 'Kony user', 'Kony user');
INSERT INTO `appactionlimit` (`AppAction_id`, `LimitType_id`, `Value`, `createdby`, `modifiedby`) VALUES ('BUSINESS_BANKING_SERVICE_ID_10', 'DAILY_LIMIT', '1000000.00', 'Kony user', 'Kony user');
INSERT INTO `appactionlimit` (`AppAction_id`, `LimitType_id`, `Value`, `createdby`, `modifiedby`) VALUES ('BUSINESS_BANKING_SERVICE_ID_10', 'WEEKLY_LIMIT', '100000000.00', 'Kony user', 'Kony user');

INSERT INTO `appactionlimit` (`AppAction_id`, `LimitType_id`, `Value`, `createdby`, `modifiedby`) VALUES ('BUSINESS_BANKING_SERVICE_ID_11', 'MAX_TRANSACTION_LIMIT', '100000.00', 'Kony user', 'Kony user');
INSERT INTO `appactionlimit` (`AppAction_id`, `LimitType_id`, `Value`, `createdby`, `modifiedby`) VALUES ('BUSINESS_BANKING_SERVICE_ID_11', 'MIN_TRANSACTION_LIMIT', '1.00', 'Kony user', 'Kony user');
INSERT INTO `appactionlimit` (`AppAction_id`, `LimitType_id`, `Value`, `createdby`, `modifiedby`) VALUES ('BUSINESS_BANKING_SERVICE_ID_11', 'DAILY_LIMIT', '1000000.00', 'Kony user', 'Kony user');
INSERT INTO `appactionlimit` (`AppAction_id`, `LimitType_id`, `Value`, `createdby`, `modifiedby`) VALUES ('BUSINESS_BANKING_SERVICE_ID_11', 'WEEKLY_LIMIT', '100000000.00', 'Kony user', 'Kony user');

INSERT INTO `appactionlimit` (`AppAction_id`, `LimitType_id`, `Value`, `createdby`, `modifiedby`) VALUES ('BUSINESS_BANKING_SERVICE_ID_12', 'MAX_TRANSACTION_LIMIT', '100000.00', 'Kony user', 'Kony user');
INSERT INTO `appactionlimit` (`AppAction_id`, `LimitType_id`, `Value`, `createdby`, `modifiedby`) VALUES ('BUSINESS_BANKING_SERVICE_ID_12', 'MIN_TRANSACTION_LIMIT', '1.00', 'Kony user', 'Kony user');
INSERT INTO `appactionlimit` (`AppAction_id`, `LimitType_id`, `Value`, `createdby`, `modifiedby`) VALUES ('BUSINESS_BANKING_SERVICE_ID_12', 'DAILY_LIMIT', '1000000.00', 'Kony user', 'Kony user');
INSERT INTO `appactionlimit` (`AppAction_id`, `LimitType_id`, `Value`, `createdby`, `modifiedby`) VALUES ('BUSINESS_BANKING_SERVICE_ID_12', 'WEEKLY_LIMIT', '100000000.00', 'Kony user', 'Kony user');

INSERT INTO `appactionlimit` (`AppAction_id`, `LimitType_id`, `Value`, `createdby`, `modifiedby`) VALUES ('BUSINESS_BANKING_SERVICE_ID_13', 'MAX_TRANSACTION_LIMIT', '100000.00', 'Kony user', 'Kony user');
INSERT INTO `appactionlimit` (`AppAction_id`, `LimitType_id`, `Value`, `createdby`, `modifiedby`) VALUES ('BUSINESS_BANKING_SERVICE_ID_13', 'MIN_TRANSACTION_LIMIT', '1.00', 'Kony user', 'Kony user');
INSERT INTO `appactionlimit` (`AppAction_id`, `LimitType_id`, `Value`, `createdby`, `modifiedby`) VALUES ('BUSINESS_BANKING_SERVICE_ID_13', 'DAILY_LIMIT', '1000000.00', 'Kony user', 'Kony user');
INSERT INTO `appactionlimit` (`AppAction_id`, `LimitType_id`, `Value`, `createdby`, `modifiedby`) VALUES ('BUSINESS_BANKING_SERVICE_ID_13', 'WEEKLY_LIMIT', '100000000.00', 'Kony user', 'Kony user');

INSERT INTO `appactionlimit` (`AppAction_id`, `LimitType_id`, `Value`, `createdby`, `modifiedby`) VALUES ('BUSINESS_BANKING_SERVICE_ID_14', 'MAX_TRANSACTION_LIMIT', '5000.00', 'Kony user', 'Kony user');
INSERT INTO `appactionlimit` (`AppAction_id`, `LimitType_id`, `Value`, `createdby`, `modifiedby`) VALUES ('BUSINESS_BANKING_SERVICE_ID_14', 'MIN_TRANSACTION_LIMIT', '1.00', 'Kony user', 'Kony user');
INSERT INTO `appactionlimit` (`AppAction_id`, `LimitType_id`, `Value`, `createdby`, `modifiedby`) VALUES ('BUSINESS_BANKING_SERVICE_ID_14', 'DAILY_LIMIT', '1000000.00', 'Kony user', 'Kony user');
INSERT INTO `appactionlimit` (`AppAction_id`, `LimitType_id`, `Value`, `createdby`, `modifiedby`) VALUES ('BUSINESS_BANKING_SERVICE_ID_14', 'WEEKLY_LIMIT', '100000000.00', 'Kony user', 'Kony user');

INSERT INTO `appactionlimit` (`AppAction_id`, `LimitType_id`, `Value`, `createdby`, `modifiedby`) VALUES ('BUSINESS_BANKING_SERVICE_ID_15', 'MAX_TRANSACTION_LIMIT', '100000.00', 'Kony user', 'Kony user');
INSERT INTO `appactionlimit` (`AppAction_id`, `LimitType_id`, `Value`, `createdby`, `modifiedby`) VALUES ('BUSINESS_BANKING_SERVICE_ID_15', 'MIN_TRANSACTION_LIMIT', '1.00', 'Kony user', 'Kony user');
INSERT INTO `appactionlimit` (`AppAction_id`, `LimitType_id`, `Value`, `createdby`, `modifiedby`) VALUES ('BUSINESS_BANKING_SERVICE_ID_15', 'DAILY_LIMIT', '1000000.00', 'Kony user', 'Kony user');
INSERT INTO `appactionlimit` (`AppAction_id`, `LimitType_id`, `Value`, `createdby`, `modifiedby`) VALUES ('BUSINESS_BANKING_SERVICE_ID_15', 'WEEKLY_LIMIT', '100000000.00', 'Kony user', 'Kony user');

INSERT INTO `appactionlimit` (`AppAction_id`, `LimitType_id`, `Value`, `createdby`, `modifiedby`) VALUES ('BUSINESS_BANKING_SERVICE_ID_2', 'MAX_TRANSACTION_LIMIT', '100000.00', 'Kony user', 'Kony user');
INSERT INTO `appactionlimit` (`AppAction_id`, `LimitType_id`, `Value`, `createdby`, `modifiedby`) VALUES ('BUSINESS_BANKING_SERVICE_ID_2', 'MIN_TRANSACTION_LIMIT', '1.00', 'Kony user', 'Kony user');
INSERT INTO `appactionlimit` (`AppAction_id`, `LimitType_id`, `Value`, `createdby`, `modifiedby`) VALUES ('BUSINESS_BANKING_SERVICE_ID_2', 'DAILY_LIMIT', '1000000.00', 'Kony user', 'Kony user');
INSERT INTO `appactionlimit` (`AppAction_id`, `LimitType_id`, `Value`, `createdby`, `modifiedby`) VALUES ('BUSINESS_BANKING_SERVICE_ID_2', 'WEEKLY_LIMIT', '100000000.00', 'Kony user', 'Kony user');

INSERT INTO `appactionlimit` (`AppAction_id`, `LimitType_id`, `Value`, `createdby`, `modifiedby`) VALUES ('BUSINESS_BANKING_SERVICE_ID_57', 'MAX_TRANSACTION_LIMIT', '100000.00', 'Kony user', 'Kony user');
INSERT INTO `appactionlimit` (`AppAction_id`, `LimitType_id`, `Value`, `createdby`, `modifiedby`) VALUES ('BUSINESS_BANKING_SERVICE_ID_57', 'MIN_TRANSACTION_LIMIT', '1.00', 'Kony user', 'Kony user');
INSERT INTO `appactionlimit` (`AppAction_id`, `LimitType_id`, `Value`, `createdby`, `modifiedby`) VALUES ('BUSINESS_BANKING_SERVICE_ID_57', 'DAILY_LIMIT', '1000000.00', 'Kony user', 'Kony user');
INSERT INTO `appactionlimit` (`AppAction_id`, `LimitType_id`, `Value`, `createdby`, `modifiedby`) VALUES ('BUSINESS_BANKING_SERVICE_ID_57', 'WEEKLY_LIMIT', '100000000.00', 'Kony user', 'Kony user');

INSERT INTO `appactionlimit` (`AppAction_id`, `LimitType_id`, `Value`, `createdby`, `modifiedby`) VALUES ('BUSINESS_BANKING_SERVICE_ID_58', 'MAX_TRANSACTION_LIMIT', '100000.00', 'Kony user', 'Kony user');
INSERT INTO `appactionlimit` (`AppAction_id`, `LimitType_id`, `Value`, `createdby`, `modifiedby`) VALUES ('BUSINESS_BANKING_SERVICE_ID_58', 'MIN_TRANSACTION_LIMIT', '1.00', 'Kony user', 'Kony user');
INSERT INTO `appactionlimit` (`AppAction_id`, `LimitType_id`, `Value`, `createdby`, `modifiedby`) VALUES ('BUSINESS_BANKING_SERVICE_ID_58', 'DAILY_LIMIT', '1000000.00', 'Kony user', 'Kony user');
INSERT INTO `appactionlimit` (`AppAction_id`, `LimitType_id`, `Value`, `createdby`, `modifiedby`) VALUES ('BUSINESS_BANKING_SERVICE_ID_58', 'WEEKLY_LIMIT', '100000000.00', 'Kony user', 'Kony user');

INSERT INTO `appactionlimit` (`AppAction_id`, `LimitType_id`, `Value`, `createdby`, `modifiedby`) VALUES ('BUSINESS_BANKING_SERVICE_ID_9', 'MAX_TRANSACTION_LIMIT', '100000.00', 'Kony user', 'Kony user');
INSERT INTO `appactionlimit` (`AppAction_id`, `LimitType_id`, `Value`, `createdby`, `modifiedby`) VALUES ('BUSINESS_BANKING_SERVICE_ID_9', 'MIN_TRANSACTION_LIMIT', '50.00', 'Kony user', 'Kony user');
INSERT INTO `appactionlimit` (`AppAction_id`, `LimitType_id`, `Value`, `createdby`, `modifiedby`) VALUES ('BUSINESS_BANKING_SERVICE_ID_9', 'DAILY_LIMIT', '1000000.00', 'Kony user', 'Kony user');
INSERT INTO `appactionlimit` (`AppAction_id`, `LimitType_id`, `Value`, `createdby`, `modifiedby`) VALUES ('BUSINESS_BANKING_SERVICE_ID_9', 'WEEKLY_LIMIT', '100000000.00', 'Kony user', 'Kony user');

INSERT INTO `appactionlimit` (`AppAction_id`, `LimitType_id`, `Value`, `createdby`, `modifiedby`) VALUES ('BUSINESS_BANKING_SERVICE_ID_1', 'MAX_TRANSACTION_LIMIT', '10000.00', 'Kony user', 'Kony user');
INSERT INTO `appactionlimit` (`AppAction_id`, `LimitType_id`, `Value`, `createdby`, `modifiedby`) VALUES ('BUSINESS_BANKING_SERVICE_ID_1', 'MIN_TRANSACTION_LIMIT', '1.00', 'Kony user', 'Kony user');
INSERT INTO `appactionlimit` (`AppAction_id`, `LimitType_id`, `Value`, `createdby`, `modifiedby`) VALUES ('BUSINESS_BANKING_SERVICE_ID_1', 'DAILY_LIMIT', '1000000.00', 'Kony user', 'Kony user');
INSERT INTO `appactionlimit` (`AppAction_id`, `LimitType_id`, `Value`, `createdby`, `modifiedby`) VALUES ('BUSINESS_BANKING_SERVICE_ID_1', 'WEEKLY_LIMIT', '100000000.00', 'Kony user', 'Kony user');

INSERT INTO `appactionlimit` (`AppAction_id`, `LimitType_id`, `Value`, `createdby`, `modifiedby`) VALUES ('BUSINESS_BANKING_SERVICE_ID_3', 'MAX_TRANSACTION_LIMIT', '10000.00', 'Kony user', 'Kony user');
INSERT INTO `appactionlimit` (`AppAction_id`, `LimitType_id`, `Value`, `createdby`, `modifiedby`) VALUES ('BUSINESS_BANKING_SERVICE_ID_3', 'MIN_TRANSACTION_LIMIT', '1.00', 'Kony user', 'Kony user');
INSERT INTO `appactionlimit` (`AppAction_id`, `LimitType_id`, `Value`, `createdby`, `modifiedby`) VALUES ('BUSINESS_BANKING_SERVICE_ID_3', 'DAILY_LIMIT', '1000000.00', 'Kony user', 'Kony user');
INSERT INTO `appactionlimit` (`AppAction_id`, `LimitType_id`, `Value`, `createdby`, `modifiedby`) VALUES ('BUSINESS_BANKING_SERVICE_ID_3', 'WEEKLY_LIMIT', '100000000.00', 'Kony user', 'Kony user');

INSERT INTO `appactionlimit` (`AppAction_id`, `LimitType_id`, `Value`, `createdby`, `modifiedby`) VALUES ('BUSINESS_BANKING_SERVICE_ID_4', 'MAX_TRANSACTION_LIMIT', '10000.00', 'Kony user', 'Kony user');
INSERT INTO `appactionlimit` (`AppAction_id`, `LimitType_id`, `Value`, `createdby`, `modifiedby`) VALUES ('BUSINESS_BANKING_SERVICE_ID_4', 'MIN_TRANSACTION_LIMIT', '1.00', 'Kony user', 'Kony user');
INSERT INTO `appactionlimit` (`AppAction_id`, `LimitType_id`, `Value`, `createdby`, `modifiedby`) VALUES ('BUSINESS_BANKING_SERVICE_ID_4', 'DAILY_LIMIT', '1000000.00', 'Kony user', 'Kony user');
INSERT INTO `appactionlimit` (`AppAction_id`, `LimitType_id`, `Value`, `createdby`, `modifiedby`) VALUES ('BUSINESS_BANKING_SERVICE_ID_4', 'WEEKLY_LIMIT', '100000000.00', 'Kony user', 'Kony user');

INSERT INTO `appactionlimit` (`AppAction_id`, `LimitType_id`, `Value`, `createdby`, `modifiedby`) VALUES ('BUSINESS_BANKING_SERVICE_ID_5', 'MAX_TRANSACTION_LIMIT', '10000.00', 'Kony user', 'Kony user');
INSERT INTO `appactionlimit` (`AppAction_id`, `LimitType_id`, `Value`, `createdby`, `modifiedby`) VALUES ('BUSINESS_BANKING_SERVICE_ID_5', 'MIN_TRANSACTION_LIMIT', '1.00', 'Kony user', 'Kony user');
INSERT INTO `appactionlimit` (`AppAction_id`, `LimitType_id`, `Value`, `createdby`, `modifiedby`) VALUES ('BUSINESS_BANKING_SERVICE_ID_5', 'DAILY_LIMIT', '1000000.00', 'Kony user', 'Kony user');
INSERT INTO `appactionlimit` (`AppAction_id`, `LimitType_id`, `Value`, `createdby`, `modifiedby`) VALUES ('BUSINESS_BANKING_SERVICE_ID_5', 'WEEKLY_LIMIT', '100000000.00', 'Kony user', 'Kony user');

INSERT INTO `appactionlimit` (`AppAction_id`, `LimitType_id`, `Value`, `createdby`, `modifiedby`) VALUES ('BUSINESS_BANKING_SERVICE_ID_6', 'MAX_TRANSACTION_LIMIT', '10000.00', 'Kony user', 'Kony user');
INSERT INTO `appactionlimit` (`AppAction_id`, `LimitType_id`, `Value`, `createdby`, `modifiedby`) VALUES ('BUSINESS_BANKING_SERVICE_ID_6', 'MIN_TRANSACTION_LIMIT', '1.00', 'Kony user', 'Kony user');
INSERT INTO `appactionlimit` (`AppAction_id`, `LimitType_id`, `Value`, `createdby`, `modifiedby`) VALUES ('BUSINESS_BANKING_SERVICE_ID_6', 'DAILY_LIMIT', '1000000.00', 'Kony user', 'Kony user');
INSERT INTO `appactionlimit` (`AppAction_id`, `LimitType_id`, `Value`, `createdby`, `modifiedby`) VALUES ('BUSINESS_BANKING_SERVICE_ID_6', 'WEEKLY_LIMIT', '100000000.00', 'Kony user', 'Kony user');

INSERT INTO `appactionlimit` (`AppAction_id`, `LimitType_id`, `Value`, `createdby`, `modifiedby`) VALUES ('BUSINESS_BANKING_SERVICE_ID_47', 'MAX_TRANSACTION_LIMIT', '5000.00', 'Kony user', 'Kony user');
INSERT INTO `appactionlimit` (`AppAction_id`, `LimitType_id`, `Value`, `createdby`, `modifiedby`) VALUES ('BUSINESS_BANKING_SERVICE_ID_47', 'MIN_TRANSACTION_LIMIT', '1.00', 'Kony user', 'Kony user');
INSERT INTO `appactionlimit` (`AppAction_id`, `LimitType_id`, `Value`, `createdby`, `modifiedby`) VALUES ('BUSINESS_BANKING_SERVICE_ID_47', 'DAILY_LIMIT', '1000000.00', 'Kony user', 'Kony user');
INSERT INTO `appactionlimit` (`AppAction_id`, `LimitType_id`, `Value`, `createdby`, `modifiedby`) VALUES ('BUSINESS_BANKING_SERVICE_ID_47', 'WEEKLY_LIMIT', '100000000.00', 'Kony user', 'Kony user');

INSERT INTO `appactionlimit` (`AppAction_id`, `LimitType_id`, `Value`, `createdby`, `modifiedby`) VALUES ('BUSINESS_BANKING_SERVICE_ID_7', 'MAX_TRANSACTION_LIMIT', '5000.00', 'Kony user', 'Kony user');
INSERT INTO `appactionlimit` (`AppAction_id`, `LimitType_id`, `Value`, `createdby`, `modifiedby`) VALUES ('BUSINESS_BANKING_SERVICE_ID_7', 'MIN_TRANSACTION_LIMIT', '1.00', 'Kony user', 'Kony user');
INSERT INTO `appactionlimit` (`AppAction_id`, `LimitType_id`, `Value`, `createdby`, `modifiedby`) VALUES ('BUSINESS_BANKING_SERVICE_ID_7', 'DAILY_LIMIT', '1000000.00', 'Kony user', 'Kony user');
INSERT INTO `appactionlimit` (`AppAction_id`, `LimitType_id`, `Value`, `createdby`, `modifiedby`) VALUES ('BUSINESS_BANKING_SERVICE_ID_7', 'WEEKLY_LIMIT', '100000000.00', 'Kony user', 'Kony user');

INSERT INTO `appactionlimit` (`AppAction_id`, `LimitType_id`, `Value`, `createdby`, `modifiedby`) VALUES ('BUSINESS_BANKING_SERVICE_ID_8', 'MAX_TRANSACTION_LIMIT', '1000.00', 'Kony user', 'Kony user');
INSERT INTO `appactionlimit` (`AppAction_id`, `LimitType_id`, `Value`, `createdby`, `modifiedby`) VALUES ('BUSINESS_BANKING_SERVICE_ID_8', 'MIN_TRANSACTION_LIMIT', '1.00', 'Kony user', 'Kony user');
INSERT INTO `appactionlimit` (`AppAction_id`, `LimitType_id`, `Value`, `createdby`, `modifiedby`) VALUES ('BUSINESS_BANKING_SERVICE_ID_8', 'DAILY_LIMIT', '1000000.00', 'Kony user', 'Kony user');
INSERT INTO `appactionlimit` (`AppAction_id`, `LimitType_id`, `Value`, `createdby`, `modifiedby`) VALUES ('BUSINESS_BANKING_SERVICE_ID_8', 'WEEKLY_LIMIT', '100000000.00', 'Kony user', 'Kony user');

INSERT INTO `appactionlimit` (`AppAction_id`, `LimitType_id`, `Value`, `createdby`, `modifiedby`) VALUES ('RETAIL_BANKING_SERVICE_ID_10', 'MAX_TRANSACTION_LIMIT', '100000.00', 'Kony user', 'Kony user');
INSERT INTO `appactionlimit` (`AppAction_id`, `LimitType_id`, `Value`, `createdby`, `modifiedby`) VALUES ('RETAIL_BANKING_SERVICE_ID_10', 'MIN_TRANSACTION_LIMIT', '1.00', 'Kony user', 'Kony user');
INSERT INTO `appactionlimit` (`AppAction_id`, `LimitType_id`, `Value`, `createdby`, `modifiedby`) VALUES ('RETAIL_BANKING_SERVICE_ID_10', 'DAILY_LIMIT', '1000000.00', 'Kony user', 'Kony user');
INSERT INTO `appactionlimit` (`AppAction_id`, `LimitType_id`, `Value`, `createdby`, `modifiedby`) VALUES ('RETAIL_BANKING_SERVICE_ID_10', 'WEEKLY_LIMIT', '100000000.00', 'Kony user', 'Kony user');

INSERT INTO `appactionlimit` (`AppAction_id`, `LimitType_id`, `Value`, `createdby`, `modifiedby`) VALUES ('RETAIL_BANKING_SERVICE_ID_11', 'MAX_TRANSACTION_LIMIT', '100000.00', 'Kony user', 'Kony user');
INSERT INTO `appactionlimit` (`AppAction_id`, `LimitType_id`, `Value`, `createdby`, `modifiedby`) VALUES ('RETAIL_BANKING_SERVICE_ID_11', 'MIN_TRANSACTION_LIMIT', '1.00', 'Kony user', 'Kony user');
INSERT INTO `appactionlimit` (`AppAction_id`, `LimitType_id`, `Value`, `createdby`, `modifiedby`) VALUES ('RETAIL_BANKING_SERVICE_ID_11', 'DAILY_LIMIT', '1000000.00', 'Kony user', 'Kony user');
INSERT INTO `appactionlimit` (`AppAction_id`, `LimitType_id`, `Value`, `createdby`, `modifiedby`) VALUES ('RETAIL_BANKING_SERVICE_ID_11', 'WEEKLY_LIMIT', '100000000.00', 'Kony user', 'Kony user');

INSERT INTO `appactionlimit` (`AppAction_id`, `LimitType_id`, `Value`, `createdby`, `modifiedby`) VALUES ('RETAIL_BANKING_SERVICE_ID_12', 'MAX_TRANSACTION_LIMIT', '100000.00', 'Kony user', 'Kony user');
INSERT INTO `appactionlimit` (`AppAction_id`, `LimitType_id`, `Value`, `createdby`, `modifiedby`) VALUES ('RETAIL_BANKING_SERVICE_ID_12', 'MIN_TRANSACTION_LIMIT', '1.00', 'Kony user', 'Kony user');
INSERT INTO `appactionlimit` (`AppAction_id`, `LimitType_id`, `Value`, `createdby`, `modifiedby`) VALUES ('RETAIL_BANKING_SERVICE_ID_12', 'DAILY_LIMIT', '1000000.00', 'Kony user', 'Kony user');
INSERT INTO `appactionlimit` (`AppAction_id`, `LimitType_id`, `Value`, `createdby`, `modifiedby`) VALUES ('RETAIL_BANKING_SERVICE_ID_12', 'WEEKLY_LIMIT', '100000000.00', 'Kony user', 'Kony user');

INSERT INTO `appactionlimit` (`AppAction_id`, `LimitType_id`, `Value`, `createdby`, `modifiedby`) VALUES ('RETAIL_BANKING_SERVICE_ID_13', 'MAX_TRANSACTION_LIMIT', '100000.00', 'Kony user', 'Kony user');
INSERT INTO `appactionlimit` (`AppAction_id`, `LimitType_id`, `Value`, `createdby`, `modifiedby`) VALUES ('RETAIL_BANKING_SERVICE_ID_13', 'MIN_TRANSACTION_LIMIT', '1.00', 'Kony user', 'Kony user');
INSERT INTO `appactionlimit` (`AppAction_id`, `LimitType_id`, `Value`, `createdby`, `modifiedby`) VALUES ('RETAIL_BANKING_SERVICE_ID_13', 'DAILY_LIMIT', '1000000.00', 'Kony user', 'Kony user');
INSERT INTO `appactionlimit` (`AppAction_id`, `LimitType_id`, `Value`, `createdby`, `modifiedby`) VALUES ('RETAIL_BANKING_SERVICE_ID_13', 'WEEKLY_LIMIT', '100000000.00', 'Kony user', 'Kony user');

INSERT INTO `appactionlimit` (`AppAction_id`, `LimitType_id`, `Value`, `createdby`, `modifiedby`) VALUES ('RETAIL_BANKING_SERVICE_ID_14', 'MAX_TRANSACTION_LIMIT', '5000.00', 'Kony user', 'Kony user');
INSERT INTO `appactionlimit` (`AppAction_id`, `LimitType_id`, `Value`, `createdby`, `modifiedby`) VALUES ('RETAIL_BANKING_SERVICE_ID_14', 'MIN_TRANSACTION_LIMIT', '1.00', 'Kony user', 'Kony user');
INSERT INTO `appactionlimit` (`AppAction_id`, `LimitType_id`, `Value`, `createdby`, `modifiedby`) VALUES ('RETAIL_BANKING_SERVICE_ID_14', 'DAILY_LIMIT', '1000000.00', 'Kony user', 'Kony user');
INSERT INTO `appactionlimit` (`AppAction_id`, `LimitType_id`, `Value`, `createdby`, `modifiedby`) VALUES ('RETAIL_BANKING_SERVICE_ID_14', 'WEEKLY_LIMIT', '100000000.00', 'Kony user', 'Kony user');

INSERT INTO `appactionlimit` (`AppAction_id`, `LimitType_id`, `Value`, `createdby`, `modifiedby`) VALUES ('RETAIL_BANKING_SERVICE_ID_15', 'MAX_TRANSACTION_LIMIT', '100000.00', 'Kony user', 'Kony user');
INSERT INTO `appactionlimit` (`AppAction_id`, `LimitType_id`, `Value`, `createdby`, `modifiedby`) VALUES ('RETAIL_BANKING_SERVICE_ID_15', 'MIN_TRANSACTION_LIMIT', '1.00', 'Kony user', 'Kony user');
INSERT INTO `appactionlimit` (`AppAction_id`, `LimitType_id`, `Value`, `createdby`, `modifiedby`) VALUES ('RETAIL_BANKING_SERVICE_ID_15', 'DAILY_LIMIT', '1000000.00', 'Kony user', 'Kony user');
INSERT INTO `appactionlimit` (`AppAction_id`, `LimitType_id`, `Value`, `createdby`, `modifiedby`) VALUES ('RETAIL_BANKING_SERVICE_ID_15', 'WEEKLY_LIMIT', '100000000.00', 'Kony user', 'Kony user');

INSERT INTO `appactionlimit` (`AppAction_id`, `LimitType_id`, `Value`, `createdby`, `modifiedby`) VALUES ('RETAIL_BANKING_SERVICE_ID_2', 'MAX_TRANSACTION_LIMIT', '100000.00', 'Kony user', 'Kony user');
INSERT INTO `appactionlimit` (`AppAction_id`, `LimitType_id`, `Value`, `createdby`, `modifiedby`) VALUES ('RETAIL_BANKING_SERVICE_ID_2', 'MIN_TRANSACTION_LIMIT', '1.00', 'Kony user', 'Kony user');
INSERT INTO `appactionlimit` (`AppAction_id`, `LimitType_id`, `Value`, `createdby`, `modifiedby`) VALUES ('RETAIL_BANKING_SERVICE_ID_2', 'DAILY_LIMIT', '1000000.00', 'Kony user', 'Kony user');
INSERT INTO `appactionlimit` (`AppAction_id`, `LimitType_id`, `Value`, `createdby`, `modifiedby`) VALUES ('RETAIL_BANKING_SERVICE_ID_2', 'WEEKLY_LIMIT', '100000000.00', 'Kony user', 'Kony user');

INSERT INTO `appactionlimit` (`AppAction_id`, `LimitType_id`, `Value`, `createdby`, `modifiedby`) VALUES ('RETAIL_BANKING_SERVICE_ID_57', 'MAX_TRANSACTION_LIMIT', '100000.00', 'Kony user', 'Kony user');
INSERT INTO `appactionlimit` (`AppAction_id`, `LimitType_id`, `Value`, `createdby`, `modifiedby`) VALUES ('RETAIL_BANKING_SERVICE_ID_57', 'MIN_TRANSACTION_LIMIT', '1.00', 'Kony user', 'Kony user');
INSERT INTO `appactionlimit` (`AppAction_id`, `LimitType_id`, `Value`, `createdby`, `modifiedby`) VALUES ('RETAIL_BANKING_SERVICE_ID_57', 'DAILY_LIMIT', '1000000.00', 'Kony user', 'Kony user');
INSERT INTO `appactionlimit` (`AppAction_id`, `LimitType_id`, `Value`, `createdby`, `modifiedby`) VALUES ('RETAIL_BANKING_SERVICE_ID_57', 'WEEKLY_LIMIT', '100000000.00', 'Kony user', 'Kony user');

INSERT INTO `appactionlimit` (`AppAction_id`, `LimitType_id`, `Value`, `createdby`, `modifiedby`) VALUES ('RETAIL_BANKING_SERVICE_ID_58', 'MAX_TRANSACTION_LIMIT', '100000.00', 'Kony user', 'Kony user');
INSERT INTO `appactionlimit` (`AppAction_id`, `LimitType_id`, `Value`, `createdby`, `modifiedby`) VALUES ('RETAIL_BANKING_SERVICE_ID_58', 'MIN_TRANSACTION_LIMIT', '1.00', 'Kony user', 'Kony user');
INSERT INTO `appactionlimit` (`AppAction_id`, `LimitType_id`, `Value`, `createdby`, `modifiedby`) VALUES ('RETAIL_BANKING_SERVICE_ID_58', 'DAILY_LIMIT', '1000000.00', 'Kony user', 'Kony user');
INSERT INTO `appactionlimit` (`AppAction_id`, `LimitType_id`, `Value`, `createdby`, `modifiedby`) VALUES ('RETAIL_BANKING_SERVICE_ID_58', 'WEEKLY_LIMIT', '100000000.00', 'Kony user', 'Kony user');

INSERT INTO `appactionlimit` (`AppAction_id`, `LimitType_id`, `Value`, `createdby`, `modifiedby`) VALUES ('RETAIL_BANKING_SERVICE_ID_9', 'MAX_TRANSACTION_LIMIT', '100000.00', 'Kony user', 'Kony user');
INSERT INTO `appactionlimit` (`AppAction_id`, `LimitType_id`, `Value`, `createdby`, `modifiedby`) VALUES ('RETAIL_BANKING_SERVICE_ID_9', 'MIN_TRANSACTION_LIMIT', '50.00', 'Kony user', 'Kony user');
INSERT INTO `appactionlimit` (`AppAction_id`, `LimitType_id`, `Value`, `createdby`, `modifiedby`) VALUES ('RETAIL_BANKING_SERVICE_ID_9', 'DAILY_LIMIT', '1000000.00', 'Kony user', 'Kony user');
INSERT INTO `appactionlimit` (`AppAction_id`, `LimitType_id`, `Value`, `createdby`, `modifiedby`) VALUES ('RETAIL_BANKING_SERVICE_ID_9', 'WEEKLY_LIMIT', '100000000.00', 'Kony user', 'Kony user');

INSERT INTO `appactionlimit` (`AppAction_id`, `LimitType_id`, `Value`, `createdby`, `modifiedby`) VALUES ('RETAIL_BANKING_SERVICE_ID_1', 'MAX_TRANSACTION_LIMIT', '10000.00', 'Kony user', 'Kony user');
INSERT INTO `appactionlimit` (`AppAction_id`, `LimitType_id`, `Value`, `createdby`, `modifiedby`) VALUES ('RETAIL_BANKING_SERVICE_ID_1', 'MIN_TRANSACTION_LIMIT', '1.00', 'Kony user', 'Kony user');
INSERT INTO `appactionlimit` (`AppAction_id`, `LimitType_id`, `Value`, `createdby`, `modifiedby`) VALUES ('RETAIL_BANKING_SERVICE_ID_1', 'DAILY_LIMIT', '1000000.00', 'Kony user', 'Kony user');
INSERT INTO `appactionlimit` (`AppAction_id`, `LimitType_id`, `Value`, `createdby`, `modifiedby`) VALUES ('RETAIL_BANKING_SERVICE_ID_1', 'WEEKLY_LIMIT', '100000000.00', 'Kony user', 'Kony user');

INSERT INTO `appactionlimit` (`AppAction_id`, `LimitType_id`, `Value`, `createdby`, `modifiedby`) VALUES ('RETAIL_BANKING_SERVICE_ID_3', 'MAX_TRANSACTION_LIMIT', '10000.00', 'Kony user', 'Kony user');
INSERT INTO `appactionlimit` (`AppAction_id`, `LimitType_id`, `Value`, `createdby`, `modifiedby`) VALUES ('RETAIL_BANKING_SERVICE_ID_3', 'MIN_TRANSACTION_LIMIT', '1.00', 'Kony user', 'Kony user');
INSERT INTO `appactionlimit` (`AppAction_id`, `LimitType_id`, `Value`, `createdby`, `modifiedby`) VALUES ('RETAIL_BANKING_SERVICE_ID_3', 'DAILY_LIMIT', '1000000.00', 'Kony user', 'Kony user');
INSERT INTO `appactionlimit` (`AppAction_id`, `LimitType_id`, `Value`, `createdby`, `modifiedby`) VALUES ('RETAIL_BANKING_SERVICE_ID_3', 'WEEKLY_LIMIT', '100000000.00', 'Kony user', 'Kony user');

INSERT INTO `appactionlimit` (`AppAction_id`, `LimitType_id`, `Value`, `createdby`, `modifiedby`) VALUES ('RETAIL_BANKING_SERVICE_ID_4', 'MAX_TRANSACTION_LIMIT', '10000.00', 'Kony user', 'Kony user');
INSERT INTO `appactionlimit` (`AppAction_id`, `LimitType_id`, `Value`, `createdby`, `modifiedby`) VALUES ('RETAIL_BANKING_SERVICE_ID_4', 'MIN_TRANSACTION_LIMIT', '1.00', 'Kony user', 'Kony user');
INSERT INTO `appactionlimit` (`AppAction_id`, `LimitType_id`, `Value`, `createdby`, `modifiedby`) VALUES ('RETAIL_BANKING_SERVICE_ID_4', 'DAILY_LIMIT', '1000000.00', 'Kony user', 'Kony user');
INSERT INTO `appactionlimit` (`AppAction_id`, `LimitType_id`, `Value`, `createdby`, `modifiedby`) VALUES ('RETAIL_BANKING_SERVICE_ID_4', 'WEEKLY_LIMIT', '100000000.00', 'Kony user', 'Kony user');

INSERT INTO `appactionlimit` (`AppAction_id`, `LimitType_id`, `Value`, `createdby`, `modifiedby`) VALUES ('RETAIL_BANKING_SERVICE_ID_5', 'MAX_TRANSACTION_LIMIT', '10000.00', 'Kony user', 'Kony user');
INSERT INTO `appactionlimit` (`AppAction_id`, `LimitType_id`, `Value`, `createdby`, `modifiedby`) VALUES ('RETAIL_BANKING_SERVICE_ID_5', 'MIN_TRANSACTION_LIMIT', '1.00', 'Kony user', 'Kony user');
INSERT INTO `appactionlimit` (`AppAction_id`, `LimitType_id`, `Value`, `createdby`, `modifiedby`) VALUES ('RETAIL_BANKING_SERVICE_ID_5', 'DAILY_LIMIT', '1000000.00', 'Kony user', 'Kony user');
INSERT INTO `appactionlimit` (`AppAction_id`, `LimitType_id`, `Value`, `createdby`, `modifiedby`) VALUES ('RETAIL_BANKING_SERVICE_ID_5', 'WEEKLY_LIMIT', '100000000.00', 'Kony user', 'Kony user');

INSERT INTO `appactionlimit` (`AppAction_id`, `LimitType_id`, `Value`, `createdby`, `modifiedby`) VALUES ('RETAIL_BANKING_SERVICE_ID_6', 'MAX_TRANSACTION_LIMIT', '10000.00', 'Kony user', 'Kony user');
INSERT INTO `appactionlimit` (`AppAction_id`, `LimitType_id`, `Value`, `createdby`, `modifiedby`) VALUES ('RETAIL_BANKING_SERVICE_ID_6', 'MIN_TRANSACTION_LIMIT', '1.00', 'Kony user', 'Kony user');
INSERT INTO `appactionlimit` (`AppAction_id`, `LimitType_id`, `Value`, `createdby`, `modifiedby`) VALUES ('RETAIL_BANKING_SERVICE_ID_6', 'DAILY_LIMIT', '1000000.00', 'Kony user', 'Kony user');
INSERT INTO `appactionlimit` (`AppAction_id`, `LimitType_id`, `Value`, `createdby`, `modifiedby`) VALUES ('RETAIL_BANKING_SERVICE_ID_6', 'WEEKLY_LIMIT', '100000000.00', 'Kony user', 'Kony user');

INSERT INTO `appactionlimit` (`AppAction_id`, `LimitType_id`, `Value`, `createdby`, `modifiedby`) VALUES ('RETAIL_BANKING_SERVICE_ID_47', 'MAX_TRANSACTION_LIMIT', '5000.00', 'Kony user', 'Kony user');
INSERT INTO `appactionlimit` (`AppAction_id`, `LimitType_id`, `Value`, `createdby`, `modifiedby`) VALUES ('RETAIL_BANKING_SERVICE_ID_47', 'MIN_TRANSACTION_LIMIT', '1.00', 'Kony user', 'Kony user');
INSERT INTO `appactionlimit` (`AppAction_id`, `LimitType_id`, `Value`, `createdby`, `modifiedby`) VALUES ('RETAIL_BANKING_SERVICE_ID_47', 'DAILY_LIMIT', '1000000.00', 'Kony user', 'Kony user');
INSERT INTO `appactionlimit` (`AppAction_id`, `LimitType_id`, `Value`, `createdby`, `modifiedby`) VALUES ('RETAIL_BANKING_SERVICE_ID_47', 'WEEKLY_LIMIT', '100000000.00', 'Kony user', 'Kony user');

INSERT INTO `appactionlimit` (`AppAction_id`, `LimitType_id`, `Value`, `createdby`, `modifiedby`) VALUES ('RETAIL_BANKING_SERVICE_ID_7', 'MAX_TRANSACTION_LIMIT', '5000.00', 'Kony user', 'Kony user');
INSERT INTO `appactionlimit` (`AppAction_id`, `LimitType_id`, `Value`, `createdby`, `modifiedby`) VALUES ('RETAIL_BANKING_SERVICE_ID_7', 'MIN_TRANSACTION_LIMIT', '1.00', 'Kony user', 'Kony user');
INSERT INTO `appactionlimit` (`AppAction_id`, `LimitType_id`, `Value`, `createdby`, `modifiedby`) VALUES ('RETAIL_BANKING_SERVICE_ID_7', 'DAILY_LIMIT', '1000000.00', 'Kony user', 'Kony user');
INSERT INTO `appactionlimit` (`AppAction_id`, `LimitType_id`, `Value`, `createdby`, `modifiedby`) VALUES ('RETAIL_BANKING_SERVICE_ID_7', 'WEEKLY_LIMIT', '100000000.00', 'Kony user', 'Kony user');

INSERT INTO `appactionlimit` (`AppAction_id`, `LimitType_id`, `Value`, `createdby`, `modifiedby`) VALUES ('RETAIL_BANKING_SERVICE_ID_8', 'MAX_TRANSACTION_LIMIT', '1000.00', 'Kony user', 'Kony user');
INSERT INTO `appactionlimit` (`AppAction_id`, `LimitType_id`, `Value`, `createdby`, `modifiedby`) VALUES ('RETAIL_BANKING_SERVICE_ID_8', 'MIN_TRANSACTION_LIMIT', '1.00', 'Kony user', 'Kony user');
INSERT INTO `appactionlimit` (`AppAction_id`, `LimitType_id`, `Value`, `createdby`, `modifiedby`) VALUES ('RETAIL_BANKING_SERVICE_ID_8', 'DAILY_LIMIT', '1000000.00', 'Kony user', 'Kony user');
INSERT INTO `appactionlimit` (`AppAction_id`, `LimitType_id`, `Value`, `createdby`, `modifiedby`) VALUES ('RETAIL_BANKING_SERVICE_ID_8', 'WEEKLY_LIMIT', '100000000.00', 'Kony user', 'Kony user');

INSERT IGNORE INTO `groupactionlimit` (`id`,`Group_id`,`Action_id`) VALUES ('9c3324ce-c16a-44c0-8aa6-916ca732d001','DEFAULT_EUROPE_GROUP', 'SERVICE_ID_2');
INSERT IGNORE INTO `groupactionlimit` (`id`,`Group_id`,`Action_id`) VALUES ('9c3324ce-c16a-44c0-8aa6-916ca732d002','DEFAULT_EUROPE_GROUP', 'SERVICE_ID_3');
INSERT IGNORE INTO `groupactionlimit` (`id`,`Group_id`,`Action_id`) VALUES ('9c3324ce-c16a-44c0-8aa6-916ca732d003','DEFAULT_EUROPE_GROUP', 'SERVICE_ID_4');
INSERT IGNORE INTO `groupactionlimit` (`id`,`Group_id`,`Action_id`) VALUES ('9c3324ce-c16a-44c0-8aa6-916ca732d004','DEFAULT_EUROPE_GROUP', 'SERVICE_ID_7');
INSERT IGNORE INTO `groupactionlimit` (`id`,`Group_id`,`Action_id`) VALUES ('9c3324ce-c16a-44c0-8aa6-916ca732d005','DEFAULT_EUROPE_GROUP', 'SERVICE_ID_8');
INSERT IGNORE INTO `groupactionlimit` (`id`,`Group_id`,`Action_id`) VALUES ('9c3324ce-c16a-44c0-8aa6-916ca732d006','DEFAULT_GROUP', 'SERVICE_ID_1');
INSERT IGNORE INTO `groupactionlimit` (`id`,`Group_id`,`Action_id`) VALUES ('9c3324ce-c16a-44c0-8aa6-916ca732d007','DEFAULT_GROUP', 'SERVICE_ID_2');
INSERT IGNORE INTO `groupactionlimit` (`id`,`Group_id`,`Action_id`) VALUES ('9c3324ce-c16a-44c0-8aa6-916ca732d008','DEFAULT_GROUP', 'SERVICE_ID_3');
INSERT IGNORE INTO `groupactionlimit` (`id`,`Group_id`,`Action_id`) VALUES ('9c3324ce-c16a-44c0-8aa6-916ca732d009','DEFAULT_GROUP', 'SERVICE_ID_4');
INSERT IGNORE INTO `groupactionlimit` (`id`,`Group_id`,`Action_id`) VALUES ('9c3324ce-c16a-44c0-8aa6-916ca732d010','DEFAULT_GROUP', 'SERVICE_ID_5');
INSERT IGNORE INTO `groupactionlimit` (`id`,`Group_id`,`Action_id`) VALUES ('9c3324ce-c16a-44c0-8aa6-916ca732d011','DEFAULT_GROUP', 'SERVICE_ID_6');
INSERT IGNORE INTO `groupactionlimit` (`id`,`Group_id`,`Action_id`) VALUES ('9c3324ce-c16a-44c0-8aa6-916ca732d012','DEFAULT_GROUP', 'SERVICE_ID_7');
INSERT IGNORE INTO `groupactionlimit` (`id`,`Group_id`,`Action_id`) VALUES ('9c3324ce-c16a-44c0-8aa6-916ca732d013','DEFAULT_GROUP', 'SERVICE_ID_8');
INSERT IGNORE INTO `groupactionlimit` (`id`,`Group_id`,`Action_id`) VALUES ('9c3324ce-c16a-44c0-8aa6-916ca732d014','DEFAULT_GROUP', 'SERVICE_ID_9');
INSERT IGNORE INTO `groupactionlimit` (`id`,`Group_id`,`Action_id`) VALUES ('9c3324ce-c16a-44c0-8aa6-916ca732d015','GID_BANKING_CUSTOMERS', 'SERVICE_ID_1');
INSERT IGNORE INTO `groupactionlimit` (`id`,`Group_id`,`Action_id`) VALUES ('9c3324ce-c16a-44c0-8aa6-916ca732d016','GID_BANKING_CUSTOMERS', 'SERVICE_ID_2');
INSERT IGNORE INTO `groupactionlimit` (`id`,`Group_id`,`Action_id`) VALUES ('9c3324ce-c16a-44c0-8aa6-916ca732d017','GID_CREDITCARD_CUSTOMERS', 'SERVICE_ID_9');
INSERT IGNORE INTO `groupactionlimit` (`id`,`Group_id`,`Action_id`) VALUES ('9c3324ce-c16a-44c0-8aa6-916ca732d018','GID_HNW_CUSTOMERS', 'SERVICE_ID_1');
INSERT IGNORE INTO `groupactionlimit` (`id`,`Group_id`,`Action_id`) VALUES ('9c3324ce-c16a-44c0-8aa6-916ca732d019','GID_HNW_CUSTOMERS', 'SERVICE_ID_2');
INSERT IGNORE INTO `groupactionlimit` (`id`,`Group_id`,`Action_id`) VALUES ('9c3324ce-c16a-44c0-8aa6-916ca732d020','GID_HNW_CUSTOMERS', 'SERVICE_ID_3');
INSERT IGNORE INTO `groupactionlimit` (`id`,`Group_id`,`Action_id`) VALUES ('9c3324ce-c16a-44c0-8aa6-916ca732d021','GID_HNW_CUSTOMERS', 'SERVICE_ID_4');
INSERT IGNORE INTO `groupactionlimit` (`id`,`Group_id`,`Action_id`) VALUES ('9c3324ce-c16a-44c0-8aa6-916ca732d022','GID_HNW_CUSTOMERS', 'SERVICE_ID_5');
INSERT IGNORE INTO `groupactionlimit` (`id`,`Group_id`,`Action_id`) VALUES ('9c3324ce-c16a-44c0-8aa6-916ca732d023','GID_HNW_CUSTOMERS', 'SERVICE_ID_6');
INSERT IGNORE INTO `groupactionlimit` (`id`,`Group_id`,`Action_id`) VALUES ('9c3324ce-c16a-44c0-8aa6-916ca732d024','GID_HNW_CUSTOMERS', 'SERVICE_ID_7');
INSERT IGNORE INTO `groupactionlimit` (`id`,`Group_id`,`Action_id`) VALUES ('9c3324ce-c16a-44c0-8aa6-916ca732d025','GID_LOAN_CUSTOMERS', 'SERVICE_ID_1');
INSERT IGNORE INTO `groupactionlimit` (`id`,`Group_id`,`Action_id`) VALUES ('9c3324ce-c16a-44c0-8aa6-916ca732d026','GID_LOAN_CUSTOMERS', 'SERVICE_ID_5');
INSERT IGNORE INTO `groupactionlimit` (`id`,`Group_id`,`Action_id`) VALUES ('9c3324ce-c16a-44c0-8aa6-916ca732d027','GID_LOAN_CUSTOMERS', 'SERVICE_ID_9');
INSERT IGNORE INTO `groupactionlimit` (`id`,`Group_id`,`Action_id`) VALUES ('9c3324ce-c16a-44c0-8aa6-916ca732d028','GID_PRIORITY_MEMBERS', 'SERVICE_ID_1');
INSERT IGNORE INTO `groupactionlimit` (`id`,`Group_id`,`Action_id`) VALUES ('9c3324ce-c16a-44c0-8aa6-916ca732d029','GID_PRIORITY_MEMBERS', 'SERVICE_ID_2');
INSERT IGNORE INTO `groupactionlimit` (`id`,`Group_id`,`Action_id`) VALUES ('9c3324ce-c16a-44c0-8aa6-916ca732d030','GID_PRIORITY_MEMBERS', 'SERVICE_ID_3');
INSERT IGNORE INTO `groupactionlimit` (`id`,`Group_id`,`Action_id`) VALUES ('9c3324ce-c16a-44c0-8aa6-916ca732d031','GID_PRIORITY_MEMBERS', 'SERVICE_ID_4');
INSERT IGNORE INTO `groupactionlimit` (`id`,`Group_id`,`Action_id`) VALUES ('9c3324ce-c16a-44c0-8aa6-916ca732d032','GID_PRIORITY_MEMBERS', 'SERVICE_ID_5');
INSERT IGNORE INTO `groupactionlimit` (`id`,`Group_id`,`Action_id`) VALUES ('9c3324ce-c16a-44c0-8aa6-916ca732d033','GID_PRIORITY_MEMBERS', 'SERVICE_ID_6');
INSERT IGNORE INTO `groupactionlimit` (`id`,`Group_id`,`Action_id`) VALUES ('9c3324ce-c16a-44c0-8aa6-916ca732d034','GID_PRIORITY_MEMBERS', 'SERVICE_ID_7');
INSERT IGNORE INTO `groupactionlimit` (`id`,`Group_id`,`Action_id`) VALUES ('9c3324ce-c16a-44c0-8aa6-916ca732d035','GID_PRIORITY_MEMBERS', 'SERVICE_ID_8');
INSERT IGNORE INTO `groupactionlimit` (`id`,`Group_id`,`Action_id`) VALUES ('9c3324ce-c16a-44c0-8aa6-916ca732d036','GID_PRIORITY_MEMBERS', 'SERVICE_ID_9');
INSERT IGNORE INTO `groupactionlimit` (`id`,`Group_id`,`Action_id`) VALUES ('9c3324ce-c16a-44c0-8aa6-916ca732d037','GROUP_ADMINISTRATOR', 'SERVICE_ID_10');
INSERT IGNORE INTO `groupactionlimit` (`id`,`Group_id`,`Action_id`) VALUES ('9c3324ce-c16a-44c0-8aa6-916ca732d038','GROUP_ADMINISTRATOR', 'SERVICE_ID_11');
INSERT IGNORE INTO `groupactionlimit` (`id`,`Group_id`,`Action_id`) VALUES ('9c3324ce-c16a-44c0-8aa6-916ca732d039','GROUP_ADMINISTRATOR', 'SERVICE_ID_12');
INSERT IGNORE INTO `groupactionlimit` (`id`,`Group_id`,`Action_id`) VALUES ('9c3324ce-c16a-44c0-8aa6-916ca732d040','GROUP_ADMINISTRATOR', 'SERVICE_ID_13');
INSERT IGNORE INTO `groupactionlimit` (`id`,`Group_id`,`Action_id`) VALUES ('9c3324ce-c16a-44c0-8aa6-916ca732d041','GROUP_ADMINISTRATOR', 'SERVICE_ID_14');
INSERT IGNORE INTO `groupactionlimit` (`id`,`Group_id`,`Action_id`) VALUES ('9c3324ce-c16a-44c0-8aa6-916ca732d042','GROUP_ADMINISTRATOR', 'SERVICE_ID_16');
INSERT IGNORE INTO `groupactionlimit` (`id`,`Group_id`,`Action_id`) VALUES ('9c3324ce-c16a-44c0-8aa6-916ca732d043','GROUP_ADMINISTRATOR', 'SERVICE_ID_17');
INSERT IGNORE INTO `groupactionlimit` (`id`,`Group_id`,`Action_id`) VALUES ('9c3324ce-c16a-44c0-8aa6-916ca732d044','GROUP_ADMINISTRATOR', 'SERVICE_ID_18');
INSERT IGNORE INTO `groupactionlimit` (`id`,`Group_id`,`Action_id`) VALUES ('9c3324ce-c16a-44c0-8aa6-916ca732d045','GROUP_ADMINISTRATOR', 'SERVICE_ID_19');
INSERT IGNORE INTO `groupactionlimit` (`id`,`Group_id`,`Action_id`) VALUES ('9c3324ce-c16a-44c0-8aa6-916ca732d046','GROUP_ADMINISTRATOR', 'SERVICE_ID_20');
INSERT IGNORE INTO `groupactionlimit` (`id`,`Group_id`,`Action_id`) VALUES ('9c3324ce-c16a-44c0-8aa6-916ca732d047','GROUP_ADMINISTRATOR', 'SERVICE_ID_21');
INSERT IGNORE INTO `groupactionlimit` (`id`,`Group_id`,`Action_id`) VALUES ('9c3324ce-c16a-44c0-8aa6-916ca732d048','GROUP_ADMINISTRATOR', 'SERVICE_ID_22');
INSERT IGNORE INTO `groupactionlimit` (`id`,`Group_id`,`Action_id`) VALUES ('9c3324ce-c16a-44c0-8aa6-916ca732d049','GROUP_ADMINISTRATOR', 'SERVICE_ID_23');
INSERT IGNORE INTO `groupactionlimit` (`id`,`Group_id`,`Action_id`) VALUES ('9c3324ce-c16a-44c0-8aa6-916ca732d050','GROUP_ADMINISTRATOR', 'SERVICE_ID_24');
INSERT IGNORE INTO `groupactionlimit` (`id`,`Group_id`,`Action_id`) VALUES ('9c3324ce-c16a-44c0-8aa6-916ca732d051','GROUP_ADMINISTRATOR', 'SERVICE_ID_25');
INSERT IGNORE INTO `groupactionlimit` (`id`,`Group_id`,`Action_id`) VALUES ('9c3324ce-c16a-44c0-8aa6-916ca732d052','GROUP_ADMINISTRATOR', 'SERVICE_ID_26');
INSERT IGNORE INTO `groupactionlimit` (`id`,`Group_id`,`Action_id`) VALUES ('9c3324ce-c16a-44c0-8aa6-916ca732d053','GROUP_ADMINISTRATOR', 'SERVICE_ID_27');
INSERT IGNORE INTO `groupactionlimit` (`id`,`Group_id`,`Action_id`) VALUES ('9c3324ce-c16a-44c0-8aa6-916ca732d054','GROUP_ADMINISTRATOR', 'SERVICE_ID_28');
INSERT IGNORE INTO `groupactionlimit` (`id`,`Group_id`,`Action_id`) VALUES ('9c3324ce-c16a-44c0-8aa6-916ca732d055','GROUP_ADMINISTRATOR', 'SERVICE_ID_29');
INSERT IGNORE INTO `groupactionlimit` (`id`,`Group_id`,`Action_id`) VALUES ('9c3324ce-c16a-44c0-8aa6-916ca732d056','GROUP_ADMINISTRATOR', 'SERVICE_ID_30');
INSERT IGNORE INTO `groupactionlimit` (`id`,`Group_id`,`Action_id`) VALUES ('9c3324ce-c16a-44c0-8aa6-916ca732d057','GROUP_ADMINISTRATOR', 'SERVICE_ID_31');
INSERT IGNORE INTO `groupactionlimit` (`id`,`Group_id`,`Action_id`) VALUES ('9c3324ce-c16a-44c0-8aa6-916ca732d058','GROUP_ADMINISTRATOR', 'SERVICE_ID_32');
INSERT IGNORE INTO `groupactionlimit` (`id`,`Group_id`,`Action_id`) VALUES ('9c3324ce-c16a-44c0-8aa6-916ca732d059','GROUP_ADMINISTRATOR', 'SERVICE_ID_33');
INSERT IGNORE INTO `groupactionlimit` (`id`,`Group_id`,`Action_id`) VALUES ('9c3324ce-c16a-44c0-8aa6-916ca732d060','GROUP_ADMINISTRATOR', 'SERVICE_ID_34');
INSERT IGNORE INTO `groupactionlimit` (`id`,`Group_id`,`Action_id`) VALUES ('9c3324ce-c16a-44c0-8aa6-916ca732d061','GROUP_ADMINISTRATOR', 'SERVICE_ID_39');
INSERT IGNORE INTO `groupactionlimit` (`id`,`Group_id`,`Action_id`) VALUES ('9c3324ce-c16a-44c0-8aa6-916ca732d062','GROUP_ADMINISTRATOR', 'SERVICE_ID_40');
INSERT IGNORE INTO `groupactionlimit` (`id`,`Group_id`,`Action_id`) VALUES ('9c3324ce-c16a-44c0-8aa6-916ca732d063','GROUP_ADMINISTRATOR', 'SERVICE_ID_41');
INSERT IGNORE INTO `groupactionlimit` (`id`,`Group_id`,`Action_id`) VALUES ('9c3324ce-c16a-44c0-8aa6-916ca732d064','GROUP_ADMINISTRATOR', 'SERVICE_ID_42');
INSERT IGNORE INTO `groupactionlimit` (`id`,`Group_id`,`Action_id`) VALUES ('9c3324ce-c16a-44c0-8aa6-916ca732d065','GROUP_ADMINISTRATOR', 'SERVICE_ID_43');
INSERT IGNORE INTO `groupactionlimit` (`id`,`Group_id`,`Action_id`) VALUES ('9c3324ce-c16a-44c0-8aa6-916ca732d066','GROUP_ADMINISTRATOR', 'SERVICE_ID_44');
INSERT IGNORE INTO `groupactionlimit` (`id`,`Group_id`,`Action_id`) VALUES ('9c3324ce-c16a-44c0-8aa6-916ca732d067','GROUP_ADMINISTRATOR', 'SERVICE_ID_45');
INSERT IGNORE INTO `groupactionlimit` (`id`,`Group_id`,`Action_id`) VALUES ('9c3324ce-c16a-44c0-8aa6-916ca732d068','GROUP_ADMINISTRATOR', 'SERVICE_ID_46');
INSERT IGNORE INTO `groupactionlimit` (`id`,`Group_id`,`Action_id`) VALUES ('9c3324ce-c16a-44c0-8aa6-916ca732d069','GROUP_ADMINISTRATOR', 'SERVICE_ID_47');
INSERT IGNORE INTO `groupactionlimit` (`id`,`Group_id`,`Action_id`) VALUES ('9c3324ce-c16a-44c0-8aa6-916ca732d070','GROUP_ADMINISTRATOR', 'SERVICE_ID_48');
INSERT IGNORE INTO `groupactionlimit` (`id`,`Group_id`,`Action_id`) VALUES ('9c3324ce-c16a-44c0-8aa6-916ca732d071','GROUP_ADMINISTRATOR', 'SERVICE_ID_49');
INSERT IGNORE INTO `groupactionlimit` (`id`,`Group_id`,`Action_id`) VALUES ('9c3324ce-c16a-44c0-8aa6-916ca732d072','GROUP_ADMINISTRATOR', 'SERVICE_ID_50');
INSERT IGNORE INTO `groupactionlimit` (`id`,`Group_id`,`Action_id`) VALUES ('9c3324ce-c16a-44c0-8aa6-916ca732d073','GROUP_ADMINISTRATOR', 'SERVICE_ID_51');
INSERT IGNORE INTO `groupactionlimit` (`id`,`Group_id`,`Action_id`) VALUES ('9c3324ce-c16a-44c0-8aa6-916ca732d074','GROUP_ADMINISTRATOR', 'SERVICE_ID_52');
INSERT IGNORE INTO `groupactionlimit` (`id`,`Group_id`,`Action_id`) VALUES ('9c3324ce-c16a-44c0-8aa6-916ca732d075','GROUP_ADMINISTRATOR', 'SERVICE_ID_53');
INSERT IGNORE INTO `groupactionlimit` (`id`,`Group_id`,`Action_id`) VALUES ('9c3324ce-c16a-44c0-8aa6-916ca732d076','GROUP_ADMINISTRATOR', 'SERVICE_ID_54');
INSERT IGNORE INTO `groupactionlimit` (`id`,`Group_id`,`Action_id`) VALUES ('9c3324ce-c16a-44c0-8aa6-916ca732d077','GROUP_ADMINISTRATOR', 'SERVICE_ID_55');
INSERT IGNORE INTO `groupactionlimit` (`id`,`Group_id`,`Action_id`) VALUES ('9c3324ce-c16a-44c0-8aa6-916ca732d078','GROUP_ADMINISTRATOR', 'SERVICE_ID_56');
INSERT IGNORE INTO `groupactionlimit` (`id`,`Group_id`,`Action_id`) VALUES ('9c3324ce-c16a-44c0-8aa6-916ca732d079','GROUP_ADMINISTRATOR', 'SERVICE_ID_57');
INSERT IGNORE INTO `groupactionlimit` (`id`,`Group_id`,`Action_id`) VALUES ('9c3324ce-c16a-44c0-8aa6-916ca732d080','GROUP_ADMINISTRATOR', 'SERVICE_ID_58');
INSERT IGNORE INTO `groupactionlimit` (`id`,`Group_id`,`Action_id`) VALUES ('9c3324ce-c16a-44c0-8aa6-916ca732d081','GROUP_ADMINISTRATOR', 'SERVICE_ID_59');
INSERT IGNORE INTO `groupactionlimit` (`id`,`Group_id`,`Action_id`) VALUES ('9c3324ce-c16a-44c0-8aa6-916ca732d082','GROUP_ADMINISTRATOR', 'SERVICE_ID_60');
INSERT IGNORE INTO `groupactionlimit` (`id`,`Group_id`,`Action_id`) VALUES ('9c3324ce-c16a-44c0-8aa6-916ca732d083','GROUP_ADMINISTRATOR', 'SERVICE_ID_61');
INSERT IGNORE INTO `groupactionlimit` (`id`,`Group_id`,`Action_id`) VALUES ('9c3324ce-c16a-44c0-8aa6-916ca732d084','GROUP_ADMINISTRATOR', 'SERVICE_ID_62');
INSERT IGNORE INTO `groupactionlimit` (`id`,`Group_id`,`Action_id`) VALUES ('9c3324ce-c16a-44c0-8aa6-916ca732d085','GROUP_ADMINISTRATOR', 'SERVICE_ID_63');
INSERT IGNORE INTO `groupactionlimit` (`id`,`Group_id`,`Action_id`) VALUES ('9c3324ce-c16a-44c0-8aa6-916ca732d086','GROUP_ADMINISTRATOR', 'SERVICE_ID_64');
INSERT IGNORE INTO `groupactionlimit` (`id`,`Group_id`,`Action_id`) VALUES ('9c3324ce-c16a-44c0-8aa6-916ca732d087','GROUP_ADMINISTRATOR', 'SERVICE_ID_65');
INSERT IGNORE INTO `groupactionlimit` (`id`,`Group_id`,`Action_id`) VALUES ('9c3324ce-c16a-44c0-8aa6-916ca732d088','GROUP_ADMINISTRATOR', 'SERVICE_ID_66');
INSERT IGNORE INTO `groupactionlimit` (`id`,`Group_id`,`Action_id`) VALUES ('9c3324ce-c16a-44c0-8aa6-916ca732d089','GROUP_AUTHORIZER', 'SERVICE_ID_10');
INSERT IGNORE INTO `groupactionlimit` (`id`,`Group_id`,`Action_id`) VALUES ('9c3324ce-c16a-44c0-8aa6-916ca732d090','GROUP_AUTHORIZER', 'SERVICE_ID_11');
INSERT IGNORE INTO `groupactionlimit` (`id`,`Group_id`,`Action_id`) VALUES ('9c3324ce-c16a-44c0-8aa6-916ca732d091','GROUP_AUTHORIZER', 'SERVICE_ID_12');
INSERT IGNORE INTO `groupactionlimit` (`id`,`Group_id`,`Action_id`) VALUES ('9c3324ce-c16a-44c0-8aa6-916ca732d092','GROUP_AUTHORIZER', 'SERVICE_ID_13');
INSERT IGNORE INTO `groupactionlimit` (`id`,`Group_id`,`Action_id`) VALUES ('9c3324ce-c16a-44c0-8aa6-916ca732d093','GROUP_AUTHORIZER', 'SERVICE_ID_14');
INSERT IGNORE INTO `groupactionlimit` (`id`,`Group_id`,`Action_id`) VALUES ('9c3324ce-c16a-44c0-8aa6-916ca732d094','GROUP_AUTHORIZER', 'SERVICE_ID_16');
INSERT IGNORE INTO `groupactionlimit` (`id`,`Group_id`,`Action_id`) VALUES ('9c3324ce-c16a-44c0-8aa6-916ca732d095','GROUP_AUTHORIZER', 'SERVICE_ID_17');
INSERT IGNORE INTO `groupactionlimit` (`id`,`Group_id`,`Action_id`) VALUES ('9c3324ce-c16a-44c0-8aa6-916ca732d096','GROUP_AUTHORIZER', 'SERVICE_ID_19');
INSERT IGNORE INTO `groupactionlimit` (`id`,`Group_id`,`Action_id`) VALUES ('9c3324ce-c16a-44c0-8aa6-916ca732d097','GROUP_AUTHORIZER', 'SERVICE_ID_20');
INSERT IGNORE INTO `groupactionlimit` (`id`,`Group_id`,`Action_id`) VALUES ('9c3324ce-c16a-44c0-8aa6-916ca732d098','GROUP_AUTHORIZER', 'SERVICE_ID_22');
INSERT IGNORE INTO `groupactionlimit` (`id`,`Group_id`,`Action_id`) VALUES ('9c3324ce-c16a-44c0-8aa6-916ca732d099','GROUP_AUTHORIZER', 'SERVICE_ID_23');
INSERT IGNORE INTO `groupactionlimit` (`id`,`Group_id`,`Action_id`) VALUES ('9c3324ce-c16a-44c0-8aa6-916ca732d100','GROUP_AUTHORIZER', 'SERVICE_ID_24');
INSERT IGNORE INTO `groupactionlimit` (`id`,`Group_id`,`Action_id`) VALUES ('9c3324ce-c16a-44c0-8aa6-916ca732d101','GROUP_AUTHORIZER', 'SERVICE_ID_26');
INSERT IGNORE INTO `groupactionlimit` (`id`,`Group_id`,`Action_id`) VALUES ('9c3324ce-c16a-44c0-8aa6-916ca732d102','GROUP_AUTHORIZER', 'SERVICE_ID_27');
INSERT IGNORE INTO `groupactionlimit` (`id`,`Group_id`,`Action_id`) VALUES ('9c3324ce-c16a-44c0-8aa6-916ca732d103','GROUP_AUTHORIZER', 'SERVICE_ID_28');
INSERT IGNORE INTO `groupactionlimit` (`id`,`Group_id`,`Action_id`) VALUES ('9c3324ce-c16a-44c0-8aa6-916ca732d104','GROUP_AUTHORIZER', 'SERVICE_ID_30');
INSERT IGNORE INTO `groupactionlimit` (`id`,`Group_id`,`Action_id`) VALUES ('9c3324ce-c16a-44c0-8aa6-916ca732d105','GROUP_AUTHORIZER', 'SERVICE_ID_31');
INSERT IGNORE INTO `groupactionlimit` (`id`,`Group_id`,`Action_id`) VALUES ('9c3324ce-c16a-44c0-8aa6-916ca732d106','GROUP_AUTHORIZER', 'SERVICE_ID_32');
INSERT IGNORE INTO `groupactionlimit` (`id`,`Group_id`,`Action_id`) VALUES ('9c3324ce-c16a-44c0-8aa6-916ca732d107','GROUP_AUTHORIZER', 'SERVICE_ID_34');
INSERT IGNORE INTO `groupactionlimit` (`id`,`Group_id`,`Action_id`) VALUES ('9c3324ce-c16a-44c0-8aa6-916ca732d108','GROUP_AUTHORIZER', 'SERVICE_ID_46');
INSERT IGNORE INTO `groupactionlimit` (`id`,`Group_id`,`Action_id`) VALUES ('9c3324ce-c16a-44c0-8aa6-916ca732d109','GROUP_AUTHORIZER', 'SERVICE_ID_47');
INSERT IGNORE INTO `groupactionlimit` (`id`,`Group_id`,`Action_id`) VALUES ('9c3324ce-c16a-44c0-8aa6-916ca732d110','GROUP_AUTHORIZER', 'SERVICE_ID_48');
INSERT IGNORE INTO `groupactionlimit` (`id`,`Group_id`,`Action_id`) VALUES ('9c3324ce-c16a-44c0-8aa6-916ca732d111','GROUP_AUTHORIZER', 'SERVICE_ID_49');
INSERT IGNORE INTO `groupactionlimit` (`id`,`Group_id`,`Action_id`) VALUES ('9c3324ce-c16a-44c0-8aa6-916ca732d112','GROUP_AUTHORIZER', 'SERVICE_ID_50');
INSERT IGNORE INTO `groupactionlimit` (`id`,`Group_id`,`Action_id`) VALUES ('9c3324ce-c16a-44c0-8aa6-916ca732d113','GROUP_AUTHORIZER', 'SERVICE_ID_52');
INSERT IGNORE INTO `groupactionlimit` (`id`,`Group_id`,`Action_id`) VALUES ('9c3324ce-c16a-44c0-8aa6-916ca732d114','GROUP_AUTHORIZER', 'SERVICE_ID_53');
INSERT IGNORE INTO `groupactionlimit` (`id`,`Group_id`,`Action_id`) VALUES ('9c3324ce-c16a-44c0-8aa6-916ca732d115','GROUP_AUTHORIZER', 'SERVICE_ID_54');
INSERT IGNORE INTO `groupactionlimit` (`id`,`Group_id`,`Action_id`) VALUES ('9c3324ce-c16a-44c0-8aa6-916ca732d116','GROUP_AUTHORIZER', 'SERVICE_ID_56');
INSERT IGNORE INTO `groupactionlimit` (`id`,`Group_id`,`Action_id`) VALUES ('9c3324ce-c16a-44c0-8aa6-916ca732d117','GROUP_AUTHORIZER', 'SERVICE_ID_57');
INSERT IGNORE INTO `groupactionlimit` (`id`,`Group_id`,`Action_id`) VALUES ('9c3324ce-c16a-44c0-8aa6-916ca732d118','GROUP_AUTHORIZER', 'SERVICE_ID_58');
INSERT IGNORE INTO `groupactionlimit` (`id`,`Group_id`,`Action_id`) VALUES ('9c3324ce-c16a-44c0-8aa6-916ca732d119','GROUP_AUTHORIZER', 'SERVICE_ID_59');
INSERT IGNORE INTO `groupactionlimit` (`id`,`Group_id`,`Action_id`) VALUES ('9c3324ce-c16a-44c0-8aa6-916ca732d120','GROUP_AUTHORIZER', 'SERVICE_ID_60');
INSERT IGNORE INTO `groupactionlimit` (`id`,`Group_id`,`Action_id`) VALUES ('9c3324ce-c16a-44c0-8aa6-916ca732d121','GROUP_AUTHORIZER', 'SERVICE_ID_62');
INSERT IGNORE INTO `groupactionlimit` (`id`,`Group_id`,`Action_id`) VALUES ('9c3324ce-c16a-44c0-8aa6-916ca732d122','GROUP_AUTHORIZER', 'SERVICE_ID_63');
INSERT IGNORE INTO `groupactionlimit` (`id`,`Group_id`,`Action_id`) VALUES ('9c3324ce-c16a-44c0-8aa6-916ca732d123','GROUP_AUTHORIZER', 'SERVICE_ID_64');
INSERT IGNORE INTO `groupactionlimit` (`id`,`Group_id`,`Action_id`) VALUES ('9c3324ce-c16a-44c0-8aa6-916ca732d124','GROUP_AUTHORIZER', 'SERVICE_ID_66');
INSERT IGNORE INTO `groupactionlimit` (`id`,`Group_id`,`Action_id`) VALUES ('9c3324ce-c16a-44c0-8aa6-916ca732d125','GROUP_CREATOR', 'SERVICE_ID_10');
INSERT IGNORE INTO `groupactionlimit` (`id`,`Group_id`,`Action_id`) VALUES ('9c3324ce-c16a-44c0-8aa6-916ca732d126','GROUP_CREATOR', 'SERVICE_ID_11');
INSERT IGNORE INTO `groupactionlimit` (`id`,`Group_id`,`Action_id`) VALUES ('9c3324ce-c16a-44c0-8aa6-916ca732d127','GROUP_CREATOR', 'SERVICE_ID_12');
INSERT IGNORE INTO `groupactionlimit` (`id`,`Group_id`,`Action_id`) VALUES ('9c3324ce-c16a-44c0-8aa6-916ca732d128','GROUP_CREATOR', 'SERVICE_ID_13');
INSERT IGNORE INTO `groupactionlimit` (`id`,`Group_id`,`Action_id`) VALUES ('9c3324ce-c16a-44c0-8aa6-916ca732d129','GROUP_CREATOR', 'SERVICE_ID_14');
INSERT IGNORE INTO `groupactionlimit` (`id`,`Group_id`,`Action_id`) VALUES ('9c3324ce-c16a-44c0-8aa6-916ca732d130','GROUP_CREATOR', 'SERVICE_ID_16');
INSERT IGNORE INTO `groupactionlimit` (`id`,`Group_id`,`Action_id`) VALUES ('9c3324ce-c16a-44c0-8aa6-916ca732d131','GROUP_CREATOR', 'SERVICE_ID_19');
INSERT IGNORE INTO `groupactionlimit` (`id`,`Group_id`,`Action_id`) VALUES ('9c3324ce-c16a-44c0-8aa6-916ca732d132','GROUP_CREATOR', 'SERVICE_ID_22');
INSERT IGNORE INTO `groupactionlimit` (`id`,`Group_id`,`Action_id`) VALUES ('9c3324ce-c16a-44c0-8aa6-916ca732d133','GROUP_CREATOR', 'SERVICE_ID_23');
INSERT IGNORE INTO `groupactionlimit` (`id`,`Group_id`,`Action_id`) VALUES ('9c3324ce-c16a-44c0-8aa6-916ca732d134','GROUP_CREATOR', 'SERVICE_ID_26');
INSERT IGNORE INTO `groupactionlimit` (`id`,`Group_id`,`Action_id`) VALUES ('9c3324ce-c16a-44c0-8aa6-916ca732d135','GROUP_CREATOR', 'SERVICE_ID_27');
INSERT IGNORE INTO `groupactionlimit` (`id`,`Group_id`,`Action_id`) VALUES ('9c3324ce-c16a-44c0-8aa6-916ca732d136','GROUP_CREATOR', 'SERVICE_ID_30');
INSERT IGNORE INTO `groupactionlimit` (`id`,`Group_id`,`Action_id`) VALUES ('9c3324ce-c16a-44c0-8aa6-916ca732d137','GROUP_CREATOR', 'SERVICE_ID_31');
INSERT IGNORE INTO `groupactionlimit` (`id`,`Group_id`,`Action_id`) VALUES ('9c3324ce-c16a-44c0-8aa6-916ca732d138','GROUP_CREATOR', 'SERVICE_ID_34');
INSERT IGNORE INTO `groupactionlimit` (`id`,`Group_id`,`Action_id`) VALUES ('9c3324ce-c16a-44c0-8aa6-916ca732e138','GROUP_CREATOR', 'SERVICE_ID_46');
INSERT IGNORE INTO `groupactionlimit` (`id`,`Group_id`,`Action_id`) VALUES ('9c3324ce-c16a-44c0-8aa6-916ca732d139','GROUP_CREATOR', 'SERVICE_ID_47');
INSERT IGNORE INTO `groupactionlimit` (`id`,`Group_id`,`Action_id`) VALUES ('9c3324ce-c16a-44c0-8aa6-916ca732d140','GROUP_CREATOR', 'SERVICE_ID_48');
INSERT IGNORE INTO `groupactionlimit` (`id`,`Group_id`,`Action_id`) VALUES ('9c3324ce-c16a-44c0-8aa6-916ca732d141','GROUP_CREATOR', 'SERVICE_ID_49');
INSERT IGNORE INTO `groupactionlimit` (`id`,`Group_id`,`Action_id`) VALUES ('9c3324ce-c16a-44c0-8aa6-916ca732d142','GROUP_CREATOR', 'SERVICE_ID_52');
INSERT IGNORE INTO `groupactionlimit` (`id`,`Group_id`,`Action_id`) VALUES ('9c3324ce-c16a-44c0-8aa6-916ca732d143','GROUP_CREATOR', 'SERVICE_ID_53');
INSERT IGNORE INTO `groupactionlimit` (`id`,`Group_id`,`Action_id`) VALUES ('9c3324ce-c16a-44c0-8aa6-916ca732d144','GROUP_CREATOR', 'SERVICE_ID_56');
INSERT IGNORE INTO `groupactionlimit` (`id`,`Group_id`,`Action_id`) VALUES ('9c3324ce-c16a-44c0-8aa6-916ca732d145','GROUP_CREATOR', 'SERVICE_ID_57');
INSERT IGNORE INTO `groupactionlimit` (`id`,`Group_id`,`Action_id`) VALUES ('9c3324ce-c16a-44c0-8aa6-916ca732d146','GROUP_CREATOR', 'SERVICE_ID_58');
INSERT IGNORE INTO `groupactionlimit` (`id`,`Group_id`,`Action_id`) VALUES ('9c3324ce-c16a-44c0-8aa6-916ca732d147','GROUP_CREATOR', 'SERVICE_ID_59');
INSERT IGNORE INTO `groupactionlimit` (`id`,`Group_id`,`Action_id`) VALUES ('9c3324ce-c16a-44c0-8aa6-916ca732d148','GROUP_CREATOR', 'SERVICE_ID_62');
INSERT IGNORE INTO `groupactionlimit` (`id`,`Group_id`,`Action_id`) VALUES ('9c3324ce-c16a-44c0-8aa6-916ca732d149','GROUP_CREATOR', 'SERVICE_ID_63');
INSERT IGNORE INTO `groupactionlimit` (`id`,`Group_id`,`Action_id`) VALUES ('9c3324ce-c16a-44c0-8aa6-916ca732d150','GROUP_CREATOR', 'SERVICE_ID_66');
INSERT IGNORE INTO `groupactionlimit` (`id`,`Group_id`,`Action_id`) VALUES ('9c3324ce-c16a-44c0-8aa6-916ca732d151','GROUP_MICRO_ADMINISTRATOR', 'SERVICE_ID_1');
INSERT IGNORE INTO `groupactionlimit` (`id`,`Group_id`,`Action_id`) VALUES ('9c3324ce-c16a-44c0-8aa6-916ca732d152','GROUP_MICRO_ADMINISTRATOR', 'SERVICE_ID_2');
INSERT IGNORE INTO `groupactionlimit` (`id`,`Group_id`,`Action_id`) VALUES ('9c3324ce-c16a-44c0-8aa6-916ca732d153','GROUP_MICRO_ADMINISTRATOR', 'SERVICE_ID_3');
INSERT IGNORE INTO `groupactionlimit` (`id`,`Group_id`,`Action_id`) VALUES ('9c3324ce-c16a-44c0-8aa6-916ca732d154','GROUP_MICRO_ADMINISTRATOR', 'SERVICE_ID_39');
INSERT IGNORE INTO `groupactionlimit` (`id`,`Group_id`,`Action_id`) VALUES ('9c3324ce-c16a-44c0-8aa6-916ca732d155','GROUP_MICRO_ADMINISTRATOR', 'SERVICE_ID_4');
INSERT IGNORE INTO `groupactionlimit` (`id`,`Group_id`,`Action_id`) VALUES ('9c3324ce-c16a-44c0-8aa6-916ca732d156','GROUP_MICRO_ADMINISTRATOR', 'SERVICE_ID_5');
INSERT IGNORE INTO `groupactionlimit` (`id`,`Group_id`,`Action_id`) VALUES ('9c3324ce-c16a-44c0-8aa6-916ca732d157','GROUP_MICRO_ADMINISTRATOR', 'SERVICE_ID_6');
INSERT IGNORE INTO `groupactionlimit` (`id`,`Group_id`,`Action_id`) VALUES ('9c3324ce-c16a-44c0-8aa6-916ca732d158','GROUP_MICRO_ADMINISTRATOR', 'SERVICE_ID_7');
INSERT IGNORE INTO `groupactionlimit` (`id`,`Group_id`,`Action_id`) VALUES ('9c3324ce-c16a-44c0-8aa6-916ca732d159','GROUP_MICRO_ADMINISTRATOR', 'SERVICE_ID_8');
INSERT IGNORE INTO `groupactionlimit` (`id`,`Group_id`,`Action_id`) VALUES ('9c3324ce-c16a-44c0-8aa6-916ca732d160','GROUP_MICRO_CREATOR', 'SERVICE_ID_1');
INSERT IGNORE INTO `groupactionlimit` (`id`,`Group_id`,`Action_id`) VALUES ('9c3324ce-c16a-44c0-8aa6-916ca732d161','GROUP_MICRO_CREATOR', 'SERVICE_ID_2');
INSERT IGNORE INTO `groupactionlimit` (`id`,`Group_id`,`Action_id`) VALUES ('9c3324ce-c16a-44c0-8aa6-916ca732d162','GROUP_MICRO_CREATOR', 'SERVICE_ID_3');
INSERT IGNORE INTO `groupactionlimit` (`id`,`Group_id`,`Action_id`) VALUES ('9c3324ce-c16a-44c0-8aa6-916ca732d163','GROUP_MICRO_CREATOR', 'SERVICE_ID_4');
INSERT IGNORE INTO `groupactionlimit` (`id`,`Group_id`,`Action_id`) VALUES ('9c3324ce-c16a-44c0-8aa6-916ca732d164','GROUP_MICRO_CREATOR', 'SERVICE_ID_5');
INSERT IGNORE INTO `groupactionlimit` (`id`,`Group_id`,`Action_id`) VALUES ('9c3324ce-c16a-44c0-8aa6-916ca732d165','GROUP_MICRO_CREATOR', 'SERVICE_ID_6');
INSERT IGNORE INTO `groupactionlimit` (`id`,`Group_id`,`Action_id`) VALUES ('9c3324ce-c16a-44c0-8aa6-916ca732d166','GROUP_MICRO_CREATOR', 'SERVICE_ID_7');
INSERT IGNORE INTO `groupactionlimit` (`id`,`Group_id`,`Action_id`) VALUES ('9c3324ce-c16a-44c0-8aa6-916ca732d167','GROUP_MICRO_CREATOR', 'SERVICE_ID_8');
INSERT IGNORE INTO `groupactionlimit` (`id`,`Group_id`,`Action_id`) VALUES ('9c3324ce-c16a-44c0-8aa6-916ca732d168','GROUP_PLATINUM', 'SERVICE_ID_1');
INSERT IGNORE INTO `groupactionlimit` (`id`,`Group_id`,`Action_id`) VALUES ('9c3324ce-c16a-44c0-8aa6-916ca732d169','GROUP_PLATINUM', 'SERVICE_ID_2');
INSERT IGNORE INTO `groupactionlimit` (`id`,`Group_id`,`Action_id`) VALUES ('9c3324ce-c16a-44c0-8aa6-916ca732d170','GROUP_PLATINUM', 'SERVICE_ID_9');
INSERT IGNORE INTO `groupactionlimit` (`id`,`Group_id`,`Action_id`) VALUES ('9c3324ce-c16a-44c0-8aa6-916ca732d171','GROUP_TESTING', 'SERVICE_ID_1');
INSERT IGNORE INTO `groupactionlimit` (`id`,`Group_id`,`Action_id`) VALUES ('9c3324ce-c16a-44c0-8aa6-916ca732d172','GROUP_TESTING', 'SERVICE_ID_2');
INSERT IGNORE INTO `groupactionlimit` (`id`,`Group_id`,`Action_id`) VALUES ('9c3324ce-c16a-44c0-8aa6-916ca732d173','GROUP_TESTING', 'SERVICE_ID_3');
INSERT IGNORE INTO `groupactionlimit` (`id`,`Group_id`,`Action_id`) VALUES ('9c3324ce-c16a-44c0-8aa6-916ca732d174','GROUP_TESTING', 'SERVICE_ID_4');
INSERT IGNORE INTO `groupactionlimit` (`id`,`Group_id`,`Action_id`) VALUES ('9c3324ce-c16a-44c0-8aa6-916ca732d175','GROUP_TESTING', 'SERVICE_ID_5');
INSERT IGNORE INTO `groupactionlimit` (`id`,`Group_id`,`Action_id`) VALUES ('9c3324ce-c16a-44c0-8aa6-916ca732d176','GROUP_TESTING', 'SERVICE_ID_6');
INSERT IGNORE INTO `groupactionlimit` (`id`,`Group_id`,`Action_id`) VALUES ('9c3324ce-c16a-44c0-8aa6-916ca732d177','GROUP_TESTING', 'SERVICE_ID_7');
INSERT IGNORE INTO `groupactionlimit` (`id`,`Group_id`,`Action_id`) VALUES ('9c3324ce-c16a-44c0-8aa6-916ca732d178','GROUP_TESTING', 'SERVICE_ID_8');
INSERT IGNORE INTO `groupactionlimit` (`id`,`Group_id`,`Action_id`) VALUES ('9c3324ce-c16a-44c0-8aa6-916ca732d179','GROUP_TESTING', 'SERVICE_ID_9');

INSERT INTO `mfatype` (`id`, `Name`, `Description`, `Status_id`, `createdby`) VALUES ('SECURE_ACCESS_CODE', 'Secure Access Code', 'Secure Access Code', 'SID_INACTIVE', 'Kony Dev');
INSERT INTO `mfatype` (`id`, `Name`, `Description`, `Status_id`, `createdby`) VALUES ('SECURITY_QUESTIONS', 'Security Questions', 'Security Questions', 'SID_INACTIVE', 'Kony Dev');

INSERT INTO `mfakey` (`id`, `Description`, `createdby`) VALUES ('SAC_CODE_LENGTH', 'Code length', 'Kony Dev');
INSERT INTO `mfakey` (`id`, `Description`, `createdby`) VALUES ('SAC_CODE_EXPIRES_AFTER', 'Code expires after', 'Kony Dev');
INSERT INTO `mfakey` (`id`, `Description`, `createdby`) VALUES ('SAC_MAX_RESEND_REQUESTS_ALLOWED', 'Max resend requests allowed', 'Kony Dev');
INSERT INTO `mfakey` (`id`, `Description`, `createdby`) VALUES ('MAX_FAILED_ATTEMPTS_ALLOWED', 'Max failed attempts allowed', 'Kony Dev');
INSERT INTO `mfakey` (`id`, `Description`, `createdby`) VALUES ('LOCK_USER', 'Lock user', 'Kony Dev');
INSERT INTO `mfakey` (`id`, `Description`, `createdby`) VALUES ('LOGOUT_USER', 'Logout User', 'Kony Dev');
INSERT INTO `mfakey` (`id`, `Description`, `createdby`) VALUES ('SQ_NUMBER_OF_QUESTION_ASKED', 'Number of questions asked at a time', 'Kony Dev');
INSERT INTO `mfakey` (`id`, `Description`, `createdby`) VALUES ('SAC_PREFERENCE_CRITERIA', 'DISPLAY_ALL,DISPLAY_PRIMARY,DISPLAY_NO_VALUE', 'Kony Dev');

INSERT INTO `mfaconfigurations` (`MFA_id`, `MFAKey_id`, `value`, `createdby`) VALUES ('SECURE_ACCESS_CODE', 'SAC_CODE_LENGTH', '1', 'Kony Dev');
INSERT INTO `mfaconfigurations` (`MFA_id`, `MFAKey_id`, `value`, `createdby`) VALUES ('SECURE_ACCESS_CODE', 'SAC_CODE_EXPIRES_AFTER', '1', 'Kony Dev');
INSERT INTO `mfaconfigurations` (`MFA_id`, `MFAKey_id`, `value`, `createdby`) VALUES ('SECURE_ACCESS_CODE', 'SAC_MAX_RESEND_REQUESTS_ALLOWED', '1', 'Kony Dev');
INSERT INTO `mfaconfigurations` (`MFA_id`, `MFAKey_id`, `value`, `createdby`) VALUES ('SECURE_ACCESS_CODE', 'SAC_PREFERENCE_CRITERIA', 'DISPLAY_PRIMARY', 'Kony Dev');
INSERT INTO `mfaconfigurations` (`MFA_id`, `MFAKey_id`, `value`, `createdby`) VALUES ('SECURE_ACCESS_CODE', 'MAX_FAILED_ATTEMPTS_ALLOWED', '1', 'Kony Dev');
INSERT INTO `mfaconfigurations` (`MFA_id`, `MFAKey_id`, `value`, `createdby`) VALUES ('SECURE_ACCESS_CODE', 'LOCK_USER', 'false', 'Kony Dev');
INSERT INTO `mfaconfigurations` (`MFA_id`, `MFAKey_id`, `value`, `createdby`) VALUES ('SECURE_ACCESS_CODE', 'LOGOUT_USER', 'false', 'Kony Dev');
INSERT INTO `mfaconfigurations` (`MFA_id`, `MFAKey_id`, `value`, `createdby`) VALUES ('SECURITY_QUESTIONS', 'SQ_NUMBER_OF_QUESTION_ASKED', '1', 'Kony Dev');
INSERT INTO `mfaconfigurations` (`MFA_id`, `MFAKey_id`, `value`, `createdby`) VALUES ('SECURITY_QUESTIONS', 'MAX_FAILED_ATTEMPTS_ALLOWED', '1', 'Kony Dev');
INSERT INTO `mfaconfigurations` (`MFA_id`, `MFAKey_id`, `value`, `createdby`) VALUES ('SECURITY_QUESTIONS', 'LOCK_USER', 'false', 'Kony Dev');
INSERT INTO `mfaconfigurations` (`MFA_id`, `MFAKey_id`, `value`, `createdby`) VALUES ('SECURITY_QUESTIONS', 'LOGOUT_USER', 'false', 'Kony Dev');

INSERT INTO `frequencytype` (`id`, `Description`, `createdby`) VALUES ('ALWAYS', 'Always', 'Kony Dev');
INSERT INTO `frequencytype` (`id`, `Description`, `createdby`) VALUES ('VALUE_BASED', 'Value Based', 'Kony Dev');

INSERT INTO `permission` (`id`, `Type_id`, `Status_id`, `Name`, `Description`, `isComposite`, `PermissionValue`, `createdby`, `modifiedby`, `createdts`, `lastmodifiedts`, `synctimestamp`, `softdeleteflag`) VALUES ('PID68', 'PER_TYPE_ALERT', 'SID_ACTIVE', 'UpdateAlertPreferences', 'Permission to update Alert Preferences on behalf of a Customer', '0', 'TRUE', 'Kony User', 'Kony Dev', CURRENT_TIMESTAMP, CURRENT_TIMESTAMP, CURRENT_TIMESTAMP, '0');
INSERT INTO `rolepermission` (`Role_id`, `Permission_id`, `createdby`, `modifiedby`, `createdts`, `lastmodifiedts`, `synctimestamp`, `softdeleteflag`) VALUES ('RID_SUPERADMIN', 'PID68', 'Kony User', 'Kony Dev', CURRENT_TIMESTAMP, CURRENT_TIMESTAMP, CURRENT_TIMESTAMP, '0');
INSERT INTO `rolepermission` (`Role_id`, `Permission_id`, `createdby`, `modifiedby`, `createdts`, `lastmodifiedts`, `synctimestamp`, `softdeleteflag`) VALUES ('RID_BUSINESS', 'PID68', 'Kony User', 'Kony Dev', CURRENT_TIMESTAMP, CURRENT_TIMESTAMP, CURRENT_TIMESTAMP, '0');
INSERT INTO `rolepermission` (`Role_id`, `Permission_id`, `createdby`, `modifiedby`, `createdts`, `lastmodifiedts`, `synctimestamp`, `softdeleteflag`) VALUES ('RID_FRONTLINE_STAFF', 'PID68', 'Kony User', 'Kony Dev', CURRENT_TIMESTAMP, CURRENT_TIMESTAMP, CURRENT_TIMESTAMP, '0');
INSERT INTO `rolepermission` (`Role_id`, `Permission_id`, `createdby`, `modifiedby`, `createdts`, `lastmodifiedts`, `synctimestamp`, `softdeleteflag`) VALUES ('RID_MANAGER', 'PID68', 'Kony User', 'Kony Dev', CURRENT_TIMESTAMP, CURRENT_TIMESTAMP, CURRENT_TIMESTAMP, '0');
INSERT INTO `rolepermission` (`Role_id`, `Permission_id`, `createdby`, `modifiedby`, `createdts`, `lastmodifiedts`, `synctimestamp`, `softdeleteflag`) VALUES ('RID_OPS', 'PID68', 'Kony User', 'Kony Dev', CURRENT_TIMESTAMP, CURRENT_TIMESTAMP, CURRENT_TIMESTAMP, '0');

UPDATE IGNORE `service` SET `code` = 'BILL_PAY_CREATE' WHERE (`id` = 'SERVICE_ID_14');
UPDATE IGNORE `service` SET `code` = 'BILL_PAY_VIEW' WHERE (`id` = 'SERVICE_ID_31');
UPDATE IGNORE `service` SET `code` = 'BILL_PAY_APPROVE' WHERE (`id` = 'SERVICE_ID_32');
UPDATE IGNORE `service` SET `code` = 'BILL_PAY_SELF_APPROVAL' WHERE (`id` = 'SERVICE_ID_33');
UPDATE IGNORE `service` SET `code` = 'BILL_PAY_MANAGE_PAYEES' WHERE (`id` = 'SERVICE_ID_34');
UPDATE IGNORE `service` SET `code` = 'BILL_PAY_TRANSFER' WHERE (`id` = 'SERVICE_ID_7');
UPDATE IGNORE `service` SET `code` = 'OTHER_BANK_ACCOUNTS_TRANSFER' WHERE (`id` = 'SERVICE_ID_3');
UPDATE IGNORE `service` SET `code` = 'DOMESTIC_WIRE_TRANSFER_CREATE' WHERE (`id` = 'SERVICE_ID_12');
UPDATE IGNORE `service` SET `code` = 'DOMESTIC_WIRE_TRANSFER_VIEW' WHERE (`id` = 'SERVICE_ID_23');
UPDATE IGNORE `service` SET `code` = 'DOMESTIC_WIRE_TRANSFER_APPROVE' WHERE (`id` = 'SERVICE_ID_24');
UPDATE IGNORE `service` SET `code` = 'DOMESTIC_WIRE_TRANSFER_SELF_APPROVAL' WHERE (`id` = 'SERVICE_ID_25');
UPDATE IGNORE `service` SET `code` = 'DOMESTIC_WIRE_TRANSFER_MANAGE_PAYEES' WHERE (`id` = 'SERVICE_ID_26');
UPDATE IGNORE `service` SET `code` = 'DOMESTIC_WIRE_TRANSFER' WHERE (`id` = 'SERVICE_ID_5');
UPDATE IGNORE `service` SET `code` = 'INTERNATIONAL_ACCOUNT_TRANSFER_VIEW' WHERE (`id` = 'SERVICE_ID_63');
UPDATE IGNORE `service` SET `code` = 'INTERNATIONAL_ACCOUNT_TRANSFER_APPROVE' WHERE (`id` = 'SERVICE_ID_64');
UPDATE IGNORE `service` SET `code` = 'INTERNATIONAL_ACCOUNT_TRANSFER_SELF_APPROVAL' WHERE (`id` = 'SERVICE_ID_65');
UPDATE IGNORE `service` SET `code` = 'INTERNATIONAL_ACCOUNT_TRANSFER_MANAGE_PAYEES' WHERE (`id` = 'SERVICE_ID_66');
UPDATE IGNORE `service` SET `code` = 'INTRABANK_FUND_TRANSFER_CREATE' WHERE (`id` = 'SERVICE_ID_10');
UPDATE IGNORE `service` SET `code` = 'INTERNATIONAL_ACCOUNT_TRANSFER_CREATE' WHERE (`id` = 'SERVICE_ID_58');
UPDATE IGNORE `service` SET `code` = 'INTERBANK_ACCOUNT_TRANSFER_VIEW' WHERE (`id` = 'SERVICE_ID_59');
UPDATE IGNORE `service` SET `code` = 'INTERBANK_ACCOUNT_TRANSFER_SELF_APPROVAL' WHERE (`id` = 'SERVICE_ID_61');
UPDATE IGNORE `service` SET `code` = 'INTERBANK_ACCOUNT_TRANSFER_MANAGE_PAYEES' WHERE (`id` = 'SERVICE_ID_62');
UPDATE IGNORE `service` SET `code` = 'INTERBANK_ACCOUNT_TRANSFER_CREATE' WHERE (`id` = 'SERVICE_ID_57');
UPDATE IGNORE `service` SET `code` = 'INTERBANK_ACCOUNT_TRANSFER_APPROVE' WHERE (`id` = 'SERVICE_ID_60');
UPDATE IGNORE `service` SET `code` = 'DISPUTE_TRANSACTIONS' WHERE (`id` = 'SERVICE_ID_42');
UPDATE IGNORE `service` SET `code` = 'CHECK_MANAGEMENT' WHERE (`id` = 'SERVICE_ID_41');
UPDATE IGNORE `service` SET `code` = 'CARD_MANAGEMENT' WHERE (`id` = 'SERVICE_ID_40');
UPDATE IGNORE `service` SET `code` = 'ALERT_MANAGEMENT' WHERE (`id` = 'SERVICE_ID_45');
UPDATE IGNORE `service` SET `code` = 'ACH_VIEW' WHERE (`id` = 'SERVICE_ID_49');
UPDATE IGNORE `service` SET `code` = 'ACH_SELF_APPROVAL' WHERE (`id` = 'SERVICE_ID_51');
UPDATE IGNORE `service` SET `code` = 'ACH_MANAGE_PAYEES' WHERE (`id` = 'SERVICE_ID_52');
UPDATE IGNORE `service` SET `code` = 'ACH_CREATE' WHERE (`id` = 'SERVICE_ID_47');
UPDATE IGNORE `service` SET `code` = 'ACH_APPROVE' WHERE (`id` = 'SERVICE_ID_50');
UPDATE IGNORE `service` SET `code` = 'ACCOUNT_SETTINGS' WHERE (`id` = 'SERVICE_ID_43');
UPDATE IGNORE `service` SET `code` = 'ACH_VIEW' WHERE (`id` = 'SERVICE_ID_53');
UPDATE IGNORE `service` SET `code` = 'ACH_SELF_APPROVAL' WHERE (`id` = 'SERVICE_ID_55');
UPDATE IGNORE `service` SET `code` = 'ACH_MANAGE_PAYEES' WHERE (`id` = 'SERVICE_ID_56');
UPDATE IGNORE `service` SET `code` = 'ACH_CREATE' WHERE (`id` = 'SERVICE_ID_48');
UPDATE IGNORE `service` SET `code` = 'ACH_APPROVE' WHERE (`id` = 'SERVICE_ID_54');
UPDATE IGNORE `service` SET `code` = 'INTERNATIONAL_WIRE_TRANSFER_APPROVE' WHERE (`id` = 'SERVICE_ID_28');
UPDATE IGNORE `service` SET `code` = 'INTERNATIONAL_WIRE_TRANSFER_CREATE' WHERE (`id` = 'SERVICE_ID_13');
UPDATE IGNORE `service` SET `code` = 'INTERNATIONAL_WIRE_TRANSFER_MANAGE_PAYEES' WHERE (`id` = 'SERVICE_ID_30');
UPDATE IGNORE `service` SET `code` = 'INTERNATIONAL_WIRE_TRANSFER_SELF_APPROVAL' WHERE (`id` = 'SERVICE_ID_29');
UPDATE IGNORE `service` SET `code` = 'INTERNATIONAL_WIRE_TRANSFER_VIEW' WHERE (`id` = 'SERVICE_ID_27');
UPDATE IGNORE `service` SET `code` = 'INTERNATIONAL_ACCOUNT_TRANSFER' WHERE (`id` = 'SERVICE_ID_4');
UPDATE IGNORE `service` SET `code` = 'INTERNATIONAL_WIRE_TRANSFER' WHERE (`id` = 'SERVICE_ID_6');
UPDATE IGNORE `service` SET `code` = 'INTRABANK_FUND_TRANSFER_APPROVE' WHERE (`id` = 'SERVICE_ID_17');
UPDATE IGNORE `service` SET `code` = 'INTRABANK_FUND_TRANSFER_MANAGE_PAYEES' WHERE (`id` = 'SERVICE_ID_19');
UPDATE IGNORE `service` SET `code` = 'INTRABANK_FUND_TRANSFER_SELF_APPROVAL' WHERE (`id` = 'SERVICE_ID_18');
UPDATE IGNORE `service` SET `code` = 'INTRABANK_FUND_TRANSFER_VIEW' WHERE (`id` = 'SERVICE_ID_16');
UPDATE IGNORE `service` SET `code` = 'KONY_BANK_ACCOUNTS_TRANSFER' WHERE (`id` = 'SERVICE_ID_2');
UPDATE IGNORE `service` SET `code` = 'MANAGE_E_STATEMENTS' WHERE (`id` = 'SERVICE_ID_44');
UPDATE IGNORE `service` SET `code` = 'OTHER_KONY_ACCOUNTS_TRANSFER' WHERE (`id` = 'SERVICE_ID_1');
UPDATE IGNORE `service` SET `code` = 'P2P_APPROVE' WHERE (`id` = 'SERVICE_ID_36');
UPDATE IGNORE `service` SET `code` = 'P2P_CREATE' WHERE (`id` = 'SERVICE_ID_15');
UPDATE IGNORE `service` SET `code` = 'P2P_MANAGE_PAYEES' WHERE (`id` = 'SERVICE_ID_38');
UPDATE IGNORE `service` SET `code` = 'P2P_SELF_APPROVAL' WHERE (`id` = 'SERVICE_ID_37');
UPDATE IGNORE `service` SET `code` = 'P2P_VIEW' WHERE (`id` = 'SERVICE_ID_35');
UPDATE IGNORE `service` SET `code` = 'P2P' WHERE (`id` = 'SERVICE_ID_8');
UPDATE IGNORE `service` SET `code` = 'RDC' WHERE (`id` = 'SERVICE_ID_9');
UPDATE IGNORE `service` SET `code` = 'TRANSFER_BETWEEN_CUSTOMER_ACCOUNT_APPROVE' WHERE (`id` = 'SERVICE_ID_20');
UPDATE IGNORE `service` SET `code` = 'TRANSFER_BETWEEN_CUSTOMER_ACCOUNT_CREATE' WHERE (`id` = 'SERVICE_ID_11');
UPDATE IGNORE `service` SET `code` = 'TRANSFER_BETWEEN_CUSTOMER_ACCOUNT_MANAGE_PAYEES' WHERE (`id` = 'SERVICE_ID_22');
UPDATE IGNORE `service` SET `code` = 'TRANSFER_BETWEEN_CUSTOMER_ACCOUNT_SELF_APPROVAL' WHERE (`id` = 'SERVICE_ID_21');
UPDATE IGNORE `service` SET `code` = 'TRANSFER_BETWEEN_CUSTOMER_ACCOUNT_VIEW' WHERE (`id` = 'SERVICE_ID_46');
UPDATE IGNORE `service` SET `code` = 'USER_MANAGEMENT' WHERE (`id` = 'SERVICE_ID_39');

INSERT INTO `mfavariablereference` (`Code`, `Name`, `createdby`) VALUES ('OTP', 'OTP', 'Kony Dev');
INSERT INTO `mfavariablereference` (`Code`, `Name`, `createdby`) VALUES ('ACCOUNT_NUMBER', 'Account Number', 'Kony Dev');
INSERT INTO `mfavariablereference` (`Code`, `Name`, `createdby`) VALUES ('TRANSFER_AMOUNT', 'Transfer Amount', 'Kony Dev');
INSERT INTO `mfavariablereference` (`Code`, `Name`, `createdby`) VALUES ('PAYEE_NAME', 'Payee Name', 'Kony Dev');
INSERT INTO `mfavariablereference` (`Code`, `Name`, `createdby`) VALUES ('SERVER_DATE', 'Server Date', 'Kony Dev');
INSERT INTO `mfavariablereference` (`Code`, `Name`, `createdby`) VALUES ('SERVER_TIME', 'Server Time', 'Kony Dev');

UPDATE `mfaconfigurations` SET `value`='DISPLAY_NO_VALUE' WHERE `MFA_id`='SECURE_ACCESS_CODE' and`MFAKey_id`='SAC_PREFERENCE_CRITERIA';

INSERT INTO `appaction` (`id`, `App_id`, `Action_id`) VALUES ('CONSUMER_LENDING_SERVICE_ID_1', 'CONSUMER_LENDING', 'SERVICE_ID_1');
INSERT INTO `appaction` (`id`, `App_id`, `Action_id`) VALUES ('CONSUMER_LENDING_SERVICE_ID_2', 'CONSUMER_LENDING', 'SERVICE_ID_2');
INSERT INTO `appaction` (`id`, `App_id`, `Action_id`) VALUES ('CONSUMER_LENDING_SERVICE_ID_3', 'CONSUMER_LENDING', 'SERVICE_ID_3');
INSERT INTO `appaction` (`id`, `App_id`, `Action_id`) VALUES ('CONSUMER_LENDING_SERVICE_ID_4', 'CONSUMER_LENDING', 'SERVICE_ID_4');
INSERT INTO `appaction` (`id`, `App_id`, `Action_id`) VALUES ('CONSUMER_LENDING_SERVICE_ID_5', 'CONSUMER_LENDING', 'SERVICE_ID_5');
INSERT INTO `appaction` (`id`, `App_id`, `Action_id`) VALUES ('CONSUMER_LENDING_SERVICE_ID_6', 'CONSUMER_LENDING', 'SERVICE_ID_6');
INSERT INTO `appaction` (`id`, `App_id`, `Action_id`) VALUES ('CONSUMER_LENDING_SERVICE_ID_7', 'CONSUMER_LENDING', 'SERVICE_ID_7');
INSERT INTO `appaction` (`id`, `App_id`, `Action_id`) VALUES ('CONSUMER_LENDING_SERVICE_ID_8', 'CONSUMER_LENDING', 'SERVICE_ID_8');
INSERT INTO `appaction` (`id`, `App_id`, `Action_id`) VALUES ('CONSUMER_LENDING_SERVICE_ID_9', 'CONSUMER_LENDING', 'SERVICE_ID_9');
INSERT INTO `appaction` (`id`, `App_id`, `Action_id`) VALUES ('CONSUMER_LENDING_SERVICE_ID_10', 'CONSUMER_LENDING', 'SERVICE_ID_10');
INSERT INTO `appaction` (`id`, `App_id`, `Action_id`) VALUES ('CONSUMER_LENDING_SERVICE_ID_11', 'CONSUMER_LENDING', 'SERVICE_ID_11');
INSERT INTO `appaction` (`id`, `App_id`, `Action_id`) VALUES ('CONSUMER_LENDING_SERVICE_ID_12', 'CONSUMER_LENDING', 'SERVICE_ID_12');
INSERT INTO `appaction` (`id`, `App_id`, `Action_id`) VALUES ('CONSUMER_LENDING_SERVICE_ID_13', 'CONSUMER_LENDING', 'SERVICE_ID_13');
INSERT INTO `appaction` (`id`, `App_id`, `Action_id`) VALUES ('CONSUMER_LENDING_SERVICE_ID_14', 'CONSUMER_LENDING', 'SERVICE_ID_14');
INSERT INTO `appaction` (`id`, `App_id`, `Action_id`) VALUES ('CONSUMER_LENDING_SERVICE_ID_15', 'CONSUMER_LENDING', 'SERVICE_ID_15');
INSERT INTO `appaction` (`id`, `App_id`, `Action_id`) VALUES ('CONSUMER_LENDING_SERVICE_ID_16', 'CONSUMER_LENDING', 'SERVICE_ID_16');
INSERT INTO `appaction` (`id`, `App_id`, `Action_id`) VALUES ('CONSUMER_LENDING_SERVICE_ID_17', 'CONSUMER_LENDING', 'SERVICE_ID_17');
INSERT INTO `appaction` (`id`, `App_id`, `Action_id`) VALUES ('CONSUMER_LENDING_SERVICE_ID_18', 'CONSUMER_LENDING', 'SERVICE_ID_18');
INSERT INTO `appaction` (`id`, `App_id`, `Action_id`) VALUES ('CONSUMER_LENDING_SERVICE_ID_19', 'CONSUMER_LENDING', 'SERVICE_ID_19');
INSERT INTO `appaction` (`id`, `App_id`, `Action_id`) VALUES ('CONSUMER_LENDING_SERVICE_ID_20', 'CONSUMER_LENDING', 'SERVICE_ID_20');
INSERT INTO `appaction` (`id`, `App_id`, `Action_id`) VALUES ('CONSUMER_LENDING_SERVICE_ID_21', 'CONSUMER_LENDING', 'SERVICE_ID_21');
INSERT INTO `appaction` (`id`, `App_id`, `Action_id`) VALUES ('CONSUMER_LENDING_SERVICE_ID_22', 'CONSUMER_LENDING', 'SERVICE_ID_22');
INSERT INTO `appaction` (`id`, `App_id`, `Action_id`) VALUES ('CONSUMER_LENDING_SERVICE_ID_23', 'CONSUMER_LENDING', 'SERVICE_ID_23');
INSERT INTO `appaction` (`id`, `App_id`, `Action_id`) VALUES ('CONSUMER_LENDING_SERVICE_ID_24', 'CONSUMER_LENDING', 'SERVICE_ID_24');
INSERT INTO `appaction` (`id`, `App_id`, `Action_id`) VALUES ('CONSUMER_LENDING_SERVICE_ID_25', 'CONSUMER_LENDING', 'SERVICE_ID_25');
INSERT INTO `appaction` (`id`, `App_id`, `Action_id`) VALUES ('CONSUMER_LENDING_SERVICE_ID_26', 'CONSUMER_LENDING', 'SERVICE_ID_26');
INSERT INTO `appaction` (`id`, `App_id`, `Action_id`) VALUES ('CONSUMER_LENDING_SERVICE_ID_27', 'CONSUMER_LENDING', 'SERVICE_ID_27');
INSERT INTO `appaction` (`id`, `App_id`, `Action_id`) VALUES ('CONSUMER_LENDING_SERVICE_ID_28', 'CONSUMER_LENDING', 'SERVICE_ID_28');
INSERT INTO `appaction` (`id`, `App_id`, `Action_id`) VALUES ('CONSUMER_LENDING_SERVICE_ID_29', 'CONSUMER_LENDING', 'SERVICE_ID_29');
INSERT INTO `appaction` (`id`, `App_id`, `Action_id`) VALUES ('CONSUMER_LENDING_SERVICE_ID_30', 'CONSUMER_LENDING', 'SERVICE_ID_30');
INSERT INTO `appaction` (`id`, `App_id`, `Action_id`) VALUES ('CONSUMER_LENDING_SERVICE_ID_31', 'CONSUMER_LENDING', 'SERVICE_ID_31');
INSERT INTO `appaction` (`id`, `App_id`, `Action_id`) VALUES ('CONSUMER_LENDING_SERVICE_ID_32', 'CONSUMER_LENDING', 'SERVICE_ID_32');
INSERT INTO `appaction` (`id`, `App_id`, `Action_id`) VALUES ('CONSUMER_LENDING_SERVICE_ID_33', 'CONSUMER_LENDING', 'SERVICE_ID_33');
INSERT INTO `appaction` (`id`, `App_id`, `Action_id`) VALUES ('CONSUMER_LENDING_SERVICE_ID_34', 'CONSUMER_LENDING', 'SERVICE_ID_34');
INSERT INTO `appaction` (`id`, `App_id`, `Action_id`) VALUES ('CONSUMER_LENDING_SERVICE_ID_35', 'CONSUMER_LENDING', 'SERVICE_ID_35');
INSERT INTO `appaction` (`id`, `App_id`, `Action_id`) VALUES ('CONSUMER_LENDING_SERVICE_ID_36', 'CONSUMER_LENDING', 'SERVICE_ID_36');
INSERT INTO `appaction` (`id`, `App_id`, `Action_id`) VALUES ('CONSUMER_LENDING_SERVICE_ID_37', 'CONSUMER_LENDING', 'SERVICE_ID_37');
INSERT INTO `appaction` (`id`, `App_id`, `Action_id`) VALUES ('CONSUMER_LENDING_SERVICE_ID_38', 'CONSUMER_LENDING', 'SERVICE_ID_38');
INSERT INTO `appaction` (`id`, `App_id`, `Action_id`) VALUES ('CONSUMER_LENDING_SERVICE_ID_39', 'CONSUMER_LENDING', 'SERVICE_ID_39');
INSERT INTO `appaction` (`id`, `App_id`, `Action_id`) VALUES ('CONSUMER_LENDING_SERVICE_ID_40', 'CONSUMER_LENDING', 'SERVICE_ID_40');
INSERT INTO `appaction` (`id`, `App_id`, `Action_id`) VALUES ('CONSUMER_LENDING_SERVICE_ID_41', 'CONSUMER_LENDING', 'SERVICE_ID_41');
INSERT INTO `appaction` (`id`, `App_id`, `Action_id`) VALUES ('CONSUMER_LENDING_SERVICE_ID_42', 'CONSUMER_LENDING', 'SERVICE_ID_42');
INSERT INTO `appaction` (`id`, `App_id`, `Action_id`) VALUES ('CONSUMER_LENDING_SERVICE_ID_43', 'CONSUMER_LENDING', 'SERVICE_ID_43');
INSERT INTO `appaction` (`id`, `App_id`, `Action_id`) VALUES ('CONSUMER_LENDING_SERVICE_ID_44', 'CONSUMER_LENDING', 'SERVICE_ID_44');
INSERT INTO `appaction` (`id`, `App_id`, `Action_id`) VALUES ('CONSUMER_LENDING_SERVICE_ID_45', 'CONSUMER_LENDING', 'SERVICE_ID_45');
INSERT INTO `appaction` (`id`, `App_id`, `Action_id`) VALUES ('CONSUMER_LENDING_SERVICE_ID_46', 'CONSUMER_LENDING', 'SERVICE_ID_46');
INSERT INTO `appaction` (`id`, `App_id`, `Action_id`) VALUES ('CONSUMER_LENDING_SERVICE_ID_47', 'CONSUMER_LENDING', 'SERVICE_ID_47');
INSERT INTO `appaction` (`id`, `App_id`, `Action_id`) VALUES ('CONSUMER_LENDING_SERVICE_ID_48', 'CONSUMER_LENDING', 'SERVICE_ID_48');
INSERT INTO `appaction` (`id`, `App_id`, `Action_id`) VALUES ('CONSUMER_LENDING_SERVICE_ID_49', 'CONSUMER_LENDING', 'SERVICE_ID_49');
INSERT INTO `appaction` (`id`, `App_id`, `Action_id`) VALUES ('CONSUMER_LENDING_SERVICE_ID_50', 'CONSUMER_LENDING', 'SERVICE_ID_50');
INSERT INTO `appaction` (`id`, `App_id`, `Action_id`) VALUES ('CONSUMER_LENDING_SERVICE_ID_51', 'CONSUMER_LENDING', 'SERVICE_ID_51');
INSERT INTO `appaction` (`id`, `App_id`, `Action_id`) VALUES ('CONSUMER_LENDING_SERVICE_ID_52', 'CONSUMER_LENDING', 'SERVICE_ID_52');
INSERT INTO `appaction` (`id`, `App_id`, `Action_id`) VALUES ('CONSUMER_LENDING_SERVICE_ID_53', 'CONSUMER_LENDING', 'SERVICE_ID_53');
INSERT INTO `appaction` (`id`, `App_id`, `Action_id`) VALUES ('CONSUMER_LENDING_SERVICE_ID_54', 'CONSUMER_LENDING', 'SERVICE_ID_54');
INSERT INTO `appaction` (`id`, `App_id`, `Action_id`) VALUES ('CONSUMER_LENDING_SERVICE_ID_55', 'CONSUMER_LENDING', 'SERVICE_ID_55');
INSERT INTO `appaction` (`id`, `App_id`, `Action_id`) VALUES ('CONSUMER_LENDING_SERVICE_ID_56', 'CONSUMER_LENDING', 'SERVICE_ID_56');
INSERT INTO `appaction` (`id`, `App_id`, `Action_id`) VALUES ('CONSUMER_LENDING_SERVICE_ID_57', 'CONSUMER_LENDING', 'SERVICE_ID_57');
INSERT INTO `appaction` (`id`, `App_id`, `Action_id`) VALUES ('CONSUMER_LENDING_SERVICE_ID_58', 'CONSUMER_LENDING', 'SERVICE_ID_58');
INSERT INTO `appaction` (`id`, `App_id`, `Action_id`) VALUES ('CONSUMER_LENDING_SERVICE_ID_59', 'CONSUMER_LENDING', 'SERVICE_ID_59');
INSERT INTO `appaction` (`id`, `App_id`, `Action_id`) VALUES ('CONSUMER_LENDING_SERVICE_ID_60', 'CONSUMER_LENDING', 'SERVICE_ID_60');
INSERT INTO `appaction` (`id`, `App_id`, `Action_id`) VALUES ('CONSUMER_LENDING_SERVICE_ID_61', 'CONSUMER_LENDING', 'SERVICE_ID_61');
INSERT INTO `appaction` (`id`, `App_id`, `Action_id`) VALUES ('CONSUMER_LENDING_SERVICE_ID_62', 'CONSUMER_LENDING', 'SERVICE_ID_62');
INSERT INTO `appaction` (`id`, `App_id`, `Action_id`) VALUES ('CONSUMER_LENDING_SERVICE_ID_63', 'CONSUMER_LENDING', 'SERVICE_ID_63');
INSERT INTO `appaction` (`id`, `App_id`, `Action_id`) VALUES ('CONSUMER_LENDING_SERVICE_ID_64', 'CONSUMER_LENDING', 'SERVICE_ID_64');
INSERT INTO `appaction` (`id`, `App_id`, `Action_id`) VALUES ('CONSUMER_LENDING_SERVICE_ID_65', 'CONSUMER_LENDING', 'SERVICE_ID_65');
INSERT INTO `appaction` (`id`, `App_id`, `Action_id`) VALUES ('CONSUMER_LENDING_SERVICE_ID_66', 'CONSUMER_LENDING', 'SERVICE_ID_66');

INSERT INTO `appaction` (`id`, `App_id`, `Action_id`) VALUES ('ONBOARDING_SERVICE_ID_1', 'ONBOARDING', 'SERVICE_ID_1');
INSERT INTO `appaction` (`id`, `App_id`, `Action_id`) VALUES ('ONBOARDING_SERVICE_ID_2', 'ONBOARDING', 'SERVICE_ID_2');
INSERT INTO `appaction` (`id`, `App_id`, `Action_id`) VALUES ('ONBOARDING_SERVICE_ID_3', 'ONBOARDING', 'SERVICE_ID_3');
INSERT INTO `appaction` (`id`, `App_id`, `Action_id`) VALUES ('ONBOARDING_SERVICE_ID_4', 'ONBOARDING', 'SERVICE_ID_4');
INSERT INTO `appaction` (`id`, `App_id`, `Action_id`) VALUES ('ONBOARDING_SERVICE_ID_5', 'ONBOARDING', 'SERVICE_ID_5');
INSERT INTO `appaction` (`id`, `App_id`, `Action_id`) VALUES ('ONBOARDING_SERVICE_ID_6', 'ONBOARDING', 'SERVICE_ID_6');
INSERT INTO `appaction` (`id`, `App_id`, `Action_id`) VALUES ('ONBOARDING_SERVICE_ID_7', 'ONBOARDING', 'SERVICE_ID_7');
INSERT INTO `appaction` (`id`, `App_id`, `Action_id`) VALUES ('ONBOARDING_SERVICE_ID_8', 'ONBOARDING', 'SERVICE_ID_8');
INSERT INTO `appaction` (`id`, `App_id`, `Action_id`) VALUES ('ONBOARDING_SERVICE_ID_9', 'ONBOARDING', 'SERVICE_ID_9');
INSERT INTO `appaction` (`id`, `App_id`, `Action_id`) VALUES ('ONBOARDING_SERVICE_ID_10', 'ONBOARDING', 'SERVICE_ID_10');
INSERT INTO `appaction` (`id`, `App_id`, `Action_id`) VALUES ('ONBOARDING_SERVICE_ID_11', 'ONBOARDING', 'SERVICE_ID_11');
INSERT INTO `appaction` (`id`, `App_id`, `Action_id`) VALUES ('ONBOARDING_SERVICE_ID_12', 'ONBOARDING', 'SERVICE_ID_12');
INSERT INTO `appaction` (`id`, `App_id`, `Action_id`) VALUES ('ONBOARDING_SERVICE_ID_13', 'ONBOARDING', 'SERVICE_ID_13');
INSERT INTO `appaction` (`id`, `App_id`, `Action_id`) VALUES ('ONBOARDING_SERVICE_ID_14', 'ONBOARDING', 'SERVICE_ID_14');
INSERT INTO `appaction` (`id`, `App_id`, `Action_id`) VALUES ('ONBOARDING_SERVICE_ID_15', 'ONBOARDING', 'SERVICE_ID_15');
INSERT INTO `appaction` (`id`, `App_id`, `Action_id`) VALUES ('ONBOARDING_SERVICE_ID_16', 'ONBOARDING', 'SERVICE_ID_16');
INSERT INTO `appaction` (`id`, `App_id`, `Action_id`) VALUES ('ONBOARDING_SERVICE_ID_17', 'ONBOARDING', 'SERVICE_ID_17');
INSERT INTO `appaction` (`id`, `App_id`, `Action_id`) VALUES ('ONBOARDING_SERVICE_ID_18', 'ONBOARDING', 'SERVICE_ID_18');
INSERT INTO `appaction` (`id`, `App_id`, `Action_id`) VALUES ('ONBOARDING_SERVICE_ID_19', 'ONBOARDING', 'SERVICE_ID_19');
INSERT INTO `appaction` (`id`, `App_id`, `Action_id`) VALUES ('ONBOARDING_SERVICE_ID_20', 'ONBOARDING', 'SERVICE_ID_20');
INSERT INTO `appaction` (`id`, `App_id`, `Action_id`) VALUES ('ONBOARDING_SERVICE_ID_21', 'ONBOARDING', 'SERVICE_ID_21');
INSERT INTO `appaction` (`id`, `App_id`, `Action_id`) VALUES ('ONBOARDING_SERVICE_ID_22', 'ONBOARDING', 'SERVICE_ID_22');
INSERT INTO `appaction` (`id`, `App_id`, `Action_id`) VALUES ('ONBOARDING_SERVICE_ID_23', 'ONBOARDING', 'SERVICE_ID_23');
INSERT INTO `appaction` (`id`, `App_id`, `Action_id`) VALUES ('ONBOARDING_SERVICE_ID_24', 'ONBOARDING', 'SERVICE_ID_24');
INSERT INTO `appaction` (`id`, `App_id`, `Action_id`) VALUES ('ONBOARDING_SERVICE_ID_25', 'ONBOARDING', 'SERVICE_ID_25');
INSERT INTO `appaction` (`id`, `App_id`, `Action_id`) VALUES ('ONBOARDING_SERVICE_ID_26', 'ONBOARDING', 'SERVICE_ID_26');
INSERT INTO `appaction` (`id`, `App_id`, `Action_id`) VALUES ('ONBOARDING_SERVICE_ID_27', 'ONBOARDING', 'SERVICE_ID_27');
INSERT INTO `appaction` (`id`, `App_id`, `Action_id`) VALUES ('ONBOARDING_SERVICE_ID_28', 'ONBOARDING', 'SERVICE_ID_28');
INSERT INTO `appaction` (`id`, `App_id`, `Action_id`) VALUES ('ONBOARDING_SERVICE_ID_29', 'ONBOARDING', 'SERVICE_ID_29');
INSERT INTO `appaction` (`id`, `App_id`, `Action_id`) VALUES ('ONBOARDING_SERVICE_ID_30', 'ONBOARDING', 'SERVICE_ID_30');
INSERT INTO `appaction` (`id`, `App_id`, `Action_id`) VALUES ('ONBOARDING_SERVICE_ID_31', 'ONBOARDING', 'SERVICE_ID_31');
INSERT INTO `appaction` (`id`, `App_id`, `Action_id`) VALUES ('ONBOARDING_SERVICE_ID_32', 'ONBOARDING', 'SERVICE_ID_32');
INSERT INTO `appaction` (`id`, `App_id`, `Action_id`) VALUES ('ONBOARDING_SERVICE_ID_33', 'ONBOARDING', 'SERVICE_ID_33');
INSERT INTO `appaction` (`id`, `App_id`, `Action_id`) VALUES ('ONBOARDING_SERVICE_ID_34', 'ONBOARDING', 'SERVICE_ID_34');
INSERT INTO `appaction` (`id`, `App_id`, `Action_id`) VALUES ('ONBOARDING_SERVICE_ID_35', 'ONBOARDING', 'SERVICE_ID_35');
INSERT INTO `appaction` (`id`, `App_id`, `Action_id`) VALUES ('ONBOARDING_SERVICE_ID_36', 'ONBOARDING', 'SERVICE_ID_36');
INSERT INTO `appaction` (`id`, `App_id`, `Action_id`) VALUES ('ONBOARDING_SERVICE_ID_37', 'ONBOARDING', 'SERVICE_ID_37');
INSERT INTO `appaction` (`id`, `App_id`, `Action_id`) VALUES ('ONBOARDING_SERVICE_ID_38', 'ONBOARDING', 'SERVICE_ID_38');
INSERT INTO `appaction` (`id`, `App_id`, `Action_id`) VALUES ('ONBOARDING_SERVICE_ID_39', 'ONBOARDING', 'SERVICE_ID_39');
INSERT INTO `appaction` (`id`, `App_id`, `Action_id`) VALUES ('ONBOARDING_SERVICE_ID_40', 'ONBOARDING', 'SERVICE_ID_40');
INSERT INTO `appaction` (`id`, `App_id`, `Action_id`) VALUES ('ONBOARDING_SERVICE_ID_41', 'ONBOARDING', 'SERVICE_ID_41');
INSERT INTO `appaction` (`id`, `App_id`, `Action_id`) VALUES ('ONBOARDING_SERVICE_ID_42', 'ONBOARDING', 'SERVICE_ID_42');
INSERT INTO `appaction` (`id`, `App_id`, `Action_id`) VALUES ('ONBOARDING_SERVICE_ID_43', 'ONBOARDING', 'SERVICE_ID_43');
INSERT INTO `appaction` (`id`, `App_id`, `Action_id`) VALUES ('ONBOARDING_SERVICE_ID_44', 'ONBOARDING', 'SERVICE_ID_44');
INSERT INTO `appaction` (`id`, `App_id`, `Action_id`) VALUES ('ONBOARDING_SERVICE_ID_45', 'ONBOARDING', 'SERVICE_ID_45');
INSERT INTO `appaction` (`id`, `App_id`, `Action_id`) VALUES ('ONBOARDING_SERVICE_ID_46', 'ONBOARDING', 'SERVICE_ID_46');
INSERT INTO `appaction` (`id`, `App_id`, `Action_id`) VALUES ('ONBOARDING_SERVICE_ID_47', 'ONBOARDING', 'SERVICE_ID_47');
INSERT INTO `appaction` (`id`, `App_id`, `Action_id`) VALUES ('ONBOARDING_SERVICE_ID_48', 'ONBOARDING', 'SERVICE_ID_48');
INSERT INTO `appaction` (`id`, `App_id`, `Action_id`) VALUES ('ONBOARDING_SERVICE_ID_49', 'ONBOARDING', 'SERVICE_ID_49');
INSERT INTO `appaction` (`id`, `App_id`, `Action_id`) VALUES ('ONBOARDING_SERVICE_ID_50', 'ONBOARDING', 'SERVICE_ID_50');
INSERT INTO `appaction` (`id`, `App_id`, `Action_id`) VALUES ('ONBOARDING_SERVICE_ID_51', 'ONBOARDING', 'SERVICE_ID_51');
INSERT INTO `appaction` (`id`, `App_id`, `Action_id`) VALUES ('ONBOARDING_SERVICE_ID_52', 'ONBOARDING', 'SERVICE_ID_52');
INSERT INTO `appaction` (`id`, `App_id`, `Action_id`) VALUES ('ONBOARDING_SERVICE_ID_53', 'ONBOARDING', 'SERVICE_ID_53');
INSERT INTO `appaction` (`id`, `App_id`, `Action_id`) VALUES ('ONBOARDING_SERVICE_ID_54', 'ONBOARDING', 'SERVICE_ID_54');
INSERT INTO `appaction` (`id`, `App_id`, `Action_id`) VALUES ('ONBOARDING_SERVICE_ID_55', 'ONBOARDING', 'SERVICE_ID_55');
INSERT INTO `appaction` (`id`, `App_id`, `Action_id`) VALUES ('ONBOARDING_SERVICE_ID_56', 'ONBOARDING', 'SERVICE_ID_56');
INSERT INTO `appaction` (`id`, `App_id`, `Action_id`) VALUES ('ONBOARDING_SERVICE_ID_57', 'ONBOARDING', 'SERVICE_ID_57');
INSERT INTO `appaction` (`id`, `App_id`, `Action_id`) VALUES ('ONBOARDING_SERVICE_ID_58', 'ONBOARDING', 'SERVICE_ID_58');
INSERT INTO `appaction` (`id`, `App_id`, `Action_id`) VALUES ('ONBOARDING_SERVICE_ID_59', 'ONBOARDING', 'SERVICE_ID_59');
INSERT INTO `appaction` (`id`, `App_id`, `Action_id`) VALUES ('ONBOARDING_SERVICE_ID_60', 'ONBOARDING', 'SERVICE_ID_60');
INSERT INTO `appaction` (`id`, `App_id`, `Action_id`) VALUES ('ONBOARDING_SERVICE_ID_61', 'ONBOARDING', 'SERVICE_ID_61');
INSERT INTO `appaction` (`id`, `App_id`, `Action_id`) VALUES ('ONBOARDING_SERVICE_ID_62', 'ONBOARDING', 'SERVICE_ID_62');
INSERT INTO `appaction` (`id`, `App_id`, `Action_id`) VALUES ('ONBOARDING_SERVICE_ID_63', 'ONBOARDING', 'SERVICE_ID_63');
INSERT INTO `appaction` (`id`, `App_id`, `Action_id`) VALUES ('ONBOARDING_SERVICE_ID_64', 'ONBOARDING', 'SERVICE_ID_64');
INSERT INTO `appaction` (`id`, `App_id`, `Action_id`) VALUES ('ONBOARDING_SERVICE_ID_65', 'ONBOARDING', 'SERVICE_ID_65');
INSERT INTO `appaction` (`id`, `App_id`, `Action_id`) VALUES ('ONBOARDING_SERVICE_ID_66', 'ONBOARDING', 'SERVICE_ID_66');

INSERT INTO `appaction` (`id`, `App_id`, `Action_id`) VALUES ('BUSINESS_BANKING_SERVICE_ID_16', 'BUSINESS_BANKING', 'SERVICE_ID_16');
INSERT INTO `appaction` (`id`, `App_id`, `Action_id`) VALUES ('BUSINESS_BANKING_SERVICE_ID_17', 'BUSINESS_BANKING', 'SERVICE_ID_17');
INSERT INTO `appaction` (`id`, `App_id`, `Action_id`) VALUES ('BUSINESS_BANKING_SERVICE_ID_18', 'BUSINESS_BANKING', 'SERVICE_ID_18');
INSERT INTO `appaction` (`id`, `App_id`, `Action_id`) VALUES ('BUSINESS_BANKING_SERVICE_ID_19', 'BUSINESS_BANKING', 'SERVICE_ID_19');
INSERT INTO `appaction` (`id`, `App_id`, `Action_id`) VALUES ('BUSINESS_BANKING_SERVICE_ID_20', 'BUSINESS_BANKING', 'SERVICE_ID_20');
INSERT INTO `appaction` (`id`, `App_id`, `Action_id`) VALUES ('BUSINESS_BANKING_SERVICE_ID_21', 'BUSINESS_BANKING', 'SERVICE_ID_21');
INSERT INTO `appaction` (`id`, `App_id`, `Action_id`) VALUES ('BUSINESS_BANKING_SERVICE_ID_22', 'BUSINESS_BANKING', 'SERVICE_ID_22');
INSERT INTO `appaction` (`id`, `App_id`, `Action_id`) VALUES ('BUSINESS_BANKING_SERVICE_ID_23', 'BUSINESS_BANKING', 'SERVICE_ID_23');
INSERT INTO `appaction` (`id`, `App_id`, `Action_id`) VALUES ('BUSINESS_BANKING_SERVICE_ID_24', 'BUSINESS_BANKING', 'SERVICE_ID_24');
INSERT INTO `appaction` (`id`, `App_id`, `Action_id`) VALUES ('BUSINESS_BANKING_SERVICE_ID_25', 'BUSINESS_BANKING', 'SERVICE_ID_25');
INSERT INTO `appaction` (`id`, `App_id`, `Action_id`) VALUES ('BUSINESS_BANKING_SERVICE_ID_26', 'BUSINESS_BANKING', 'SERVICE_ID_26');
INSERT INTO `appaction` (`id`, `App_id`, `Action_id`) VALUES ('BUSINESS_BANKING_SERVICE_ID_27', 'BUSINESS_BANKING', 'SERVICE_ID_27');
INSERT INTO `appaction` (`id`, `App_id`, `Action_id`) VALUES ('BUSINESS_BANKING_SERVICE_ID_28', 'BUSINESS_BANKING', 'SERVICE_ID_28');
INSERT INTO `appaction` (`id`, `App_id`, `Action_id`) VALUES ('BUSINESS_BANKING_SERVICE_ID_29', 'BUSINESS_BANKING', 'SERVICE_ID_29');
INSERT INTO `appaction` (`id`, `App_id`, `Action_id`) VALUES ('BUSINESS_BANKING_SERVICE_ID_30', 'BUSINESS_BANKING', 'SERVICE_ID_30');
INSERT INTO `appaction` (`id`, `App_id`, `Action_id`) VALUES ('BUSINESS_BANKING_SERVICE_ID_31', 'BUSINESS_BANKING', 'SERVICE_ID_31');
INSERT INTO `appaction` (`id`, `App_id`, `Action_id`) VALUES ('BUSINESS_BANKING_SERVICE_ID_32', 'BUSINESS_BANKING', 'SERVICE_ID_32');
INSERT INTO `appaction` (`id`, `App_id`, `Action_id`) VALUES ('BUSINESS_BANKING_SERVICE_ID_33', 'BUSINESS_BANKING', 'SERVICE_ID_33');
INSERT INTO `appaction` (`id`, `App_id`, `Action_id`) VALUES ('BUSINESS_BANKING_SERVICE_ID_34', 'BUSINESS_BANKING', 'SERVICE_ID_34');
INSERT INTO `appaction` (`id`, `App_id`, `Action_id`) VALUES ('BUSINESS_BANKING_SERVICE_ID_35', 'BUSINESS_BANKING', 'SERVICE_ID_35');
INSERT INTO `appaction` (`id`, `App_id`, `Action_id`) VALUES ('BUSINESS_BANKING_SERVICE_ID_36', 'BUSINESS_BANKING', 'SERVICE_ID_36');
INSERT INTO `appaction` (`id`, `App_id`, `Action_id`) VALUES ('BUSINESS_BANKING_SERVICE_ID_37', 'BUSINESS_BANKING', 'SERVICE_ID_37');
INSERT INTO `appaction` (`id`, `App_id`, `Action_id`) VALUES ('BUSINESS_BANKING_SERVICE_ID_38', 'BUSINESS_BANKING', 'SERVICE_ID_38');
INSERT INTO `appaction` (`id`, `App_id`, `Action_id`) VALUES ('BUSINESS_BANKING_SERVICE_ID_39', 'BUSINESS_BANKING', 'SERVICE_ID_39');
INSERT INTO `appaction` (`id`, `App_id`, `Action_id`) VALUES ('BUSINESS_BANKING_SERVICE_ID_40', 'BUSINESS_BANKING', 'SERVICE_ID_40');
INSERT INTO `appaction` (`id`, `App_id`, `Action_id`) VALUES ('BUSINESS_BANKING_SERVICE_ID_41', 'BUSINESS_BANKING', 'SERVICE_ID_41');
INSERT INTO `appaction` (`id`, `App_id`, `Action_id`) VALUES ('BUSINESS_BANKING_SERVICE_ID_42', 'BUSINESS_BANKING', 'SERVICE_ID_42');
INSERT INTO `appaction` (`id`, `App_id`, `Action_id`) VALUES ('BUSINESS_BANKING_SERVICE_ID_43', 'BUSINESS_BANKING', 'SERVICE_ID_43');
INSERT INTO `appaction` (`id`, `App_id`, `Action_id`) VALUES ('BUSINESS_BANKING_SERVICE_ID_44', 'BUSINESS_BANKING', 'SERVICE_ID_44');
INSERT INTO `appaction` (`id`, `App_id`, `Action_id`) VALUES ('BUSINESS_BANKING_SERVICE_ID_45', 'BUSINESS_BANKING', 'SERVICE_ID_45');
INSERT INTO `appaction` (`id`, `App_id`, `Action_id`) VALUES ('BUSINESS_BANKING_SERVICE_ID_46', 'BUSINESS_BANKING', 'SERVICE_ID_46');
INSERT INTO `appaction` (`id`, `App_id`, `Action_id`) VALUES ('BUSINESS_BANKING_SERVICE_ID_49', 'BUSINESS_BANKING', 'SERVICE_ID_49');
INSERT INTO `appaction` (`id`, `App_id`, `Action_id`) VALUES ('BUSINESS_BANKING_SERVICE_ID_50', 'BUSINESS_BANKING', 'SERVICE_ID_50');
INSERT INTO `appaction` (`id`, `App_id`, `Action_id`) VALUES ('BUSINESS_BANKING_SERVICE_ID_51', 'BUSINESS_BANKING', 'SERVICE_ID_51');
INSERT INTO `appaction` (`id`, `App_id`, `Action_id`) VALUES ('BUSINESS_BANKING_SERVICE_ID_52', 'BUSINESS_BANKING', 'SERVICE_ID_52');
INSERT INTO `appaction` (`id`, `App_id`, `Action_id`) VALUES ('BUSINESS_BANKING_SERVICE_ID_53', 'BUSINESS_BANKING', 'SERVICE_ID_53');
INSERT INTO `appaction` (`id`, `App_id`, `Action_id`) VALUES ('BUSINESS_BANKING_SERVICE_ID_54', 'BUSINESS_BANKING', 'SERVICE_ID_54');
INSERT INTO `appaction` (`id`, `App_id`, `Action_id`) VALUES ('BUSINESS_BANKING_SERVICE_ID_55', 'BUSINESS_BANKING', 'SERVICE_ID_55');
INSERT INTO `appaction` (`id`, `App_id`, `Action_id`) VALUES ('BUSINESS_BANKING_SERVICE_ID_56', 'BUSINESS_BANKING', 'SERVICE_ID_56');
INSERT INTO `appaction` (`id`, `App_id`, `Action_id`) VALUES ('BUSINESS_BANKING_SERVICE_ID_59', 'BUSINESS_BANKING', 'SERVICE_ID_59');
INSERT INTO `appaction` (`id`, `App_id`, `Action_id`) VALUES ('BUSINESS_BANKING_SERVICE_ID_60', 'BUSINESS_BANKING', 'SERVICE_ID_60');
INSERT INTO `appaction` (`id`, `App_id`, `Action_id`) VALUES ('BUSINESS_BANKING_SERVICE_ID_61', 'BUSINESS_BANKING', 'SERVICE_ID_61');
INSERT INTO `appaction` (`id`, `App_id`, `Action_id`) VALUES ('BUSINESS_BANKING_SERVICE_ID_62', 'BUSINESS_BANKING', 'SERVICE_ID_62');
INSERT INTO `appaction` (`id`, `App_id`, `Action_id`) VALUES ('BUSINESS_BANKING_SERVICE_ID_63', 'BUSINESS_BANKING', 'SERVICE_ID_63');
INSERT INTO `appaction` (`id`, `App_id`, `Action_id`) VALUES ('BUSINESS_BANKING_SERVICE_ID_64', 'BUSINESS_BANKING', 'SERVICE_ID_64');
INSERT INTO `appaction` (`id`, `App_id`, `Action_id`) VALUES ('BUSINESS_BANKING_SERVICE_ID_65', 'BUSINESS_BANKING', 'SERVICE_ID_65');
INSERT INTO `appaction` (`id`, `App_id`, `Action_id`) VALUES ('BUSINESS_BANKING_SERVICE_ID_66', 'BUSINESS_BANKING', 'SERVICE_ID_66');

INSERT INTO `appaction` (`id`, `App_id`, `Action_id`) VALUES ('RETAIL_BANKING_SERVICE_ID_16', 'RETAIL_BANKING', 'SERVICE_ID_16');
INSERT INTO `appaction` (`id`, `App_id`, `Action_id`) VALUES ('RETAIL_BANKING_SERVICE_ID_17', 'RETAIL_BANKING', 'SERVICE_ID_17');
INSERT INTO `appaction` (`id`, `App_id`, `Action_id`) VALUES ('RETAIL_BANKING_SERVICE_ID_18', 'RETAIL_BANKING', 'SERVICE_ID_18');
INSERT INTO `appaction` (`id`, `App_id`, `Action_id`) VALUES ('RETAIL_BANKING_SERVICE_ID_19', 'RETAIL_BANKING', 'SERVICE_ID_19');
INSERT INTO `appaction` (`id`, `App_id`, `Action_id`) VALUES ('RETAIL_BANKING_SERVICE_ID_20', 'RETAIL_BANKING', 'SERVICE_ID_20');
INSERT INTO `appaction` (`id`, `App_id`, `Action_id`) VALUES ('RETAIL_BANKING_SERVICE_ID_21', 'RETAIL_BANKING', 'SERVICE_ID_21');
INSERT INTO `appaction` (`id`, `App_id`, `Action_id`) VALUES ('RETAIL_BANKING_SERVICE_ID_22', 'RETAIL_BANKING', 'SERVICE_ID_22');
INSERT INTO `appaction` (`id`, `App_id`, `Action_id`) VALUES ('RETAIL_BANKING_SERVICE_ID_23', 'RETAIL_BANKING', 'SERVICE_ID_23');
INSERT INTO `appaction` (`id`, `App_id`, `Action_id`) VALUES ('RETAIL_BANKING_SERVICE_ID_24', 'RETAIL_BANKING', 'SERVICE_ID_24');
INSERT INTO `appaction` (`id`, `App_id`, `Action_id`) VALUES ('RETAIL_BANKING_SERVICE_ID_25', 'RETAIL_BANKING', 'SERVICE_ID_25');
INSERT INTO `appaction` (`id`, `App_id`, `Action_id`) VALUES ('RETAIL_BANKING_SERVICE_ID_26', 'RETAIL_BANKING', 'SERVICE_ID_26');
INSERT INTO `appaction` (`id`, `App_id`, `Action_id`) VALUES ('RETAIL_BANKING_SERVICE_ID_27', 'RETAIL_BANKING', 'SERVICE_ID_27');
INSERT INTO `appaction` (`id`, `App_id`, `Action_id`) VALUES ('RETAIL_BANKING_SERVICE_ID_28', 'RETAIL_BANKING', 'SERVICE_ID_28');
INSERT INTO `appaction` (`id`, `App_id`, `Action_id`) VALUES ('RETAIL_BANKING_SERVICE_ID_29', 'RETAIL_BANKING', 'SERVICE_ID_29');
INSERT INTO `appaction` (`id`, `App_id`, `Action_id`) VALUES ('RETAIL_BANKING_SERVICE_ID_30', 'RETAIL_BANKING', 'SERVICE_ID_30');
INSERT INTO `appaction` (`id`, `App_id`, `Action_id`) VALUES ('RETAIL_BANKING_SERVICE_ID_31', 'RETAIL_BANKING', 'SERVICE_ID_31');
INSERT INTO `appaction` (`id`, `App_id`, `Action_id`) VALUES ('RETAIL_BANKING_SERVICE_ID_32', 'RETAIL_BANKING', 'SERVICE_ID_32');
INSERT INTO `appaction` (`id`, `App_id`, `Action_id`) VALUES ('RETAIL_BANKING_SERVICE_ID_33', 'RETAIL_BANKING', 'SERVICE_ID_33');
INSERT INTO `appaction` (`id`, `App_id`, `Action_id`) VALUES ('RETAIL_BANKING_SERVICE_ID_34', 'RETAIL_BANKING', 'SERVICE_ID_34');
INSERT INTO `appaction` (`id`, `App_id`, `Action_id`) VALUES ('RETAIL_BANKING_SERVICE_ID_35', 'RETAIL_BANKING', 'SERVICE_ID_35');
INSERT INTO `appaction` (`id`, `App_id`, `Action_id`) VALUES ('RETAIL_BANKING_SERVICE_ID_36', 'RETAIL_BANKING', 'SERVICE_ID_36');
INSERT INTO `appaction` (`id`, `App_id`, `Action_id`) VALUES ('RETAIL_BANKING_SERVICE_ID_37', 'RETAIL_BANKING', 'SERVICE_ID_37');
INSERT INTO `appaction` (`id`, `App_id`, `Action_id`) VALUES ('RETAIL_BANKING_SERVICE_ID_38', 'RETAIL_BANKING', 'SERVICE_ID_38');
INSERT INTO `appaction` (`id`, `App_id`, `Action_id`) VALUES ('RETAIL_BANKING_SERVICE_ID_39', 'RETAIL_BANKING', 'SERVICE_ID_39');
INSERT INTO `appaction` (`id`, `App_id`, `Action_id`) VALUES ('RETAIL_BANKING_SERVICE_ID_40', 'RETAIL_BANKING', 'SERVICE_ID_40');
INSERT INTO `appaction` (`id`, `App_id`, `Action_id`) VALUES ('RETAIL_BANKING_SERVICE_ID_41', 'RETAIL_BANKING', 'SERVICE_ID_41');
INSERT INTO `appaction` (`id`, `App_id`, `Action_id`) VALUES ('RETAIL_BANKING_SERVICE_ID_42', 'RETAIL_BANKING', 'SERVICE_ID_42');
INSERT INTO `appaction` (`id`, `App_id`, `Action_id`) VALUES ('RETAIL_BANKING_SERVICE_ID_43', 'RETAIL_BANKING', 'SERVICE_ID_43');
INSERT INTO `appaction` (`id`, `App_id`, `Action_id`) VALUES ('RETAIL_BANKING_SERVICE_ID_44', 'RETAIL_BANKING', 'SERVICE_ID_44');
INSERT INTO `appaction` (`id`, `App_id`, `Action_id`) VALUES ('RETAIL_BANKING_SERVICE_ID_45', 'RETAIL_BANKING', 'SERVICE_ID_45');
INSERT INTO `appaction` (`id`, `App_id`, `Action_id`) VALUES ('RETAIL_BANKING_SERVICE_ID_46', 'RETAIL_BANKING', 'SERVICE_ID_46');
INSERT INTO `appaction` (`id`, `App_id`, `Action_id`) VALUES ('RETAIL_BANKING_SERVICE_ID_49', 'RETAIL_BANKING', 'SERVICE_ID_49');
INSERT INTO `appaction` (`id`, `App_id`, `Action_id`) VALUES ('RETAIL_BANKING_SERVICE_ID_50', 'RETAIL_BANKING', 'SERVICE_ID_50');
INSERT INTO `appaction` (`id`, `App_id`, `Action_id`) VALUES ('RETAIL_BANKING_SERVICE_ID_51', 'RETAIL_BANKING', 'SERVICE_ID_51');
INSERT INTO `appaction` (`id`, `App_id`, `Action_id`) VALUES ('RETAIL_BANKING_SERVICE_ID_52', 'RETAIL_BANKING', 'SERVICE_ID_52');
INSERT INTO `appaction` (`id`, `App_id`, `Action_id`) VALUES ('RETAIL_BANKING_SERVICE_ID_53', 'RETAIL_BANKING', 'SERVICE_ID_53');
INSERT INTO `appaction` (`id`, `App_id`, `Action_id`) VALUES ('RETAIL_BANKING_SERVICE_ID_54', 'RETAIL_BANKING', 'SERVICE_ID_54');
INSERT INTO `appaction` (`id`, `App_id`, `Action_id`) VALUES ('RETAIL_BANKING_SERVICE_ID_55', 'RETAIL_BANKING', 'SERVICE_ID_55');
INSERT INTO `appaction` (`id`, `App_id`, `Action_id`) VALUES ('RETAIL_BANKING_SERVICE_ID_56', 'RETAIL_BANKING', 'SERVICE_ID_56');
INSERT INTO `appaction` (`id`, `App_id`, `Action_id`) VALUES ('RETAIL_BANKING_SERVICE_ID_59', 'RETAIL_BANKING', 'SERVICE_ID_59');
INSERT INTO `appaction` (`id`, `App_id`, `Action_id`) VALUES ('RETAIL_BANKING_SERVICE_ID_60', 'RETAIL_BANKING', 'SERVICE_ID_60');
INSERT INTO `appaction` (`id`, `App_id`, `Action_id`) VALUES ('RETAIL_BANKING_SERVICE_ID_61', 'RETAIL_BANKING', 'SERVICE_ID_61');
INSERT INTO `appaction` (`id`, `App_id`, `Action_id`) VALUES ('RETAIL_BANKING_SERVICE_ID_62', 'RETAIL_BANKING', 'SERVICE_ID_62');
INSERT INTO `appaction` (`id`, `App_id`, `Action_id`) VALUES ('RETAIL_BANKING_SERVICE_ID_63', 'RETAIL_BANKING', 'SERVICE_ID_63');
INSERT INTO `appaction` (`id`, `App_id`, `Action_id`) VALUES ('RETAIL_BANKING_SERVICE_ID_64', 'RETAIL_BANKING', 'SERVICE_ID_64');
INSERT INTO `appaction` (`id`, `App_id`, `Action_id`) VALUES ('RETAIL_BANKING_SERVICE_ID_65', 'RETAIL_BANKING', 'SERVICE_ID_65');
INSERT INTO `appaction` (`id`, `App_id`, `Action_id`) VALUES ('RETAIL_BANKING_SERVICE_ID_66', 'RETAIL_BANKING', 'SERVICE_ID_66');

INSERT INTO `feature` (`id`, `Name`, `code`, `DisplayName`, `Description`, `Type_id`, `Status_id`) VALUES ('FEATURE_ID16', 'Authentication', 'AUTHENTICATION', 'Authentication', 'Authentication', 'TYPE_NON_MONETARY', 'SID_ACTIVE');

INSERT INTO `service` (`id`, `Type_id`, `Channel_id`, `Feature_id`, `Name`, `Description`, `Status_id`, `code`, `DisplayName`, `DisplayDescription`, `createdby`, `modifiedby`) VALUES ('SERVICE_ID_67', 'SER_TYPE_NONTRANS', 'CH_ID_MOB_INT', 'FEATURE_ID16', 'Login', 'Login Authentication', 'SID_ACTIVE', 'LOGIN', 'Login', 'Login Authentication', 'Kony User', 'Kony User');
INSERT INTO `service` (`id`, `Type_id`, `Channel_id`, `Feature_id`, `Name`, `Description`, `Status_id`, `code`, `DisplayName`, `DisplayDescription`, `createdby`, `modifiedby`) VALUES ('SERVICE_ID_68', 'SER_TYPE_NONTRANS', 'CH_ID_MOB_INT', 'FEATURE_ID16', 'Username Update', 'Username Update Authentication', 'SID_ACTIVE', 'USERNAME_UPDATE', 'Username Update', 'Username Update Authentication', 'Kony User', 'Kony User');
INSERT INTO `service` (`id`, `Type_id`, `Channel_id`, `Feature_id`, `Name`, `Description`, `Status_id`, `code`, `DisplayName`, `DisplayDescription`, `createdby`, `modifiedby`) VALUES ('SERVICE_ID_69', 'SER_TYPE_NONTRANS', 'CH_ID_MOB_INT', 'FEATURE_ID16', 'Password Update', 'Password Update Authentication', 'SID_ACTIVE', 'PASSWORD_UPDATE', 'Password Update', 'Password Update Authentication', 'Kony User', 'Kony User');

INSERT INTO `appaction` (`id`, `App_id`, `Action_id`) VALUES ('CONSUMER_LENDING_SERVICE_ID_67', 'CONSUMER_LENDING', 'SERVICE_ID_67');
INSERT INTO `appaction` (`id`, `App_id`, `Action_id`) VALUES ('CONSUMER_LENDING_SERVICE_ID_68', 'CONSUMER_LENDING', 'SERVICE_ID_68');
INSERT INTO `appaction` (`id`, `App_id`, `Action_id`) VALUES ('CONSUMER_LENDING_SERVICE_ID_69', 'CONSUMER_LENDING', 'SERVICE_ID_69');

INSERT INTO `appaction` (`id`, `App_id`, `Action_id`) VALUES ('ONBOARDING_SERVICE_ID_67', 'ONBOARDING', 'SERVICE_ID_67');
INSERT INTO `appaction` (`id`, `App_id`, `Action_id`) VALUES ('ONBOARDING_SERVICE_ID_68', 'ONBOARDING', 'SERVICE_ID_68');
INSERT INTO `appaction` (`id`, `App_id`, `Action_id`) VALUES ('ONBOARDING_SERVICE_ID_69', 'ONBOARDING', 'SERVICE_ID_69');

INSERT INTO `appaction` (`id`, `App_id`, `Action_id`) VALUES ('BUSINESS_BANKING_SERVICE_ID_67', 'BUSINESS_BANKING', 'SERVICE_ID_67');
INSERT INTO `appaction` (`id`, `App_id`, `Action_id`) VALUES ('BUSINESS_BANKING_SERVICE_ID_68', 'BUSINESS_BANKING', 'SERVICE_ID_68');
INSERT INTO `appaction` (`id`, `App_id`, `Action_id`) VALUES ('BUSINESS_BANKING_SERVICE_ID_69', 'BUSINESS_BANKING', 'SERVICE_ID_69');

INSERT INTO `appaction` (`id`, `App_id`, `Action_id`) VALUES ('RETAIL_BANKING_SERVICE_ID_67', 'RETAIL_BANKING', 'SERVICE_ID_67');
INSERT INTO `appaction` (`id`, `App_id`, `Action_id`) VALUES ('RETAIL_BANKING_SERVICE_ID_68', 'RETAIL_BANKING', 'SERVICE_ID_68');
INSERT INTO `appaction` (`id`, `App_id`, `Action_id`) VALUES ('RETAIL_BANKING_SERVICE_ID_69', 'RETAIL_BANKING', 'SERVICE_ID_69');

INSERT INTO `permissiontype` (`id`, `Description`, `createdby`, `modifiedby`) VALUES ('PER_TYPE_MFA', 'Permission Type MFA', 'Kony User', 'Kony Dev');

INSERT INTO `permission` (`id`, `Type_id`, `Status_id`, `Name`, `Description`, `isComposite`, `PermissionValue`, `createdby`, `modifiedby`) VALUES ('PID71', 'PER_TYPE_MFA', 'SID_ACTIVE', 'ViewMFAConfig', 'Users with this permission can view MFA configurations and scenarios', '0', 'TRUE', 'Kony User', 'Kony Dev');
INSERT INTO `permission` (`id`, `Type_id`, `Status_id`, `Name`, `Description`, `isComposite`, `PermissionValue`, `createdby`, `modifiedby`) VALUES ('PID72', 'PER_TYPE_MFA', 'SID_ACTIVE', 'CreateUpdateMFAConfig', 'Users with this permission can create, update and delete MFA configuration and scenarios', '0', 'TRUE', 'Kony User', 'Kony Dev');

INSERT INTO `rolepermission` (`Role_id`, `Permission_id`, `createdby`, `modifiedby`) VALUES ('RID_SUPERADMIN', 'PID71', 'Kony User', 'Kony Dev');
INSERT INTO `rolepermission` (`Role_id`, `Permission_id`, `createdby`, `modifiedby`) VALUES ('RID_BUSINESS', 'PID71', 'Kony User', 'Kony Dev');
INSERT INTO `rolepermission` (`Role_id`, `Permission_id`, `createdby`, `modifiedby`) VALUES ('RID_FRONTLINE_STAFF', 'PID71', 'Kony User', 'Kony Dev');
INSERT INTO `rolepermission` (`Role_id`, `Permission_id`, `createdby`, `modifiedby`) VALUES ('RID_MANAGER', 'PID71', 'Kony User', 'Kony Dev');
INSERT INTO `rolepermission` (`Role_id`, `Permission_id`, `createdby`, `modifiedby`) VALUES ('RID_OPS', 'PID71', 'Kony User', 'Kony Dev');
INSERT INTO `rolepermission` (`Role_id`, `Permission_id`, `createdby`, `modifiedby`) VALUES ('RID_SUPERADMIN', 'PID72', 'Kony User', 'Kony Dev');
INSERT INTO `rolepermission` (`Role_id`, `Permission_id`, `createdby`, `modifiedby`) VALUES ('RID_BUSINESS', 'PID72', 'Kony User', 'Kony Dev');

UPDATE `faqs` SET `Question`='What is bill payment?' WHERE `id`='FAQ_ID20';
UPDATE `faqs` SET `Question`='Can I schedule a send/request for a payee?', `Answer`='Yes. You can schedule a send/request money transfer by choosing a future date for the transaction' WHERE `id`='FAQ_ID30';
UPDATE `faqs` SET `Answer`='To add a new payee follow the below steps:\r 1. Login into mobile/online banking application\r 2. Go to \"Pay a person\" and select \"Add Recipient\"\r 3. Enter name, phone number or email and click\"Add\"' WHERE `id`='FAQ_ID26';
UPDATE `faqs` SET `Answer`='Yes. You can edit or delete a payee. Go to \"Pay a person\" and choose \"Manage Recipient\". \r 1. To delete, click delete and confirm to remove a payee from your list.\r 2. To edit, click on edit, change the required details and update. Confirm the same to save the changes.' WHERE `id`='FAQ_ID29';
UPDATE `faqs` SET `Answer`='To request money from someone, enter their name, e-mail address or mobile phone number, the amount requested, and a personal message. Follow the instructions to complete the payment/transfer request. They will receive a notification and instructions on how to complete the payment. Once they confirm, the funds will automatically be debited from their account and credited to your account' WHERE `id`='FAQ_ID28';
UPDATE `faqs` SET `Answer`='Yes. You can place a request for a new card from your mobile/online banking application.' WHERE `id`='FAQ_ID37';
UPDATE `faqs` SET `Answer`='When you register for online banking, you create a unique username and password. So you and only you can access your accounts. Kindly ensure that you do not write it down in any form or share it with anyone. You are responsible for protecting your password, account details and for providing prompt notification in case of an unauthorized transaction.' WHERE `id`='FAQ_ID44';
UPDATE `faqs` SET `Answer`='Online Banking uses industry-standard security protocols that leverage encryption for transferring data. Encryption helps create a secure environment for the information being transferred between your browser and Kony Bank. The protocols protect data through Authentication, Encryption and Data integrity.' WHERE `id`='FAQ_ID45';

UPDATE `mfaconfigurations` SET `value`='true' WHERE `MFA_id`='SECURE_ACCESS_CODE' and`MFAKey_id`='LOCK_USER';
UPDATE `mfaconfigurations` SET `value`='true' WHERE `MFA_id`='SECURE_ACCESS_CODE' and`MFAKey_id`='LOGOUT_USER';
UPDATE `mfaconfigurations` SET `value`='3' WHERE `MFA_id`='SECURE_ACCESS_CODE' and`MFAKey_id`='MAX_FAILED_ATTEMPTS_ALLOWED';
UPDATE `mfaconfigurations` SET `value`='5' WHERE `MFA_id`='SECURE_ACCESS_CODE' and`MFAKey_id`='SAC_CODE_EXPIRES_AFTER';
UPDATE `mfaconfigurations` SET `value`='3' WHERE `MFA_id`='SECURE_ACCESS_CODE' and`MFAKey_id`='SAC_CODE_LENGTH';
UPDATE `mfaconfigurations` SET `value`='3' WHERE `MFA_id`='SECURE_ACCESS_CODE' and`MFAKey_id`='SAC_MAX_RESEND_REQUESTS_ALLOWED';
UPDATE `mfaconfigurations` SET `value`='true' WHERE `MFA_id`='SECURITY_QUESTIONS' and`MFAKey_id`='LOCK_USER';
UPDATE `mfaconfigurations` SET `value`='true' WHERE `MFA_id`='SECURITY_QUESTIONS' and`MFAKey_id`='LOGOUT_USER';
UPDATE `mfaconfigurations` SET `value`='3' WHERE `MFA_id`='SECURITY_QUESTIONS' and`MFAKey_id`='MAX_FAILED_ATTEMPTS_ALLOWED';
UPDATE `mfaconfigurations` SET `value`='2' WHERE `MFA_id`='SECURITY_QUESTIONS' and`MFAKey_id`='SQ_NUMBER_OF_QUESTION_ASKED';


UPDATE `service` SET `Name`='Transfer between Customer\'s Accounts' WHERE `id`='SERVICE_ID_2';
UPDATE `service` SET `Name`='Transfer between Customer\'s Accounts - Approve Transactions' WHERE `id`='SERVICE_ID_20';
UPDATE `service` SET `Name`='Transfer between Customer\'s Accounts - Create Transaction' WHERE `id`='SERVICE_ID_11';
UPDATE `service` SET `Name`='Transfer between Customer\'s Accounts - Manage Payees' WHERE `id`='SERVICE_ID_22';
UPDATE `service` SET `Name`='Transfer between Customer\'s Accounts - Self Approval' WHERE `id`='SERVICE_ID_21';
UPDATE `service` SET `Name`='Transfer between Customer\'s Accounts - View Transactions' WHERE `id`='SERVICE_ID_46';

UPDATE `requestcategory` SET `Name` = 'Debit Cards' WHERE (`id` = 'RCID_DEBITCARD');

UPDATE ignore `dashboardalerts` SET `Description` = 'Scheduled maintenance of the admin console is coming up on 31st June, 2018. Please ensure all messages are responded to correctly in accordance with the SLA' WHERE (`id` = 'DAID1');
UPDATE ignore `dashboardalerts` SET `Description` = 'Scheduled maintenance of the admin console is coming up on 31st June, 2018. Please ensure all messages are responded to correctly in accordance with the SLA' WHERE (`id` = 'DAID4');
UPDATE ignore `dashboardalerts` SET `Description` = 'Scheduled maintenance of the admin console is coming up on 31st June, 2018. Please ensure all messages are responded to correctly in accordance with the SLA' WHERE (`id` = 'DAID5');
UPDATE ignore `dashboardalerts` SET `Description` = 'The data center near NY was down for 10 mins on 16th May, 2018 which led to some transaction failures from the online and mobile banking applications' WHERE (`id` = 'DAID2');
UPDATE ignore `dashboardalerts` SET `Description` = 'The data center near NY was down for 10 mins on 16th May, 2018 which led to some transaction failures from the online and mobile banking applications' WHERE (`id` = 'DAID3');
UPDATE ignore `dashboardalerts` SET `Description` = 'The data center near NY was down for 10 mins on 16th May, 2018 which lead to some transaction failures from the online and mobile banking applications' WHERE (`id` = 'DAID6');

UPDATE ignore `outagemessage` SET `MessageText` = 'This service is currently unavailable due to a scheduled maintenance downtime and will be available on 12th January, 2018 at 02:00:00 PST. Inconvenience is regretted.' WHERE (`id` = 'OUT_MSG_3');
UPDATE ignore `outagemessage` SET `MessageText` = 'This service is currently unavailable and we are working on making this live soon. Inconvenience is regretted.' WHERE (`id` = 'OUT_MSG_2');

UPDATE ignore `faqs` SET `Answer` = 'You can use your username and password to log into the online banking app' WHERE (`id` = 'FAQ_ID3');
UPDATE ignore `faqs` SET `Question` = 'What do I need to enroll for mobile and online banking?', `Answer` = 'To enroll, you need to identify yourself by providing: \r 1. Last Name\r 2. SSN \r 3. Date of Birth \r Then validate with a Secure Access Code or Card CVV' WHERE (`id` = 'FAQ_ID1');

UPDATE ignore `faqs` SET `Question` = 'What do I need to enroll for mobile and online banking?', `Answer` ='To enroll, you need to identify yourself by providing: \r 1. Last Name\r 2. SSN \r 3. Date of Birth \r Then validate with a Secure Access Code or Card CVV' WHERE (`id` = 'FAQ_ID1');
UPDATE ignore `faqs` SET `Question` ='What are the login options available for the mobile banking app?' , `Answer` = 'You can use the following options: <br> 1. Username and Password <br> 2. Login PIN <br> 3. Facial Recognition <br> 4. Fingerprint/Touch ID on supported devices' WHERE (`id` = 'FAQ_ID2');
UPDATE ignore `faqs` SET `Question` = 'What are the login options available for the online banking application?', `Answer` = 'You can use your username and password to log into the online banking app' WHERE (`id` = 'FAQ_ID3');
UPDATE ignore `faqs` SET `Question` = 'I forgot my username? How can I login to the application?' , `Answer` = 'Click on Forgot and provide the information to identify yourself. Validate your identity with the Secure Access Code or Card CVV. If validated correctly, you\'ll be able to retreive your username.' WHERE (`id` = 'FAQ_ID4');
UPDATE ignore `faqs` SET `Question` ='I forgot my password? How can I login to the application?' , `Answer` = 'Click on Forgot and provide the information to identify yourself. Validate your identity with the Secure Access Code or Card CVV. If validated correctly, you\'lll be able to reset your password.' WHERE (`id` = 'FAQ_ID5');
UPDATE ignore `faqs` SET `Question` = 'Where can I find my account statement?' , `Answer` = 'Login to your mobile/online banking application. Select the required acccount and choose \"Account Statements\". Select the required period to get the account statement.' WHERE (`id` = 'FAQ_ID32');
UPDATE ignore `faqs` SET `Question` = 'Can I download my account statement?', `Answer` = 'Yes. You have the options to download, print or send the statement to your email.' WHERE (`id` = 'FAQ_ID34');
UPDATE ignore `faqs` SET `Question` = 'What are different card management options available online' , `Answer` ='Following are the options availabe to manage your card online:\r 1. Change PIN\r 2. Lock Card\r 3. Replace Card\r 4. Cancel Card\r 5. Report Stolen/Lost' WHERE (`id` = 'FAQ_ID38');
UPDATE ignore `faqs` SET `Question` ='How can I change my debit/credit card PIN online?' , `Answer` ='Login to your mobile/online banking application. Go to \"Manage Card\" section, select the required card and select \"Change PIN\" option. Provide the reason for chaning the PIN and confirm your request. You will receive a mail with new PIN.' WHERE (`id` = 'FAQ_ID39');


INSERT INTO `countrycode` (`id`, `Code`, `Name`, `ISDCode`, `createdby`, `modifiedby`, `createdts`, `lastmodifiedts`, `synctimestamp`, `softdeleteflag`) VALUES ('CON_ ABW',' ABW','Aruba','+297','Kony User','Kony Dev',CURRENT_TIMESTAMP,CURRENT_TIMESTAMP,CURRENT_TIMESTAMP,0);
INSERT INTO `countrycode` (`id`, `Code`, `Name`, `ISDCode`, `createdby`, `modifiedby`, `createdts`, `lastmodifiedts`, `synctimestamp`, `softdeleteflag`) VALUES ('CON_ AFG',' AFG','Afghanistan','+93','Kony User','Kony Dev',CURRENT_TIMESTAMP,CURRENT_TIMESTAMP,CURRENT_TIMESTAMP,0);
INSERT INTO `countrycode` (`id`, `Code`, `Name`, `ISDCode`, `createdby`, `modifiedby`, `createdts`, `lastmodifiedts`, `synctimestamp`, `softdeleteflag`) VALUES ('CON_ AGO',' AGO','Angola','+244','Kony User','Kony Dev',CURRENT_TIMESTAMP,CURRENT_TIMESTAMP,CURRENT_TIMESTAMP,0);
INSERT INTO `countrycode` (`id`, `Code`, `Name`, `ISDCode`, `createdby`, `modifiedby`, `createdts`, `lastmodifiedts`, `synctimestamp`, `softdeleteflag`) VALUES ('CON_ AIA',' AIA','Anguilla','+1-264','Kony User','Kony Dev',CURRENT_TIMESTAMP,CURRENT_TIMESTAMP,CURRENT_TIMESTAMP,0);
INSERT INTO `countrycode` (`id`, `Code`, `Name`, `ISDCode`, `createdby`, `modifiedby`, `createdts`, `lastmodifiedts`, `synctimestamp`, `softdeleteflag`) VALUES ('CON_ ALB',' ALB','Albania','+355','Kony User','Kony Dev',CURRENT_TIMESTAMP,CURRENT_TIMESTAMP,CURRENT_TIMESTAMP,0);
INSERT INTO `countrycode` (`id`, `Code`, `Name`, `ISDCode`, `createdby`, `modifiedby`, `createdts`, `lastmodifiedts`, `synctimestamp`, `softdeleteflag`) VALUES ('CON_ AND',' AND','Andorra','+376','Kony User','Kony Dev',CURRENT_TIMESTAMP,CURRENT_TIMESTAMP,CURRENT_TIMESTAMP,0);
INSERT INTO `countrycode` (`id`, `Code`, `Name`, `ISDCode`, `createdby`, `modifiedby`, `createdts`, `lastmodifiedts`, `synctimestamp`, `softdeleteflag`) VALUES ('CON_ ANT',' ANT','Netherlands Antilles','+599','Kony User','Kony Dev',CURRENT_TIMESTAMP,CURRENT_TIMESTAMP,CURRENT_TIMESTAMP,0);
INSERT INTO `countrycode` (`id`, `Code`, `Name`, `ISDCode`, `createdby`, `modifiedby`, `createdts`, `lastmodifiedts`, `synctimestamp`, `softdeleteflag`) VALUES ('CON_ ARE',' ARE','United Arab Emirates','+971','Kony User','Kony Dev',CURRENT_TIMESTAMP,CURRENT_TIMESTAMP,CURRENT_TIMESTAMP,0);
INSERT INTO `countrycode` (`id`, `Code`, `Name`, `ISDCode`, `createdby`, `modifiedby`, `createdts`, `lastmodifiedts`, `synctimestamp`, `softdeleteflag`) VALUES ('CON_ ARG',' ARG','Argentina','+54','Kony User','Kony Dev',CURRENT_TIMESTAMP,CURRENT_TIMESTAMP,CURRENT_TIMESTAMP,0);
INSERT INTO `countrycode` (`id`, `Code`, `Name`, `ISDCode`, `createdby`, `modifiedby`, `createdts`, `lastmodifiedts`, `synctimestamp`, `softdeleteflag`) VALUES ('CON_ ARM',' ARM','Armenia','+374','Kony User','Kony Dev',CURRENT_TIMESTAMP,CURRENT_TIMESTAMP,CURRENT_TIMESTAMP,0);
INSERT INTO `countrycode` (`id`, `Code`, `Name`, `ISDCode`, `createdby`, `modifiedby`, `createdts`, `lastmodifiedts`, `synctimestamp`, `softdeleteflag`) VALUES ('CON_ ASM',' ASM','American Samoa','+1-684','Kony User','Kony Dev',CURRENT_TIMESTAMP,CURRENT_TIMESTAMP,CURRENT_TIMESTAMP,0);
INSERT INTO `countrycode` (`id`, `Code`, `Name`, `ISDCode`, `createdby`, `modifiedby`, `createdts`, `lastmodifiedts`, `synctimestamp`, `softdeleteflag`) VALUES ('CON_ ATA',' ATA','Antarctica','+672','Kony User','Kony Dev',CURRENT_TIMESTAMP,CURRENT_TIMESTAMP,CURRENT_TIMESTAMP,0);
INSERT INTO `countrycode` (`id`, `Code`, `Name`, `ISDCode`, `createdby`, `modifiedby`, `createdts`, `lastmodifiedts`, `synctimestamp`, `softdeleteflag`) VALUES ('CON_ ATG',' ATG','Antigua and Barbuda','+1-268','Kony User','Kony Dev',CURRENT_TIMESTAMP,CURRENT_TIMESTAMP,CURRENT_TIMESTAMP,0);
INSERT INTO `countrycode` (`id`, `Code`, `Name`, `ISDCode`, `createdby`, `modifiedby`, `createdts`, `lastmodifiedts`, `synctimestamp`, `softdeleteflag`) VALUES ('CON_ AUS',' AUS','Australia','+61','Kony User','Kony Dev',CURRENT_TIMESTAMP,CURRENT_TIMESTAMP,CURRENT_TIMESTAMP,0);
INSERT INTO `countrycode` (`id`, `Code`, `Name`, `ISDCode`, `createdby`, `modifiedby`, `createdts`, `lastmodifiedts`, `synctimestamp`, `softdeleteflag`) VALUES ('CON_ AUT',' AUT','Austria','+43','Kony User','Kony Dev',CURRENT_TIMESTAMP,CURRENT_TIMESTAMP,CURRENT_TIMESTAMP,0);
INSERT INTO `countrycode` (`id`, `Code`, `Name`, `ISDCode`, `createdby`, `modifiedby`, `createdts`, `lastmodifiedts`, `synctimestamp`, `softdeleteflag`) VALUES ('CON_ AZE',' AZE','Azerbaijan','+994','Kony User','Kony Dev',CURRENT_TIMESTAMP,CURRENT_TIMESTAMP,CURRENT_TIMESTAMP,0);
INSERT INTO `countrycode` (`id`, `Code`, `Name`, `ISDCode`, `createdby`, `modifiedby`, `createdts`, `lastmodifiedts`, `synctimestamp`, `softdeleteflag`) VALUES ('CON_ BDI',' BDI','Burundi','+257','Kony User','Kony Dev',CURRENT_TIMESTAMP,CURRENT_TIMESTAMP,CURRENT_TIMESTAMP,0);
INSERT INTO `countrycode` (`id`, `Code`, `Name`, `ISDCode`, `createdby`, `modifiedby`, `createdts`, `lastmodifiedts`, `synctimestamp`, `softdeleteflag`) VALUES ('CON_ BEL',' BEL','Belgium','+32','Kony User','Kony Dev',CURRENT_TIMESTAMP,CURRENT_TIMESTAMP,CURRENT_TIMESTAMP,0);
INSERT INTO `countrycode` (`id`, `Code`, `Name`, `ISDCode`, `createdby`, `modifiedby`, `createdts`, `lastmodifiedts`, `synctimestamp`, `softdeleteflag`) VALUES ('CON_ BEN',' BEN','Benin','+229','Kony User','Kony Dev',CURRENT_TIMESTAMP,CURRENT_TIMESTAMP,CURRENT_TIMESTAMP,0);
INSERT INTO `countrycode` (`id`, `Code`, `Name`, `ISDCode`, `createdby`, `modifiedby`, `createdts`, `lastmodifiedts`, `synctimestamp`, `softdeleteflag`) VALUES ('CON_ BFA',' BFA','Burkina Faso','+226','Kony User','Kony Dev',CURRENT_TIMESTAMP,CURRENT_TIMESTAMP,CURRENT_TIMESTAMP,0);
INSERT INTO `countrycode` (`id`, `Code`, `Name`, `ISDCode`, `createdby`, `modifiedby`, `createdts`, `lastmodifiedts`, `synctimestamp`, `softdeleteflag`) VALUES ('CON_ BGD',' BGD','Bangladesh','+880','Kony User','Kony Dev',CURRENT_TIMESTAMP,CURRENT_TIMESTAMP,CURRENT_TIMESTAMP,0);
INSERT INTO `countrycode` (`id`, `Code`, `Name`, `ISDCode`, `createdby`, `modifiedby`, `createdts`, `lastmodifiedts`, `synctimestamp`, `softdeleteflag`) VALUES ('CON_ BGR',' BGR','Bulgaria','+359','Kony User','Kony Dev',CURRENT_TIMESTAMP,CURRENT_TIMESTAMP,CURRENT_TIMESTAMP,0);
INSERT INTO `countrycode` (`id`, `Code`, `Name`, `ISDCode`, `createdby`, `modifiedby`, `createdts`, `lastmodifiedts`, `synctimestamp`, `softdeleteflag`) VALUES ('CON_ BHR',' BHR','Bahrain','+973','Kony User','Kony Dev',CURRENT_TIMESTAMP,CURRENT_TIMESTAMP,CURRENT_TIMESTAMP,0);
INSERT INTO `countrycode` (`id`, `Code`, `Name`, `ISDCode`, `createdby`, `modifiedby`, `createdts`, `lastmodifiedts`, `synctimestamp`, `softdeleteflag`) VALUES ('CON_ BHS',' BHS','Bahamas','+1-242','Kony User','Kony Dev',CURRENT_TIMESTAMP,CURRENT_TIMESTAMP,CURRENT_TIMESTAMP,0);
INSERT INTO `countrycode` (`id`, `Code`, `Name`, `ISDCode`, `createdby`, `modifiedby`, `createdts`, `lastmodifiedts`, `synctimestamp`, `softdeleteflag`) VALUES ('CON_ BIH',' BIH','Bosnia and Herzegovina','+387','Kony User','Kony Dev',CURRENT_TIMESTAMP,CURRENT_TIMESTAMP,CURRENT_TIMESTAMP,0);
INSERT INTO `countrycode` (`id`, `Code`, `Name`, `ISDCode`, `createdby`, `modifiedby`, `createdts`, `lastmodifiedts`, `synctimestamp`, `softdeleteflag`) VALUES ('CON_ BLM',' BLM','Saint Barthelemy','+590','Kony User','Kony Dev',CURRENT_TIMESTAMP,CURRENT_TIMESTAMP,CURRENT_TIMESTAMP,0);
INSERT INTO `countrycode` (`id`, `Code`, `Name`, `ISDCode`, `createdby`, `modifiedby`, `createdts`, `lastmodifiedts`, `synctimestamp`, `softdeleteflag`) VALUES ('CON_ BLR',' BLR','Belarus','+375','Kony User','Kony Dev',CURRENT_TIMESTAMP,CURRENT_TIMESTAMP,CURRENT_TIMESTAMP,0);
INSERT INTO `countrycode` (`id`, `Code`, `Name`, `ISDCode`, `createdby`, `modifiedby`, `createdts`, `lastmodifiedts`, `synctimestamp`, `softdeleteflag`) VALUES ('CON_ BLZ',' BLZ','Belize','+501','Kony User','Kony Dev',CURRENT_TIMESTAMP,CURRENT_TIMESTAMP,CURRENT_TIMESTAMP,0);
INSERT INTO `countrycode` (`id`, `Code`, `Name`, `ISDCode`, `createdby`, `modifiedby`, `createdts`, `lastmodifiedts`, `synctimestamp`, `softdeleteflag`) VALUES ('CON_ BMU',' BMU','Bermuda','+1-441','Kony User','Kony Dev',CURRENT_TIMESTAMP,CURRENT_TIMESTAMP,CURRENT_TIMESTAMP,0);
INSERT INTO `countrycode` (`id`, `Code`, `Name`, `ISDCode`, `createdby`, `modifiedby`, `createdts`, `lastmodifiedts`, `synctimestamp`, `softdeleteflag`) VALUES ('CON_ BOL',' BOL','Bolivia','+591','Kony User','Kony Dev',CURRENT_TIMESTAMP,CURRENT_TIMESTAMP,CURRENT_TIMESTAMP,0);
INSERT INTO `countrycode` (`id`, `Code`, `Name`, `ISDCode`, `createdby`, `modifiedby`, `createdts`, `lastmodifiedts`, `synctimestamp`, `softdeleteflag`) VALUES ('CON_ BRA',' BRA','Brazil','+55','Kony User','Kony Dev',CURRENT_TIMESTAMP,CURRENT_TIMESTAMP,CURRENT_TIMESTAMP,0);
INSERT INTO `countrycode` (`id`, `Code`, `Name`, `ISDCode`, `createdby`, `modifiedby`, `createdts`, `lastmodifiedts`, `synctimestamp`, `softdeleteflag`) VALUES ('CON_ BRB',' BRB','Barbados','+1-246','Kony User','Kony Dev',CURRENT_TIMESTAMP,CURRENT_TIMESTAMP,CURRENT_TIMESTAMP,0);
INSERT INTO `countrycode` (`id`, `Code`, `Name`, `ISDCode`, `createdby`, `modifiedby`, `createdts`, `lastmodifiedts`, `synctimestamp`, `softdeleteflag`) VALUES ('CON_ BRN',' BRN','Brunei','+673','Kony User','Kony Dev',CURRENT_TIMESTAMP,CURRENT_TIMESTAMP,CURRENT_TIMESTAMP,0);
INSERT INTO `countrycode` (`id`, `Code`, `Name`, `ISDCode`, `createdby`, `modifiedby`, `createdts`, `lastmodifiedts`, `synctimestamp`, `softdeleteflag`) VALUES ('CON_ BTN',' BTN','Bhutan','+975','Kony User','Kony Dev',CURRENT_TIMESTAMP,CURRENT_TIMESTAMP,CURRENT_TIMESTAMP,0);
INSERT INTO `countrycode` (`id`, `Code`, `Name`, `ISDCode`, `createdby`, `modifiedby`, `createdts`, `lastmodifiedts`, `synctimestamp`, `softdeleteflag`) VALUES ('CON_ BWA',' BWA','Botswana','+267','Kony User','Kony Dev',CURRENT_TIMESTAMP,CURRENT_TIMESTAMP,CURRENT_TIMESTAMP,0);
INSERT INTO `countrycode` (`id`, `Code`, `Name`, `ISDCode`, `createdby`, `modifiedby`, `createdts`, `lastmodifiedts`, `synctimestamp`, `softdeleteflag`) VALUES ('CON_ CAF',' CAF','Central African Republic','+236','Kony User','Kony Dev',CURRENT_TIMESTAMP,CURRENT_TIMESTAMP,CURRENT_TIMESTAMP,0);
INSERT INTO `countrycode` (`id`, `Code`, `Name`, `ISDCode`, `createdby`, `modifiedby`, `createdts`, `lastmodifiedts`, `synctimestamp`, `softdeleteflag`) VALUES ('CON_ CAN',' CAN','Canada','+1','Kony User','Kony Dev',CURRENT_TIMESTAMP,CURRENT_TIMESTAMP,CURRENT_TIMESTAMP,0);
INSERT INTO `countrycode` (`id`, `Code`, `Name`, `ISDCode`, `createdby`, `modifiedby`, `createdts`, `lastmodifiedts`, `synctimestamp`, `softdeleteflag`) VALUES ('CON_ CCK',' CCK','Cocos Islands','+61','Kony User','Kony Dev',CURRENT_TIMESTAMP,CURRENT_TIMESTAMP,CURRENT_TIMESTAMP,0);
INSERT INTO `countrycode` (`id`, `Code`, `Name`, `ISDCode`, `createdby`, `modifiedby`, `createdts`, `lastmodifiedts`, `synctimestamp`, `softdeleteflag`) VALUES ('CON_ CHE',' CHE','Switzerland','+41','Kony User','Kony Dev',CURRENT_TIMESTAMP,CURRENT_TIMESTAMP,CURRENT_TIMESTAMP,0);
INSERT INTO `countrycode` (`id`, `Code`, `Name`, `ISDCode`, `createdby`, `modifiedby`, `createdts`, `lastmodifiedts`, `synctimestamp`, `softdeleteflag`) VALUES ('CON_ CHL',' CHL','Chile','+56','Kony User','Kony Dev',CURRENT_TIMESTAMP,CURRENT_TIMESTAMP,CURRENT_TIMESTAMP,0);
INSERT INTO `countrycode` (`id`, `Code`, `Name`, `ISDCode`, `createdby`, `modifiedby`, `createdts`, `lastmodifiedts`, `synctimestamp`, `softdeleteflag`) VALUES ('CON_ CHN',' CHN','China','+86','Kony User','Kony Dev',CURRENT_TIMESTAMP,CURRENT_TIMESTAMP,CURRENT_TIMESTAMP,0);
INSERT INTO `countrycode` (`id`, `Code`, `Name`, `ISDCode`, `createdby`, `modifiedby`, `createdts`, `lastmodifiedts`, `synctimestamp`, `softdeleteflag`) VALUES ('CON_ CIV',' CIV','Ivory Coast','+225','Kony User','Kony Dev',CURRENT_TIMESTAMP,CURRENT_TIMESTAMP,CURRENT_TIMESTAMP,0);
INSERT INTO `countrycode` (`id`, `Code`, `Name`, `ISDCode`, `createdby`, `modifiedby`, `createdts`, `lastmodifiedts`, `synctimestamp`, `softdeleteflag`) VALUES ('CON_ CMR',' CMR','Cameroon','+237','Kony User','Kony Dev',CURRENT_TIMESTAMP,CURRENT_TIMESTAMP,CURRENT_TIMESTAMP,0);
INSERT INTO `countrycode` (`id`, `Code`, `Name`, `ISDCode`, `createdby`, `modifiedby`, `createdts`, `lastmodifiedts`, `synctimestamp`, `softdeleteflag`) VALUES ('CON_ COD',' COD','Democratic Republic of the Congo','+243','Kony User','Kony Dev',CURRENT_TIMESTAMP,CURRENT_TIMESTAMP,CURRENT_TIMESTAMP,0);
INSERT INTO `countrycode` (`id`, `Code`, `Name`, `ISDCode`, `createdby`, `modifiedby`, `createdts`, `lastmodifiedts`, `synctimestamp`, `softdeleteflag`) VALUES ('CON_ COG',' COG','Republic of the Congo','+242','Kony User','Kony Dev',CURRENT_TIMESTAMP,CURRENT_TIMESTAMP,CURRENT_TIMESTAMP,0);
INSERT INTO `countrycode` (`id`, `Code`, `Name`, `ISDCode`, `createdby`, `modifiedby`, `createdts`, `lastmodifiedts`, `synctimestamp`, `softdeleteflag`) VALUES ('CON_ COK',' COK','Cook Islands','+682','Kony User','Kony Dev',CURRENT_TIMESTAMP,CURRENT_TIMESTAMP,CURRENT_TIMESTAMP,0);
INSERT INTO `countrycode` (`id`, `Code`, `Name`, `ISDCode`, `createdby`, `modifiedby`, `createdts`, `lastmodifiedts`, `synctimestamp`, `softdeleteflag`) VALUES ('CON_ COL',' COL','Colombia','+57','Kony User','Kony Dev',CURRENT_TIMESTAMP,CURRENT_TIMESTAMP,CURRENT_TIMESTAMP,0);
INSERT INTO `countrycode` (`id`, `Code`, `Name`, `ISDCode`, `createdby`, `modifiedby`, `createdts`, `lastmodifiedts`, `synctimestamp`, `softdeleteflag`) VALUES ('CON_ COM',' COM','Comoros','+269','Kony User','Kony Dev',CURRENT_TIMESTAMP,CURRENT_TIMESTAMP,CURRENT_TIMESTAMP,0);
INSERT INTO `countrycode` (`id`, `Code`, `Name`, `ISDCode`, `createdby`, `modifiedby`, `createdts`, `lastmodifiedts`, `synctimestamp`, `softdeleteflag`) VALUES ('CON_ CPV',' CPV','Cape Verde','+238','Kony User','Kony Dev',CURRENT_TIMESTAMP,CURRENT_TIMESTAMP,CURRENT_TIMESTAMP,0);
INSERT INTO `countrycode` (`id`, `Code`, `Name`, `ISDCode`, `createdby`, `modifiedby`, `createdts`, `lastmodifiedts`, `synctimestamp`, `softdeleteflag`) VALUES ('CON_ CRI',' CRI','Costa Rica','+506','Kony User','Kony Dev',CURRENT_TIMESTAMP,CURRENT_TIMESTAMP,CURRENT_TIMESTAMP,0);
INSERT INTO `countrycode` (`id`, `Code`, `Name`, `ISDCode`, `createdby`, `modifiedby`, `createdts`, `lastmodifiedts`, `synctimestamp`, `softdeleteflag`) VALUES ('CON_ CUB',' CUB','Cuba','+53','Kony User','Kony Dev',CURRENT_TIMESTAMP,CURRENT_TIMESTAMP,CURRENT_TIMESTAMP,0);
INSERT INTO `countrycode` (`id`, `Code`, `Name`, `ISDCode`, `createdby`, `modifiedby`, `createdts`, `lastmodifiedts`, `synctimestamp`, `softdeleteflag`) VALUES ('CON_ CUW',' CUW','Curacao','+599','Kony User','Kony Dev',CURRENT_TIMESTAMP,CURRENT_TIMESTAMP,CURRENT_TIMESTAMP,0);
INSERT INTO `countrycode` (`id`, `Code`, `Name`, `ISDCode`, `createdby`, `modifiedby`, `createdts`, `lastmodifiedts`, `synctimestamp`, `softdeleteflag`) VALUES ('CON_ CXR',' CXR','Christmas Island','+61','Kony User','Kony Dev',CURRENT_TIMESTAMP,CURRENT_TIMESTAMP,CURRENT_TIMESTAMP,0);
INSERT INTO `countrycode` (`id`, `Code`, `Name`, `ISDCode`, `createdby`, `modifiedby`, `createdts`, `lastmodifiedts`, `synctimestamp`, `softdeleteflag`) VALUES ('CON_ CYM',' CYM','Cayman Islands','+1-345','Kony User','Kony Dev',CURRENT_TIMESTAMP,CURRENT_TIMESTAMP,CURRENT_TIMESTAMP,0);
INSERT INTO `countrycode` (`id`, `Code`, `Name`, `ISDCode`, `createdby`, `modifiedby`, `createdts`, `lastmodifiedts`, `synctimestamp`, `softdeleteflag`) VALUES ('CON_ CYP',' CYP','Cyprus','+357','Kony User','Kony Dev',CURRENT_TIMESTAMP,CURRENT_TIMESTAMP,CURRENT_TIMESTAMP,0);
INSERT INTO `countrycode` (`id`, `Code`, `Name`, `ISDCode`, `createdby`, `modifiedby`, `createdts`, `lastmodifiedts`, `synctimestamp`, `softdeleteflag`) VALUES ('CON_ CZE',' CZE','Czech Republic','+420','Kony User','Kony Dev',CURRENT_TIMESTAMP,CURRENT_TIMESTAMP,CURRENT_TIMESTAMP,0);
INSERT INTO `countrycode` (`id`, `Code`, `Name`, `ISDCode`, `createdby`, `modifiedby`, `createdts`, `lastmodifiedts`, `synctimestamp`, `softdeleteflag`) VALUES ('CON_ DEU',' DEU','Germany','+49','Kony User','Kony Dev',CURRENT_TIMESTAMP,CURRENT_TIMESTAMP,CURRENT_TIMESTAMP,0);
INSERT INTO `countrycode` (`id`, `Code`, `Name`, `ISDCode`, `createdby`, `modifiedby`, `createdts`, `lastmodifiedts`, `synctimestamp`, `softdeleteflag`) VALUES ('CON_ DJI',' DJI','Djibouti','+253','Kony User','Kony Dev',CURRENT_TIMESTAMP,CURRENT_TIMESTAMP,CURRENT_TIMESTAMP,0);
INSERT INTO `countrycode` (`id`, `Code`, `Name`, `ISDCode`, `createdby`, `modifiedby`, `createdts`, `lastmodifiedts`, `synctimestamp`, `softdeleteflag`) VALUES ('CON_ DMA',' DMA','Dominica','+1-767','Kony User','Kony Dev',CURRENT_TIMESTAMP,CURRENT_TIMESTAMP,CURRENT_TIMESTAMP,0);
INSERT INTO `countrycode` (`id`, `Code`, `Name`, `ISDCode`, `createdby`, `modifiedby`, `createdts`, `lastmodifiedts`, `synctimestamp`, `softdeleteflag`) VALUES ('CON_ DNK',' DNK','Denmark','+45','Kony User','Kony Dev',CURRENT_TIMESTAMP,CURRENT_TIMESTAMP,CURRENT_TIMESTAMP,0);
INSERT INTO `countrycode` (`id`, `Code`, `Name`, `ISDCode`, `createdby`, `modifiedby`, `createdts`, `lastmodifiedts`, `synctimestamp`, `softdeleteflag`) VALUES ('CON_ DOM',' DOM','Dominican Republic','+1','Kony User','Kony Dev',CURRENT_TIMESTAMP,CURRENT_TIMESTAMP,CURRENT_TIMESTAMP,0);
INSERT INTO `countrycode` (`id`, `Code`, `Name`, `ISDCode`, `createdby`, `modifiedby`, `createdts`, `lastmodifiedts`, `synctimestamp`, `softdeleteflag`) VALUES ('CON_ DZA',' DZA','Algeria','+213','Kony User','Kony Dev',CURRENT_TIMESTAMP,CURRENT_TIMESTAMP,CURRENT_TIMESTAMP,0);
INSERT INTO `countrycode` (`id`, `Code`, `Name`, `ISDCode`, `createdby`, `modifiedby`, `createdts`, `lastmodifiedts`, `synctimestamp`, `softdeleteflag`) VALUES ('CON_ ECU',' ECU','Ecuador','+593','Kony User','Kony Dev',CURRENT_TIMESTAMP,CURRENT_TIMESTAMP,CURRENT_TIMESTAMP,0);
INSERT INTO `countrycode` (`id`, `Code`, `Name`, `ISDCode`, `createdby`, `modifiedby`, `createdts`, `lastmodifiedts`, `synctimestamp`, `softdeleteflag`) VALUES ('CON_ EGY',' EGY','Egypt','+20','Kony User','Kony Dev',CURRENT_TIMESTAMP,CURRENT_TIMESTAMP,CURRENT_TIMESTAMP,0);
INSERT INTO `countrycode` (`id`, `Code`, `Name`, `ISDCode`, `createdby`, `modifiedby`, `createdts`, `lastmodifiedts`, `synctimestamp`, `softdeleteflag`) VALUES ('CON_ ERI',' ERI','Eritrea','+291','Kony User','Kony Dev',CURRENT_TIMESTAMP,CURRENT_TIMESTAMP,CURRENT_TIMESTAMP,0);
INSERT INTO `countrycode` (`id`, `Code`, `Name`, `ISDCode`, `createdby`, `modifiedby`, `createdts`, `lastmodifiedts`, `synctimestamp`, `softdeleteflag`) VALUES ('CON_ ESH',' ESH','Western Sahara','+212','Kony User','Kony Dev',CURRENT_TIMESTAMP,CURRENT_TIMESTAMP,CURRENT_TIMESTAMP,0);
INSERT INTO `countrycode` (`id`, `Code`, `Name`, `ISDCode`, `createdby`, `modifiedby`, `createdts`, `lastmodifiedts`, `synctimestamp`, `softdeleteflag`) VALUES ('CON_ ESP',' ESP','Spain','+34','Kony User','Kony Dev',CURRENT_TIMESTAMP,CURRENT_TIMESTAMP,CURRENT_TIMESTAMP,0);
INSERT INTO `countrycode` (`id`, `Code`, `Name`, `ISDCode`, `createdby`, `modifiedby`, `createdts`, `lastmodifiedts`, `synctimestamp`, `softdeleteflag`) VALUES ('CON_ EST',' EST','Estonia','+372','Kony User','Kony Dev',CURRENT_TIMESTAMP,CURRENT_TIMESTAMP,CURRENT_TIMESTAMP,0);
INSERT INTO `countrycode` (`id`, `Code`, `Name`, `ISDCode`, `createdby`, `modifiedby`, `createdts`, `lastmodifiedts`, `synctimestamp`, `softdeleteflag`) VALUES ('CON_ ETH',' ETH','Ethiopia','+251','Kony User','Kony Dev',CURRENT_TIMESTAMP,CURRENT_TIMESTAMP,CURRENT_TIMESTAMP,0);
INSERT INTO `countrycode` (`id`, `Code`, `Name`, `ISDCode`, `createdby`, `modifiedby`, `createdts`, `lastmodifiedts`, `synctimestamp`, `softdeleteflag`) VALUES ('CON_ FIN',' FIN','Finland','+358','Kony User','Kony Dev',CURRENT_TIMESTAMP,CURRENT_TIMESTAMP,CURRENT_TIMESTAMP,0);
INSERT INTO `countrycode` (`id`, `Code`, `Name`, `ISDCode`, `createdby`, `modifiedby`, `createdts`, `lastmodifiedts`, `synctimestamp`, `softdeleteflag`) VALUES ('CON_ FJI',' FJI','Fiji','+679','Kony User','Kony Dev',CURRENT_TIMESTAMP,CURRENT_TIMESTAMP,CURRENT_TIMESTAMP,0);
INSERT INTO `countrycode` (`id`, `Code`, `Name`, `ISDCode`, `createdby`, `modifiedby`, `createdts`, `lastmodifiedts`, `synctimestamp`, `softdeleteflag`) VALUES ('CON_ FLK',' FLK','Falkland Islands','+500','Kony User','Kony Dev',CURRENT_TIMESTAMP,CURRENT_TIMESTAMP,CURRENT_TIMESTAMP,0);
INSERT INTO `countrycode` (`id`, `Code`, `Name`, `ISDCode`, `createdby`, `modifiedby`, `createdts`, `lastmodifiedts`, `synctimestamp`, `softdeleteflag`) VALUES ('CON_ FRA',' FRA','France','+33','Kony User','Kony Dev',CURRENT_TIMESTAMP,CURRENT_TIMESTAMP,CURRENT_TIMESTAMP,0);
INSERT INTO `countrycode` (`id`, `Code`, `Name`, `ISDCode`, `createdby`, `modifiedby`, `createdts`, `lastmodifiedts`, `synctimestamp`, `softdeleteflag`) VALUES ('CON_ FRO',' FRO','Faroe Islands','+298','Kony User','Kony Dev',CURRENT_TIMESTAMP,CURRENT_TIMESTAMP,CURRENT_TIMESTAMP,0);
INSERT INTO `countrycode` (`id`, `Code`, `Name`, `ISDCode`, `createdby`, `modifiedby`, `createdts`, `lastmodifiedts`, `synctimestamp`, `softdeleteflag`) VALUES ('CON_ FSM',' FSM','Micronesia','+691','Kony User','Kony Dev',CURRENT_TIMESTAMP,CURRENT_TIMESTAMP,CURRENT_TIMESTAMP,0);
INSERT INTO `countrycode` (`id`, `Code`, `Name`, `ISDCode`, `createdby`, `modifiedby`, `createdts`, `lastmodifiedts`, `synctimestamp`, `softdeleteflag`) VALUES ('CON_ GAB',' GAB','Gabon','+241','Kony User','Kony Dev',CURRENT_TIMESTAMP,CURRENT_TIMESTAMP,CURRENT_TIMESTAMP,0);
INSERT INTO `countrycode` (`id`, `Code`, `Name`, `ISDCode`, `createdby`, `modifiedby`, `createdts`, `lastmodifiedts`, `synctimestamp`, `softdeleteflag`) VALUES ('CON_ GBR',' GBR','United Kingdom','+44','Kony User','Kony Dev',CURRENT_TIMESTAMP,CURRENT_TIMESTAMP,CURRENT_TIMESTAMP,0);
INSERT INTO `countrycode` (`id`, `Code`, `Name`, `ISDCode`, `createdby`, `modifiedby`, `createdts`, `lastmodifiedts`, `synctimestamp`, `softdeleteflag`) VALUES ('CON_ GEO',' GEO','Georgia','+995','Kony User','Kony Dev',CURRENT_TIMESTAMP,CURRENT_TIMESTAMP,CURRENT_TIMESTAMP,0);
INSERT INTO `countrycode` (`id`, `Code`, `Name`, `ISDCode`, `createdby`, `modifiedby`, `createdts`, `lastmodifiedts`, `synctimestamp`, `softdeleteflag`) VALUES ('CON_ GHA',' GHA','Ghana','+233','Kony User','Kony Dev',CURRENT_TIMESTAMP,CURRENT_TIMESTAMP,CURRENT_TIMESTAMP,0);
INSERT INTO `countrycode` (`id`, `Code`, `Name`, `ISDCode`, `createdby`, `modifiedby`, `createdts`, `lastmodifiedts`, `synctimestamp`, `softdeleteflag`) VALUES ('CON_ GIB',' GIB','Gibraltar','+350','Kony User','Kony Dev',CURRENT_TIMESTAMP,CURRENT_TIMESTAMP,CURRENT_TIMESTAMP,0);
INSERT INTO `countrycode` (`id`, `Code`, `Name`, `ISDCode`, `createdby`, `modifiedby`, `createdts`, `lastmodifiedts`, `synctimestamp`, `softdeleteflag`) VALUES ('CON_ GIN',' GIN','Guinea','+224','Kony User','Kony Dev',CURRENT_TIMESTAMP,CURRENT_TIMESTAMP,CURRENT_TIMESTAMP,0);
INSERT INTO `countrycode` (`id`, `Code`, `Name`, `ISDCode`, `createdby`, `modifiedby`, `createdts`, `lastmodifiedts`, `synctimestamp`, `softdeleteflag`) VALUES ('CON_ GMB',' GMB','Gambia','+220','Kony User','Kony Dev',CURRENT_TIMESTAMP,CURRENT_TIMESTAMP,CURRENT_TIMESTAMP,0);
INSERT INTO `countrycode` (`id`, `Code`, `Name`, `ISDCode`, `createdby`, `modifiedby`, `createdts`, `lastmodifiedts`, `synctimestamp`, `softdeleteflag`) VALUES ('CON_ GNB',' GNB','Guinea-Bissau','+245','Kony User','Kony Dev',CURRENT_TIMESTAMP,CURRENT_TIMESTAMP,CURRENT_TIMESTAMP,0);
INSERT INTO `countrycode` (`id`, `Code`, `Name`, `ISDCode`, `createdby`, `modifiedby`, `createdts`, `lastmodifiedts`, `synctimestamp`, `softdeleteflag`) VALUES ('CON_ GNQ',' GNQ','Equatorial Guinea','+240','Kony User','Kony Dev',CURRENT_TIMESTAMP,CURRENT_TIMESTAMP,CURRENT_TIMESTAMP,0);
INSERT INTO `countrycode` (`id`, `Code`, `Name`, `ISDCode`, `createdby`, `modifiedby`, `createdts`, `lastmodifiedts`, `synctimestamp`, `softdeleteflag`) VALUES ('CON_ GRC',' GRC','Greece','+30','Kony User','Kony Dev',CURRENT_TIMESTAMP,CURRENT_TIMESTAMP,CURRENT_TIMESTAMP,0);
INSERT INTO `countrycode` (`id`, `Code`, `Name`, `ISDCode`, `createdby`, `modifiedby`, `createdts`, `lastmodifiedts`, `synctimestamp`, `softdeleteflag`) VALUES ('CON_ GRD',' GRD','Grenada','+1-473','Kony User','Kony Dev',CURRENT_TIMESTAMP,CURRENT_TIMESTAMP,CURRENT_TIMESTAMP,0);
INSERT INTO `countrycode` (`id`, `Code`, `Name`, `ISDCode`, `createdby`, `modifiedby`, `createdts`, `lastmodifiedts`, `synctimestamp`, `softdeleteflag`) VALUES ('CON_ GRL',' GRL','Greenland','+299','Kony User','Kony Dev',CURRENT_TIMESTAMP,CURRENT_TIMESTAMP,CURRENT_TIMESTAMP,0);
INSERT INTO `countrycode` (`id`, `Code`, `Name`, `ISDCode`, `createdby`, `modifiedby`, `createdts`, `lastmodifiedts`, `synctimestamp`, `softdeleteflag`) VALUES ('CON_ GTM',' GTM','Guatemala','+502','Kony User','Kony Dev',CURRENT_TIMESTAMP,CURRENT_TIMESTAMP,CURRENT_TIMESTAMP,0);
INSERT INTO `countrycode` (`id`, `Code`, `Name`, `ISDCode`, `createdby`, `modifiedby`, `createdts`, `lastmodifiedts`, `synctimestamp`, `softdeleteflag`) VALUES ('CON_ GUM',' GUM','Guam','+1-671','Kony User','Kony Dev',CURRENT_TIMESTAMP,CURRENT_TIMESTAMP,CURRENT_TIMESTAMP,0);
INSERT INTO `countrycode` (`id`, `Code`, `Name`, `ISDCode`, `createdby`, `modifiedby`, `createdts`, `lastmodifiedts`, `synctimestamp`, `softdeleteflag`) VALUES ('CON_ GUY',' GUY','Guyana','+592','Kony User','Kony Dev',CURRENT_TIMESTAMP,CURRENT_TIMESTAMP,CURRENT_TIMESTAMP,0);
INSERT INTO `countrycode` (`id`, `Code`, `Name`, `ISDCode`, `createdby`, `modifiedby`, `createdts`, `lastmodifiedts`, `synctimestamp`, `softdeleteflag`) VALUES ('CON_ HKG',' HKG','Hong Kong','+852','Kony User','Kony Dev',CURRENT_TIMESTAMP,CURRENT_TIMESTAMP,CURRENT_TIMESTAMP,0);
INSERT INTO `countrycode` (`id`, `Code`, `Name`, `ISDCode`, `createdby`, `modifiedby`, `createdts`, `lastmodifiedts`, `synctimestamp`, `softdeleteflag`) VALUES ('CON_ HND',' HND','Honduras','+504','Kony User','Kony Dev',CURRENT_TIMESTAMP,CURRENT_TIMESTAMP,CURRENT_TIMESTAMP,0);
INSERT INTO `countrycode` (`id`, `Code`, `Name`, `ISDCode`, `createdby`, `modifiedby`, `createdts`, `lastmodifiedts`, `synctimestamp`, `softdeleteflag`) VALUES ('CON_ HRV',' HRV','Croatia','+385','Kony User','Kony Dev',CURRENT_TIMESTAMP,CURRENT_TIMESTAMP,CURRENT_TIMESTAMP,0);
INSERT INTO `countrycode` (`id`, `Code`, `Name`, `ISDCode`, `createdby`, `modifiedby`, `createdts`, `lastmodifiedts`, `synctimestamp`, `softdeleteflag`) VALUES ('CON_ HTI',' HTI','Haiti','+509','Kony User','Kony Dev',CURRENT_TIMESTAMP,CURRENT_TIMESTAMP,CURRENT_TIMESTAMP,0);
INSERT INTO `countrycode` (`id`, `Code`, `Name`, `ISDCode`, `createdby`, `modifiedby`, `createdts`, `lastmodifiedts`, `synctimestamp`, `softdeleteflag`) VALUES ('CON_ HUN',' HUN','Hungary','+36','Kony User','Kony Dev',CURRENT_TIMESTAMP,CURRENT_TIMESTAMP,CURRENT_TIMESTAMP,0);
INSERT INTO `countrycode` (`id`, `Code`, `Name`, `ISDCode`, `createdby`, `modifiedby`, `createdts`, `lastmodifiedts`, `synctimestamp`, `softdeleteflag`) VALUES ('CON_ IDN',' IDN','Indonesia','+62','Kony User','Kony Dev',CURRENT_TIMESTAMP,CURRENT_TIMESTAMP,CURRENT_TIMESTAMP,0);
INSERT INTO `countrycode` (`id`, `Code`, `Name`, `ISDCode`, `createdby`, `modifiedby`, `createdts`, `lastmodifiedts`, `synctimestamp`, `softdeleteflag`) VALUES ('CON_ IND',' IND','India','+91','Kony User','Kony Dev',CURRENT_TIMESTAMP,CURRENT_TIMESTAMP,CURRENT_TIMESTAMP,0);
INSERT INTO `countrycode` (`id`, `Code`, `Name`, `ISDCode`, `createdby`, `modifiedby`, `createdts`, `lastmodifiedts`, `synctimestamp`, `softdeleteflag`) VALUES ('CON_ IOT',' IOT','British Indian Ocean Territory','+246','Kony User','Kony Dev',CURRENT_TIMESTAMP,CURRENT_TIMESTAMP,CURRENT_TIMESTAMP,0);
INSERT INTO `countrycode` (`id`, `Code`, `Name`, `ISDCode`, `createdby`, `modifiedby`, `createdts`, `lastmodifiedts`, `synctimestamp`, `softdeleteflag`) VALUES ('CON_ IRL',' IRL','Ireland','+353','Kony User','Kony Dev',CURRENT_TIMESTAMP,CURRENT_TIMESTAMP,CURRENT_TIMESTAMP,0);
INSERT INTO `countrycode` (`id`, `Code`, `Name`, `ISDCode`, `createdby`, `modifiedby`, `createdts`, `lastmodifiedts`, `synctimestamp`, `softdeleteflag`) VALUES ('CON_ IRN',' IRN','Iran','+98','Kony User','Kony Dev',CURRENT_TIMESTAMP,CURRENT_TIMESTAMP,CURRENT_TIMESTAMP,0);
INSERT INTO `countrycode` (`id`, `Code`, `Name`, `ISDCode`, `createdby`, `modifiedby`, `createdts`, `lastmodifiedts`, `synctimestamp`, `softdeleteflag`) VALUES ('CON_ IRQ',' IRQ','Iraq','+964','Kony User','Kony Dev',CURRENT_TIMESTAMP,CURRENT_TIMESTAMP,CURRENT_TIMESTAMP,0);
INSERT INTO `countrycode` (`id`, `Code`, `Name`, `ISDCode`, `createdby`, `modifiedby`, `createdts`, `lastmodifiedts`, `synctimestamp`, `softdeleteflag`) VALUES ('CON_ ISL',' ISL','Iceland','+354','Kony User','Kony Dev',CURRENT_TIMESTAMP,CURRENT_TIMESTAMP,CURRENT_TIMESTAMP,0);
INSERT INTO `countrycode` (`id`, `Code`, `Name`, `ISDCode`, `createdby`, `modifiedby`, `createdts`, `lastmodifiedts`, `synctimestamp`, `softdeleteflag`) VALUES ('CON_ ISR',' ISR','Israel','+972','Kony User','Kony Dev',CURRENT_TIMESTAMP,CURRENT_TIMESTAMP,CURRENT_TIMESTAMP,0);
INSERT INTO `countrycode` (`id`, `Code`, `Name`, `ISDCode`, `createdby`, `modifiedby`, `createdts`, `lastmodifiedts`, `synctimestamp`, `softdeleteflag`) VALUES ('CON_ ITA',' ITA','Italy','+39','Kony User','Kony Dev',CURRENT_TIMESTAMP,CURRENT_TIMESTAMP,CURRENT_TIMESTAMP,0);
INSERT INTO `countrycode` (`id`, `Code`, `Name`, `ISDCode`, `createdby`, `modifiedby`, `createdts`, `lastmodifiedts`, `synctimestamp`, `softdeleteflag`) VALUES ('CON_ JAM',' JAM','Jamaica','+1-876','Kony User','Kony Dev',CURRENT_TIMESTAMP,CURRENT_TIMESTAMP,CURRENT_TIMESTAMP,0);
INSERT INTO `countrycode` (`id`, `Code`, `Name`, `ISDCode`, `createdby`, `modifiedby`, `createdts`, `lastmodifiedts`, `synctimestamp`, `softdeleteflag`) VALUES ('CON_ JOR',' JOR','Jordan','+962','Kony User','Kony Dev',CURRENT_TIMESTAMP,CURRENT_TIMESTAMP,CURRENT_TIMESTAMP,0);
INSERT INTO `countrycode` (`id`, `Code`, `Name`, `ISDCode`, `createdby`, `modifiedby`, `createdts`, `lastmodifiedts`, `synctimestamp`, `softdeleteflag`) VALUES ('CON_ JPN',' JPN','Japan','+81','Kony User','Kony Dev',CURRENT_TIMESTAMP,CURRENT_TIMESTAMP,CURRENT_TIMESTAMP,0);
INSERT INTO `countrycode` (`id`, `Code`, `Name`, `ISDCode`, `createdby`, `modifiedby`, `createdts`, `lastmodifiedts`, `synctimestamp`, `softdeleteflag`) VALUES ('CON_ KAZ',' KAZ','Kazakhstan','+7','Kony User','Kony Dev',CURRENT_TIMESTAMP,CURRENT_TIMESTAMP,CURRENT_TIMESTAMP,0);
INSERT INTO `countrycode` (`id`, `Code`, `Name`, `ISDCode`, `createdby`, `modifiedby`, `createdts`, `lastmodifiedts`, `synctimestamp`, `softdeleteflag`) VALUES ('CON_ KEN',' KEN','Kenya','+254','Kony User','Kony Dev',CURRENT_TIMESTAMP,CURRENT_TIMESTAMP,CURRENT_TIMESTAMP,0);
INSERT INTO `countrycode` (`id`, `Code`, `Name`, `ISDCode`, `createdby`, `modifiedby`, `createdts`, `lastmodifiedts`, `synctimestamp`, `softdeleteflag`) VALUES ('CON_ KGZ',' KGZ','Kyrgyzstan','+996','Kony User','Kony Dev',CURRENT_TIMESTAMP,CURRENT_TIMESTAMP,CURRENT_TIMESTAMP,0);
INSERT INTO `countrycode` (`id`, `Code`, `Name`, `ISDCode`, `createdby`, `modifiedby`, `createdts`, `lastmodifiedts`, `synctimestamp`, `softdeleteflag`) VALUES ('CON_ KHM',' KHM','Cambodia','+855','Kony User','Kony Dev',CURRENT_TIMESTAMP,CURRENT_TIMESTAMP,CURRENT_TIMESTAMP,0);
INSERT INTO `countrycode` (`id`, `Code`, `Name`, `ISDCode`, `createdby`, `modifiedby`, `createdts`, `lastmodifiedts`, `synctimestamp`, `softdeleteflag`) VALUES ('CON_ KIR',' KIR','Kiribati','+686','Kony User','Kony Dev',CURRENT_TIMESTAMP,CURRENT_TIMESTAMP,CURRENT_TIMESTAMP,0);
INSERT INTO `countrycode` (`id`, `Code`, `Name`, `ISDCode`, `createdby`, `modifiedby`, `createdts`, `lastmodifiedts`, `synctimestamp`, `softdeleteflag`) VALUES ('CON_ KNA',' KNA','Saint Kitts and Nevis','+1-869','Kony User','Kony Dev',CURRENT_TIMESTAMP,CURRENT_TIMESTAMP,CURRENT_TIMESTAMP,0);
INSERT INTO `countrycode` (`id`, `Code`, `Name`, `ISDCode`, `createdby`, `modifiedby`, `createdts`, `lastmodifiedts`, `synctimestamp`, `softdeleteflag`) VALUES ('CON_ KOR',' KOR','South Korea','+82','Kony User','Kony Dev',CURRENT_TIMESTAMP,CURRENT_TIMESTAMP,CURRENT_TIMESTAMP,0);
INSERT INTO `countrycode` (`id`, `Code`, `Name`, `ISDCode`, `createdby`, `modifiedby`, `createdts`, `lastmodifiedts`, `synctimestamp`, `softdeleteflag`) VALUES ('CON_ KWT',' KWT','Kuwait','+965','Kony User','Kony Dev',CURRENT_TIMESTAMP,CURRENT_TIMESTAMP,CURRENT_TIMESTAMP,0);
INSERT INTO `countrycode` (`id`, `Code`, `Name`, `ISDCode`, `createdby`, `modifiedby`, `createdts`, `lastmodifiedts`, `synctimestamp`, `softdeleteflag`) VALUES ('CON_ LAO',' LAO','Laos','+856','Kony User','Kony Dev',CURRENT_TIMESTAMP,CURRENT_TIMESTAMP,CURRENT_TIMESTAMP,0);
INSERT INTO `countrycode` (`id`, `Code`, `Name`, `ISDCode`, `createdby`, `modifiedby`, `createdts`, `lastmodifiedts`, `synctimestamp`, `softdeleteflag`) VALUES ('CON_ LBN',' LBN','Lebanon','+961','Kony User','Kony Dev',CURRENT_TIMESTAMP,CURRENT_TIMESTAMP,CURRENT_TIMESTAMP,0);
INSERT INTO `countrycode` (`id`, `Code`, `Name`, `ISDCode`, `createdby`, `modifiedby`, `createdts`, `lastmodifiedts`, `synctimestamp`, `softdeleteflag`) VALUES ('CON_ LBR',' LBR','Liberia','+231','Kony User','Kony Dev',CURRENT_TIMESTAMP,CURRENT_TIMESTAMP,CURRENT_TIMESTAMP,0);
INSERT INTO `countrycode` (`id`, `Code`, `Name`, `ISDCode`, `createdby`, `modifiedby`, `createdts`, `lastmodifiedts`, `synctimestamp`, `softdeleteflag`) VALUES ('CON_ LBY',' LBY','Libya','+218','Kony User','Kony Dev',CURRENT_TIMESTAMP,CURRENT_TIMESTAMP,CURRENT_TIMESTAMP,0);
INSERT INTO `countrycode` (`id`, `Code`, `Name`, `ISDCode`, `createdby`, `modifiedby`, `createdts`, `lastmodifiedts`, `synctimestamp`, `softdeleteflag`) VALUES ('CON_ LCA',' LCA','Saint Lucia','+1-758','Kony User','Kony Dev',CURRENT_TIMESTAMP,CURRENT_TIMESTAMP,CURRENT_TIMESTAMP,0);
INSERT INTO `countrycode` (`id`, `Code`, `Name`, `ISDCode`, `createdby`, `modifiedby`, `createdts`, `lastmodifiedts`, `synctimestamp`, `softdeleteflag`) VALUES ('CON_ LIE',' LIE','Liechtenstein','+423','Kony User','Kony Dev',CURRENT_TIMESTAMP,CURRENT_TIMESTAMP,CURRENT_TIMESTAMP,0);
INSERT INTO `countrycode` (`id`, `Code`, `Name`, `ISDCode`, `createdby`, `modifiedby`, `createdts`, `lastmodifiedts`, `synctimestamp`, `softdeleteflag`) VALUES ('CON_ LKA',' LKA','Sri Lanka','+94','Kony User','Kony Dev',CURRENT_TIMESTAMP,CURRENT_TIMESTAMP,CURRENT_TIMESTAMP,0);
INSERT INTO `countrycode` (`id`, `Code`, `Name`, `ISDCode`, `createdby`, `modifiedby`, `createdts`, `lastmodifiedts`, `synctimestamp`, `softdeleteflag`) VALUES ('CON_ LSO',' LSO','Lesotho','+266','Kony User','Kony Dev',CURRENT_TIMESTAMP,CURRENT_TIMESTAMP,CURRENT_TIMESTAMP,0);
INSERT INTO `countrycode` (`id`, `Code`, `Name`, `ISDCode`, `createdby`, `modifiedby`, `createdts`, `lastmodifiedts`, `synctimestamp`, `softdeleteflag`) VALUES ('CON_ LTU',' LTU','Lithuania','+370','Kony User','Kony Dev',CURRENT_TIMESTAMP,CURRENT_TIMESTAMP,CURRENT_TIMESTAMP,0);
INSERT INTO `countrycode` (`id`, `Code`, `Name`, `ISDCode`, `createdby`, `modifiedby`, `createdts`, `lastmodifiedts`, `synctimestamp`, `softdeleteflag`) VALUES ('CON_ LUX',' LUX','Luxembourg','+352','Kony User','Kony Dev',CURRENT_TIMESTAMP,CURRENT_TIMESTAMP,CURRENT_TIMESTAMP,0);
INSERT INTO `countrycode` (`id`, `Code`, `Name`, `ISDCode`, `createdby`, `modifiedby`, `createdts`, `lastmodifiedts`, `synctimestamp`, `softdeleteflag`) VALUES ('CON_ LVA',' LVA','Latvia','+371','Kony User','Kony Dev',CURRENT_TIMESTAMP,CURRENT_TIMESTAMP,CURRENT_TIMESTAMP,0);
INSERT INTO `countrycode` (`id`, `Code`, `Name`, `ISDCode`, `createdby`, `modifiedby`, `createdts`, `lastmodifiedts`, `synctimestamp`, `softdeleteflag`) VALUES ('CON_ MAC',' MAC','Macau','+853','Kony User','Kony Dev',CURRENT_TIMESTAMP,CURRENT_TIMESTAMP,CURRENT_TIMESTAMP,0);
INSERT INTO `countrycode` (`id`, `Code`, `Name`, `ISDCode`, `createdby`, `modifiedby`, `createdts`, `lastmodifiedts`, `synctimestamp`, `softdeleteflag`) VALUES ('CON_ MAF',' MAF','Saint Martin','+590','Kony User','Kony Dev',CURRENT_TIMESTAMP,CURRENT_TIMESTAMP,CURRENT_TIMESTAMP,0);
INSERT INTO `countrycode` (`id`, `Code`, `Name`, `ISDCode`, `createdby`, `modifiedby`, `createdts`, `lastmodifiedts`, `synctimestamp`, `softdeleteflag`) VALUES ('CON_ MAR',' MAR','Morocco','+212','Kony User','Kony Dev',CURRENT_TIMESTAMP,CURRENT_TIMESTAMP,CURRENT_TIMESTAMP,0);
INSERT INTO `countrycode` (`id`, `Code`, `Name`, `ISDCode`, `createdby`, `modifiedby`, `createdts`, `lastmodifiedts`, `synctimestamp`, `softdeleteflag`) VALUES ('CON_ MCO',' MCO','Monaco','+377','Kony User','Kony Dev',CURRENT_TIMESTAMP,CURRENT_TIMESTAMP,CURRENT_TIMESTAMP,0);
INSERT INTO `countrycode` (`id`, `Code`, `Name`, `ISDCode`, `createdby`, `modifiedby`, `createdts`, `lastmodifiedts`, `synctimestamp`, `softdeleteflag`) VALUES ('CON_ MDA',' MDA','Moldova','+373','Kony User','Kony Dev',CURRENT_TIMESTAMP,CURRENT_TIMESTAMP,CURRENT_TIMESTAMP,0);
INSERT INTO `countrycode` (`id`, `Code`, `Name`, `ISDCode`, `createdby`, `modifiedby`, `createdts`, `lastmodifiedts`, `synctimestamp`, `softdeleteflag`) VALUES ('CON_ MDG',' MDG','Madagascar','+261','Kony User','Kony Dev',CURRENT_TIMESTAMP,CURRENT_TIMESTAMP,CURRENT_TIMESTAMP,0);
INSERT INTO `countrycode` (`id`, `Code`, `Name`, `ISDCode`, `createdby`, `modifiedby`, `createdts`, `lastmodifiedts`, `synctimestamp`, `softdeleteflag`) VALUES ('CON_ MDV',' MDV','Maldives','+960','Kony User','Kony Dev',CURRENT_TIMESTAMP,CURRENT_TIMESTAMP,CURRENT_TIMESTAMP,0);
INSERT INTO `countrycode` (`id`, `Code`, `Name`, `ISDCode`, `createdby`, `modifiedby`, `createdts`, `lastmodifiedts`, `synctimestamp`, `softdeleteflag`) VALUES ('CON_ MEX',' MEX','Mexico','+52','Kony User','Kony Dev',CURRENT_TIMESTAMP,CURRENT_TIMESTAMP,CURRENT_TIMESTAMP,0);
INSERT INTO `countrycode` (`id`, `Code`, `Name`, `ISDCode`, `createdby`, `modifiedby`, `createdts`, `lastmodifiedts`, `synctimestamp`, `softdeleteflag`) VALUES ('CON_ MHL',' MHL','Marshall Islands','+692','Kony User','Kony Dev',CURRENT_TIMESTAMP,CURRENT_TIMESTAMP,CURRENT_TIMESTAMP,0);
INSERT INTO `countrycode` (`id`, `Code`, `Name`, `ISDCode`, `createdby`, `modifiedby`, `createdts`, `lastmodifiedts`, `synctimestamp`, `softdeleteflag`) VALUES ('CON_ MKD',' MKD','Macedonia','+389','Kony User','Kony Dev',CURRENT_TIMESTAMP,CURRENT_TIMESTAMP,CURRENT_TIMESTAMP,0);
INSERT INTO `countrycode` (`id`, `Code`, `Name`, `ISDCode`, `createdby`, `modifiedby`, `createdts`, `lastmodifiedts`, `synctimestamp`, `softdeleteflag`) VALUES ('CON_ MLI',' MLI','Mali','+223','Kony User','Kony Dev',CURRENT_TIMESTAMP,CURRENT_TIMESTAMP,CURRENT_TIMESTAMP,0);
INSERT INTO `countrycode` (`id`, `Code`, `Name`, `ISDCode`, `createdby`, `modifiedby`, `createdts`, `lastmodifiedts`, `synctimestamp`, `softdeleteflag`) VALUES ('CON_ MLT',' MLT','Malta','+356','Kony User','Kony Dev',CURRENT_TIMESTAMP,CURRENT_TIMESTAMP,CURRENT_TIMESTAMP,0);
INSERT INTO `countrycode` (`id`, `Code`, `Name`, `ISDCode`, `createdby`, `modifiedby`, `createdts`, `lastmodifiedts`, `synctimestamp`, `softdeleteflag`) VALUES ('CON_ MMR',' MMR','Myanmar','+95','Kony User','Kony Dev',CURRENT_TIMESTAMP,CURRENT_TIMESTAMP,CURRENT_TIMESTAMP,0);
INSERT INTO `countrycode` (`id`, `Code`, `Name`, `ISDCode`, `createdby`, `modifiedby`, `createdts`, `lastmodifiedts`, `synctimestamp`, `softdeleteflag`) VALUES ('CON_ MNE',' MNE','Montenegro','+382','Kony User','Kony Dev',CURRENT_TIMESTAMP,CURRENT_TIMESTAMP,CURRENT_TIMESTAMP,0);
INSERT INTO `countrycode` (`id`, `Code`, `Name`, `ISDCode`, `createdby`, `modifiedby`, `createdts`, `lastmodifiedts`, `synctimestamp`, `softdeleteflag`) VALUES ('CON_ MNG',' MNG','Mongolia','+976','Kony User','Kony Dev',CURRENT_TIMESTAMP,CURRENT_TIMESTAMP,CURRENT_TIMESTAMP,0);
INSERT INTO `countrycode` (`id`, `Code`, `Name`, `ISDCode`, `createdby`, `modifiedby`, `createdts`, `lastmodifiedts`, `synctimestamp`, `softdeleteflag`) VALUES ('CON_ MNP',' MNP','Northern Mariana Islands','+1-670','Kony User','Kony Dev',CURRENT_TIMESTAMP,CURRENT_TIMESTAMP,CURRENT_TIMESTAMP,0);
INSERT INTO `countrycode` (`id`, `Code`, `Name`, `ISDCode`, `createdby`, `modifiedby`, `createdts`, `lastmodifiedts`, `synctimestamp`, `softdeleteflag`) VALUES ('CON_ MOZ',' MOZ','Mozambique','+258','Kony User','Kony Dev',CURRENT_TIMESTAMP,CURRENT_TIMESTAMP,CURRENT_TIMESTAMP,0);
INSERT INTO `countrycode` (`id`, `Code`, `Name`, `ISDCode`, `createdby`, `modifiedby`, `createdts`, `lastmodifiedts`, `synctimestamp`, `softdeleteflag`) VALUES ('CON_ MRT',' MRT','Mauritania','+222','Kony User','Kony Dev',CURRENT_TIMESTAMP,CURRENT_TIMESTAMP,CURRENT_TIMESTAMP,0);
INSERT INTO `countrycode` (`id`, `Code`, `Name`, `ISDCode`, `createdby`, `modifiedby`, `createdts`, `lastmodifiedts`, `synctimestamp`, `softdeleteflag`) VALUES ('CON_ MSR',' MSR','Montserrat','+1-664','Kony User','Kony Dev',CURRENT_TIMESTAMP,CURRENT_TIMESTAMP,CURRENT_TIMESTAMP,0);
INSERT INTO `countrycode` (`id`, `Code`, `Name`, `ISDCode`, `createdby`, `modifiedby`, `createdts`, `lastmodifiedts`, `synctimestamp`, `softdeleteflag`) VALUES ('CON_ MUS',' MUS','Mauritius','+230','Kony User','Kony Dev',CURRENT_TIMESTAMP,CURRENT_TIMESTAMP,CURRENT_TIMESTAMP,0);
INSERT INTO `countrycode` (`id`, `Code`, `Name`, `ISDCode`, `createdby`, `modifiedby`, `createdts`, `lastmodifiedts`, `synctimestamp`, `softdeleteflag`) VALUES ('CON_ MWI',' MWI','Malawi','+265','Kony User','Kony Dev',CURRENT_TIMESTAMP,CURRENT_TIMESTAMP,CURRENT_TIMESTAMP,0);
INSERT INTO `countrycode` (`id`, `Code`, `Name`, `ISDCode`, `createdby`, `modifiedby`, `createdts`, `lastmodifiedts`, `synctimestamp`, `softdeleteflag`) VALUES ('CON_ MYS',' MYS','Malaysia','+60','Kony User','Kony Dev',CURRENT_TIMESTAMP,CURRENT_TIMESTAMP,CURRENT_TIMESTAMP,0);
INSERT INTO `countrycode` (`id`, `Code`, `Name`, `ISDCode`, `createdby`, `modifiedby`, `createdts`, `lastmodifiedts`, `synctimestamp`, `softdeleteflag`) VALUES ('CON_ MYT',' MYT','Mayotte','+262','Kony User','Kony Dev',CURRENT_TIMESTAMP,CURRENT_TIMESTAMP,CURRENT_TIMESTAMP,0);
INSERT INTO `countrycode` (`id`, `Code`, `Name`, `ISDCode`, `createdby`, `modifiedby`, `createdts`, `lastmodifiedts`, `synctimestamp`, `softdeleteflag`) VALUES ('CON_ NAM',' NAM','Namibia','+264','Kony User','Kony Dev',CURRENT_TIMESTAMP,CURRENT_TIMESTAMP,CURRENT_TIMESTAMP,0);
INSERT INTO `countrycode` (`id`, `Code`, `Name`, `ISDCode`, `createdby`, `modifiedby`, `createdts`, `lastmodifiedts`, `synctimestamp`, `softdeleteflag`) VALUES ('CON_ NCL',' NCL','New Caledonia','+687','Kony User','Kony Dev',CURRENT_TIMESTAMP,CURRENT_TIMESTAMP,CURRENT_TIMESTAMP,0);
INSERT INTO `countrycode` (`id`, `Code`, `Name`, `ISDCode`, `createdby`, `modifiedby`, `createdts`, `lastmodifiedts`, `synctimestamp`, `softdeleteflag`) VALUES ('CON_ NER',' NER','Niger','+227','Kony User','Kony Dev',CURRENT_TIMESTAMP,CURRENT_TIMESTAMP,CURRENT_TIMESTAMP,0);
INSERT INTO `countrycode` (`id`, `Code`, `Name`, `ISDCode`, `createdby`, `modifiedby`, `createdts`, `lastmodifiedts`, `synctimestamp`, `softdeleteflag`) VALUES ('CON_ NGA',' NGA','Nigeria','+234','Kony User','Kony Dev',CURRENT_TIMESTAMP,CURRENT_TIMESTAMP,CURRENT_TIMESTAMP,0);
INSERT INTO `countrycode` (`id`, `Code`, `Name`, `ISDCode`, `createdby`, `modifiedby`, `createdts`, `lastmodifiedts`, `synctimestamp`, `softdeleteflag`) VALUES ('CON_ NIC',' NIC','Nicaragua','+505','Kony User','Kony Dev',CURRENT_TIMESTAMP,CURRENT_TIMESTAMP,CURRENT_TIMESTAMP,0);
INSERT INTO `countrycode` (`id`, `Code`, `Name`, `ISDCode`, `createdby`, `modifiedby`, `createdts`, `lastmodifiedts`, `synctimestamp`, `softdeleteflag`) VALUES ('CON_ NIU',' NIU','Niue','+683','Kony User','Kony Dev',CURRENT_TIMESTAMP,CURRENT_TIMESTAMP,CURRENT_TIMESTAMP,0);
INSERT INTO `countrycode` (`id`, `Code`, `Name`, `ISDCode`, `createdby`, `modifiedby`, `createdts`, `lastmodifiedts`, `synctimestamp`, `softdeleteflag`) VALUES ('CON_ NLD',' NLD','Netherlands','+31','Kony User','Kony Dev',CURRENT_TIMESTAMP,CURRENT_TIMESTAMP,CURRENT_TIMESTAMP,0);
INSERT INTO `countrycode` (`id`, `Code`, `Name`, `ISDCode`, `createdby`, `modifiedby`, `createdts`, `lastmodifiedts`, `synctimestamp`, `softdeleteflag`) VALUES ('CON_ NOR',' NOR','Norway','+47','Kony User','Kony Dev',CURRENT_TIMESTAMP,CURRENT_TIMESTAMP,CURRENT_TIMESTAMP,0);
INSERT INTO `countrycode` (`id`, `Code`, `Name`, `ISDCode`, `createdby`, `modifiedby`, `createdts`, `lastmodifiedts`, `synctimestamp`, `softdeleteflag`) VALUES ('CON_ NPL',' NPL','Nepal','+977','Kony User','Kony Dev',CURRENT_TIMESTAMP,CURRENT_TIMESTAMP,CURRENT_TIMESTAMP,0);
INSERT INTO `countrycode` (`id`, `Code`, `Name`, `ISDCode`, `createdby`, `modifiedby`, `createdts`, `lastmodifiedts`, `synctimestamp`, `softdeleteflag`) VALUES ('CON_ NRU',' NRU','Nauru','+674','Kony User','Kony Dev',CURRENT_TIMESTAMP,CURRENT_TIMESTAMP,CURRENT_TIMESTAMP,0);
INSERT INTO `countrycode` (`id`, `Code`, `Name`, `ISDCode`, `createdby`, `modifiedby`, `createdts`, `lastmodifiedts`, `synctimestamp`, `softdeleteflag`) VALUES ('CON_ NZL',' NZL','New Zealand','+64','Kony User','Kony Dev',CURRENT_TIMESTAMP,CURRENT_TIMESTAMP,CURRENT_TIMESTAMP,0);
INSERT INTO `countrycode` (`id`, `Code`, `Name`, `ISDCode`, `createdby`, `modifiedby`, `createdts`, `lastmodifiedts`, `synctimestamp`, `softdeleteflag`) VALUES ('CON_ OMN',' OMN','Oman','+968','Kony User','Kony Dev',CURRENT_TIMESTAMP,CURRENT_TIMESTAMP,CURRENT_TIMESTAMP,0);
INSERT INTO `countrycode` (`id`, `Code`, `Name`, `ISDCode`, `createdby`, `modifiedby`, `createdts`, `lastmodifiedts`, `synctimestamp`, `softdeleteflag`) VALUES ('CON_ PAK',' PAK','Pakistan','+92','Kony User','Kony Dev',CURRENT_TIMESTAMP,CURRENT_TIMESTAMP,CURRENT_TIMESTAMP,0);
INSERT INTO `countrycode` (`id`, `Code`, `Name`, `ISDCode`, `createdby`, `modifiedby`, `createdts`, `lastmodifiedts`, `synctimestamp`, `softdeleteflag`) VALUES ('CON_ PAN',' PAN','Panama','+507','Kony User','Kony Dev',CURRENT_TIMESTAMP,CURRENT_TIMESTAMP,CURRENT_TIMESTAMP,0);
INSERT INTO `countrycode` (`id`, `Code`, `Name`, `ISDCode`, `createdby`, `modifiedby`, `createdts`, `lastmodifiedts`, `synctimestamp`, `softdeleteflag`) VALUES ('CON_ PCN',' PCN','Pitcairn','+64','Kony User','Kony Dev',CURRENT_TIMESTAMP,CURRENT_TIMESTAMP,CURRENT_TIMESTAMP,0);
INSERT INTO `countrycode` (`id`, `Code`, `Name`, `ISDCode`, `createdby`, `modifiedby`, `createdts`, `lastmodifiedts`, `synctimestamp`, `softdeleteflag`) VALUES ('CON_ PER',' PER','Peru','+51','Kony User','Kony Dev',CURRENT_TIMESTAMP,CURRENT_TIMESTAMP,CURRENT_TIMESTAMP,0);
INSERT INTO `countrycode` (`id`, `Code`, `Name`, `ISDCode`, `createdby`, `modifiedby`, `createdts`, `lastmodifiedts`, `synctimestamp`, `softdeleteflag`) VALUES ('CON_ PHL',' PHL','Philippines','+63','Kony User','Kony Dev',CURRENT_TIMESTAMP,CURRENT_TIMESTAMP,CURRENT_TIMESTAMP,0);
INSERT INTO `countrycode` (`id`, `Code`, `Name`, `ISDCode`, `createdby`, `modifiedby`, `createdts`, `lastmodifiedts`, `synctimestamp`, `softdeleteflag`) VALUES ('CON_ PLW',' PLW','Palau','+680','Kony User','Kony Dev',CURRENT_TIMESTAMP,CURRENT_TIMESTAMP,CURRENT_TIMESTAMP,0);
INSERT INTO `countrycode` (`id`, `Code`, `Name`, `ISDCode`, `createdby`, `modifiedby`, `createdts`, `lastmodifiedts`, `synctimestamp`, `softdeleteflag`) VALUES ('CON_ PNG',' PNG','Papua New Guinea','+675','Kony User','Kony Dev',CURRENT_TIMESTAMP,CURRENT_TIMESTAMP,CURRENT_TIMESTAMP,0);
INSERT INTO `countrycode` (`id`, `Code`, `Name`, `ISDCode`, `createdby`, `modifiedby`, `createdts`, `lastmodifiedts`, `synctimestamp`, `softdeleteflag`) VALUES ('CON_ POL',' POL','Poland','+48','Kony User','Kony Dev',CURRENT_TIMESTAMP,CURRENT_TIMESTAMP,CURRENT_TIMESTAMP,0);
INSERT INTO `countrycode` (`id`, `Code`, `Name`, `ISDCode`, `createdby`, `modifiedby`, `createdts`, `lastmodifiedts`, `synctimestamp`, `softdeleteflag`) VALUES ('CON_ PRI',' PRI','Puerto Rico','+1','Kony User','Kony Dev',CURRENT_TIMESTAMP,CURRENT_TIMESTAMP,CURRENT_TIMESTAMP,0);
INSERT INTO `countrycode` (`id`, `Code`, `Name`, `ISDCode`, `createdby`, `modifiedby`, `createdts`, `lastmodifiedts`, `synctimestamp`, `softdeleteflag`) VALUES ('CON_ PRK',' PRK','North Korea','+850','Kony User','Kony Dev',CURRENT_TIMESTAMP,CURRENT_TIMESTAMP,CURRENT_TIMESTAMP,0);
INSERT INTO `countrycode` (`id`, `Code`, `Name`, `ISDCode`, `createdby`, `modifiedby`, `createdts`, `lastmodifiedts`, `synctimestamp`, `softdeleteflag`) VALUES ('CON_ PRT',' PRT','Portugal','+351','Kony User','Kony Dev',CURRENT_TIMESTAMP,CURRENT_TIMESTAMP,CURRENT_TIMESTAMP,0);
INSERT INTO `countrycode` (`id`, `Code`, `Name`, `ISDCode`, `createdby`, `modifiedby`, `createdts`, `lastmodifiedts`, `synctimestamp`, `softdeleteflag`) VALUES ('CON_ PRY',' PRY','Paraguay','+595','Kony User','Kony Dev',CURRENT_TIMESTAMP,CURRENT_TIMESTAMP,CURRENT_TIMESTAMP,0);
INSERT INTO `countrycode` (`id`, `Code`, `Name`, `ISDCode`, `createdby`, `modifiedby`, `createdts`, `lastmodifiedts`, `synctimestamp`, `softdeleteflag`) VALUES ('CON_ PSE',' PSE','Palestine','+970','Kony User','Kony Dev',CURRENT_TIMESTAMP,CURRENT_TIMESTAMP,CURRENT_TIMESTAMP,0);
INSERT INTO `countrycode` (`id`, `Code`, `Name`, `ISDCode`, `createdby`, `modifiedby`, `createdts`, `lastmodifiedts`, `synctimestamp`, `softdeleteflag`) VALUES ('CON_ PYF',' PYF','French Polynesia','+689','Kony User','Kony Dev',CURRENT_TIMESTAMP,CURRENT_TIMESTAMP,CURRENT_TIMESTAMP,0);
INSERT INTO `countrycode` (`id`, `Code`, `Name`, `ISDCode`, `createdby`, `modifiedby`, `createdts`, `lastmodifiedts`, `synctimestamp`, `softdeleteflag`) VALUES ('CON_ QAT',' QAT','Qatar','+974','Kony User','Kony Dev',CURRENT_TIMESTAMP,CURRENT_TIMESTAMP,CURRENT_TIMESTAMP,0);
INSERT INTO `countrycode` (`id`, `Code`, `Name`, `ISDCode`, `createdby`, `modifiedby`, `createdts`, `lastmodifiedts`, `synctimestamp`, `softdeleteflag`) VALUES ('CON_ REU',' REU','Reunion','+262','Kony User','Kony Dev',CURRENT_TIMESTAMP,CURRENT_TIMESTAMP,CURRENT_TIMESTAMP,0);
INSERT INTO `countrycode` (`id`, `Code`, `Name`, `ISDCode`, `createdby`, `modifiedby`, `createdts`, `lastmodifiedts`, `synctimestamp`, `softdeleteflag`) VALUES ('CON_ ROU',' ROU','Romania','+40','Kony User','Kony Dev',CURRENT_TIMESTAMP,CURRENT_TIMESTAMP,CURRENT_TIMESTAMP,0);
INSERT INTO `countrycode` (`id`, `Code`, `Name`, `ISDCode`, `createdby`, `modifiedby`, `createdts`, `lastmodifiedts`, `synctimestamp`, `softdeleteflag`) VALUES ('CON_ RUS',' RUS','Russia','+7','Kony User','Kony Dev',CURRENT_TIMESTAMP,CURRENT_TIMESTAMP,CURRENT_TIMESTAMP,0);
INSERT INTO `countrycode` (`id`, `Code`, `Name`, `ISDCode`, `createdby`, `modifiedby`, `createdts`, `lastmodifiedts`, `synctimestamp`, `softdeleteflag`) VALUES ('CON_ RWA',' RWA','Rwanda','+250','Kony User','Kony Dev',CURRENT_TIMESTAMP,CURRENT_TIMESTAMP,CURRENT_TIMESTAMP,0);
INSERT INTO `countrycode` (`id`, `Code`, `Name`, `ISDCode`, `createdby`, `modifiedby`, `createdts`, `lastmodifiedts`, `synctimestamp`, `softdeleteflag`) VALUES ('CON_ SAU',' SAU','Saudi Arabia','+966','Kony User','Kony Dev',CURRENT_TIMESTAMP,CURRENT_TIMESTAMP,CURRENT_TIMESTAMP,0);
INSERT INTO `countrycode` (`id`, `Code`, `Name`, `ISDCode`, `createdby`, `modifiedby`, `createdts`, `lastmodifiedts`, `synctimestamp`, `softdeleteflag`) VALUES ('CON_ SDN',' SDN','Sudan','+249','Kony User','Kony Dev',CURRENT_TIMESTAMP,CURRENT_TIMESTAMP,CURRENT_TIMESTAMP,0);
INSERT INTO `countrycode` (`id`, `Code`, `Name`, `ISDCode`, `createdby`, `modifiedby`, `createdts`, `lastmodifiedts`, `synctimestamp`, `softdeleteflag`) VALUES ('CON_ SEN',' SEN','Senegal','+221','Kony User','Kony Dev',CURRENT_TIMESTAMP,CURRENT_TIMESTAMP,CURRENT_TIMESTAMP,0);
INSERT INTO `countrycode` (`id`, `Code`, `Name`, `ISDCode`, `createdby`, `modifiedby`, `createdts`, `lastmodifiedts`, `synctimestamp`, `softdeleteflag`) VALUES ('CON_ SGP',' SGP','Singapore','+65','Kony User','Kony Dev',CURRENT_TIMESTAMP,CURRENT_TIMESTAMP,CURRENT_TIMESTAMP,0);
INSERT INTO `countrycode` (`id`, `Code`, `Name`, `ISDCode`, `createdby`, `modifiedby`, `createdts`, `lastmodifiedts`, `synctimestamp`, `softdeleteflag`) VALUES ('CON_ SHN',' SHN','Saint Helena','+290','Kony User','Kony Dev',CURRENT_TIMESTAMP,CURRENT_TIMESTAMP,CURRENT_TIMESTAMP,0);
INSERT INTO `countrycode` (`id`, `Code`, `Name`, `ISDCode`, `createdby`, `modifiedby`, `createdts`, `lastmodifiedts`, `synctimestamp`, `softdeleteflag`) VALUES ('CON_ SJM',' SJM','Svalbard and Jan Mayen','+47','Kony User','Kony Dev',CURRENT_TIMESTAMP,CURRENT_TIMESTAMP,CURRENT_TIMESTAMP,0);
INSERT INTO `countrycode` (`id`, `Code`, `Name`, `ISDCode`, `createdby`, `modifiedby`, `createdts`, `lastmodifiedts`, `synctimestamp`, `softdeleteflag`) VALUES ('CON_ SLB',' SLB','Solomon Islands','+677','Kony User','Kony Dev',CURRENT_TIMESTAMP,CURRENT_TIMESTAMP,CURRENT_TIMESTAMP,0);
INSERT INTO `countrycode` (`id`, `Code`, `Name`, `ISDCode`, `createdby`, `modifiedby`, `createdts`, `lastmodifiedts`, `synctimestamp`, `softdeleteflag`) VALUES ('CON_ SLE',' SLE','Sierra Leone','+232','Kony User','Kony Dev',CURRENT_TIMESTAMP,CURRENT_TIMESTAMP,CURRENT_TIMESTAMP,0);
INSERT INTO `countrycode` (`id`, `Code`, `Name`, `ISDCode`, `createdby`, `modifiedby`, `createdts`, `lastmodifiedts`, `synctimestamp`, `softdeleteflag`) VALUES ('CON_ SLV',' SLV','El Salvador','+503','Kony User','Kony Dev',CURRENT_TIMESTAMP,CURRENT_TIMESTAMP,CURRENT_TIMESTAMP,0);
INSERT INTO `countrycode` (`id`, `Code`, `Name`, `ISDCode`, `createdby`, `modifiedby`, `createdts`, `lastmodifiedts`, `synctimestamp`, `softdeleteflag`) VALUES ('CON_ SMR',' SMR','San Marino','+378','Kony User','Kony Dev',CURRENT_TIMESTAMP,CURRENT_TIMESTAMP,CURRENT_TIMESTAMP,0);
INSERT INTO `countrycode` (`id`, `Code`, `Name`, `ISDCode`, `createdby`, `modifiedby`, `createdts`, `lastmodifiedts`, `synctimestamp`, `softdeleteflag`) VALUES ('CON_ SOM',' SOM','Somalia','+252','Kony User','Kony Dev',CURRENT_TIMESTAMP,CURRENT_TIMESTAMP,CURRENT_TIMESTAMP,0);
INSERT INTO `countrycode` (`id`, `Code`, `Name`, `ISDCode`, `createdby`, `modifiedby`, `createdts`, `lastmodifiedts`, `synctimestamp`, `softdeleteflag`) VALUES ('CON_ SPM',' SPM','Saint Pierre and Miquelon','+508','Kony User','Kony Dev',CURRENT_TIMESTAMP,CURRENT_TIMESTAMP,CURRENT_TIMESTAMP,0);
INSERT INTO `countrycode` (`id`, `Code`, `Name`, `ISDCode`, `createdby`, `modifiedby`, `createdts`, `lastmodifiedts`, `synctimestamp`, `softdeleteflag`) VALUES ('CON_ SRB',' SRB','Serbia','+381','Kony User','Kony Dev',CURRENT_TIMESTAMP,CURRENT_TIMESTAMP,CURRENT_TIMESTAMP,0);
INSERT INTO `countrycode` (`id`, `Code`, `Name`, `ISDCode`, `createdby`, `modifiedby`, `createdts`, `lastmodifiedts`, `synctimestamp`, `softdeleteflag`) VALUES ('CON_ SSD',' SSD','South Sudan','+211','Kony User','Kony Dev',CURRENT_TIMESTAMP,CURRENT_TIMESTAMP,CURRENT_TIMESTAMP,0);
INSERT INTO `countrycode` (`id`, `Code`, `Name`, `ISDCode`, `createdby`, `modifiedby`, `createdts`, `lastmodifiedts`, `synctimestamp`, `softdeleteflag`) VALUES ('CON_ STP',' STP','Sao Tome and Principe','+239','Kony User','Kony Dev',CURRENT_TIMESTAMP,CURRENT_TIMESTAMP,CURRENT_TIMESTAMP,0);
INSERT INTO `countrycode` (`id`, `Code`, `Name`, `ISDCode`, `createdby`, `modifiedby`, `createdts`, `lastmodifiedts`, `synctimestamp`, `softdeleteflag`) VALUES ('CON_ SUR',' SUR','Suriname','+597','Kony User','Kony Dev',CURRENT_TIMESTAMP,CURRENT_TIMESTAMP,CURRENT_TIMESTAMP,0);
INSERT INTO `countrycode` (`id`, `Code`, `Name`, `ISDCode`, `createdby`, `modifiedby`, `createdts`, `lastmodifiedts`, `synctimestamp`, `softdeleteflag`) VALUES ('CON_ SVK',' SVK','Slovakia','+421','Kony User','Kony Dev',CURRENT_TIMESTAMP,CURRENT_TIMESTAMP,CURRENT_TIMESTAMP,0);
INSERT INTO `countrycode` (`id`, `Code`, `Name`, `ISDCode`, `createdby`, `modifiedby`, `createdts`, `lastmodifiedts`, `synctimestamp`, `softdeleteflag`) VALUES ('CON_ SVN',' SVN','Slovenia','+386','Kony User','Kony Dev',CURRENT_TIMESTAMP,CURRENT_TIMESTAMP,CURRENT_TIMESTAMP,0);
INSERT INTO `countrycode` (`id`, `Code`, `Name`, `ISDCode`, `createdby`, `modifiedby`, `createdts`, `lastmodifiedts`, `synctimestamp`, `softdeleteflag`) VALUES ('CON_ SWE',' SWE','Sweden','+46','Kony User','Kony Dev',CURRENT_TIMESTAMP,CURRENT_TIMESTAMP,CURRENT_TIMESTAMP,0);
INSERT INTO `countrycode` (`id`, `Code`, `Name`, `ISDCode`, `createdby`, `modifiedby`, `createdts`, `lastmodifiedts`, `synctimestamp`, `softdeleteflag`) VALUES ('CON_ SWZ',' SWZ','Swaziland','+268','Kony User','Kony Dev',CURRENT_TIMESTAMP,CURRENT_TIMESTAMP,CURRENT_TIMESTAMP,0);
INSERT INTO `countrycode` (`id`, `Code`, `Name`, `ISDCode`, `createdby`, `modifiedby`, `createdts`, `lastmodifiedts`, `synctimestamp`, `softdeleteflag`) VALUES ('CON_ SXM',' SXM','Sint Maarten','+1-721','Kony User','Kony Dev',CURRENT_TIMESTAMP,CURRENT_TIMESTAMP,CURRENT_TIMESTAMP,0);
INSERT INTO `countrycode` (`id`, `Code`, `Name`, `ISDCode`, `createdby`, `modifiedby`, `createdts`, `lastmodifiedts`, `synctimestamp`, `softdeleteflag`) VALUES ('CON_ SYC',' SYC','Seychelles','+248','Kony User','Kony Dev',CURRENT_TIMESTAMP,CURRENT_TIMESTAMP,CURRENT_TIMESTAMP,0);
INSERT INTO `countrycode` (`id`, `Code`, `Name`, `ISDCode`, `createdby`, `modifiedby`, `createdts`, `lastmodifiedts`, `synctimestamp`, `softdeleteflag`) VALUES ('CON_ SYR',' SYR','Syria','+963','Kony User','Kony Dev',CURRENT_TIMESTAMP,CURRENT_TIMESTAMP,CURRENT_TIMESTAMP,0);
INSERT INTO `countrycode` (`id`, `Code`, `Name`, `ISDCode`, `createdby`, `modifiedby`, `createdts`, `lastmodifiedts`, `synctimestamp`, `softdeleteflag`) VALUES ('CON_ TCA',' TCA','Turks and Caicos Islands','+1-649','Kony User','Kony Dev',CURRENT_TIMESTAMP,CURRENT_TIMESTAMP,CURRENT_TIMESTAMP,0);
INSERT INTO `countrycode` (`id`, `Code`, `Name`, `ISDCode`, `createdby`, `modifiedby`, `createdts`, `lastmodifiedts`, `synctimestamp`, `softdeleteflag`) VALUES ('CON_ TCD',' TCD','Chad','+235','Kony User','Kony Dev',CURRENT_TIMESTAMP,CURRENT_TIMESTAMP,CURRENT_TIMESTAMP,0);
INSERT INTO `countrycode` (`id`, `Code`, `Name`, `ISDCode`, `createdby`, `modifiedby`, `createdts`, `lastmodifiedts`, `synctimestamp`, `softdeleteflag`) VALUES ('CON_ TGO',' TGO','Togo','+228','Kony User','Kony Dev',CURRENT_TIMESTAMP,CURRENT_TIMESTAMP,CURRENT_TIMESTAMP,0);
INSERT INTO `countrycode` (`id`, `Code`, `Name`, `ISDCode`, `createdby`, `modifiedby`, `createdts`, `lastmodifiedts`, `synctimestamp`, `softdeleteflag`) VALUES ('CON_ THA',' THA','Thailand','+66','Kony User','Kony Dev',CURRENT_TIMESTAMP,CURRENT_TIMESTAMP,CURRENT_TIMESTAMP,0);
INSERT INTO `countrycode` (`id`, `Code`, `Name`, `ISDCode`, `createdby`, `modifiedby`, `createdts`, `lastmodifiedts`, `synctimestamp`, `softdeleteflag`) VALUES ('CON_ TJK',' TJK','Tajikistan','+992','Kony User','Kony Dev',CURRENT_TIMESTAMP,CURRENT_TIMESTAMP,CURRENT_TIMESTAMP,0);
INSERT INTO `countrycode` (`id`, `Code`, `Name`, `ISDCode`, `createdby`, `modifiedby`, `createdts`, `lastmodifiedts`, `synctimestamp`, `softdeleteflag`) VALUES ('CON_ TKL',' TKL','Tokelau','+690','Kony User','Kony Dev',CURRENT_TIMESTAMP,CURRENT_TIMESTAMP,CURRENT_TIMESTAMP,0);
INSERT INTO `countrycode` (`id`, `Code`, `Name`, `ISDCode`, `createdby`, `modifiedby`, `createdts`, `lastmodifiedts`, `synctimestamp`, `softdeleteflag`) VALUES ('CON_ TKM',' TKM','Turkmenistan','+993','Kony User','Kony Dev',CURRENT_TIMESTAMP,CURRENT_TIMESTAMP,CURRENT_TIMESTAMP,0);
INSERT INTO `countrycode` (`id`, `Code`, `Name`, `ISDCode`, `createdby`, `modifiedby`, `createdts`, `lastmodifiedts`, `synctimestamp`, `softdeleteflag`) VALUES ('CON_ TLS',' TLS','East Timor','+670','Kony User','Kony Dev',CURRENT_TIMESTAMP,CURRENT_TIMESTAMP,CURRENT_TIMESTAMP,0);
INSERT INTO `countrycode` (`id`, `Code`, `Name`, `ISDCode`, `createdby`, `modifiedby`, `createdts`, `lastmodifiedts`, `synctimestamp`, `softdeleteflag`) VALUES ('CON_ TON',' TON','Tonga','+676','Kony User','Kony Dev',CURRENT_TIMESTAMP,CURRENT_TIMESTAMP,CURRENT_TIMESTAMP,0);
INSERT INTO `countrycode` (`id`, `Code`, `Name`, `ISDCode`, `createdby`, `modifiedby`, `createdts`, `lastmodifiedts`, `synctimestamp`, `softdeleteflag`) VALUES ('CON_ TTO',' TTO','Trinidad and Tobago','+1-868','Kony User','Kony Dev',CURRENT_TIMESTAMP,CURRENT_TIMESTAMP,CURRENT_TIMESTAMP,0);
INSERT INTO `countrycode` (`id`, `Code`, `Name`, `ISDCode`, `createdby`, `modifiedby`, `createdts`, `lastmodifiedts`, `synctimestamp`, `softdeleteflag`) VALUES ('CON_ TUN',' TUN','Tunisia','+216','Kony User','Kony Dev',CURRENT_TIMESTAMP,CURRENT_TIMESTAMP,CURRENT_TIMESTAMP,0);
INSERT INTO `countrycode` (`id`, `Code`, `Name`, `ISDCode`, `createdby`, `modifiedby`, `createdts`, `lastmodifiedts`, `synctimestamp`, `softdeleteflag`) VALUES ('CON_ TUR',' TUR','Turkey','+90','Kony User','Kony Dev',CURRENT_TIMESTAMP,CURRENT_TIMESTAMP,CURRENT_TIMESTAMP,0);
INSERT INTO `countrycode` (`id`, `Code`, `Name`, `ISDCode`, `createdby`, `modifiedby`, `createdts`, `lastmodifiedts`, `synctimestamp`, `softdeleteflag`) VALUES ('CON_ TUV',' TUV','Tuvalu','+688','Kony User','Kony Dev',CURRENT_TIMESTAMP,CURRENT_TIMESTAMP,CURRENT_TIMESTAMP,0);
INSERT INTO `countrycode` (`id`, `Code`, `Name`, `ISDCode`, `createdby`, `modifiedby`, `createdts`, `lastmodifiedts`, `synctimestamp`, `softdeleteflag`) VALUES ('CON_ TWN',' TWN','Taiwan','+886','Kony User','Kony Dev',CURRENT_TIMESTAMP,CURRENT_TIMESTAMP,CURRENT_TIMESTAMP,0);
INSERT INTO `countrycode` (`id`, `Code`, `Name`, `ISDCode`, `createdby`, `modifiedby`, `createdts`, `lastmodifiedts`, `synctimestamp`, `softdeleteflag`) VALUES ('CON_ TZA',' TZA','Tanzania','+255','Kony User','Kony Dev',CURRENT_TIMESTAMP,CURRENT_TIMESTAMP,CURRENT_TIMESTAMP,0);
INSERT INTO `countrycode` (`id`, `Code`, `Name`, `ISDCode`, `createdby`, `modifiedby`, `createdts`, `lastmodifiedts`, `synctimestamp`, `softdeleteflag`) VALUES ('CON_ UGA',' UGA','Uganda','+256','Kony User','Kony Dev',CURRENT_TIMESTAMP,CURRENT_TIMESTAMP,CURRENT_TIMESTAMP,0);
INSERT INTO `countrycode` (`id`, `Code`, `Name`, `ISDCode`, `createdby`, `modifiedby`, `createdts`, `lastmodifiedts`, `synctimestamp`, `softdeleteflag`) VALUES ('CON_ UKR',' UKR','Ukraine','+380','Kony User','Kony Dev',CURRENT_TIMESTAMP,CURRENT_TIMESTAMP,CURRENT_TIMESTAMP,0);
INSERT INTO `countrycode` (`id`, `Code`, `Name`, `ISDCode`, `createdby`, `modifiedby`, `createdts`, `lastmodifiedts`, `synctimestamp`, `softdeleteflag`) VALUES ('CON_ URY',' URY','Uruguay','+598','Kony User','Kony Dev',CURRENT_TIMESTAMP,CURRENT_TIMESTAMP,CURRENT_TIMESTAMP,0);
INSERT INTO `countrycode` (`id`, `Code`, `Name`, `ISDCode`, `createdby`, `modifiedby`, `createdts`, `lastmodifiedts`, `synctimestamp`, `softdeleteflag`) VALUES ('CON_ USA',' USA','United States','+1','Kony User','Kony Dev',CURRENT_TIMESTAMP,CURRENT_TIMESTAMP,CURRENT_TIMESTAMP,0);
INSERT INTO `countrycode` (`id`, `Code`, `Name`, `ISDCode`, `createdby`, `modifiedby`, `createdts`, `lastmodifiedts`, `synctimestamp`, `softdeleteflag`) VALUES ('CON_ UZB',' UZB','Uzbekistan','+998','Kony User','Kony Dev',CURRENT_TIMESTAMP,CURRENT_TIMESTAMP,CURRENT_TIMESTAMP,0);
INSERT INTO `countrycode` (`id`, `Code`, `Name`, `ISDCode`, `createdby`, `modifiedby`, `createdts`, `lastmodifiedts`, `synctimestamp`, `softdeleteflag`) VALUES ('CON_ VAT',' VAT','Vatican','+379','Kony User','Kony Dev',CURRENT_TIMESTAMP,CURRENT_TIMESTAMP,CURRENT_TIMESTAMP,0);
INSERT INTO `countrycode` (`id`, `Code`, `Name`, `ISDCode`, `createdby`, `modifiedby`, `createdts`, `lastmodifiedts`, `synctimestamp`, `softdeleteflag`) VALUES ('CON_ VCT',' VCT','Saint Vincent and the Grenadines','+1-784','Kony User','Kony Dev',CURRENT_TIMESTAMP,CURRENT_TIMESTAMP,CURRENT_TIMESTAMP,0);
INSERT INTO `countrycode` (`id`, `Code`, `Name`, `ISDCode`, `createdby`, `modifiedby`, `createdts`, `lastmodifiedts`, `synctimestamp`, `softdeleteflag`) VALUES ('CON_ VEN',' VEN','Venezuela','+58','Kony User','Kony Dev',CURRENT_TIMESTAMP,CURRENT_TIMESTAMP,CURRENT_TIMESTAMP,0);
INSERT INTO `countrycode` (`id`, `Code`, `Name`, `ISDCode`, `createdby`, `modifiedby`, `createdts`, `lastmodifiedts`, `synctimestamp`, `softdeleteflag`) VALUES ('CON_ VGB',' VGB','British Virgin Islands','+1-284','Kony User','Kony Dev',CURRENT_TIMESTAMP,CURRENT_TIMESTAMP,CURRENT_TIMESTAMP,0);
INSERT INTO `countrycode` (`id`, `Code`, `Name`, `ISDCode`, `createdby`, `modifiedby`, `createdts`, `lastmodifiedts`, `synctimestamp`, `softdeleteflag`) VALUES ('CON_ VIR',' VIR','U.S. Virgin Islands','+1-340','Kony User','Kony Dev',CURRENT_TIMESTAMP,CURRENT_TIMESTAMP,CURRENT_TIMESTAMP,0);
INSERT INTO `countrycode` (`id`, `Code`, `Name`, `ISDCode`, `createdby`, `modifiedby`, `createdts`, `lastmodifiedts`, `synctimestamp`, `softdeleteflag`) VALUES ('CON_ VNM',' VNM','Vietnam','+84','Kony User','Kony Dev',CURRENT_TIMESTAMP,CURRENT_TIMESTAMP,CURRENT_TIMESTAMP,0);
INSERT INTO `countrycode` (`id`, `Code`, `Name`, `ISDCode`, `createdby`, `modifiedby`, `createdts`, `lastmodifiedts`, `synctimestamp`, `softdeleteflag`) VALUES ('CON_ VUT',' VUT','Vanuatu','+678','Kony User','Kony Dev',CURRENT_TIMESTAMP,CURRENT_TIMESTAMP,CURRENT_TIMESTAMP,0);
INSERT INTO `countrycode` (`id`, `Code`, `Name`, `ISDCode`, `createdby`, `modifiedby`, `createdts`, `lastmodifiedts`, `synctimestamp`, `softdeleteflag`) VALUES ('CON_ WLF',' WLF','Wallis and Futuna','+681','Kony User','Kony Dev',CURRENT_TIMESTAMP,CURRENT_TIMESTAMP,CURRENT_TIMESTAMP,0);
INSERT INTO `countrycode` (`id`, `Code`, `Name`, `ISDCode`, `createdby`, `modifiedby`, `createdts`, `lastmodifiedts`, `synctimestamp`, `softdeleteflag`) VALUES ('CON_ WSM',' WSM','Samoa','+685','Kony User','Kony Dev',CURRENT_TIMESTAMP,CURRENT_TIMESTAMP,CURRENT_TIMESTAMP,0);
INSERT INTO `countrycode` (`id`, `Code`, `Name`, `ISDCode`, `createdby`, `modifiedby`, `createdts`, `lastmodifiedts`, `synctimestamp`, `softdeleteflag`) VALUES ('CON_ XKX',' XKX','Kosovo','+383','Kony User','Kony Dev',CURRENT_TIMESTAMP,CURRENT_TIMESTAMP,CURRENT_TIMESTAMP,0);
INSERT INTO `countrycode` (`id`, `Code`, `Name`, `ISDCode`, `createdby`, `modifiedby`, `createdts`, `lastmodifiedts`, `synctimestamp`, `softdeleteflag`) VALUES ('CON_ YEM',' YEM','Yemen','+967','Kony User','Kony Dev',CURRENT_TIMESTAMP,CURRENT_TIMESTAMP,CURRENT_TIMESTAMP,0);
INSERT INTO `countrycode` (`id`, `Code`, `Name`, `ISDCode`, `createdby`, `modifiedby`, `createdts`, `lastmodifiedts`, `synctimestamp`, `softdeleteflag`) VALUES ('CON_ ZAF',' ZAF','South Africa','+27','Kony User','Kony Dev',CURRENT_TIMESTAMP,CURRENT_TIMESTAMP,CURRENT_TIMESTAMP,0);
INSERT INTO `countrycode` (`id`, `Code`, `Name`, `ISDCode`, `createdby`, `modifiedby`, `createdts`, `lastmodifiedts`, `synctimestamp`, `softdeleteflag`) VALUES ('CON_ ZMB',' ZMB','Zambia','+260','Kony User','Kony Dev',CURRENT_TIMESTAMP,CURRENT_TIMESTAMP,CURRENT_TIMESTAMP,0);
INSERT INTO `countrycode` (`id`, `Code`, `Name`, `ISDCode`, `createdby`, `modifiedby`, `createdts`, `lastmodifiedts`, `synctimestamp`, `softdeleteflag`) VALUES ('CON_ ZWE',' ZWE','Zimbabwe','+263','Kony User','Kony Dev',CURRENT_TIMESTAMP,CURRENT_TIMESTAMP,CURRENT_TIMESTAMP,0);

UPDATE IGNORE `eligibilitycriteria` SET `Description` = 'I am related to a current Kony Credit Union member (Note: Eligible relationships include spouse, domestic partner, parent, grandparent, child, sibling, grandchild, step sibling or adopted children)' WHERE (`id` = 'KONY_DBX_BANK_MEMBER_ACQ');
UPDATE IGNORE `eligibilitycriteria` SET `Description` = 'I am a member of an organization that Kony Credit Union serves.' WHERE (`id` = 'KONY_DBX_BANK_MEMBER');
UPDATE IGNORE `eligibilitycriteria` SET `Description` = 'I am an employee, retiree or family member of an employee of a company that Kony Credit Union serves' WHERE (`id` = 'KONY_DBX_BANK_CLIENT_ACQ');
UPDATE IGNORE `eligibilitycriteria` SET `Description` = 'I live, work, worship or attend school at a community that Kony Credit Union serves' WHERE (`id` = 'KONY_DBX_BANK_AREA_RESIDENT');

UPDATE `termsandconditions` SET `Description` = '<p>This Agreement covers Kony Online Banking, Electronic Funds Transfers, Bill Payer and External Transfer services. \"You\" refers to the persons receiving the services provided under this Agreement.</p><p>&nbsp;</p><p><strong> 1. Enrolling in Online Banking </strong></p><div style=\"padding: 0px 0px 0px 35px;\"><ol><li>After you have reviewed this agreement, you can enroll in Online Banking by clicking on the \"Accept\" button. Please retain a copy of this Agreement for your records, either by printing a copy or saving a copy on your computer\'s hard drive. Your clicking on the Accept button constitutes your consent to the terms of this Agreement and your acknowledgment that you have been able to retain a copy of this Agreement in paper or electronic form.</li><li>Bill Payer: Bill Payer requires an additional enrollment from within Online Banking.</li><li>Wire Transfers: Wire Transfers requires your acceptance of the Wire Transfer Agreement found at the Wire Transfer selection site. This service allows you to transfer funds via the Automated Clearinghouse (ACH) system from any of your accounts at any financial institution to any other account held by you or another person at the same or another financial institution.</li></ol></div><p>&nbsp;</p><p><strong> 2. Account Review </strong></p><p style=\"padding: 0px 0px 0px 35px;\">All enrollments in Online Banking, Bill Payer and External transfer Wire service are subject to Bank review and approval. Your accounts with the Bank must be in good standing. To use Bill Pay, you must have a Bank checking account.</p><p>&nbsp;</p><p><strong> 3. Other Governing Laws and Agreements </strong></p><p style=\"padding: 0px 0px 0px 35px;\">Your use of Online Banking, Bill Payer or External Transfer Wire services to conduct transactions on your Bank accounts is also subject to the terms of your Bank Member Account Handbook, Master Membership Agreement and Schedule of Fees and Charges. Online Banking, Bill Payer and External Transfer Wire service are subject to applicable California and federal law, including but not limited to the Electronic Funds Transfer Act and Federal Reserve Regulation E. External transfer Wire service is also subject to the rules of the National Automated Clearing House Association (NACHA). If any provision of this Agreement is unenforceable, the remaining provisions will continue in effect. This Agreement will be given its reasonable meaning and not construed against either party.</p><p>&nbsp;</p><p><strong> 4. Required Equipment </strong></p><p style=\"padding: 0px 0px 0px 35px;\">To use Online Banking, Bill Payer or External transfer Wire service, you will need the following: (a) Internet access; (b) a computer with modem and Internet browser that can support SSL and 128-bit encryption (Microsoft Internet Explorer 4.01 or later, Netscape Navigator/Communicator 4.51 or later, or AOL 3.0 or later, should support this level of encryption); and (c) access to a printer and/or other storage medium such as a hard drive for downloading information or printing disclosures. If these requirements change, we will notify you at least 21 days in advance. By clicking on the Accept button, you confirm that you have the equipment required to use Online Banking, Bill Payer and External transfer Wire service.</p><p>&nbsp;</p><p><strong> 5. Your Responsibility for Your Equipment </strong></p><p style=\"padding: 0px 0px 0px 35px;\">You are solely responsible for installing, maintaining and operating your computer and your internet access. We will not be responsible for errors, deletions, failures, or damages of any kind that occur because of malfunctions of your computer, software or internet service. We will not be responsible for any virus that affects your computer or software while using our Online Banking, Bill Payer and or External Transfer Wire service. The warranties provided for Online Banking, Bill Payer and External Transfer WIREis limited to those expressly stated in this Agreement.</p><p>&nbsp;</p><p><strong> 6. Your Responsibility for Complying with This Agreement </strong></p><p style=\"padding: 0px 0px 0px 35px;\">EWireowner of an account on which Online Banking and/or Bill Payer and/or External Transfer Wire service is established is responsible, jointly and individually, to meet the terms of this Agreement. These obligations continue until you notify us to terminate Online Banking and/or Bill Payer and/or External Transfer Wire service or we cancel your Online Banking, Bill Payer service or External Transfer Wire service for a reason permitted by law or this Agreement. EWireowner is responsible for all obligations incurred as a result of authorized use of Online Banking, Bill Payer or External Transfer Wire service until you or we terminate the service(s). Termination of Online Banking, Bill Payer or External Transfer Wire service will not relieve you of obligations incurred prior to termination. This obligation to the Bank will continue even if an owner is later relieved of the obligation by an agreement or court order to which we are not a party, such as a divorce decree. We are not subject to any agreement or court order to which we are not a party. No release from the obligations under this Agreement will be valid unless (a) in writing and signed by an authorized Bank employee or (b) pursuant to a court order in an action to which the Bank is a party.</p><p>&nbsp;</p><p><strong> 7. Security of Your Accounts </strong></p><div style=\"padding: 0px 0px 0px 35px;\"><ol><li><strong> Your passcode: </strong> When you sign up for Online Banking, you will choose your own Access Identification Code (Access ID) and a Passcode. You will need both the Access ID and the Passcode to use the Service You are responsible for keeping your Access ID and Passcode secure. Refer to section 12 of this Agreement for information about your potential liability for unauthorized use of your accounts. Your Passcode is encrypted into our Online Banking database through Digital Insight. No person at Kony Bank or Digital Insight has access to your Passcode. No person at Kony Bank or Digital Insight is permitted to ask you for your Passcode. If any person requests your Passcode, please report the incident to us immediately. If you voluntarily give your Passcode to any person, you are authorizing that person to see any information and conduct any transaction on your accounts that you can see or conduct yourself. You are responsible for all transactions initiated by that person. That person\'s authorization to see and use your accounts continues until you change your Passcode.</li><li><strong> Log-On Security: </strong> Your session will be automatically logged off if you have reached your current timeout period without activity. This is to reduce the risk of unauthorized use if you inadvertently leave your computer unattended with Online Banking open. When you return to your computer, you will be prompted to re-enter your Passcode, and your session will continue where you left off.</li><li><strong> Security Technology: </strong> (i) Online Banking uses Secure Socket Layer (SSL) encryption. The system will typically warn you if your Internet Browser does not have sufficient capacity to support our encryption system. If SSL is securing your communications with us, the appearance of a small padlock icon at the bottom of your screen should change to indicate this fact. (ii) The servers hosting Online Banking at Digital Insight have been certified by \"Certificate Authority\" to assure you that you are actually talking to Digital Insight instead of someone pretending to be Digital Insight. Depending on the age of your browser, you may see that \"Certificate Authorities\" have expired. If this happens, you must update it on your browser. Instructions for upgrading your browser are located in the Browser Update Link, which is located at the bottom of the Online Banking login page. (iii) Digital Insight will pass an encrypted cookie to your computer during your Online Banking sessions. These cookies do not collect any personal information about you. The cookies allow you to process several transactions without re-entering your Passcode for eWiretransaction. The cookie is destroyed when you log off of Online Banking, close your browser, or turn off your computer.</li><li><strong> Security Notices: </strong> In addition to the security features described above, there may be other security-related notices posted on our web site or Online Banking service from time to time. You are responsible for reading all security notices.</li><li><strong> No Security Warranty: </strong> Notwithstanding our efforts to ensure that Online Banking is secure, we cannot and do not warrant that either the Online Banking Home Banking system or data transmitted using the system will be free from monitoring or access by others.</li></ol></div><p>&nbsp;</p><p><strong> 8. Available Services </strong></p><div style=\"padding: 0px 0px 0px 35px;\"><p>If you enroll in Online Banking online, you will have completed your enrollment and may start using the service immediately.</p><p>Online Banking, Bill Payer and External transfer Wire service are generally available 24 hours a day, 7 days a week. The system may be temporarily unavailable from time to time for maintenance, due to high Internet traffic volume, or for other reasons beyond our control. If this happens, please try your transaction again later. We are not responsible for any delays you have in accessing or using Online Banking, Bill Payer or External transfer Wire service.</p><strong> You can use Online Banking to: </strong><ul style=\"padding: 0px 0px 0px 35px;\"><li>Review up to 6 months of transaction history</li><li>Review account balances and available balances</li><li>Review account transactions</li><li>Review interest earned on accounts and interest paid on loans</li><li>Send secure e-mails</li><li>Transfer funds to pay Bank loans</li><li>Transfer funds between Bank accounts</li><li>Advance funds from your Bank Line of Credit</li><li>Download account data to current versions of Quicken</li><li>Pay bills using your Bank checking account with the Bill Payer Service</li><li>Access eStatements</li><li>Change your email address</li><li>Reorder checks</li><li>View images of cleared checks</li><li>Stop payment on checks you have written</li><li>Change online timeout period</li><li>Change your Online Banking passcode</li><li>Change you Access I.D.</li><li>Change history date range and default sort order</li><li>Change your start page</li><li>Execute external transfers</li><li>Utilize Secure Chat</li><li>Complete cross account transfers</li></ul></div><p>&nbsp;</p><p><strong> 9. Limitations </strong></p><div style=\"padding: 0px 0px 0px 35px;\"><ol><li><strong> Limits on Non-Personal Transfers and Withdrawals </strong><p>As required by Federal Reserve Regulation D, you are limited to six non-personal transfers or withdrawals out of your non-transaction accounts per month. Only checking/share draft accounts are considered transaction accounts. Non-personal transfers include transfers made via Online Banking, Bill Payer, audio response, ACH, and overdraft protection transfers. The following types of transactions do not count toward the six-per-month limit on withdrawals and transfers out of non-transaction accounts: (a) transactions made in person; (b) transactions made by messenger; (c) transactions at ATMs; (d) withdrawals in the form of a check mailed to you at your address in your records. All Bill Payer payments must be made from a Bank checking/share draft account.</p></li><li><strong> Account Balance Information </strong><p>Balances displayed on Online Banking may include deposits that we have not yet verified and therefore are not actually available for withdrawal. Online Banking balances may also differ from your records due to deposits in progress, checks outstanding, or other circumstances. When a transaction is presented to us via Online Banking, we will use the available balance in your account to determine whether to authorize the transaction. Our completion of a transaction does not necessarily mean that there are sufficient funds to pay all items that have not cleared your account.</p></li></ol></div><p>&nbsp;</p><p><strong> 10. Fees </strong></p><p style=\"padding: 0px 0px 0px 35px;\">Online Banking is free. The same fees that apply to account transactions conducted by other means will apply to transactions initiated using Online Banking or Bill Payer. For example, if a Bill Payer transaction is returned unpaid due to insufficient funds, you will pay our standard checking/share draft NSF fee with a max per day per account of six. Fees are subject to change. Please refer to the current Bank Schedule of Fees and Charges for fees and fee waiver qualifications.</p><p>&nbsp;</p><p><strong> 11. Our Liability for Failure to Cancel or Stop Payments </strong></p><p style=\"padding: 0px 0px 0px 35px;\">If you attempt to cancel a payment or transfer and we do not do so even though we have sufficient time to act on your request, we will be liable for your losses or damages. In no event will we be liable for damages in excess of the actual loss caused by our failure to cancel the payment, and we will not be liable for any incidental, special or consequential damages.</p><p>&nbsp;</p><p><strong> 12. Your Liability for Unauthorized Use of Online Banking, Bill Payer and External transfer Wire service </strong></p><div style=\"padding: 0px 0px 0px 35px;\"><p>Tell us AT ONCE if you believe your Access ID or Passcode has been lost, stolen or compromised. Telephoning is the best way to keep your possible losses down. Call us at the number or write to us at the address below under \"How to Contact Us.\" in Section 23. You could lose all of the money in your accounts (plus your maximum overdraft line of credit) if you do not tell us on time.</p><ol><li>If you believe your Passcode has been compromised, lost or stolen, and you tell us within two business days after you learn of the loss or theft, you can lose no more than $50 if someone used your Passcode without your permission.</li><li>If you do NOT tell us within two business days after you learn of the loss or theft of your Passcode, and we can prove we could have stopped someone from using your Passcode without your permission if you had told us sooner, you could lose as much as $500.</li><li>If your statement shows transfers or payments that you did not make, tell us at once. If you do not tell us within 60 days after we sent you the first statement on which the unauthorized transfer or payment appeared, you may not get back any money you lost after the 60-day period if we can prove that we could have stopped someone from taking the money if you had told us on time.</li><li>If a good reason (such as a long trip or hospital stay) prevented you from telling us, we may extend the time periods.</li><li>Remember that if you give someone your Access ID and Passcode, you are authorizing them to use Online Banking, Bill Payer and External transfer Wire service and you are responsible for all transactions they perform until you tell us to change or cancel your Access ID and Passcode. This is true even if the person exceeds the scope of permission you gave them to use your accounts. We are not subject to agreements that you make with other people limiting their use of your accounts.</li><li>You are not liable for fraudulent transfers initiated by our employees or by employees of Digital Insight.</li></ol></div><p>&nbsp;</p><p><strong> 13. Privacy </strong></p><p style=\"padding: 0px 0px 0px 35px;\">Please refer to the privacy statement on our website or to our printed privacy policy for full details of our policy on protecting your personal and financial information. With respect to your use of Online Banking, Bill Payer External transfer Wire service, we will disclose information about your accounts and the transfers you make to third parties (a) when necessary to complete transfers; (b) to verify the existence and condition of your account for a third party such as a credit bureau or merchant; (c) to comply with a governmental agency or court order; (d) if you give us written permission; (e) if necessary to fulfill agreements between us and our third party Online Banking, Bill Payer and External transfer Wire service providers; or (f) if it involves a claim by or against us in connection with a deposit to or withdrawal from your account.</p><p>&nbsp;</p><p><strong> 14. Our Liability for Failure to Complete Your Transactions </strong></p><div style=\"padding: 0px 0px 0px 35px;\"><p>If we do not complete a transaction to or from your accounts on time or in the correct amount according to our agreement with you, we will be liable for your losses or damages. However, there are some exceptions. We will not be liable if:</p><ol><li>Through no fault of ours, you do not have available funds or overdraft protection to complete the transaction;</li><li>Your account is closed;</li><li>The Online Banking system was not working properly and you knew or should have know about the problem when you started your transaction;</li><li>The transaction failure or error resulted from a problem with your hardware, software, Internet service provider or other equipment or services over which we have no control;</li><li>Circumstances beyond our control (such as fire, flood, telephone disruption, computer breakdown or postal service disruption) prevent completion of the transaction despite our having taken reasonable precautions;</li><li>Your Access ID or Passcode have been reported lost or stolen and we have blocked their use;</li><li>You failed to supply complete and accurate information required to complete your transaction;</li><li>You failed to allow sufficient time for a Bill Payment to reWirethe payee;</li><li>We deliver a Bill Payment to the payee on time but the payee fails to post the payment in a timely manner;</li><li>Your account is blocked by a legal proceeding such as a garnishment or a court-ordered block that prevents us from making the payment;</li><li>We establish other lawful exceptions and give you proper advance notice of them.</li></ol><p>In no event will be liable for damages in excess of your actual damages, limited to the amount of the payment plus any late fee up to $50. (See the Payment Guarantee below.) We will not be liable for incidental, special, consequential or punitive damages.</p><p>We are not responsible for delays in posting by payees as long as the payee receives payment from us in a timely manner. We are not responsible for losses or damages resulting from your failure to provide us with correct information about your payments or payees. We are not responsible for checks lost by the U.S. postal service or for other untimely payments that result from circumstances outside our control.</p><p>&nbsp;</p></div><p><strong> 15. Payment Guarantee </strong></p><p style=\"padding: 0px 0px 0px 35px;\">Due to circumstances beyond the control of the Bank and our service providers for Online Banking, Bill Payer and External transfer Wire services, particularly delays in handling and posting payments by Billers or financial institutions, some transactions may take longer to be credited to your account. We will bear responsibility for any late payment related charges up to $50.00 should a payment post after its Due Date as long as the payment was scheduled in accordance with the guidelines described under \"Payment Scheduling\" in this Agreement.</p><p>&nbsp;</p><p><strong> 16. Our Responsibility to Follow Your Instructions </strong></p><p style=\"padding: 0px 0px 0px 35px;\">The Bank and Digital Insight will carry out instructions we receive using your Access ID and Passcode in a reasonable manner. You agree to defend, indemnify and hold the Bank, Digital Insight and any of our officers, directors, agents, employees, consultants, or contractors harmless from all costs, claims, damages, expenses and liability we sustain as a result of carrying out, in a reasonable manner, instructions that we receive from you or authorized users of your Online Banking and/or Bill Payer External transfer Wire services.</p><p>&nbsp;</p><p><strong> 17. Your Right to Receive Documentation of Transactions </strong></p><p style=\"padding: 0px 0px 0px 35px;\">You can review your Online Banking, Bill Payer and External transfer Wire service transactions at any time using Online Banking. Online Banking and Bill Payer transactions will appear on your periodic account statements. Please use the Online Banking \"Help\" menu if you have difficulty with information being cut off when you print out account history data.</p><p>&nbsp;</p><p><strong> 18. Termination </strong></p><p style=\"padding: 0px 0px 0px 35px;\">We can discontinue any services we offer, including Online Banking, Bill Payer or External transfer Wire service. . We will notify you at least 21 days in advance if we do this. We can cancel your use of Online Banking, Bill Payer or External transfer Wire service without notice if you default on any term of any agreement you have with Kony Bank. If you close your Bank accounts, or if you have not used Online Banking for 6 consecutive months, Online Banking will be discontinued. You can ask to terminate Online Banking and/or Bill Payer and/or External transfer Wire service at any time by submitting a request by mail, in person, or by e-mail. Termination of your Online Banking, Bill Payer or External transfer Wire service will not relieve you of your liability with respect to any transactions processed before the service was terminated.</p><p>&nbsp;</p><p><strong> 19. Business Days </strong></p><p style=\"padding: 0px 0px 0px 35px;\">Our business days are Monday through Friday, excluding federal holidays.</p><p>&nbsp;</p><p><strong> 20. Changes in Terms </strong></p><p style=\"padding: 0px 0px 0px 35px;\">We can change the terms of this Agreement by giving you at least 21 days advance notice. A change in terms may include adding new terms, deleting existing terms, or changing existing terms. If you object to a change, you can avoid its application to your accounts by discontinuing the related service. If you have elected to receive Bank disclosures electronically, we will notify you by e-mail that the Change in Terms notice is available for you to pick up on our secure web site. Otherwise the change will be mailed to you. We can change terms without advance notice if (a) the change is not adverse to you, or (b) the change is necessary to maintain or restore the security of the Online Banking Home Banking system.</p><p>&nbsp;</p><p><strong> 21. Setoff, Attorney\'s Fees and Collection Costs </strong></p><p style=\"padding: 0px 0px 0px 35px;\">If your use of Online Banking, Bill Payer or External transfer Wire service results in your becoming indebted to us, and you do not pay what you owe upon our written demand, you agree that we can, unless prohibited by law or the account agreement, take funds in any Bank account in which you have an interest to recover all or part of what you owe without advance notice to you. Our exercising this right in the event of your default will not waive our right to use other lawful means to collect what you owe us. If we cannot recover what you owe from your other Bank accounts, you agree to pay reasonable collection costs we incur before we take legal action. If we take legal action to collect what you owe, you agree to pay our reasonable attorney\'s fees and costs of suit in addition to any other remedy the court finds proper, whether the legal action is a collection lawsuit, a proceeding to protect our interests if you become a bankruptcy debtor, an action to enforce a judgment, an appeal, or another type of legal action.</p><p>&nbsp;</p><p><strong> 22. In Case of Errors or Questions Regarding Electronic Funds Transfers </strong></p><div style=\"padding: 0px 0px 0px 35px;\"><p>If you believe that an unauthorized electronic funds transfer occurred on your account or that any other type of error occurred on an electronic funds transfer, please contact us as indicated under \"How to Contact Us\" below.</p><p>Contact us as soon as you can if you think your account history is wrong, or if you need more information concerning an EFT transaction on your account history. We must hear from you not later than 60 days after we sent you the FIRST statement on which the error or problem appeared.</p><p>Please give us the following information about Online Banking transactions:</p><ul><li>Your name</li><li>Your account number</li><li>Your Access ID (but not your Passcode)</li><li>A description of the error or the transaction you are not sure about, and as clear an explanation as you can provide of why you believe there is an error or why you need more information</li><li>The dollar amount of the suspected error</li></ul><p>For Bill Payer transactions, we will need the following information:</p><ul><li>The account number used to pay the bill</li><li>The name of the payee</li><li>The date the payment was scheduled</li><li>The payment confirmation number</li><li>The payment amount</li><li>The payee account number for the payment in question.</li></ul><p>If you tell us orally, we may require you to send your complaint or question in writing within 10 business days.</p><p>We will determine whether an error occurred within 10 business days after we hear from you and will correct any error promptly. If we need more time, however, we may take up to 45 days to investigate your complaint or question (90 days if you have had accounts with us for less than 30 days or if your transaction was initiated outside the United States). If we decide to take more time, we will provisionally credit your account within 10 business days (20 days if you have had accounts with us for less than 30 days) for the amount you think is in error, so you will have use of the money while we investigate. If you do not put your complaint or question in writing within 10 days after we ask you to do so, we may not provisionally credit your account while we are investigating.</p><p>We will tell you the results within three business days after we complete our investigation. If we decide there was no error, we will send you a written explanation. You can request copies of the documents we used in our investigation. If there was no error, we will reverse any credits to your account and notify you that we have done so. We will pay any amounts by which your accounts are overdrawn for five business days after we reverse the provisional credit and we will not charge any overdraft fees, but only to the extent the overdraft does not exceed the amount of the provisional credit. If any overdraft exceeds the amount of the reversed provisional credit, we are not obligated to pay it unless you have overdraft protection available, and we are entitled to collect overdraft fees. In any event, you are obligated to restore any amounts by which your accounts are in negative balance.</p><p>&nbsp;</p></div><p><strong> 23. How to Contact Us </strong></p><div style=\"padding: 0px 0px 0px 35px;\"><p>You can</p><ul><li>Write to us at Kony Bank, P.O. Box 18460 , San Jose, CA 95158-8460</li><li>Telephone us at (408) 445-3386 or (800) 232-8669. Telephone assistance is available 6:00 a.m. to 6:00 p.m. (Pacific Time) Monday through Thursday and 6:00 a.m. to 7:00 p.m. (Pacific Time) on Friday.</li><li>Use the \"Request Payment Inquiry\" link in the Payments section of Online Banking</li><li>Visit any Bank Office.</li></ul><p>&nbsp;</p></div><p><strong> 24. Additional Terms </strong></p><div style=\"padding: 0px 0px 0px 35px;\"><ul><li>You authorize Kony Bank and Digital Insight to copy, use, modify, display and distribute any information, data, materials or other content as necessary to provide the services you request that are described in this Agreement and Disclosure.</li><li>You grant Kony Bank and Digital Insight a license to access the web sites and databases of other financial institutions where you hold accounts, as designated by you, to retrieve information and implement fund transfers and other transactions that you request under this Agreement and Disclosure</li><li>You represent and warrant that you have the right to authorize Kony Bank and Digital Insight to access your accounts to implement fund transfers and other transactions you request under this Agreement and Disclosure.</li><li>You represent that by disclosing and authorizing Kony Bank and Digital Insight to use such information, you are not violating any third party\'s rights.</li><li>You warrant and represent that all information you provide to Kony Bank and Digital Insight is true, current, accurate, and complete.</li><li>You appoint Kony Bank and Digital Insight as your true and lawful attorney-in-fact and agent, with full power of substitution and re-substitution, for you and in your name, place and stead, in any and all capacities, to access accounts to affect fund transfers and other transactions described in this Agreement and Disclosures and requested by you, with full power and authority to do so and to perform eWireand every act and thing necessary to be done in connection with implementing requested transactions, including verifying the content and authenticity of fund transfer and other transaction instructions for purposes of security procedures applicable to accounts, as fully to all intents and purposes as you might or could in person.</li><li>You authorize us to select any reasonable and lawful means to implement your transaction instructions.</li><li>You represent and warrant that you are at least 18 years of age, you have read this Agreement and Disclosure, and you agree to be bound by its terms and conditions. You agree that we can and will rely on your warranties, representations, covenants and agreements in this Agreement and Disclosure.</li></ul><p>ONLINE BANKING, BILL PAYER AND EXTERNAL TRANSFER WIRE SERVICE AND RELATED DOCUMENTATION ARE PROVIDED \"AS IS\" WITHOUT WARRANTY OF ANY KIND, EITHER EXPRESSED OR IMPLIED, INCLUDING, BUT NOT LIMITED TO, THE IMPLIED WARRANTIES OF MERCHANTABILITY AND FITNESS FOR A PARTICULAR PURPOSE.</p><p><strong> Proceed with enrollment for The Service. </strong> By clicking on the \" <strong> Accept </strong> \" button you are acknowledging that you have read and agree to the terms and conditions of this Agreement and would like to proceed with online registration.</p><p>(If you do not agree, choose cancel below.)</p><p>If you click \" <strong> cancel </strong> \" you can still enroll in our Online Banking at a later time by completing an application in one of our offices or by mailing us the enrollment application. You will still be required to accept the Terms of this Agreement.</p><p><strong> FinanceWorks &amp; Debit Rewards Offers -- End User License Agreement </strong></p><p><strong> In addition to the above content, if you decide to use either FinanceWorks or the Debit Rewards Offers application, you acknowledge and agree to the following terms and conditions of service. </strong></p><p><strong> LICENSE GRANT AND RESTRICTIONS. </strong> You are granted a personal, limited, non-exclusive, non-transferable license, to electronically access and use the FinanceWorks Service (the \"Service\") solely to manage your financial data, and the purchase rewards application (\"Debit Rewards Offers\") to benefit from your debit card purchases.</p><p>In addition to the FinanceWorks Service and the Debit Rewards Offers, the terms \"Service\" and \"Debit Rewards Offers\" also include any other programs, tools, internet-based services, components and any \"updates\" (for example, Service maintenance, Debit Rewards information, help content, bug fixes, or maintenance releases, etc.) of the Service or Debit Rewards Offers if and when they are made available to you by us or by our third party vendors. Certain Service and Debit Rewards Offers may be accompanied by, and will be subject to, additional terms and conditions.</p><p>You are not licensed or permitted to do any of the following and you may not allow any third party to do any of the following: (i) access or attempt to access any other systems, programs or data that are not made available for public use; (ii) copy, reproduce, republish, upload, post, transmit, resell or distribute in any way the material from the FinanceWorks site or from the Debit Rewards Offers program; (iii) permit any third party to benefit from the use or functionality of the Service or Debit Rewards Offers, or any other services provided in connection with them, via a rental, lease, timesharing, service bureau, or other arrangement; (iv) transfer any of the rights granted to you ' WHERE (`id` = 'TER_CON_ID1');

UPDATE IGNORE `product` SET `productDescription` = NULL WHERE `id` = 'PRODUCT1';
UPDATE IGNORE `product` SET `productDescription` = NULL WHERE `id` = 'PRODUCT2';
UPDATE IGNORE `product` SET `productDescription` = NULL WHERE `id` = 'PRODUCT3';
UPDATE IGNORE `product` SET `productDescription` = NULL WHERE `id` = 'PRODUCT4';
UPDATE IGNORE `product` SET `productDescription` = NULL WHERE `id` = 'PRODUCT5';
UPDATE IGNORE `product` SET `productDescription` = NULL WHERE `id` = 'PRODUCT6';
UPDATE IGNORE `product` SET `productDescription` = NULL WHERE `id` = 'PRODUCT7';
UPDATE IGNORE `product` SET `productDescription` = NULL WHERE `id` = 'PRODUCT8';
UPDATE IGNORE `product` SET `productDescription` = NULL WHERE `id` = 'PRODUCT9';
UPDATE IGNORE `product` SET `productDescription` = NULL WHERE `id` = 'PRODUCT10';
UPDATE IGNORE `product` SET `productDescription` = NULL WHERE `id` = 'PRODUCT11';
UPDATE IGNORE `product` SET `productDescription` = NULL WHERE `id` = 'PRODUCT12';
UPDATE IGNORE `product` SET `productDescription` = NULL WHERE `id` = 'PRODUCT13';
UPDATE IGNORE `product` SET `productDescription` = NULL WHERE `id` = 'PRODUCT14';

DELETE FROM customersecurityquestions;

DELETE FROM securityquestion;

INSERT INTO `securityquestion` (`id`, `Status_id`, `Question`, `createdby`, `modifiedby`, `createdts`, `lastmodifiedts`, `synctimestamp`, `softdeleteflag`) VALUES ('SEC_QUES_ID_1','SID_ACTIVE','What is the name of your favourite childhood friend?','Kony User','Kony Dev',CURRENT_TIMESTAMP,CURRENT_TIMESTAMP,CURRENT_TIMESTAMP,0);
INSERT INTO `securityquestion` (`id`, `Status_id`, `Question`, `createdby`, `modifiedby`, `createdts`, `lastmodifiedts`, `synctimestamp`, `softdeleteflag`) VALUES ('SEC_QUES_ID_2','SID_ACTIVE','What is your mother''s maiden name?','Kony User','Kony Dev',CURRENT_TIMESTAMP,CURRENT_TIMESTAMP,CURRENT_TIMESTAMP,0);
INSERT INTO `securityquestion` (`id`, `Status_id`, `Question`, `createdby`, `modifiedby`, `createdts`, `lastmodifiedts`, `synctimestamp`, `softdeleteflag`) VALUES ('SEC_QUES_ID_3','SID_ACTIVE','In what city or town did your mother and father meet?','Kony User','Kony Dev',CURRENT_TIMESTAMP,CURRENT_TIMESTAMP,CURRENT_TIMESTAMP,0);
INSERT INTO `securityquestion` (`id`, `Status_id`, `Question`, `createdby`, `modifiedby`, `createdts`, `lastmodifiedts`, `synctimestamp`, `softdeleteflag`) VALUES ('SEC_QUES_ID_4','SID_ACTIVE','What is the name of your favourite childhood teacher?','Kony User','Kony Dev',CURRENT_TIMESTAMP,CURRENT_TIMESTAMP,CURRENT_TIMESTAMP,0);
INSERT INTO `securityquestion` (`id`, `Status_id`, `Question`, `createdby`, `modifiedby`, `createdts`, `lastmodifiedts`, `synctimestamp`, `softdeleteflag`) VALUES ('SEC_QUES_ID_5','SID_ACTIVE','What was your childhood nickname?','Kony User','Kony Dev',CURRENT_TIMESTAMP,CURRENT_TIMESTAMP,CURRENT_TIMESTAMP,0);
INSERT INTO `securityquestion` (`id`, `Status_id`, `Question`, `createdby`, `modifiedby`, `createdts`, `lastmodifiedts`, `synctimestamp`, `softdeleteflag`) VALUES ('SEC_QUES_ID_6','SID_ACTIVE','What time of the day were you born?','Kony User','Kony Dev',CURRENT_TIMESTAMP,CURRENT_TIMESTAMP,CURRENT_TIMESTAMP,0);
INSERT INTO `securityquestion` (`id`, `Status_id`, `Question`, `createdby`, `modifiedby`, `createdts`, `lastmodifiedts`, `synctimestamp`, `softdeleteflag`) VALUES ('SEC_QUES_ID_7','SID_ACTIVE','In which city was your grandmother born? (father''s mother)','Kony User','Kony Dev',CURRENT_TIMESTAMP,CURRENT_TIMESTAMP,CURRENT_TIMESTAMP,0);
INSERT INTO `securityquestion` (`id`, `Status_id`, `Question`, `createdby`, `modifiedby`, `createdts`, `lastmodifiedts`, `synctimestamp`, `softdeleteflag`) VALUES ('SEC_QUES_ID_8','SID_ACTIVE','What was the name of your first pet?','Kony User','Kony Dev',CURRENT_TIMESTAMP,CURRENT_TIMESTAMP,CURRENT_TIMESTAMP,0);
INSERT INTO `securityquestion` (`id`, `Status_id`, `Question`, `createdby`, `modifiedby`, `createdts`, `lastmodifiedts`, `synctimestamp`, `softdeleteflag`) VALUES ('SEC_QUES_ID_9','SID_ACTIVE','What is your favourite shampoo brand?','Kony User','Kony Dev',CURRENT_TIMESTAMP,CURRENT_TIMESTAMP,CURRENT_TIMESTAMP,0);
INSERT INTO `securityquestion` (`id`, `Status_id`, `Question`, `createdby`, `modifiedby`, `createdts`, `lastmodifiedts`, `synctimestamp`, `softdeleteflag`) VALUES ('SEC_QUES_ID_10','SID_ACTIVE','What is the name of your favourite uncle?','Kony User','Kony Dev',CURRENT_TIMESTAMP,CURRENT_TIMESTAMP,CURRENT_TIMESTAMP,0);
INSERT INTO `securityquestion` (`id`, `Status_id`, `Question`, `createdby`, `modifiedby`, `createdts`, `lastmodifiedts`, `synctimestamp`, `softdeleteflag`) VALUES ('SEC_QUES_ID_11','SID_ACTIVE','Where did you spend your childhood summers?','Kony User','Kony Dev',CURRENT_TIMESTAMP,CURRENT_TIMESTAMP,CURRENT_TIMESTAMP,0);

INSERT INTO `permission` (`id`, `Type_id`, `Status_id`, `Name`, `Description`, `isComposite`, `PermissionValue`, `createdby`, `modifiedby`) VALUES ('PID73', 'PER_TYPE_CUSTOMER', 'SID_ACTIVE', 'UpgradeRetailUserToBusiness', 'Users with this permission can upgrade an existsing customer', '0', 'TRUE', 'Kony User', 'Kony Dev');
INSERT INTO `rolepermission` (`Role_id`, `Permission_id`, `createdby`, `modifiedby`) VALUES ('RID_SUPERADMIN', 'PID73', 'Kony User', 'Kony Dev');
