UPDATE IGNORE `customercommunication` SET `Value` = 'dbxuser@kony.com' WHERE (`id` = 'CUS_190128223220461');
UPDATE IGNORE `customercommunication` SET `Value` = 'dbxuser@kony.com' WHERE (`id` = 'CUS_190128223817179');
UPDATE IGNORE `customercommunication` SET `Value` = 'dbxuser@kony.com' WHERE (`id` = 'CUS_190128224231586');
UPDATE IGNORE `customercommunication` SET `Value` = 'dbxuser@kony.com' WHERE (`id` = 'CUS_190128224626598');

INSERT INTO `locale` (`Code`, `Language`, `createdby`, `modifiedby`, `createdts`, `lastmodifiedts`, `synctimestamp`, `softdeleteflag`) VALUES ('de-DE','German (Germany)','Kony User','Kony Dev',CURRENT_TIMESTAMP,CURRENT_TIMESTAMP,CURRENT_TIMESTAMP,0);
INSERT INTO `locale` (`Code`, `Language`, `createdby`, `modifiedby`, `createdts`, `lastmodifiedts`, `synctimestamp`, `softdeleteflag`) VALUES ('en-GB','English (United Kingdom)','Kony User','Kony Dev',CURRENT_TIMESTAMP,CURRENT_TIMESTAMP,CURRENT_TIMESTAMP,0);
INSERT INTO `locale` (`Code`, `Language`, `createdby`, `modifiedby`, `createdts`, `lastmodifiedts`, `synctimestamp`, `softdeleteflag`) VALUES ('en-US','English (United States)','Kony User','Kony Dev',CURRENT_TIMESTAMP,CURRENT_TIMESTAMP,CURRENT_TIMESTAMP,0);
INSERT INTO `locale` (`Code`, `Language`, `createdby`, `modifiedby`, `createdts`, `lastmodifiedts`, `synctimestamp`, `softdeleteflag`) VALUES ('es-ES','Spanish (Spain)','Kony User','Kony Dev',CURRENT_TIMESTAMP,CURRENT_TIMESTAMP,CURRENT_TIMESTAMP,0);
INSERT INTO `locale` (`Code`, `Language`, `createdby`, `modifiedby`, `createdts`, `lastmodifiedts`, `synctimestamp`, `softdeleteflag`) VALUES ('fr-FR','French (France)','Kony User','Kony Dev',CURRENT_TIMESTAMP,CURRENT_TIMESTAMP,CURRENT_TIMESTAMP,0);
INSERT INTO `locale` (`Code`, `Language`, `createdby`, `modifiedby`, `createdts`, `lastmodifiedts`, `synctimestamp`, `softdeleteflag`) VALUES ('it-IT','Italian (Italy)','Kony User','Kony Dev',CURRENT_TIMESTAMP,CURRENT_TIMESTAMP,CURRENT_TIMESTAMP,0);
INSERT INTO `locale` (`Code`, `Language`, `createdby`, `modifiedby`, `createdts`, `lastmodifiedts`, `synctimestamp`, `softdeleteflag`) VALUES ('sv-SE','Swedish (Sweden)','Kony User','Kony Dev',CURRENT_TIMESTAMP,CURRENT_TIMESTAMP,CURRENT_TIMESTAMP,0);

INSERT INTO `dbxalertcategory` (`id`, `Name`, `accountLevel`, `status_id`, `DisplaySequence`, `modifiedby`, `createdts`, `lastmodifiedts`, `synctimestamp`, `softdeleteflag`) VALUES ('ALERT_CAT_SECURITY', 'Security', '0', 'SID_ACTIVE', '1', 'Kony User', CURRENT_TIMESTAMP, CURRENT_TIMESTAMP, CURRENT_TIMESTAMP, '0');
INSERT INTO `dbxalertcategory` (`id`, `Name`, `accountLevel`, `status_id`, `DisplaySequence`, `modifiedby`, `createdts`, `lastmodifiedts`, `synctimestamp`, `softdeleteflag`) VALUES ('ALERT_CAT_TRANSACTIONAL', 'Transaction & Payment', '0', 'SID_ACTIVE', '2', 'Kony User', CURRENT_TIMESTAMP, CURRENT_TIMESTAMP, CURRENT_TIMESTAMP, '0');

INSERT INTO `dbxalertcategorytext` (`AlertCategoryId`, `LanguageCode`, `DisplayName`, `Description`, `createdts`, `lastmodifiedts`, `synctimestamp`, `softdeleteflag`) VALUES ('ALERT_CAT_SECURITY', 'en-US', 'Security', 'Security alerts are sent when any sensitive data of a customer is accessed/updated. Certain high security alerts are sent as mandatory alerts like login attempt, username or password update. For others, the customers can choose to activate or deactivate them.', CURRENT_TIMESTAMP, CURRENT_TIMESTAMP, CURRENT_TIMESTAMP, '0');
INSERT INTO `dbxalertcategorytext` (`AlertCategoryId`, `LanguageCode`, `DisplayName`, `Description`, `createdts`, `lastmodifiedts`, `synctimestamp`, `softdeleteflag`) VALUES ('ALERT_CAT_TRANSACTIONAL', 'en-US', 'Transaction & Payment', 'These alerts are sent when any transfer/payment related activity happens. The customer can choose to activate or deactivate these alerts.', CURRENT_TIMESTAMP, CURRENT_TIMESTAMP, CURRENT_TIMESTAMP, '0');

INSERT INTO `channel` (`id`, `status_id`, `createdts`, `lastmodifiedts`, `synctimestamp`, `softdeleteflag`) VALUES ('CH_EMAIL', 'SID_ACTIVE', CURRENT_TIMESTAMP, CURRENT_TIMESTAMP, CURRENT_TIMESTAMP, '0');
INSERT INTO `channel` (`id`, `status_id`, `createdts`, `lastmodifiedts`, `synctimestamp`, `softdeleteflag`) VALUES ('CH_PUSH_NOTIFICATION', 'SID_ACTIVE', CURRENT_TIMESTAMP, CURRENT_TIMESTAMP, CURRENT_TIMESTAMP, '0');
INSERT INTO `channel` (`id`, `status_id`, `createdts`, `lastmodifiedts`, `synctimestamp`, `softdeleteflag`) VALUES ('CH_NOTIFICATION_CENTER', 'SID_ACTIVE', CURRENT_TIMESTAMP, CURRENT_TIMESTAMP, CURRENT_TIMESTAMP, '0');
INSERT INTO `channel` (`id`, `status_id`, `createdts`, `lastmodifiedts`, `synctimestamp`, `softdeleteflag`) VALUES ('CH_SMS', 'SID_ACTIVE', CURRENT_TIMESTAMP, CURRENT_TIMESTAMP, CURRENT_TIMESTAMP, '0');

INSERT INTO `alertcategorychannel` (`ChannelID`, `AlertCategoryId`, `createdby`, `createdts`, `lastmodifiedts`, `synctimestamp`, `softdeleteflag`) VALUES ('CH_PUSH_NOTIFICATION', 'ALERT_CAT_SECURITY', 'Kony User', CURRENT_TIMESTAMP, CURRENT_TIMESTAMP, CURRENT_TIMESTAMP, '0');
INSERT INTO `alertcategorychannel` (`ChannelID`, `AlertCategoryId`, `createdby`, `createdts`, `lastmodifiedts`, `synctimestamp`, `softdeleteflag`) VALUES ('CH_NOTIFICATION_CENTER', 'ALERT_CAT_SECURITY', 'Kony User', CURRENT_TIMESTAMP, CURRENT_TIMESTAMP, CURRENT_TIMESTAMP, '0');
INSERT INTO `alertcategorychannel` (`ChannelID`, `AlertCategoryId`, `createdby`, `createdts`, `lastmodifiedts`, `synctimestamp`, `softdeleteflag`) VALUES ('CH_SMS', 'ALERT_CAT_SECURITY', 'Kony User', CURRENT_TIMESTAMP, CURRENT_TIMESTAMP, CURRENT_TIMESTAMP, '0');
INSERT INTO `alertcategorychannel` (`ChannelID`, `AlertCategoryId`, `createdby`, `createdts`, `lastmodifiedts`, `synctimestamp`, `softdeleteflag`) VALUES ('CH_EMAIL', 'ALERT_CAT_SECURITY', 'Kony User', CURRENT_TIMESTAMP, CURRENT_TIMESTAMP, CURRENT_TIMESTAMP, '0');
INSERT INTO `alertcategorychannel` (`ChannelID`, `AlertCategoryId`, `createdby`, `modifiedby`, `createdts`, `lastmodifiedts`, `synctimestamp`, `softdeleteflag`) VALUES ('CH_SMS', 'ALERT_CAT_TRANSACTIONAL', 'Kony User', '', CURRENT_TIMESTAMP, CURRENT_TIMESTAMP, CURRENT_TIMESTAMP, '0');
INSERT INTO `alertcategorychannel` (`ChannelID`, `AlertCategoryId`, `createdby`, `modifiedby`, `createdts`, `lastmodifiedts`, `synctimestamp`, `softdeleteflag`) VALUES ('CH_NOTIFICATION_CENTER', 'ALERT_CAT_TRANSACTIONAL', 'Kony User', '', CURRENT_TIMESTAMP, CURRENT_TIMESTAMP, CURRENT_TIMESTAMP, '0');
INSERT INTO `alertcategorychannel` (`ChannelID`, `AlertCategoryId`, `createdby`, `modifiedby`, `createdts`, `lastmodifiedts`, `synctimestamp`, `softdeleteflag`) VALUES ('CH_PUSH_NOTIFICATION', 'ALERT_CAT_TRANSACTIONAL', 'Kony User', '', CURRENT_TIMESTAMP, CURRENT_TIMESTAMP, CURRENT_TIMESTAMP, '0');
INSERT INTO `alertcategorychannel` (`ChannelID`, `AlertCategoryId`, `createdby`, `modifiedby`, `createdts`, `lastmodifiedts`, `synctimestamp`, `softdeleteflag`) VALUES ('CH_EMAIL', 'ALERT_CAT_TRANSACTIONAL', 'Kony User', '', CURRENT_TIMESTAMP, CURRENT_TIMESTAMP, CURRENT_TIMESTAMP, '0');

INSERT INTO `channeltext` (`channelID`, `LanguageCode`, `Description`, `createdby`, `createdts`, `lastmodifiedts`, `synctimestamp`, `softdeleteflag`) VALUES ('CH_NOTIFICATION_CENTER', 'en-US', 'Notification Center', 'Kony User', CURRENT_TIMESTAMP, CURRENT_TIMESTAMP, CURRENT_TIMESTAMP, '0');
INSERT INTO `channeltext` (`channelID`, `LanguageCode`, `Description`, `createdby`, `createdts`, `lastmodifiedts`, `synctimestamp`, `softdeleteflag`) VALUES ('CH_PUSH_NOTIFICATION', 'en-US', 'Push Notification', 'Kony User', CURRENT_TIMESTAMP, CURRENT_TIMESTAMP, CURRENT_TIMESTAMP, '0');
INSERT INTO `channeltext` (`channelID`, `LanguageCode`, `Description`, `createdby`, `createdts`, `lastmodifiedts`, `synctimestamp`, `softdeleteflag`) VALUES ('CH_SMS', 'en-US', 'SMS/Text', 'Kony User', CURRENT_TIMESTAMP, CURRENT_TIMESTAMP, CURRENT_TIMESTAMP, '0');
INSERT INTO `channeltext` (`channelID`, `LanguageCode`, `Description`, `createdby`, `createdts`, `lastmodifiedts`, `synctimestamp`, `softdeleteflag`) VALUES ('CH_EMAIL', 'en-US', 'Email', 'Kony User', CURRENT_TIMESTAMP, CURRENT_TIMESTAMP, CURRENT_TIMESTAMP, '0');

INSERT INTO `dbxalerttype` (`id`, `Name`, `AlertCategoryId`, `Status_id`, `IsGlobal`, `DisplaySequence`) VALUES ('CREDENTIAL_CHANGE', 'Credential Change', 'ALERT_CAT_SECURITY', 'SID_ACTIVE', '1', '1');
INSERT INTO `dbxalerttype` (`id`, `Name`, `AlertCategoryId`, `Status_id`, `IsGlobal`, `DisplaySequence`) VALUES ('LOGIN', 'Login', 'ALERT_CAT_SECURITY', 'SID_ACTIVE', '1', '2');
INSERT INTO `dbxalerttype` (`id`, `Name`, `AlertCategoryId`, `Status_id`, `IsGlobal`, `DisplaySequence`) VALUES ('PROFILE_UPDATE', 'Profile Update', 'ALERT_CAT_SECURITY', 'SID_ACTIVE', '0', '3');
INSERT INTO `dbxalerttype` (`id`, `Name`, `AlertCategoryId`, `Status_id`, `IsGlobal`, `DisplaySequence`) VALUES ('BILL_PAYEE', 'Bill Payee', 'ALERT_CAT_TRANSACTIONAL', 'SID_ACTIVE', '0', '1');
INSERT INTO `dbxalerttype` (`id`, `Name`, `AlertCategoryId`, `Status_id`, `IsGlobal`, `DisplaySequence`) VALUES ('P2P_RECIPIENT', 'P2P Recipient ', 'ALERT_CAT_TRANSACTIONAL', 'SID_ACTIVE', '0', '2');
INSERT INTO `dbxalerttype` (`id`, `Name`, `AlertCategoryId`, `Status_id`, `IsGlobal`, `DisplaySequence`) VALUES ('TRANSFER_RECIPIENT', 'Transfer Recipient ', 'ALERT_CAT_TRANSACTIONAL', 'SID_ACTIVE', '0', '3');
INSERT INTO `dbxalerttype` (`id`, `Name`, `AlertCategoryId`, `Status_id`, `IsGlobal`, `DisplaySequence`) VALUES ('MAKE_TRANSFER', 'Make Transfer', 'ALERT_CAT_TRANSACTIONAL', 'SID_ACTIVE', '0', '4');

INSERT INTO `dbxalerttypetext` (`AlertTypeId`, `LanguageCode`, `DisplayName`, `Description`) VALUES ('CREDENTIAL_CHANGE', 'en-US', 'Username/Password Change', 'An alert is sent when the digital login username or password is changed.');
INSERT INTO `dbxalerttypetext` (`AlertTypeId`, `LanguageCode`, `DisplayName`, `Description`) VALUES ('LOGIN', 'en-US', 'Login Alerts', 'An alert is sent when a login attempt is made into the digital banking app.');
INSERT INTO `dbxalerttypetext` (`AlertTypeId`, `LanguageCode`, `DisplayName`, `Description`) VALUES ('PROFILE_UPDATE', 'en-US', 'Primary phone/email/address Change', 'An alert is sent when any secure profile information is updated like primary phone, email or address.');
INSERT INTO `dbxalerttypetext` (`AlertTypeId`, `LanguageCode`, `DisplayName`, `Description`) VALUES ('BILL_PAYEE', 'en-US', 'Bill Payees List Modified ', 'An alert is sent when a bill payee is added.');
INSERT INTO `dbxalerttypetext` (`AlertTypeId`, `LanguageCode`, `DisplayName`, `Description`) VALUES ('P2P_RECIPIENT', 'en-US', 'P2P Recipients List Modified', 'An alert is sent when a P2P recipient is added.');
INSERT INTO `dbxalerttypetext` (`AlertTypeId`, `LanguageCode`, `DisplayName`, `Description`) VALUES ('TRANSFER_RECIPIENT', 'en-US', 'Transfer Recipients List Modified', 'An alert is sent a transfer recipient is added.');
INSERT INTO `dbxalerttypetext` (`AlertTypeId`, `LanguageCode`, `DisplayName`, `Description`) VALUES ('MAKE_TRANSFER', 'en-US', 'Transfer Made', 'An alert is sent when any transfer.');

INSERT INTO `app` (`id`, `Name`, `Description`, `Status_id`, `createdby`, `modifiedby`, `createdts`, `lastmodifiedts`, `synctimestamp`, `softdeleteflag`) VALUES ('BUSINESS_BANKING','Business Banking','Business Banking','SID_ACTIVE','Kony User','Kony User',CURRENT_TIMESTAMP,CURRENT_TIMESTAMP,CURRENT_TIMESTAMP,0);
INSERT INTO `app` (`id`, `Name`, `Description`, `Status_id`, `createdby`, `modifiedby`, `createdts`, `lastmodifiedts`, `synctimestamp`, `softdeleteflag`) VALUES ('CONSUMER_LENDING','Consumer Lending','Consumer Lending','SID_ACTIVE','Kony User','Kony User',CURRENT_TIMESTAMP,CURRENT_TIMESTAMP,CURRENT_TIMESTAMP,0);
INSERT INTO `app` (`id`, `Name`, `Description`, `Status_id`, `createdby`, `modifiedby`, `createdts`, `lastmodifiedts`, `synctimestamp`, `softdeleteflag`) VALUES ('ONBOARDING','Customer Onboarding','Customer Onboarding','SID_ACTIVE','Kony User','Kony User',CURRENT_TIMESTAMP,CURRENT_TIMESTAMP,CURRENT_TIMESTAMP,0);
INSERT INTO `app` (`id`, `Name`, `Description`, `Status_id`, `createdby`, `modifiedby`, `createdts`, `lastmodifiedts`, `synctimestamp`, `softdeleteflag`) VALUES ('RETAIL_BANKING','Retail Banking','Retail Banking','SID_ACTIVE','Kony User','Kony User',CURRENT_TIMESTAMP,CURRENT_TIMESTAMP,CURRENT_TIMESTAMP,0);

INSERT INTO `alerttypeapp` (`AppId`, `AlertTypeId`, `createdby`) VALUES ('BUSINESS_BANKING', 'CREDENTIAL_CHANGE', 'Kony User');
INSERT INTO `alerttypeapp` (`AppId`, `AlertTypeId`, `createdby`) VALUES ('RETAIL_BANKING', 'CREDENTIAL_CHANGE', 'Kony User');
INSERT INTO `alerttypeapp` (`AppId`, `AlertTypeId`, `createdby`) VALUES ('BUSINESS_BANKING', 'LOGIN', 'Kony User');
INSERT INTO `alerttypeapp` (`AppId`, `AlertTypeId`, `createdby`) VALUES ('RETAIL_BANKING', 'LOGIN', 'Kony User');
INSERT INTO `alerttypeapp` (`AppId`, `AlertTypeId`, `createdby`) VALUES ('BUSINESS_BANKING', 'PROFILE_UPDATE', 'Kony User');
INSERT INTO `alerttypeapp` (`AppId`, `AlertTypeId`, `createdby`) VALUES ('RETAIL_BANKING', 'PROFILE_UPDATE', 'Kony User');
INSERT INTO `alerttypeapp` (`AppId`, `AlertTypeId`, `createdby`) VALUES ('RETAIL_BANKING', 'BILL_PAYEE', 'Kony User');
INSERT INTO `alerttypeapp` (`AppId`, `AlertTypeId`, `createdby`) VALUES ('BUSINESS_BANKING', 'BILL_PAYEE', 'Kony User');
INSERT INTO `alerttypeapp` (`AppId`, `AlertTypeId`, `createdby`) VALUES ('RETAIL_BANKING', 'P2P_RECIPIENT', 'Kony User');
INSERT INTO `alerttypeapp` (`AppId`, `AlertTypeId`, `createdby`) VALUES ('BUSINESS_BANKING', 'P2P_RECIPIENT', 'Kony User');
INSERT INTO `alerttypeapp` (`AppId`, `AlertTypeId`, `createdby`) VALUES ('RETAIL_BANKING', 'TRANSFER_RECIPIENT', 'Kony User');
INSERT INTO `alerttypeapp` (`AppId`, `AlertTypeId`, `createdby`) VALUES ('BUSINESS_BANKING', 'TRANSFER_RECIPIENT', 'Kony User');
INSERT INTO `alerttypeapp` (`AppId`, `AlertTypeId`, `createdby`) VALUES ('RETAIL_BANKING', 'MAKE_TRANSFER', 'Kony User');
INSERT INTO `alerttypeapp` (`AppId`, `AlertTypeId`, `createdby`) VALUES ('BUSINESS_BANKING', 'MAKE_TRANSFER', 'Kony User');

INSERT INTO `alerttypecustomertype` (`CustomerTypeId`, `AlertTypeId`, `createdby`) VALUES ('TYPE_ID_RETAIL', 'CREDENTIAL_CHANGE', 'Kony User');
INSERT INTO `alerttypecustomertype` (`CustomerTypeId`, `AlertTypeId`, `createdby`) VALUES ('TYPE_ID_MICRO_BUSINESS', 'CREDENTIAL_CHANGE', 'Kony User');
INSERT INTO `alerttypecustomertype` (`CustomerTypeId`, `AlertTypeId`, `createdby`) VALUES ('TYPE_ID_SMALL_BUSINESS', 'CREDENTIAL_CHANGE', 'Kony User');
INSERT INTO `alerttypecustomertype` (`CustomerTypeId`, `AlertTypeId`, `createdby`) VALUES ('TYPE_ID_RETAIL', 'LOGIN', 'Kony User');
INSERT INTO `alerttypecustomertype` (`CustomerTypeId`, `AlertTypeId`, `createdby`) VALUES ('TYPE_ID_MICRO_BUSINESS', 'LOGIN', 'Kony User');
INSERT INTO `alerttypecustomertype` (`CustomerTypeId`, `AlertTypeId`, `createdby`) VALUES ('TYPE_ID_SMALL_BUSINESS', 'LOGIN', 'Kony User');
INSERT INTO `alerttypecustomertype` (`CustomerTypeId`, `AlertTypeId`, `createdby`) VALUES ('TYPE_ID_RETAIL', 'PROFILE_UPDATE', 'Kony User');
INSERT INTO `alerttypecustomertype` (`CustomerTypeId`, `AlertTypeId`, `createdby`) VALUES ('TYPE_ID_MICRO_BUSINESS', 'PROFILE_UPDATE', 'Kony User');
INSERT INTO `alerttypecustomertype` (`CustomerTypeId`, `AlertTypeId`, `createdby`) VALUES ('TYPE_ID_SMALL_BUSINESS', 'PROFILE_UPDATE', 'Kony User');
INSERT INTO `alerttypecustomertype` (`CustomerTypeId`, `AlertTypeId`, `createdby`) VALUES ('TYPE_ID_SMALL_BUSINESS', 'BILL_PAYEE', 'Kony User');
INSERT INTO `alerttypecustomertype` (`CustomerTypeId`, `AlertTypeId`, `createdby`) VALUES ('TYPE_ID_RETAIL', 'BILL_PAYEE', 'Kony User');
INSERT INTO `alerttypecustomertype` (`CustomerTypeId`, `AlertTypeId`, `createdby`) VALUES ('TYPE_ID_MICRO_BUSINESS', 'BILL_PAYEE', 'Kony User');
INSERT INTO `alerttypecustomertype` (`CustomerTypeId`, `AlertTypeId`, `createdby`) VALUES ('TYPE_ID_SMALL_BUSINESS', 'P2P_RECIPIENT', 'Kony User');
INSERT INTO `alerttypecustomertype` (`CustomerTypeId`, `AlertTypeId`, `createdby`) VALUES ('TYPE_ID_RETAIL', 'P2P_RECIPIENT', 'Kony User');
INSERT INTO `alerttypecustomertype` (`CustomerTypeId`, `AlertTypeId`, `createdby`) VALUES ('TYPE_ID_MICRO_BUSINESS', 'P2P_RECIPIENT', 'Kony User');
INSERT INTO `alerttypecustomertype` (`CustomerTypeId`, `AlertTypeId`, `createdby`) VALUES ('TYPE_ID_SMALL_BUSINESS', 'TRANSFER_RECIPIENT', 'Kony User');
INSERT INTO `alerttypecustomertype` (`CustomerTypeId`, `AlertTypeId`, `createdby`) VALUES ('TYPE_ID_RETAIL', 'TRANSFER_RECIPIENT', 'Kony User');
INSERT INTO `alerttypecustomertype` (`CustomerTypeId`, `AlertTypeId`, `createdby`) VALUES ('TYPE_ID_MICRO_BUSINESS', 'TRANSFER_RECIPIENT', 'Kony User');
INSERT INTO `alerttypecustomertype` (`CustomerTypeId`, `AlertTypeId`, `createdby`) VALUES ('TYPE_ID_SMALL_BUSINESS', 'MAKE_TRANSFER', 'Kony User');
INSERT INTO `alerttypecustomertype` (`CustomerTypeId`, `AlertTypeId`, `createdby`) VALUES ('TYPE_ID_RETAIL', 'MAKE_TRANSFER', 'Kony User');
INSERT INTO `alerttypecustomertype` (`CustomerTypeId`, `AlertTypeId`, `createdby`) VALUES ('TYPE_ID_MICRO_BUSINESS', 'MAKE_TRANSFER', 'Kony User');

INSERT INTO `alertsubtype` (`id`, `AlertTypeId`, `Name`, `Description`) VALUES ('PASSWORD_CHANGE', 'CREDENTIAL_CHANGE', 'Password Change', 'Alert when customer''s login password is changed.');
INSERT INTO `alertsubtype` (`id`, `AlertTypeId`, `Name`, `Description`) VALUES ('USERNAME_CHANGE', 'CREDENTIAL_CHANGE', 'Username Change', 'Alert when customer''s login username is changed.');
INSERT INTO `alertsubtype` (`id`, `AlertTypeId`, `Name`, `Description`) VALUES ('LOGIN_ATTEMPT', 'LOGIN', 'Login Attempt', 'Alert when a successful or failed login attempt is made.');
INSERT INTO `alertsubtype` (`id`, `AlertTypeId`, `Name`, `Description`) VALUES ('ACCOUNT_LOCKED', 'LOGIN', 'Account Locked', 'Alert when customer exceeds maximum failed login attempts & the account gets locked.');
INSERT INTO `alertsubtype` (`id`, `AlertTypeId`, `Name`, `Description`) VALUES ('PRIMARY_PHONE_CHANGE', 'PROFILE_UPDATE', 'Primary Phone Number Change', 'Alert when customer''s primary phone number is changed/updated.');
INSERT INTO `alertsubtype` (`id`, `AlertTypeId`, `Name`, `Description`) VALUES ('PRIMARY_EMAIL_CHANGE', 'PROFILE_UPDATE', 'Primary Email Change', 'Alert when customer''s primary email is changed/updated.');
INSERT INTO `alertsubtype` (`id`, `AlertTypeId`, `Name`, `Description`) VALUES ('PRIMARY_ADDRESS_CHANGE', 'PROFILE_UPDATE', 'Primary Address Change', 'Alert when customer''s primary address is changed/updated.');
INSERT INTO `alertsubtype` (`id`, `AlertTypeId`, `Name`, `Description`) VALUES ('BILL_PAYEE_ADDED', 'BILL_PAYEE', 'Bill Payee Added', 'Alert when Bill Payee Added.');
INSERT INTO `alertsubtype` (`id`, `AlertTypeId`, `Name`, `Description`) VALUES ('P2P_RECIPIENT_ADDED', 'P2P_RECIPIENT', 'P2P Recipient Added', 'Alert when P2P Recipient Added.');
INSERT INTO `alertsubtype` (`id`, `AlertTypeId`, `Name`, `Description`) VALUES ('INT_WIRE_RECIPIENT_ADDED', 'TRANSFER_RECIPIENT', 'International Wire Recipient Added', 'Alert when international wire recipient is added.');
INSERT INTO `alertsubtype` (`id`, `AlertTypeId`, `Name`, `Description`) VALUES ('INT_TRANSFER_RECIPIENT_ADDED', 'TRANSFER_RECIPIENT', 'International Transfer Recipient Added', 'Alert when international transfer recipient is added.');
INSERT INTO `alertsubtype` (`id`, `AlertTypeId`, `Name`, `Description`) VALUES ('DOM_WIRE_RECIPIENT_ADDED', 'TRANSFER_RECIPIENT', 'Domestic Wire Recipient Added', 'Alert when domestic wire recipient is added.');
INSERT INTO `alertsubtype` (`id`, `AlertTypeId`, `Name`, `Description`) VALUES ('OTHER_BANK_RECIPIENT_ADDED', 'TRANSFER_RECIPIENT', 'Other Bank Recipient Added', 'Alert when other bank transfer recipient is added.');
INSERT INTO `alertsubtype` (`id`, `AlertTypeId`, `Name`, `Description`) VALUES ('SAME_BANK_RECIPIENT_ADDED', 'TRANSFER_RECIPIENT', 'Same Bank Recipeint Added', 'Alert when same bank recipient is added.');
INSERT INTO `alertsubtype` (`id`, `AlertTypeId`, `Name`, `Description`) VALUES ('ONETIME_OTHER_BANK_TRANSFER', 'MAKE_TRANSFER', 'Other Bank Onetime Transfer', 'Alert when a other bank onetime transfer is made.');
INSERT INTO `alertsubtype` (`id`, `AlertTypeId`, `Name`, `Description`) VALUES ('SCHEDULED_OTHER_BANK_TRANSFER', 'MAKE_TRANSFER', 'Other Bank Scheduled Transfer', 'Alert when a other bank scheduled transfer is made.');
INSERT INTO `alertsubtype` (`id`, `AlertTypeId`, `Name`, `Description`) VALUES ('RECURRING_OTHER_BANK_TRANSFER', 'MAKE_TRANSFER', 'Other Bank Recurring Transfer', 'Alert when a other bank recurring transfer is made.');
INSERT INTO `alertsubtype` (`id`, `AlertTypeId`, `Name`, `Description`) VALUES ('ONETIME_OWN_ACCOUNT_TRANSFER', 'MAKE_TRANSFER', 'Own Account Onetime Transfer', 'Alert when own account onetime transfer is made.');
INSERT INTO `alertsubtype` (`id`, `AlertTypeId`, `Name`, `Description`) VALUES ('SCHEDULED_OWN_ACCOUNT_TRANSFER', 'MAKE_TRANSFER', 'Own Account Scheduled Transfer', 'Alert when own account scheduled transfer is made.');
INSERT INTO `alertsubtype` (`id`, `AlertTypeId`, `Name`, `Description`) VALUES ('RECURRING_OWN_ACCOUNT_TRANSFER', 'MAKE_TRANSFER', 'Own Account Recurring Transfer', 'Alert when own account recurring transfer is made.');

INSERT INTO `statustype` (`id`, `Description`, `createdby`) VALUES ('STID_EVENTSTATUS', 'Event Status', 'Kony User');
INSERT INTO `statustype` (`id`, `Description`, `createdby`) VALUES ('STID_ALERTDELIVERYSTATUS', 'Event Status', 'Kony User');
INSERT INTO `statustype` (`id`, `Description`, `createdby`, `modifiedby`, `createdts`, `lastmodifiedts`, `synctimestamp`, `softdeleteflag`) VALUES ('STID_COMMUNICATIONTEMPLATE', 'Communication Template Status', 'Kony User','Kony Dev',CURRENT_TIMESTAMP,CURRENT_TIMESTAMP,CURRENT_TIMESTAMP,0);
INSERT INTO `statustype` (`id`, `Description`, `createdby`, `modifiedby`, `createdts`, `lastmodifiedts`, `synctimestamp`, `softdeleteflag`) VALUES ('STID_CUSTOMERALERTSTATUS','Customer Alert Status','Kony User','Kony Dev',CURRENT_TIMESTAMP,CURRENT_TIMESTAMP,CURRENT_TIMESTAMP,0);

INSERT INTO `status` (`id`, `Type_id`, `Description`, `createdby`) VALUES ('SID_EVENT_SUCCESS', 'STID_EVENTSTATUS', 'Success Event Status.', 'Kony User');
INSERT INTO `status` (`id`, `Type_id`, `Description`, `createdby`) VALUES ('SID_EVENT_FAILURE', 'STID_EVENTSTATUS', 'Failure Event Status.', 'Kony User');
INSERT INTO `status` (`id`, `Type_id`, `Description`, `createdby`) VALUES ('SID_DELIVERY_SUBMITTED', 'STID_ALERTDELIVERYSTATUS', 'Successfully Submitted to KMS', 'Kony User');
INSERT INTO `status` (`id`, `Type_id`, `Description`, `createdby`) VALUES ('SID_DELIVERY_NOTSUBMITTED', 'STID_ALERTDELIVERYSTATUS', 'Not submitted to KMS', 'Kony User');

INSERT INTO `status` (`id`, `Type_id`, `Description`, `createdby`, `modifiedby`,`createdts`, `lastmodifiedts`, `synctimestamp`, `softdeleteflag`) VALUES ('SID_SUCCESS', 'STID_COMMUNICATIONTEMPLATE', 'Success Communication Template', 'Kony User','Kony Dev',CURRENT_TIMESTAMP,CURRENT_TIMESTAMP,CURRENT_TIMESTAMP,0);
INSERT INTO `status` (`id`, `Type_id`, `Description`, `createdby`,`modifiedby`,`createdts`, `lastmodifiedts`, `synctimestamp`, `softdeleteflag`) VALUES ('SID_FAILURE', 'STID_COMMUNICATIONTEMPLATE', 'Failure Communication Template', 'Kony User','Kony Dev',CURRENT_TIMESTAMP,CURRENT_TIMESTAMP,CURRENT_TIMESTAMP,0);
INSERT INTO `status` (`id`, `Type_id`, `Code`, `Description`, `createdby`, `modifiedby`, `createdts`, `lastmodifiedts`, `synctimestamp`, `softdeleteflag`) VALUES ('SID_SUBSCRIBED','STID_CUSTOMERALERTSTATUS',NULL,'Subscribed Alert','Kony User','Kony Dev',CURRENT_TIMESTAMP,CURRENT_TIMESTAMP,CURRENT_TIMESTAMP,0);
INSERT INTO `status` (`id`, `Type_id`, `Code`, `Description`, `createdby`, `modifiedby`, `createdts`, `lastmodifiedts`, `synctimestamp`, `softdeleteflag`) VALUES ('SID_UNSUBSCRIBED','STID_CUSTOMERALERTSTATUS',NULL,'Unsubscribed Alert','Kony User','Kony Dev',CURRENT_TIMESTAMP,CURRENT_TIMESTAMP,CURRENT_TIMESTAMP,0);
INSERT INTO `status` (`id`, `Type_id`, `Code`, `Description`, `createdby`, `modifiedby`, `createdts`, `lastmodifiedts`, `synctimestamp`, `softdeleteflag`) VALUES ('SID_DELIVERYFAILED','STID_ALERTDELIVERYSTATUS',NULL,'Failed Delivery of Alert','Kony User','Kony Dev',CURRENT_TIMESTAMP,CURRENT_TIMESTAMP,CURRENT_TIMESTAMP,0);
INSERT INTO `status` (`id`, `Type_id`, `Code`, `Description`, `createdby`, `modifiedby`, `createdts`, `lastmodifiedts`, `synctimestamp`, `softdeleteflag`) VALUES ('SID_DELIVERYSUCCESS','STID_ALERTDELIVERYSTATUS',NULL,'Successful Delivery of Alert','Kony User','Kony Dev',CURRENT_TIMESTAMP,CURRENT_TIMESTAMP,CURRENT_TIMESTAMP,0);

INSERT INTO `communicationtemplate` (`Id`, `LanguageCode`, `AlertSubTypeId`, `ChannelID`, `Status_id`, `Name`, `Text`, `createdby`) VALUES ('1', 'en-US', 'PASSWORD_CHANGE', 'CH_SMS', 'SID_EVENT_SUCCESS', 'passwordchange', 'You have successfully changed your digital banking password. If you did not make this change, please contact DBX bank immediately.', 'Kony User');
INSERT INTO `communicationtemplate` (`Id`, `LanguageCode`, `AlertSubTypeId`, `ChannelID`, `Status_id`, `Name`, `Text`, `Subject`, `createdby`) VALUES ('2', 'en-US', 'PASSWORD_CHANGE', 'CH_PUSH_NOTIFICATION', 'SID_EVENT_SUCCESS', 'passwordchange', 'You have successfully changed your digital banking password. If you did not make this change, please contact DBX bank immediately.', 'Password changed', 'Kony User');
INSERT INTO `communicationtemplate` (`Id`, `LanguageCode`, `AlertSubTypeId`, `ChannelID`, `Status_id`, `Name`, `Text`, `Subject`, `createdby`) VALUES ('3', 'en-US', 'PASSWORD_CHANGE', 'CH_NOTIFICATION_CENTER', 'SID_EVENT_SUCCESS', 'passwordchange', 'You have successfully changed your digital banking password. If you did not make this change, please contact DBX bank immediately.', 'Password changed', 'Kony User');
INSERT INTO `communicationtemplate` (`Id`, `LanguageCode`, `AlertSubTypeId`, `ChannelID`, `Status_id`, `Name`, `Text`, `Subject`, `createdby`) VALUES ('4', 'en-US', 'PASSWORD_CHANGE', 'CH_EMAIL', 'SID_EVENT_SUCCESS', 'passwordchange', '<p>Dear [#]FirstName[/#] [#]LastName[/#],</p><p>You have successfully changed your digital banking password. If you did not make this change, please contact DBX bank immediately.</p><p>Regards,<br />DBX Bank</p><p>&nbsp;</p>', 'Password changed', 'Kony User');

INSERT INTO `communicationtemplate` (`Id`, `LanguageCode`, `AlertSubTypeId`, `ChannelID`, `Status_id`, `Name`, `Text`, `createdby`) VALUES ('5', 'en-US', 'PRIMARY_PHONE_CHANGE', 'CH_SMS', 'SID_EVENT_SUCCESS', 'phonenumberchanged', 'Your primary phone number registered with DBX bank is successfully changed to [#]UpdatedPhone[/#].', 'Kony User');
INSERT INTO `communicationtemplate` (`Id`, `LanguageCode`, `AlertSubTypeId`, `ChannelID`, `Status_id`, `Name`, `Text`, `Subject`, `createdby`) VALUES ('6', 'en-US', 'PRIMARY_PHONE_CHANGE', 'CH_PUSH_NOTIFICATION', 'SID_EVENT_SUCCESS', 'phonenumberchanged', 'Your primary phone number registered with DBX bank is successfully changed to [#]UpdatedPhone[/#].', 'Phone number changed', 'Kony User');
INSERT INTO `communicationtemplate` (`Id`, `LanguageCode`, `AlertSubTypeId`, `ChannelID`, `Status_id`, `Name`, `Text`, `Subject`, `createdby`) VALUES ('7', 'en-US', 'PRIMARY_PHONE_CHANGE', 'CH_NOTIFICATION_CENTER', 'SID_EVENT_SUCCESS', 'phonenumberchanged', 'Your primary phone number registered with DBX bank is successfully changed to [#]UpdatedPhone[/#].', 'Phone number changed', 'Kony User');
INSERT INTO `communicationtemplate` (`Id`, `LanguageCode`, `AlertSubTypeId`, `ChannelID`, `Status_id`, `Name`, `Text`, `Subject`, `createdby`) VALUES ('8', 'en-US', 'PRIMARY_PHONE_CHANGE', 'CH_EMAIL', 'SID_EVENT_SUCCESS', 'phonenumberchanged', '<p>Dear [#]FirstName[/#] [#]LastName[/#],</p><p>Your primary phone number registered with DBX bank is successfully changed to [#]UpdatedPhone[/#].</p><p>Regards,<br />DBX Bank</p>', 'Phone number changed', 'Kony User');

INSERT INTO `communicationtemplate` (`Id`, `LanguageCode`, `AlertSubTypeId`, `ChannelID`, `Status_id`, `Name`, `Text`, `createdby`) VALUES ('9', 'en-US', 'PRIMARY_EMAIL_CHANGE', 'CH_SMS', 'SID_EVENT_SUCCESS', 'emailchanged', 'Your primary email registered with DBX Bank is successfully changed from to [#]UpdatedEmail[/#]. If you did not make this change, please contact DBX bank immediately.', 'Kony User');
INSERT INTO `communicationtemplate` (`Id`, `LanguageCode`, `AlertSubTypeId`, `ChannelID`, `Status_id`, `Name`, `Text`, `Subject`, `createdby`) VALUES ('10', 'en-US', 'PRIMARY_EMAIL_CHANGE', 'CH_PUSH_NOTIFICATION', 'SID_EVENT_SUCCESS', 'emailchanged', 'Your primary email registered with DBX Bank is successfully changed to [#]UpdatedEmail[/#]. If you did not make this change, please contact DBX bank immediately.', 'Email changed', 'Kony User');
INSERT INTO `communicationtemplate` (`Id`, `LanguageCode`, `AlertSubTypeId`, `ChannelID`, `Status_id`, `Name`, `Text`, `Subject`, `createdby`) VALUES ('11', 'en-US', 'PRIMARY_EMAIL_CHANGE', 'CH_NOTIFICATION_CENTER', 'SID_EVENT_SUCCESS', 'emailchanged', 'Your primary email registered with DBX Bank is successfully changed to [#]UpdatedEmail[/#]. If you did not make this change, please contact DBX bank immediately.', 'Email changed', 'Kony User');
INSERT INTO `communicationtemplate` (`Id`, `LanguageCode`, `AlertSubTypeId`, `ChannelID`, `Status_id`, `Name`, `Text`, `Subject`, `createdby`) VALUES ('12', 'en-US', 'PRIMARY_EMAIL_CHANGE', 'CH_EMAIL', 'SID_EVENT_SUCCESS', 'emailchanged', '<p>Dear [#]FirstName[/#] [#]LastName[/#],</p><p>Your primary email registered with DBX Bank is successfully changed to [#]UpdatedEmail[/#]. If you did not make this change, please contact DBX bank immediately.</p><p>Regards,<br />DBX Bank</p>', 'Email changed', 'Kony User');

INSERT INTO `communicationtemplate` (`Id`, `LanguageCode`, `AlertSubTypeId`, `ChannelID`, `Status_id`, `Name`, `Text`, `createdby`) VALUES ('13', 'en-US', 'PRIMARY_ADDRESS_CHANGE', 'CH_SMS', 'SID_EVENT_SUCCESS', 'addresschanged', 'Your primary address registered with DBX bank is successfully changed. If you did not make this change, please contact DBX bank immediately.', 'Kony User');
INSERT INTO `communicationtemplate` (`Id`, `LanguageCode`, `AlertSubTypeId`, `ChannelID`, `Status_id`, `Name`, `Text`, `Subject`, `createdby`) VALUES ('14', 'en-US', 'PRIMARY_ADDRESS_CHANGE', 'CH_PUSH_NOTIFICATION', 'SID_EVENT_SUCCESS', 'addresschanged', 'Your primary address registered with DBX bank is successfully changed. If you did not make this change, please contact DBX bank immediately.', 'Address changed', 'Kony User');
INSERT INTO `communicationtemplate` (`Id`, `LanguageCode`, `AlertSubTypeId`, `ChannelID`, `Status_id`, `Name`, `Text`, `Subject`, `createdby`) VALUES ('15', 'en-US', 'PRIMARY_ADDRESS_CHANGE', 'CH_NOTIFICATION_CENTER', 'SID_EVENT_SUCCESS', 'addresschanged', 'Your primary address registered with DBX bank is successfully changed. If you did not make this change, please contact DBX bank immediately.', 'Address changed', 'Kony User');
INSERT INTO `communicationtemplate` (`Id`, `LanguageCode`, `AlertSubTypeId`, `ChannelID`, `Status_id`, `Name`, `Text`, `Subject`, `createdby`) VALUES ('16', 'en-US', 'PRIMARY_ADDRESS_CHANGE', 'CH_EMAIL', 'SID_EVENT_SUCCESS', 'addresschanged', '<p>Dear [#]FirstName[/#] [#]LastName[/#],</p><p>Your primary address registered with DBX bank is successfully changed. If you did not make this change, please contact DBX bank immediately.</p><p>Regards,<br />DBX Bank</p>', 'Address changed', 'Kony User');

INSERT INTO `communicationtemplate` (`Id`, `LanguageCode`, `AlertSubTypeId`, `ChannelID`, `Status_id`, `Name`, `Text`, `createdby`) VALUES ('17', 'en-US', 'USERNAME_CHANGE', 'CH_SMS', 'SID_EVENT_SUCCESS', 'usernamechanged', 'You have successfully changed your digital banking username. If you did not make this change, please contact DBX bank immediately.', 'Kony User');
INSERT INTO `communicationtemplate` (`Id`, `LanguageCode`, `AlertSubTypeId`, `ChannelID`, `Status_id`, `Name`, `Text`, `Subject`, `createdby`) VALUES ('18', 'en-US', 'USERNAME_CHANGE', 'CH_PUSH_NOTIFICATION', 'SID_EVENT_SUCCESS', 'usernamechanged', 'You have successfully changed your digital banking username. If you did not make this change, please contact DBX bank immediately.', 'Username changed', 'Kony User');
INSERT INTO `communicationtemplate` (`Id`, `LanguageCode`, `AlertSubTypeId`, `ChannelID`, `Status_id`, `Name`, `Text`, `Subject`, `createdby`) VALUES ('19', 'en-US', 'USERNAME_CHANGE', 'CH_NOTIFICATION_CENTER', 'SID_EVENT_SUCCESS', 'usernamechanged', 'You have successfully changed your digital banking username. If you did not make this change, please contact DBX bank immediately.', 'Username changed', 'Kony User');
INSERT INTO `communicationtemplate` (`Id`, `LanguageCode`, `AlertSubTypeId`, `ChannelID`, `Status_id`, `Name`, `Text`, `Subject`, `createdby`) VALUES ('20', 'en-US', 'USERNAME_CHANGE', 'CH_EMAIL', 'SID_EVENT_SUCCESS', 'usernamechanged', '<p>Dear [#]FirstName[/#] [#]LastName[/#],</p><p>You have successfully changed your digital banking username. If you did not make this change, please contact DBX bank immediately.</p><p>Regards,DBX Bank</p>', 'Username changed', 'Kony User');

INSERT INTO `communicationtemplate` (`Id`, `LanguageCode`, `AlertSubTypeId`, `ChannelID`, `Status_id`, `Name`, `Text`, `Subject`, `createdby`) VALUES ('21', 'en-US', 'BILL_PAYEE_ADDED', 'CH_NOTIFICATION_CENTER', 'SID_EVENT_SUCCESS', 'billpayeeadded', '[#]PayeeNickName[/#] has been added as your bill payee in DBX bank. If it was not initiated by you, please contact DBX bank immediately.', 'Bill payee added', 'konyuser');
INSERT INTO `communicationtemplate` (`Id`, `LanguageCode`, `AlertSubTypeId`, `ChannelID`, `Status_id`, `Name`, `Text`, `Subject`, `createdby`) VALUES ('22', 'en-US', 'BILL_PAYEE_ADDED', 'CH_EMAIL', 'SID_EVENT_SUCCESS', 'billpayeeadded', '<p>Dear [#]FirstName[/#] [#]LastName[/#],</p><p>[#]PayeeNickName[/#] has been added as your bill payee in DBX bank. If it was not initiated by you, please contact DBX bank immediately.</p><p>Regards,<br />DBX Bank</p>', 'Bill payee added', 'konyuser');
INSERT INTO `communicationtemplate` (`Id`, `LanguageCode`, `AlertSubTypeId`, `ChannelID`, `Status_id`, `Name`, `Text`, `createdby`) VALUES ('23', 'en-US', 'BILL_PAYEE_ADDED', 'CH_SMS', 'SID_EVENT_SUCCESS', 'billpayeeadded', '[#]PayeeNickName[/#] has been added as your bill payee in DBX bank. If it was not initiated by you, please contact DBX bank immediately.', 'konyuser');
INSERT INTO `communicationtemplate` (`Id`, `LanguageCode`, `AlertSubTypeId`, `ChannelID`, `Status_id`, `Name`, `Text`, `Subject`, `createdby`) VALUES ('24', 'en-US', 'BILL_PAYEE_ADDED', 'CH_PUSH_NOTIFICATION', 'SID_EVENT_SUCCESS', 'billpayeeadded', '[#]PayeeNickName[/#] has been added as your bill payee in DBX bank. If it was not initiated by you, please contact DBX bank immediately.', 'Bill payee added', 'konyuser');

INSERT INTO `communicationtemplate` (`Id`, `LanguageCode`, `AlertSubTypeId`, `ChannelID`, `Status_id`, `Name`, `Text`, `createdby`) VALUES ('25', 'en-US', 'P2P_RECIPIENT_ADDED', 'CH_SMS', 'SID_EVENT_SUCCESS', 'p2precipientadded', '[#]RecipientNickName[/#] has been added as your recipient for P2P transfer in DBX bank. If it was not initiated by you, please contact DBX bank immediately.', 'konyuser');
INSERT INTO `communicationtemplate` (`Id`, `LanguageCode`, `AlertSubTypeId`, `ChannelID`, `Status_id`, `Name`, `Text`, `Subject`, `createdby`) VALUES ('26', 'en-US', 'P2P_RECIPIENT_ADDED', 'CH_NOTIFICATION_CENTER', 'SID_EVENT_SUCCESS', 'p2precipientadded', '[#]RecipientNickName[/#] has been added as your recipient for P2P transfer in DBX bank. If it was not initiated by you, please contact DBX bank immediately.', 'P2P Recipient added', 'konyuser');
INSERT INTO `communicationtemplate` (`Id`, `LanguageCode`, `AlertSubTypeId`, `ChannelID`, `Status_id`, `Name`, `Text`, `Subject`, `createdby`) VALUES ('27', 'en-US', 'P2P_RECIPIENT_ADDED', 'CH_PUSH_NOTIFICATION', 'SID_EVENT_SUCCESS', 'p2precipientadded', '[#]RecipientNickName[/#] has been added as your recipient for P2P transfer in DBX bank. If it was not initiated by you, please contact DBX bank immediately.', 'P2P Recipient added', 'konyuser');
INSERT INTO `communicationtemplate` (`Id`, `LanguageCode`, `AlertSubTypeId`, `ChannelID`, `Status_id`, `Name`, `Text`, `Subject`, `createdby`) VALUES ('28', 'en-US', 'P2P_RECIPIENT_ADDED', 'CH_EMAIL', 'SID_EVENT_SUCCESS', 'p2precipientadded', '<p>Dear [#]FirstName[/#] [#]LastName[/#],</p><p>[#]RecipientNickName[/#] has been added as your recipient for P2P transfer in DBX bank. If it was not initiated by you, please contact DBX bank immediately.</p><p>Regards,<br />DBX Bank</p>', 'P2P Recipient added', 'konyuser');

INSERT INTO `communicationtemplate` (`Id`, `LanguageCode`, `AlertSubTypeId`, `ChannelID`, `Status_id`, `Name`, `Text`, `createdby`) VALUES ('29', 'en-US', 'INT_WIRE_RECIPIENT_ADDED', 'CH_SMS', 'SID_EVENT_SUCCESS', 'intwirerecipientadded', '[#]RecipientNickName[/#] has been added as your recipient for international wire transfer in DBX bank. If it was not initiated by you, please contact DBX bank immediately.', 'konyuser');
INSERT INTO `communicationtemplate` (`Id`, `LanguageCode`, `AlertSubTypeId`, `ChannelID`, `Status_id`, `Name`, `Text`, `Subject`, `createdby`) VALUES ('30', 'en-US', 'INT_WIRE_RECIPIENT_ADDED', 'CH_NOTIFICATION_CENTER', 'SID_EVENT_SUCCESS', 'intwirerecipientadded', '[#]RecipientNickName[/#] has been added as your recipient for international wire transfer in DBX bank. If it was not initiated by you, please contact DBX bank immediately.', 'International wire recipient added', 'konyuser');
INSERT INTO `communicationtemplate` (`Id`, `LanguageCode`, `AlertSubTypeId`, `ChannelID`, `Status_id`, `Name`, `Text`, `Subject`, `createdby`) VALUES ('31', 'en-US', 'INT_WIRE_RECIPIENT_ADDED', 'CH_PUSH_NOTIFICATION', 'SID_EVENT_SUCCESS', 'intwirerecipientadded', '[#]RecipientNickName[/#] has been added as your recipient for international wire transfer in DBX bank. If it was not initiated by you, please contact DBX bank immediately.', 'International wire recipient added', 'konyuser');
INSERT INTO `communicationtemplate` (`Id`, `LanguageCode`, `AlertSubTypeId`, `ChannelID`, `Status_id`, `Name`, `Text`, `Subject`, `createdby`) VALUES ('32', 'en-US', 'INT_WIRE_RECIPIENT_ADDED', 'CH_EMAIL', 'SID_EVENT_SUCCESS', 'intwirerecipientadded', '<p>Dear [#]FirstName[/#] [#]LastName[/#],</p<p>[#]RecipientNickName[/#] has been added as your recipient for international wire transfer in DBX bank. If it was not initiated by you, please contact DBX bank immediately.</p><p>Regards,<br />DBX Bank</p>', 'International wire recipient added', 'konyuser');

INSERT INTO `communicationtemplate` (`Id`, `LanguageCode`, `AlertSubTypeId`, `ChannelID`, `Status_id`, `Name`, `Text`, `createdby`) VALUES ('33', 'en-US', 'DOM_WIRE_RECIPIENT_ADDED', 'CH_SMS', 'SID_EVENT_SUCCESS', 'domwirerecipientadded', '[#]RecipientNickName[/#] has been added as your recipient for domestic wire transfer in DBX bank. If it was not initiated by you, please contact DBX bank immediately.', 'konyuser');
INSERT INTO `communicationtemplate` (`Id`, `LanguageCode`, `AlertSubTypeId`, `ChannelID`, `Status_id`, `Name`, `Text`, `Subject`, `createdby`) VALUES ('34', 'en-US', 'DOM_WIRE_RECIPIENT_ADDED', 'CH_NOTIFICATION_CENTER', 'SID_EVENT_SUCCESS', 'domwirerecipientadded', '[#]RecipientNickName[/#] has been added as your recipient for domestic wire transfer in DBX bank. If it was not initiated by you, please contact DBX bank immediately.', 'Domestic wire recipient added', 'konyuser');
INSERT INTO `communicationtemplate` (`Id`, `LanguageCode`, `AlertSubTypeId`, `ChannelID`, `Status_id`, `Name`, `Text`, `Subject`, `createdby`) VALUES ('35', 'en-US', 'DOM_WIRE_RECIPIENT_ADDED', 'CH_PUSH_NOTIFICATION', 'SID_EVENT_SUCCESS', 'domwirerecipientadded', '[#]RecipientNickName[/#] has been added as your recipient for domestic wire transfer in DBX bank. If it was not initiated by you, please contact DBX bank immediately.', 'Domestic wire recipient added', 'konyuser');
INSERT INTO `communicationtemplate` (`Id`, `LanguageCode`, `AlertSubTypeId`, `ChannelID`, `Status_id`, `Name`, `Text`, `Subject`, `createdby`) VALUES ('36', 'en-US', 'DOM_WIRE_RECIPIENT_ADDED', 'CH_EMAIL', 'SID_EVENT_SUCCESS', 'domwirerecipientadded', '<p>Dear [#]FirstName[/#] [#]LastName[/#],</p><p>[#]RecipientNickName[/#] has been added as your recipient for domestic wire transfer in DBX bank. If it was not initiated by you, please contact DBX bank immediately.</p><p>Regards,<br />DBX Bank</p>', 'Domestic wire recipient added', 'konyuser');

INSERT INTO `communicationtemplate` (`Id`, `LanguageCode`, `AlertSubTypeId`, `ChannelID`, `Status_id`, `Name`, `Text`, `createdby`) VALUES ('37', 'en-US', 'INT_TRANSFER_RECIPIENT_ADDED', 'CH_SMS', 'SID_EVENT_SUCCESS', 'inttransrecipientadded', '[#]RecipientNickName[/#] has been added as your recipient for international fund transfer in DBX bank. If it was not initiated by you, please contact DBX bank immediately.', 'konyuser');
INSERT INTO `communicationtemplate` (`Id`, `LanguageCode`, `AlertSubTypeId`, `ChannelID`, `Status_id`, `Name`, `Text`, `Subject`, `createdby`) VALUES ('38', 'en-US', 'INT_TRANSFER_RECIPIENT_ADDED', 'CH_NOTIFICATION_CENTER', 'SID_EVENT_SUCCESS', 'inttransrecipientadded', '[#]RecipientNickName[/#] has been added as your recipient for international fund transfer in DBX bank. If it was not initiated by you, please contact DBX bank immediately.', 'International recipient added', 'konyuser');
INSERT INTO `communicationtemplate` (`Id`, `LanguageCode`, `AlertSubTypeId`, `ChannelID`, `Status_id`, `Name`, `Text`, `Subject`, `createdby`) VALUES ('39', 'en-US', 'INT_TRANSFER_RECIPIENT_ADDED', 'CH_PUSH_NOTIFICATION', 'SID_EVENT_SUCCESS', 'inttransrecipientadded', '[#]RecipientNickName[/#] has been added as your recipient for international fund transfer in DBX bank. If it was not initiated by you, please contact DBX bank immediately.', 'International recipient added', 'konyuser');
INSERT INTO `communicationtemplate` (`Id`, `LanguageCode`, `AlertSubTypeId`, `ChannelID`, `Status_id`, `Name`, `Text`, `Subject`, `createdby`) VALUES ('40', 'en-US', 'INT_TRANSFER_RECIPIENT_ADDED', 'CH_EMAIL', 'SID_EVENT_SUCCESS', 'inttransrecipientadded', '<p>Dear [#]FirstName[/#] [#]LastName[/#],</p><p>[#]RecipientNickName[/#] has been added as your recipient for international fund transfer in DBX bank. If it was not initiated by you, please contact DBX bank immediately.</p><p>Regards,<br />DBX Bank</p>', 'International recipient added', 'konyuser');

INSERT INTO `communicationtemplate` (`Id`, `LanguageCode`, `AlertSubTypeId`, `ChannelID`, `Status_id`, `Name`, `Text`, `createdby`) VALUES ('41', 'en-US', 'OTHER_BANK_RECIPIENT_ADDED', 'CH_SMS', 'SID_EVENT_SUCCESS', 'otherbankrecipientadded', '[#]RecipientNickName[/#] has been added as your recipient for other bank transfers in DBX bank. If it was not initiated by you, please contact DBX bank immediately.', 'konyuser');
INSERT INTO `communicationtemplate` (`Id`, `LanguageCode`, `AlertSubTypeId`, `ChannelID`, `Status_id`, `Name`, `Text`, `Subject`, `createdby`) VALUES ('42', 'en-US', 'OTHER_BANK_RECIPIENT_ADDED', 'CH_NOTIFICATION_CENTER', 'SID_EVENT_SUCCESS', 'otherbankrecipientadded', '[#]RecipientNickName[/#] has been added as your recipient for other bank transfers in DBX bank. If it was not initiated by you, please contact DBX bank immediately.', 'Other bank recipient added', 'konyuser');
INSERT INTO `communicationtemplate` (`Id`, `LanguageCode`, `AlertSubTypeId`, `ChannelID`, `Status_id`, `Name`, `Text`, `Subject`, `createdby`) VALUES ('43', 'en-US', 'OTHER_BANK_RECIPIENT_ADDED', 'CH_PUSH_NOTIFICATION', 'SID_EVENT_SUCCESS', 'otherbankrecipientadded', '[#]RecipientNickName[/#] has been added as your recipient for other bank transfers in DBX bank. If it was not initiated by you, please contact DBX bank immediately.', 'Other bank recipient added', 'konyuser');
INSERT INTO `communicationtemplate` (`Id`, `LanguageCode`, `AlertSubTypeId`, `ChannelID`, `Status_id`, `Name`, `Text`, `Subject`, `createdby`) VALUES ('44', 'en-US', 'OTHER_BANK_RECIPIENT_ADDED', 'CH_EMAIL', 'SID_EVENT_SUCCESS', 'otherbankrecipientadded', '<p>Dear [#]FirstName[/#] [#]LastName[/#],</p><p>[#]RecipientNickName[/#] has been added as your recipient for other bank transfers in DBX bank. If it was not initiated by you, please contact DBX bank immediately.</p><p>Regards,<br />DBX Bank</p>', 'Other bank recipient added', 'konyuser');

INSERT INTO `communicationtemplate` (`Id`, `LanguageCode`, `AlertSubTypeId`, `ChannelID`, `Status_id`, `Name`, `Text`, `createdby`) VALUES ('45', 'en-US', 'SAME_BANK_RECIPIENT_ADDED', 'CH_SMS', 'SID_EVENT_SUCCESS', 'samebankrecipientadded', '[#]RecipientNickName[/#] has been added as your recipient for fund transfers in DBX bank. If it was not initiated by you, please contact DBX bank immediately.', 'konyuser');
INSERT INTO `communicationtemplate` (`Id`, `LanguageCode`, `AlertSubTypeId`, `ChannelID`, `Status_id`, `Name`, `Text`, `Subject`, `createdby`) VALUES ('46', 'en-US', 'SAME_BANK_RECIPIENT_ADDED', 'CH_NOTIFICATION_CENTER', 'SID_EVENT_SUCCESS', 'samebankrecipientadded', '[#]RecipientNickName[/#] has been added as your recipient for fund transfers in DBX bank. If it was not initiated by you, please contact DBX bank immediately.', 'Same bank recipient added', 'konyuser');
INSERT INTO `communicationtemplate` (`Id`, `LanguageCode`, `AlertSubTypeId`, `ChannelID`, `Status_id`, `Name`, `Text`, `Subject`, `createdby`) VALUES ('47', 'en-US', 'SAME_BANK_RECIPIENT_ADDED', 'CH_PUSH_NOTIFICATION', 'SID_EVENT_SUCCESS', 'samebankrecipientadded', '[#]RecipientNickName[/#] has been added as your recipient for fund transfers in DBX bank. If it was not initiated by you, please contact DBX bank immediately.', 'Same bank recipient added', 'konyuser');
INSERT INTO `communicationtemplate` (`Id`, `LanguageCode`, `AlertSubTypeId`, `ChannelID`, `Status_id`, `Name`, `Text`, `Subject`, `createdby`) VALUES ('48', 'en-US', 'SAME_BANK_RECIPIENT_ADDED', 'CH_EMAIL', 'SID_EVENT_SUCCESS', 'samebankrecipientadded', '<p>Dear [#]FirstName[/#] [#]LastName[/#],</p><p>[#]RecipientNickName[/#] has been added as your recipient for fund transfers in DBX bank. If it was not initiated by you, please contact DBX bank immediately.</p><p>Regards,<br />DBX Bank</p>', 'Same bank recipient added', 'konyuser');

INSERT INTO `communicationtemplate` (`Id`, `LanguageCode`, `AlertSubTypeId`, `ChannelID`, `Status_id`, `Name`, `Text`, `createdby`) VALUES ('49', 'en-US', 'ONETIME_OTHER_BANK_TRANSFER', 'CH_SMS', 'SID_EVENT_SUCCESS', 'onetimeotherbanktransfer', 'You have made a transfer of [#]amount[/#] from your a/c [#]MaskedFromAccount[/#] to [#]MaskedToAccount[/#] on [#]ServerDate[/#] (Ref no: [#]RefNumber[/#]). If you did not do this transaction, please call DBX bank immediately.', 'konyuser');
INSERT INTO `communicationtemplate` (`Id`, `LanguageCode`, `AlertSubTypeId`, `ChannelID`, `Status_id`, `Name`, `Text`, `Subject`, `createdby`) VALUES ('50', 'en-US', 'ONETIME_OTHER_BANK_TRANSFER', 'CH_NOTIFICATION_CENTER', 'SID_EVENT_SUCCESS', 'onetimeotherbanktransfer', 'You have made a transfer of [#]amount[/#] from your a/c [#]MaskedFromAccount[/#] to [#]MaskedToAccount[/#] on [#]ServerDate[/#] (Ref no: [#]RefNumber[/#]). If you did not do this transaction, please call DBX bank immediately.', 'Transfer made', 'konyuser');
INSERT INTO `communicationtemplate` (`Id`, `LanguageCode`, `AlertSubTypeId`, `ChannelID`, `Status_id`, `Name`, `Text`, `Subject`, `createdby`) VALUES ('51', 'en-US', 'ONETIME_OTHER_BANK_TRANSFER', 'CH_PUSH_NOTIFICATION', 'SID_EVENT_SUCCESS', 'onetimeotherbanktransfer', 'You have made a transfer of [#]amount[/#] from your a/c [#]MaskedFromAccount[/#] to [#]MaskedToAccount[/#] on [#]ServerDate[/#] (Ref no: [#]RefNumber[/#]). If you did not do this transaction, please call DBX bank immediately.', 'Transfer made', 'konyuser');
INSERT INTO `communicationtemplate` (`Id`, `LanguageCode`, `AlertSubTypeId`, `ChannelID`, `Status_id`, `Name`, `Text`, `Subject`, `createdby`) VALUES ('52', 'en-US', 'ONETIME_OTHER_BANK_TRANSFER', 'CH_EMAIL', 'SID_EVENT_SUCCESS', 'onetimeotherbanktransfer', '<p>Dear [#]FirstName[/#] [#]LastName[/#],</p><p>You have made a transfer of [#]amount[/#] from your a/c [#]MaskedFromAccount[/#] to [#]MaskedToAccount[/#] on [#]ServerDate[/#] (Ref no: [#]RefNumber[/#]). If you did not do this transaction, please call DBX bank immediately.</p><p>Regards,<br />DBX Bank</p>', 'Transfer made', 'konyuser');

INSERT INTO `communicationtemplate` (`Id`, `LanguageCode`, `AlertSubTypeId`, `ChannelID`, `Status_id`, `Name`, `Text`, `createdby`) VALUES ('53', 'en-US', 'SCHEDULED_OTHER_BANK_TRANSFER', 'CH_SMS', 'SID_EVENT_SUCCESS', 'scheduledotherbanktransfer', 'You have scheduled a transfer of [#]amount[/#] from your a/c [#]MaskedFromAccount[/#] to [#]MaskedToAccount[/#] on [#]ServerDate[/#] (Ref no: [#]RefNumber[/#]). If you did not do this transaction, please call DBX bank immediately.', 'konyuser');
INSERT INTO `communicationtemplate` (`Id`, `LanguageCode`, `AlertSubTypeId`, `ChannelID`, `Status_id`, `Name`, `Text`, `Subject`, `createdby`) VALUES ('54', 'en-US', 'SCHEDULED_OTHER_BANK_TRANSFER', 'CH_NOTIFICATION_CENTER', 'SID_EVENT_SUCCESS', 'scheduledotherbanktransfer', 'You have scheduled a transfer of [#]amount[/#] from your a/c [#]MaskedFromAccount[/#] to [#]MaskedToAccount[/#] on [#]ServerDate[/#] (Ref no: [#]RefNumber[/#]). If you did not do this transaction, please call DBX bank immediately.', 'Transfer made', 'konyuser');
INSERT INTO `communicationtemplate` (`Id`, `LanguageCode`, `AlertSubTypeId`, `ChannelID`, `Status_id`, `Name`, `Text`, `Subject`, `createdby`) VALUES ('55', 'en-US', 'SCHEDULED_OTHER_BANK_TRANSFER', 'CH_PUSH_NOTIFICATION', 'SID_EVENT_SUCCESS', 'scheduledotherbanktransfer', 'You have scheduled a transfer of [#]amount[/#] from your a/c [#]MaskedFromAccount[/#] to [#]MaskedToAccount[/#] on [#]ServerDate[/#] (Ref no: [#]RefNumber[/#]). If you did not do this transaction, please call DBX bank immediately.', 'Transfer made', 'konyuser');
INSERT INTO `communicationtemplate` (`Id`, `LanguageCode`, `AlertSubTypeId`, `ChannelID`, `Status_id`, `Name`, `Text`, `Subject`, `createdby`) VALUES ('56', 'en-US', 'SCHEDULED_OTHER_BANK_TRANSFER', 'CH_EMAIL', 'SID_EVENT_SUCCESS', 'scheduledotherbanktransfer', '<p>Dear [#]FirstName[/#] [#]LastName[/#],</p><p>You have scheduled a transfer of [#]amount[/#] from your a/c [#]MaskedFromAccount[/#] to [#]MaskedToAccount[/#] on [#]ServerDate[/#] (Ref no: [#]RefNumber[/#]). If you did not do this transaction, please call DBX bank immediately.</p><p>Regards,<br />DBX Bank</p>', 'Transfer made', 'konyuser');

INSERT INTO `communicationtemplate` (`Id`, `LanguageCode`, `AlertSubTypeId`, `ChannelID`, `Status_id`, `Name`, `Text`, `createdby`) VALUES ('57', 'en-US', 'RECURRING_OTHER_BANK_TRANSFER', 'CH_SMS', 'SID_EVENT_SUCCESS', 'recurringotherbanktransfer', 'You have set up recurring transfers of [#]amount[/#] from your a/c [#]MaskedFromAccount[/#] to [#]MaskedToAccount[/#] on [#]ServerDate[/#] (Ref no: [#]RefNumber[/#]). If you did not do this transaction, please call DBX bank immediately.', 'konyuser');
INSERT INTO `communicationtemplate` (`Id`, `LanguageCode`, `AlertSubTypeId`, `ChannelID`, `Status_id`, `Name`, `Text`, `Subject`, `createdby`) VALUES ('58', 'en-US', 'RECURRING_OTHER_BANK_TRANSFER', 'CH_NOTIFICATION_CENTER', 'SID_EVENT_SUCCESS', 'recurringotherbanktransfer', 'You have set up recurring transfers of [#]amount[/#] from your a/c [#]MaskedFromAccount[/#] to [#]MaskedToAccount[/#] on [#]ServerDate[/#] (Ref no: [#]RefNumber[/#]). If you did not do this transaction, please call DBX bank immediately.', 'Transfer made', 'konyuser');
INSERT INTO `communicationtemplate` (`Id`, `LanguageCode`, `AlertSubTypeId`, `ChannelID`, `Status_id`, `Name`, `Text`, `Subject`, `createdby`) VALUES ('59', 'en-US', 'RECURRING_OTHER_BANK_TRANSFER', 'CH_PUSH_NOTIFICATION', 'SID_EVENT_SUCCESS', 'recurringotherbanktransfer', 'You have set up recurring transfers of [#]amount[/#] from your a/c [#]MaskedFromAccount[/#] to [#]MaskedToAccount[/#] on [#]ServerDate[/#] (Ref no: [#]RefNumber[/#]). If you did not do this transaction, please call DBX bank immediately.', 'Transfer made', 'konyuser');
INSERT INTO `communicationtemplate` (`Id`, `LanguageCode`, `AlertSubTypeId`, `ChannelID`, `Status_id`, `Name`, `Text`, `Subject`, `createdby`) VALUES ('60', 'en-US', 'RECURRING_OTHER_BANK_TRANSFER', 'CH_EMAIL', 'SID_EVENT_SUCCESS', 'recurringotherbanktransfer', '<p>Dear [#]FirstName[/#] [#]LastName[/#],</p><p>You have set up recurring transfers of $ [#]amount[/#] from your a/c [#]MaskedFromAccount[/#] to [#]MaskedToAccount[/#] on [#]ServerDate[/#] (Ref no: [#]RefNumber[/#]). If you did not do this transaction, please call DBX bank immediately.</p><p>Regards,<br />DBX Bank</p>', 'Transfer made', 'konyuser');

INSERT INTO `communicationtemplate` (`Id`, `LanguageCode`, `AlertSubTypeId`, `ChannelID`, `Status_id`, `Name`, `Text`, `createdby`) VALUES ('61', 'en-US', 'ONETIME_OWN_ACCOUNT_TRANSFER', 'CH_SMS', 'SID_EVENT_SUCCESS', 'onetimeownbanktransfer', 'You have made a transfer of [#]amount[/#] from your a/c [#]MaskedFromAccount[/#] to your a/c [#]MaskedToAccount[/#] on [#]ServerDate[/#] (Ref no: [#]RefNumber[/#]). If you did not do this transaction, please call DBX bank immediately.', 'konyuser');
INSERT INTO `communicationtemplate` (`Id`, `LanguageCode`, `AlertSubTypeId`, `ChannelID`, `Status_id`, `Name`, `Text`, `Subject`, `createdby`) VALUES ('62', 'en-US', 'ONETIME_OWN_ACCOUNT_TRANSFER', 'CH_NOTIFICATION_CENTER', 'SID_EVENT_SUCCESS', 'onetimeownbanktransfer', 'You have made a transfer of [#]amount[/#] from your a/c [#]MaskedFromAccount[/#] to your a/c [#]MaskedToAccount[/#] on [#]ServerDate[/#] (Ref no: [#]RefNumber[/#]). If you did not do this transaction, please call DBX bank immediately.', 'Transfer made', 'konyuser');
INSERT INTO `communicationtemplate` (`Id`, `LanguageCode`, `AlertSubTypeId`, `ChannelID`, `Status_id`, `Name`, `Text`, `Subject`, `createdby`) VALUES ('63', 'en-US', 'ONETIME_OWN_ACCOUNT_TRANSFER', 'CH_PUSH_NOTIFICATION', 'SID_EVENT_SUCCESS', 'onetimeownbanktransfer', 'You have made a transfer of [#]amount[/#] from your a/c [#]MaskedFromAccount[/#] to your a/c [#]MaskedToAccount[/#] on [#]ServerDate[/#] (Ref no: [#]RefNumber[/#]). If you did not do this transaction, please call DBX bank immediately.', 'Transfer made', 'konyuser');
INSERT INTO `communicationtemplate` (`Id`, `LanguageCode`, `AlertSubTypeId`, `ChannelID`, `Status_id`, `Name`, `Text`, `Subject`, `createdby`) VALUES ('64', 'en-US', 'ONETIME_OWN_ACCOUNT_TRANSFER', 'CH_EMAIL', 'SID_EVENT_SUCCESS', 'onetimeownbanktransfer', '<p>Dear [#]FirstName[/#] [#]LastName[/#],</p><p>You have made a transfer of [#]amount[/#] from your a/c [#]MaskedFromAccount[/#] to your a/c [#]MaskedToAccount[/#] on [#]ServerDate[/#] (Ref no: [#]RefNumber[/#]). If you did not do this transaction, please call DBX bank immediately.</p><p>Regards,<br />DBX Bank</p>', 'Transfer made', 'konyuser');

INSERT INTO `communicationtemplate` (`Id`, `LanguageCode`, `AlertSubTypeId`, `ChannelID`, `Status_id`, `Name`, `Text`, `createdby`) VALUES ('65', 'en-US', 'SCHEDULED_OWN_ACCOUNT_TRANSFER', 'CH_SMS', 'SID_EVENT_SUCCESS', 'scheduledownbanktransfer', 'You have scheduled a transfer of [#]amount[/#] from your a/c [#]MaskedFromAccount[/#] to your a/c [#]MaskedToAccount[/#] on [#]server date[/#] (Ref no: [#]RefNumber[/#]). If you did not do this transaction, please call DBX bank immediately.', 'konyuser');
INSERT INTO `communicationtemplate` (`Id`, `LanguageCode`, `AlertSubTypeId`, `ChannelID`, `Status_id`, `Name`, `Text`, `Subject`, `createdby`) VALUES ('66', 'en-US', 'SCHEDULED_OWN_ACCOUNT_TRANSFER', 'CH_NOTIFICATION_CENTER', 'SID_EVENT_SUCCESS', 'scheduledownbanktransfer', 'You have scheduled a transfer of [#]amount[/#] from your a/c [#]MaskedFromAccount[/#] to your a/c [#]MaskedToAccount[/#] on [#]server date[/#] (Ref no: [#]RefNumber[/#]). If you did not do this transaction, please call DBX bank immediately.', 'Transfer made', 'konyuser');
INSERT INTO `communicationtemplate` (`Id`, `LanguageCode`, `AlertSubTypeId`, `ChannelID`, `Status_id`, `Name`, `Text`, `Subject`, `createdby`) VALUES ('67', 'en-US', 'SCHEDULED_OWN_ACCOUNT_TRANSFER', 'CH_PUSH_NOTIFICATION', 'SID_EVENT_SUCCESS', 'scheduledownbanktransfer', 'You have scheduled a transfer of [#]amount[/#] from your a/c [#]MaskedFromAccount[/#] to your a/c [#]MaskedToAccount[/#] on [#]server date[/#] (Ref no: [#]RefNumber[/#]). If you did not do this transaction, please call DBX bank immediately.', 'Transfer made', 'konyuser');
INSERT INTO `communicationtemplate` (`Id`, `LanguageCode`, `AlertSubTypeId`, `ChannelID`, `Status_id`, `Name`, `Text`, `Subject`, `createdby`) VALUES ('68', 'en-US', 'SCHEDULED_OWN_ACCOUNT_TRANSFER', 'CH_EMAIL', 'SID_EVENT_SUCCESS', 'scheduledownbanktransfer', '<p>Dear [#]FirstName[/#] [#]LastName[/#],</p><p>You have scheduled a transfer of [#]amount[/#] from your a/c [#]MaskedFromAccount[/#] to your a/c [#]MaskedToAccount[/#] on [#]server date[/#] (Ref no: [#]RefNumber[/#]). If you did not do this transaction, please call DBX bank immediately.</p><p>Regards,<br />DBX Bank</p>', 'Transfer made', 'konyuser');

INSERT INTO `communicationtemplate` (`Id`, `LanguageCode`, `AlertSubTypeId`, `ChannelID`, `Status_id`, `Name`, `Text`, `createdby`) VALUES ('69', 'en-US', 'RECURRING_OWN_ACCOUNT_TRANSFER', 'CH_SMS', 'SID_EVENT_SUCCESS', 'recurringownbanktransfer', 'You have set up recurring transfers of [#]amount[/#] from your a/c [#]MaskedFromAccount[/#] to your a/c [#]MaskedToAccount[/#] on [#]ServerDate[/#] (Ref no: [#]RefNumber[/#]). If you did not do this transaction, please call DBX bank immediately.', 'konyuser');
INSERT INTO `communicationtemplate` (`Id`, `LanguageCode`, `AlertSubTypeId`, `ChannelID`, `Status_id`, `Name`, `Text`, `Subject`, `createdby`) VALUES ('70', 'en-US', 'RECURRING_OWN_ACCOUNT_TRANSFER', 'CH_NOTIFICATION_CENTER', 'SID_EVENT_SUCCESS', 'recurringownbanktransfer', 'You have set up recurring transfers of [#]amount[/#] from your a/c [#]MaskedFromAccount[/#] to your a/c [#]MaskedToAccount[/#] on [#]ServerDate[/#] (Ref no: [#]RefNumber[/#]). If you did not do this transaction, please call DBX bank immediately.', 'Transfer made', 'konyuser');
INSERT INTO `communicationtemplate` (`Id`, `LanguageCode`, `AlertSubTypeId`, `ChannelID`, `Status_id`, `Name`, `Text`, `Subject`, `createdby`) VALUES ('71', 'en-US', 'RECURRING_OWN_ACCOUNT_TRANSFER', 'CH_PUSH_NOTIFICATION', 'SID_EVENT_SUCCESS', 'recurringownbanktransfer', 'You have set up recurring transfers of [#]amount[/#] from your a/c [#]MaskedFromAccount[/#] to your a/c [#]MaskedToAccount[/#] on [#]ServerDate[/#] (Ref no: [#]RefNumber[/#]). If you did not do this transaction, please call DBX bank immediately.', 'Transfer made', 'konyuser');
INSERT INTO `communicationtemplate` (`Id`, `LanguageCode`, `AlertSubTypeId`, `ChannelID`, `Status_id`, `Name`, `Text`, `Subject`, `createdby`) VALUES ('72', 'en-US', 'RECURRING_OWN_ACCOUNT_TRANSFER', 'CH_EMAIL', 'SID_EVENT_SUCCESS', 'recurringownbanktransfer', '<p>Dear [#]FirstName[/#] [#]LastName[/#],</p><p>You have set up recurring transfers of [#]amount[/#] from your a/c [#]MaskedFromAccount[/#] to your a/c [#]MaskedToAccount[/#] on [#]ServerDate[/#] (Ref no: [#]RefNumber[/#]). If you did not do this transaction, please call DBX bank immediately.</p><p>Regards,<br />DBX Bank</p>', 'Transfer made', 'konyuser');

INSERT INTO `communicationtemplate` (`Id`, `LanguageCode`, `AlertSubTypeId`, `ChannelID`, `Status_id`, `Name`, `Text`, `createdby`) VALUES ('73', 'en-US', 'LOGIN_ATTEMPT', 'CH_SMS', 'SID_EVENT_SUCCESS', 'loginattempt', 'You have successfully logged into your online banking profile.', 'konyuser');
INSERT INTO `communicationtemplate` (`Id`, `LanguageCode`, `AlertSubTypeId`, `ChannelID`, `Status_id`, `Name`, `Text`, `Subject`, `createdby`) VALUES ('74', 'en-US', 'LOGIN_ATTEMPT', 'CH_NOTIFICATION_CENTER', 'SID_EVENT_SUCCESS', 'loginattempt', 'You have successfully logged into your online banking profile.', 'Login Success', 'konyuser');
INSERT INTO `communicationtemplate` (`Id`, `LanguageCode`, `AlertSubTypeId`, `ChannelID`, `Status_id`, `Name`, `Text`, `Subject`, `createdby`) VALUES ('75', 'en-US', 'LOGIN_ATTEMPT', 'CH_PUSH_NOTIFICATION', 'SID_EVENT_SUCCESS', 'loginattempt', 'You have successfully logged into your online banking profile.', 'Login Success', 'konyuser');
INSERT INTO `communicationtemplate` (`Id`, `LanguageCode`, `AlertSubTypeId`, `ChannelID`, `Status_id`, `Name`, `Text`, `Subject`, `createdby`) VALUES ('76', 'en-US', 'LOGIN_ATTEMPT', 'CH_EMAIL', 'SID_EVENT_SUCCESS', 'loginattempt', '<p>Dear [#]FirstName[/#] [#]LastName[/#],</p><p>You have successfully logged into your online banking profile.</p><p>Regards,<br />DBX Bank</p>', 'Login Success', 'konyuser');

INSERT INTO `communicationtemplate` (`Id`, `LanguageCode`, `AlertSubTypeId`, `ChannelID`, `Status_id`, `Name`, `Text`, `createdby`) VALUES ('77', 'en-US', 'LOGIN_ATTEMPT', 'CH_SMS', 'SID_EVENT_FAILURE', 'loginattemptfail', 'You have made an invalid login attempt for your username [#]MaskedUsername[/#]  on [#]ServerDate[/#] [#]ServerTime[/#].', 'konyuser');
INSERT INTO `communicationtemplate` (`Id`, `LanguageCode`, `AlertSubTypeId`, `ChannelID`, `Status_id`, `Name`, `Text`, `Subject`, `createdby`) VALUES ('78', 'en-US', 'LOGIN_ATTEMPT', 'CH_NOTIFICATION_CENTER', 'SID_EVENT_FAILURE', 'loginattemptfail', 'You have made an invalid login attempt for your username [#]MaskedUsername[/#]  on [#]ServerDate[/#] [#]ServerTime[/#].', 'Login failed', 'konyuser');
INSERT INTO `communicationtemplate` (`Id`, `LanguageCode`, `AlertSubTypeId`, `ChannelID`, `Status_id`, `Name`, `Text`, `Subject`, `createdby`) VALUES ('79', 'en-US', 'LOGIN_ATTEMPT', 'CH_PUSH_NOTIFICATION', 'SID_EVENT_FAILURE', 'loginattemptfail', 'You have made an invalid login attempt for your username [#]MaskedUsername[/#]  on [#]ServerDate[/#] [#]ServerTime[/#].', 'Login failed', 'konyuser');
INSERT INTO `communicationtemplate` (`Id`, `LanguageCode`, `AlertSubTypeId`, `ChannelID`, `Status_id`, `Name`, `Text`, `Subject`, `createdby`) VALUES ('80', 'en-US', 'LOGIN_ATTEMPT', 'CH_EMAIL', 'SID_EVENT_FAILURE', 'loginattemptfail', '<p>Dear [#]FirstName[/#] [#]LastName[/#],</p><p>You have made an invalid login attempt for your username [#]MaskedUsername[/#] on [#]ServerDate[/#] [#]ServerTime[/#].</p><p>Regards,<br />DBX Bank</p>', 'Login failed', 'konyuser');

INSERT INTO `communicationtemplate` (`Id`, `LanguageCode`, `AlertSubTypeId`, `ChannelID`, `Status_id`, `Name`, `Text`, `createdby`) VALUES ('81', 'en-US', 'ACCOUNT_LOCKED', 'CH_SMS', 'SID_EVENT_SUCCESS', 'accountlocked', 'Your user access to digital banking app is locked.', 'konyuser');
INSERT INTO `communicationtemplate` (`Id`, `LanguageCode`, `AlertSubTypeId`, `ChannelID`, `Status_id`, `Name`, `Text`, `Subject`, `createdby`) VALUES ('82', 'en-US', 'ACCOUNT_LOCKED', 'CH_NOTIFICATION_CENTER', 'SID_EVENT_SUCCESS', 'accountlocked', 'Your user access to digital banking app is locked.', 'Account locked', 'konyuser');
INSERT INTO `communicationtemplate` (`Id`, `LanguageCode`, `AlertSubTypeId`, `ChannelID`, `Status_id`, `Name`, `Text`, `Subject`, `createdby`) VALUES ('83', 'en-US', 'ACCOUNT_LOCKED', 'CH_PUSH_NOTIFICATION', 'SID_EVENT_SUCCESS', 'accountlocked', 'Your user access to digital banking app is locked.', 'Account locked', 'konyuser');
INSERT INTO `communicationtemplate` (`Id`, `LanguageCode`, `AlertSubTypeId`, `ChannelID`, `Status_id`, `Name`, `Text`, `Subject`, `createdby`) VALUES ('84', 'en-US', 'ACCOUNT_LOCKED', 'CH_EMAIL', 'SID_EVENT_SUCCESS', 'accountlocked', '<p>Dear [#]FirstName[/#] [#]LastName[/#],</p><p>Your user access to digital banking app is locked.</p><p>Regards,<br />DBX Bank</p>', 'Account locked', 'konyuser');

INSERT INTO `alertcondition` (`id`, `Name`, `LanguageCode`, `NoOfFields`, `createdby`) VALUES ('GREATER_THAN', 'Greater than', 'en-US', '1', 'konyuser');
INSERT INTO `alertcondition` (`id`, `Name`, `LanguageCode`, `NoOfFields`, `createdby`) VALUES ('LESS_THAN', 'Less than', 'en-US', '1', 'konyuser');
INSERT INTO `alertcondition` (`id`, `Name`, `LanguageCode`, `NoOfFields`, `createdby`) VALUES ('EQUALS_TO', 'Equal to', 'en-US', '1', 'konyuser');
INSERT INTO `alertcondition` (`id`, `Name`, `LanguageCode`, `NoOfFields`, `createdby`) VALUES ('IN_BETWEEN', 'Between', 'en-US', '2', 'konyuser');
INSERT INTO `alertcondition` (`id`, `Name`, `LanguageCode`, `NoOfFields`, `createdby`) VALUES ('GREATER_EQUAL_TO', 'Greater or equal to', 'en-US', '1', 'konyuser');
INSERT INTO `alertcondition` (`id`, `Name`, `LanguageCode`, `NoOfFields`, `createdby`) VALUES ('LESS_EQUAL_TO', 'Less or equal to', 'en-US', '1', 'konyuser');
INSERT INTO `alertcondition` (`id`, `Name`, `LanguageCode`, `NoOfFields`, `createdby`) VALUES ('CONTAINS', 'Contains', 'en-US', '1', 'konyuser');
INSERT INTO `alertcondition` (`id`, `Name`, `LanguageCode`, `NoOfFields`, `createdby`) VALUES ('NOT_EQUAL_TO', 'Not equal to', 'en-US', '1', 'konyuser');

INSERT INTO `alertcontentfields` (`Code`, `Name`, `DefaultValue`, `createdby`) VALUES ('FirstName', 'First Name', 'First', 'konyuser');
INSERT INTO `alertcontentfields` (`Code`, `Name`, `DefaultValue`, `createdby`) VALUES ('LastName', 'Last Name', 'Last', 'konyuser');
INSERT INTO `alertcontentfields` (`Code`, `Name`, `DefaultValue`, `createdby`) VALUES ('MaskedUsername', 'User Name', 'Usxxxxer', 'konyuser');
INSERT INTO `alertcontentfields` (`Code`, `Name`, `DefaultValue`, `createdby`) VALUES ('ServerDate', 'Server Date', '25/04/2019', 'konyuser');
INSERT INTO `alertcontentfields` (`Code`, `Name`, `DefaultValue`, `createdby`) VALUES ('ServerTime', 'Server Time', '16:10:00', 'konyuser');
INSERT INTO `alertcontentfields` (`Code`, `Name`, `DefaultValue`, `createdby`) VALUES ('UpdatedPhone', 'Updated Phone', '+19234567890', 'konyuser');
INSERT INTO `alertcontentfields` (`Code`, `Name`, `DefaultValue`, `createdby`) VALUES ('UpdatedEmail', 'Updated Email', 'konyuser@kony.com', 'konyuser');
INSERT INTO `alertcontentfields` (`Code`, `Name`, `DefaultValue`, `createdby`) VALUES ('PayeeNickName', 'Payee Nick Name', 'Nick', 'konyuser');
INSERT INTO `alertcontentfields` (`Code`, `Name`, `DefaultValue`, `createdby`) VALUES ('RecipientNickName', 'Recipient Nick Name', 'Nick', 'konyuser');
INSERT INTO `alertcontentfields` (`Code`, `Name`, `DefaultValue`, `createdby`) VALUES ('amount', 'Amount', '148', 'konyuser');
INSERT INTO `alertcontentfields` (`Code`, `Name`, `DefaultValue`, `createdby`) VALUES ('MaskedFromAccount', 'Masked From Account', 'xxxx1234', 'konyuser');
INSERT INTO `alertcontentfields` (`Code`, `Name`, `DefaultValue`, `createdby`) VALUES ('MaskedToAccount', 'Masked To Account', 'xxxx1567', 'konyuser');
INSERT INTO `alertcontentfields` (`Code`, `Name`, `DefaultValue`, `createdby`) VALUES ('RefNumber', 'Reference Number', '541134', 'konyuser');

INSERT INTO `eventconsumer` (`ServiceId`, `OperationId`, `BatchLimit`, `LastEventId`) VALUES ('Alerts', 'pushAlerts', '20', '0');

INSERT INTO `eventconsumertypes` (`ServiceId`, `OperationId`, `EventType`) VALUES ('Alerts', 'pushAlerts', 'BILL_PAYEE');
INSERT INTO `eventconsumertypes` (`ServiceId`, `OperationId`, `EventType`) VALUES ('Alerts', 'pushAlerts', 'CREDENTIAL_CHANGE');
INSERT INTO `eventconsumertypes` (`ServiceId`, `OperationId`, `EventType`) VALUES ('Alerts', 'pushAlerts', 'LOGIN');
INSERT INTO `eventconsumertypes` (`ServiceId`, `OperationId`, `EventType`) VALUES ('Alerts', 'pushAlerts', 'MAKE_TRANSFER');
INSERT INTO `eventconsumertypes` (`ServiceId`, `OperationId`, `EventType`) VALUES ('Alerts', 'pushAlerts', 'P2P_RECIPIENT');
INSERT INTO `eventconsumertypes` (`ServiceId`, `OperationId`, `EventType`) VALUES ('Alerts', 'pushAlerts', 'PROFILE_UPDATE');
INSERT INTO `eventconsumertypes` (`ServiceId`, `OperationId`, `EventType`) VALUES ('Alerts', 'pushAlerts', 'TRANSFER_RECIPIENT');

INSERT INTO `eventtype` (`id`, `Name`) VALUES ('TRANSFER_RECIPIENT', 'Transfer Recipient ');
INSERT INTO `eventtype` (`id`, `Name`) VALUES ('PROFILE_UPDATE', 'Profile Update');
INSERT INTO `eventtype` (`id`, `Name`) VALUES ('P2P_RECIPIENT', 'P2P Recipient ');
INSERT INTO `eventtype` (`id`, `Name`) VALUES ('MAKE_TRANSFER', 'Make Transfer');
INSERT INTO `eventtype` (`id`, `Name`) VALUES ('LOGIN', 'Login');
INSERT INTO `eventtype` (`id`, `Name`) VALUES ('CREDENTIAL_CHANGE', 'Credential Change');
INSERT INTO `eventtype` (`id`, `Name`) VALUES ('BILL_PAYEE', 'Bill Payee');

INSERT INTO `eventsubtype` (`id`, `eventtypeid`, `Name`) VALUES ('ACCOUNT_LOCKED', 'LOGIN', 'Account Locked');
INSERT INTO `eventsubtype` (`id`, `eventtypeid`, `Name`) VALUES ('BILL_PAYEE_ADDED', 'BILL_PAYEE', 'Bill Payee Added');
INSERT INTO `eventsubtype` (`id`, `eventtypeid`, `Name`) VALUES ('DOM_WIRE_RECIPIENT_ADDED', 'TRANSFER_RECIPIENT', 'Domestic Wire Recipient Added');
INSERT INTO `eventsubtype` (`id`, `eventtypeid`, `Name`) VALUES ('INT_TRANSFER_RECIPIENT_ADDED', 'TRANSFER_RECIPIENT', 'International Transfer Recipient Added');
INSERT INTO `eventsubtype` (`id`, `eventtypeid`, `Name`) VALUES ('INT_WIRE_RECIPIENT_ADDED', 'TRANSFER_RECIPIENT', 'International Wire Recipient Added');
INSERT INTO `eventsubtype` (`id`, `eventtypeid`, `Name`) VALUES ('LOGIN_ATTEMPT', 'LOGIN', 'Login Attempt');
INSERT INTO `eventsubtype` (`id`, `eventtypeid`, `Name`) VALUES ('ONETIME_OTHER_BANK_TRANSFER', 'MAKE_TRANSFER', 'Other Bank Onetime Transfer');
INSERT INTO `eventsubtype` (`id`, `eventtypeid`, `Name`) VALUES ('ONETIME_OWN_ACCOUNT_TRANSFER', 'MAKE_TRANSFER', 'Own account Onetime Transfer');
INSERT INTO `eventsubtype` (`id`, `eventtypeid`, `Name`) VALUES ('OTHER_BANK_RECIPIENT_ADDED', 'TRANSFER_RECIPIENT', 'Other Bank Recipient Added');
INSERT INTO `eventsubtype` (`id`, `eventtypeid`, `Name`) VALUES ('P2P_RECIPIENT_ADDED', 'P2P_RECIPIENT', 'P2P Recipient Added');
INSERT INTO `eventsubtype` (`id`, `eventtypeid`, `Name`) VALUES ('PASSWORD_CHANGE', 'CREDENTIAL_CHANGE', 'Password Change');
INSERT INTO `eventsubtype` (`id`, `eventtypeid`, `Name`) VALUES ('PRIMARY_ADDRESS_CHANGE', 'PROFILE_UPDATE', 'Primary Address Change');
INSERT INTO `eventsubtype` (`id`, `eventtypeid`, `Name`) VALUES ('PRIMARY_EMAIL_CHANGE', 'PROFILE_UPDATE', 'Primary Email Change');
INSERT INTO `eventsubtype` (`id`, `eventtypeid`, `Name`) VALUES ('PRIMARY_PHONE_CHANGE', 'PROFILE_UPDATE', 'Primary Phone Number Change');
INSERT INTO `eventsubtype` (`id`, `eventtypeid`, `Name`) VALUES ('RECURRING_OTHER_BANK_TRANSFER', 'MAKE_TRANSFER', 'Other Bank Recurring Transfer');
INSERT INTO `eventsubtype` (`id`, `eventtypeid`, `Name`) VALUES ('RECURRING_OWN_ACCOUNT_TRANSFER', 'MAKE_TRANSFER', 'Own Account Recurring Transfer');
INSERT INTO `eventsubtype` (`id`, `eventtypeid`, `Name`) VALUES ('SAME_BANK_RECIPIENT_ADDED', 'TRANSFER_RECIPIENT', 'Same Bank Recipeint Added');
INSERT INTO `eventsubtype` (`id`, `eventtypeid`, `Name`) VALUES ('SCHEDULED_OTHER_BANK_TRANSFER', 'MAKE_TRANSFER', 'Other Bank Scheduled Transfer');
INSERT INTO `eventsubtype` (`id`, `eventtypeid`, `Name`) VALUES ('SCHEDULED_OWN_ACCOUNT_TRANSFER', 'MAKE_TRANSFER', 'Own Account Scheduled Transfer');
INSERT INTO `eventsubtype` (`id`, `eventtypeid`, `Name`) VALUES ('USERNAME_CHANGE', 'CREDENTIAL_CHANGE', 'Username Change');

UPDATE IGNORE `pfmpiechart` set `year`=2019 where `monthId` >= 4;
UPDATE IGNORE `pfmpiechart` set `year`=2020 where `monthId` < 4;

INSERT IGNORE INTO `passwordhistory` (`id`, `Customer_id`, `PreviousPassword`, `createdts`, `lastmodifiedts`, `lastsynctimestamp`, `softdeleteflag`) VALUES ('c0e1a709-da72-40d1-9cd7-65d7753392ag', '10', '$11$qggzt0IGyrC84TuZAAB0zuN2jS8GFCJOmXknnGIGBtb2WvtPQqLXq', CURRENT_TIMESTAMP, CURRENT_TIMESTAMP, CURRENT_TIMESTAMP, '0');
INSERT IGNORE INTO `passwordhistory` (`id`, `Customer_id`, `PreviousPassword`, `createdts`, `lastmodifiedts`, `lastsynctimestamp`, `softdeleteflag`) VALUES ('c0e1a709-da72-40d1-9cd7-65d7753392bg', '1002496540', '$2a$11$zf5JKbRq6bEjT/M0AqKAnOChHbfxTj1LHXK6jig9a1hc7t1ze.4jm', CURRENT_TIMESTAMP, CURRENT_TIMESTAMP, CURRENT_TIMESTAMP, '0');

INSERT IGNORE INTO `emailtemplates` (`id`, `TemplateName`, `TemplateText`, `Subject`, `SenderName`, `SenderEmail`) VALUES ('6', 'emailtoenroll', '<p>&nbsp;</p><center><div style=\"width: 95%; height: 10px; margin: 50px 0px 0px 0px;\"><div><table border=\"0\" width=\"100%\" cellspacing=\"0\" cellpadding=\"0\"><tbody><tr><td style=\"background-color: #284e77; font-size: 1px; line-height: 1px; -webkit-text-size-adjust: none;\" align=\"center\" valign=\"top\" bgcolor=\"#284e77\" height=\"10\">&nbsp;</td></tr></tbody></table></div></div><div style=\"width: 95%; margin: 0px 0px 50px 0px;\"><div style=\"display: inline-block; text-align: left;\"><table border=\"0\" width=\"100%\" cellspacing=\"0\" cellpadding=\"0\"><tbody><tr><td style=\"background-color: #ffffff; -webkit-text-size-adjust: none;\"><div style=\"margin: 50px 20px 50px 20px; color: #333b44; font-size: 14px;\"><table style=\"width: 50%;\" width=\"50%\"><tbody><tr><td width=\"200\"><img style=\"text-align: right; width: 200px; border: 0;\" src=\"https://www.kony.com/assets/images/all/themes/kony/assets/images/logo.svg\" alt=\"kony_logo\" width=\"200\" /></td></tr></tbody></table><br /><br />Hi %firstName%,<br /><br />Your company has been added to the Digital Banking Channel as a Micro Business. Please enroll into the application with your company ID.<br /> <br /><br />Company ID: %CompanyID%<br /><br /> <br /><div style=\"text-align: center; border-width: 1px; border-radius: 4px;\"><table style=\"table-layout: fixed;\" border=\"0\" width=\"100%\" cellspacing=\"0\" cellpadding=\"0\"><tbody><tr><td style=\"color: #ffffff; background-color: #333b44; word-wrap: break-word; word-break: break-all; padding: 10px; line-height: 20px;\" align=\"center\"><div style=\"margin: 10px 10px 10px 10px; font-size: 13px;\">To enroll and set a password,<a style=\"color: #11abeb;\" href=\"%emailtoenroll%\">click here(link to enroll now)</a></div></td></tr></tbody></table></div><br /> <br />Regards,<br />Kony Banking Team <br /><br /><br /><br /><span style=\"color: #999999; font-size: 12px;\">This is a system generated mail. If you are not the named addressee please notify the sender immediately by e-mail at support@konybank.com and then delete the e-mail from your system. Although the company has taken reasonable precautions to ensure no viruses are present in this email, the company cannot accept responsibility for any loss or damage arising from the use of this email or attachments. Kony, Inc. www.kony.com </span><br /><br /><div align=\"center\"><span style=\"color: #999999;\">Copyright &copy; 2018 Kony DBX. All rights reserved.</span></div></div></td></tr></tbody></table></div></div></center>', 'Email To Enroll', 'kony dbx', 'dbx_cl@kony.com');
INSERT IGNORE INTO `emailtemplates` (`id`, `TemplateName`, `TemplateText`, `Subject`, `SenderName`, `SenderEmail`) VALUES ('5', 'OnboardingProcess', 'Here is your secure access code for the Kony DBX Onboarding process: %otp%', 'DBX Onboarding process', 'Kony DBX', 'dbx_cl@kony.com');

UPDATE IGNORE `bbgeneraltransactiontype` SET `TransactionType` = 'Transfer between Customer''s Accounts' WHERE (`id` = '9');

UPDATE IGNORE `errorstatuscode` SET `ErrorMsg` = 'This direct sign in token is invalid or expired' WHERE `SNo`='1';
UPDATE IGNORE `errorstatuscode` SET `ErrorMsg` = 'User not signed in, require authentication' WHERE `SNo`='2';
UPDATE IGNORE `errorstatuscode` SET `ErrorMsg` = 'Mandatory request parameters are missing' WHERE `SNo`='4';
UPDATE IGNORE `errorstatuscode` SET `ErrorMsg` = 'Provide username as request parameter' WHERE `SNo`='6';
UPDATE IGNORE `errorstatuscode` SET `ErrorMsg` = 'Provide password as request parameter' WHERE `SNo`='7';
UPDATE IGNORE `errorstatuscode` SET `ErrorMsg` = 'Invalid account ID' WHERE `SNo`='9';
UPDATE IGNORE `errorstatuscode` SET `ErrorMsg` = 'Invalid bank ID' WHERE `SNo`='10';
UPDATE IGNORE `errorstatuscode` SET `ErrorMsg` = 'Invalid number. Could not convert the value to a number. Need to validate.' WHERE `SNo`='13';
UPDATE IGNORE `errorstatuscode` SET `ErrorMsg` = 'Can''t send payment with a value of 0 or less.' WHERE `SNo`='14';
UPDATE IGNORE `errorstatuscode` SET `ErrorMsg` = 'Transaction request currency must be the same as account currency' WHERE `SNo`='15';
UPDATE IGNORE `errorstatuscode` SET `ErrorMsg` = 'Transaction requests are disabled in this API instance.' WHERE `SNo`='16';
UPDATE IGNORE `errorstatuscode` SET `ErrorMsg` = 'Invalid payee ID, payee not found' WHERE `SNo`='17';
UPDATE IGNORE `errorstatuscode` SET `ErrorMsg` = 'Invalid branch scheme, branch scheme not found. Need to validate.' WHERE `SNo`='18';

UPDATE IGNORE `pfmcategory` SET `categoryName` = 'Transportation' WHERE (`id` = '5');

INSERT INTO `alertattribute` (`id`, `LanguageCode`, `name`, `createdby`) VALUES ('AMOUNT', 'en-US', 'Amount', 'Kony User');

UPDATE IGNORE `customer` SET `Password` = '$2a$11$qggzt0IGyrC84TuZAAB0zuN2jS8GFCJOmXknnGIGBtb2WvtPQqLXq' WHERE (`id` = '10');

update IGNORE transaction set viewReportLink = 'http://retailbanking1.konycloud.com/dbimages/view_report.png' where viewReportLink = 'http://pmqa.konylabs.net/KonyWebBanking/view_report.png' and Id>0;

UPDATE IGNORE `emailtemplates` SET `Subject` = 'Enroll to Micro-Business Banking' WHERE (`id` = '6');

UPDATE IGNORE `emailtemplates` SET `TemplateText` = '<p>&nbsp;</p><center><div style=\"width: 95%; height: 10px; margin: 50px 0px 0px 0px;\"><div><table border=\"0\" width=\"100%\" cellspacing=\"0\" cellpadding=\"0\"><tbody><tr><td style=\"background-color: #284e77; font-size: 1px; line-height: 1px; -webkit-text-size-adjust: none;\" align=\"center\" valign=\"top\" bgcolor=\"#284e77\" height=\"10\">&nbsp;</td></tr></tbody></table></div></div><div style=\"width: 95%; margin: 0px 0px 50px 0px;\"><div style=\"display: inline-block; text-align: left;\"><table border=\"0\" width=\"100%\" cellspacing=\"0\" cellpadding=\"0\"><tbody><tr><td style=\"background-color: #ffffff; -webkit-text-size-adjust: none;\"><div style=\"margin: 50px 20px 50px 20px; color: #333b44; font-size: 14px;\"><table style=\"width: 50%;\" width=\"50%\"><tbody><tr><td width=\"200\"><img style=\"text-align: right; width: 200px; border: 0;\" src=\"https://www.kony.com/assets/images/all/themes/kony/assets/images/logo.svg\" alt=\"kony_logo\" width=\"200\" /></td></tr></tbody></table><br /><br />Hi %firstName%,<br /><br />Your company has been added to the Digital Banking Channel as a Micro Business. Please enroll into the application with your company ID.<br /> <br /><br />Company ID: %CompanyID%<br /><br /> <br /><div style=\"text-align: center; border-width: 1px; border-radius: 4px;\"><table style=\"table-layout: fixed;\" border=\"0\" width=\"100%\" cellspacing=\"0\" cellpadding=\"0\"><tbody><tr><td style=\"color: #ffffff; background-color: #333b44; word-wrap: break-word; word-break: break-all; padding: 10px; line-height: 20px;\" align=\"center\"><div style=\"margin: 10px 10px 10px 10px; font-size: 13px;\">To enroll and set a password, click below <br /><a style=\"color: #11abeb;\" href=\"https://dbxqa.konycloud.com/apps/KonyOLB/#_frmEnrollNow\">https://dbxqa.konycloud.com/apps/KonyOLB/#_frmEnrollNow </a></div></td></tr></tbody></table></div><br /> <br />Regards,<br />Kony Banking Team <br /><br /><br /><br /><span style=\"color: #999999; font-size: 12px;\">This is a system generated mail. If you are not the named addressee please notify the sender immediately by e-mail at support@konybank.com and then delete the e-mail from your system. Although the company has taken reasonable precautions to ensure no viruses are present in this email, the company cannot accept responsibility for any loss or damage arising from the use of this email or attachments. Kony, Inc. www.kony.com </span><br /><br /><div align=\"center\"><span style=\"color: #999999;\">Copyright &copy; 2018 Kony DBX. All rights reserved.</span></div></div></td></tr></tbody></table></div></div></center>' WHERE (`id` = '6');

INSERT IGNORE INTO `mfaserviceconfig` (`serviceName`, `transactionType`, `field`, `value`) VALUES ('SERVICE_ID_1', 'ExternalTransfer', 'isSameBankAccount', 'true');
INSERT IGNORE INTO `mfaserviceconfig` (`serviceName`, `transactionType`, `field`, `value`, `appId`) VALUES ('SERVICE_ID_10', 'ExternalTransfer', 'isSameBankAccount', 'true', 'BusinessBanking');
INSERT IGNORE INTO `mfaserviceconfig` (`serviceName`, `transactionType`, `field`, `value`, `appId`) VALUES ('SERVICE_ID_11', 'InternalTransfer', '', '', 'BusinessBanking');
INSERT IGNORE INTO `mfaserviceconfig` (`serviceName`, `transactionType`, `field`, `value`, `appId`) VALUES ('SERVICE_ID_12', 'Wire', 'wireAccountType', 'Domestic', 'BusinessBanking');
INSERT IGNORE INTO `mfaserviceconfig` (`serviceName`, `transactionType`, `field`, `value`, `appId`) VALUES ('SERVICE_ID_13', 'Wire', 'wireAccountType', 'International', 'BusinessBanking');
INSERT IGNORE INTO `mfaserviceconfig` (`serviceName`, `transactionType`, `appId`) VALUES ('SERVICE_ID_14', 'BillPay', 'BusinessBanking');
INSERT IGNORE INTO `mfaserviceconfig` (`serviceName`, `transactionType`, `appId`) VALUES ('SERVICE_ID_15', 'P2P', 'BusinessBanking');
INSERT IGNORE INTO `mfaserviceconfig` (`serviceName`, `transactionType`) VALUES ('SERVICE_ID_2', 'InternalTransfer');
INSERT IGNORE INTO `mfaserviceconfig` (`serviceName`, `transactionType`, `field`, `value`) VALUES ('SERVICE_ID_3', 'ExternalTransfer', 'isSameBankAccount', 'false');
INSERT IGNORE INTO `mfaserviceconfig` (`serviceName`, `transactionType`, `field`, `value`) VALUES ('SERVICE_ID_4', 'ExternalTransfer', 'isInternationalAccount', 'true');
INSERT IGNORE INTO `mfaserviceconfig` (`serviceName`, `transactionType`, `field`, `value`) VALUES ('SERVICE_ID_5', 'Wire', 'wireAccountType', 'Domestic');
INSERT IGNORE INTO `mfaserviceconfig` (`serviceName`, `transactionType`, `field`, `value`, `appId`) VALUES ('SERVICE_ID_57', 'ExternalTransfer', 'isSameBankAccount', 'false', 'BusinessBanking');
INSERT IGNORE INTO `mfaserviceconfig` (`serviceName`, `transactionType`, `field`, `value`, `appId`) VALUES ('SERVICE_ID_58', 'ExternalTransfer', 'isInternationalAccount', 'true', 'BusinessBanking');
INSERT IGNORE INTO `mfaserviceconfig` (`serviceName`, `transactionType`, `field`, `value`) VALUES ('SERVICE_ID_6', 'Wire', 'wireAccountType', 'International');
INSERT IGNORE INTO `mfaserviceconfig` (`serviceName`, `transactionType`) VALUES ('SERVICE_ID_7', 'BillPay');
INSERT IGNORE INTO `mfaserviceconfig` (`serviceName`, `transactionType`) VALUES ('SERVICE_ID_8', 'P2P');
