UPDATE `customertype` SET `Name`='Retail Customer' WHERE `id`='TYPE_ID_RETAIL';
UPDATE `customertype` SET `Name`='Small Business' WHERE `id`='TYPE_ID_SMALL_BUSINESS';
UPDATE `customertype` SET `Name`='Micro Business' WHERE `id`='TYPE_ID_MICRO_BUSINESS';
UPDATE `customertype` SET `Name`='Prospect' WHERE `id`='TYPE_ID_PROSPECT';

UPDATE `membergroup` SET `Type_id`='TYPE_ID_RETAIL' WHERE `id`='DEFAULT_EUROPE_GROUP';
UPDATE `membergroup` SET `Type_id`='TYPE_ID_RETAIL' WHERE `id`='DEFAULT_GROUP';
UPDATE `membergroup` SET `Type_id`='TYPE_ID_RETAIL' WHERE `id`='GID_BANKING_CUSTOMERS';
UPDATE `membergroup` SET `Type_id`='TYPE_ID_RETAIL' WHERE `id`='GID_CREDITCARD_CUSTOMERS';
UPDATE `membergroup` SET `Type_id`='TYPE_ID_RETAIL' WHERE `id`='GID_HNW_CUSTOMERS';
UPDATE `membergroup` SET `Type_id`='TYPE_ID_RETAIL' WHERE `id`='GID_LOAN_CUSTOMERS';
UPDATE `membergroup` SET `Type_id`='TYPE_ID_RETAIL' WHERE `id`='GID_PRIORITY_MEMBERS';
UPDATE `membergroup` SET `Type_id`='TYPE_ID_RETAIL' WHERE `id`='GROUP_PLATINUM';
UPDATE `membergroup` SET `Type_id`='TYPE_ID_RETAIL' WHERE `id`='GROUP_SERVICE';
UPDATE `membergroup` SET `Type_id`='TYPE_ID_RETAIL' WHERE `id`='GROUP_TESTING';

INSERT INTO `servicetype` (`id`, `Description`, `createdby`, `modifiedby`) VALUES ('SER_TYPE_NONTRANS', 'Non-Transactional', 'Kony User', 'Kony Dev');

INSERT INTO `membergroup` (`id`, `Name`, `Description`, `Type_id`, `Status_id`, `createdby`, `modifiedby`) VALUES ('GROUP_ADMINISTRATOR', 'Administrator', 'Business Banking Administartor Group', 'TYPE_ID_SMALL_BUSINESS', 'SID_ACTIVE', 'Kony User', 'Kony User');
INSERT INTO `membergroup` (`id`, `Name`, `Description`, `Type_id`, `Status_id`, `createdby`, `modifiedby`) VALUES ('GROUP_VIEWER', 'Viewer', 'Business Banking Viewer Group', 'TYPE_ID_SMALL_BUSINESS', 'SID_ACTIVE', 'Kony User', 'Kony User');
INSERT INTO `membergroup` (`id`, `Name`, `Description`, `Type_id`, `Status_id`, `createdby`, `modifiedby`) VALUES ('GROUP_CREATOR', 'Creator', 'Business Banking Creator Group', 'TYPE_ID_SMALL_BUSINESS', 'SID_ACTIVE', 'Kony User', 'Kony User');
INSERT INTO `membergroup` (`id`, `Name`, `Description`, `Type_id`, `Status_id`, `createdby`, `modifiedby`) VALUES ('GROUP_AUTHORIZER', 'Authorizer', 'Business Banking Authorizer Group', 'TYPE_ID_SMALL_BUSINESS', 'SID_ACTIVE', 'Kony User', 'Kony User');

INSERT INTO `transactionlimit` (`id`, `Description`, `createdby`, `modifiedby`) VALUES ('TID2', 'Transation Limit for Internal Fund Transfers - Create Transaction', 'Kony User', 'Kony Dev');
INSERT INTO `transactionlimit` (`id`, `Description`, `createdby`, `modifiedby`) VALUES ('TID3', 'Transation Limit for 3rd Party Transfers - Create Transaction', 'Kony User', 'Kony Dev');
INSERT INTO `transactionlimit` (`id`, `Description`, `createdby`, `modifiedby`) VALUES ('TID4', 'Transation Limit for Domestic Wire Transfers - Create Transaction', 'Kony User', 'Kony Dev');
INSERT INTO `transactionlimit` (`id`, `Description`, `createdby`, `modifiedby`) VALUES ('TID5', 'Transation Limit for International Wire Transfers - Create Transaction', 'Kony User', 'Kony Dev');
INSERT INTO `transactionlimit` (`id`, `Description`, `createdby`, `modifiedby`) VALUES ('TID6', 'Transation Limit for Bill Payment - Create Transaction', 'Kony User', 'Kony Dev');
INSERT INTO `transactionlimit` (`id`, `Description`, `createdby`, `modifiedby`) VALUES ('TID7', 'Transation Limit for  P2P - Create Transaction', 'Kony User', 'Kony Dev');

INSERT INTO `periodiclimit` (`id`, `TransactionLimit_id`, `Period_id`, `Code`, `MaximumLimit`, `Currency`, `createdby`, `modifiedby`) VALUES ('PID_1', 'TID2', 'P1', 'DAILY', '1000.0', '$', 'Kony User', 'Kony User');
INSERT INTO `periodiclimit` (`id`, `TransactionLimit_id`, `Period_id`, `Code`, `MaximumLimit`, `Currency`, `createdby`, `modifiedby`) VALUES ('PID_2', 'TID3', 'P1', 'DAILY', '1000.0', '$', 'Kony User', 'Kony User');
INSERT INTO `periodiclimit` (`id`, `TransactionLimit_id`, `Period_id`, `Code`, `MaximumLimit`, `Currency`, `createdby`, `modifiedby`) VALUES ('PID_3', 'TID4', 'P1', 'DAILY', '1000.0', '$', 'Kony User', 'Kony User');
INSERT INTO `periodiclimit` (`id`, `TransactionLimit_id`, `Period_id`, `Code`, `MaximumLimit`, `Currency`, `createdby`, `modifiedby`) VALUES ('PID_4', 'TID5', 'P1', 'DAILY', '1000.0', '$', 'Kony User', 'Kony User');
INSERT INTO `periodiclimit` (`id`, `TransactionLimit_id`, `Period_id`, `Code`, `MaximumLimit`, `Currency`, `createdby`, `modifiedby`) VALUES ('PID_5', 'TID6', 'P1', 'DAILY', '1000.0', '$', 'Kony User', 'Kony User');
INSERT INTO `periodiclimit` (`id`, `TransactionLimit_id`, `Period_id`, `Code`, `MaximumLimit`, `Currency`, `createdby`, `modifiedby`) VALUES ('PID_6', 'TID7', 'P1', 'DAILY', '1000.0', '$', 'Kony User', 'Kony User');

INSERT INTO `service` (`id`, `Type_id`, `Channel_id`, `Name`, `Description`, `Status_id`, `Notes`, `MaxTransferLimit`, `MinTransferLimit`, `TransferDenominations`, `IsFutureTransaction`, `TransactionCharges`, `IsAuthorizationRequired`, `IsSMSAlertActivated`, `SMSCharges`, `IsBeneficiarySMSAlertActivated`, `BeneficiarySMSCharge`, `HasWeekendOperation`, `IsOutageMessageActive`, `IsAlertActive`, `IsTCActive`, `IsAgreementActive`, `IsCampaignActive`, `WorkSchedule_id`, `TransactionFee_id`, `TransactionLimit_id`, `code`, `Category_id`, `DisplayName`, `DisplayDescription`, `createdby`, `modifiedby`) VALUES ('SERVICE_ID_10', 'SER_TYPE_TRNS', 'CH_ID_MOB_INT', 'Internal Fund Transfers - Create Transaction', 'Internal Fund Transfers - Create Transaction', 'SID_ACTIVE', 'Create Transaction for Internal Fund Transfers', '100000.00', '1.00', '$', '1', '0', '1', '1', '0.5', '1', '0.2', '1', '1', '1', '1', '0', '1', 'WORK_SCH_ID1', 'TID1', 'TID2', 'IntA2AFT004', 'CAT_TYPE_TRANSFER', 'Internal Fund Transfers - Create Transaction', 'Internal Fund Transfers - Create Transaction', 'Kony User', 'Kony User');
INSERT INTO `service` (`id`, `Type_id`, `Channel_id`, `Name`, `Description`, `Status_id`, `Notes`, `MaxTransferLimit`, `MinTransferLimit`, `TransferDenominations`, `IsFutureTransaction`, `TransactionCharges`, `IsAuthorizationRequired`, `IsSMSAlertActivated`, `SMSCharges`, `IsBeneficiarySMSAlertActivated`, `BeneficiarySMSCharge`, `HasWeekendOperation`, `IsOutageMessageActive`, `IsAlertActive`, `IsTCActive`, `IsAgreementActive`, `IsCampaignActive`, `WorkSchedule_id`, `TransactionFee_id`, `TransactionLimit_id`, `code`, `Category_id`, `DisplayName`, `DisplayDescription`, `createdby`, `modifiedby`) VALUES ('SERVICE_ID_11', 'SER_TYPE_TRNS', 'CH_ID_MOB_INT', '3rd Party Transfers - Create Transaction', '3rd Party Transfers - Create Transaction', 'SID_ACTIVE', 'Create Transaction for 3rd Party Transfers', '100000.00', '1.00', '$', '1', '0', '1', '1', '0.5', '1', '0.2', '1', '1', '0', '1', '1', '1', 'WORK_SCH_ID1', 'TID1', 'TID3', 'M2MFT001', 'CAT_TYPE_TRANSFER', '3rd Party Transfers - Create Transaction', '3rd Party Transfers - Create Transaction', 'Kony User', 'Kony User');
INSERT INTO `service` (`id`, `Type_id`, `Channel_id`, `Name`, `Description`, `Status_id`, `Notes`, `MaxTransferLimit`, `MinTransferLimit`, `TransferDenominations`, `IsFutureTransaction`, `TransactionCharges`, `IsAuthorizationRequired`, `IsSMSAlertActivated`, `SMSCharges`, `IsBeneficiarySMSAlertActivated`, `BeneficiarySMSCharge`, `HasWeekendOperation`, `IsOutageMessageActive`, `IsAlertActive`, `IsTCActive`, `IsAgreementActive`, `IsCampaignActive`, `WorkSchedule_id`, `TransactionFee_id`, `TransactionLimit_id`, `code`, `Category_id`, `DisplayName`, `DisplayDescription`, `createdby`, `modifiedby`) VALUES ('SERVICE_ID_12', 'SER_TYPE_TRNS', 'CH_ID_MOB_INT', 'Domestic Wire Transfers - Create Transaction', 'Domestic Wire Transfers - Create Transaction', 'SID_ACTIVE', 'Create Transaction for Domestic Wire Transfers', '100000.00', '1.00', '$', '1', '0', '1', '1', '0.5', '1', '0', '0', '1', '1', '1', '1', '1', 'WORK_SCH_ID1', 'TID1', 'TID4', 'DomWireFT005', 'CAT_TYPE_TRANSFER', 'Domestic Wire Transfers - Create Transaction', 'Domestic Wire Transfers - Create Transaction', 'Kony User', 'Kony User');
INSERT INTO `service` (`id`, `Type_id`, `Channel_id`, `Name`, `Description`, `Status_id`, `Notes`, `MaxTransferLimit`, `MinTransferLimit`, `TransferDenominations`, `IsFutureTransaction`, `TransactionCharges`, `IsAuthorizationRequired`, `IsSMSAlertActivated`, `SMSCharges`, `IsBeneficiarySMSAlertActivated`, `BeneficiarySMSCharge`, `HasWeekendOperation`, `IsOutageMessageActive`, `IsAlertActive`, `IsTCActive`, `IsAgreementActive`, `IsCampaignActive`, `WorkSchedule_id`, `TransactionFee_id`, `TransactionLimit_id`, `code`, `Category_id`, `DisplayName`, `DisplayDescription`, `createdby`, `modifiedby`) VALUES ('SERVICE_ID_13', 'SER_TYPE_TRNS', 'CH_ID_MOB_INT', 'International Wire Transfers - Create Transaction', 'International Wire Transfers - Create Transaction', 'SID_ACTIVE', 'Create Transaction for International Wire Transfers', '100000.00', '1.00', '$', '1', '0', '1', '1', '0.5', '0', '1', '1', '1', '1', '1', '1', '1', 'WORK_SCH_ID1', 'TID1', 'TID5', 'IntA2AFT004', 'CAT_TYPE_TRANSFER', 'International Wire Transfers - Create Transaction', 'International Wire Transfers - Create Transaction', 'Kony User', 'Kony User');
INSERT INTO `service` (`id`, `Type_id`, `Channel_id`, `Name`, `Description`, `Status_id`, `Notes`, `MaxTransferLimit`, `MinTransferLimit`, `TransferDenominations`, `IsFutureTransaction`, `TransactionCharges`, `IsAuthorizationRequired`, `IsSMSAlertActivated`, `SMSCharges`, `IsBeneficiarySMSAlertActivated`, `BeneficiarySMSCharge`, `HasWeekendOperation`, `IsOutageMessageActive`, `IsAlertActive`, `IsTCActive`, `IsAgreementActive`, `IsCampaignActive`, `WorkSchedule_id`, `TransactionFee_id`, `TransactionLimit_id`, `code`, `Category_id`, `DisplayName`, `DisplayDescription`, `createdby`, `modifiedby`) VALUES ('SERVICE_ID_14', 'SER_TYPE_TRNS', 'CH_ID_MOB_INT', 'Bill Payment - Create Transaction', 'Bill Payment - Create Transaction', 'SID_ACTIVE', 'Create Transaction for Bill Payment', '5000.00', '1.00', '$', '1', '0', '1', '1', '0.5', '0', '0.2', '1', '1', '1', '1', '1', '1', 'WORK_SCH_ID1', 'TID1', 'TID6', 'BillPayPT001', 'CAT_TYPE_PAYMENT', 'Bill Payment - Create Transaction', 'Bill Payment - Create Transaction', 'Kony User', 'Kony User');
INSERT INTO `service` (`id`, `Type_id`, `Channel_id`, `Name`, `Description`, `Status_id`, `Notes`, `MaxTransferLimit`, `MinTransferLimit`, `TransferDenominations`, `IsFutureTransaction`, `TransactionCharges`, `IsAuthorizationRequired`, `IsSMSAlertActivated`, `SMSCharges`, `IsBeneficiarySMSAlertActivated`, `BeneficiarySMSCharge`, `HasWeekendOperation`, `IsOutageMessageActive`, `IsAlertActive`, `IsTCActive`, `IsAgreementActive`, `IsCampaignActive`, `WorkSchedule_id`, `TransactionFee_id`, `TransactionLimit_id`, `code`, `Category_id`, `DisplayName`, `DisplayDescription`, `createdby`, `modifiedby`) VALUES ('SERVICE_ID_15', 'SER_TYPE_TRNS', 'CH_ID_MOB_INT', 'P2P - Create Transaction', 'P2P - Create Transaction', 'SID_ACTIVE', 'Create Transaction for P2P', '100000.00', '1.00', '$', '1', '2.5', '0', '0', '0.5', '1', '1', '1', '1', '1', '1', '1', '1', 'WORK_SCH_ID1', 'TID1', 'TID7', 'P2PPT002', 'CAT_TYPE_PAYMENT', 'P2P - Create Transaction', 'P2P - Create Transaction', 'Kony User', 'Kony User');

INSERT INTO `service` (`id`, `Type_id`, `Channel_id`, `Name`, `Description`, `Status_id`, `code`, `Category_id`, `DisplayName`, `DisplayDescription`, `createdby`, `modifiedby`) VALUES ('SERVICE_ID_16', 'SER_TYPE_NONTRANS', 'CH_ID_MOB_INT', 'Internal Fund Transfers - View Transactions', 'Internal Fund Transfers - View Transactions', 'SID_ACTIVE', 'IntA2AFT004', 'CAT_TYPE_TRANSFER', 'Internal Fund Transfers - View Transactions', 'Internal Fund Transfers - View Transactions', 'Kony User', 'Kony User');
INSERT INTO `service` (`id`, `Type_id`, `Channel_id`, `Name`, `Description`, `Status_id`, `code`, `Category_id`, `DisplayName`, `DisplayDescription`, `createdby`, `modifiedby`) VALUES ('SERVICE_ID_17', 'SER_TYPE_NONTRANS', 'CH_ID_MOB_INT', 'Internal Fund Transfers - Approve Transactions', 'Internal Fund Transfers - Approve Transactions', 'SID_ACTIVE', 'IntA2AFT004', 'CAT_TYPE_TRANSFER', 'Internal Fund Transfers - Approve Transactions', 'Internal Fund Transfers - Approve Transactions', 'Kony User', 'Kony User');
INSERT INTO `service` (`id`, `Type_id`, `Channel_id`, `Name`, `Description`, `Status_id`, `code`, `Category_id`, `DisplayName`, `DisplayDescription`, `createdby`, `modifiedby`) VALUES ('SERVICE_ID_18', 'SER_TYPE_NONTRANS', 'CH_ID_MOB_INT', 'Internal Fund Transfers - Self Approval ', 'Internal Fund Transfers - Self Approval ', 'SID_ACTIVE', 'IntA2AFT004', 'CAT_TYPE_TRANSFER', 'Internal Fund Transfers - Self Approval ', 'Internal Fund Transfers - Self Approval ', 'Kony User', 'Kony User');
INSERT INTO `service` (`id`, `Type_id`, `Channel_id`, `Name`, `Description`, `Status_id`, `code`, `Category_id`, `DisplayName`, `DisplayDescription`, `createdby`, `modifiedby`) VALUES ('SERVICE_ID_19', 'SER_TYPE_NONTRANS', 'CH_ID_MOB_INT', 'Internal Fund Transfers - Manage Payees', 'Internal Fund Transfers - Manage Payees', 'SID_ACTIVE', 'IntA2AFT004', 'CAT_TYPE_TRANSFER', 'Internal Fund Transfers - Manage Payees', 'Internal Fund Transfers - Manage Payees', 'Kony User', 'Kony User');
INSERT INTO `service` (`id`, `Type_id`, `Channel_id`, `Name`, `Description`, `Status_id`, `code`, `Category_id`, `DisplayName`, `DisplayDescription`, `createdby`, `modifiedby`) VALUES ('SERVICE_ID_20', 'SER_TYPE_NONTRANS', 'CH_ID_MOB_INT', '3rd Party Transfers - Approve Transactions', '3rd Party Transfers - Approve Transactions', 'SID_ACTIVE', 'M2MFT001', 'CAT_TYPE_TRANSFER', '3rd Party Transfers - Approve Transactions', '3rd Party Transfers - Approve Transactions', 'Kony User', 'Kony User');
INSERT INTO `service` (`id`, `Type_id`, `Channel_id`, `Name`, `Description`, `Status_id`, `code`, `Category_id`, `DisplayName`, `DisplayDescription`, `createdby`, `modifiedby`) VALUES ('SERVICE_ID_21', 'SER_TYPE_NONTRANS', 'CH_ID_MOB_INT', '3rd Party Transfers - Self Approval', '3rd Party Transfers - Self Approval', 'SID_ACTIVE', 'M2MFT001', 'CAT_TYPE_TRANSFER', '3rd Party Transfers - Self Approval', '3rd Party Transfers - Self Approval', 'Kony User', 'Kony User');
INSERT INTO `service` (`id`, `Type_id`, `Channel_id`, `Name`, `Description`, `Status_id`, `code`, `Category_id`, `DisplayName`, `DisplayDescription`, `createdby`, `modifiedby`) VALUES ('SERVICE_ID_22', 'SER_TYPE_NONTRANS', 'CH_ID_MOB_INT', '3rd Party Transfers - Manage Payees', '3rd Party Transfers - Manage Payees', 'SID_ACTIVE', 'M2MFT001', 'CAT_TYPE_TRANSFER', '3rd Party Transfers - Manage Payees', '3rd Party Transfers - Manage Payees', 'Kony User', 'Kony User');
INSERT INTO `service` (`id`, `Type_id`, `Channel_id`, `Name`, `Description`, `Status_id`, `code`, `Category_id`, `DisplayName`, `DisplayDescription`, `createdby`, `modifiedby`) VALUES ('SERVICE_ID_23', 'SER_TYPE_NONTRANS', 'CH_ID_MOB_INT', 'Domestic Wire Transfers - View Transactions', 'Domestic Wire Transfers - View Transactions', 'SID_ACTIVE', 'DomWireFT005', 'CAT_TYPE_TRANSFER', 'Domestic Wire Transfers - View Transactions', 'Domestic Wire Transfers - View Transactions', 'Kony User', 'Kony User');
INSERT INTO `service` (`id`, `Type_id`, `Channel_id`, `Name`, `Description`, `Status_id`, `code`, `Category_id`, `DisplayName`, `DisplayDescription`, `createdby`, `modifiedby`) VALUES ('SERVICE_ID_24', 'SER_TYPE_NONTRANS', 'CH_ID_MOB_INT', 'Domestic Wire Transfers - Approve Transactions', 'Domestic Wire Transfers - Approve Transactions', 'SID_ACTIVE', 'DomWireFT005', 'CAT_TYPE_TRANSFER', 'Domestic Wire Transfers - Approve Transactions', 'Domestic Wire Transfers - Approve Transactions', 'Kony User', 'Kony User');
INSERT INTO `service` (`id`, `Type_id`, `Channel_id`, `Name`, `Description`, `Status_id`, `code`, `Category_id`, `DisplayName`, `DisplayDescription`, `createdby`, `modifiedby`) VALUES ('SERVICE_ID_25', 'SER_TYPE_NONTRANS', 'CH_ID_MOB_INT', 'Domestic Wire Transfers - Self Approval', 'Domestic Wire Transfers - Self Approval', 'SID_ACTIVE', 'DomWireFT005', 'CAT_TYPE_TRANSFER', 'Domestic Wire Transfers - Self Approval', 'Domestic Wire Transfers - Self Approval', 'Kony User', 'Kony User');
INSERT INTO `service` (`id`, `Type_id`, `Channel_id`, `Name`, `Description`, `Status_id`, `code`, `Category_id`, `DisplayName`, `DisplayDescription`, `createdby`, `modifiedby`) VALUES ('SERVICE_ID_26', 'SER_TYPE_NONTRANS', 'CH_ID_MOB_INT', 'Domestic Wire Transfers - Manage Payees', 'Domestic Wire Transfers - Manage Payees', 'SID_ACTIVE', 'DomWireFT005', 'CAT_TYPE_TRANSFER', 'Domestic Wire Transfers - Manage Payees', 'Domestic Wire Transfers - Manage Payees', 'Kony User', 'Kony User');
INSERT INTO `service` (`id`, `Type_id`, `Channel_id`, `Name`, `Description`, `Status_id`, `code`, `Category_id`, `DisplayName`, `DisplayDescription`, `createdby`, `modifiedby`) VALUES ('SERVICE_ID_27', 'SER_TYPE_NONTRANS', 'CH_ID_MOB_INT', 'International Wire Transfers - View Transactions', 'International Wire Transfers - View Transactions', 'SID_ACTIVE', 'IntWireFT005', 'CAT_TYPE_TRANSFER', 'International Wire Transfers - View Transactions', 'International Wire Transfers - View Transactions', 'Kony User', 'Kony User');
INSERT INTO `service` (`id`, `Type_id`, `Channel_id`, `Name`, `Description`, `Status_id`, `code`, `Category_id`, `DisplayName`, `DisplayDescription`, `createdby`, `modifiedby`) VALUES ('SERVICE_ID_28', 'SER_TYPE_NONTRANS', 'CH_ID_MOB_INT', 'International Wire Transfers - Approve Transactions', 'International Wire Transfers - Approve Transactions', 'SID_ACTIVE', 'IntWireFT005', 'CAT_TYPE_TRANSFER', 'International Wire Transfers - Approve Transactions', 'International Wire Transfers - Approve Transactions', 'Kony User', 'Kony User');
INSERT INTO `service` (`id`, `Type_id`, `Channel_id`, `Name`, `Description`, `Status_id`, `code`, `Category_id`, `DisplayName`, `DisplayDescription`, `createdby`, `modifiedby`) VALUES ('SERVICE_ID_29', 'SER_TYPE_NONTRANS', 'CH_ID_MOB_INT', 'International Wire Transfers - Self Approval ', 'International Wire Transfers - Self Approval ', 'SID_ACTIVE', 'IntWireFT005', 'CAT_TYPE_TRANSFER', 'International Wire Transfers - Self Approval ', 'International Wire Transfers - Self Approval ', 'Kony User', 'Kony User');
INSERT INTO `service` (`id`, `Type_id`, `Channel_id`, `Name`, `Description`, `Status_id`, `code`, `Category_id`, `DisplayName`, `DisplayDescription`, `createdby`, `modifiedby`) VALUES ('SERVICE_ID_30', 'SER_TYPE_NONTRANS', 'CH_ID_MOB_INT', 'International Wire Transfers - Manage Payees', 'International Wire Transfers - Manage Payees', 'SID_ACTIVE', 'IntWireFT005', 'CAT_TYPE_TRANSFER', 'International Wire Transfers - Manage Payees', 'International Wire Transfers - Manage Payees', 'Kony User', 'Kony User');
INSERT INTO `service` (`id`, `Type_id`, `Channel_id`, `Name`, `Description`, `Status_id`, `code`, `Category_id`, `DisplayName`, `DisplayDescription`, `createdby`, `modifiedby`) VALUES ('SERVICE_ID_31', 'SER_TYPE_NONTRANS', 'CH_ID_MOB_INT', 'Bill Payment - View Transactions', 'Bill Payment - View Transactions', 'SID_ACTIVE', 'BillPayPT001', 'CAT_TYPE_PAYMENT', 'Bill Payment - View Transactions', 'Bill Payment - View Transactions', 'Kony User', 'Kony User');
INSERT INTO `service` (`id`, `Type_id`, `Channel_id`, `Name`, `Description`, `Status_id`, `code`, `Category_id`, `DisplayName`, `DisplayDescription`, `createdby`, `modifiedby`) VALUES ('SERVICE_ID_32', 'SER_TYPE_NONTRANS', 'CH_ID_MOB_INT', 'Bill Payment - Approve Transactions', 'Bill Payment - Approve Transactions', 'SID_ACTIVE', 'BillPayPT001', 'CAT_TYPE_PAYMENT', 'Bill Payment - Approve Transactions', 'Bill Payment - Approve Transactions', 'Kony User', 'Kony User');
INSERT INTO `service` (`id`, `Type_id`, `Channel_id`, `Name`, `Description`, `Status_id`, `code`, `Category_id`, `DisplayName`, `DisplayDescription`, `createdby`, `modifiedby`) VALUES ('SERVICE_ID_33', 'SER_TYPE_NONTRANS', 'CH_ID_MOB_INT', 'Bill Payment - Self Approval ', 'Bill Payment - Self Approval ', 'SID_ACTIVE', 'BillPayPT001', 'CAT_TYPE_PAYMENT', 'Bill Payment - Self Approval ', 'Bill Payment - Self Approval ', 'Kony User', 'Kony User');
INSERT INTO `service` (`id`, `Type_id`, `Channel_id`, `Name`, `Description`, `Status_id`, `code`, `Category_id`, `DisplayName`, `DisplayDescription`, `createdby`, `modifiedby`) VALUES ('SERVICE_ID_34', 'SER_TYPE_NONTRANS', 'CH_ID_MOB_INT', 'Bill Payment - Manage Payees', 'Bill Payment - Manage Payees', 'SID_ACTIVE', 'BillPayPT001', 'CAT_TYPE_PAYMENT', 'Bill Payment - Manage Payees', 'Bill Payment - Manage Payees', 'Kony User', 'Kony User');
INSERT INTO `service` (`id`, `Type_id`, `Channel_id`, `Name`, `Description`, `Status_id`, `code`, `Category_id`, `DisplayName`, `DisplayDescription`, `createdby`, `modifiedby`) VALUES ('SERVICE_ID_35', 'SER_TYPE_NONTRANS', 'CH_ID_MOB_INT', 'P2P - View Transactions', 'P2P - View Transactions', 'SID_ACTIVE', 'P2PPT002', 'CAT_TYPE_PAYMENT', 'P2P - View Transactions', 'P2P - View Transactions', 'Kony User', 'Kony User');
INSERT INTO `service` (`id`, `Type_id`, `Channel_id`, `Name`, `Description`, `Status_id`, `code`, `Category_id`, `DisplayName`, `DisplayDescription`, `createdby`, `modifiedby`) VALUES ('SERVICE_ID_36', 'SER_TYPE_NONTRANS', 'CH_ID_MOB_INT', 'P2P - Approve Transactions', 'P2P - Approve Transactions', 'SID_ACTIVE', 'P2PPT002', 'CAT_TYPE_PAYMENT', 'P2P - Approve Transactions', 'P2P - Approve Transactions', 'Kony User', 'Kony User');
INSERT INTO `service` (`id`, `Type_id`, `Channel_id`, `Name`, `Description`, `Status_id`, `code`, `Category_id`, `DisplayName`, `DisplayDescription`, `createdby`, `modifiedby`) VALUES ('SERVICE_ID_37', 'SER_TYPE_NONTRANS', 'CH_ID_MOB_INT', 'P2P - Self Approval ', 'P2P - Self Approval ', 'SID_ACTIVE', 'P2PPT002', 'CAT_TYPE_PAYMENT', 'P2P - Self Approval ', 'P2P - Self Approval ', 'Kony User', 'Kony User');
INSERT INTO `service` (`id`, `Type_id`, `Channel_id`, `Name`, `Description`, `Status_id`, `code`, `Category_id`, `DisplayName`, `DisplayDescription`, `createdby`, `modifiedby`) VALUES ('SERVICE_ID_38', 'SER_TYPE_NONTRANS', 'CH_ID_MOB_INT', 'P2P - Manage Payees', 'P2P - Manage Payees', 'SID_ACTIVE', 'P2PPT002', 'CAT_TYPE_PAYMENT', 'P2P - Manage Payees', 'P2P - Manage Payees', 'Kony User', 'Kony User');
INSERT INTO `service` (`id`, `Type_id`, `Channel_id`, `Name`, `Description`, `Status_id`, `DisplayName`, `DisplayDescription`, `createdby`, `modifiedby`) VALUES ('SERVICE_ID_39', 'SER_TYPE_NONTRANS', 'CH_ID_MOB_INT', 'User Management', 'User Management', 'SID_ACTIVE', 'User Management', 'User Management', 'Kony User', 'Kony User');
INSERT INTO `service` (`id`, `Type_id`, `Channel_id`, `Name`, `Description`, `Status_id`, `DisplayName`, `DisplayDescription`, `createdby`, `modifiedby`) VALUES ('SERVICE_ID_40', 'SER_TYPE_NONTRANS', 'CH_ID_MOB_INT', 'Card Management', 'Card Management', 'SID_ACTIVE', 'Card Management', 'Card Management', 'Kony User', 'Kony User');
INSERT INTO `service` (`id`, `Type_id`, `Channel_id`, `Name`, `Description`, `Status_id`, `DisplayName`, `DisplayDescription`, `createdby`, `modifiedby`) VALUES ('SERVICE_ID_41', 'SER_TYPE_NONTRANS', 'CH_ID_MOB_INT', 'Check Management', 'Check Management', 'SID_ACTIVE', 'Check Management', 'Check Management', 'Kony User', 'Kony User');
INSERT INTO `service` (`id`, `Type_id`, `Channel_id`, `Name`, `Description`, `Status_id`, `DisplayName`, `DisplayDescription`, `createdby`, `modifiedby`) VALUES ('SERVICE_ID_42', 'SER_TYPE_NONTRANS', 'CH_ID_MOB_INT', 'Dispute Transactions', 'Dispute Transactions', 'SID_ACTIVE', 'Dispute Transactions', 'Dispute Transactions', 'Kony User', 'Kony User');
INSERT INTO `service` (`id`, `Type_id`, `Channel_id`, `Name`, `Description`, `Status_id`, `DisplayName`, `DisplayDescription`, `createdby`, `modifiedby`) VALUES ('SERVICE_ID_43', 'SER_TYPE_NONTRANS', 'CH_ID_MOB_INT', 'Account Settings', 'Account Settings', 'SID_ACTIVE', 'Account Settings', 'Account Settings', 'Kony User', 'Kony User');
INSERT INTO `service` (`id`, `Type_id`, `Channel_id`, `Name`, `Description`, `Status_id`, `DisplayName`, `DisplayDescription`, `createdby`, `modifiedby`) VALUES ('SERVICE_ID_44', 'SER_TYPE_NONTRANS', 'CH_ID_MOB_INT', 'Manage E-statements', 'Manage E-statements', 'SID_ACTIVE', 'Manage E-statements', 'Manage E-statements', 'Kony User', 'Kony User');
INSERT INTO `service` (`id`, `Type_id`, `Channel_id`, `Name`, `Description`, `Status_id`, `DisplayName`, `DisplayDescription`, `createdby`, `modifiedby`) VALUES ('SERVICE_ID_45', 'SER_TYPE_NONTRANS', 'CH_ID_MOB_INT', 'Alert Management', 'Alert Management', 'SID_ACTIVE', 'Alert Management', 'Alert Management', 'Kony User', 'Kony User');
INSERT INTO `service` (`id`, `Type_id`, `Channel_id`, `Name`, `Description`, `Status_id`, `DisplayName`, `DisplayDescription`, `createdby`, `modifiedby`) VALUES ('SERVICE_ID_46', 'SER_TYPE_NONTRANS', 'CH_ID_MOB_INT', '3rd Party Transfers - View Transactions', '3rd Party Transfers - View Transactions', 'SID_ACTIVE', '3rd Party Transfers - View Transactions', '3rd Party Transfers - View Transactions', 'Kony User', 'Kony User');

INSERT INTO `groupentitlement` (`Group_id`, `Service_id`, `TransactionFee_id`, `TransactionLimit_id`, `createdby`) VALUES ('GROUP_ADMINISTRATOR', 'SERVICE_ID_10', 'TID1', 'TID2', 'UID11');
INSERT INTO `groupentitlement` (`Group_id`, `Service_id`, `TransactionFee_id`, `TransactionLimit_id`, `createdby`) VALUES ('GROUP_ADMINISTRATOR', 'SERVICE_ID_11', 'TID1', 'TID3', 'UID11');
INSERT INTO `groupentitlement` (`Group_id`, `Service_id`, `TransactionFee_id`, `TransactionLimit_id`, `createdby`) VALUES ('GROUP_ADMINISTRATOR', 'SERVICE_ID_12', 'TID1', 'TID4', 'UID11');
INSERT INTO `groupentitlement` (`Group_id`, `Service_id`, `TransactionFee_id`, `TransactionLimit_id`, `createdby`) VALUES ('GROUP_ADMINISTRATOR', 'SERVICE_ID_13', 'TID1', 'TID5', 'UID11');
INSERT INTO `groupentitlement` (`Group_id`, `Service_id`, `TransactionFee_id`, `TransactionLimit_id`, `createdby`) VALUES ('GROUP_ADMINISTRATOR', 'SERVICE_ID_14', 'TID1', 'TID6', 'UID11');
INSERT INTO `groupentitlement` (`Group_id`, `Service_id`, `TransactionFee_id`, `TransactionLimit_id`, `createdby`) VALUES ('GROUP_ADMINISTRATOR', 'SERVICE_ID_15', 'TID1', 'TID7', 'UID11');

INSERT INTO `groupentitlement` (`Group_id`, `Service_id`, `TransactionFee_id`, `TransactionLimit_id`, `createdby`) VALUES ('GROUP_CREATOR', 'SERVICE_ID_10', 'TID1', 'TID2', 'UID11');
INSERT INTO `groupentitlement` (`Group_id`, `Service_id`, `TransactionFee_id`, `TransactionLimit_id`, `createdby`) VALUES ('GROUP_CREATOR', 'SERVICE_ID_11', 'TID1', 'TID3', 'UID11');
INSERT INTO `groupentitlement` (`Group_id`, `Service_id`, `TransactionFee_id`, `TransactionLimit_id`, `createdby`) VALUES ('GROUP_CREATOR', 'SERVICE_ID_12', 'TID1', 'TID4', 'UID11');
INSERT INTO `groupentitlement` (`Group_id`, `Service_id`, `TransactionFee_id`, `TransactionLimit_id`, `createdby`) VALUES ('GROUP_CREATOR', 'SERVICE_ID_13', 'TID1', 'TID5', 'UID11');
INSERT INTO `groupentitlement` (`Group_id`, `Service_id`, `TransactionFee_id`, `TransactionLimit_id`, `createdby`) VALUES ('GROUP_CREATOR', 'SERVICE_ID_14', 'TID1', 'TID6', 'UID11');
INSERT INTO `groupentitlement` (`Group_id`, `Service_id`, `TransactionFee_id`, `TransactionLimit_id`, `createdby`) VALUES ('GROUP_CREATOR', 'SERVICE_ID_15', 'TID1', 'TID7', 'UID11');

INSERT INTO `groupentitlement` (`Group_id`, `Service_id`, `TransactionFee_id`, `TransactionLimit_id`, `createdby`) VALUES ('GROUP_AUTHORIZER', 'SERVICE_ID_10', 'TID1', 'TID2', 'UID11');
INSERT INTO `groupentitlement` (`Group_id`, `Service_id`, `TransactionFee_id`, `TransactionLimit_id`, `createdby`) VALUES ('GROUP_AUTHORIZER', 'SERVICE_ID_11', 'TID1', 'TID3', 'UID11');
INSERT INTO `groupentitlement` (`Group_id`, `Service_id`, `TransactionFee_id`, `TransactionLimit_id`, `createdby`) VALUES ('GROUP_AUTHORIZER', 'SERVICE_ID_12', 'TID1', 'TID4', 'UID11');
INSERT INTO `groupentitlement` (`Group_id`, `Service_id`, `TransactionFee_id`, `TransactionLimit_id`, `createdby`) VALUES ('GROUP_AUTHORIZER', 'SERVICE_ID_13', 'TID1', 'TID5', 'UID11');
INSERT INTO `groupentitlement` (`Group_id`, `Service_id`, `TransactionFee_id`, `TransactionLimit_id`, `createdby`) VALUES ('GROUP_AUTHORIZER', 'SERVICE_ID_14', 'TID1', 'TID6', 'UID11');
INSERT INTO `groupentitlement` (`Group_id`, `Service_id`, `TransactionFee_id`, `TransactionLimit_id`, `createdby`) VALUES (
'GROUP_AUTHORIZER', 'SERVICE_ID_15', 'TID1', 'TID7', 'UID11');


UPDATE `membergroup` SET `isEAgreementActive`='0' WHERE `id`='DEFAULT_EUROPE_GROUP';
UPDATE `membergroup` SET `isEAgreementActive`='0' WHERE `id`='DEFAULT_GROUP';
UPDATE `membergroup` SET `isEAgreementActive`='0' WHERE `id`='GID_BANKING_CUSTOMERS';
UPDATE `membergroup` SET `isEAgreementActive`='0' WHERE `id`='GID_CREDITCARD_CUSTOMERS';
UPDATE `membergroup` SET `isEAgreementActive`='0' WHERE `id`='GID_HNW_CUSTOMERS';
UPDATE `membergroup` SET `isEAgreementActive`='0' WHERE `id`='GID_LOAN_CUSTOMERS';
UPDATE `membergroup` SET `isEAgreementActive`='0' WHERE `id`='GID_PRIORITY_MEMBERS';
UPDATE `membergroup` SET `isEAgreementActive`='1' WHERE `id`='GROUP_ADMINISTRATOR';
UPDATE `membergroup` SET `isEAgreementActive`='1' WHERE `id`='GROUP_AUTHORIZER';
UPDATE `membergroup` SET `isEAgreementActive`='1' WHERE `id`='GROUP_CREATOR';
UPDATE `membergroup` SET `isEAgreementActive`='0' WHERE `id`='GROUP_PLATINUM';
UPDATE `membergroup` SET `isEAgreementActive`='0' WHERE `id`='GROUP_SERVICE';
UPDATE `membergroup` SET `isEAgreementActive`='0' WHERE `id`='GROUP_TESTING';
UPDATE `membergroup` SET `isEAgreementActive`='1' WHERE `id`='GROUP_VIEWER';

INSERT INTO `location`(`id`,`Type_id`,`Code`,`Name`,`DisplayName`,`Description`,`PhoneNumber`,`EmailId`,`Address_id`,`Status_id`,`WorkingDays`,`WorkSchedule_id`,`IsMainBranch`,`MainBranchCode`,`WebSiteUrl`,`isMobile`,`createdby`,`modifiedby`,`createdts`,`lastmodifiedts`,`synctimestamp`,`softdeleteflag`) VALUES ('LID3', 'ATM', '009', 'New York Service Center Branch', 'New York Service Center Branch', 'New York Service Center Branch Description', '134-512-5324', 'nycservice@kony.com', 'DMSADDR2', 'SID_ACTIVE', NULL, 'WORK_SCH_ID1', '0', NULL, NULL, '0', NULL, NULL, CURRENT_TIMESTAMP, CURRENT_TIMESTAMP, CURRENT_TIMESTAMP, '0');
INSERT INTO `currency`(`code`,`name`,`symbol`,`createdby`,`modifiedby`,`createdts`,`lastmodifiedts`,`synctimestamp`,`softdeleteflag`)VALUES ('EUR', 'Euro', '€', NULL, NULL, CURRENT_TIMESTAMP, CURRENT_TIMESTAMP, CURRENT_TIMESTAMP, '0'),('USD', 'US Dollar', '$', NULL, NULL, CURRENT_TIMESTAMP, CURRENT_TIMESTAMP, CURRENT_TIMESTAMP, '0'),('GBP', 'Pound Sterling', '£', NULL, NULL, CURRENT_TIMESTAMP, CURRENT_TIMESTAMP, CURRENT_TIMESTAMP, '0');
INSERT INTO `locationcurrency` (`Location_id`, `currency_code`, `createdby`, `modifiedby`, `createdts`, `lastmodifiedts`, `synctimestamp`, `softdeleteflag`) VALUES ('LID3', 'EUR', NULL, NULL, CURRENT_TIMESTAMP, CURRENT_TIMESTAMP, CURRENT_TIMESTAMP, '0');

INSERT INTO `facility` (`id`, `code`, `name`, `description`, `facilitytype`, `createdby`, `modifiedby`, `createdts`, `lastmodifiedts`, `synctimestamp`, `softdeleteflag`) VALUES ('1', 'ATMB', 'ATM at Branch', 'Internal ATM with Audio', 'Branch', 'Kony App', 'Kony Dev', CURRENT_TIMESTAMP, CURRENT_TIMESTAMP, CURRENT_TIMESTAMP, '0');
INSERT INTO `facility` (`id`, `code`, `name`, `description`, `facilitytype`, `createdby`, `modifiedby`, `createdts`, `lastmodifiedts`, `synctimestamp`, `softdeleteflag`) VALUES ('2', 'SCTY', 'Safe Custody', 'Provision of safe at branch', 'Branch', 'Kony App', 'Kony Dev', CURRENT_TIMESTAMP, CURRENT_TIMESTAMP, CURRENT_TIMESTAMP, '0');
INSERT INTO `facility` (`id`, `code`, `name`, `description`, `facilitytype`, `createdby`, `modifiedby`, `createdts`, `lastmodifiedts`, `synctimestamp`, `softdeleteflag`) VALUES ('3', 'MortgageAdvisor', 'Mortgage Advisor', 'Branch has mortgage advisors to guide customers', 'Branch', 'Kony App', 'Kony Dev', CURRENT_TIMESTAMP, CURRENT_TIMESTAMP, CURRENT_TIMESTAMP, '0');
INSERT INTO `facility` (`id`, `code`, `name`, `description`, `facilitytype`, `createdby`, `modifiedby`, `createdts`, `lastmodifiedts`, `synctimestamp`, `softdeleteflag`) VALUES ('4', 'Parking', 'Parking', 'Parking facility is available for customers', 'Branch', 'Kony App', 'Kony Dev', CURRENT_TIMESTAMP, CURRENT_TIMESTAMP, CURRENT_TIMESTAMP, '0');
INSERT INTO `facility` (`id`, `code`, `name`, `description`, `facilitytype`, `createdby`, `modifiedby`, `createdts`, `lastmodifiedts`, `synctimestamp`, `softdeleteflag`) VALUES ('5', 'AccountServicingKiosks', 'Account Servicing Kiosks', 'Customers can access their accounts via the Internet as well as print statements with the self service kiosks', 'Branch', 'Kony App', 'Kony Dev', CURRENT_TIMESTAMP, CURRENT_TIMESTAMP, CURRENT_TIMESTAMP, '0');
INSERT INTO `facility` (`id`, `code`, `name`, `description`, `facilitytype`, `createdby`, `modifiedby`, `createdts`, `lastmodifiedts`, `synctimestamp`, `softdeleteflag`) VALUES ('6', 'CashWithdrawal', 'Cash Withdrawal', 'Enables customers to withdraw cash at the ATMs', 'ATM', 'Kony App', 'Kony Dev', CURRENT_TIMESTAMP, CURRENT_TIMESTAMP, CURRENT_TIMESTAMP, '0');
INSERT INTO `facility` (`id`, `code`, `name`, `description`, `facilitytype`, `createdby`, `modifiedby`, `createdts`, `lastmodifiedts`, `synctimestamp`, `softdeleteflag`) VALUES ('7', 'PINChange', 'PIN Change', 'Enables customers to change ATM/Debit card pin', 'ATM', 'Kony App', 'Kony Dev', CURRENT_TIMESTAMP, CURRENT_TIMESTAMP, CURRENT_TIMESTAMP, '0');
INSERT INTO `facility` (`id`, `code`, `name`, `description`, `facilitytype`, `createdby`, `modifiedby`, `createdts`, `lastmodifiedts`, `synctimestamp`, `softdeleteflag`) VALUES ('8', 'MobilePhoneTopUp', 'Mobile Phone Top Up', 'Enables customers to recharge/top-up their mobile phones', 'ATM', 'Kony App', 'Kony Dev', CURRENT_TIMESTAMP, CURRENT_TIMESTAMP, CURRENT_TIMESTAMP, '0');
INSERT INTO `facility` (`id`, `code`, `name`, `description`, `facilitytype`, `createdby`, `modifiedby`, `createdts`, `lastmodifiedts`, `synctimestamp`, `softdeleteflag`) VALUES ('9', 'Balance', 'Balance', 'Enables customers to check the balances of their accounts', 'ATM', 'Kony App', 'Kony Dev', CURRENT_TIMESTAMP, CURRENT_TIMESTAMP, CURRENT_TIMESTAMP, '0');
INSERT INTO `facility` (`id`, `code`, `name`, `description`, `facilitytype`, `createdby`, `modifiedby`, `createdts`, `lastmodifiedts`, `synctimestamp`, `softdeleteflag`) VALUES ('10', 'MiniStatement', 'Mini Statement', 'Enables customers to get mini-statement of their accounts', 'ATM', 'Kony App', 'Kony Dev', CURRENT_TIMESTAMP, CURRENT_TIMESTAMP, CURRENT_TIMESTAMP, '0');
INSERT INTO `facility` (`id`, `code`, `name`, `description`, `facilitytype`, `createdby`, `modifiedby`, `createdts`, `lastmodifiedts`, `synctimestamp`, `softdeleteflag`) VALUES ('11', 'CharityDonation', 'Charity Donation', 'Enables customers to do charity donation. It''s available as separate menu or as a post-transaction option', 'ATM', 'Kony App', 'Kony Dev', CURRENT_TIMESTAMP, CURRENT_TIMESTAMP, CURRENT_TIMESTAMP, '0');

INSERT INTO `locationfacility`(`Location_id`, `facility_id`, `createdby`, `modifiedby`, `createdts`, `lastmodifiedts`, `synctimestamp`, `softdeleteflag`) VALUES ('LID1', '1', NULL, NULL, CURRENT_TIMESTAMP, CURRENT_TIMESTAMP, CURRENT_TIMESTAMP, '0');
INSERT INTO `locationfacility`(`Location_id`, `facility_id`, `createdby`, `modifiedby`, `createdts`, `lastmodifiedts`, `synctimestamp`, `softdeleteflag`) VALUES ('LID1', '2', NULL, NULL, CURRENT_TIMESTAMP, CURRENT_TIMESTAMP, CURRENT_TIMESTAMP, '0');
INSERT INTO `locationfacility`(`Location_id`, `facility_id`, `createdby`, `modifiedby`, `createdts`, `lastmodifiedts`, `synctimestamp`, `softdeleteflag`) VALUES ('LID3', '1', NULL, NULL, CURRENT_TIMESTAMP, CURRENT_TIMESTAMP, CURRENT_TIMESTAMP, '0');

INSERT INTO `customersegment` (`id`, `type`, `createdby`, `modifiedby`, `createdts`, `lastmodifiedts`, `synctimestamp`, `softdeleteflag`) VALUES ('1', 'Retail Customer', 'Kony App', 'Kony Dev', CURRENT_TIMESTAMP, CURRENT_TIMESTAMP, CURRENT_TIMESTAMP, '0');    	
INSERT INTO `customersegment` (`id`, `type`, `createdby`, `modifiedby`, `createdts`, `lastmodifiedts`, `synctimestamp`, `softdeleteflag`) VALUES ('2', 'Small Business User', 'Kony App', 'Kony Dev', CURRENT_TIMESTAMP, CURRENT_TIMESTAMP, CURRENT_TIMESTAMP, '0');
INSERT INTO `customersegment` (`id`, `type`, `createdby`, `modifiedby`, `createdts`, `lastmodifiedts`, `synctimestamp`, `softdeleteflag`) VALUES ('3', 'Micro Business User', 'Kony App', 'Kony Dev', CURRENT_TIMESTAMP, CURRENT_TIMESTAMP, CURRENT_TIMESTAMP, '0');
INSERT INTO `locationcustomersegment` (`Location_id`, `segment_id`, `createdby`, `modifiedby`, `createdts`, `lastmodifiedts`, `synctimestamp`, `softdeleteflag`) VALUES ('LID1', '1', NULL, NULL, CURRENT_TIMESTAMP, CURRENT_TIMESTAMP, CURRENT_TIMESTAMP, '0');
INSERT INTO `locationcustomersegment` (`Location_id`, `segment_id`, `createdby`, `modifiedby`, `createdts`, `lastmodifiedts`, `synctimestamp`, `softdeleteflag`) VALUES ('LID1', '2', NULL, NULL, CURRENT_TIMESTAMP, CURRENT_TIMESTAMP, CURRENT_TIMESTAMP, '0');

INSERT INTO `onboardingtermsandconditions` (`id`, `name`, `description`, `status_id`, `createdby`, `modifiedby`, `createdts`, `lastmodifiedts`, `synctimestamp`, `softdeleteflag`) VALUES ('PULL_CREDIT_REPORT_CON','Pull Credit Report','<br><b>You authorize, XYZ Bank, to:&nbsp;</b><div><ol><li>Pull a credit report on you and co-applicant (if any) in order to make a credit decision.<br></li><li>Use the information on this application and any other information we or our affiliates have about you to determine your ability to pay, as required by federal law.<br></li><li>Verify, at our option and for your benefit, your application information.<br></li><li>Contact you or receive a detailed message or messages at the telephone, email or direct mail contact data you provided above for purposes of fulfilling this inquiry about automobile loan financing even if you have previously registered on a Do No Call registry or requested XYZ Bank not to send marketing information to you by email and/or direct mail.<br></li></ol></div>','SID_ACTIVE','Kony User','Kony Dev',CURRENT_TIMESTAMP,CURRENT_TIMESTAMP,CURRENT_TIMESTAMP,0);
INSERT INTO `onboardingtermsandconditions` (`id`, `name`, `description`, `status_id`, `createdby`, `modifiedby`, `createdts`, `lastmodifiedts`, `synctimestamp`, `softdeleteflag`) VALUES ('SUBMIT_CONTACT_INFO_CON','Validate Contact Information','<b>By giving us your phone number and submitting this application, you acknowledge that,</b><br><ol><li>You\'ve reviewed any special disclosure that applies in your state: ME, CA, NY, RI, OH, VT and WI residents</li><li>&nbsp;All information you\'ve submitted is true and correct and is given to obtain credit from us</li><li>Co-applicant (if any) has authorized you to submit this application on his or her behalf.</li><li>You and co-applicant (if any) are of legal contracting age.</li><li>&nbsp;Credit approval, Annual Percentage Rate (APR), and credit terms are based on our review of each applicant’s application information and credit report.</li><li>You understand we collect your individual income information to determine your individual ability to pay. Examples may include income earned from your employment (salary, overtime, bonus), retirement/pension benefits, and rental properties. Student loans are not acceptable sources of income. Alimony, child support, or separate maintenance income need not be revealed if you don\'t wish it to be considered as a basis for repayment.</li></ol><b>And you agree that XYZ Bank, N.A. may,</b><br>Use automatic telephone dialling systems and prerecorded voice messages in connection with calls or texts made to any telephone number you provide even if the telephone number is assigned to a cellular/mobile telephone service or other service for which the called party is charged according to their normal text messaging rates.<br><br class=\"\"><br><b>Privacy</b><br>All financial institutions are required by federal law to obtain, verify and record information that identifies each customer before opening an account with us. When you open an account with us, we will ask you for your name, address and other information that will allow us to identify you, such as Social Security number and date of birth. In addition, if the account application is approved, do we have your permission to open your account prior to sending you a copy of our XYZ Bank US Consumer Privacy Notice, which will be sent with your customary account disclosures?<br><br class=\"\"><br><b>Electronic Consumer Information consent</b><br>To receive the Consumer Information electronically, scroll to read the complete disclosure and then select I consent on this page.<br><br class=\"\"><br>As part of your online loan application, XYZ bank., is required by law to provide you with certain Consumer Information. You have the right to receive the Consumer Information on paper. With your consent, we may provide the Consumer Information to you electronically instead. If you prefer to receive the Consumer Information on paper, you’ll need to visit any XYZ banking center to apply in person.<br><br class=\"\"><br>Your consent only applies to this loan application and the documents listed here. You aren\'t required to consent to receive information electronically to complete this application. If you’d like to withdraw your consent after consenting to receive information electronically, or if after receiving electronic documents you would like paper copies, you may do so in the Application Status Center or contact us at 1.888.266.1034 and we will provide you with paper copies at no charge. You can also update your contact information with us by calling that same telephone number. Consent withdrawal won’t apply to any actions already taken or initiated in reliance on your consent.<br><br class=\"\"><br>Type of electronic Consumer Information you may receive:<br><ul><li>●&nbsp; &nbsp;&nbsp; Credit Score Notice, if your application is approved<br></li><li>●&nbsp; &nbsp;&nbsp; Adverse Action Letter, if your application is declined<br></li><li>●&nbsp; &nbsp;&nbsp; Any other information related to your application<br></li></ul>','SID_ACTIVE','Kony User','Kony Dev',CURRENT_TIMESTAMP,CURRENT_TIMESTAMP,CURRENT_TIMESTAMP,0);

INSERT INTO `customercommunication` (`id`, `Type_id`, `Customer_id`, `isPrimary`, `Value`, `Extension`) VALUES ('CID1', 'COMM_TYPE_PHONE', '1', '1', '123456789', 'Work');
INSERT INTO `customercommunication` (`id`, `Type_id`, `Customer_id`, `isPrimary`, `Value`, `Extension`) VALUES ('CID2', 'COMM_TYPE_EMAIL', '1', '1', 'john.sam@ymail.com', 'Work');
INSERT INTO `customercommunication` (`id`, `Type_id`, `Customer_id`, `isPrimary`, `Value`, `Extension`) VALUES ('CID3', 'COMM_TYPE_PHONE', '2', '1', '65432345', 'Work');
INSERT INTO `customercommunication` (`id`, `Type_id`, `Customer_id`, `isPrimary`, `Value`, `Extension`) VALUES ('CID4', 'COMM_TYPE_EMAIL', '2', '1', 'jim.parker@yahoo.com', 'Work');

INSERT INTO `groupentitlement` (`Group_id`, `Service_id`, `TransactionFee_id`, `TransactionLimit_id`) VALUES ('GROUP_ADMINISTRATOR', 'SERVICE_ID_39', 'TID1', 'TID1');

UPDATE `customer` SET `CustomerType_id` = 'TYPE_ID_RETAIL' WHERE (`id` = '1');
UPDATE `customer` SET `CustomerType_id` = 'TYPE_ID_RETAIL' WHERE (`id` = '2');

INSERT INTO `customer` (`id`, `FirstName`, `MiddleName`, `LastName`, `Status_id`, `Username`, `Salutation`, `Gender`, `DateOfBirth`, `Ssn`, `PreferredContactMethod`, `PreferredContactTime`, `MaritalStatus_id`, `SpouseName`, `EmployementStatus_id`, `Location_id`, `IsOlbAllowed`, `IsStaffMember`, `isUserAccountLocked`, `IsPinSet`, `IsEnrolledForOlb`, `IsAssistConsented`, `IsPhoneEnabled`, `IsEmailEnabled`, `isEnrolled`, `isSuperAdmin`, `createdby`, `modifiedby`, `createdts`, `lastmodifiedts`, `synctimestamp`, `softdeleteflag`) VALUES ('3', 'John', 'Bailey', 'rbuser', 'SID_CUS_ACTIVE', 'dbpeurouser1', 'Mr.', 'Male', '1999-11-11', '122432212', 'Call, Email', 'Morning, Afternoon', 'SID_MARRIED', '', 'SID_EMPLOYED', 'LID1', '1', '0', '0', '0', '1', '0', '0', '0', '0', '0', 'Kony User', 'admin2', CURRENT_TIMESTAMP, CURRENT_TIMESTAMP, CURRENT_TIMESTAMP, '0');
INSERT INTO `customer` (`id`, `FirstName`, `MiddleName`, `LastName`, `Status_id`, `Username`, `Salutation`, `Gender`, `DateOfBirth`, `Ssn`, `PreferredContactMethod`, `PreferredContactTime`, `MaritalStatus_id`, `SpouseName`, `EmployementStatus_id`, `Location_id`, `IsOlbAllowed`, `IsStaffMember`, `isUserAccountLocked`, `IsPinSet`, `IsEnrolledForOlb`, `IsAssistConsented`, `IsPhoneEnabled`, `IsEmailEnabled`, `isEnrolled`, `isSuperAdmin`, `createdby`, `modifiedby`, `createdts`, `lastmodifiedts`, `synctimestamp`, `softdeleteflag`) VALUES ('4', 'John', 'Bailey', 'rbuser', 'SID_CUS_ACTIVE', 'dbpeurouser2', 'Mr.', 'Male', '1999-11-11', '122432212', 'Call, Email', 'Morning, Afternoon', 'SID_MARRIED', '', 'SID_EMPLOYED', 'LID1', '1', '0', '0', '0', '1', '0', '0', '0', '0', '0', 'Kony User', 'admin2', CURRENT_TIMESTAMP, CURRENT_TIMESTAMP, CURRENT_TIMESTAMP, '0');

INSERT INTO `address` (`id`, `Region_id`, `City_id`, `AddressLine1`, `AddressLine2`, `ZipCode`, `createdts`, `lastmodifiedts`, `synctimestamp`, `softdeleteflag`) VALUES ('DMSADDR3', 'REGION_ID82', 'CITY_ID1510', 'Test address line 1', 'Test address line 2', '101010', CURRENT_TIMESTAMP, CURRENT_TIMESTAMP, CURRENT_TIMESTAMP, '0');
INSERT INTO `address` (`id`, `Region_id`, `City_id`, `AddressLine1`, `AddressLine2`, `ZipCode`, `createdts`, `lastmodifiedts`, `synctimestamp`, `softdeleteflag`) VALUES ('DMSADDR4', 'REGION_ID83', 'CITY_ID1509', 'Test address line 1', 'Test address line 2', '202020', CURRENT_TIMESTAMP, CURRENT_TIMESTAMP, CURRENT_TIMESTAMP, '0');

INSERT INTO `customeraddress` (`Customer_id`, `Address_id`, `Type_id`, `isPrimary`, `createdts`, `lastmodifiedts`, `synctimestamp`, `softdeleteflag`) VALUES ('3', 'DMSADDR3', 'ADR_TYPE_HOME', '1', CURRENT_TIMESTAMP, CURRENT_TIMESTAMP, CURRENT_TIMESTAMP, '0');
INSERT INTO `customeraddress` (`Customer_id`, `Address_id`, `Type_id`, `isPrimary`, `createdts`, `lastmodifiedts`, `synctimestamp`, `softdeleteflag`) VALUES ('4', 'DMSADDR4', 'ADR_TYPE_HOME', '1', CURRENT_TIMESTAMP, CURRENT_TIMESTAMP, CURRENT_TIMESTAMP, '0');

INSERT INTO `customercommunication` (`id`, `Type_id`, `Customer_id`, `isPrimary`, `Value`, `Extension`, `createdts`, `lastmodifiedts`, `synctimestamp`, `softdeleteflag`) VALUES ('CID5', 'COMM_TYPE_EMAIL', '4', '1', 'eurotestmail@kony.com', 'Personal', CURRENT_TIMESTAMP, CURRENT_TIMESTAMP, CURRENT_TIMESTAMP, '0');
INSERT INTO `customercommunication` (`id`, `Type_id`, `Customer_id`, `isPrimary`, `Value`, `Extension`, `createdts`, `lastmodifiedts`, `synctimestamp`, `softdeleteflag`) VALUES ('CID6', 'COMM_TYPE_PHONE', '4', '1', '+49-7070707070', 'Home', CURRENT_TIMESTAMP, CURRENT_TIMESTAMP, CURRENT_TIMESTAMP, '0');
INSERT INTO `customercommunication` (`id`, `Type_id`, `Customer_id`, `isPrimary`, `Value`, `Extension`, `createdts`, `lastmodifiedts`, `synctimestamp`, `softdeleteflag`) VALUES ('CID7', 'COMM_TYPE_EMAIL', '3', '0', 'eurotestmail@kony.com', 'Personal', CURRENT_TIMESTAMP, CURRENT_TIMESTAMP, CURRENT_TIMESTAMP, '0');
INSERT INTO `customercommunication` (`id`, `Type_id`, `Customer_id`, `isPrimary`, `Value`, `Extension`, `createdts`, `lastmodifiedts`, `synctimestamp`, `softdeleteflag`) VALUES ('CID8', 'COMM_TYPE_PHONE', '3', '1', '+49-8080808080', 'Home', CURRENT_TIMESTAMP, CURRENT_TIMESTAMP, CURRENT_TIMESTAMP, '0');

INSERT INTO `membergroup` (`id`, `Name`, `Description`, `Type_id`, `Status_id`, `isEAgreementActive`, `createdby`, `modifiedby`, `createdts`, `lastmodifiedts`, `synctimestamp`, `softdeleteflag`) VALUES ('GROUP_MICRO_ADMINISTRATOR', 'Micro Administrator', 'Micro Business Banking Administartor Group', 'TYPE_ID_MICRO_BUSINESS', 'SID_ACTIVE', '1', 'Kony User', 'Kony User', CURRENT_TIMESTAMP, CURRENT_TIMESTAMP, CURRENT_TIMESTAMP, 0);
INSERT INTO `membergroup` (`id`, `Name`, `Description`, `Type_id`, `Status_id`, `isEAgreementActive`, `createdby`, `modifiedby`, `createdts`, `lastmodifiedts`, `synctimestamp`, `softdeleteflag`) VALUES ('GROUP_MICRO_VIEWER', 'Micro Viewer', 'Micro Business Banking Viewer Group', 'TYPE_ID_MICRO_BUSINESS', 'SID_ACTIVE', '1', 'Kony User', 'Kony User', CURRENT_TIMESTAMP, CURRENT_TIMESTAMP, CURRENT_TIMESTAMP, 0);
INSERT INTO `membergroup` (`id`, `Name`, `Description`, `Type_id`, `Status_id`, `isEAgreementActive`, `createdby`, `modifiedby`, `createdts`, `lastmodifiedts`, `synctimestamp`, `softdeleteflag`) VALUES ('GROUP_MICRO_CREATOR', 'Micro Creator', 'Micro Business Banking Creator Group', 'TYPE_ID_MICRO_BUSINESS', 'SID_ACTIVE', '1', 'Kony User', 'Kony User', CURRENT_TIMESTAMP, CURRENT_TIMESTAMP, CURRENT_TIMESTAMP, 0);
INSERT INTO `membergroup` (`id`, `Name`, `Description`, `Type_id`, `Status_id`, `isEAgreementActive`, `createdby`, `modifiedby`, `createdts`, `lastmodifiedts`, `synctimestamp`, `softdeleteflag`) VALUES ('GROUP_MICRO_AUTHORIZER', 'Micro Authorizer', 'Micro Business Banking Authorizer Group', 'TYPE_ID_MICRO_BUSINESS', 'SID_ACTIVE', '1', 'Kony User', 'Kony User', CURRENT_TIMESTAMP, CURRENT_TIMESTAMP, CURRENT_TIMESTAMP, 0);

INSERT INTO `service` (`id`, `Type_id`, `Channel_id`, `Name`, `Description`, `Status_id`, `DisplayName`, `DisplayDescription`, `createdby`, `modifiedby`, `createdts`, `lastmodifiedts`, `synctimestamp`, `softdeleteflag`) VALUES ('SERVICE_ID_49', 'SER_TYPE_NONTRANS', 'CH_ID_MOB_INT', 'ACH Payment - View Transactions', 'ACH Payment - View Transactions', 'SID_ACTIVE', 'ACH Payment - View Transactions', 'ACH Payment - View Transactions', 'Kony User', 'Kony User', CURRENT_TIMESTAMP, CURRENT_TIMESTAMP, CURRENT_TIMESTAMP, 0);
INSERT INTO `service` (`id`, `Type_id`, `Channel_id`, `Name`, `Description`, `Status_id`, `DisplayName`, `DisplayDescription`, `createdby`, `modifiedby`, `createdts`, `lastmodifiedts`, `synctimestamp`, `softdeleteflag`) VALUES ('SERVICE_ID_50', 'SER_TYPE_NONTRANS', 'CH_ID_MOB_INT', 'ACH Payment - Approve Transactions', 'ACH Payment - Approve Transactions', 'SID_ACTIVE', 'ACH Payment - Approve Transactions', 'ACH Payment - Approve Transactions', 'Kony User', 'Kony User', CURRENT_TIMESTAMP, CURRENT_TIMESTAMP, CURRENT_TIMESTAMP, 0);
INSERT INTO `service` (`id`, `Type_id`, `Channel_id`, `Name`, `Description`, `Status_id`, `DisplayName`, `DisplayDescription`, `createdby`, `modifiedby`, `createdts`, `lastmodifiedts`, `synctimestamp`, `softdeleteflag`) VALUES ('SERVICE_ID_51', 'SER_TYPE_NONTRANS', 'CH_ID_MOB_INT', 'ACH Payment - Self Approval', 'ACH Payment - Self Approval', 'SID_ACTIVE', 'ACH Payment - Self Approval', 'ACH Payment - Self Approval', 'Kony User', 'Kony User', CURRENT_TIMESTAMP, CURRENT_TIMESTAMP, CURRENT_TIMESTAMP, 0);
INSERT INTO `service` (`id`, `Type_id`, `Channel_id`, `Name`, `Description`, `Status_id`, `DisplayName`, `DisplayDescription`, `createdby`, `modifiedby`, `createdts`, `lastmodifiedts`, `synctimestamp`, `softdeleteflag`) VALUES ('SERVICE_ID_52', 'SER_TYPE_NONTRANS', 'CH_ID_MOB_INT', 'ACH Payment - Manage Payees', 'ACH Payment - Manage Payees', 'SID_ACTIVE', 'ACH Payment - Manage Payees', 'ACH Payment - Manage Payees', 'Kony User', 'Kony User', CURRENT_TIMESTAMP, CURRENT_TIMESTAMP, CURRENT_TIMESTAMP, 0);
INSERT INTO `service` (`id`, `Type_id`, `Channel_id`, `Name`, `Description`, `Status_id`, `DisplayName`, `DisplayDescription`, `createdby`, `modifiedby`, `createdts`, `lastmodifiedts`, `synctimestamp`, `softdeleteflag`) VALUES ('SERVICE_ID_53', 'SER_TYPE_NONTRANS', 'CH_ID_MOB_INT', 'ACH Collection - View Transactions', 'ACH Collection - View Transactions', 'SID_ACTIVE', 'ACH Collection - View Transactions', 'ACH Collection - View Transactions', 'Kony User', 'Kony User', CURRENT_TIMESTAMP, CURRENT_TIMESTAMP, CURRENT_TIMESTAMP, 0);
INSERT INTO `service` (`id`, `Type_id`, `Channel_id`, `Name`, `Description`, `Status_id`, `DisplayName`, `DisplayDescription`, `createdby`, `modifiedby`, `createdts`, `lastmodifiedts`, `synctimestamp`, `softdeleteflag`) VALUES ('SERVICE_ID_54', 'SER_TYPE_NONTRANS', 'CH_ID_MOB_INT', 'ACH Collection - Approve Transactions', 'ACH Collection - Approve Transactions', 'SID_ACTIVE', 'ACH Collection - Approve Transactions', 'ACH Collection - Approve Transactions', 'Kony User', 'Kony User', CURRENT_TIMESTAMP, CURRENT_TIMESTAMP, CURRENT_TIMESTAMP, 0);
INSERT INTO `service` (`id`, `Type_id`, `Channel_id`, `Name`, `Description`, `Status_id`, `DisplayName`, `DisplayDescription`, `createdby`, `modifiedby`, `createdts`, `lastmodifiedts`, `synctimestamp`, `softdeleteflag`) VALUES ('SERVICE_ID_55', 'SER_TYPE_NONTRANS', 'CH_ID_MOB_INT', 'ACH Collection - Self Approval', 'ACH Collection - Self Approval', 'SID_ACTIVE', 'ACH Collection - Self Approval', 'ACH Collection - Self Approval', 'Kony User', 'Kony User', CURRENT_TIMESTAMP, CURRENT_TIMESTAMP, CURRENT_TIMESTAMP, 0);
INSERT INTO `service` (`id`, `Type_id`, `Channel_id`, `Name`, `Description`, `Status_id`, `DisplayName`, `DisplayDescription`, `createdby`, `modifiedby`, `createdts`, `lastmodifiedts`, `synctimestamp`, `softdeleteflag`) VALUES ('SERVICE_ID_56', 'SER_TYPE_NONTRANS', 'CH_ID_MOB_INT', 'ACH Collection - Manage Payees', 'ACH Collection - Manage Payees', 'SID_ACTIVE', 'ACH Collection - Manage Payees', 'ACH Collection - Manage Payees', 'Kony User', 'Kony User', CURRENT_TIMESTAMP, CURRENT_TIMESTAMP, CURRENT_TIMESTAMP, 0);

INSERT INTO `transactionlimit` (`id`, `Description`, `createdby`, `modifiedby`) VALUES ('TID8', 'ACH Payment - Create Transaction ', 'Kony User', 'Kony Dev');
INSERT INTO `transactionlimit` (`id`, `Description`, `createdby`, `modifiedby`) VALUES ('TID9', 'ACH Collection - Create Transaction', 'Kony User', 'Kony Dev');

INSERT INTO `periodiclimit` (`id`, `TransactionLimit_id`, `Period_id`, `Code`, `MaximumLimit`, `Currency`, `createdby`, `modifiedby`) VALUES ('PID_7', 'TID8', 'P1', 'DAILY', '1000.00', '$', 'Kony User', 'Kony User');
INSERT INTO `periodiclimit` (`id`, `TransactionLimit_id`, `Period_id`, `Code`, `MaximumLimit`, `Currency`, `createdby`, `modifiedby`) VALUES ('PID_8', 'TID9', 'P1', 'DAILY', '1000.00', '$', 'Kony User', 'Kony User');

INSERT INTO `service` (`id`, `Type_id`, `Channel_id`, `Name`, `Description`, `Status_id`, `MaxTransferLimit`, `MinTransferLimit`, `TransferDenominations`, `IsFutureTransaction`, `TransactionCharges`, `IsAuthorizationRequired`, `IsSMSAlertActivated`, `SMSCharges`, `IsBeneficiarySMSAlertActivated`, `BeneficiarySMSCharge`, `HasWeekendOperation`, `IsOutageMessageActive`, `IsAlertActive`, `IsTCActive`, `IsAgreementActive`, `IsCampaignActive`, `WorkSchedule_id`, `TransactionFee_id`, `TransactionLimit_id`, `code`, `Category_id`, `DisplayName`, `DisplayDescription`, `createdby`, `modifiedby`) VALUES ('SERVICE_ID_47', 'SER_TYPE_TRNS', 'CH_ID_MOB_INT', 'ACH Payment - Create Transaction', 'ACH Payment - Create Transaction', 'SID_ACTIVE', '5000.00', '1.00', '$', '0', '2', '0', '0', '0', '0', '0', '0', '1', '1', '1', '1', '1', 'WORK_SCH_ID1', 'TID1', 'TID8', 'P2PPT002', 'CAT_TYPE_PAYMENT', 'ACH Payment - Create Transaction', 'ACH Payment - Create Transaction', 'Kony User', 'Kony Dev');
INSERT INTO `service` (`id`, `Type_id`, `Channel_id`, `Name`, `Description`, `Status_id`, `MaxTransferLimit`, `MinTransferLimit`, `TransferDenominations`, `IsFutureTransaction`, `TransactionCharges`, `IsAuthorizationRequired`, `IsSMSAlertActivated`, `SMSCharges`, `IsBeneficiarySMSAlertActivated`, `BeneficiarySMSCharge`, `HasWeekendOperation`, `IsOutageMessageActive`, `IsAlertActive`, `IsTCActive`, `IsAgreementActive`, `IsCampaignActive`, `WorkSchedule_id`, `TransactionFee_id`, `TransactionLimit_id`, `Category_id`, `DisplayName`, `DisplayDescription`, `createdby`, `modifiedby`) VALUES ('SERVICE_ID_48', 'SER_TYPE_TRNS', 'CH_ID_MOB_INT', 'ACH Collection - Create Transaction ', 'ACH Collection - Create Transaction ', 'SID_ACTIVE', '5000.00', '1.00', '$', '0', '2', '0', '0', '1', '0', '0', '1', '1', '0', '1', '1', '1', 'WORK_SCH_ID1', 'TID1', 'TID9', 'CAT_TYPE_PAYMENT', 'ACH Collection - Create Transaction ', 'ACH Collection - Create Transaction ', 'Kony User', 'Kony Dev');


INSERT INTO `groupentitlement` (`Group_id`, `Service_id`, `TransactionFee_id`, `TransactionLimit_id`, `createdby`) VALUES ('GROUP_ADMINISTRATOR', 'SERVICE_ID_47', 'TID1', 'TID8', 'UID11');
INSERT INTO `groupentitlement` (`Group_id`, `Service_id`, `TransactionFee_id`, `TransactionLimit_id`, `createdby`) VALUES ('GROUP_ADMINISTRATOR', 'SERVICE_ID_48', 'TID1', 'TID9', 'UID11');
INSERT INTO `groupentitlement` (`Group_id`, `Service_id`, `TransactionFee_id`, `TransactionLimit_id`, `createdby`) VALUES ('GROUP_CREATOR', 'SERVICE_ID_47', 'TID1', 'TID8', 'UID11');
INSERT INTO `groupentitlement` (`Group_id`, `Service_id`, `TransactionFee_id`, `TransactionLimit_id`, `createdby`) VALUES ('GROUP_CREATOR', 'SERVICE_ID_48', 'TID1', 'TID9', 'UID11');
INSERT INTO `groupentitlement` (`Group_id`, `Service_id`, `TransactionFee_id`, `TransactionLimit_id`, `createdby`) VALUES ('GROUP_AUTHORIZER', 'SERVICE_ID_47', 'TID1', 'TID8', 'UID11');
INSERT INTO `groupentitlement` (`Group_id`, `Service_id`, `TransactionFee_id`, `TransactionLimit_id`, `createdby`) VALUES ('GROUP_AUTHORIZER', 'SERVICE_ID_48', 'TID1', 'TID9', 'UID11');

INSERT INTO `groupentitlement` (`Group_id`, `Service_id`, `TransactionFee_id`, `TransactionLimit_id`, `createdby`) VALUES ('GROUP_MICRO_ADMINISTRATOR', 'SERVICE_ID_10', 'TID1', 'TID2', 'UID11');
INSERT INTO `groupentitlement` (`Group_id`, `Service_id`, `TransactionFee_id`, `TransactionLimit_id`, `createdby`) VALUES ('GROUP_MICRO_ADMINISTRATOR', 'SERVICE_ID_11', 'TID1', 'TID3', 'UID11');
INSERT INTO `groupentitlement` (`Group_id`, `Service_id`, `TransactionFee_id`, `TransactionLimit_id`, `createdby`) VALUES ('GROUP_MICRO_ADMINISTRATOR', 'SERVICE_ID_12', 'TID1', 'TID4', 'UID11');
INSERT INTO `groupentitlement` (`Group_id`, `Service_id`, `TransactionFee_id`, `TransactionLimit_id`, `createdby`) VALUES ('GROUP_MICRO_ADMINISTRATOR', 'SERVICE_ID_13', 'TID1', 'TID5', 'UID11');
INSERT INTO `groupentitlement` (`Group_id`, `Service_id`, `TransactionFee_id`, `TransactionLimit_id`, `createdby`) VALUES ('GROUP_MICRO_ADMINISTRATOR', 'SERVICE_ID_14', 'TID1', 'TID6', 'UID11');
INSERT INTO `groupentitlement` (`Group_id`, `Service_id`, `TransactionFee_id`, `TransactionLimit_id`, `createdby`) VALUES ('GROUP_MICRO_ADMINISTRATOR', 'SERVICE_ID_15', 'TID1', 'TID7', 'UID11');

INSERT INTO `groupentitlement` (`Group_id`, `Service_id`, `TransactionFee_id`, `TransactionLimit_id`, `createdby`) VALUES ('GROUP_MICRO_CREATOR', 'SERVICE_ID_10', 'TID1', 'TID2', 'UID11');
INSERT INTO `groupentitlement` (`Group_id`, `Service_id`, `TransactionFee_id`, `TransactionLimit_id`, `createdby`) VALUES ('GROUP_MICRO_CREATOR', 'SERVICE_ID_11', 'TID1', 'TID3', 'UID11');
INSERT INTO `groupentitlement` (`Group_id`, `Service_id`, `TransactionFee_id`, `TransactionLimit_id`, `createdby`) VALUES ('GROUP_MICRO_CREATOR', 'SERVICE_ID_12', 'TID1', 'TID4', 'UID11');
INSERT INTO `groupentitlement` (`Group_id`, `Service_id`, `TransactionFee_id`, `TransactionLimit_id`, `createdby`) VALUES ('GROUP_MICRO_CREATOR', 'SERVICE_ID_13', 'TID1', 'TID5', 'UID11');
INSERT INTO `groupentitlement` (`Group_id`, `Service_id`, `TransactionFee_id`, `TransactionLimit_id`, `createdby`) VALUES ('GROUP_MICRO_CREATOR', 'SERVICE_ID_14', 'TID1', 'TID6', 'UID11');
INSERT INTO `groupentitlement` (`Group_id`, `Service_id`, `TransactionFee_id`, `TransactionLimit_id`, `createdby`) VALUES ('GROUP_MICRO_CREATOR', 'SERVICE_ID_15', 'TID1', 'TID7', 'UID11');

INSERT INTO `groupentitlement` (`Group_id`, `Service_id`, `TransactionFee_id`, `TransactionLimit_id`, `createdby`) VALUES ('GROUP_MICRO_AUTHORIZER', 'SERVICE_ID_10', 'TID1', 'TID2', 'UID11');
INSERT INTO `groupentitlement` (`Group_id`, `Service_id`, `TransactionFee_id`, `TransactionLimit_id`, `createdby`) VALUES ('GROUP_MICRO_AUTHORIZER', 'SERVICE_ID_11', 'TID1', 'TID3', 'UID11');
INSERT INTO `groupentitlement` (`Group_id`, `Service_id`, `TransactionFee_id`, `TransactionLimit_id`, `createdby`) VALUES ('GROUP_MICRO_AUTHORIZER', 'SERVICE_ID_12', 'TID1', 'TID4', 'UID11');
INSERT INTO `groupentitlement` (`Group_id`, `Service_id`, `TransactionFee_id`, `TransactionLimit_id`, `createdby`) VALUES ('GROUP_MICRO_AUTHORIZER', 'SERVICE_ID_13', 'TID1', 'TID5', 'UID11');
INSERT INTO `groupentitlement` (`Group_id`, `Service_id`, `TransactionFee_id`, `TransactionLimit_id`, `createdby`) VALUES ('GROUP_MICRO_AUTHORIZER', 'SERVICE_ID_14', 'TID1', 'TID6', 'UID11');
INSERT INTO `groupentitlement` (`Group_id`, `Service_id`, `TransactionFee_id`, `TransactionLimit_id`, `createdby`) VALUES ('GROUP_MICRO_AUTHORIZER', 'SERVICE_ID_15', 'TID1', 'TID7', 'UID11');

INSERT INTO `groupentitlement` (`Group_id`, `Service_id`, `createdby`) VALUES ('GROUP_ADMINISTRATOR', 'SERVICE_ID_16', 'UID11');
INSERT INTO `groupentitlement` (`Group_id`, `Service_id`, `createdby`) VALUES ('GROUP_ADMINISTRATOR', 'SERVICE_ID_17', 'UID11');
INSERT INTO `groupentitlement` (`Group_id`, `Service_id`, `createdby`) VALUES ('GROUP_ADMINISTRATOR', 'SERVICE_ID_18', 'UID11');
INSERT INTO `groupentitlement` (`Group_id`, `Service_id`, `createdby`) VALUES ('GROUP_ADMINISTRATOR', 'SERVICE_ID_19', 'UID11');
INSERT INTO `groupentitlement` (`Group_id`, `Service_id`, `createdby`) VALUES ('GROUP_ADMINISTRATOR', 'SERVICE_ID_20', 'UID11');
INSERT INTO `groupentitlement` (`Group_id`, `Service_id`, `createdby`) VALUES ('GROUP_ADMINISTRATOR', 'SERVICE_ID_21', 'UID11');
INSERT INTO `groupentitlement` (`Group_id`, `Service_id`, `createdby`) VALUES ('GROUP_ADMINISTRATOR', 'SERVICE_ID_22', 'UID11');
INSERT INTO `groupentitlement` (`Group_id`, `Service_id`, `createdby`) VALUES ('GROUP_ADMINISTRATOR', 'SERVICE_ID_23', 'UID11');
INSERT INTO `groupentitlement` (`Group_id`, `Service_id`, `createdby`) VALUES ('GROUP_ADMINISTRATOR', 'SERVICE_ID_24', 'UID11');
INSERT INTO `groupentitlement` (`Group_id`, `Service_id`, `createdby`) VALUES ('GROUP_ADMINISTRATOR', 'SERVICE_ID_25', 'UID11');
INSERT INTO `groupentitlement` (`Group_id`, `Service_id`, `createdby`) VALUES ('GROUP_ADMINISTRATOR', 'SERVICE_ID_26', 'UID11');
INSERT INTO `groupentitlement` (`Group_id`, `Service_id`, `createdby`) VALUES ('GROUP_ADMINISTRATOR', 'SERVICE_ID_27', 'UID11');
INSERT INTO `groupentitlement` (`Group_id`, `Service_id`, `createdby`) VALUES ('GROUP_ADMINISTRATOR', 'SERVICE_ID_28', 'UID11');
INSERT INTO `groupentitlement` (`Group_id`, `Service_id`, `createdby`) VALUES ('GROUP_ADMINISTRATOR', 'SERVICE_ID_29', 'UID11');
INSERT INTO `groupentitlement` (`Group_id`, `Service_id`, `createdby`) VALUES ('GROUP_ADMINISTRATOR', 'SERVICE_ID_30', 'UID11');
INSERT INTO `groupentitlement` (`Group_id`, `Service_id`, `createdby`) VALUES ('GROUP_ADMINISTRATOR', 'SERVICE_ID_31', 'UID11');
INSERT INTO `groupentitlement` (`Group_id`, `Service_id`, `createdby`) VALUES ('GROUP_ADMINISTRATOR', 'SERVICE_ID_32', 'UID11');
INSERT INTO `groupentitlement` (`Group_id`, `Service_id`, `createdby`) VALUES ('GROUP_ADMINISTRATOR', 'SERVICE_ID_33', 'UID11');
INSERT INTO `groupentitlement` (`Group_id`, `Service_id`, `createdby`) VALUES ('GROUP_ADMINISTRATOR', 'SERVICE_ID_34', 'UID11');
INSERT INTO `groupentitlement` (`Group_id`, `Service_id`, `createdby`) VALUES ('GROUP_ADMINISTRATOR', 'SERVICE_ID_35', 'UID11');
INSERT INTO `groupentitlement` (`Group_id`, `Service_id`, `createdby`) VALUES ('GROUP_ADMINISTRATOR', 'SERVICE_ID_36', 'UID11');
INSERT INTO `groupentitlement` (`Group_id`, `Service_id`, `createdby`) VALUES ('GROUP_ADMINISTRATOR', 'SERVICE_ID_37', 'UID11');
INSERT INTO `groupentitlement` (`Group_id`, `Service_id`, `createdby`) VALUES ('GROUP_ADMINISTRATOR', 'SERVICE_ID_38', 'UID11');
INSERT INTO `groupentitlement` (`Group_id`, `Service_id`, `createdby`) VALUES ('GROUP_ADMINISTRATOR', 'SERVICE_ID_40', 'UID11');
INSERT INTO `groupentitlement` (`Group_id`, `Service_id`, `createdby`) VALUES ('GROUP_ADMINISTRATOR', 'SERVICE_ID_41', 'UID11');
INSERT INTO `groupentitlement` (`Group_id`, `Service_id`, `createdby`) VALUES ('GROUP_ADMINISTRATOR', 'SERVICE_ID_42', 'UID11');
INSERT INTO `groupentitlement` (`Group_id`, `Service_id`, `createdby`) VALUES ('GROUP_ADMINISTRATOR', 'SERVICE_ID_43', 'UID11');
INSERT INTO `groupentitlement` (`Group_id`, `Service_id`, `createdby`) VALUES ('GROUP_ADMINISTRATOR', 'SERVICE_ID_44', 'UID11');
INSERT INTO `groupentitlement` (`Group_id`, `Service_id`, `createdby`) VALUES ('GROUP_ADMINISTRATOR', 'SERVICE_ID_45', 'UID11');
INSERT INTO `groupentitlement` (`Group_id`, `Service_id`, `createdby`) VALUES ('GROUP_ADMINISTRATOR', 'SERVICE_ID_46', 'UID11');
INSERT INTO `groupentitlement` (`Group_id`, `Service_id`, `createdby`) VALUES ('GROUP_ADMINISTRATOR', 'SERVICE_ID_49', 'UID11');
INSERT INTO `groupentitlement` (`Group_id`, `Service_id`, `createdby`) VALUES ('GROUP_ADMINISTRATOR', 'SERVICE_ID_50', 'UID11');
INSERT INTO `groupentitlement` (`Group_id`, `Service_id`, `createdby`) VALUES ('GROUP_ADMINISTRATOR', 'SERVICE_ID_51', 'UID11');
INSERT INTO `groupentitlement` (`Group_id`, `Service_id`, `createdby`) VALUES ('GROUP_ADMINISTRATOR', 'SERVICE_ID_52', 'UID11');
INSERT INTO `groupentitlement` (`Group_id`, `Service_id`, `createdby`) VALUES ('GROUP_ADMINISTRATOR', 'SERVICE_ID_53', 'UID11');
INSERT INTO `groupentitlement` (`Group_id`, `Service_id`, `createdby`) VALUES ('GROUP_ADMINISTRATOR', 'SERVICE_ID_54', 'UID11');
INSERT INTO `groupentitlement` (`Group_id`, `Service_id`, `createdby`) VALUES ('GROUP_ADMINISTRATOR', 'SERVICE_ID_55', 'UID11');
INSERT INTO `groupentitlement` (`Group_id`, `Service_id`, `createdby`) VALUES ('GROUP_ADMINISTRATOR', 'SERVICE_ID_56', 'UID11');

INSERT INTO `groupentitlement` (`Group_id`, `Service_id`, `createdby`) VALUES ('GROUP_MICRO_ADMINISTRATOR', 'SERVICE_ID_16', 'UID11');
INSERT INTO `groupentitlement` (`Group_id`, `Service_id`, `createdby`) VALUES ('GROUP_MICRO_ADMINISTRATOR', 'SERVICE_ID_19', 'UID11');
INSERT INTO `groupentitlement` (`Group_id`, `Service_id`, `createdby`) VALUES ('GROUP_MICRO_ADMINISTRATOR', 'SERVICE_ID_22', 'UID11');
INSERT INTO `groupentitlement` (`Group_id`, `Service_id`, `createdby`) VALUES ('GROUP_MICRO_ADMINISTRATOR', 'SERVICE_ID_23', 'UID11');
INSERT INTO `groupentitlement` (`Group_id`, `Service_id`, `createdby`) VALUES ('GROUP_MICRO_ADMINISTRATOR', 'SERVICE_ID_26', 'UID11');
INSERT INTO `groupentitlement` (`Group_id`, `Service_id`, `createdby`) VALUES ('GROUP_MICRO_ADMINISTRATOR', 'SERVICE_ID_27', 'UID11');
INSERT INTO `groupentitlement` (`Group_id`, `Service_id`, `createdby`) VALUES ('GROUP_MICRO_ADMINISTRATOR', 'SERVICE_ID_30', 'UID11');
INSERT INTO `groupentitlement` (`Group_id`, `Service_id`, `createdby`) VALUES ('GROUP_MICRO_ADMINISTRATOR', 'SERVICE_ID_31', 'UID11');
INSERT INTO `groupentitlement` (`Group_id`, `Service_id`, `createdby`) VALUES ('GROUP_MICRO_ADMINISTRATOR', 'SERVICE_ID_34', 'UID11');
INSERT INTO `groupentitlement` (`Group_id`, `Service_id`, `createdby`) VALUES ('GROUP_MICRO_ADMINISTRATOR', 'SERVICE_ID_35', 'UID11');
INSERT INTO `groupentitlement` (`Group_id`, `Service_id`, `createdby`) VALUES ('GROUP_MICRO_ADMINISTRATOR', 'SERVICE_ID_38', 'UID11');
INSERT INTO `groupentitlement` (`Group_id`, `Service_id`, `createdby`) VALUES ('GROUP_MICRO_ADMINISTRATOR', 'SERVICE_ID_39', 'UID11');
INSERT INTO `groupentitlement` (`Group_id`, `Service_id`, `createdby`) VALUES ('GROUP_MICRO_ADMINISTRATOR', 'SERVICE_ID_40', 'UID11');
INSERT INTO `groupentitlement` (`Group_id`, `Service_id`, `createdby`) VALUES ('GROUP_MICRO_ADMINISTRATOR', 'SERVICE_ID_41', 'UID11');
INSERT INTO `groupentitlement` (`Group_id`, `Service_id`, `createdby`) VALUES ('GROUP_MICRO_ADMINISTRATOR', 'SERVICE_ID_42', 'UID11');
INSERT INTO `groupentitlement` (`Group_id`, `Service_id`, `createdby`) VALUES ('GROUP_MICRO_ADMINISTRATOR', 'SERVICE_ID_43', 'UID11');
INSERT INTO `groupentitlement` (`Group_id`, `Service_id`, `createdby`) VALUES ('GROUP_MICRO_ADMINISTRATOR', 'SERVICE_ID_44', 'UID11');
INSERT INTO `groupentitlement` (`Group_id`, `Service_id`, `createdby`) VALUES ('GROUP_MICRO_ADMINISTRATOR', 'SERVICE_ID_45', 'UID11');
INSERT INTO `groupentitlement` (`Group_id`, `Service_id`, `createdby`) VALUES ('GROUP_MICRO_ADMINISTRATOR', 'SERVICE_ID_46', 'UID11');

INSERT INTO `groupentitlement` (`Group_id`, `Service_id`, `createdby`) VALUES ('GROUP_VIEWER', 'SERVICE_ID_16', 'UID11');
INSERT INTO `groupentitlement` (`Group_id`, `Service_id`, `createdby`) VALUES ('GROUP_VIEWER', 'SERVICE_ID_23', 'UID11');
INSERT INTO `groupentitlement` (`Group_id`, `Service_id`, `createdby`) VALUES ('GROUP_VIEWER', 'SERVICE_ID_27', 'UID11');
INSERT INTO `groupentitlement` (`Group_id`, `Service_id`, `createdby`) VALUES ('GROUP_VIEWER', 'SERVICE_ID_31', 'UID11');
INSERT INTO `groupentitlement` (`Group_id`, `Service_id`, `createdby`) VALUES ('GROUP_VIEWER', 'SERVICE_ID_35', 'UID11');
INSERT INTO `groupentitlement` (`Group_id`, `Service_id`, `createdby`) VALUES ('GROUP_VIEWER', 'SERVICE_ID_46', 'UID11');
INSERT INTO `groupentitlement` (`Group_id`, `Service_id`, `createdby`) VALUES ('GROUP_VIEWER', 'SERVICE_ID_49', 'UID11');
INSERT INTO `groupentitlement` (`Group_id`, `Service_id`, `createdby`) VALUES ('GROUP_VIEWER', 'SERVICE_ID_53', 'UID11');

INSERT INTO `groupentitlement` (`Group_id`, `Service_id`, `createdby`) VALUES ('GROUP_MICRO_VIEWER', 'SERVICE_ID_16', 'UID11');
INSERT INTO `groupentitlement` (`Group_id`, `Service_id`, `createdby`) VALUES ('GROUP_MICRO_VIEWER', 'SERVICE_ID_23', 'UID11');
INSERT INTO `groupentitlement` (`Group_id`, `Service_id`, `createdby`) VALUES ('GROUP_MICRO_VIEWER', 'SERVICE_ID_27', 'UID11');
INSERT INTO `groupentitlement` (`Group_id`, `Service_id`, `createdby`) VALUES ('GROUP_MICRO_VIEWER', 'SERVICE_ID_31', 'UID11');
INSERT INTO `groupentitlement` (`Group_id`, `Service_id`, `createdby`) VALUES ('GROUP_MICRO_VIEWER', 'SERVICE_ID_35', 'UID11');
INSERT INTO `groupentitlement` (`Group_id`, `Service_id`, `createdby`) VALUES ('GROUP_MICRO_VIEWER', 'SERVICE_ID_46', 'UID11');

INSERT INTO `groupentitlement` (`Group_id`, `Service_id`, `createdby`) VALUES ('GROUP_CREATOR', 'SERVICE_ID_16', 'UID11');
INSERT INTO `groupentitlement` (`Group_id`, `Service_id`, `createdby`) VALUES ('GROUP_CREATOR', 'SERVICE_ID_18', 'UID11');
INSERT INTO `groupentitlement` (`Group_id`, `Service_id`, `createdby`) VALUES ('GROUP_CREATOR', 'SERVICE_ID_19', 'UID11');
INSERT INTO `groupentitlement` (`Group_id`, `Service_id`, `createdby`) VALUES ('GROUP_CREATOR', 'SERVICE_ID_21', 'UID11');
INSERT INTO `groupentitlement` (`Group_id`, `Service_id`, `createdby`) VALUES ('GROUP_CREATOR', 'SERVICE_ID_22', 'UID11');
INSERT INTO `groupentitlement` (`Group_id`, `Service_id`, `createdby`) VALUES ('GROUP_CREATOR', 'SERVICE_ID_23', 'UID11');
INSERT INTO `groupentitlement` (`Group_id`, `Service_id`, `createdby`) VALUES ('GROUP_CREATOR', 'SERVICE_ID_25', 'UID11');
INSERT INTO `groupentitlement` (`Group_id`, `Service_id`, `createdby`) VALUES ('GROUP_CREATOR', 'SERVICE_ID_26', 'UID11');
INSERT INTO `groupentitlement` (`Group_id`, `Service_id`, `createdby`) VALUES ('GROUP_CREATOR', 'SERVICE_ID_27', 'UID11');
INSERT INTO `groupentitlement` (`Group_id`, `Service_id`, `createdby`) VALUES ('GROUP_CREATOR', 'SERVICE_ID_29', 'UID11');
INSERT INTO `groupentitlement` (`Group_id`, `Service_id`, `createdby`) VALUES ('GROUP_CREATOR', 'SERVICE_ID_30', 'UID11');
INSERT INTO `groupentitlement` (`Group_id`, `Service_id`, `createdby`) VALUES ('GROUP_CREATOR', 'SERVICE_ID_31', 'UID11');
INSERT INTO `groupentitlement` (`Group_id`, `Service_id`, `createdby`) VALUES ('GROUP_CREATOR', 'SERVICE_ID_33', 'UID11');
INSERT INTO `groupentitlement` (`Group_id`, `Service_id`, `createdby`) VALUES ('GROUP_CREATOR', 'SERVICE_ID_34', 'UID11');
INSERT INTO `groupentitlement` (`Group_id`, `Service_id`, `createdby`) VALUES ('GROUP_CREATOR', 'SERVICE_ID_35', 'UID11');
INSERT INTO `groupentitlement` (`Group_id`, `Service_id`, `createdby`) VALUES ('GROUP_CREATOR', 'SERVICE_ID_37', 'UID11');
INSERT INTO `groupentitlement` (`Group_id`, `Service_id`, `createdby`) VALUES ('GROUP_CREATOR', 'SERVICE_ID_38', 'UID11');
INSERT INTO `groupentitlement` (`Group_id`, `Service_id`, `createdby`) VALUES ('GROUP_CREATOR', 'SERVICE_ID_46', 'UID11');
INSERT INTO `groupentitlement` (`Group_id`, `Service_id`, `createdby`) VALUES ('GROUP_CREATOR', 'SERVICE_ID_49', 'UID11');
INSERT INTO `groupentitlement` (`Group_id`, `Service_id`, `createdby`) VALUES ('GROUP_CREATOR', 'SERVICE_ID_51', 'UID11');
INSERT INTO `groupentitlement` (`Group_id`, `Service_id`, `createdby`) VALUES ('GROUP_CREATOR', 'SERVICE_ID_52', 'UID11');
INSERT INTO `groupentitlement` (`Group_id`, `Service_id`, `createdby`) VALUES ('GROUP_CREATOR', 'SERVICE_ID_53', 'UID11');
INSERT INTO `groupentitlement` (`Group_id`, `Service_id`, `createdby`) VALUES ('GROUP_CREATOR', 'SERVICE_ID_55', 'UID11');
INSERT INTO `groupentitlement` (`Group_id`, `Service_id`, `createdby`) VALUES ('GROUP_CREATOR', 'SERVICE_ID_56', 'UID11');

INSERT INTO `groupentitlement` (`Group_id`, `Service_id`, `createdby`) VALUES ('GROUP_MICRO_CREATOR', 'SERVICE_ID_16', 'UID11');
INSERT INTO `groupentitlement` (`Group_id`, `Service_id`, `createdby`) VALUES ('GROUP_MICRO_CREATOR', 'SERVICE_ID_19', 'UID11');
INSERT INTO `groupentitlement` (`Group_id`, `Service_id`, `createdby`) VALUES ('GROUP_MICRO_CREATOR', 'SERVICE_ID_22', 'UID11');
INSERT INTO `groupentitlement` (`Group_id`, `Service_id`, `createdby`) VALUES ('GROUP_MICRO_CREATOR', 'SERVICE_ID_23', 'UID11');
INSERT INTO `groupentitlement` (`Group_id`, `Service_id`, `createdby`) VALUES ('GROUP_MICRO_CREATOR', 'SERVICE_ID_26', 'UID11');
INSERT INTO `groupentitlement` (`Group_id`, `Service_id`, `createdby`) VALUES ('GROUP_MICRO_CREATOR', 'SERVICE_ID_27', 'UID11');
INSERT INTO `groupentitlement` (`Group_id`, `Service_id`, `createdby`) VALUES ('GROUP_MICRO_CREATOR', 'SERVICE_ID_30', 'UID11');
INSERT INTO `groupentitlement` (`Group_id`, `Service_id`, `createdby`) VALUES ('GROUP_MICRO_CREATOR', 'SERVICE_ID_31', 'UID11');
INSERT INTO `groupentitlement` (`Group_id`, `Service_id`, `createdby`) VALUES ('GROUP_MICRO_CREATOR', 'SERVICE_ID_34', 'UID11');
INSERT INTO `groupentitlement` (`Group_id`, `Service_id`, `createdby`) VALUES ('GROUP_MICRO_CREATOR', 'SERVICE_ID_35', 'UID11');
INSERT INTO `groupentitlement` (`Group_id`, `Service_id`, `createdby`) VALUES ('GROUP_MICRO_CREATOR', 'SERVICE_ID_38', 'UID11');
INSERT INTO `groupentitlement` (`Group_id`, `Service_id`, `createdby`) VALUES ('GROUP_MICRO_CREATOR', 'SERVICE_ID_46', 'UID11');

INSERT INTO `groupentitlement` (`Group_id`, `Service_id`, `createdby`) VALUES ('GROUP_AUTHORIZER', 'SERVICE_ID_16', 'UID11');
INSERT INTO `groupentitlement` (`Group_id`, `Service_id`, `createdby`) VALUES ('GROUP_AUTHORIZER', 'SERVICE_ID_17', 'UID11');
INSERT INTO `groupentitlement` (`Group_id`, `Service_id`, `createdby`) VALUES ('GROUP_AUTHORIZER', 'SERVICE_ID_18', 'UID11');
INSERT INTO `groupentitlement` (`Group_id`, `Service_id`, `createdby`) VALUES ('GROUP_AUTHORIZER', 'SERVICE_ID_19', 'UID11');
INSERT INTO `groupentitlement` (`Group_id`, `Service_id`, `createdby`) VALUES ('GROUP_AUTHORIZER', 'SERVICE_ID_20', 'UID11');
INSERT INTO `groupentitlement` (`Group_id`, `Service_id`, `createdby`) VALUES ('GROUP_AUTHORIZER', 'SERVICE_ID_21', 'UID11');
INSERT INTO `groupentitlement` (`Group_id`, `Service_id`, `createdby`) VALUES ('GROUP_AUTHORIZER', 'SERVICE_ID_22', 'UID11');
INSERT INTO `groupentitlement` (`Group_id`, `Service_id`, `createdby`) VALUES ('GROUP_AUTHORIZER', 'SERVICE_ID_23', 'UID11');
INSERT INTO `groupentitlement` (`Group_id`, `Service_id`, `createdby`) VALUES ('GROUP_AUTHORIZER', 'SERVICE_ID_24', 'UID11');
INSERT INTO `groupentitlement` (`Group_id`, `Service_id`, `createdby`) VALUES ('GROUP_AUTHORIZER', 'SERVICE_ID_25', 'UID11');
INSERT INTO `groupentitlement` (`Group_id`, `Service_id`, `createdby`) VALUES ('GROUP_AUTHORIZER', 'SERVICE_ID_26', 'UID11');
INSERT INTO `groupentitlement` (`Group_id`, `Service_id`, `createdby`) VALUES ('GROUP_AUTHORIZER', 'SERVICE_ID_27', 'UID11');
INSERT INTO `groupentitlement` (`Group_id`, `Service_id`, `createdby`) VALUES ('GROUP_AUTHORIZER', 'SERVICE_ID_28', 'UID11');
INSERT INTO `groupentitlement` (`Group_id`, `Service_id`, `createdby`) VALUES ('GROUP_AUTHORIZER', 'SERVICE_ID_29', 'UID11');
INSERT INTO `groupentitlement` (`Group_id`, `Service_id`, `createdby`) VALUES ('GROUP_AUTHORIZER', 'SERVICE_ID_30', 'UID11');
INSERT INTO `groupentitlement` (`Group_id`, `Service_id`, `createdby`) VALUES ('GROUP_AUTHORIZER', 'SERVICE_ID_31', 'UID11');
INSERT INTO `groupentitlement` (`Group_id`, `Service_id`, `createdby`) VALUES ('GROUP_AUTHORIZER', 'SERVICE_ID_32', 'UID11');
INSERT INTO `groupentitlement` (`Group_id`, `Service_id`, `createdby`) VALUES ('GROUP_AUTHORIZER', 'SERVICE_ID_33', 'UID11');
INSERT INTO `groupentitlement` (`Group_id`, `Service_id`, `createdby`) VALUES ('GROUP_AUTHORIZER', 'SERVICE_ID_34', 'UID11');
INSERT INTO `groupentitlement` (`Group_id`, `Service_id`, `createdby`) VALUES ('GROUP_AUTHORIZER', 'SERVICE_ID_35', 'UID11');
INSERT INTO `groupentitlement` (`Group_id`, `Service_id`, `createdby`) VALUES ('GROUP_AUTHORIZER', 'SERVICE_ID_36', 'UID11');
INSERT INTO `groupentitlement` (`Group_id`, `Service_id`, `createdby`) VALUES ('GROUP_AUTHORIZER', 'SERVICE_ID_37', 'UID11');
INSERT INTO `groupentitlement` (`Group_id`, `Service_id`, `createdby`) VALUES ('GROUP_AUTHORIZER', 'SERVICE_ID_38', 'UID11');
INSERT INTO `groupentitlement` (`Group_id`, `Service_id`, `createdby`) VALUES ('GROUP_AUTHORIZER', 'SERVICE_ID_46', 'UID11');
INSERT INTO `groupentitlement` (`Group_id`, `Service_id`, `createdby`) VALUES ('GROUP_AUTHORIZER', 'SERVICE_ID_49', 'UID11');
INSERT INTO `groupentitlement` (`Group_id`, `Service_id`, `createdby`) VALUES ('GROUP_AUTHORIZER', 'SERVICE_ID_50', 'UID11');
INSERT INTO `groupentitlement` (`Group_id`, `Service_id`, `createdby`) VALUES ('GROUP_AUTHORIZER', 'SERVICE_ID_51', 'UID11');
INSERT INTO `groupentitlement` (`Group_id`, `Service_id`, `createdby`) VALUES ('GROUP_AUTHORIZER', 'SERVICE_ID_52', 'UID11');
INSERT INTO `groupentitlement` (`Group_id`, `Service_id`, `createdby`) VALUES ('GROUP_AUTHORIZER', 'SERVICE_ID_53', 'UID11');
INSERT INTO `groupentitlement` (`Group_id`, `Service_id`, `createdby`) VALUES ('GROUP_AUTHORIZER', 'SERVICE_ID_54', 'UID11');
INSERT INTO `groupentitlement` (`Group_id`, `Service_id`, `createdby`) VALUES ('GROUP_AUTHORIZER', 'SERVICE_ID_55', 'UID11');
INSERT INTO `groupentitlement` (`Group_id`, `Service_id`, `createdby`) VALUES ('GROUP_AUTHORIZER', 'SERVICE_ID_56', 'UID11');

INSERT INTO `groupentitlement` (`Group_id`, `Service_id`, `createdby`) VALUES ('GROUP_MICRO_AUTHORIZER', 'SERVICE_ID_16', 'UID11');
INSERT INTO `groupentitlement` (`Group_id`, `Service_id`, `createdby`) VALUES ('GROUP_MICRO_AUTHORIZER', 'SERVICE_ID_19', 'UID11');
INSERT INTO `groupentitlement` (`Group_id`, `Service_id`, `createdby`) VALUES ('GROUP_MICRO_AUTHORIZER', 'SERVICE_ID_22', 'UID11');
INSERT INTO `groupentitlement` (`Group_id`, `Service_id`, `createdby`) VALUES ('GROUP_MICRO_AUTHORIZER', 'SERVICE_ID_23', 'UID11');
INSERT INTO `groupentitlement` (`Group_id`, `Service_id`, `createdby`) VALUES ('GROUP_MICRO_AUTHORIZER', 'SERVICE_ID_26', 'UID11');
INSERT INTO `groupentitlement` (`Group_id`, `Service_id`, `createdby`) VALUES ('GROUP_MICRO_AUTHORIZER', 'SERVICE_ID_27', 'UID11');
INSERT INTO `groupentitlement` (`Group_id`, `Service_id`, `createdby`) VALUES ('GROUP_MICRO_AUTHORIZER', 'SERVICE_ID_30', 'UID11');
INSERT INTO `groupentitlement` (`Group_id`, `Service_id`, `createdby`) VALUES ('GROUP_MICRO_AUTHORIZER', 'SERVICE_ID_31', 'UID11');
INSERT INTO `groupentitlement` (`Group_id`, `Service_id`, `createdby`) VALUES ('GROUP_MICRO_AUTHORIZER', 'SERVICE_ID_34', 'UID11');
INSERT INTO `groupentitlement` (`Group_id`, `Service_id`, `createdby`) VALUES ('GROUP_MICRO_AUTHORIZER', 'SERVICE_ID_35', 'UID11');
INSERT INTO `groupentitlement` (`Group_id`, `Service_id`, `createdby`) VALUES ('GROUP_MICRO_AUTHORIZER', 'SERVICE_ID_38', 'UID11');
INSERT INTO `groupentitlement` (`Group_id`, `Service_id`, `createdby`) VALUES ('GROUP_MICRO_AUTHORIZER', 'SERVICE_ID_46', 'UID11');

UPDATE `address` SET `latitude`='40.7128', `logitude`='74.0060' WHERE `id`='DMSADDR1';
UPDATE `address` SET `latitude`='40.7128', `logitude`='74.0060' WHERE `id`='DMSADDR2';

UPDATE `membergroup` SET `Description`='These Business users have highest level of access to all functions, can create & authorize transactions and manage access of other users (register / suspend / activate users, limit access to accounts & functions, set transaction limits)' WHERE `id`='GROUP_ADMINISTRATOR';
UPDATE `membergroup` SET `Description`='These Micro Business users have highest level of access to all functions, can create transactions and manage access of other users (register / suspend / activate users, limit access to accounts & functions, set transaction limits)' WHERE `id`='GROUP_MICRO_ADMINISTRATOR';
UPDATE `membergroup` SET `Description`='These Business users can approve / reject transactions for authorized accounts. They will also be allowed to create transactions & manage payees.' WHERE `id`='GROUP_AUTHORIZER';
UPDATE `membergroup` SET `Description`='These Micro Business users can approve / reject transactions for authorized accounts. They will also be allowed to create transactions & manage payees.' WHERE `id`='GROUP_MICRO_AUTHORIZER';
UPDATE `membergroup` SET `Description`='These Business users can create transactions on authorized accounts and manage payees. Transactions are be subject to approval based on transaction limits set by the Administrator' WHERE `id`='GROUP_CREATOR';
UPDATE `membergroup` SET `Description`='These Micro Business users can create transactions on authorized accounts and manage payees. Transactions are be subject to transaction limits set by the Administrator' WHERE `id`='GROUP_MICRO_CREATOR';
UPDATE `membergroup` SET `Description`='These Micro Business users can only view transactions but not create them. ' WHERE `id`='GROUP_MICRO_VIEWER';
UPDATE `membergroup` SET `Description`='These Business users can only view transactions but not create or authorize them. ' WHERE `id`='GROUP_VIEWER';


UPDATE `service` SET `Description`='Fund Transfers to Other Members of the Credit Union / Bank. Member to Member Transfer', `DisplayDescription`='24 X 7 Member to Member Fund Transfer; Upto $50,000 per day' WHERE `id`='SERVICE_ID_10';
UPDATE `service` SET `Description`='Fund Transfers to accounts in other Banks and Credit Unions', `DisplayDescription`='On working days between 9 AM to 5 PM; Upto $10,000 per day' WHERE `id`='SERVICE_ID_11';
UPDATE `service` SET `Description`='Wire Transfers within the country', `DisplayDescription`='On working days between 9 AM to 5 PM; Upto $10,000 per day' WHERE `id`='SERVICE_ID_12';
UPDATE `service` SET `Description`='International Wire Transfers ', `DisplayDescription`='On working days between 9 AM to 5 PM; Upto $10,000 per day' WHERE `id`='SERVICE_ID_13';
UPDATE `service` SET `Description`='Bill Payment Service', `DisplayDescription`='Pay your bills instantly' WHERE `id`='SERVICE_ID_14';
UPDATE `service` SET `Description`='Person to Person Transfer', `DisplayDescription`='Send Money to anyone using their mobile number or email id' WHERE `id`='SERVICE_ID_15';
UPDATE `service` SET `Description`='Automated Clearing House Payment Service', `DisplayDescription`='Handle your business payables efficiently with ACH Payment Services' WHERE `id`='SERVICE_ID_47';
UPDATE `service` SET `Description`='Automated Clearing House Collection Service', `DisplayDescription`='Handle your business receivables efficiently with ACH Collection Services' WHERE `id`='SERVICE_ID_48';
UPDATE `service` SET `Description`='Manage the Business Online access of the other user', `DisplayDescription`='Manage the Business Online access of the other user - register new users, limit user access to particular accounts and functions, define transaction limits, suspend and activate users' WHERE `id`='SERVICE_ID_39';

UPDATE `service` SET `Name`='Intra Bank Fund Transfer - Create Transaction', `DisplayName`='Intra Bank Fund Transfer - Create Transaction' WHERE `id`='SERVICE_ID_10';
UPDATE `service` SET `Name`='Transfer between customer\'s accounts - Create Transaction', `Description`='Fund Transfers between different eligible accounts of a member', `DisplayName`='Transfer between customer\'s accounts - Create Transaction', `DisplayDescription`='24 X 7 Member to Member Fund Transfer; Upto $50,000 per day' WHERE `id`='SERVICE_ID_11';
INSERT INTO `service` (`id`, `Type_id`, `Channel_id`, `Name`, `Description`, `Status_id`, `Notes`, `MaxTransferLimit`, `MinTransferLimit`, `TransferDenominations`, `IsFutureTransaction`, `TransactionCharges`, `IsAuthorizationRequired`, `IsSMSAlertActivated`, `SMSCharges`, `IsBeneficiarySMSAlertActivated`, `BeneficiarySMSCharge`, `HasWeekendOperation`, `IsOutageMessageActive`, `IsAlertActive`, `IsTCActive`, `IsAgreementActive`, `IsCampaignActive`, `WorkSchedule_id`, `TransactionFee_id`, `TransactionLimit_id`, `code`, `Category_id`, `DisplayName`, `DisplayDescription`, `createdby`, `modifiedby`, `createdts`, `lastmodifiedts`, `synctimestamp`, `softdeleteflag`) VALUES ('SERVICE_ID_57', 'SER_TYPE_TRNS', 'CH_ID_MOB_INT', 'Interbank Account to Account Fund Transfer - Create Transaction', 'Fund Transfer to Accounts in other domestic Banks and Credit Unions', 'SID_ACTIVE', 'Create Transaction for 3rd Party Transfers', '100000.00', '1.00', '$', '1', '0', '1', '1', '0.5', '1', '0.2', '1', '1', '0', '1', '1', '1', 'WORK_SCH_ID1', 'TID1', 'TID3', 'M2MFT001', 'CAT_TYPE_TRANSFER', 'Interbank Account to Account Fund Transfer - Create Transaction', 'On working days between 9 AM to 5 PM; Upto $10,000 per day', 'Kony User', 'Kony User', '2019-01-11 19:53:39', '2019-01-11 19:53:39', '2019-01-11 19:53:39', '0');
INSERT INTO `service` (`id`, `Type_id`, `Channel_id`, `Name`, `Description`, `Status_id`, `Notes`, `MaxTransferLimit`, `MinTransferLimit`, `TransferDenominations`, `IsFutureTransaction`, `TransactionCharges`, `IsAuthorizationRequired`, `IsSMSAlertActivated`, `SMSCharges`, `IsBeneficiarySMSAlertActivated`, `BeneficiarySMSCharge`, `HasWeekendOperation`, `IsOutageMessageActive`, `IsAlertActive`, `IsTCActive`, `IsAgreementActive`, `IsCampaignActive`, `WorkSchedule_id`, `TransactionFee_id`, `TransactionLimit_id`, `code`, `Category_id`, `DisplayName`, `DisplayDescription`, `createdby`, `modifiedby`, `createdts`, `lastmodifiedts`, `synctimestamp`, `softdeleteflag`) VALUES ('SERVICE_ID_58', 'SER_TYPE_TRNS', 'CH_ID_MOB_INT', 'Internation Account to Account Fund Transfer - Create Transaction', 'Fund Transfer to Accounts in International Banks and Credit Unions', 'SID_ACTIVE', 'Create Transaction for 3rd Party Transfers', '100000.00', '1.00', '$', '1', '0', '1', '1', '0.5', '1', '0.2', '1', '1', '0', '1', '1', '1', 'WORK_SCH_ID1', 'TID1', 'TID3', 'M2MFT001', 'CAT_TYPE_TRANSFER', 'Internation Account to Account Fund Transfer - Create Transaction', 'On working days between 9 AM to 5 PM; Upto $10,000 per day', 'Kony User', 'Kony User', '2019-01-11 19:53:39', '2019-01-11 19:53:39', '2019-01-11 19:53:39', '0');
UPDATE `service` SET `Name`='Domestic Wire Transfer - Create Transaction', `DisplayName`='Domestic Wire Transfer - Create Transaction' WHERE `id`='SERVICE_ID_12';
UPDATE `service` SET `Name`='International Wire Transfer - Create Transaction', `DisplayName`='International Wire Transfer - Create Transaction' WHERE `id`='SERVICE_ID_13';
UPDATE `service` SET `Name`='Bill Pay - Create Transaction', `DisplayName`='Bill Pay - Create Transaction' WHERE `id`='SERVICE_ID_14';
UPDATE `service` SET `Name`='Intra Bank Fund Transfer - View Transactions', `DisplayName`='Intra Bank Fund Transfer - View Transactions' WHERE `id`='SERVICE_ID_16';
UPDATE `service` SET `Name`='Intra Bank Fund Transfer - Approve Transactions', `DisplayName`='Intra Bank Fund Transfer - Approve Transactions' WHERE `id`='SERVICE_ID_17';
UPDATE `service` SET `Name`='Intra Bank Fund Transfer - Self Approval', `DisplayName`='Intra Bank Fund Transfer - Self Approval' WHERE `id`='SERVICE_ID_18';
UPDATE `service` SET `Name`='Intra Bank Fund Transfer - Manage Payees', `DisplayName`='Intra Bank Fund Transfer - Manage Payees' WHERE `id`='SERVICE_ID_19';
UPDATE `service` SET `Name`='Transfer between customer\'s accounts - View Transactions', `Description`='Transfer between customer\'s accounts - View Transactions', `DisplayName`='Transfer between customer\'s accounts - View Transactions', `DisplayDescription`='Transfer between customer\'s accounts - View Transactions' WHERE `id`='SERVICE_ID_46';
UPDATE `service` SET `Name`='Transfer between customer\'s accounts - Approve Transactions', `Description`='Transfer between customer\'s accounts - Approve Transactions', `DisplayName`='Transfer between customer\'s accounts - Approve Transactions', `DisplayDescription`='Transfer between customer\'s accounts - Approve Transactions' WHERE `id`='SERVICE_ID_20';
UPDATE `service` SET `Name`='Transfer between customer\'s accounts - Self Approval', `Description`='Transfer between customer\'s accounts - Self Approval', `DisplayName`='Transfer between customer\'s accounts - Self Approval', `DisplayDescription`='Transfer between customer\'s accounts - Self Approval' WHERE `id`='SERVICE_ID_21';
UPDATE `service` SET `Name`='Transfer between customer\'s accounts - Manage Payees', `Description`='Transfer between customer\'s accounts - Manage Payees', `DisplayName`='Transfer between customer\'s accounts - Manage Payees', `DisplayDescription`='Transfer between customer\'s accounts - Manage Payees' WHERE `id`='SERVICE_ID_22';
INSERT INTO `service` (`id`, `Type_id`, `Channel_id`, `Name`, `Description`, `Status_id`, `code`, `Category_id`, `DisplayName`, `DisplayDescription`, `createdby`, `modifiedby`, `createdts`, `lastmodifiedts`, `synctimestamp`, `softdeleteflag`) VALUES ('SERVICE_ID_59', 'SER_TYPE_NONTRANS', 'CH_ID_MOB_INT', 'Interbank Account to Account Fund Transfer - View Transactions', 'Interbank Account to Account Fund Transfer - View Transactions', 'SID_ACTIVE', 'M2MFT001', 'CAT_TYPE_TRANSFER', 'Interbank Account to Account Fund Transfer - View Transactions', 'Interbank Account to Account Fund Transfer - View Transactions', 'Kony User', 'Kony User', '2019-01-11 19:53:47', '2019-01-11 19:53:47', '2019-01-11 19:53:47', '0');
INSERT INTO `service` (`id`, `Type_id`, `Channel_id`, `Name`, `Description`, `Status_id`, `code`, `Category_id`, `DisplayName`, `DisplayDescription`, `createdby`, `modifiedby`, `createdts`, `lastmodifiedts`, `synctimestamp`, `softdeleteflag`) VALUES ('SERVICE_ID_60', 'SER_TYPE_NONTRANS', 'CH_ID_MOB_INT', 'Interbank Account to Account Fund Transfer - Approve Transactions', 'Interbank Account to Account Fund Transfer - Approve Transactions', 'SID_ACTIVE', 'M2MFT001', 'CAT_TYPE_TRANSFER', 'Interbank Account to Account Fund Transfer - Approve Transactions', 'Interbank Account to Account Fund Transfer - Approve Transactions', 'Kony User', 'Kony User', '2019-01-11 19:53:47', '2019-01-11 19:53:47', '2019-01-11 19:53:47', '0');
INSERT INTO `service` (`id`, `Type_id`, `Channel_id`, `Name`, `Description`, `Status_id`, `code`, `Category_id`, `DisplayName`, `DisplayDescription`, `createdby`, `modifiedby`, `createdts`, `lastmodifiedts`, `synctimestamp`, `softdeleteflag`) VALUES ('SERVICE_ID_61', 'SER_TYPE_NONTRANS', 'CH_ID_MOB_INT', 'Interbank Account to Account Fund Transfer - Self Approval', 'Interbank Account to Account Fund Transfer - Self Approval', 'SID_ACTIVE', 'M2MFT001', 'CAT_TYPE_TRANSFER', 'Interbank Account to Account Fund Transfer - Self Approval', 'Interbank Account to Account Fund Transfer - Self Approval', 'Kony User', 'Kony User', '2019-01-11 19:53:47', '2019-01-11 19:53:47', '2019-01-11 19:53:47', '0');
INSERT INTO `service` (`id`, `Type_id`, `Channel_id`, `Name`, `Description`, `Status_id`, `code`, `Category_id`, `DisplayName`, `DisplayDescription`, `createdby`, `modifiedby`, `createdts`, `lastmodifiedts`, `synctimestamp`, `softdeleteflag`) VALUES ('SERVICE_ID_62', 'SER_TYPE_NONTRANS', 'CH_ID_MOB_INT', 'Interbank Account to Account Fund Transfer - Manage Payees', 'Interbank Account to Account Fund Transfer - Manage Payees', 'SID_ACTIVE', 'M2MFT001', 'CAT_TYPE_TRANSFER', 'Interbank Account to Account Fund Transfer - Manage Payees', 'Interbank Account to Account Fund Transfer - Manage Payees', 'Kony User', 'Kony User', '2019-01-11 19:53:47', '2019-01-11 19:53:47', '2019-01-11 19:53:47', '0');
INSERT INTO `service` (`id`, `Type_id`, `Channel_id`, `Name`, `Description`, `Status_id`, `code`, `Category_id`, `DisplayName`, `DisplayDescription`, `createdby`, `modifiedby`, `createdts`, `lastmodifiedts`, `synctimestamp`, `softdeleteflag`) VALUES ('SERVICE_ID_63', 'SER_TYPE_NONTRANS', 'CH_ID_MOB_INT', 'Internation Account to Account Fund Transfer  - View Transactions', 'Internation Account to Account Fund Transfer  - View Transactions', 'SID_ACTIVE', 'DomWireFT005', 'CAT_TYPE_TRANSFER', 'Internation Account to Account Fund Transfer  - View Transactions', 'Internation Account to Account Fund Transfer  - View Transactions', 'Kony User', 'Kony User', '2019-01-11 19:53:47', '2019-01-11 19:53:47', '2019-01-11 19:53:47', '0');
INSERT INTO `service` (`id`, `Type_id`, `Channel_id`, `Name`, `Description`, `Status_id`, `code`, `Category_id`, `DisplayName`, `DisplayDescription`, `createdby`, `modifiedby`, `createdts`, `lastmodifiedts`, `synctimestamp`, `softdeleteflag`) VALUES ('SERVICE_ID_64', 'SER_TYPE_NONTRANS', 'CH_ID_MOB_INT', 'Internation Account to Account Fund Transfer  - Approve Transactions', 'Internation Account to Account Fund Transfer  - Approve Transactions', 'SID_ACTIVE', 'DomWireFT005', 'CAT_TYPE_TRANSFER', 'Internation Account to Account Fund Transfer  - Approve Transactions', 'Internation Account to Account Fund Transfer  - Approve Transactions', 'Kony User', 'Kony User', '2019-01-11 19:53:47', '2019-01-11 19:53:47', '2019-01-11 19:53:47', '0');
INSERT INTO `service` (`id`, `Type_id`, `Channel_id`, `Name`, `Description`, `Status_id`, `code`, `Category_id`, `DisplayName`, `DisplayDescription`, `createdby`, `modifiedby`, `createdts`, `lastmodifiedts`, `synctimestamp`, `softdeleteflag`) VALUES ('SERVICE_ID_65', 'SER_TYPE_NONTRANS', 'CH_ID_MOB_INT', 'Internation Account to Account Fund Transfer  - Self Approval', 'Internation Account to Account Fund Transfer  - Self Approval', 'SID_ACTIVE', 'DomWireFT005', 'CAT_TYPE_TRANSFER', 'Internation Account to Account Fund Transfer  - Self Approval', 'Internation Account to Account Fund Transfer  - Self Approval', 'Kony User', 'Kony User', '2019-01-11 19:53:47', '2019-01-11 19:53:47', '2019-01-11 19:53:47', '0');
INSERT INTO `service` (`id`, `Type_id`, `Channel_id`, `Name`, `Description`, `Status_id`, `code`, `Category_id`, `DisplayName`, `DisplayDescription`, `createdby`, `modifiedby`, `createdts`, `lastmodifiedts`, `synctimestamp`, `softdeleteflag`) VALUES ('SERVICE_ID_66', 'SER_TYPE_NONTRANS', 'CH_ID_MOB_INT', 'Internation Account to Account Fund Transfer - Manage Payees', 'Internation Account to Account Fund Transfer - Manage Payees', 'SID_ACTIVE', 'DomWireFT005', 'CAT_TYPE_TRANSFER', 'Internation Account to Account Fund Transfer - Manage Payees', 'Internation Account to Account Fund Transfer - Manage Payees', 'Kony User', 'Kony User', '2019-01-11 19:53:47', '2019-01-11 19:53:47', '2019-01-11 19:53:47', '0');
UPDATE `service` SET `Name`='Domestic Wire Transfer - View Transactions', `Description`='Domestic Wire Transfer - View Transactions', `DisplayName`='Domestic Wire Transfes - View Transactions', `DisplayDescription`='Domestic Wire Transfer - View Transactions' WHERE `id`='SERVICE_ID_23';
UPDATE `service` SET `Name`='Domestic Wire Transfer - Approve Transactions', `Description`='Domestic Wire Transfer - Approve Transactions', `DisplayName`='Domestic Wire Transfer - Approve Transactions', `DisplayDescription`='Domestic Wire Transfer - Approve Transactions' WHERE `id`='SERVICE_ID_24';
UPDATE `service` SET `Name`='Domestic Wire Transfer - Self Approval', `Description`='Domestic Wire Transfer - Self Approval', `DisplayName`='Domestic Wire Transfer - Self Approval', `DisplayDescription`='Domestic Wire Transfer - Self Approval' WHERE `id`='SERVICE_ID_25';
UPDATE `service` SET `Name`='Domestic Wire Transfer - Manage Payees', `Description`='Domestic Wire Transfer - Manage Payees', `DisplayName`='Domestic Wire Transfer - Manage Payees', `DisplayDescription`='Domestic Wire Transfer - Manage Payees' WHERE `id`='SERVICE_ID_26';
UPDATE `service` SET `Name`='International Wire Transfer - View Transactions', `Description`='International Wire Transfer - View Transactions', `DisplayName`='International Wire Transfer - View Transactions', `DisplayDescription`='International Wire Transfer - View Transactions' WHERE `id`='SERVICE_ID_27';
UPDATE `service` SET `Name`='International Wire Transfer - Approve Transactions', `Description`='International Wire Transfer - Approve Transactions', `DisplayName`='International Wire Transfer - Approve Transactions', `DisplayDescription`='International Wire Transfer - Approve Transactions' WHERE `id`='SERVICE_ID_28';
UPDATE `service` SET `Name`='International Wire Transfer - Self Approval ', `Description`='International Wire Transfer - Self Approval ', `DisplayName`='International Wire Transfer - Self Approval ', `DisplayDescription`='International Wire Transfer - Self Approval ' WHERE `id`='SERVICE_ID_29';
UPDATE `service` SET `Name`='International Wire Transfer - Manage Payees', `Description`='International Wire Transfer - Manage Payees', `DisplayName`='International Wire Transfer - Manage Payees', `DisplayDescription`='International Wire Transfer - Manage Payees' WHERE `id`='SERVICE_ID_30';
UPDATE `service` SET `Name`='Bill Pay - View Transactions', `Description`='Bill Pay - View Transactions', `DisplayName`='Bill Pay - View Transactions', `DisplayDescription`='Bill Pay - View Transactions' WHERE `id`='SERVICE_ID_31';
UPDATE `service` SET `Name`='Bill Pay - Approve Transactions', `Description`='Bill Pay - Approve Transactions', `DisplayName`='Bill Pay - Approve Transactions', `DisplayDescription`='Bill Pay - Approve Transactions' WHERE `id`='SERVICE_ID_32';
UPDATE `service` SET `Name`='Bill Pay - Self Approval', `Description`='Bill Pay - Self Approval', `DisplayName`='Bill Pay - Self Approval', `DisplayDescription`='Bill Pay - Self Approval' WHERE `id`='SERVICE_ID_33';
UPDATE `service` SET `Name`='Bill Pay - Manage Payees', `Description`='Bill Pay - Manage Payees', `DisplayName`='Bill Pay - Manage Payees', `DisplayDescription`='Bill Pay - Manage Payees' WHERE `id`='SERVICE_ID_34';
UPDATE `service` SET `Description`='Manage Debit and Credit Cards', `DisplayDescription`='View card information, activate or deactivate a card, request replacement for a card, report a lost or stolen card, cancel the usage of a card, and request a new PIN for a card' WHERE `id`='SERVICE_ID_40';
UPDATE `service` SET `Description`='Manage issued Check Payments', `DisplayDescription`='Stop issued check payments' WHERE `id`='SERVICE_ID_41';
UPDATE `service` SET `DisplayDescription`='Dispute any pending or posted transaction' WHERE `id`='SERVICE_ID_42';
UPDATE `service` SET `DisplayDescription`='Manage e-statements for your accounts' WHERE `id`='SERVICE_ID_44';
UPDATE `service` SET `Description`='Manage Alerts', `DisplayDescription`='Manage your preferences for different alert and channels to receive alerts' WHERE `id`='SERVICE_ID_45';
UPDATE `service` SET `Description`='Manage Account Settings', `DisplayDescription`='Manage you account settings' WHERE `id`='SERVICE_ID_43';

INSERT INTO `groupentitlement` (`Group_id`, `Service_id`, `TransactionFee_id`, `TransactionLimit_id`, `createdby`, `createdts`, `lastmodifiedts`, `synctimestamp`, `softdeleteflag`) VALUES ('GROUP_ADMINISTRATOR', 'SERVICE_ID_57', 'TID1', 'TID3', 'UID11', '2019-01-11 19:54:04', '2019-01-11 19:54:04', '2019-01-11 19:54:04', '0');
INSERT INTO `groupentitlement` (`Group_id`, `Service_id`, `TransactionFee_id`, `TransactionLimit_id`, `createdby`, `createdts`, `lastmodifiedts`, `synctimestamp`, `softdeleteflag`) VALUES ('GROUP_ADMINISTRATOR', 'SERVICE_ID_58', 'TID1', 'TID3', 'UID11', '2019-01-11 19:54:04', '2019-01-11 19:54:04', '2019-01-11 19:54:04', '0');
INSERT INTO `groupentitlement` (`Group_id`, `Service_id`, `TransactionFee_id`, `TransactionLimit_id`, `createdby`, `createdts`, `lastmodifiedts`, `synctimestamp`, `softdeleteflag`) VALUES ('GROUP_CREATOR', 'SERVICE_ID_57', 'TID1', 'TID3', 'UID11', '2019-01-11 19:54:08', '2019-01-11 19:54:08', '2019-01-11 19:54:08', '0');
INSERT INTO `groupentitlement` (`Group_id`, `Service_id`, `TransactionFee_id`, `TransactionLimit_id`, `createdby`, `createdts`, `lastmodifiedts`, `synctimestamp`, `softdeleteflag`) VALUES ('GROUP_CREATOR', 'SERVICE_ID_58', 'TID1', 'TID3', 'UID11', '2019-01-11 19:54:08', '2019-01-11 19:54:08', '2019-01-11 19:54:08', '0');
INSERT INTO `groupentitlement` (`Group_id`, `Service_id`, `createdby`, `createdts`, `lastmodifiedts`, `synctimestamp`, `softdeleteflag`) VALUES ('GROUP_CREATOR', 'SERVICE_ID_59', 'UID11', '2019-01-11 19:56:20', '2019-01-11 19:56:20', '2019-01-11 19:56:20', '0');
INSERT INTO `groupentitlement` (`Group_id`, `Service_id`, `createdby`, `createdts`, `lastmodifiedts`, `synctimestamp`, `softdeleteflag`) VALUES ('GROUP_CREATOR', 'SERVICE_ID_60', 'UID11', '2019-01-11 19:56:20', '2019-01-11 19:56:20', '2019-01-11 19:56:20', '0');
INSERT INTO `groupentitlement` (`Group_id`, `Service_id`, `createdby`, `createdts`, `lastmodifiedts`, `synctimestamp`, `softdeleteflag`) VALUES ('GROUP_CREATOR', 'SERVICE_ID_61', 'UID11', '2019-01-11 19:56:20', '2019-01-11 19:56:20', '2019-01-11 19:56:20', '0');
INSERT INTO `groupentitlement` (`Group_id`, `Service_id`, `createdby`, `createdts`, `lastmodifiedts`, `synctimestamp`, `softdeleteflag`) VALUES ('GROUP_CREATOR', 'SERVICE_ID_62', 'UID11', '2019-01-11 19:56:20', '2019-01-11 19:56:20', '2019-01-11 19:56:20', '0');
INSERT INTO `groupentitlement` (`Group_id`, `Service_id`, `createdby`, `createdts`, `lastmodifiedts`, `synctimestamp`, `softdeleteflag`) VALUES ('GROUP_ADMINISTRATOR', 'SERVICE_ID_59', 'UID11', '2019-01-11 19:55:38', '2019-01-11 19:55:38', '2019-01-11 19:55:38', '0');
INSERT INTO `groupentitlement` (`Group_id`, `Service_id`, `createdby`, `createdts`, `lastmodifiedts`, `synctimestamp`, `softdeleteflag`) VALUES ('GROUP_ADMINISTRATOR', 'SERVICE_ID_60', 'UID11', '2019-01-11 19:55:38', '2019-01-11 19:55:38', '2019-01-11 19:55:38', '0');
INSERT INTO `groupentitlement` (`Group_id`, `Service_id`, `createdby`, `createdts`, `lastmodifiedts`, `synctimestamp`, `softdeleteflag`) VALUES ('GROUP_ADMINISTRATOR', 'SERVICE_ID_61', 'UID11', '2019-01-11 19:55:38', '2019-01-11 19:55:38', '2019-01-11 19:55:38', '0');
INSERT INTO `groupentitlement` (`Group_id`, `Service_id`, `createdby`, `createdts`, `lastmodifiedts`, `synctimestamp`, `softdeleteflag`) VALUES ('GROUP_ADMINISTRATOR', 'SERVICE_ID_62', 'UID11', '2019-01-11 19:55:38', '2019-01-11 19:55:38', '2019-01-11 19:55:38', '0');
INSERT INTO `groupentitlement` (`Group_id`, `Service_id`, `createdby`, `createdts`, `lastmodifiedts`, `synctimestamp`, `softdeleteflag`) VALUES ('GROUP_CREATOR', 'SERVICE_ID_63', 'UID11', '2019-01-11 19:56:20', '2019-01-11 19:56:20', '2019-01-11 19:56:20', '0');
INSERT INTO `groupentitlement` (`Group_id`, `Service_id`, `createdby`, `createdts`, `lastmodifiedts`, `synctimestamp`, `softdeleteflag`) VALUES ('GROUP_CREATOR', 'SERVICE_ID_64', 'UID11', '2019-01-11 19:56:20', '2019-01-11 19:56:20', '2019-01-11 19:56:20', '0');
INSERT INTO `groupentitlement` (`Group_id`, `Service_id`, `createdby`, `createdts`, `lastmodifiedts`, `synctimestamp`, `softdeleteflag`) VALUES ('GROUP_CREATOR', 'SERVICE_ID_65', 'UID11', '2019-01-11 19:56:20', '2019-01-11 19:56:20', '2019-01-11 19:56:20', '0');
INSERT INTO `groupentitlement` (`Group_id`, `Service_id`, `createdby`, `createdts`, `lastmodifiedts`, `synctimestamp`, `softdeleteflag`) VALUES ('GROUP_CREATOR', 'SERVICE_ID_66', 'UID11', '2019-01-11 19:56:20', '2019-01-11 19:56:20', '2019-01-11 19:56:20', '0');
INSERT INTO `groupentitlement` (`Group_id`, `Service_id`, `createdby`, `createdts`, `lastmodifiedts`, `synctimestamp`, `softdeleteflag`) VALUES ('GROUP_ADMINISTRATOR', 'SERVICE_ID_63', 'UID11', '2019-01-11 19:55:38', '2019-01-11 19:55:38', '2019-01-11 19:55:38', '0');
INSERT INTO `groupentitlement` (`Group_id`, `Service_id`, `createdby`, `createdts`, `lastmodifiedts`, `synctimestamp`, `softdeleteflag`) VALUES ('GROUP_ADMINISTRATOR', 'SERVICE_ID_64', 'UID11', '2019-01-11 19:55:38', '2019-01-11 19:55:38', '2019-01-11 19:55:38', '0');
INSERT INTO `groupentitlement` (`Group_id`, `Service_id`, `createdby`, `createdts`, `lastmodifiedts`, `synctimestamp`, `softdeleteflag`) VALUES ('GROUP_ADMINISTRATOR', 'SERVICE_ID_65', 'UID11', '2019-01-11 19:55:38', '2019-01-11 19:55:38', '2019-01-11 19:55:38', '0');
INSERT INTO `groupentitlement` (`Group_id`, `Service_id`, `createdby`, `createdts`, `lastmodifiedts`, `synctimestamp`, `softdeleteflag`) VALUES ('GROUP_ADMINISTRATOR', 'SERVICE_ID_66', 'UID11', '2019-01-11 19:55:38', '2019-01-11 19:55:38', '2019-01-11 19:55:38', '0');

INSERT IGNORE INTO `servicechannel` (`id`, `Description`, `createdby`, `modifiedby`) VALUES ('CH_ID_TABLET', 'Tablet', 'Kony User', 'Kony Dev');

INSERT INTO `permissiontype` (`id`, `Description`, `createdby`, `modifiedby`,`createdts`, `lastmodifiedts`, `synctimestamp`, `softdeleteflag`) VALUES ('PER_TYPE_CONFIGURATION', 'Permission Type Configuration', 'Kony User', 'Kony Dev',CURRENT_TIMESTAMP, CURRENT_TIMESTAMP, CURRENT_TIMESTAMP, '0');
INSERT INTO `permissiontype` (`id`, `Description`, `createdby`, `modifiedby`,`createdts`, `lastmodifiedts`, `synctimestamp`, `softdeleteflag`) VALUES ('PER_TYPE_BUSINESS_BANKING', 'Permission Type Business Banking', 'Kony User', 'Kony Dev',CURRENT_TIMESTAMP, CURRENT_TIMESTAMP, CURRENT_TIMESTAMP, '0');
INSERT INTO `permissiontype` (`id`, `Description`, `createdby`, `modifiedby`,`createdts`, `lastmodifiedts`, `synctimestamp`, `softdeleteflag`) VALUES ('PER_TYPE_APPLICANT', 'Permission Type Applicant', 'Kony User', 'Kony Dev',CURRENT_TIMESTAMP, CURRENT_TIMESTAMP, CURRENT_TIMESTAMP, '0');

INSERT INTO `permission` (`id`, `Type_id`, `Status_id`, `Name`, `Description`, `isComposite`, `PermissionValue`, `createdby`, `modifiedby`, `createdts`, `lastmodifiedts`, `synctimestamp`, `softdeleteflag`) VALUES ('PID58', 'PER_TYPE_BUSINESS_BANKING', 'SID_ACTIVE', 'ViewConfigurations', 'Permission to view the business configurations. All users see the same details', '0', 'TRUE', 'Kony User', 'Kony Dev', CURRENT_TIMESTAMP, CURRENT_TIMESTAMP, CURRENT_TIMESTAMP, '0');
INSERT INTO `permission` (`id`, `Type_id`, `Status_id`, `Name`, `Description`, `isComposite`, `PermissionValue`, `createdby`, `modifiedby`, `createdts`, `lastmodifiedts`, `synctimestamp`, `softdeleteflag`) VALUES ('PID59', 'PER_TYPE_CONFIGURATION', 'SID_ACTIVE', 'UpdateConfigurations', 'Permission to edit/delete/add configurations', '0', 'TRUE', 'Kony User', 'Kony Dev', CURRENT_TIMESTAMP, CURRENT_TIMESTAMP, CURRENT_TIMESTAMP, '0');
INSERT INTO `permission` (`id`, `Type_id`, `Status_id`, `Name`, `Description`, `isComposite`, `PermissionValue`, `createdby`, `modifiedby`, `createdts`, `lastmodifiedts`, `synctimestamp`, `softdeleteflag`) VALUES ('PID60', 'PER_TYPE_CONFIGURATION', 'SID_ACTIVE', 'ViewConfigurationBundles', 'Permission to view configuration bundles. All users see the same details', '0', 'TRUE', 'Kony User', 'Kony Dev', CURRENT_TIMESTAMP, CURRENT_TIMESTAMP, CURRENT_TIMESTAMP, '0');
INSERT INTO `permission` (`id`, `Type_id`, `Status_id`, `Name`, `Description`, `isComposite`, `PermissionValue`, `createdby`, `modifiedby`, `createdts`, `lastmodifiedts`, `synctimestamp`, `softdeleteflag`) VALUES ('PID61', 'PER_TYPE_CONFIGURATION', 'SID_ACTIVE', 'UpdateConfigurationBundles', 'Permission to view edit/delete/add bundles and configuration within bundles', '0', 'TRUE', 'Kony User', 'Kony Dev', CURRENT_TIMESTAMP, CURRENT_TIMESTAMP, CURRENT_TIMESTAMP, '0');
INSERT INTO `permission` (`id`, `Type_id`, `Status_id`, `Name`, `Description`, `isComposite`, `PermissionValue`, `createdby`, `modifiedby`, `createdts`, `lastmodifiedts`, `synctimestamp`, `softdeleteflag`) VALUES ('PID62', 'PER_TYPE_BUSINESS_BANKING', 'SID_ACTIVE', 'UpdateCompany', 'Permission to create/edit all possible details of a company', '0', 'TRUE', 'Kony User', 'Kony Dev', CURRENT_TIMESTAMP, CURRENT_TIMESTAMP, CURRENT_TIMESTAMP, '0');
INSERT INTO `permission` (`id`, `Type_id`, `Status_id`, `Name`, `Description`, `isComposite`, `PermissionValue`, `createdby`, `modifiedby`, `createdts`, `lastmodifiedts`, `synctimestamp`, `softdeleteflag`) VALUES ('PID63', 'PER_TYPE_BUSINESS_BANKING', 'SID_ACTIVE', 'UpdateBusinessUsers', 'Permission to create/edit all possible of business users', '0', 'TRUE', 'Kony User', 'Kony Dev', CURRENT_TIMESTAMP, CURRENT_TIMESTAMP, CURRENT_TIMESTAMP, '0');
INSERT INTO `permission` (`id`, `Type_id`, `Status_id`, `Name`, `Description`, `isComposite`, `PermissionValue`, `createdby`, `modifiedby`, `createdts`, `lastmodifiedts`, `synctimestamp`, `softdeleteflag`) VALUES ('PID64', 'PER_TYPE_BUSINESS_BANKING', 'SID_ACTIVE', 'UpdateCompanyBasicDetails', 'Permission to edit the basic details of company (Name, Contact, Email & Street)', '0', 'TRUE', 'Kony User', 'Kony Dev', CURRENT_TIMESTAMP, CURRENT_TIMESTAMP, CURRENT_TIMESTAMP, '0');
INSERT INTO `permission` (`id`, `Type_id`, `Status_id`, `Name`, `Description`, `isComposite`, `PermissionValue`, `createdby`, `modifiedby`, `createdts`, `lastmodifiedts`, `synctimestamp`, `softdeleteflag`) VALUES ('PID65', 'PER_TYPE_BUSINESS_BANKING', 'SID_ACTIVE', 'UpdateBusinessUserBasicDetails', 'Permission to edit the basic details of the associated business users of a company (Name, contact, email, DOB, driver''s license)', '0', 'TRUE', 'Kony User', 'Kony Dev', CURRENT_TIMESTAMP, CURRENT_TIMESTAMP, CURRENT_TIMESTAMP, '0');
INSERT INTO `permission` (`id`, `Type_id`, `Status_id`, `Name`, `Description`, `isComposite`, `PermissionValue`, `createdby`, `modifiedby`, `createdts`, `lastmodifiedts`, `synctimestamp`, `softdeleteflag`) VALUES ('PID66', 'PER_TYPE_APPLICANT', 'SID_ACTIVE', 'DoAssistedOnboarding', 'Permission to do assisted onboarding of new users', '0', 'TRUE', 'Kony User', 'Kony Dev', CURRENT_TIMESTAMP, CURRENT_TIMESTAMP, CURRENT_TIMESTAMP, '0');
INSERT INTO `permission` (`id`, `Type_id`, `Status_id`, `Name`, `Description`, `isComposite`, `PermissionValue`, `createdby`, `modifiedby`, `createdts`, `lastmodifiedts`, `synctimestamp`, `softdeleteflag`) VALUES ('PID67', 'PER_TYPE_BUSINESS_BANKING', 'SID_ACTIVE', 'ViewCompanies', 'Permission to search, view company details & to view the customer associated with the companies', '0', 'TRUE', 'Kony User', 'Kony Dev', CURRENT_TIMESTAMP, CURRENT_TIMESTAMP, CURRENT_TIMESTAMP, '0');

INSERT INTO `rolepermission` (`Role_id`, `Permission_id`, `createdby`, `modifiedby`, `createdts`, `lastmodifiedts`, `synctimestamp`, `softdeleteflag`) VALUES ('RID_BUSINESS', 'PID58', 'Kony User', 'Kony Dev', CURRENT_TIMESTAMP, CURRENT_TIMESTAMP, CURRENT_TIMESTAMP, '0');
INSERT INTO `rolepermission` (`Role_id`, `Permission_id`, `createdby`, `modifiedby`, `createdts`, `lastmodifiedts`, `synctimestamp`, `softdeleteflag`) VALUES ('RID_BUSINESS', 'PID59', 'Kony User', 'Kony Dev', CURRENT_TIMESTAMP, CURRENT_TIMESTAMP, CURRENT_TIMESTAMP, '0');
INSERT INTO `rolepermission` (`Role_id`, `Permission_id`, `createdby`, `modifiedby`, `createdts`, `lastmodifiedts`, `synctimestamp`, `softdeleteflag`) VALUES ('RID_BUSINESS', 'PID60', 'Kony User', 'Kony Dev', CURRENT_TIMESTAMP, CURRENT_TIMESTAMP, CURRENT_TIMESTAMP, '0');
INSERT INTO `rolepermission` (`Role_id`, `Permission_id`, `createdby`, `modifiedby`, `createdts`, `lastmodifiedts`, `synctimestamp`, `softdeleteflag`) VALUES ('RID_BUSINESS', 'PID61', 'Kony User', 'Kony Dev', CURRENT_TIMESTAMP, CURRENT_TIMESTAMP, CURRENT_TIMESTAMP, '0');
INSERT INTO `rolepermission` (`Role_id`, `Permission_id`, `createdby`, `modifiedby`, `createdts`, `lastmodifiedts`, `synctimestamp`, `softdeleteflag`) VALUES ('RID_BUSINESS', 'PID62', 'Kony User', 'Kony Dev', CURRENT_TIMESTAMP, CURRENT_TIMESTAMP, CURRENT_TIMESTAMP, '0');
INSERT INTO `rolepermission` (`Role_id`, `Permission_id`, `createdby`, `modifiedby`, `createdts`, `lastmodifiedts`, `synctimestamp`, `softdeleteflag`) VALUES ('RID_BUSINESS', 'PID63', 'Kony User', 'Kony Dev', CURRENT_TIMESTAMP, CURRENT_TIMESTAMP, CURRENT_TIMESTAMP, '0');
INSERT INTO `rolepermission` (`Role_id`, `Permission_id`, `createdby`, `modifiedby`, `createdts`, `lastmodifiedts`, `synctimestamp`, `softdeleteflag`) VALUES ('RID_BUSINESS', 'PID64', 'Kony User', 'Kony Dev', CURRENT_TIMESTAMP, CURRENT_TIMESTAMP, CURRENT_TIMESTAMP, '0');
INSERT INTO `rolepermission` (`Role_id`, `Permission_id`, `createdby`, `modifiedby`, `createdts`, `lastmodifiedts`, `synctimestamp`, `softdeleteflag`) VALUES ('RID_BUSINESS', 'PID65', 'Kony User', 'Kony Dev', CURRENT_TIMESTAMP, CURRENT_TIMESTAMP, CURRENT_TIMESTAMP, '0');
INSERT INTO `rolepermission` (`Role_id`, `Permission_id`, `createdby`, `modifiedby`, `createdts`, `lastmodifiedts`, `synctimestamp`, `softdeleteflag`) VALUES ('RID_BUSINESS', 'PID66', 'Kony User', 'Kony Dev', CURRENT_TIMESTAMP, CURRENT_TIMESTAMP, CURRENT_TIMESTAMP, '0');
INSERT INTO `rolepermission` (`Role_id`, `Permission_id`, `createdby`, `modifiedby`, `createdts`, `lastmodifiedts`, `synctimestamp`, `softdeleteflag`) VALUES ('RID_BUSINESS', 'PID67', 'Kony User', 'Kony Dev', CURRENT_TIMESTAMP, CURRENT_TIMESTAMP, CURRENT_TIMESTAMP, '0');
INSERT INTO `rolepermission` (`Role_id`, `Permission_id`, `createdby`, `modifiedby`, `createdts`, `lastmodifiedts`, `synctimestamp`, `softdeleteflag`) VALUES ('RID_OPS', 'PID67', 'Kony User', 'Kony Dev', CURRENT_TIMESTAMP, CURRENT_TIMESTAMP, CURRENT_TIMESTAMP, '0');
INSERT INTO `rolepermission` (`Role_id`, `Permission_id`, `createdby`, `modifiedby`, `createdts`, `lastmodifiedts`, `synctimestamp`, `softdeleteflag`) VALUES ('RID_MANAGER', 'PID58', 'Kony User', 'Kony Dev', CURRENT_TIMESTAMP, CURRENT_TIMESTAMP, CURRENT_TIMESTAMP, '0');
INSERT INTO `rolepermission` (`Role_id`, `Permission_id`, `createdby`, `modifiedby`, `createdts`, `lastmodifiedts`, `synctimestamp`, `softdeleteflag`) VALUES ('RID_MANAGER', 'PID60', 'Kony User', 'Kony Dev', CURRENT_TIMESTAMP, CURRENT_TIMESTAMP, CURRENT_TIMESTAMP, '0');
INSERT INTO `rolepermission` (`Role_id`, `Permission_id`, `createdby`, `modifiedby`, `createdts`, `lastmodifiedts`, `synctimestamp`, `softdeleteflag`) VALUES ('RID_MANAGER', 'PID67', 'Kony User', 'Kony Dev', CURRENT_TIMESTAMP, CURRENT_TIMESTAMP, CURRENT_TIMESTAMP, '0');
INSERT INTO `rolepermission` (`Role_id`, `Permission_id`, `createdby`, `modifiedby`, `createdts`, `lastmodifiedts`, `synctimestamp`, `softdeleteflag`) VALUES ('RID_MANAGER', 'PID62', 'Kony User', 'Kony Dev', CURRENT_TIMESTAMP, CURRENT_TIMESTAMP, CURRENT_TIMESTAMP, '0');
INSERT INTO `rolepermission` (`Role_id`, `Permission_id`, `createdby`, `modifiedby`, `createdts`, `lastmodifiedts`, `synctimestamp`, `softdeleteflag`) VALUES ('RID_MANAGER', 'PID63', 'Kony User', 'Kony Dev', CURRENT_TIMESTAMP, CURRENT_TIMESTAMP, CURRENT_TIMESTAMP, '0');
INSERT INTO `rolepermission` (`Role_id`, `Permission_id`, `createdby`, `modifiedby`, `createdts`, `lastmodifiedts`, `synctimestamp`, `softdeleteflag`) VALUES ('RID_MANAGER', 'PID64', 'Kony User', 'Kony Dev', CURRENT_TIMESTAMP, CURRENT_TIMESTAMP, CURRENT_TIMESTAMP, '0');
INSERT INTO `rolepermission` (`Role_id`, `Permission_id`, `createdby`, `modifiedby`, `createdts`, `lastmodifiedts`, `synctimestamp`, `softdeleteflag`) VALUES ('RID_MANAGER', 'PID65', 'Kony User', 'Kony Dev', CURRENT_TIMESTAMP, CURRENT_TIMESTAMP, CURRENT_TIMESTAMP, '0');
INSERT INTO `rolepermission` (`Role_id`, `Permission_id`, `createdby`, `modifiedby`, `createdts`, `lastmodifiedts`, `synctimestamp`, `softdeleteflag`) VALUES ('RID_FRONTLINE_STAFF', 'PID67', 'Kony User', 'Kony Dev', CURRENT_TIMESTAMP, CURRENT_TIMESTAMP, CURRENT_TIMESTAMP, '0');
INSERT INTO `rolepermission` (`Role_id`, `Permission_id`, `createdby`, `modifiedby`, `createdts`, `lastmodifiedts`, `synctimestamp`, `softdeleteflag`) VALUES ('RID_FRONTLINE_STAFF', 'PID64', 'Kony User', 'Kony Dev', CURRENT_TIMESTAMP, CURRENT_TIMESTAMP, CURRENT_TIMESTAMP, '0');
INSERT INTO `rolepermission` (`Role_id`, `Permission_id`, `createdby`, `modifiedby`, `createdts`, `lastmodifiedts`, `synctimestamp`, `softdeleteflag`) VALUES ('RID_FRONTLINE_STAFF', 'PID65', 'Kony User', 'Kony Dev', CURRENT_TIMESTAMP, CURRENT_TIMESTAMP, CURRENT_TIMESTAMP, '0');
INSERT INTO `rolepermission` (`Role_id`, `Permission_id`, `createdby`, `modifiedby`, `createdts`, `lastmodifiedts`, `synctimestamp`, `softdeleteflag`) VALUES ('RID_SUPERADMIN', 'PID58', 'Kony User', 'Kony Dev', CURRENT_TIMESTAMP, CURRENT_TIMESTAMP, CURRENT_TIMESTAMP, '0');
INSERT INTO `rolepermission` (`Role_id`, `Permission_id`, `createdby`, `modifiedby`, `createdts`, `lastmodifiedts`, `synctimestamp`, `softdeleteflag`) VALUES ('RID_SUPERADMIN', 'PID59', 'Kony User', 'Kony Dev', CURRENT_TIMESTAMP, CURRENT_TIMESTAMP, CURRENT_TIMESTAMP, '0');
INSERT INTO `rolepermission` (`Role_id`, `Permission_id`, `createdby`, `modifiedby`, `createdts`, `lastmodifiedts`, `synctimestamp`, `softdeleteflag`) VALUES ('RID_SUPERADMIN', 'PID60', 'Kony User', 'Kony Dev', CURRENT_TIMESTAMP, CURRENT_TIMESTAMP, CURRENT_TIMESTAMP, '0');
INSERT INTO `rolepermission` (`Role_id`, `Permission_id`, `createdby`, `modifiedby`, `createdts`, `lastmodifiedts`, `synctimestamp`, `softdeleteflag`) VALUES ('RID_SUPERADMIN', 'PID61', 'Kony User', 'Kony Dev', CURRENT_TIMESTAMP, CURRENT_TIMESTAMP, CURRENT_TIMESTAMP, '0');
INSERT INTO `rolepermission` (`Role_id`, `Permission_id`, `createdby`, `modifiedby`, `createdts`, `lastmodifiedts`, `synctimestamp`, `softdeleteflag`) VALUES ('RID_SUPERADMIN', 'PID62', 'Kony User', 'Kony Dev', CURRENT_TIMESTAMP, CURRENT_TIMESTAMP, CURRENT_TIMESTAMP, '0');
INSERT INTO `rolepermission` (`Role_id`, `Permission_id`, `createdby`, `modifiedby`, `createdts`, `lastmodifiedts`, `synctimestamp`, `softdeleteflag`) VALUES ('RID_SUPERADMIN', 'PID63', 'Kony User', 'Kony Dev', CURRENT_TIMESTAMP, CURRENT_TIMESTAMP, CURRENT_TIMESTAMP, '0');
INSERT INTO `rolepermission` (`Role_id`, `Permission_id`, `createdby`, `modifiedby`, `createdts`, `lastmodifiedts`, `synctimestamp`, `softdeleteflag`) VALUES ('RID_SUPERADMIN', 'PID64', 'Kony User', 'Kony Dev', CURRENT_TIMESTAMP, CURRENT_TIMESTAMP, CURRENT_TIMESTAMP, '0');
INSERT INTO `rolepermission` (`Role_id`, `Permission_id`, `createdby`, `modifiedby`, `createdts`, `lastmodifiedts`, `synctimestamp`, `softdeleteflag`) VALUES ('RID_SUPERADMIN', 'PID65', 'Kony User', 'Kony Dev', CURRENT_TIMESTAMP, CURRENT_TIMESTAMP, CURRENT_TIMESTAMP, '0');
INSERT INTO `rolepermission` (`Role_id`, `Permission_id`, `createdby`, `modifiedby`, `createdts`, `lastmodifiedts`, `synctimestamp`, `softdeleteflag`) VALUES ('RID_SUPERADMIN', 'PID66', 'Kony User', 'Kony Dev', CURRENT_TIMESTAMP, CURRENT_TIMESTAMP, CURRENT_TIMESTAMP, '0');
INSERT INTO `rolepermission` (`Role_id`, `Permission_id`, `createdby`, `modifiedby`, `createdts`, `lastmodifiedts`, `synctimestamp`, `softdeleteflag`) VALUES ('RID_SUPERADMIN', 'PID67', 'Kony User', 'Kony Dev', CURRENT_TIMESTAMP, CURRENT_TIMESTAMP, CURRENT_TIMESTAMP, '0');

UPDATE `configurations` SET `config_type`='PREFERENCE', `target`='SERVER' WHERE `configuration_id`='1';
UPDATE `configurations` SET `config_type`='PREFERENCE', `target`='SERVER', `config_value`='6' WHERE `configuration_id`='2';
UPDATE `configurations` SET `config_type`='PREFERENCE', `target`='SERVER' WHERE `configuration_id`='3';
UPDATE `configurations` SET `config_type`='PREFERENCE', `target`='SERVER' WHERE `configuration_id`='4';

UPDATE `membergroup` SET `Name` = 'Administrator' WHERE (`id` = 'GROUP_MICRO_ADMINISTRATOR');
UPDATE `membergroup` SET `Name` = 'Authorizer' WHERE (`id` = 'GROUP_MICRO_AUTHORIZER');
UPDATE `membergroup` SET `Name` = 'Creator' WHERE (`id` = 'GROUP_MICRO_CREATOR');
UPDATE `membergroup` SET `Name` = 'Viewer' WHERE (`id` = 'GROUP_MICRO_VIEWER');

UPDATE `service` SET `Name` = 'Intra Bank Fund Transfer' WHERE (`id` = 'SERVICE_ID_1');
UPDATE `service` SET `Name` = 'Transfer between customer\'s accounts' WHERE (`id` = 'SERVICE_ID_2');

DELETE FROM `groupentitlement` WHERE (`Group_id` = 'GROUP_MICRO_ADMINISTRATOR') and (`Service_id` = 'SERVICE_ID_10');
DELETE FROM `groupentitlement` WHERE (`Group_id` = 'GROUP_MICRO_ADMINISTRATOR') and (`Service_id` = 'SERVICE_ID_11');
DELETE FROM `groupentitlement` WHERE (`Group_id` = 'GROUP_MICRO_ADMINISTRATOR') and (`Service_id` = 'SERVICE_ID_12');
DELETE FROM `groupentitlement` WHERE (`Group_id` = 'GROUP_MICRO_ADMINISTRATOR') and (`Service_id` = 'SERVICE_ID_13');
DELETE FROM `groupentitlement` WHERE (`Group_id` = 'GROUP_MICRO_ADMINISTRATOR') and (`Service_id` = 'SERVICE_ID_14');
DELETE FROM `groupentitlement` WHERE (`Group_id` = 'GROUP_MICRO_ADMINISTRATOR') and (`Service_id` = 'SERVICE_ID_15');
DELETE FROM `groupentitlement` WHERE (`Group_id` = 'GROUP_MICRO_ADMINISTRATOR') and (`Service_id` = 'SERVICE_ID_16');
DELETE FROM `groupentitlement` WHERE (`Group_id` = 'GROUP_MICRO_ADMINISTRATOR') and (`Service_id` = 'SERVICE_ID_19');
DELETE FROM `groupentitlement` WHERE (`Group_id` = 'GROUP_MICRO_ADMINISTRATOR') and (`Service_id` = 'SERVICE_ID_22');
DELETE FROM `groupentitlement` WHERE (`Group_id` = 'GROUP_MICRO_ADMINISTRATOR') and (`Service_id` = 'SERVICE_ID_23');
DELETE FROM `groupentitlement` WHERE (`Group_id` = 'GROUP_MICRO_ADMINISTRATOR') and (`Service_id` = 'SERVICE_ID_26');
DELETE FROM `groupentitlement` WHERE (`Group_id` = 'GROUP_MICRO_ADMINISTRATOR') and (`Service_id` = 'SERVICE_ID_27');
DELETE FROM `groupentitlement` WHERE (`Group_id` = 'GROUP_MICRO_ADMINISTRATOR') and (`Service_id` = 'SERVICE_ID_30');
DELETE FROM `groupentitlement` WHERE (`Group_id` = 'GROUP_MICRO_ADMINISTRATOR') and (`Service_id` = 'SERVICE_ID_31');
DELETE FROM `groupentitlement` WHERE (`Group_id` = 'GROUP_MICRO_ADMINISTRATOR') and (`Service_id` = 'SERVICE_ID_34');
DELETE FROM `groupentitlement` WHERE (`Group_id` = 'GROUP_MICRO_ADMINISTRATOR') and (`Service_id` = 'SERVICE_ID_35');
DELETE FROM `groupentitlement` WHERE (`Group_id` = 'GROUP_MICRO_ADMINISTRATOR') and (`Service_id` = 'SERVICE_ID_38');
DELETE FROM `groupentitlement` WHERE (`Group_id` = 'GROUP_MICRO_ADMINISTRATOR') and (`Service_id` = 'SERVICE_ID_39');
DELETE FROM `groupentitlement` WHERE (`Group_id` = 'GROUP_MICRO_ADMINISTRATOR') and (`Service_id` = 'SERVICE_ID_40');
DELETE FROM `groupentitlement` WHERE (`Group_id` = 'GROUP_MICRO_ADMINISTRATOR') and (`Service_id` = 'SERVICE_ID_41');
DELETE FROM `groupentitlement` WHERE (`Group_id` = 'GROUP_MICRO_ADMINISTRATOR') and (`Service_id` = 'SERVICE_ID_42');
DELETE FROM `groupentitlement` WHERE (`Group_id` = 'GROUP_MICRO_ADMINISTRATOR') and (`Service_id` = 'SERVICE_ID_43');
DELETE FROM `groupentitlement` WHERE (`Group_id` = 'GROUP_MICRO_ADMINISTRATOR') and (`Service_id` = 'SERVICE_ID_44');
DELETE FROM `groupentitlement` WHERE (`Group_id` = 'GROUP_MICRO_ADMINISTRATOR') and (`Service_id` = 'SERVICE_ID_45');
DELETE FROM `groupentitlement` WHERE (`Group_id` = 'GROUP_MICRO_ADMINISTRATOR') and (`Service_id` = 'SERVICE_ID_46');
DELETE FROM `groupentitlement` WHERE (`Group_id` = 'GROUP_MICRO_AUTHORIZER') and (`Service_id` = 'SERVICE_ID_10');
DELETE FROM `groupentitlement` WHERE (`Group_id` = 'GROUP_MICRO_AUTHORIZER') and (`Service_id` = 'SERVICE_ID_11');
DELETE FROM `groupentitlement` WHERE (`Group_id` = 'GROUP_MICRO_AUTHORIZER') and (`Service_id` = 'SERVICE_ID_12');
DELETE FROM `groupentitlement` WHERE (`Group_id` = 'GROUP_MICRO_AUTHORIZER') and (`Service_id` = 'SERVICE_ID_13');
DELETE FROM `groupentitlement` WHERE (`Group_id` = 'GROUP_MICRO_AUTHORIZER') and (`Service_id` = 'SERVICE_ID_14');
DELETE FROM `groupentitlement` WHERE (`Group_id` = 'GROUP_MICRO_AUTHORIZER') and (`Service_id` = 'SERVICE_ID_15');
DELETE FROM `groupentitlement` WHERE (`Group_id` = 'GROUP_MICRO_AUTHORIZER') and (`Service_id` = 'SERVICE_ID_16');
DELETE FROM `groupentitlement` WHERE (`Group_id` = 'GROUP_MICRO_AUTHORIZER') and (`Service_id` = 'SERVICE_ID_19');
DELETE FROM `groupentitlement` WHERE (`Group_id` = 'GROUP_MICRO_AUTHORIZER') and (`Service_id` = 'SERVICE_ID_22');
DELETE FROM `groupentitlement` WHERE (`Group_id` = 'GROUP_MICRO_AUTHORIZER') and (`Service_id` = 'SERVICE_ID_23');
DELETE FROM `groupentitlement` WHERE (`Group_id` = 'GROUP_MICRO_AUTHORIZER') and (`Service_id` = 'SERVICE_ID_26');
DELETE FROM `groupentitlement` WHERE (`Group_id` = 'GROUP_MICRO_AUTHORIZER') and (`Service_id` = 'SERVICE_ID_27');
DELETE FROM `groupentitlement` WHERE (`Group_id` = 'GROUP_MICRO_AUTHORIZER') and (`Service_id` = 'SERVICE_ID_30');
DELETE FROM `groupentitlement` WHERE (`Group_id` = 'GROUP_MICRO_AUTHORIZER') and (`Service_id` = 'SERVICE_ID_31');
DELETE FROM `groupentitlement` WHERE (`Group_id` = 'GROUP_MICRO_AUTHORIZER') and (`Service_id` = 'SERVICE_ID_34');
DELETE FROM `groupentitlement` WHERE (`Group_id` = 'GROUP_MICRO_AUTHORIZER') and (`Service_id` = 'SERVICE_ID_35');
DELETE FROM `groupentitlement` WHERE (`Group_id` = 'GROUP_MICRO_AUTHORIZER') and (`Service_id` = 'SERVICE_ID_38');
DELETE FROM `groupentitlement` WHERE (`Group_id` = 'GROUP_MICRO_AUTHORIZER') and (`Service_id` = 'SERVICE_ID_46');
DELETE FROM `groupentitlement` WHERE (`Group_id` = 'GROUP_MICRO_CREATOR') and (`Service_id` = 'SERVICE_ID_10');
DELETE FROM `groupentitlement` WHERE (`Group_id` = 'GROUP_MICRO_CREATOR') and (`Service_id` = 'SERVICE_ID_11');
DELETE FROM `groupentitlement` WHERE (`Group_id` = 'GROUP_MICRO_CREATOR') and (`Service_id` = 'SERVICE_ID_12');
DELETE FROM `groupentitlement` WHERE (`Group_id` = 'GROUP_MICRO_CREATOR') and (`Service_id` = 'SERVICE_ID_13');
DELETE FROM `groupentitlement` WHERE (`Group_id` = 'GROUP_MICRO_CREATOR') and (`Service_id` = 'SERVICE_ID_14');
DELETE FROM `groupentitlement` WHERE (`Group_id` = 'GROUP_MICRO_CREATOR') and (`Service_id` = 'SERVICE_ID_15');
DELETE FROM `groupentitlement` WHERE (`Group_id` = 'GROUP_MICRO_CREATOR') and (`Service_id` = 'SERVICE_ID_16');
DELETE FROM `groupentitlement` WHERE (`Group_id` = 'GROUP_MICRO_CREATOR') and (`Service_id` = 'SERVICE_ID_19');
DELETE FROM `groupentitlement` WHERE (`Group_id` = 'GROUP_MICRO_CREATOR') and (`Service_id` = 'SERVICE_ID_22');
DELETE FROM `groupentitlement` WHERE (`Group_id` = 'GROUP_MICRO_CREATOR') and (`Service_id` = 'SERVICE_ID_23');
DELETE FROM `groupentitlement` WHERE (`Group_id` = 'GROUP_MICRO_CREATOR') and (`Service_id` = 'SERVICE_ID_26');
DELETE FROM `groupentitlement` WHERE (`Group_id` = 'GROUP_MICRO_CREATOR') and (`Service_id` = 'SERVICE_ID_27');
DELETE FROM `groupentitlement` WHERE (`Group_id` = 'GROUP_MICRO_CREATOR') and (`Service_id` = 'SERVICE_ID_30');
DELETE FROM `groupentitlement` WHERE (`Group_id` = 'GROUP_MICRO_CREATOR') and (`Service_id` = 'SERVICE_ID_31');
DELETE FROM `groupentitlement` WHERE (`Group_id` = 'GROUP_MICRO_CREATOR') and (`Service_id` = 'SERVICE_ID_34');
DELETE FROM `groupentitlement` WHERE (`Group_id` = 'GROUP_MICRO_CREATOR') and (`Service_id` = 'SERVICE_ID_35');
DELETE FROM `groupentitlement` WHERE (`Group_id` = 'GROUP_MICRO_CREATOR') and (`Service_id` = 'SERVICE_ID_38');
DELETE FROM `groupentitlement` WHERE (`Group_id` = 'GROUP_MICRO_CREATOR') and (`Service_id` = 'SERVICE_ID_46');
DELETE FROM `groupentitlement` WHERE (`Group_id` = 'GROUP_MICRO_VIEWER') and (`Service_id` = 'SERVICE_ID_16');
DELETE FROM `groupentitlement` WHERE (`Group_id` = 'GROUP_MICRO_VIEWER') and (`Service_id` = 'SERVICE_ID_23');
DELETE FROM `groupentitlement` WHERE (`Group_id` = 'GROUP_MICRO_VIEWER') and (`Service_id` = 'SERVICE_ID_27');
DELETE FROM `groupentitlement` WHERE (`Group_id` = 'GROUP_MICRO_VIEWER') and (`Service_id` = 'SERVICE_ID_31');
DELETE FROM `groupentitlement` WHERE (`Group_id` = 'GROUP_MICRO_VIEWER') and (`Service_id` = 'SERVICE_ID_35');
DELETE FROM `groupentitlement` WHERE (`Group_id` = 'GROUP_MICRO_VIEWER') and (`Service_id` = 'SERVICE_ID_46');

INSERT INTO `periodiclimit` (`id`, `TransactionLimit_id`, `Period_id`, `Code`, `MaximumLimit`, `Currency`, `createdby`, `modifiedby`) VALUES ('PID_9', 'TID1', 'P1', 'DAILY', '1907', '$', 'Kony User', 'Kony User');
INSERT INTO `groupentitlement` (`Group_id`, `Service_id`, `TransactionFee_id`, `TransactionLimit_id`, `createdby`, `modifiedby`) VALUES ('GROUP_MICRO_ADMINISTRATOR', 'SERVICE_ID_3', 'TID1', 'TID1', 'Kony User', 'Kony User');
INSERT INTO `groupentitlement` (`Group_id`, `Service_id`, `TransactionFee_id`, `TransactionLimit_id`, `createdby`, `modifiedby`) VALUES ('GROUP_MICRO_ADMINISTRATOR', 'SERVICE_ID_4', 'TID1', 'TID1', 'Kony User', 'Kony User');
INSERT INTO `groupentitlement` (`Group_id`, `Service_id`, `TransactionFee_id`, `TransactionLimit_id`, `createdby`, `modifiedby`) VALUES ('GROUP_MICRO_ADMINISTRATOR', 'SERVICE_ID_5', 'TID1', 'TID1', 'Kony User', 'Kony User');
INSERT INTO `groupentitlement` (`Group_id`, `Service_id`, `TransactionFee_id`, `TransactionLimit_id`, `createdby`, `modifiedby`) VALUES ('GROUP_MICRO_ADMINISTRATOR', 'SERVICE_ID_6', 'TID1', 'TID1', 'Kony User', 'Kony User');
INSERT INTO `groupentitlement` (`Group_id`, `Service_id`, `TransactionFee_id`, `TransactionLimit_id`, `createdby`, `modifiedby`) VALUES ('GROUP_MICRO_ADMINISTRATOR', 'SERVICE_ID_7', 'TID1', 'TID1', 'Kony User', 'Kony User');
INSERT INTO `groupentitlement` (`Group_id`, `Service_id`, `TransactionFee_id`, `TransactionLimit_id`, `createdby`, `modifiedby`) VALUES ('GROUP_MICRO_ADMINISTRATOR', 'SERVICE_ID_8', 'TID1', 'TID1', 'Kony User', 'Kony User');
INSERT INTO `groupentitlement` (`Group_id`, `Service_id`, `TransactionFee_id`, `TransactionLimit_id`, `createdby`, `modifiedby`) VALUES ('GROUP_MICRO_CREATOR', 'SERVICE_ID_3', 'TID1', 'TID1', 'Kony User', 'Kony User');
INSERT INTO `groupentitlement` (`Group_id`, `Service_id`, `TransactionFee_id`, `TransactionLimit_id`, `createdby`, `modifiedby`) VALUES ('GROUP_MICRO_CREATOR', 'SERVICE_ID_4', 'TID1', 'TID1', 'Kony User', 'Kony User');
INSERT INTO `groupentitlement` (`Group_id`, `Service_id`, `TransactionFee_id`, `TransactionLimit_id`, `createdby`, `modifiedby`) VALUES ('GROUP_MICRO_CREATOR', 'SERVICE_ID_5', 'TID1', 'TID1', 'Kony User', 'Kony User');
INSERT INTO `groupentitlement` (`Group_id`, `Service_id`, `TransactionFee_id`, `TransactionLimit_id`, `createdby`, `modifiedby`) VALUES ('GROUP_MICRO_CREATOR', 'SERVICE_ID_6', 'TID1', 'TID1', 'Kony User', 'Kony User');
INSERT INTO `groupentitlement` (`Group_id`, `Service_id`, `TransactionFee_id`, `TransactionLimit_id`, `createdby`, `modifiedby`) VALUES ('GROUP_MICRO_CREATOR', 'SERVICE_ID_7', 'TID1', 'TID1', 'Kony User', 'Kony User');
INSERT INTO `groupentitlement` (`Group_id`, `Service_id`, `TransactionFee_id`, `TransactionLimit_id`, `createdby`, `modifiedby`) VALUES ('GROUP_MICRO_CREATOR', 'SERVICE_ID_8', 'TID1', 'TID1', 'Kony User', 'Kony User');
INSERT INTO `groupentitlement` (`Group_id`, `Service_id`) VALUES ('GROUP_MICRO_ADMINISTRATOR', 'SERVICE_ID_39');
INSERT INTO `groupentitlement` (`Group_id`, `Service_id`, `TransactionFee_id`, `TransactionLimit_id`, `createdby`, `modifiedby`, `createdts`, `lastmodifiedts`, `synctimestamp`, `softdeleteflag`) VALUES ('GROUP_MICRO_ADMINISTRATOR', 'SERVICE_ID_1', 'TID1', 'TID1', 'Kony User', 'Kony User', '2019-01-23 12:16:57', '2019-01-23 12:16:57', '2019-01-23 12:16:57', '0');
INSERT INTO `groupentitlement` (`Group_id`, `Service_id`, `TransactionFee_id`, `TransactionLimit_id`, `createdby`, `modifiedby`, `createdts`, `lastmodifiedts`, `synctimestamp`, `softdeleteflag`) VALUES ('GROUP_MICRO_ADMINISTRATOR', 'SERVICE_ID_2', 'TID1', 'TID1', 'Kony User', 'Kony User', '2019-01-23 12:16:57', '2019-01-23 12:16:57', '2019-01-23 12:16:57', '0');
INSERT INTO `groupentitlement` (`Group_id`, `Service_id`, `TransactionFee_id`, `TransactionLimit_id`, `createdby`, `modifiedby`, `createdts`, `lastmodifiedts`, `synctimestamp`, `softdeleteflag`) VALUES ('GROUP_MICRO_CREATOR', 'SERVICE_ID_1', 'TID1', 'TID1', 'Kony User', 'Kony User', '2019-01-23 12:16:57', '2019-01-23 12:16:57', '2019-01-23 12:16:57', '0');
INSERT INTO `groupentitlement` (`Group_id`, `Service_id`, `TransactionFee_id`, `TransactionLimit_id`, `createdby`, `modifiedby`, `createdts`, `lastmodifiedts`, `synctimestamp`, `softdeleteflag`) VALUES ('GROUP_MICRO_CREATOR', 'SERVICE_ID_2', 'TID1', 'TID1', 'Kony User', 'Kony User', '2019-01-23 12:16:57', '2019-01-23 12:16:57', '2019-01-23 12:16:57', '0');

DELETE FROM `membergroup` WHERE (`id` = 'GROUP_MICRO_AUTHORIZER');

DELETE FROM `groupentitlement` WHERE (`Group_id` = 'GROUP_CREATOR') and (`Service_id` = 'SERVICE_ID_60');
DELETE FROM `groupentitlement` WHERE (`Group_id` = 'GROUP_CREATOR') and (`Service_id` = 'SERVICE_ID_64');
DELETE FROM `groupentitlement` WHERE (`Group_id` = 'GROUP_CREATOR') and (`Service_id` = 'SERVICE_ID_18');
DELETE FROM `groupentitlement` WHERE (`Group_id` = 'GROUP_CREATOR') and (`Service_id` = 'SERVICE_ID_21');
DELETE FROM `groupentitlement` WHERE (`Group_id` = 'GROUP_CREATOR') and (`Service_id` = 'SERVICE_ID_25');
DELETE FROM `groupentitlement` WHERE (`Group_id` = 'GROUP_CREATOR') and (`Service_id` = 'SERVICE_ID_29');
DELETE FROM `groupentitlement` WHERE (`Group_id` = 'GROUP_CREATOR') and (`Service_id` = 'SERVICE_ID_33');
DELETE FROM `groupentitlement` WHERE (`Group_id` = 'GROUP_CREATOR') and (`Service_id` = 'SERVICE_ID_37');
DELETE FROM `groupentitlement` WHERE (`Group_id` = 'GROUP_CREATOR') and (`Service_id` = 'SERVICE_ID_51');
DELETE FROM `groupentitlement` WHERE (`Group_id` = 'GROUP_CREATOR') and (`Service_id` = 'SERVICE_ID_48');
DELETE FROM `groupentitlement` WHERE (`Group_id` = 'GROUP_CREATOR') and (`Service_id` = 'SERVICE_ID_55');
DELETE FROM `groupentitlement` WHERE (`Group_id` = 'GROUP_CREATOR') and (`Service_id` = 'SERVICE_ID_61');
DELETE FROM `groupentitlement` WHERE (`Group_id` = 'GROUP_CREATOR') and (`Service_id` = 'SERVICE_ID_65');

UPDATE `membergroup` SET `isEAgreementActive` = '0' WHERE (`id` = 'GROUP_ADMINISTRATOR');
UPDATE `membergroup` SET `isEAgreementActive` = '0' WHERE (`id` = 'GROUP_CREATOR');
UPDATE `membergroup` SET `isEAgreementActive` = '0' WHERE (`id` = 'GROUP_AUTHORIZER');
UPDATE `membergroup` SET `isEAgreementActive` = '0' WHERE (`id` = 'GROUP_VIEWER');

DELETE FROM `userrole` where `User_id` = 'UID11';
DELETE FROM `userpermission` where `User_id` = 'UID11';
UPDATE `applicantnote` SET `createdby`='UID10' where `createdby` = 'UID11' ;
UPDATE `archivedcustomerrequest` SET `AssignedTo`='UID10' where `AssignedTo`='UID11';
UPDATE `csrassistgrant` SET `userId` ='UID10' where `userId` ='UID11';
UPDATE `customernote` SET `createdby` ='UID10' where `createdby` ='UID11';
UPDATE `customerrequest` SET `AssignedTo` ='UID10' where `AssignedTo` ='UID11';
UPDATE `useraddress` SET `User_id` ='UID10' where `User_id`='UID11';
UPDATE `usercompositepermission` SET `User_id` ='UID10' where `User_id`='UID11';
DELETE FROM `systemuser` where `id` ='UID11';
UPDATE `systemuser` set `FirstName` = 'C360 Administrator',`MiddleName`='K', `LastName` = 'Kony', `Email`='c360admin@kony.com' where `id` = 'UID10';

INSERT IGNORE INTO `groupentitlement` (`Group_id`, `Service_id`, `TransactionFee_id`, `TransactionLimit_id`, `createdby`, `createdts`, `lastmodifiedts`, `synctimestamp`, `softdeleteflag`) VALUES ('GROUP_MICRO_ADMINISTRATOR', 'SERVICE_ID_39', NULL, NULL, 'UID10', CURRENT_TIMESTAMP, CURRENT_TIMESTAMP, CURRENT_TIMESTAMP, '0');

INSERT INTO `customergroup` (`Customer_id`, `Group_id`, `createdts`, `lastmodifiedts`, `synctimestamp`, `softdeleteflag`) VALUES ('3', 'DEFAULT_EUROPE_GROUP', CURRENT_TIMESTAMP, CURRENT_TIMESTAMP, CURRENT_TIMESTAMP, '0');
INSERT INTO `customergroup` (`Customer_id`, `Group_id`, `createdts`, `lastmodifiedts`, `synctimestamp`, `softdeleteflag`) VALUES ('4', 'DEFAULT_EUROPE_GROUP', CURRENT_TIMESTAMP, CURRENT_TIMESTAMP, CURRENT_TIMESTAMP, '0');

INSERT INTO `customergroup` (`Customer_id`, `Group_id`, `createdts`, `lastmodifiedts`, `synctimestamp`, `softdeleteflag`) VALUES ('11', 'GROUP_ADMINISTRATOR', '2019-02-06 19:53:59', '2019-02-06 19:53:59', '2019-02-06 19:53:59', '0');
INSERT INTO `customergroup` (`Customer_id`, `Group_id`, `createdts`, `lastmodifiedts`, `synctimestamp`, `softdeleteflag`) VALUES ('12', 'GROUP_MICRO_ADMINISTRATOR', '2019-02-06 19:53:59', '2019-02-06 19:53:59', '2019-02-06 19:53:59', '0');

INSERT INTO `bbcustomerservicelimit` (`id`, `Customer_id`, `Service_id`, `MaxTransactionLimit`, `MaxDailyLimit`, `createdby`, `createdts`, `lastmodifiedts`, `synctimestamp`, `softdeleteflag`) VALUES ('1', '11', 'SERVICE_ID_10', '1000.00', '10000.00', 'ADMIN_CONSOLE_API_USER', CURRENT_TIMESTAMP, CURRENT_TIMESTAMP, CURRENT_TIMESTAMP, '0');
INSERT INTO `bbcustomerservicelimit` (`id`, `Customer_id`, `Service_id`, `MaxTransactionLimit`, `MaxDailyLimit`, `createdby`, `createdts`, `lastmodifiedts`, `synctimestamp`, `softdeleteflag`) VALUES ('2', '11', 'SERVICE_ID_58', '200.00', '25000.00', 'ADMIN_CONSOLE_API_USER', CURRENT_TIMESTAMP, CURRENT_TIMESTAMP, CURRENT_TIMESTAMP, '0');
INSERT INTO `bbcustomerservicelimit` (`id`, `Customer_id`, `Service_id`, `MaxTransactionLimit`, `MaxDailyLimit`, `createdby`, `createdts`, `lastmodifiedts`, `synctimestamp`, `softdeleteflag`) VALUES ('3', '11', 'SERVICE_ID_12', '300.00', '35000.00', 'ADMIN_CONSOLE_API_USER', CURRENT_TIMESTAMP, CURRENT_TIMESTAMP, CURRENT_TIMESTAMP, '0');
INSERT INTO `bbcustomerservicelimit` (`id`, `Customer_id`, `Service_id`, `MaxTransactionLimit`, `MaxDailyLimit`, `createdby`, `createdts`, `lastmodifiedts`, `synctimestamp`, `softdeleteflag`) VALUES ('4', '11', 'SERVICE_ID_13', '400.00', '45000.00', 'ADMIN_CONSOLE_API_USER', CURRENT_TIMESTAMP, CURRENT_TIMESTAMP, CURRENT_TIMESTAMP, '0');
INSERT INTO `bbcustomerservicelimit` (`id`, `Customer_id`, `Service_id`, `MaxTransactionLimit`, `MaxDailyLimit`, `createdby`, `createdts`, `lastmodifiedts`, `synctimestamp`, `softdeleteflag`) VALUES ('5', '11', 'SERVICE_ID_14', '500.00', '55000.00', 'ADMIN_CONSOLE_API_USER', CURRENT_TIMESTAMP, CURRENT_TIMESTAMP, CURRENT_TIMESTAMP, '0');
INSERT INTO `bbcustomerservicelimit` (`id`, `Customer_id`, `Service_id`, `MaxTransactionLimit`, `MaxDailyLimit`, `createdby`, `createdts`, `lastmodifiedts`, `synctimestamp`, `softdeleteflag`) VALUES ('6', '11', 'SERVICE_ID_15', '600.00', '76300.00', 'ADMIN_CONSOLE_API_USER', CURRENT_TIMESTAMP, CURRENT_TIMESTAMP, CURRENT_TIMESTAMP, '0');

UPDATE `customer` SET `Password` = '$2a$11$zf5JKbRq6bEjT/M0AqKAnOChHbfxTj1LHXK6jig9a1hc7t1ze.4jm' WHERE (`id` = '3');
UPDATE `customer` SET `Password` = '$2a$11$zf5JKbRq6bEjT/M0AqKAnOChHbfxTj1LHXK6jig9a1hc7t1ze.4jm' WHERE (`id` = '4');

UPDATE `membergroup` SET `isEAgreementActive` = '0' WHERE (`id` = 'GROUP_MICRO_VIEWER');

INSERT INTO `address` (`id`, `Region_id`, `City_id`, `addressLine1`, `addressLine2`, `zipCode`, `latitude`, `logitude`, `createdby`, `modifiedby`, `createdts`, `lastmodifiedts`, `synctimestamp`, `softdeleteflag`) VALUES ('ADDR10', 'R57', 'CITY1318', 'Ap #867-859 ', 'Sit Rd.', 'CF243DG', '40.7128', '74.0060', 'Kony User', 'Kony Dev', CURRENT_TIMESTAMP, CURRENT_TIMESTAMP, CURRENT_TIMESTAMP, '0');
INSERT INTO `address` (`id`, `Region_id`, `City_id`, `addressLine1`, `addressLine2`, `zipCode`, `latitude`, `logitude`, `createdby`, `modifiedby`, `createdts`, `lastmodifiedts`, `synctimestamp`, `softdeleteflag`) VALUES ('ADDR11', 'R52', 'CITY1289', 'P.O. Box 283 8562', 'Fusce Rd.', '20620', '40.7128', '74.0060', 'Kony User', 'Kony Dev', CURRENT_TIMESTAMP, CURRENT_TIMESTAMP, CURRENT_TIMESTAMP, '0');
INSERT INTO `address` (`id`, `Region_id`, `City_id`, `addressLine1`, `addressLine2`, `zipCode`, `latitude`, `logitude`, `createdby`, `modifiedby`, `createdts`, `lastmodifiedts`, `synctimestamp`, `softdeleteflag`) VALUES ('ADDR12', 'R52', 'CITY1289', 'Nassau Educators FCU 264 E Merrick Rd', 'WINTHROP HOSPITAL EFCU 194 First St', '20620', '40.7128', '74.0060', 'Kony User', 'Kony Dev', CURRENT_TIMESTAMP, CURRENT_TIMESTAMP, CURRENT_TIMESTAMP, '0');
INSERT INTO `address` (`id`, `Region_id`, `City_id`, `addressLine1`, `addressLine2`, `zipCode`, `latitude`, `logitude`, `createdby`, `modifiedby`, `createdts`, `lastmodifiedts`, `synctimestamp`, `softdeleteflag`) VALUES ('ADDR13', 'R2', 'CITY1002', 'NY TEAM FCU 77 W 66th St', 'UNIVERSITY FCU 1118 PALM VALLEY RD', '20620', '40.7128', '74.0060', 'Kony User', 'Kony Dev', CURRENT_TIMESTAMP, CURRENT_TIMESTAMP, CURRENT_TIMESTAMP, '0');
INSERT INTO `address` (`id`, `Region_id`, `City_id`, `addressLine1`, `addressLine2`, `zipCode`, `latitude`, `logitude`, `createdby`, `modifiedby`, `createdts`, `lastmodifiedts`, `synctimestamp`, `softdeleteflag`) VALUES ('ADDR14', 'R2', 'CITY1002', 'NY TEAM FCU 77 W 67th St', 'Sit Rd.', '20620', '40.7128', '74.0060', 'Kony User', 'Kony Dev', CURRENT_TIMESTAMP, CURRENT_TIMESTAMP, CURRENT_TIMESTAMP, '0');
INSERT INTO `address` (`id`, `Region_id`, `City_id`, `addressLine1`, `addressLine2`, `zipCode`, `latitude`, `logitude`, `createdby`, `modifiedby`, `createdts`, `lastmodifiedts`, `synctimestamp`, `softdeleteflag`) VALUES ('ADDR15', 'R2', 'CITY1002', 'Nassau Educators FCU 556 Merrick Rd', 'Ap #651-8679 Sodales Av.', '20620', '40.7128', '74.0060', 'Kony User', 'Kony Dev', CURRENT_TIMESTAMP, CURRENT_TIMESTAMP, CURRENT_TIMESTAMP, '0');
INSERT INTO `address` (`id`, `Region_id`, `City_id`, `addressLine1`, `addressLine2`, `zipCode`, `latitude`, `logitude`, `createdby`, `modifiedby`, `createdts`, `lastmodifiedts`, `synctimestamp`, `softdeleteflag`) VALUES ('ADDR16', 'R2', 'CITY1002', 'Randolph-Brooks FCU 19001 Limestone Commercial Dr', 'Sit Rd.', '20620', '40.7128', '74.0060', 'Kony User', 'Kony Dev', CURRENT_TIMESTAMP, CURRENT_TIMESTAMP, CURRENT_TIMESTAMP, '0');
INSERT INTO `address` (`id`, `Region_id`, `City_id`, `addressLine1`, `addressLine2`, `zipCode`, `latitude`, `logitude`, `createdby`, `modifiedby`, `createdts`, `lastmodifiedts`, `synctimestamp`, `softdeleteflag`) VALUES ('ADDR17', 'R2', 'CITY1002', '606-3727 Ullamcorper.', 'Street Roseville', '20620', '40.7128', '74.0060', 'Kony User', 'Kony Dev', CURRENT_TIMESTAMP, CURRENT_TIMESTAMP, CURRENT_TIMESTAMP, '0');
INSERT INTO `address` (`id`, `Region_id`, `City_id`, `addressLine1`, `addressLine2`, `zipCode`, `latitude`, `logitude`, `createdby`, `modifiedby`, `createdts`, `lastmodifiedts`, `synctimestamp`, `softdeleteflag`) VALUES ('ADDR18', 'R2', 'CITY1002', '606-3727 Ullamcorper.', 'Street Roseville', '20620', '40.7128', '74.0060', 'Kony User', 'Kony Dev', CURRENT_TIMESTAMP, CURRENT_TIMESTAMP, CURRENT_TIMESTAMP, '0');
INSERT INTO `address` (`id`, `Region_id`, `City_id`, `addressLine1`, `addressLine2`, `zipCode`, `latitude`, `logitude`, `createdby`, `modifiedby`, `createdts`, `lastmodifiedts`, `synctimestamp`, `softdeleteflag`) VALUES ('ADDR9', 'R2', 'CITY1002', '606-3727 Ullamcorper.', 'Street Roseville', '20620', '40.7128', '74.0060', 'Kony User', 'Kony Dev', CURRENT_TIMESTAMP, CURRENT_TIMESTAMP, CURRENT_TIMESTAMP, '0');

INSERT  INTO `bankfortransfer` (`id`, `Code`, `Name`, `Description`, `Logo`, `Url`, `GLAccount`, `Address_id`, `Status_id`, `createdby`, `modifiedby`, `createdts`, `lastmodifiedts`, `synctimestamp`, `softdeleteflag`) VALUES ('BTID1','BTCode','Ace Bank','Ace Bank','...','BTUrl','13486902','ADDR9','SID_ACTIVE','Kony Dev','Kony User',CURRENT_TIMESTAMP,CURRENT_TIMESTAMP,CURRENT_TIMESTAMP,0),('BTID2','BTCode','Acme Bank','Acme Bank','','','13486902','ADDR10','SID_ACTIVE','Kony Dev','Kony User',CURRENT_TIMESTAMP,CURRENT_TIMESTAMP,CURRENT_TIMESTAMP,0),('BTID3','BTCode','Millennial Bank','Millennial Bank','','','13486902','ADDR11','SID_ACTIVE','Kony Dev','Kony User',CURRENT_TIMESTAMP,CURRENT_TIMESTAMP,CURRENT_TIMESTAMP,0),('BTID4','BTCode','Growth Plus Credit Union','Growth Plus Credit Union','','','13486902','ADDR12','SID_ACTIVE','Kony Dev','Kony User',CURRENT_TIMESTAMP,CURRENT_TIMESTAMP,CURRENT_TIMESTAMP,0),('BTID5','BTCode','Universal Bank','Universal Bank','','','13486902','ADDR13','SID_ACTIVE','Kony Dev','Kony User',CURRENT_TIMESTAMP,CURRENT_TIMESTAMP,CURRENT_TIMESTAMP,0),('BTID6','BTCode','Money Grow Bank','Money Grow Bank','','','13486902','ADDR14','SID_ACTIVE','Kony Dev','Kony User',CURRENT_TIMESTAMP,CURRENT_TIMESTAMP,CURRENT_TIMESTAMP,0),('BTID7','BTCode','AmBank','AmBank','','','13486902','ADDR15','SID_ACTIVE','Kony Dev','Kony User',CURRENT_TIMESTAMP,CURRENT_TIMESTAMP,CURRENT_TIMESTAMP,0),('BTID8','BTCode','InvestPro Bank','InvestPro Bank','','','13486902','ADDR17','SID_ACTIVE','Kony Dev','Kony User',CURRENT_TIMESTAMP,CURRENT_TIMESTAMP,CURRENT_TIMESTAMP,0),('BTID9','BTCode','Citywide Credit Union','Citywide Credit Union','','','13486902','ADDR18','SID_ACTIVE','Kony Dev','Kony User',CURRENT_TIMESTAMP,CURRENT_TIMESTAMP,CURRENT_TIMESTAMP,0);
INSERT  INTO `bankservice` (`id`, `BankForTransfer_id`, `Service_id`, `RoutingNumber`, `RoutingCode`, `createdby`, `modifiedby`, `createdts`, `lastmodifiedts`, `synctimestamp`, `softdeleteflag`) VALUES ('BANK_SERVICE_1','BTID1','SERVICE_ID_3','123456789','ACEB12345678','Kony Dev','Kony User',CURRENT_TIMESTAMP,CURRENT_TIMESTAMP,CURRENT_TIMESTAMP,0),('BANK_SERVICE_10','BTID3','SERVICE_ID_4','987654321','MILL123456789','Kony Dev','Kony User',CURRENT_TIMESTAMP,CURRENT_TIMESTAMP,CURRENT_TIMESTAMP,0),('BANK_SERVICE_11','BTID3','SERVICE_ID_5','987654321','MILL123456789','Kony Dev','Kony User',CURRENT_TIMESTAMP,CURRENT_TIMESTAMP,CURRENT_TIMESTAMP,0),('BANK_SERVICE_12','BTID3','SERVICE_ID_6','987654321','MILL123456789','Kony Dev','Kony User',CURRENT_TIMESTAMP,CURRENT_TIMESTAMP,CURRENT_TIMESTAMP,0),('BANK_SERVICE_13','BTID4','SERVICE_ID_3','647382910','GPCU12345678','Kony Dev','Kony User',CURRENT_TIMESTAMP,CURRENT_TIMESTAMP,CURRENT_TIMESTAMP,0),('BANK_SERVICE_14','BTID4','SERVICE_ID_4','647382910','GPCU12345678','Kony Dev','Kony User',CURRENT_TIMESTAMP,CURRENT_TIMESTAMP,CURRENT_TIMESTAMP,0),('BANK_SERVICE_15','BTID4','SERVICE_ID_5','647382910','GPCU12345678','Kony Dev','Kony User',CURRENT_TIMESTAMP,CURRENT_TIMESTAMP,CURRENT_TIMESTAMP,0),('BANK_SERVICE_16','BTID4','SERVICE_ID_6','647382910','GPCU12345678','Kony Dev','Kony User',CURRENT_TIMESTAMP,CURRENT_TIMESTAMP,CURRENT_TIMESTAMP,0),('BANK_SERVICE_17','BTID5','SERVICE_ID_3','1122334455','UNBK12345678','Kony Dev','Kony User',CURRENT_TIMESTAMP,CURRENT_TIMESTAMP,CURRENT_TIMESTAMP,0),('BANK_SERVICE_18','BTID5','SERVICE_ID_4','1122334455','UNBK12345678','Kony Dev','Kony User',CURRENT_TIMESTAMP,CURRENT_TIMESTAMP,CURRENT_TIMESTAMP,0),('BANK_SERVICE_19','BTID5','SERVICE_ID_5','1122334455','UNBK12345678','Kony Dev','Kony User',CURRENT_TIMESTAMP,CURRENT_TIMESTAMP,CURRENT_TIMESTAMP,0),('BANK_SERVICE_2','BTID1','SERVICE_ID_4','123456789','ACEB12345678','Kony Dev','Kony User',CURRENT_TIMESTAMP,CURRENT_TIMESTAMP,CURRENT_TIMESTAMP,0),('BANK_SERVICE_20','BTID5','SERVICE_ID_6','1122334455','UNBK12345678','Kony Dev','Kony User',CURRENT_TIMESTAMP,CURRENT_TIMESTAMP,CURRENT_TIMESTAMP,0),('BANK_SERVICE_21','BTID6','SERVICE_ID_3','1122334455','MNGB12345678','Kony Dev','Kony User',CURRENT_TIMESTAMP,CURRENT_TIMESTAMP,CURRENT_TIMESTAMP,0),('BANK_SERVICE_22','BTID6','SERVICE_ID_4','1122334455','MNGB12345678','Kony Dev','Kony User',CURRENT_TIMESTAMP,CURRENT_TIMESTAMP,CURRENT_TIMESTAMP,0),('BANK_SERVICE_23','BTID6','SERVICE_ID_5','1122334455','MNGB12345678','Kony Dev','Kony User',CURRENT_TIMESTAMP,CURRENT_TIMESTAMP,CURRENT_TIMESTAMP,0),('BANK_SERVICE_24','BTID6','SERVICE_ID_6','1122334455','AMBK12345678','Kony Dev','Kony User',CURRENT_TIMESTAMP,CURRENT_TIMESTAMP,CURRENT_TIMESTAMP,0),('BANK_SERVICE_25','BTID7','SERVICE_ID_3','24681012','AMBK12345678','Kony Dev','Kony User',CURRENT_TIMESTAMP,CURRENT_TIMESTAMP,CURRENT_TIMESTAMP,0),('BANK_SERVICE_26','BTID7','SERVICE_ID_4','24681012','AMBK12345678','Kony Dev','Kony User',CURRENT_TIMESTAMP,CURRENT_TIMESTAMP,CURRENT_TIMESTAMP,0),('BANK_SERVICE_27','BTID7','SERVICE_ID_5','24681012','AMBK12345678','Kony Dev','Kony User',CURRENT_TIMESTAMP,CURRENT_TIMESTAMP,CURRENT_TIMESTAMP,0),('BANK_SERVICE_28','BTID7','SERVICE_ID_6','24681012','AMBK12345678','Kony Dev','Kony User',CURRENT_TIMESTAMP,CURRENT_TIMESTAMP,CURRENT_TIMESTAMP,0),('BANK_SERVICE_29','BTID8','SERVICE_ID_3','1234567890','INPB12345678','Kony Dev','Kony User',CURRENT_TIMESTAMP,CURRENT_TIMESTAMP,CURRENT_TIMESTAMP,0),('BANK_SERVICE_3','BTID1','SERVICE_ID_5','123456789','ACEB12345678','Kony Dev','Kony User',CURRENT_TIMESTAMP,CURRENT_TIMESTAMP,CURRENT_TIMESTAMP,0),('BANK_SERVICE_30','BTID8','SERVICE_ID_4','1234567890','INPB12345678','Kony Dev','Kony User',CURRENT_TIMESTAMP,CURRENT_TIMESTAMP,CURRENT_TIMESTAMP,0),('BANK_SERVICE_31','BTID8','SERVICE_ID_5','1234567890','INPB12345678','Kony Dev','Kony User',CURRENT_TIMESTAMP,CURRENT_TIMESTAMP,CURRENT_TIMESTAMP,0),('BANK_SERVICE_32','BTID8','SERVICE_ID_6','1234567890','INPB12345678','Kony Dev','Kony User',CURRENT_TIMESTAMP,CURRENT_TIMESTAMP,CURRENT_TIMESTAMP,0),('BANK_SERVICE_33','BTID9','SERVICE_ID_3','1133557799','CWCU12345678','Kony Dev','Kony User',CURRENT_TIMESTAMP,CURRENT_TIMESTAMP,CURRENT_TIMESTAMP,0),('BANK_SERVICE_34','BTID9','SERVICE_ID_4','1133557799','CWCU12345678','Kony Dev','Kony User',CURRENT_TIMESTAMP,CURRENT_TIMESTAMP,CURRENT_TIMESTAMP,0),('BANK_SERVICE_35','BTID9','SERVICE_ID_5','1133557799','CWCU12345678','Kony Dev','Kony User',CURRENT_TIMESTAMP,CURRENT_TIMESTAMP,CURRENT_TIMESTAMP,0),('BANK_SERVICE_36','BTID9','SERVICE_ID_6','1133557799','CWCU12345678','Kony Dev','Kony User',CURRENT_TIMESTAMP,CURRENT_TIMESTAMP,CURRENT_TIMESTAMP,0),('BANK_SERVICE_4','BTID1','SERVICE_ID_6','123456789','ACEB12345678','Kony Dev','Kony User',CURRENT_TIMESTAMP,CURRENT_TIMESTAMP,CURRENT_TIMESTAMP,0),('BANK_SERVICE_5','BTID2','SERVICE_ID_3','234567890','ACME1234567','Kony Dev','Kony User',CURRENT_TIMESTAMP,CURRENT_TIMESTAMP,CURRENT_TIMESTAMP,0),('BANK_SERVICE_6','BTID2','SERVICE_ID_4','234567890','ACME1234567','Kony Dev','Kony User',CURRENT_TIMESTAMP,CURRENT_TIMESTAMP,CURRENT_TIMESTAMP,0),('BANK_SERVICE_7','BTID2','SERVICE_ID_5','234567890','ACME1234567','Kony Dev','Kony User',CURRENT_TIMESTAMP,CURRENT_TIMESTAMP,CURRENT_TIMESTAMP,0),('BANK_SERVICE_8','BTID2','SERVICE_ID_6','234567890','ACME1234567','Kony Dev','Kony User',CURRENT_TIMESTAMP,CURRENT_TIMESTAMP,CURRENT_TIMESTAMP,0),('BANK_SERVICE_9','BTID3','SERVICE_ID_3','987654321','MILL123456789','Kony Dev','Kony User',CURRENT_TIMESTAMP,CURRENT_TIMESTAMP,CURRENT_TIMESTAMP,0);

