Id|FirstName|MiddleName|LastName|Username|Password|Salutation|Gender|DateOfBirth|Status|Ssn|MaritalStatus|SpouseName|EmployementStatus|IsOlbAllowed|IsEnrolledForOlb|IsStaffMember|LocationCode|PreferredContactMethod|PreferredContactTime|IsAssistConsented|Createdtimestamp|Risks|PrimaryRegion|PrimaryCity|PrimaryAddressline1|PrimaryAddressline2|PrimaryAddressline3|PrimaryZipCode|PrimaryAddressType|SecondaryRegion|SecondaryCity|SecondaryAddressline1|SecondaryAddressline2|SecondaryAddressline3|SecondaryZipCode|SecondaryAddressType|TertiaryRegion|TertiaryCity|TertiaryAddressline1|TertiaryAddressline2|TertiaryAddressline3|TertiaryZipCode|TertiaryAddressType|PrimaryEmail|PrimaryEmailLocType|SecondaryEmail|SecondaryEmailLocType|TeritaryEmail|TeritaryEmailLocType|PrimaryPhone|PrimaryPhoneLocType|SecondaryPhone|SecondaryPhoneLocType|TeritaryPhone|TeritaryPhoneLocType|Group
91|John|Bailey|Lenna|konyolbuser|kony1234|Mr.|Male|1528973335|Customer Active|122432212|Single||Employed|0|0|0|007|Call|Morning, Afternoon|1|1321949442|Defaulter |Nebraska|Lincoln|P.O. Box 283 8562| Fusce Rd.| NULL|20620|Home|Nebraska|Lincoln|P.O. Box 283 8562| Fusce Rd.| NULL|20620|Home|Nebraska|Lincoln|P.O. Box 283 8562| Fusce Rd.| NULL|20620|Home|donette1@gmail1.com|Personal|donette1@gmail1.com|Personal|donette1@gmail1.com|Personal|1234567891|Home|1234567891|Home|1234567891|Home|Digital Banking Customers ,Freedom Credit Card Customers
910|Paulette|H|Higgins|Higgins@1234|kony1234|Mr.|Male|1528973335|Customer Active|122432212|Single||Employed|0|0|0|007|CALL|Morning, Afternoon|1|1321949442||Nebraska|Lincoln|P.O. Box 283 8562| Fusce Rd.| NULL|20620|Home|Nebraska|Lincoln|P.O. Box 283 8562| Fusce Rd.| NULL|20620|Home|Nebraska|Lincoln|P.O. Box 283 8562| Fusce Rd.| NULL|20620|Home|donette@gmail.com|Personal|donette@gmail.com|Personal|donette@gmail.com|Personal|1234567900|Home|1234567900|Home|1234567900|Home|
9100|Jody|U|Underwood|konyrbdev|kony1234|Mr.|Male|1528973335|Customer Active|122432212|Single||Employed|0|0|0|007|Call|Morning, Afternoon|0|1416624042||Nebraska|Lincoln|P.O. Box 283 8562| Fusce Rd.| NULL|20620|Home|Nebraska|Lincoln|P.O. Box 283 8562| Fusce Rd.| NULL|20620|Home|Nebraska|Lincoln|P.O. Box 283 8562| Fusce Rd.| NULL|20620|Home|donette@gmail.com|Personal|donette@gmail.com|Personal|donette@gmail.com|Personal|1234567990|Home|1234567990|Home|1234567990|Home|
9101|Bernadette|W|Walker|Walker@123|kony1234|Mr.|Male|1528973335|Customer Active|122432212|Single||Employed|0|0|0|007|Call|Morning, Afternoon|1|1416624042||Nebraska|Lincoln|P.O. Box 283 8562| Fusce Rd.| NULL|20620|Home|Nebraska|Lincoln|P.O. Box 283 8562| Fusce Rd.| NULL|20620|Home|Nebraska|Lincoln|P.O. Box 283 8562| Fusce Rd.| NULL|20620|Home|Morasca@gmail.com|Personal|Morasca@gmail.com|Personal|Morasca@gmail.com|Personal|1234567991|Home|1234567991|Home|1234567991|Home|
9102|John|H|Bailey|john.bailey|kony1234|Mr.|Male|1528973335|Customer Active|122432212|Single||Employed|0|0|0|007|Call|Morning, Afternoon|1|1416624042||Nebraska|Lincoln|P.O. Box 283 8562| Fusce Rd.| NULL|20620|Home|Nebraska|Lincoln|P.O. Box 283 8562| Fusce Rd.| NULL|20620|Home|Nebraska|Lincoln|P.O. Box 283 8562| Fusce Rd.| NULL|20620|Home|Leota@gmail.com|Personal|Leota@gmail.com|Personal|Leota@gmail.com|Personal|1234567992|Home|1234567992|Home|1234567992|Home|Digital Banking Customers ,Freedom Credit Card Customers
9103|John|M|Doe|john.doe|kony1234|Mr.|Male|1528973335|Customer Active|122432212|Single||Employed|0|0|0|007|Call|Morning, Afternoon|1|1416624042||Nebraska|Lincoln|P.O. Box 283 8562| Fusce Rd.| NULL|20620|Home|Nebraska|Lincoln|P.O. Box 283 8562| Fusce Rd.| NULL|20620|Home|Nebraska|Lincoln|P.O. Box 283 8562| Fusce Rd.| NULL|20620|Home|Abel@gmail.com|Personal|Abel@gmail.com|Personal|Abel@gmail.com|Personal|1234567993|Home|1234567993|Home|1234567993|Home|
9104|Jane|G|Doe|jane.doe|kony1234|Mr.|Male|1528973335|Customer Active|122432212|Single||Employed|0|0|0|007|Call|Morning, Afternoon|1|1416624042||Nebraska|Lincoln|P.O. Box 283 8562| Fusce Rd.| NULL|20620|Home|Nebraska|Lincoln|P.O. Box 283 8562| Fusce Rd.| NULL|20620|Home|Nebraska|Lincoln|P.O. Box 283 8562| Fusce Rd.| NULL|20620|Home|Graciela@gmail.com|Personal|Graciela@gmail.com|Personal|Graciela@gmail.com|Personal|1234567994|Home|1234567994|Home|1234567994|Home|
9105|Adam|W|West|West@123|kony1234|Mr.|Male|1528973335|Customer Active|122432212|Single||Employed|0|0|0|007|Call|Morning, Afternoon|1|1416624042||Nebraska|Lincoln|P.O. Box 283 8562| Fusce Rd.| NULL|20620|Home|Nebraska|Lincoln|P.O. Box 283 8562| Fusce Rd.| NULL|20620|Home|Nebraska|Lincoln|P.O. Box 283 8562| Fusce Rd.| NULL|20620|Home|Mattie@gmail.com|Personal|Mattie@gmail.com|Personal|Mattie@gmail.com|Personal|1234567995|Home|1234567995|Home|1234567995|Home|
9106|Moses|S|Simmons|Simmons@123|kony1234|Mr.|Male|1528973335|Customer Active|122432212|Single||Employed|0|0|0|007|Call|Morning, Afternoon|1|1416624042||Nebraska|Lincoln|P.O. Box 283 8562| Fusce Rd.| NULL|20620|Home|Nebraska|Lincoln|P.O. Box 283 8562| Fusce Rd.| NULL|20620|Home|Nebraska|Lincoln|P.O. Box 283 8562| Fusce Rd.| NULL|20620|Home|Rim@gmail.com|Personal|Rim@gmail.com|Personal|Rim@gmail.com|Personal|1234567996|Home|1234567996|Home|1234567996|Home|
9107|Ella|C|Carroll|Carroll@123|kony1234|Mr.|Male|1528973335|Customer Active|122432212|Single||Employed|0|0|0|007|Call|Morning, Afternoon|1|1416624042||Nebraska|Lincoln|P.O. Box 283 8562| Fusce Rd.| NULL|20620|Home|Nebraska|Lincoln|P.O. Box 283 8562| Fusce Rd.| NULL|20620|Home|Nebraska|Lincoln|P.O. Box 283 8562| Fusce Rd.| NULL|20620|Home|Veronika@gmail.com|Personal|Veronika@gmail.com|Personal|Veronika@gmail.com|Personal|1234567997|Home|1234567997|Home|1234567997|Home|
