-- Restoring Business Banking entries which are deleted as part of R4.2.5

INSERT INTO `app` (`id`, `Name`, `Description`, `Status_id`, `createdby`, `modifiedby`, `createdts`, `lastmodifiedts`, `synctimestamp`, `softdeleteflag`) VALUES ('BUSINESS_BANKING', 'Business Banking', 'Business Banking', 'SID_ACTIVE', NULL, NULL, CURRENT_TIMESTAMP, CURRENT_TIMESTAMP, CURRENT_TIMESTAMP, '0');

INSERT INTO `appversion` (`id`, `version`, `versionType`, `isSupported`, `app`, `channel`, `createdby`, `modifiedby`, `createdts`, `lastmodifiedts`, `synctimestamp`, `softdeleteflag`) VALUES ('573548251', '4.2', 'MAJOR', '1', 'BUSINESS_BANKING', 'DESKTOP_WEB', NULL, NULL, CURRENT_TIMESTAMP, CURRENT_TIMESTAMP, CURRENT_TIMESTAMP, '0');
INSERT INTO `appversion` (`id`, `version`, `versionType`, `isSupported`, `app`, `channel`, `createdby`, `modifiedby`, `createdts`, `lastmodifiedts`, `synctimestamp`, `softdeleteflag`) VALUES ('573548257', '4.2.1', 'MAJOR', '1', 'BUSINESS_BANKING', 'DESKTOP_WEB', NULL, NULL, CURRENT_TIMESTAMP, CURRENT_TIMESTAMP, CURRENT_TIMESTAMP, '0');
INSERT INTO `appversion` (`id`, `version`, `versionType`, `isSupported`, `app`, `channel`, `createdby`, `modifiedby`, `createdts`, `lastmodifiedts`, `synctimestamp`, `softdeleteflag`) VALUES ('573548265', '4.2.2', 'MINOR', '1', 'BUSINESS_BANKING', 'DESKTOP_WEB', NULL, NULL, CURRENT_TIMESTAMP, CURRENT_TIMESTAMP, CURRENT_TIMESTAMP, '0');
INSERT INTO `appversion` (`id`, `version`, `versionType`, `isSupported`, `app`, `channel`, `createdby`, `modifiedby`, `createdts`, `lastmodifiedts`, `synctimestamp`, `softdeleteflag`) VALUES ('573548273', '4.2.3', 'MINOR', '1', 'BUSINESS_BANKING', 'DESKTOP_WEB', NULL, NULL, CURRENT_TIMESTAMP, CURRENT_TIMESTAMP, CURRENT_TIMESTAMP, '0');
INSERT INTO `appversion` (`id`, `version`, `versionType`, `isSupported`, `app`, `channel`, `createdby`, `modifiedby`, `createdts`, `lastmodifiedts`, `synctimestamp`, `softdeleteflag`) VALUES ('573548280', '4.2.6', 'MINOR', '1', 'BUSINESS_BANKING', 'DESKTOP_WEB', NULL, NULL, CURRENT_TIMESTAMP, CURRENT_TIMESTAMP, CURRENT_TIMESTAMP, '0');

INSERT INTO `appaction` (`id`, `App_id`, `Action_id`, `createdts`, `lastmodifiedts`, `synctimestamp`, `softdeleteflag`) VALUES ('BUSINESS_BANKING_SERVICE_ID_1', 'BUSINESS_BANKING', 'SERVICE_ID_1', CURRENT_TIMESTAMP, CURRENT_TIMESTAMP, CURRENT_TIMESTAMP, '0');
INSERT INTO `appaction` (`id`, `App_id`, `Action_id`, `createdts`, `lastmodifiedts`, `synctimestamp`, `softdeleteflag`) VALUES ('BUSINESS_BANKING_SERVICE_ID_10', 'BUSINESS_BANKING', 'SERVICE_ID_10', CURRENT_TIMESTAMP, CURRENT_TIMESTAMP, CURRENT_TIMESTAMP, '0');
INSERT INTO `appaction` (`id`, `App_id`, `Action_id`, `createdts`, `lastmodifiedts`, `synctimestamp`, `softdeleteflag`) VALUES ('BUSINESS_BANKING_SERVICE_ID_100', 'BUSINESS_BANKING', 'SERVICE_ID_100', CURRENT_TIMESTAMP, CURRENT_TIMESTAMP, CURRENT_TIMESTAMP, '0');
INSERT INTO `appaction` (`id`, `App_id`, `Action_id`, `createdts`, `lastmodifiedts`, `synctimestamp`, `softdeleteflag`) VALUES ('BUSINESS_BANKING_SERVICE_ID_101', 'BUSINESS_BANKING', 'SERVICE_ID_101', CURRENT_TIMESTAMP, CURRENT_TIMESTAMP, CURRENT_TIMESTAMP, '0');
INSERT INTO `appaction` (`id`, `App_id`, `Action_id`, `createdts`, `lastmodifiedts`, `synctimestamp`, `softdeleteflag`) VALUES ('BUSINESS_BANKING_SERVICE_ID_102', 'BUSINESS_BANKING', 'SERVICE_ID_102', CURRENT_TIMESTAMP, CURRENT_TIMESTAMP, CURRENT_TIMESTAMP, '0');
INSERT INTO `appaction` (`id`, `App_id`, `Action_id`, `createdts`, `lastmodifiedts`, `synctimestamp`, `softdeleteflag`) VALUES ('BUSINESS_BANKING_SERVICE_ID_103', 'BUSINESS_BANKING', 'SERVICE_ID_103', CURRENT_TIMESTAMP, CURRENT_TIMESTAMP, CURRENT_TIMESTAMP, '0');
INSERT INTO `appaction` (`id`, `App_id`, `Action_id`, `createdts`, `lastmodifiedts`, `synctimestamp`, `softdeleteflag`) VALUES ('BUSINESS_BANKING_SERVICE_ID_104', 'BUSINESS_BANKING', 'SERVICE_ID_104', CURRENT_TIMESTAMP, CURRENT_TIMESTAMP, CURRENT_TIMESTAMP, '0');
INSERT INTO `appaction` (`id`, `App_id`, `Action_id`, `createdts`, `lastmodifiedts`, `synctimestamp`, `softdeleteflag`) VALUES ('BUSINESS_BANKING_SERVICE_ID_11', 'BUSINESS_BANKING', 'SERVICE_ID_11', CURRENT_TIMESTAMP, CURRENT_TIMESTAMP, CURRENT_TIMESTAMP, '0');
INSERT INTO `appaction` (`id`, `App_id`, `Action_id`, `createdts`, `lastmodifiedts`, `synctimestamp`, `softdeleteflag`) VALUES ('BUSINESS_BANKING_SERVICE_ID_12', 'BUSINESS_BANKING', 'SERVICE_ID_12', CURRENT_TIMESTAMP, CURRENT_TIMESTAMP, CURRENT_TIMESTAMP, '0');
INSERT INTO `appaction` (`id`, `App_id`, `Action_id`, `createdts`, `lastmodifiedts`, `synctimestamp`, `softdeleteflag`) VALUES ('BUSINESS_BANKING_SERVICE_ID_13', 'BUSINESS_BANKING', 'SERVICE_ID_13', CURRENT_TIMESTAMP, CURRENT_TIMESTAMP, CURRENT_TIMESTAMP, '0');
INSERT INTO `appaction` (`id`, `App_id`, `Action_id`, `createdts`, `lastmodifiedts`, `synctimestamp`, `softdeleteflag`) VALUES ('BUSINESS_BANKING_SERVICE_ID_14', 'BUSINESS_BANKING', 'SERVICE_ID_14', CURRENT_TIMESTAMP, CURRENT_TIMESTAMP, CURRENT_TIMESTAMP, '0');
INSERT INTO `appaction` (`id`, `App_id`, `Action_id`, `createdts`, `lastmodifiedts`, `synctimestamp`, `softdeleteflag`) VALUES ('BUSINESS_BANKING_SERVICE_ID_15', 'BUSINESS_BANKING', 'SERVICE_ID_15', CURRENT_TIMESTAMP, CURRENT_TIMESTAMP, CURRENT_TIMESTAMP, '0');
INSERT INTO `appaction` (`id`, `App_id`, `Action_id`, `createdts`, `lastmodifiedts`, `synctimestamp`, `softdeleteflag`) VALUES ('BUSINESS_BANKING_SERVICE_ID_16', 'BUSINESS_BANKING', 'SERVICE_ID_16', CURRENT_TIMESTAMP, CURRENT_TIMESTAMP, CURRENT_TIMESTAMP, '0');
INSERT INTO `appaction` (`id`, `App_id`, `Action_id`, `createdts`, `lastmodifiedts`, `synctimestamp`, `softdeleteflag`) VALUES ('BUSINESS_BANKING_SERVICE_ID_17', 'BUSINESS_BANKING', 'SERVICE_ID_17', CURRENT_TIMESTAMP, CURRENT_TIMESTAMP, CURRENT_TIMESTAMP, '0');
INSERT INTO `appaction` (`id`, `App_id`, `Action_id`, `createdts`, `lastmodifiedts`, `synctimestamp`, `softdeleteflag`) VALUES ('BUSINESS_BANKING_SERVICE_ID_18', 'BUSINESS_BANKING', 'SERVICE_ID_18', CURRENT_TIMESTAMP, CURRENT_TIMESTAMP, CURRENT_TIMESTAMP, '0');
INSERT INTO `appaction` (`id`, `App_id`, `Action_id`, `createdts`, `lastmodifiedts`, `synctimestamp`, `softdeleteflag`) VALUES ('BUSINESS_BANKING_SERVICE_ID_19', 'BUSINESS_BANKING', 'SERVICE_ID_19', CURRENT_TIMESTAMP, CURRENT_TIMESTAMP, CURRENT_TIMESTAMP, '0');
INSERT INTO `appaction` (`id`, `App_id`, `Action_id`, `createdts`, `lastmodifiedts`, `synctimestamp`, `softdeleteflag`) VALUES ('BUSINESS_BANKING_SERVICE_ID_2', 'BUSINESS_BANKING', 'SERVICE_ID_2', CURRENT_TIMESTAMP, CURRENT_TIMESTAMP, CURRENT_TIMESTAMP, '0');
INSERT INTO `appaction` (`id`, `App_id`, `Action_id`, `createdts`, `lastmodifiedts`, `synctimestamp`, `softdeleteflag`) VALUES ('BUSINESS_BANKING_SERVICE_ID_20', 'BUSINESS_BANKING', 'SERVICE_ID_20', CURRENT_TIMESTAMP, CURRENT_TIMESTAMP, CURRENT_TIMESTAMP, '0');
INSERT INTO `appaction` (`id`, `App_id`, `Action_id`, `createdts`, `lastmodifiedts`, `synctimestamp`, `softdeleteflag`) VALUES ('BUSINESS_BANKING_SERVICE_ID_21', 'BUSINESS_BANKING', 'SERVICE_ID_21', CURRENT_TIMESTAMP, CURRENT_TIMESTAMP, CURRENT_TIMESTAMP, '0');
INSERT INTO `appaction` (`id`, `App_id`, `Action_id`, `createdts`, `lastmodifiedts`, `synctimestamp`, `softdeleteflag`) VALUES ('BUSINESS_BANKING_SERVICE_ID_22', 'BUSINESS_BANKING', 'SERVICE_ID_22', CURRENT_TIMESTAMP, CURRENT_TIMESTAMP, CURRENT_TIMESTAMP, '0');
INSERT INTO `appaction` (`id`, `App_id`, `Action_id`, `createdts`, `lastmodifiedts`, `synctimestamp`, `softdeleteflag`) VALUES ('BUSINESS_BANKING_SERVICE_ID_23', 'BUSINESS_BANKING', 'SERVICE_ID_23', CURRENT_TIMESTAMP, CURRENT_TIMESTAMP, CURRENT_TIMESTAMP, '0');
INSERT INTO `appaction` (`id`, `App_id`, `Action_id`, `createdts`, `lastmodifiedts`, `synctimestamp`, `softdeleteflag`) VALUES ('BUSINESS_BANKING_SERVICE_ID_24', 'BUSINESS_BANKING', 'SERVICE_ID_24', CURRENT_TIMESTAMP, CURRENT_TIMESTAMP, CURRENT_TIMESTAMP, '0');
INSERT INTO `appaction` (`id`, `App_id`, `Action_id`, `createdts`, `lastmodifiedts`, `synctimestamp`, `softdeleteflag`) VALUES ('BUSINESS_BANKING_SERVICE_ID_25', 'BUSINESS_BANKING', 'SERVICE_ID_25', CURRENT_TIMESTAMP, CURRENT_TIMESTAMP, CURRENT_TIMESTAMP, '0');
INSERT INTO `appaction` (`id`, `App_id`, `Action_id`, `createdts`, `lastmodifiedts`, `synctimestamp`, `softdeleteflag`) VALUES ('BUSINESS_BANKING_SERVICE_ID_26', 'BUSINESS_BANKING', 'SERVICE_ID_26', CURRENT_TIMESTAMP, CURRENT_TIMESTAMP, CURRENT_TIMESTAMP, '0');
INSERT INTO `appaction` (`id`, `App_id`, `Action_id`, `createdts`, `lastmodifiedts`, `synctimestamp`, `softdeleteflag`) VALUES ('BUSINESS_BANKING_SERVICE_ID_27', 'BUSINESS_BANKING', 'SERVICE_ID_27', CURRENT_TIMESTAMP, CURRENT_TIMESTAMP, CURRENT_TIMESTAMP, '0');
INSERT INTO `appaction` (`id`, `App_id`, `Action_id`, `createdts`, `lastmodifiedts`, `synctimestamp`, `softdeleteflag`) VALUES ('BUSINESS_BANKING_SERVICE_ID_28', 'BUSINESS_BANKING', 'SERVICE_ID_28', CURRENT_TIMESTAMP, CURRENT_TIMESTAMP, CURRENT_TIMESTAMP, '0');
INSERT INTO `appaction` (`id`, `App_id`, `Action_id`, `createdts`, `lastmodifiedts`, `synctimestamp`, `softdeleteflag`) VALUES ('BUSINESS_BANKING_SERVICE_ID_29', 'BUSINESS_BANKING', 'SERVICE_ID_29', CURRENT_TIMESTAMP, CURRENT_TIMESTAMP, CURRENT_TIMESTAMP, '0');
INSERT INTO `appaction` (`id`, `App_id`, `Action_id`, `createdts`, `lastmodifiedts`, `synctimestamp`, `softdeleteflag`) VALUES ('BUSINESS_BANKING_SERVICE_ID_3', 'BUSINESS_BANKING', 'SERVICE_ID_3', CURRENT_TIMESTAMP, CURRENT_TIMESTAMP, CURRENT_TIMESTAMP, '0');
INSERT INTO `appaction` (`id`, `App_id`, `Action_id`, `createdts`, `lastmodifiedts`, `synctimestamp`, `softdeleteflag`) VALUES ('BUSINESS_BANKING_SERVICE_ID_30', 'BUSINESS_BANKING', 'SERVICE_ID_30', CURRENT_TIMESTAMP, CURRENT_TIMESTAMP, CURRENT_TIMESTAMP, '0');
INSERT INTO `appaction` (`id`, `App_id`, `Action_id`, `createdts`, `lastmodifiedts`, `synctimestamp`, `softdeleteflag`) VALUES ('BUSINESS_BANKING_SERVICE_ID_31', 'BUSINESS_BANKING', 'SERVICE_ID_31', CURRENT_TIMESTAMP, CURRENT_TIMESTAMP, CURRENT_TIMESTAMP, '0');
INSERT INTO `appaction` (`id`, `App_id`, `Action_id`, `createdts`, `lastmodifiedts`, `synctimestamp`, `softdeleteflag`) VALUES ('BUSINESS_BANKING_SERVICE_ID_32', 'BUSINESS_BANKING', 'SERVICE_ID_32', CURRENT_TIMESTAMP, CURRENT_TIMESTAMP, CURRENT_TIMESTAMP, '0');
INSERT INTO `appaction` (`id`, `App_id`, `Action_id`, `createdts`, `lastmodifiedts`, `synctimestamp`, `softdeleteflag`) VALUES ('BUSINESS_BANKING_SERVICE_ID_33', 'BUSINESS_BANKING', 'SERVICE_ID_33', CURRENT_TIMESTAMP, CURRENT_TIMESTAMP, CURRENT_TIMESTAMP, '0');
INSERT INTO `appaction` (`id`, `App_id`, `Action_id`, `createdts`, `lastmodifiedts`, `synctimestamp`, `softdeleteflag`) VALUES ('BUSINESS_BANKING_SERVICE_ID_34', 'BUSINESS_BANKING', 'SERVICE_ID_34', CURRENT_TIMESTAMP, CURRENT_TIMESTAMP, CURRENT_TIMESTAMP, '0');
INSERT INTO `appaction` (`id`, `App_id`, `Action_id`, `createdts`, `lastmodifiedts`, `synctimestamp`, `softdeleteflag`) VALUES ('BUSINESS_BANKING_SERVICE_ID_35', 'BUSINESS_BANKING', 'SERVICE_ID_35', CURRENT_TIMESTAMP, CURRENT_TIMESTAMP, CURRENT_TIMESTAMP, '0');
INSERT INTO `appaction` (`id`, `App_id`, `Action_id`, `createdts`, `lastmodifiedts`, `synctimestamp`, `softdeleteflag`) VALUES ('BUSINESS_BANKING_SERVICE_ID_36', 'BUSINESS_BANKING', 'SERVICE_ID_36', CURRENT_TIMESTAMP, CURRENT_TIMESTAMP, CURRENT_TIMESTAMP, '0');
INSERT INTO `appaction` (`id`, `App_id`, `Action_id`, `createdts`, `lastmodifiedts`, `synctimestamp`, `softdeleteflag`) VALUES ('BUSINESS_BANKING_SERVICE_ID_37', 'BUSINESS_BANKING', 'SERVICE_ID_37', CURRENT_TIMESTAMP, CURRENT_TIMESTAMP, CURRENT_TIMESTAMP, '0');
INSERT INTO `appaction` (`id`, `App_id`, `Action_id`, `createdts`, `lastmodifiedts`, `synctimestamp`, `softdeleteflag`) VALUES ('BUSINESS_BANKING_SERVICE_ID_38', 'BUSINESS_BANKING', 'SERVICE_ID_38', CURRENT_TIMESTAMP, CURRENT_TIMESTAMP, CURRENT_TIMESTAMP, '0');
INSERT INTO `appaction` (`id`, `App_id`, `Action_id`, `createdts`, `lastmodifiedts`, `synctimestamp`, `softdeleteflag`) VALUES ('BUSINESS_BANKING_SERVICE_ID_39', 'BUSINESS_BANKING', 'SERVICE_ID_39', CURRENT_TIMESTAMP, CURRENT_TIMESTAMP, CURRENT_TIMESTAMP, '0');
INSERT INTO `appaction` (`id`, `App_id`, `Action_id`, `createdts`, `lastmodifiedts`, `synctimestamp`, `softdeleteflag`) VALUES ('BUSINESS_BANKING_SERVICE_ID_4', 'BUSINESS_BANKING', 'SERVICE_ID_4', CURRENT_TIMESTAMP, CURRENT_TIMESTAMP, CURRENT_TIMESTAMP, '0');
INSERT INTO `appaction` (`id`, `App_id`, `Action_id`, `createdts`, `lastmodifiedts`, `synctimestamp`, `softdeleteflag`) VALUES ('BUSINESS_BANKING_SERVICE_ID_40', 'BUSINESS_BANKING', 'SERVICE_ID_40', CURRENT_TIMESTAMP, CURRENT_TIMESTAMP, CURRENT_TIMESTAMP, '0');
INSERT INTO `appaction` (`id`, `App_id`, `Action_id`, `createdts`, `lastmodifiedts`, `synctimestamp`, `softdeleteflag`) VALUES ('BUSINESS_BANKING_SERVICE_ID_41', 'BUSINESS_BANKING', 'SERVICE_ID_41', CURRENT_TIMESTAMP, CURRENT_TIMESTAMP, CURRENT_TIMESTAMP, '0');
INSERT INTO `appaction` (`id`, `App_id`, `Action_id`, `createdts`, `lastmodifiedts`, `synctimestamp`, `softdeleteflag`) VALUES ('BUSINESS_BANKING_SERVICE_ID_42', 'BUSINESS_BANKING', 'SERVICE_ID_42', CURRENT_TIMESTAMP, CURRENT_TIMESTAMP, CURRENT_TIMESTAMP, '0');
INSERT INTO `appaction` (`id`, `App_id`, `Action_id`, `createdts`, `lastmodifiedts`, `synctimestamp`, `softdeleteflag`) VALUES ('BUSINESS_BANKING_SERVICE_ID_43', 'BUSINESS_BANKING', 'SERVICE_ID_43', CURRENT_TIMESTAMP, CURRENT_TIMESTAMP, CURRENT_TIMESTAMP, '0');
INSERT INTO `appaction` (`id`, `App_id`, `Action_id`, `createdts`, `lastmodifiedts`, `synctimestamp`, `softdeleteflag`) VALUES ('BUSINESS_BANKING_SERVICE_ID_44', 'BUSINESS_BANKING', 'SERVICE_ID_44', CURRENT_TIMESTAMP, CURRENT_TIMESTAMP, CURRENT_TIMESTAMP, '0');
INSERT INTO `appaction` (`id`, `App_id`, `Action_id`, `createdts`, `lastmodifiedts`, `synctimestamp`, `softdeleteflag`) VALUES ('BUSINESS_BANKING_SERVICE_ID_45', 'BUSINESS_BANKING', 'SERVICE_ID_45', CURRENT_TIMESTAMP, CURRENT_TIMESTAMP, CURRENT_TIMESTAMP, '0');
INSERT INTO `appaction` (`id`, `App_id`, `Action_id`, `createdts`, `lastmodifiedts`, `synctimestamp`, `softdeleteflag`) VALUES ('BUSINESS_BANKING_SERVICE_ID_46', 'BUSINESS_BANKING', 'SERVICE_ID_46', CURRENT_TIMESTAMP, CURRENT_TIMESTAMP, CURRENT_TIMESTAMP, '0');
INSERT INTO `appaction` (`id`, `App_id`, `Action_id`, `createdts`, `lastmodifiedts`, `synctimestamp`, `softdeleteflag`) VALUES ('BUSINESS_BANKING_SERVICE_ID_47', 'BUSINESS_BANKING', 'SERVICE_ID_47', CURRENT_TIMESTAMP, CURRENT_TIMESTAMP, CURRENT_TIMESTAMP, '0');
INSERT INTO `appaction` (`id`, `App_id`, `Action_id`, `createdts`, `lastmodifiedts`, `synctimestamp`, `softdeleteflag`) VALUES ('BUSINESS_BANKING_SERVICE_ID_48', 'BUSINESS_BANKING', 'SERVICE_ID_48', CURRENT_TIMESTAMP, CURRENT_TIMESTAMP, CURRENT_TIMESTAMP, '0');
INSERT INTO `appaction` (`id`, `App_id`, `Action_id`, `createdts`, `lastmodifiedts`, `synctimestamp`, `softdeleteflag`) VALUES ('BUSINESS_BANKING_SERVICE_ID_49', 'BUSINESS_BANKING', 'SERVICE_ID_49', CURRENT_TIMESTAMP, CURRENT_TIMESTAMP, CURRENT_TIMESTAMP, '0');
INSERT INTO `appaction` (`id`, `App_id`, `Action_id`, `createdts`, `lastmodifiedts`, `synctimestamp`, `softdeleteflag`) VALUES ('BUSINESS_BANKING_SERVICE_ID_5', 'BUSINESS_BANKING', 'SERVICE_ID_5', CURRENT_TIMESTAMP, CURRENT_TIMESTAMP, CURRENT_TIMESTAMP, '0');
INSERT INTO `appaction` (`id`, `App_id`, `Action_id`, `createdts`, `lastmodifiedts`, `synctimestamp`, `softdeleteflag`) VALUES ('BUSINESS_BANKING_SERVICE_ID_50', 'BUSINESS_BANKING', 'SERVICE_ID_50', CURRENT_TIMESTAMP, CURRENT_TIMESTAMP, CURRENT_TIMESTAMP, '0');
INSERT INTO `appaction` (`id`, `App_id`, `Action_id`, `createdts`, `lastmodifiedts`, `synctimestamp`, `softdeleteflag`) VALUES ('BUSINESS_BANKING_SERVICE_ID_51', 'BUSINESS_BANKING', 'SERVICE_ID_51', CURRENT_TIMESTAMP, CURRENT_TIMESTAMP, CURRENT_TIMESTAMP, '0');
INSERT INTO `appaction` (`id`, `App_id`, `Action_id`, `createdts`, `lastmodifiedts`, `synctimestamp`, `softdeleteflag`) VALUES ('BUSINESS_BANKING_SERVICE_ID_52', 'BUSINESS_BANKING', 'SERVICE_ID_52', CURRENT_TIMESTAMP, CURRENT_TIMESTAMP, CURRENT_TIMESTAMP, '0');
INSERT INTO `appaction` (`id`, `App_id`, `Action_id`, `createdts`, `lastmodifiedts`, `synctimestamp`, `softdeleteflag`) VALUES ('BUSINESS_BANKING_SERVICE_ID_53', 'BUSINESS_BANKING', 'SERVICE_ID_53', CURRENT_TIMESTAMP, CURRENT_TIMESTAMP, CURRENT_TIMESTAMP, '0');
INSERT INTO `appaction` (`id`, `App_id`, `Action_id`, `createdts`, `lastmodifiedts`, `synctimestamp`, `softdeleteflag`) VALUES ('BUSINESS_BANKING_SERVICE_ID_54', 'BUSINESS_BANKING', 'SERVICE_ID_54', CURRENT_TIMESTAMP, CURRENT_TIMESTAMP, CURRENT_TIMESTAMP, '0');
INSERT INTO `appaction` (`id`, `App_id`, `Action_id`, `createdts`, `lastmodifiedts`, `synctimestamp`, `softdeleteflag`) VALUES ('BUSINESS_BANKING_SERVICE_ID_55', 'BUSINESS_BANKING', 'SERVICE_ID_55', CURRENT_TIMESTAMP, CURRENT_TIMESTAMP, CURRENT_TIMESTAMP, '0');
INSERT INTO `appaction` (`id`, `App_id`, `Action_id`, `createdts`, `lastmodifiedts`, `synctimestamp`, `softdeleteflag`) VALUES ('BUSINESS_BANKING_SERVICE_ID_56', 'BUSINESS_BANKING', 'SERVICE_ID_56', CURRENT_TIMESTAMP, CURRENT_TIMESTAMP, CURRENT_TIMESTAMP, '0');
INSERT INTO `appaction` (`id`, `App_id`, `Action_id`, `createdts`, `lastmodifiedts`, `synctimestamp`, `softdeleteflag`) VALUES ('BUSINESS_BANKING_SERVICE_ID_57', 'BUSINESS_BANKING', 'SERVICE_ID_57', CURRENT_TIMESTAMP, CURRENT_TIMESTAMP, CURRENT_TIMESTAMP, '0');
INSERT INTO `appaction` (`id`, `App_id`, `Action_id`, `createdts`, `lastmodifiedts`, `synctimestamp`, `softdeleteflag`) VALUES ('BUSINESS_BANKING_SERVICE_ID_58', 'BUSINESS_BANKING', 'SERVICE_ID_58', CURRENT_TIMESTAMP, CURRENT_TIMESTAMP, CURRENT_TIMESTAMP, '0');
INSERT INTO `appaction` (`id`, `App_id`, `Action_id`, `createdts`, `lastmodifiedts`, `synctimestamp`, `softdeleteflag`) VALUES ('BUSINESS_BANKING_SERVICE_ID_59', 'BUSINESS_BANKING', 'SERVICE_ID_59', CURRENT_TIMESTAMP, CURRENT_TIMESTAMP, CURRENT_TIMESTAMP, '0');
INSERT INTO `appaction` (`id`, `App_id`, `Action_id`, `createdts`, `lastmodifiedts`, `synctimestamp`, `softdeleteflag`) VALUES ('BUSINESS_BANKING_SERVICE_ID_6', 'BUSINESS_BANKING', 'SERVICE_ID_6', CURRENT_TIMESTAMP, CURRENT_TIMESTAMP, CURRENT_TIMESTAMP, '0');
INSERT INTO `appaction` (`id`, `App_id`, `Action_id`, `createdts`, `lastmodifiedts`, `synctimestamp`, `softdeleteflag`) VALUES ('BUSINESS_BANKING_SERVICE_ID_60', 'BUSINESS_BANKING', 'SERVICE_ID_60', CURRENT_TIMESTAMP, CURRENT_TIMESTAMP, CURRENT_TIMESTAMP, '0');
INSERT INTO `appaction` (`id`, `App_id`, `Action_id`, `createdts`, `lastmodifiedts`, `synctimestamp`, `softdeleteflag`) VALUES ('BUSINESS_BANKING_SERVICE_ID_61', 'BUSINESS_BANKING', 'SERVICE_ID_61', CURRENT_TIMESTAMP, CURRENT_TIMESTAMP, CURRENT_TIMESTAMP, '0');
INSERT INTO `appaction` (`id`, `App_id`, `Action_id`, `createdts`, `lastmodifiedts`, `synctimestamp`, `softdeleteflag`) VALUES ('BUSINESS_BANKING_SERVICE_ID_62', 'BUSINESS_BANKING', 'SERVICE_ID_62', CURRENT_TIMESTAMP, CURRENT_TIMESTAMP, CURRENT_TIMESTAMP, '0');
INSERT INTO `appaction` (`id`, `App_id`, `Action_id`, `createdts`, `lastmodifiedts`, `synctimestamp`, `softdeleteflag`) VALUES ('BUSINESS_BANKING_SERVICE_ID_63', 'BUSINESS_BANKING', 'SERVICE_ID_63', CURRENT_TIMESTAMP, CURRENT_TIMESTAMP, CURRENT_TIMESTAMP, '0');
INSERT INTO `appaction` (`id`, `App_id`, `Action_id`, `createdts`, `lastmodifiedts`, `synctimestamp`, `softdeleteflag`) VALUES ('BUSINESS_BANKING_SERVICE_ID_64', 'BUSINESS_BANKING', 'SERVICE_ID_64', CURRENT_TIMESTAMP, CURRENT_TIMESTAMP, CURRENT_TIMESTAMP, '0');
INSERT INTO `appaction` (`id`, `App_id`, `Action_id`, `createdts`, `lastmodifiedts`, `synctimestamp`, `softdeleteflag`) VALUES ('BUSINESS_BANKING_SERVICE_ID_65', 'BUSINESS_BANKING', 'SERVICE_ID_65', CURRENT_TIMESTAMP, CURRENT_TIMESTAMP, CURRENT_TIMESTAMP, '0');
INSERT INTO `appaction` (`id`, `App_id`, `Action_id`, `createdts`, `lastmodifiedts`, `synctimestamp`, `softdeleteflag`) VALUES ('BUSINESS_BANKING_SERVICE_ID_66', 'BUSINESS_BANKING', 'SERVICE_ID_66', CURRENT_TIMESTAMP, CURRENT_TIMESTAMP, CURRENT_TIMESTAMP, '0');
INSERT INTO `appaction` (`id`, `App_id`, `Action_id`, `createdts`, `lastmodifiedts`, `synctimestamp`, `softdeleteflag`) VALUES ('BUSINESS_BANKING_SERVICE_ID_67', 'BUSINESS_BANKING', 'SERVICE_ID_67', CURRENT_TIMESTAMP, CURRENT_TIMESTAMP, CURRENT_TIMESTAMP, '0');
INSERT INTO `appaction` (`id`, `App_id`, `Action_id`, `createdts`, `lastmodifiedts`, `synctimestamp`, `softdeleteflag`) VALUES ('BUSINESS_BANKING_SERVICE_ID_68', 'BUSINESS_BANKING', 'SERVICE_ID_68', CURRENT_TIMESTAMP, CURRENT_TIMESTAMP, CURRENT_TIMESTAMP, '0');
INSERT INTO `appaction` (`id`, `App_id`, `Action_id`, `createdts`, `lastmodifiedts`, `synctimestamp`, `softdeleteflag`) VALUES ('BUSINESS_BANKING_SERVICE_ID_69', 'BUSINESS_BANKING', 'SERVICE_ID_69', CURRENT_TIMESTAMP, CURRENT_TIMESTAMP, CURRENT_TIMESTAMP, '0');
INSERT INTO `appaction` (`id`, `App_id`, `Action_id`, `createdts`, `lastmodifiedts`, `synctimestamp`, `softdeleteflag`) VALUES ('BUSINESS_BANKING_SERVICE_ID_7', 'BUSINESS_BANKING', 'SERVICE_ID_7', CURRENT_TIMESTAMP, CURRENT_TIMESTAMP, CURRENT_TIMESTAMP, '0');
INSERT INTO `appaction` (`id`, `App_id`, `Action_id`, `createdts`, `lastmodifiedts`, `synctimestamp`, `softdeleteflag`) VALUES ('BUSINESS_BANKING_SERVICE_ID_70', 'BUSINESS_BANKING', 'SERVICE_ID_70', CURRENT_TIMESTAMP, CURRENT_TIMESTAMP, CURRENT_TIMESTAMP, '0');
INSERT INTO `appaction` (`id`, `App_id`, `Action_id`, `createdts`, `lastmodifiedts`, `synctimestamp`, `softdeleteflag`) VALUES ('BUSINESS_BANKING_SERVICE_ID_71', 'BUSINESS_BANKING', 'SERVICE_ID_71', CURRENT_TIMESTAMP, CURRENT_TIMESTAMP, CURRENT_TIMESTAMP, '0');
INSERT INTO `appaction` (`id`, `App_id`, `Action_id`, `createdts`, `lastmodifiedts`, `synctimestamp`, `softdeleteflag`) VALUES ('BUSINESS_BANKING_SERVICE_ID_72', 'BUSINESS_BANKING', 'SERVICE_ID_72', CURRENT_TIMESTAMP, CURRENT_TIMESTAMP, CURRENT_TIMESTAMP, '0');
INSERT INTO `appaction` (`id`, `App_id`, `Action_id`, `createdts`, `lastmodifiedts`, `synctimestamp`, `softdeleteflag`) VALUES ('BUSINESS_BANKING_SERVICE_ID_73', 'BUSINESS_BANKING', 'SERVICE_ID_73', CURRENT_TIMESTAMP, CURRENT_TIMESTAMP, CURRENT_TIMESTAMP, '0');
INSERT INTO `appaction` (`id`, `App_id`, `Action_id`, `createdts`, `lastmodifiedts`, `synctimestamp`, `softdeleteflag`) VALUES ('BUSINESS_BANKING_SERVICE_ID_74', 'BUSINESS_BANKING', 'SERVICE_ID_74', CURRENT_TIMESTAMP, CURRENT_TIMESTAMP, CURRENT_TIMESTAMP, '0');
INSERT INTO `appaction` (`id`, `App_id`, `Action_id`, `createdts`, `lastmodifiedts`, `synctimestamp`, `softdeleteflag`) VALUES ('BUSINESS_BANKING_SERVICE_ID_75', 'BUSINESS_BANKING', 'SERVICE_ID_75', CURRENT_TIMESTAMP, CURRENT_TIMESTAMP, CURRENT_TIMESTAMP, '0');
INSERT INTO `appaction` (`id`, `App_id`, `Action_id`, `createdts`, `lastmodifiedts`, `synctimestamp`, `softdeleteflag`) VALUES ('BUSINESS_BANKING_SERVICE_ID_8', 'BUSINESS_BANKING', 'SERVICE_ID_8', CURRENT_TIMESTAMP, CURRENT_TIMESTAMP, CURRENT_TIMESTAMP, '0');
INSERT INTO `appaction` (`id`, `App_id`, `Action_id`, `createdts`, `lastmodifiedts`, `synctimestamp`, `softdeleteflag`) VALUES ('BUSINESS_BANKING_SERVICE_ID_86', 'BUSINESS_BANKING', 'SERVICE_ID_86', CURRENT_TIMESTAMP, CURRENT_TIMESTAMP, CURRENT_TIMESTAMP, '0');
INSERT INTO `appaction` (`id`, `App_id`, `Action_id`, `createdts`, `lastmodifiedts`, `synctimestamp`, `softdeleteflag`) VALUES ('BUSINESS_BANKING_SERVICE_ID_87', 'BUSINESS_BANKING', 'SERVICE_ID_87', CURRENT_TIMESTAMP, CURRENT_TIMESTAMP, CURRENT_TIMESTAMP, '0');
INSERT INTO `appaction` (`id`, `App_id`, `Action_id`, `createdts`, `lastmodifiedts`, `synctimestamp`, `softdeleteflag`) VALUES ('BUSINESS_BANKING_SERVICE_ID_88', 'BUSINESS_BANKING', 'SERVICE_ID_88', CURRENT_TIMESTAMP, CURRENT_TIMESTAMP, CURRENT_TIMESTAMP, '0');
INSERT INTO `appaction` (`id`, `App_id`, `Action_id`, `createdts`, `lastmodifiedts`, `synctimestamp`, `softdeleteflag`) VALUES ('BUSINESS_BANKING_SERVICE_ID_89', 'BUSINESS_BANKING', 'SERVICE_ID_89', CURRENT_TIMESTAMP, CURRENT_TIMESTAMP, CURRENT_TIMESTAMP, '0');
INSERT INTO `appaction` (`id`, `App_id`, `Action_id`, `createdts`, `lastmodifiedts`, `synctimestamp`, `softdeleteflag`) VALUES ('BUSINESS_BANKING_SERVICE_ID_9', 'BUSINESS_BANKING', 'SERVICE_ID_9', CURRENT_TIMESTAMP, CURRENT_TIMESTAMP, CURRENT_TIMESTAMP, '0');
INSERT INTO `appaction` (`id`, `App_id`, `Action_id`, `createdts`, `lastmodifiedts`, `synctimestamp`, `softdeleteflag`) VALUES ('BUSINESS_BANKING_SERVICE_ID_90', 'BUSINESS_BANKING', 'SERVICE_ID_90', CURRENT_TIMESTAMP, CURRENT_TIMESTAMP, CURRENT_TIMESTAMP, '0');
INSERT INTO `appaction` (`id`, `App_id`, `Action_id`, `createdts`, `lastmodifiedts`, `synctimestamp`, `softdeleteflag`) VALUES ('BUSINESS_BANKING_SERVICE_ID_91', 'BUSINESS_BANKING', 'SERVICE_ID_91', CURRENT_TIMESTAMP, CURRENT_TIMESTAMP, CURRENT_TIMESTAMP, '0');
INSERT INTO `appaction` (`id`, `App_id`, `Action_id`, `createdts`, `lastmodifiedts`, `synctimestamp`, `softdeleteflag`) VALUES ('BUSINESS_BANKING_SERVICE_ID_92', 'BUSINESS_BANKING', 'SERVICE_ID_92', CURRENT_TIMESTAMP, CURRENT_TIMESTAMP, CURRENT_TIMESTAMP, '0');
INSERT INTO `appaction` (`id`, `App_id`, `Action_id`, `createdts`, `lastmodifiedts`, `synctimestamp`, `softdeleteflag`) VALUES ('BUSINESS_BANKING_SERVICE_ID_93', 'BUSINESS_BANKING', 'SERVICE_ID_93', CURRENT_TIMESTAMP, CURRENT_TIMESTAMP, CURRENT_TIMESTAMP, '0');
INSERT INTO `appaction` (`id`, `App_id`, `Action_id`, `createdts`, `lastmodifiedts`, `synctimestamp`, `softdeleteflag`) VALUES ('BUSINESS_BANKING_SERVICE_ID_94', 'BUSINESS_BANKING', 'SERVICE_ID_94', CURRENT_TIMESTAMP, CURRENT_TIMESTAMP, CURRENT_TIMESTAMP, '0');
INSERT INTO `appaction` (`id`, `App_id`, `Action_id`, `createdts`, `lastmodifiedts`, `synctimestamp`, `softdeleteflag`) VALUES ('BUSINESS_BANKING_SERVICE_ID_95', 'BUSINESS_BANKING', 'SERVICE_ID_95', CURRENT_TIMESTAMP, CURRENT_TIMESTAMP, CURRENT_TIMESTAMP, '0');
INSERT INTO `appaction` (`id`, `App_id`, `Action_id`, `createdts`, `lastmodifiedts`, `synctimestamp`, `softdeleteflag`) VALUES ('BUSINESS_BANKING_SERVICE_ID_96', 'BUSINESS_BANKING', 'SERVICE_ID_96', CURRENT_TIMESTAMP, CURRENT_TIMESTAMP, CURRENT_TIMESTAMP, '0');
INSERT INTO `appaction` (`id`, `App_id`, `Action_id`, `createdts`, `lastmodifiedts`, `synctimestamp`, `softdeleteflag`) VALUES ('BUSINESS_BANKING_SERVICE_ID_97', 'BUSINESS_BANKING', 'SERVICE_ID_97', CURRENT_TIMESTAMP, CURRENT_TIMESTAMP, CURRENT_TIMESTAMP, '0');
INSERT INTO `appaction` (`id`, `App_id`, `Action_id`, `createdts`, `lastmodifiedts`, `synctimestamp`, `softdeleteflag`) VALUES ('BUSINESS_BANKING_SERVICE_ID_98', 'BUSINESS_BANKING', 'SERVICE_ID_98', CURRENT_TIMESTAMP, CURRENT_TIMESTAMP, CURRENT_TIMESTAMP, '0');
INSERT INTO `appaction` (`id`, `App_id`, `Action_id`, `createdts`, `lastmodifiedts`, `synctimestamp`, `softdeleteflag`) VALUES ('BUSINESS_BANKING_SERVICE_ID_99', 'BUSINESS_BANKING', 'SERVICE_ID_99', CURRENT_TIMESTAMP, CURRENT_TIMESTAMP, CURRENT_TIMESTAMP, '0');

INSERT INTO `appactionlimit` (`AppAction_id`, `LimitType_id`, `Value`, `createdby`, `modifiedby`, `createdts`, `lastmodifiedts`, `synctimestamp`, `softdeleteflag`) VALUES ('BUSINESS_BANKING_SERVICE_ID_1', 'DAILY_LIMIT', '1000000.00', NULL, NULL, CURRENT_TIMESTAMP, CURRENT_TIMESTAMP, CURRENT_TIMESTAMP, '0');
INSERT INTO `appactionlimit` (`AppAction_id`, `LimitType_id`, `Value`, `createdby`, `modifiedby`, `createdts`, `lastmodifiedts`, `synctimestamp`, `softdeleteflag`) VALUES ('BUSINESS_BANKING_SERVICE_ID_1', 'MAX_TRANSACTION_LIMIT', '10000.00', NULL, NULL, CURRENT_TIMESTAMP, CURRENT_TIMESTAMP, CURRENT_TIMESTAMP, '0');
INSERT INTO `appactionlimit` (`AppAction_id`, `LimitType_id`, `Value`, `createdby`, `modifiedby`, `createdts`, `lastmodifiedts`, `synctimestamp`, `softdeleteflag`) VALUES ('BUSINESS_BANKING_SERVICE_ID_1', 'MIN_TRANSACTION_LIMIT', '1.00', NULL, NULL, CURRENT_TIMESTAMP, CURRENT_TIMESTAMP, CURRENT_TIMESTAMP, '0');
INSERT INTO `appactionlimit` (`AppAction_id`, `LimitType_id`, `Value`, `createdby`, `modifiedby`, `createdts`, `lastmodifiedts`, `synctimestamp`, `softdeleteflag`) VALUES ('BUSINESS_BANKING_SERVICE_ID_1', 'WEEKLY_LIMIT', '100000000.00', NULL, NULL, CURRENT_TIMESTAMP, CURRENT_TIMESTAMP, CURRENT_TIMESTAMP, '0');
INSERT INTO `appactionlimit` (`AppAction_id`, `LimitType_id`, `Value`, `createdby`, `modifiedby`, `createdts`, `lastmodifiedts`, `synctimestamp`, `softdeleteflag`) VALUES ('BUSINESS_BANKING_SERVICE_ID_10', 'DAILY_LIMIT', '1000000.00', NULL, NULL, CURRENT_TIMESTAMP, CURRENT_TIMESTAMP, CURRENT_TIMESTAMP, '0');
INSERT INTO `appactionlimit` (`AppAction_id`, `LimitType_id`, `Value`, `createdby`, `modifiedby`, `createdts`, `lastmodifiedts`, `synctimestamp`, `softdeleteflag`) VALUES ('BUSINESS_BANKING_SERVICE_ID_10', 'MAX_TRANSACTION_LIMIT', '100000.00', NULL, NULL, CURRENT_TIMESTAMP, CURRENT_TIMESTAMP, CURRENT_TIMESTAMP, '0');
INSERT INTO `appactionlimit` (`AppAction_id`, `LimitType_id`, `Value`, `createdby`, `modifiedby`, `createdts`, `lastmodifiedts`, `synctimestamp`, `softdeleteflag`) VALUES ('BUSINESS_BANKING_SERVICE_ID_10', 'MIN_TRANSACTION_LIMIT', '1.00', NULL, NULL, CURRENT_TIMESTAMP, CURRENT_TIMESTAMP, CURRENT_TIMESTAMP, '0');
INSERT INTO `appactionlimit` (`AppAction_id`, `LimitType_id`, `Value`, `createdby`, `modifiedby`, `createdts`, `lastmodifiedts`, `synctimestamp`, `softdeleteflag`) VALUES ('BUSINESS_BANKING_SERVICE_ID_10', 'WEEKLY_LIMIT', '100000000.00', NULL, NULL, CURRENT_TIMESTAMP, CURRENT_TIMESTAMP, CURRENT_TIMESTAMP, '0');
INSERT INTO `appactionlimit` (`AppAction_id`, `LimitType_id`, `Value`, `createdby`, `modifiedby`, `createdts`, `lastmodifiedts`, `synctimestamp`, `softdeleteflag`) VALUES ('BUSINESS_BANKING_SERVICE_ID_11', 'DAILY_LIMIT', '1000000.00', NULL, NULL, CURRENT_TIMESTAMP, CURRENT_TIMESTAMP, CURRENT_TIMESTAMP, '0');
INSERT INTO `appactionlimit` (`AppAction_id`, `LimitType_id`, `Value`, `createdby`, `modifiedby`, `createdts`, `lastmodifiedts`, `synctimestamp`, `softdeleteflag`) VALUES ('BUSINESS_BANKING_SERVICE_ID_11', 'MAX_TRANSACTION_LIMIT', '100000.00', NULL, NULL, CURRENT_TIMESTAMP, CURRENT_TIMESTAMP, CURRENT_TIMESTAMP, '0');
INSERT INTO `appactionlimit` (`AppAction_id`, `LimitType_id`, `Value`, `createdby`, `modifiedby`, `createdts`, `lastmodifiedts`, `synctimestamp`, `softdeleteflag`) VALUES ('BUSINESS_BANKING_SERVICE_ID_11', 'MIN_TRANSACTION_LIMIT', '1.00', NULL, NULL, CURRENT_TIMESTAMP, CURRENT_TIMESTAMP, CURRENT_TIMESTAMP, '0');
INSERT INTO `appactionlimit` (`AppAction_id`, `LimitType_id`, `Value`, `createdby`, `modifiedby`, `createdts`, `lastmodifiedts`, `synctimestamp`, `softdeleteflag`) VALUES ('BUSINESS_BANKING_SERVICE_ID_11', 'WEEKLY_LIMIT', '100000000.00', NULL, NULL, CURRENT_TIMESTAMP, CURRENT_TIMESTAMP, CURRENT_TIMESTAMP, '0');
INSERT INTO `appactionlimit` (`AppAction_id`, `LimitType_id`, `Value`, `createdby`, `modifiedby`, `createdts`, `lastmodifiedts`, `synctimestamp`, `softdeleteflag`) VALUES ('BUSINESS_BANKING_SERVICE_ID_12', 'DAILY_LIMIT', '1000000.00', NULL, NULL, CURRENT_TIMESTAMP, CURRENT_TIMESTAMP, CURRENT_TIMESTAMP, '0');
INSERT INTO `appactionlimit` (`AppAction_id`, `LimitType_id`, `Value`, `createdby`, `modifiedby`, `createdts`, `lastmodifiedts`, `synctimestamp`, `softdeleteflag`) VALUES ('BUSINESS_BANKING_SERVICE_ID_12', 'MAX_TRANSACTION_LIMIT', '100000.00', NULL, NULL, CURRENT_TIMESTAMP, CURRENT_TIMESTAMP, CURRENT_TIMESTAMP, '0');
INSERT INTO `appactionlimit` (`AppAction_id`, `LimitType_id`, `Value`, `createdby`, `modifiedby`, `createdts`, `lastmodifiedts`, `synctimestamp`, `softdeleteflag`) VALUES ('BUSINESS_BANKING_SERVICE_ID_12', 'MIN_TRANSACTION_LIMIT', '1.00', NULL, NULL, CURRENT_TIMESTAMP, CURRENT_TIMESTAMP, CURRENT_TIMESTAMP, '0');
INSERT INTO `appactionlimit` (`AppAction_id`, `LimitType_id`, `Value`, `createdby`, `modifiedby`, `createdts`, `lastmodifiedts`, `synctimestamp`, `softdeleteflag`) VALUES ('BUSINESS_BANKING_SERVICE_ID_12', 'WEEKLY_LIMIT', '100000000.00', NULL, NULL, CURRENT_TIMESTAMP, CURRENT_TIMESTAMP, CURRENT_TIMESTAMP, '0');
INSERT INTO `appactionlimit` (`AppAction_id`, `LimitType_id`, `Value`, `createdby`, `modifiedby`, `createdts`, `lastmodifiedts`, `synctimestamp`, `softdeleteflag`) VALUES ('BUSINESS_BANKING_SERVICE_ID_13', 'DAILY_LIMIT', '1000000.00', NULL, NULL, CURRENT_TIMESTAMP, CURRENT_TIMESTAMP, CURRENT_TIMESTAMP, '0');
INSERT INTO `appactionlimit` (`AppAction_id`, `LimitType_id`, `Value`, `createdby`, `modifiedby`, `createdts`, `lastmodifiedts`, `synctimestamp`, `softdeleteflag`) VALUES ('BUSINESS_BANKING_SERVICE_ID_13', 'MAX_TRANSACTION_LIMIT', '100000.00', NULL, NULL, CURRENT_TIMESTAMP, CURRENT_TIMESTAMP, CURRENT_TIMESTAMP, '0');
INSERT INTO `appactionlimit` (`AppAction_id`, `LimitType_id`, `Value`, `createdby`, `modifiedby`, `createdts`, `lastmodifiedts`, `synctimestamp`, `softdeleteflag`) VALUES ('BUSINESS_BANKING_SERVICE_ID_13', 'MIN_TRANSACTION_LIMIT', '1.00', NULL, NULL, CURRENT_TIMESTAMP, CURRENT_TIMESTAMP, CURRENT_TIMESTAMP, '0');
INSERT INTO `appactionlimit` (`AppAction_id`, `LimitType_id`, `Value`, `createdby`, `modifiedby`, `createdts`, `lastmodifiedts`, `synctimestamp`, `softdeleteflag`) VALUES ('BUSINESS_BANKING_SERVICE_ID_13', 'WEEKLY_LIMIT', '100000000.00', NULL, NULL, CURRENT_TIMESTAMP, CURRENT_TIMESTAMP, CURRENT_TIMESTAMP, '0');
INSERT INTO `appactionlimit` (`AppAction_id`, `LimitType_id`, `Value`, `createdby`, `modifiedby`, `createdts`, `lastmodifiedts`, `synctimestamp`, `softdeleteflag`) VALUES ('BUSINESS_BANKING_SERVICE_ID_14', 'DAILY_LIMIT', '1000000.00', NULL, NULL, CURRENT_TIMESTAMP, CURRENT_TIMESTAMP, CURRENT_TIMESTAMP, '0');
INSERT INTO `appactionlimit` (`AppAction_id`, `LimitType_id`, `Value`, `createdby`, `modifiedby`, `createdts`, `lastmodifiedts`, `synctimestamp`, `softdeleteflag`) VALUES ('BUSINESS_BANKING_SERVICE_ID_14', 'MAX_TRANSACTION_LIMIT', '5000.00', NULL, NULL, CURRENT_TIMESTAMP, CURRENT_TIMESTAMP, CURRENT_TIMESTAMP, '0');
INSERT INTO `appactionlimit` (`AppAction_id`, `LimitType_id`, `Value`, `createdby`, `modifiedby`, `createdts`, `lastmodifiedts`, `synctimestamp`, `softdeleteflag`) VALUES ('BUSINESS_BANKING_SERVICE_ID_14', 'MIN_TRANSACTION_LIMIT', '1.00', NULL, NULL, CURRENT_TIMESTAMP, CURRENT_TIMESTAMP, CURRENT_TIMESTAMP, '0');
INSERT INTO `appactionlimit` (`AppAction_id`, `LimitType_id`, `Value`, `createdby`, `modifiedby`, `createdts`, `lastmodifiedts`, `synctimestamp`, `softdeleteflag`) VALUES ('BUSINESS_BANKING_SERVICE_ID_14', 'WEEKLY_LIMIT', '100000000.00', NULL, NULL, CURRENT_TIMESTAMP, CURRENT_TIMESTAMP, CURRENT_TIMESTAMP, '0');
INSERT INTO `appactionlimit` (`AppAction_id`, `LimitType_id`, `Value`, `createdby`, `modifiedby`, `createdts`, `lastmodifiedts`, `synctimestamp`, `softdeleteflag`) VALUES ('BUSINESS_BANKING_SERVICE_ID_15', 'DAILY_LIMIT', '1000000.00', NULL, NULL, CURRENT_TIMESTAMP, CURRENT_TIMESTAMP, CURRENT_TIMESTAMP, '0');
INSERT INTO `appactionlimit` (`AppAction_id`, `LimitType_id`, `Value`, `createdby`, `modifiedby`, `createdts`, `lastmodifiedts`, `synctimestamp`, `softdeleteflag`) VALUES ('BUSINESS_BANKING_SERVICE_ID_15', 'MAX_TRANSACTION_LIMIT', '100000.00', NULL, NULL, CURRENT_TIMESTAMP, CURRENT_TIMESTAMP, CURRENT_TIMESTAMP, '0');
INSERT INTO `appactionlimit` (`AppAction_id`, `LimitType_id`, `Value`, `createdby`, `modifiedby`, `createdts`, `lastmodifiedts`, `synctimestamp`, `softdeleteflag`) VALUES ('BUSINESS_BANKING_SERVICE_ID_15', 'MIN_TRANSACTION_LIMIT', '1.00', NULL, NULL, CURRENT_TIMESTAMP, CURRENT_TIMESTAMP, CURRENT_TIMESTAMP, '0');
INSERT INTO `appactionlimit` (`AppAction_id`, `LimitType_id`, `Value`, `createdby`, `modifiedby`, `createdts`, `lastmodifiedts`, `synctimestamp`, `softdeleteflag`) VALUES ('BUSINESS_BANKING_SERVICE_ID_15', 'WEEKLY_LIMIT', '100000000.00', NULL, NULL, CURRENT_TIMESTAMP, CURRENT_TIMESTAMP, CURRENT_TIMESTAMP, '0');
INSERT INTO `appactionlimit` (`AppAction_id`, `LimitType_id`, `Value`, `createdby`, `modifiedby`, `createdts`, `lastmodifiedts`, `synctimestamp`, `softdeleteflag`) VALUES ('BUSINESS_BANKING_SERVICE_ID_2', 'DAILY_LIMIT', '1000000.00', NULL, NULL, CURRENT_TIMESTAMP, CURRENT_TIMESTAMP, CURRENT_TIMESTAMP, '0');
INSERT INTO `appactionlimit` (`AppAction_id`, `LimitType_id`, `Value`, `createdby`, `modifiedby`, `createdts`, `lastmodifiedts`, `synctimestamp`, `softdeleteflag`) VALUES ('BUSINESS_BANKING_SERVICE_ID_2', 'MAX_TRANSACTION_LIMIT', '100000.00', NULL, NULL, CURRENT_TIMESTAMP, CURRENT_TIMESTAMP, CURRENT_TIMESTAMP, '0');
INSERT INTO `appactionlimit` (`AppAction_id`, `LimitType_id`, `Value`, `createdby`, `modifiedby`, `createdts`, `lastmodifiedts`, `synctimestamp`, `softdeleteflag`) VALUES ('BUSINESS_BANKING_SERVICE_ID_2', 'MIN_TRANSACTION_LIMIT', '1.00', NULL, NULL, CURRENT_TIMESTAMP, CURRENT_TIMESTAMP, CURRENT_TIMESTAMP, '0');
INSERT INTO `appactionlimit` (`AppAction_id`, `LimitType_id`, `Value`, `createdby`, `modifiedby`, `createdts`, `lastmodifiedts`, `synctimestamp`, `softdeleteflag`) VALUES ('BUSINESS_BANKING_SERVICE_ID_2', 'WEEKLY_LIMIT', '100000000.00', NULL, NULL, CURRENT_TIMESTAMP, CURRENT_TIMESTAMP, CURRENT_TIMESTAMP, '0');
INSERT INTO `appactionlimit` (`AppAction_id`, `LimitType_id`, `Value`, `createdby`, `modifiedby`, `createdts`, `lastmodifiedts`, `synctimestamp`, `softdeleteflag`) VALUES ('BUSINESS_BANKING_SERVICE_ID_3', 'DAILY_LIMIT', '1000000.00', NULL, NULL, CURRENT_TIMESTAMP, CURRENT_TIMESTAMP, CURRENT_TIMESTAMP, '0');
INSERT INTO `appactionlimit` (`AppAction_id`, `LimitType_id`, `Value`, `createdby`, `modifiedby`, `createdts`, `lastmodifiedts`, `synctimestamp`, `softdeleteflag`) VALUES ('BUSINESS_BANKING_SERVICE_ID_3', 'MAX_TRANSACTION_LIMIT', '10000.00', NULL, NULL, CURRENT_TIMESTAMP, CURRENT_TIMESTAMP, CURRENT_TIMESTAMP, '0');
INSERT INTO `appactionlimit` (`AppAction_id`, `LimitType_id`, `Value`, `createdby`, `modifiedby`, `createdts`, `lastmodifiedts`, `synctimestamp`, `softdeleteflag`) VALUES ('BUSINESS_BANKING_SERVICE_ID_3', 'MIN_TRANSACTION_LIMIT', '1.00', NULL, NULL, CURRENT_TIMESTAMP, CURRENT_TIMESTAMP, CURRENT_TIMESTAMP, '0');
INSERT INTO `appactionlimit` (`AppAction_id`, `LimitType_id`, `Value`, `createdby`, `modifiedby`, `createdts`, `lastmodifiedts`, `synctimestamp`, `softdeleteflag`) VALUES ('BUSINESS_BANKING_SERVICE_ID_3', 'WEEKLY_LIMIT', '100000000.00', NULL, NULL, CURRENT_TIMESTAMP, CURRENT_TIMESTAMP, CURRENT_TIMESTAMP, '0');
INSERT INTO `appactionlimit` (`AppAction_id`, `LimitType_id`, `Value`, `createdby`, `modifiedby`, `createdts`, `lastmodifiedts`, `synctimestamp`, `softdeleteflag`) VALUES ('BUSINESS_BANKING_SERVICE_ID_4', 'DAILY_LIMIT', '1000000.00', NULL, NULL, CURRENT_TIMESTAMP, CURRENT_TIMESTAMP, CURRENT_TIMESTAMP, '0');
INSERT INTO `appactionlimit` (`AppAction_id`, `LimitType_id`, `Value`, `createdby`, `modifiedby`, `createdts`, `lastmodifiedts`, `synctimestamp`, `softdeleteflag`) VALUES ('BUSINESS_BANKING_SERVICE_ID_4', 'MAX_TRANSACTION_LIMIT', '10000.00', NULL, NULL, CURRENT_TIMESTAMP, CURRENT_TIMESTAMP, CURRENT_TIMESTAMP, '0');
INSERT INTO `appactionlimit` (`AppAction_id`, `LimitType_id`, `Value`, `createdby`, `modifiedby`, `createdts`, `lastmodifiedts`, `synctimestamp`, `softdeleteflag`) VALUES ('BUSINESS_BANKING_SERVICE_ID_4', 'MIN_TRANSACTION_LIMIT', '1.00', NULL, NULL, CURRENT_TIMESTAMP, CURRENT_TIMESTAMP, CURRENT_TIMESTAMP, '0');
INSERT INTO `appactionlimit` (`AppAction_id`, `LimitType_id`, `Value`, `createdby`, `modifiedby`, `createdts`, `lastmodifiedts`, `synctimestamp`, `softdeleteflag`) VALUES ('BUSINESS_BANKING_SERVICE_ID_4', 'WEEKLY_LIMIT', '100000000.00', NULL, NULL, CURRENT_TIMESTAMP, CURRENT_TIMESTAMP, CURRENT_TIMESTAMP, '0');
INSERT INTO `appactionlimit` (`AppAction_id`, `LimitType_id`, `Value`, `createdby`, `modifiedby`, `createdts`, `lastmodifiedts`, `synctimestamp`, `softdeleteflag`) VALUES ('BUSINESS_BANKING_SERVICE_ID_47', 'DAILY_LIMIT', '1000000.00', NULL, NULL, CURRENT_TIMESTAMP, CURRENT_TIMESTAMP, CURRENT_TIMESTAMP, '0');
INSERT INTO `appactionlimit` (`AppAction_id`, `LimitType_id`, `Value`, `createdby`, `modifiedby`, `createdts`, `lastmodifiedts`, `synctimestamp`, `softdeleteflag`) VALUES ('BUSINESS_BANKING_SERVICE_ID_47', 'MAX_TRANSACTION_LIMIT', '5000.00', NULL, NULL, CURRENT_TIMESTAMP, CURRENT_TIMESTAMP, CURRENT_TIMESTAMP, '0');
INSERT INTO `appactionlimit` (`AppAction_id`, `LimitType_id`, `Value`, `createdby`, `modifiedby`, `createdts`, `lastmodifiedts`, `synctimestamp`, `softdeleteflag`) VALUES ('BUSINESS_BANKING_SERVICE_ID_47', 'MIN_TRANSACTION_LIMIT', '1.00', NULL, NULL, CURRENT_TIMESTAMP, CURRENT_TIMESTAMP, CURRENT_TIMESTAMP, '0');
INSERT INTO `appactionlimit` (`AppAction_id`, `LimitType_id`, `Value`, `createdby`, `modifiedby`, `createdts`, `lastmodifiedts`, `synctimestamp`, `softdeleteflag`) VALUES ('BUSINESS_BANKING_SERVICE_ID_47', 'WEEKLY_LIMIT', '100000000.00', NULL, NULL, CURRENT_TIMESTAMP, CURRENT_TIMESTAMP, CURRENT_TIMESTAMP, '0');
INSERT INTO `appactionlimit` (`AppAction_id`, `LimitType_id`, `Value`, `createdby`, `modifiedby`, `createdts`, `lastmodifiedts`, `synctimestamp`, `softdeleteflag`) VALUES ('BUSINESS_BANKING_SERVICE_ID_5', 'DAILY_LIMIT', '1000000.00', NULL, NULL, CURRENT_TIMESTAMP, CURRENT_TIMESTAMP, CURRENT_TIMESTAMP, '0');
INSERT INTO `appactionlimit` (`AppAction_id`, `LimitType_id`, `Value`, `createdby`, `modifiedby`, `createdts`, `lastmodifiedts`, `synctimestamp`, `softdeleteflag`) VALUES ('BUSINESS_BANKING_SERVICE_ID_5', 'MAX_TRANSACTION_LIMIT', '10000.00', NULL, NULL, CURRENT_TIMESTAMP, CURRENT_TIMESTAMP, CURRENT_TIMESTAMP, '0');
INSERT INTO `appactionlimit` (`AppAction_id`, `LimitType_id`, `Value`, `createdby`, `modifiedby`, `createdts`, `lastmodifiedts`, `synctimestamp`, `softdeleteflag`) VALUES ('BUSINESS_BANKING_SERVICE_ID_5', 'MIN_TRANSACTION_LIMIT', '1.00', NULL, NULL, CURRENT_TIMESTAMP, CURRENT_TIMESTAMP, CURRENT_TIMESTAMP, '0');
INSERT INTO `appactionlimit` (`AppAction_id`, `LimitType_id`, `Value`, `createdby`, `modifiedby`, `createdts`, `lastmodifiedts`, `synctimestamp`, `softdeleteflag`) VALUES ('BUSINESS_BANKING_SERVICE_ID_5', 'WEEKLY_LIMIT', '100000000.00', NULL, NULL, CURRENT_TIMESTAMP, CURRENT_TIMESTAMP, CURRENT_TIMESTAMP, '0');
INSERT INTO `appactionlimit` (`AppAction_id`, `LimitType_id`, `Value`, `createdby`, `modifiedby`, `createdts`, `lastmodifiedts`, `synctimestamp`, `softdeleteflag`) VALUES ('BUSINESS_BANKING_SERVICE_ID_57', 'DAILY_LIMIT', '1000000.00', NULL, NULL, CURRENT_TIMESTAMP, CURRENT_TIMESTAMP, CURRENT_TIMESTAMP, '0');
INSERT INTO `appactionlimit` (`AppAction_id`, `LimitType_id`, `Value`, `createdby`, `modifiedby`, `createdts`, `lastmodifiedts`, `synctimestamp`, `softdeleteflag`) VALUES ('BUSINESS_BANKING_SERVICE_ID_57', 'MAX_TRANSACTION_LIMIT', '100000.00', NULL, NULL, CURRENT_TIMESTAMP, CURRENT_TIMESTAMP, CURRENT_TIMESTAMP, '0');
INSERT INTO `appactionlimit` (`AppAction_id`, `LimitType_id`, `Value`, `createdby`, `modifiedby`, `createdts`, `lastmodifiedts`, `synctimestamp`, `softdeleteflag`) VALUES ('BUSINESS_BANKING_SERVICE_ID_57', 'MIN_TRANSACTION_LIMIT', '1.00', NULL, NULL, CURRENT_TIMESTAMP, CURRENT_TIMESTAMP, CURRENT_TIMESTAMP, '0');
INSERT INTO `appactionlimit` (`AppAction_id`, `LimitType_id`, `Value`, `createdby`, `modifiedby`, `createdts`, `lastmodifiedts`, `synctimestamp`, `softdeleteflag`) VALUES ('BUSINESS_BANKING_SERVICE_ID_57', 'WEEKLY_LIMIT', '100000000.00', NULL, NULL, CURRENT_TIMESTAMP, CURRENT_TIMESTAMP, CURRENT_TIMESTAMP, '0');
INSERT INTO `appactionlimit` (`AppAction_id`, `LimitType_id`, `Value`, `createdby`, `modifiedby`, `createdts`, `lastmodifiedts`, `synctimestamp`, `softdeleteflag`) VALUES ('BUSINESS_BANKING_SERVICE_ID_58', 'DAILY_LIMIT', '1000000.00', NULL, NULL, CURRENT_TIMESTAMP, CURRENT_TIMESTAMP, CURRENT_TIMESTAMP, '0');
INSERT INTO `appactionlimit` (`AppAction_id`, `LimitType_id`, `Value`, `createdby`, `modifiedby`, `createdts`, `lastmodifiedts`, `synctimestamp`, `softdeleteflag`) VALUES ('BUSINESS_BANKING_SERVICE_ID_58', 'MAX_TRANSACTION_LIMIT', '100000.00', NULL, NULL, CURRENT_TIMESTAMP, CURRENT_TIMESTAMP, CURRENT_TIMESTAMP, '0');
INSERT INTO `appactionlimit` (`AppAction_id`, `LimitType_id`, `Value`, `createdby`, `modifiedby`, `createdts`, `lastmodifiedts`, `synctimestamp`, `softdeleteflag`) VALUES ('BUSINESS_BANKING_SERVICE_ID_58', 'MIN_TRANSACTION_LIMIT', '1.00', NULL, NULL, CURRENT_TIMESTAMP, CURRENT_TIMESTAMP, CURRENT_TIMESTAMP, '0');
INSERT INTO `appactionlimit` (`AppAction_id`, `LimitType_id`, `Value`, `createdby`, `modifiedby`, `createdts`, `lastmodifiedts`, `synctimestamp`, `softdeleteflag`) VALUES ('BUSINESS_BANKING_SERVICE_ID_58', 'WEEKLY_LIMIT', '100000000.00', NULL, NULL, CURRENT_TIMESTAMP, CURRENT_TIMESTAMP, CURRENT_TIMESTAMP, '0');
INSERT INTO `appactionlimit` (`AppAction_id`, `LimitType_id`, `Value`, `createdby`, `modifiedby`, `createdts`, `lastmodifiedts`, `synctimestamp`, `softdeleteflag`) VALUES ('BUSINESS_BANKING_SERVICE_ID_6', 'DAILY_LIMIT', '1000000.00', NULL, NULL, CURRENT_TIMESTAMP, CURRENT_TIMESTAMP, CURRENT_TIMESTAMP, '0');
INSERT INTO `appactionlimit` (`AppAction_id`, `LimitType_id`, `Value`, `createdby`, `modifiedby`, `createdts`, `lastmodifiedts`, `synctimestamp`, `softdeleteflag`) VALUES ('BUSINESS_BANKING_SERVICE_ID_6', 'MAX_TRANSACTION_LIMIT', '10000.00', NULL, NULL, CURRENT_TIMESTAMP, CURRENT_TIMESTAMP, CURRENT_TIMESTAMP, '0');
INSERT INTO `appactionlimit` (`AppAction_id`, `LimitType_id`, `Value`, `createdby`, `modifiedby`, `createdts`, `lastmodifiedts`, `synctimestamp`, `softdeleteflag`) VALUES ('BUSINESS_BANKING_SERVICE_ID_6', 'MIN_TRANSACTION_LIMIT', '1.00', NULL, NULL, CURRENT_TIMESTAMP, CURRENT_TIMESTAMP, CURRENT_TIMESTAMP, '0');
INSERT INTO `appactionlimit` (`AppAction_id`, `LimitType_id`, `Value`, `createdby`, `modifiedby`, `createdts`, `lastmodifiedts`, `synctimestamp`, `softdeleteflag`) VALUES ('BUSINESS_BANKING_SERVICE_ID_6', 'WEEKLY_LIMIT', '100000000.00', NULL, NULL, CURRENT_TIMESTAMP, CURRENT_TIMESTAMP, CURRENT_TIMESTAMP, '0');
INSERT INTO `appactionlimit` (`AppAction_id`, `LimitType_id`, `Value`, `createdby`, `modifiedby`, `createdts`, `lastmodifiedts`, `synctimestamp`, `softdeleteflag`) VALUES ('BUSINESS_BANKING_SERVICE_ID_7', 'DAILY_LIMIT', '1000000.00', NULL, NULL, CURRENT_TIMESTAMP, CURRENT_TIMESTAMP, CURRENT_TIMESTAMP, '0');
INSERT INTO `appactionlimit` (`AppAction_id`, `LimitType_id`, `Value`, `createdby`, `modifiedby`, `createdts`, `lastmodifiedts`, `synctimestamp`, `softdeleteflag`) VALUES ('BUSINESS_BANKING_SERVICE_ID_7', 'MAX_TRANSACTION_LIMIT', '5000.00', NULL, NULL, CURRENT_TIMESTAMP, CURRENT_TIMESTAMP, CURRENT_TIMESTAMP, '0');
INSERT INTO `appactionlimit` (`AppAction_id`, `LimitType_id`, `Value`, `createdby`, `modifiedby`, `createdts`, `lastmodifiedts`, `synctimestamp`, `softdeleteflag`) VALUES ('BUSINESS_BANKING_SERVICE_ID_7', 'MIN_TRANSACTION_LIMIT', '1.00', NULL, NULL, CURRENT_TIMESTAMP, CURRENT_TIMESTAMP, CURRENT_TIMESTAMP, '0');
INSERT INTO `appactionlimit` (`AppAction_id`, `LimitType_id`, `Value`, `createdby`, `modifiedby`, `createdts`, `lastmodifiedts`, `synctimestamp`, `softdeleteflag`) VALUES ('BUSINESS_BANKING_SERVICE_ID_7', 'WEEKLY_LIMIT', '100000000.00', NULL, NULL, CURRENT_TIMESTAMP, CURRENT_TIMESTAMP, CURRENT_TIMESTAMP, '0');
INSERT INTO `appactionlimit` (`AppAction_id`, `LimitType_id`, `Value`, `createdby`, `modifiedby`, `createdts`, `lastmodifiedts`, `synctimestamp`, `softdeleteflag`) VALUES ('BUSINESS_BANKING_SERVICE_ID_8', 'DAILY_LIMIT', '1000000.00', NULL, NULL, CURRENT_TIMESTAMP, CURRENT_TIMESTAMP, CURRENT_TIMESTAMP, '0');
INSERT INTO `appactionlimit` (`AppAction_id`, `LimitType_id`, `Value`, `createdby`, `modifiedby`, `createdts`, `lastmodifiedts`, `synctimestamp`, `softdeleteflag`) VALUES ('BUSINESS_BANKING_SERVICE_ID_8', 'MAX_TRANSACTION_LIMIT', '1000.00', NULL, NULL, CURRENT_TIMESTAMP, CURRENT_TIMESTAMP, CURRENT_TIMESTAMP, '0');
INSERT INTO `appactionlimit` (`AppAction_id`, `LimitType_id`, `Value`, `createdby`, `modifiedby`, `createdts`, `lastmodifiedts`, `synctimestamp`, `softdeleteflag`) VALUES ('BUSINESS_BANKING_SERVICE_ID_8', 'MIN_TRANSACTION_LIMIT', '1.00', NULL, NULL, CURRENT_TIMESTAMP, CURRENT_TIMESTAMP, CURRENT_TIMESTAMP, '0');
INSERT INTO `appactionlimit` (`AppAction_id`, `LimitType_id`, `Value`, `createdby`, `modifiedby`, `createdts`, `lastmodifiedts`, `synctimestamp`, `softdeleteflag`) VALUES ('BUSINESS_BANKING_SERVICE_ID_8', 'WEEKLY_LIMIT', '100000000.00', NULL, NULL, CURRENT_TIMESTAMP, CURRENT_TIMESTAMP, CURRENT_TIMESTAMP, '0');
INSERT INTO `appactionlimit` (`AppAction_id`, `LimitType_id`, `Value`, `createdby`, `modifiedby`, `createdts`, `lastmodifiedts`, `synctimestamp`, `softdeleteflag`) VALUES ('BUSINESS_BANKING_SERVICE_ID_9', 'DAILY_LIMIT', '1000000.00', NULL, NULL, CURRENT_TIMESTAMP, CURRENT_TIMESTAMP, CURRENT_TIMESTAMP, '0');
INSERT INTO `appactionlimit` (`AppAction_id`, `LimitType_id`, `Value`, `createdby`, `modifiedby`, `createdts`, `lastmodifiedts`, `synctimestamp`, `softdeleteflag`) VALUES ('BUSINESS_BANKING_SERVICE_ID_9', 'MAX_TRANSACTION_LIMIT', '100000.00', NULL, NULL, CURRENT_TIMESTAMP, CURRENT_TIMESTAMP, CURRENT_TIMESTAMP, '0');
INSERT INTO `appactionlimit` (`AppAction_id`, `LimitType_id`, `Value`, `createdby`, `modifiedby`, `createdts`, `lastmodifiedts`, `synctimestamp`, `softdeleteflag`) VALUES ('BUSINESS_BANKING_SERVICE_ID_9', 'MIN_TRANSACTION_LIMIT', '50.00', NULL, NULL, CURRENT_TIMESTAMP, CURRENT_TIMESTAMP, CURRENT_TIMESTAMP, '0');
INSERT INTO `appactionlimit` (`AppAction_id`, `LimitType_id`, `Value`, `createdby`, `modifiedby`, `createdts`, `lastmodifiedts`, `synctimestamp`, `softdeleteflag`) VALUES ('BUSINESS_BANKING_SERVICE_ID_9', 'WEEKLY_LIMIT', '100000000.00', NULL, NULL, CURRENT_TIMESTAMP, CURRENT_TIMESTAMP, CURRENT_TIMESTAMP, '0');

INSERT INTO `alerttypeapp` (`AppId`, `AlertTypeId`, `createdby`, `createdts`, `lastmodifiedts`, `synctimestamp`, `softdeleteflag`) VALUES ('BUSINESS_BANKING', 'BILL_PAYEE', NULL, CURRENT_TIMESTAMP, CURRENT_TIMESTAMP, CURRENT_TIMESTAMP, '0');
INSERT INTO `alerttypeapp` (`AppId`, `AlertTypeId`, `createdby`, `createdts`, `lastmodifiedts`, `synctimestamp`, `softdeleteflag`) VALUES ('BUSINESS_BANKING', 'CREDENTIAL_CHANGE', NULL, CURRENT_TIMESTAMP, CURRENT_TIMESTAMP, CURRENT_TIMESTAMP, '0');
INSERT INTO `alerttypeapp` (`AppId`, `AlertTypeId`, `createdby`, `createdts`, `lastmodifiedts`, `synctimestamp`, `softdeleteflag`) VALUES ('BUSINESS_BANKING', 'LOGIN', NULL, CURRENT_TIMESTAMP, CURRENT_TIMESTAMP, CURRENT_TIMESTAMP, '0');
INSERT INTO `alerttypeapp` (`AppId`, `AlertTypeId`, `createdby`, `createdts`, `lastmodifiedts`, `synctimestamp`, `softdeleteflag`) VALUES ('BUSINESS_BANKING', 'MAKE_TRANSFER', NULL, CURRENT_TIMESTAMP, CURRENT_TIMESTAMP, CURRENT_TIMESTAMP, '0');
INSERT INTO `alerttypeapp` (`AppId`, `AlertTypeId`, `createdby`, `createdts`, `lastmodifiedts`, `synctimestamp`, `softdeleteflag`) VALUES ('BUSINESS_BANKING', 'P2P_RECIPIENT', NULL, CURRENT_TIMESTAMP, CURRENT_TIMESTAMP, CURRENT_TIMESTAMP, '0');
INSERT INTO `alerttypeapp` (`AppId`, `AlertTypeId`, `createdby`, `createdts`, `lastmodifiedts`, `synctimestamp`, `softdeleteflag`) VALUES ('BUSINESS_BANKING', 'PROFILE_UPDATE', NULL, CURRENT_TIMESTAMP, CURRENT_TIMESTAMP, CURRENT_TIMESTAMP, '0');
INSERT INTO `alerttypeapp` (`AppId`, `AlertTypeId`, `createdby`, `createdts`, `lastmodifiedts`, `synctimestamp`, `softdeleteflag`) VALUES ('BUSINESS_BANKING', 'TRANSFER_RECIPIENT', NULL, CURRENT_TIMESTAMP, CURRENT_TIMESTAMP, CURRENT_TIMESTAMP, '0');

-- ** Need to insert default mfa scenarios for appactionmfa table for Business Banking. ** --


-- SERVICE PERMISSION MAPPER entries for TYPE_ID_SMALL_BUSINESS
-- DBP Authorization Framework related changes.

INSERT INTO `service_permission_mapper` VALUES ('aab4e77a-a95c-4787-8491-f3c404454999','RBObjects','DbxUser','getUserNameAndPasswordRulesAndPolicies','TYPE_ID_SMALL_BUSINESS','ALLOW');
INSERT INTO `service_permission_mapper` VALUES ('e1564c1f-e0ba-4953-b207-21601b87a563','RBObjects','DbxUser','fetchCustomerDetailsForOlb','TYPE_ID_SMALL_BUSINESS','ALLOW');
INSERT INTO `service_permission_mapper` VALUES ('ea1f63bc-56d1-41af-b551-f1bd7cc47795','AccountAggregation','RefreshAccountsFromDB','get','TYPE_ID_SMALL_BUSINESS','ALLOW');
INSERT INTO `service_permission_mapper` VALUES ('bc0d098c-1e16-425d-a082-41982d6cd7a9','RBObjects','DbxUser','updateDBXUserName','TYPE_ID_SMALL_BUSINESS','SERVICE_ID_89');
INSERT INTO `service_permission_mapper` VALUES ('53df540b-845f-4131-aff9-61db5a72bfa4','RBObjects','Transactions','makeTrialDeposit','TYPE_ID_SMALL_BUSINESS','ALLOW');
INSERT INTO `service_permission_mapper` VALUES ('421f0fac-7312-4579-a3fd-5b8bd81b1b6d','RBObjects','Membership','create','TYPE_ID_SMALL_BUSINESS','ALLOW');
INSERT INTO `service_permission_mapper` VALUES ('1d10f884-e051-4c2d-9571-dbbab64faa4a','RBObjects','DbxUser','getEAgreementPdfDownloaded','TYPE_ID_SMALL_BUSINESS','ALLOW');
INSERT INTO `service_permission_mapper` VALUES ('b2511012-0338-4585-a899-d2d698777630','RBObjects','Accounts','fetchBankDetails','TYPE_ID_SMALL_BUSINESS','ALLOW');
INSERT INTO `service_permission_mapper` VALUES ('eb2732fe-d159-445b-a6da-d18c07b3fef3','RBObjects','TrackDeviceRegistration','trackDeviceRegistration','TYPE_ID_SMALL_BUSINESS','ALLOW');
INSERT INTO `service_permission_mapper` VALUES ('63775351-bc36-490c-8aa8-0043085f4355','RBObjects','Organization','getDbxOrganizationUsers','TYPE_ID_SMALL_BUSINESS','ALLOW');
INSERT INTO `service_permission_mapper` VALUES ('6080cab9-35b4-49f0-aa13-bacfac7171b7','RBObjects','User','verifyPin','TYPE_ID_SMALL_BUSINESS','ALLOW');
INSERT INTO `service_permission_mapper` VALUES ('f6496e25-d826-43be-855b-18b63ff998e1','RBObjects','Transactions','getUserCompletedBillHistory','TYPE_ID_SMALL_BUSINESS','ALLOW');
INSERT INTO `service_permission_mapper` VALUES ('162ba529-32de-4aef-b3f5-dfa063a71ae5','CustomerFeedback','Feedback','create','TYPE_ID_SMALL_BUSINESS','ALLOW');
INSERT INTO `service_permission_mapper` VALUES ('12f28747-1cec-412c-bc6d-0694825d80e3','RBObjects','DbxUser','ResendActivationLink','TYPE_ID_SMALL_BUSINESS','ALLOW');
INSERT INTO `service_permission_mapper` VALUES ('f4b54061-d2ae-4662-baba-1161865139f8','RBObjects','DbxUserAlerts','getCustomerAlertCategoryPreference','TYPE_ID_SMALL_BUSINESS','ALLOW');
INSERT INTO `service_permission_mapper` VALUES ('ad6d6f15-5f31-4d17-a2ba-f87a6bc88484','RBObjects','Cards','updateCardForAdmin','TYPE_ID_SMALL_BUSINESS','ALLOW');
INSERT INTO `service_permission_mapper` VALUES ('629d029e-a39c-4d79-95bb-73f7b39215dd','RBObjects','Accounts','get','TYPE_ID_SMALL_BUSINESS','ALLOW');
INSERT INTO `service_permission_mapper` VALUES ('3099a02e-0d36-438e-8436-dbad2e6baf02','RBObjects','Payee','get','TYPE_ID_SMALL_BUSINESS','ALLOW');
INSERT INTO `service_permission_mapper` VALUES ('c9babcff-2cb1-45c7-ba6a-da1db478dbe0','RBObjects','Cards','getCardsByUsername','TYPE_ID_SMALL_BUSINESS','ALLOW');
INSERT INTO `service_permission_mapper` VALUES ('8ce7eeab-de0d-4673-a087-bd55cd54986e','RBObjects','Cards','partialupdate','TYPE_ID_SMALL_BUSINESS','ALLOW');
INSERT INTO `service_permission_mapper` VALUES ('0766c8e4-336a-4deb-8eb8-085f87dc088f','BackgroundVerification','ApplicantVerification','verifyExistingUserName','TYPE_ID_SMALL_BUSINESS','ALLOW');
INSERT INTO `service_permission_mapper` VALUES ('5b485fcb-a712-46dc-b698-59bda526f589','RBObjects','Transactions','getDisputedTransactions','TYPE_ID_SMALL_BUSINESS','ALLOW');
INSERT INTO `service_permission_mapper` VALUES ('b0ebdab6-589f-4d69-83fe-1cac42bae2f1','RBObjects','User','updateOrganizationEmployee','TYPE_ID_SMALL_BUSINESS','ALLOW');
INSERT INTO `service_permission_mapper` VALUES ('eec82b7b-716e-45d5-853f-e6e3d3983ba3','RBObjects','DbxUser','getPasswordRules','TYPE_ID_SMALL_BUSINESS','ALLOW');
INSERT INTO `service_permission_mapper` VALUES ('7819aba4-f977-4b38-9ee3-b41e0f648868','RBObjects','DbxUser','createCustomerMock','TYPE_ID_SMALL_BUSINESS','ALLOW');
INSERT INTO `service_permission_mapper` VALUES ('22f2fae9-f51e-4ef5-9c68-0df76c51fa30','RBObjects','DbxUser','verifyDbxUser','TYPE_ID_SMALL_BUSINESS','ALLOW');
INSERT INTO `service_permission_mapper` VALUES ('5e23f846-a713-462d-85aa-6f18ba51afb3','RBObjects','Accounts','getAccountsPostLogin','TYPE_ID_SMALL_BUSINESS','ALLOW');
INSERT INTO `service_permission_mapper` VALUES ('ce273264-1aee-495c-bce6-5891051ed58b','RBObjects','Transactions','createDisputedTransaction','TYPE_ID_SMALL_BUSINESS','ALLOW');
INSERT INTO `service_permission_mapper` VALUES ('1ad1856d-c11e-410a-be4a-f0f663792f86','RBObjects','Transactions','getPendingCardlessTransactions','TYPE_ID_SMALL_BUSINESS','ALLOW');
INSERT INTO `service_permission_mapper` VALUES ('f133b9f7-d8a3-403d-95a9-33995b4067cd','RBObjects','DbxUser','SetOrgEmployeePassword','TYPE_ID_SMALL_BUSINESS','ALLOW');
INSERT INTO `service_permission_mapper` VALUES ('309b30e4-9b3b-4535-ab3b-75ac9b2e186e','RBObjects','DbxUser','verifyOTPPreLoginEnroll','TYPE_ID_SMALL_BUSINESS','ALLOW');
INSERT INTO `service_permission_mapper` VALUES ('bd31f275-932d-43b2-8c45-6960ac9b57dd','RBObjects','User','getNewBrowserCheck','TYPE_ID_SMALL_BUSINESS','ALLOW');
INSERT INTO `service_permission_mapper` VALUES ('5fa6e57a-cf4b-47b9-a347-055c9b92b52f','RBObjects','BillerCategory','get','TYPE_ID_SMALL_BUSINESS','ALLOW');
INSERT INTO `service_permission_mapper` VALUES ('0f49dd45-edb8-4508-8344-1ac036576440','RBObjects','States','getAllRegions','TYPE_ID_SMALL_BUSINESS','ALLOW');
INSERT INTO `service_permission_mapper` VALUES ('3ac45299-0157-44cb-8702-96d0c0106eb8','RBObjects','Accounts','updateAccountPhoneNumber','TYPE_ID_SMALL_BUSINESS','ALLOW');
INSERT INTO `service_permission_mapper` VALUES ('86a0c0e7-7f5b-43f4-8ffe-d7e1995cfe5d','RBObjects','Country','get','TYPE_ID_SMALL_BUSINESS','ALLOW');
INSERT INTO `service_permission_mapper` VALUES ('858ef187-4ec7-4959-916d-ae694be8d56d','RBObjects','Transactions','getPendingUserTransactions','TYPE_ID_SMALL_BUSINESS','ALLOW');
INSERT INTO `service_permission_mapper` VALUES ('32dc03b7-6d85-418d-ba3d-e4619e91ffc6','RBObjects','User','updateCustomerDetails','TYPE_ID_SMALL_BUSINESS','SERVICE_ID_89');
INSERT INTO `service_permission_mapper` VALUES ('b471be9f-47c0-480d-b43b-98ea356b98bd','RBObjects','Transactions','getPostedCardlessTransactions','TYPE_ID_SMALL_BUSINESS','ALLOW');
INSERT INTO `service_permission_mapper` VALUES ('86b8ffd2-e193-4a38-ae25-eea694a2084a','RBObjects','Transactions','getStopCheckPaymentRequestTransactions','TYPE_ID_SMALL_BUSINESS','ALLOW');
INSERT INTO `service_permission_mapper` VALUES ('a5e8c755-af98-467a-ba57-ea1a26ce6450','RBObjects','DeviceRegistration','dbx_isDeviceRegistered','TYPE_ID_SMALL_BUSINESS','ALLOW');
INSERT INTO `service_permission_mapper` VALUES ('213edb28-b72a-41d0-925a-050f30311fa8','CustomerFeedback','Feedback','createCustomerFeedback','TYPE_ID_SMALL_BUSINESS','SERVICE_ID_87');
INSERT INTO `service_permission_mapper` VALUES ('8174d302-2de9-4cad-a1a3-3f807a356d11','RBObjects','NewAccount','create','TYPE_ID_SMALL_BUSINESS','ALLOW');
INSERT INTO `service_permission_mapper` VALUES ('09532ca5-c818-4570-9a0f-7131d676dfd7','RBObjects','UserAccountAlerts','get','TYPE_ID_SMALL_BUSINESS','ALLOW');
INSERT INTO `service_permission_mapper` VALUES ('1f7f5cb0-3c46-434f-8b17-3a7871742bf7','RBObjects','UserSecurityQuestions','create','TYPE_ID_SMALL_BUSINESS','ALLOW');
INSERT INTO `service_permission_mapper` VALUES ('4a39e0ed-7e26-463a-b736-21224a5ccecd','RBObjects','DbxUser','CreateOrganizationEmployee','TYPE_ID_SMALL_BUSINESS','ALLOW');
INSERT INTO `service_permission_mapper` VALUES ('a4e29414-2f75-4855-969a-eedd266c8e83','RBObjects','DbxUser','getUserNamePolicy','TYPE_ID_SMALL_BUSINESS','ALLOW');
INSERT INTO `service_permission_mapper` VALUES ('f34dcd6f-f0b7-4ebf-8171-04002e8d1b8a','AccountAggregation','SelectedAccounts','partialUpdate','TYPE_ID_SMALL_BUSINESS','ALLOW');
INSERT INTO `service_permission_mapper` VALUES ('2100663d-dde1-446b-b7b8-e5495bdd9415','RBObjects','DbxUser','verifyOTPPreLogin','TYPE_ID_SMALL_BUSINESS','ALLOW');
INSERT INTO `service_permission_mapper` VALUES ('ee042645-28a3-4c7c-88da-7e5369bdb35c','VerifyBackground','VerifyApplicant','verifyApplicant','TYPE_ID_SMALL_BUSINESS','ALLOW');
INSERT INTO `service_permission_mapper` VALUES ('aa27ec03-6893-4250-8337-ede4b67e2e33','RBObjects','Transactions','cancelScheduledTransactionOccurrence','TYPE_ID_SMALL_BUSINESS','ALLOW');
INSERT INTO `service_permission_mapper` VALUES ('01668f7b-a0d6-4495-8b64-6bd4782f02fd','AccountAggregation','ExternalBankIdentity','create','TYPE_ID_SMALL_BUSINESS','ALLOW');
INSERT INTO `service_permission_mapper` VALUES ('49e246d7-dfed-4626-8163-9eee9edbcee3','RBObjects','User','getCustomerContact','TYPE_ID_SMALL_BUSINESS','ALLOW');
INSERT INTO `service_permission_mapper` VALUES ('b76320ea-4101-4a39-8091-95e44f9e399f','AccountAggregation','MainUserSelectedAccounts','get','TYPE_ID_SMALL_BUSINESS','ALLOW');
INSERT INTO `service_permission_mapper` VALUES ('b2784569-b66d-4def-9fce-eb8ac24f6a20','RBObjects','Cards','getTravelNotificationStatus','TYPE_ID_SMALL_BUSINESS','ALLOW');
INSERT INTO `service_permission_mapper` VALUES ('0f9c8c59-9aff-40d3-9da5-f0decc4e8b1d','RBObjects','Transactions','getAccountTransactionByType','TYPE_ID_SMALL_BUSINESS','ALLOW');
INSERT INTO `service_permission_mapper` VALUES ('f5436ae5-83a9-4745-9048-70806a476e77','RBObjects','ExternalAccounts','getAllInternationalExternalAccounts','TYPE_ID_SMALL_BUSINESS','ALLOW');
INSERT INTO `service_permission_mapper` VALUES ('664af24a-37d5-4c56-975e-9f60a65a8580','RBObjects','Transactions','getPostedUserTransactions','TYPE_ID_SMALL_BUSINESS','ALLOW');
INSERT INTO `service_permission_mapper` VALUES ('1b1480bc-3d7c-462c-a93f-148785f2a430','RBObjects','Locations','getLocationList','TYPE_ID_SMALL_BUSINESS','ALLOW');
INSERT INTO `service_permission_mapper` VALUES ('a15a9aa3-d7be-423f-9020-06db659dd48a','RBObjects','Transactions','delete','TYPE_ID_SMALL_BUSINESS','ALLOW');
INSERT INTO `service_permission_mapper` VALUES ('04d53714-fb37-43e2-b329-0989e5cbc100','RBObjects','Messages','create','TYPE_ID_SMALL_BUSINESS','ALLOW');
INSERT INTO `service_permission_mapper` VALUES ('a3f2dafe-6c72-4c1f-aa10-55ffb1aab6b0','RBObjects','Accounts','getRecentAccounts','TYPE_ID_SMALL_BUSINESS','ALLOW');
INSERT INTO `service_permission_mapper` VALUES ('11ff6706-df31-4e74-848f-cdf3e6e21767','RBObjects','DbxUser','CreateDbxMicroBusinessUser','TYPE_ID_SMALL_BUSINESS','ALLOW');
INSERT INTO `service_permission_mapper` VALUES ('ab3bf6a7-1071-40a4-b9b1-67e026c10ec7','RBObjects','NewUser','verifyExistingUserByPhone','TYPE_ID_SMALL_BUSINESS','ALLOW');
INSERT INTO `service_permission_mapper` VALUES ('85262c98-95eb-499d-8161-7983925504e6','RBObjects','DbxUser','requestOTPPreLogin','TYPE_ID_SMALL_BUSINESS','ALLOW');
INSERT INTO `service_permission_mapper` VALUES ('2ab7c390-5a86-4f4b-b294-a81ddb159e1c','RBObjects','PayPerson','get','TYPE_ID_SMALL_BUSINESS','ALLOW');
INSERT INTO `service_permission_mapper` VALUES ('7ba513b0-69e2-4ac0-a6db-897f941c3a80','RBObjects','DbxUser','createGroup','TYPE_ID_SMALL_BUSINESS','ALLOW');
INSERT INTO `service_permission_mapper` VALUES ('dabe32c0-0345-4f63-bb44-1af97ea2e82b','RBObjects','DbxOrganization','unLinkOrgAccounts','TYPE_ID_SMALL_BUSINESS','ALLOW');
INSERT INTO `service_permission_mapper` VALUES ('b4156543-235b-4ac9-9f1a-784eb02cb715','RBObjects','User','checkBillPayEligibilityForUser','TYPE_ID_SMALL_BUSINESS','ALLOW');
INSERT INTO `service_permission_mapper` VALUES ('4c502bdd-9be4-490a-839d-bfab407acd1d','RBObjects','DbxUser','getUserNameRulesAndPolicy','TYPE_ID_SMALL_BUSINESS','ALLOW');
INSERT INTO `service_permission_mapper` VALUES ('0f0edb3c-b5cf-417b-80f7-5b83c3b2fa26','RBObjects','Locations','getLocationRange','TYPE_ID_SMALL_BUSINESS','ALLOW');
INSERT INTO `service_permission_mapper` VALUES ('833d9511-0a7c-46a2-bdcc-c216f548a325','RBObjects','DbxUser','verifyLoginMFASecurityQuestions','TYPE_ID_SMALL_BUSINESS','ALLOW');
INSERT INTO `service_permission_mapper` VALUES ('289daaa7-0e32-44b4-a274-ecb84acfa1fd','RBObjects','Cards','changePIN','TYPE_ID_SMALL_BUSINESS','SERVICE_ID_74');
INSERT INTO `service_permission_mapper` VALUES ('d7a6f9d2-8810-4773-864c-ab54cf0f0973','RBObjects','SecureMessaging','getRequests','TYPE_ID_SMALL_BUSINESS','ALLOW');
INSERT INTO `service_permission_mapper` VALUES ('d99a3034-4222-47ae-801d-42ed8ca6cba7','RBObjects','Transactions','getScheduledUserTransactions','TYPE_ID_SMALL_BUSINESS','ALLOW');
INSERT INTO `service_permission_mapper` VALUES ('2033bb29-c3e4-4433-acf8-0e0ff03d5ef9','RBObjects','DbxUser','sendDbxResetPasswordEmail','TYPE_ID_SMALL_BUSINESS','ALLOW');
INSERT INTO `service_permission_mapper` VALUES ('2ebc9437-f091-4ac1-955c-c5756a2e7bac','RBObjects','BillerCompany','get','TYPE_ID_SMALL_BUSINESS','ALLOW');
INSERT INTO `service_permission_mapper` VALUES ('07463431-7a09-4124-8afe-ba20d381567e','RBObjects','Transactions','getPendingDeposits','TYPE_ID_SMALL_BUSINESS','ALLOW');
INSERT INTO `service_permission_mapper` VALUES ('46a26910-bf83-4768-b502-617498a8ef38','RBObjects','DbxUser','getApplicantInfo','TYPE_ID_SMALL_BUSINESS','ALLOW');
INSERT INTO `service_permission_mapper` VALUES ('8801dbd9-2e1f-4314-ac2e-3f9d05968220','RBObjects','Country','getAllCountries','TYPE_ID_SMALL_BUSINESS','ALLOW');
INSERT INTO `service_permission_mapper` VALUES ('a4194d86-b7fb-4eb7-90f7-d7573aeb6150','RBObjects','DbxUser','verifyOTPPreLoginMB','TYPE_ID_SMALL_BUSINESS','ALLOW');
INSERT INTO `service_permission_mapper` VALUES ('2a7635ff-0339-4c2a-8b69-cc5a2b13c610','RBObjects','CheckOrder','create','TYPE_ID_SMALL_BUSINESS','ALLOW');
INSERT INTO `service_permission_mapper` VALUES ('7cccd209-97b2-4351-8ecb-f89fa388f9b6','RBObjects','Accounts','newAccountOpening','TYPE_ID_SMALL_BUSINESS','ALLOW');
INSERT INTO `service_permission_mapper` VALUES ('23ea74ee-a719-40c7-93bc-66bdae9431d1','RBObjects','AllLocations','getAllLocations','TYPE_ID_SMALL_BUSINESS','ALLOW');
INSERT INTO `service_permission_mapper` VALUES ('9f157d9e-612a-4f34-b88c-5b15a808e968','RBObjects','NewUserProducts','getAllProducts','TYPE_ID_SMALL_BUSINESS','ALLOW');
INSERT INTO `service_permission_mapper` VALUES ('874e3101-54c1-4410-991e-930bc6882026','RBObjects','SecureMessaging','CreateNewCustomerRequestWithoutAttachment','TYPE_ID_SMALL_BUSINESS','ALLOW');
INSERT INTO `service_permission_mapper` VALUES ('0f359fb8-f3c1-466d-91aa-415ae6966a5b','RBObjects','MessageCategory','get','TYPE_ID_SMALL_BUSINESS','ALLOW');
INSERT INTO `service_permission_mapper` VALUES ('1346695b-a7b0-4b02-a6b7-ccda6ca7a5cf','RBObjects','Locations','getAddressSuggestions','TYPE_ID_SMALL_BUSINESS','ALLOW');
INSERT INTO `service_permission_mapper` VALUES ('5ad145bb-2e3a-4d32-af3d-e68aacba3fb9','RBObjects','States','getAllCities','TYPE_ID_SMALL_BUSINESS','ALLOW');
INSERT INTO `service_permission_mapper` VALUES ('1671dc44-c19a-4ce9-8190-ebc7da92b7a5','AccountAggregation','SingleAccountDetails','get','TYPE_ID_SMALL_BUSINESS','ALLOW');
INSERT INTO `service_permission_mapper` VALUES ('b67662ea-f8b3-47b8-83e5-e07322064c27','RBObjects','Cards','get','TYPE_ID_SMALL_BUSINESS','ALLOW');
INSERT INTO `service_permission_mapper` VALUES ('5caf1148-e91e-4a41-9b57-74aa81c7f977','RBObjects','ExternalAccounts','getFrequentOtherBankAccount','TYPE_ID_SMALL_BUSINESS','ALLOW');
INSERT INTO `service_permission_mapper` VALUES ('4014c733-7db1-449c-a3e2-3d77ce236f91','RBObjects','Transactions','getAccountPostedTransactions','TYPE_ID_SMALL_BUSINESS','ALLOW');
INSERT INTO `service_permission_mapper` VALUES ('d95f556e-ebfc-40ec-aa8d-6c27e14605dd','RBObjects','Cards','createCardRequest','TYPE_ID_SMALL_BUSINESS','ALLOW');
INSERT INTO `service_permission_mapper` VALUES ('24f7fc23-06b3-4668-95d7-182253ce5ae1','RBObjects','OutageMessage','deleteOutageMessage','TYPE_ID_SMALL_BUSINESS','ALLOW');
INSERT INTO `service_permission_mapper` VALUES ('8bd13504-49e4-4599-b3bc-aed2caac106d','RBObjects','DbxUser','verifyUpdateSecurityQuestionsOTP','TYPE_ID_SMALL_BUSINESS','ALLOW');
INSERT INTO `service_permission_mapper` VALUES ('e436d9d5-a4a9-42ad-9670-7fca7ae21a11','RBObjects','Phone','getAllPhones','TYPE_ID_SMALL_BUSINESS','ALLOW');
INSERT INTO `service_permission_mapper` VALUES ('4955a93f-76a6-4295-b985-1846a4058428','RBObjects','Accounts','getAllAccounts','TYPE_ID_SMALL_BUSINESS','ALLOW');
INSERT INTO `service_permission_mapper` VALUES ('c65348f3-1285-439a-83b3-d14782bfe818','RBObjects','NewUserSecurityQuestions','get','TYPE_ID_SMALL_BUSINESS','ALLOW');
INSERT INTO `service_permission_mapper` VALUES ('c0723b83-037c-4978-b780-9dc2b108baa5','RBObjects','DbxUser','updateOrgemloyee','TYPE_ID_SMALL_BUSINESS','ALLOW');
INSERT INTO `service_permission_mapper` VALUES ('03099742-0419-4f13-8bab-309affb0db1a','RBObjects','DbxUser','OFACAndCIPChecks','TYPE_ID_SMALL_BUSINESS','ALLOW');
INSERT INTO `service_permission_mapper` VALUES ('f192e357-2674-4583-a366-548c024ff7e9','RBObjects','Applicant','createApplicantForAdmin','TYPE_ID_SMALL_BUSINESS','ALLOW');
INSERT INTO `service_permission_mapper` VALUES ('ad2cf52b-8be0-48a9-8253-9cb3b99ef500','RBObjects','BillerMaster','getBillerByAccountNumber','TYPE_ID_SMALL_BUSINESS','ALLOW');
INSERT INTO `service_permission_mapper` VALUES ('607a4d5c-9110-460f-b95a-806f2ed8adf3','RBObjects','User','customUpdate','TYPE_ID_SMALL_BUSINESS','ALLOW');
INSERT INTO `service_permission_mapper` VALUES ('4227b028-345f-4b56-8125-09e9cb03fce5','RBObjects','User','createTransfer','TYPE_ID_SMALL_BUSINESS','ALLOW');
INSERT INTO `service_permission_mapper` VALUES ('e7ff7dd7-926e-43e8-9c5c-37e7f207b0da','RBObjects','User','requestOTP','TYPE_ID_SMALL_BUSINESS','ALLOW');
INSERT INTO `service_permission_mapper` VALUES ('ac052d35-66d3-42c9-a664-483dd4b062a2','RBObjects','User','lockUnlockDbxUser','TYPE_ID_SMALL_BUSINESS','ALLOW');
INSERT INTO `service_permission_mapper` VALUES ('412816b6-812f-4897-b4a0-5cf8280adb06','RBObjects','DbxUser','get','TYPE_ID_SMALL_BUSINESS','ALLOW');
INSERT INTO `service_permission_mapper` VALUES ('c3586b81-289b-4009-bfe8-73df3c98bd27','RBObjects','AccountStatement','showDownloadStatements','TYPE_ID_SMALL_BUSINESS','ALLOW');
INSERT INTO `service_permission_mapper` VALUES ('dbd9cbe9-64f7-4449-a9b0-ed8cbd766fc7','RBObjects','Transactions','getScheduledAccountTransactions','TYPE_ID_SMALL_BUSINESS','ALLOW');
INSERT INTO `service_permission_mapper` VALUES ('2de84477-f6ea-445f-aa55-1da6b58a051c','RBObjects','User','checkDbxUserEnrolled','TYPE_ID_SMALL_BUSINESS','ALLOW');
INSERT INTO `service_permission_mapper` VALUES ('972ae568-3529-4bca-8612-535303627830','RBObjects','DeviceRegistration','dbx_updateCustomerDeviceInfo','TYPE_ID_SMALL_BUSINESS','ALLOW');
INSERT INTO `service_permission_mapper` VALUES ('8f0e44ea-4da8-44c8-9f72-511d98aca847','RBObjects','DbxUser','sendKMSSMS','TYPE_ID_SMALL_BUSINESS','ALLOW');
INSERT INTO `service_permission_mapper` VALUES ('24cd944b-acd1-4ec9-ad21-6889e49eb408','RBObjects','Transactions','getPostedTransfersAndP2pTransactions','TYPE_ID_SMALL_BUSINESS','ALLOW');
INSERT INTO `service_permission_mapper` VALUES ('76128911-7171-43ea-b3ab-1feebe990b0d','RBObjects','DbxUser','requestLoginMFAOTP','TYPE_ID_SMALL_BUSINESS','ALLOW');
INSERT INTO `service_permission_mapper` VALUES ('6fcb7ffd-55e2-432c-841c-592ff6bd0242','RBObjects','DbxUser','requestOTPPreLoginMB','TYPE_ID_SMALL_BUSINESS','ALLOW');
INSERT INTO `service_permission_mapper` VALUES ('7e8a3abf-588b-4a6e-b5a1-64ccd23597d3','RBObjects','PFMTransactions','get','TYPE_ID_SMALL_BUSINESS','ALLOW');
INSERT INTO `service_permission_mapper` VALUES ('19cb99db-ea85-4446-af3d-b869b8246279','RBObjects','Product','getUserProductList','TYPE_ID_SMALL_BUSINESS','ALLOW');
INSERT INTO `service_permission_mapper` VALUES ('842724a5-db92-44b5-8c0d-6e3ded25621d','RBObjects','UserAccountAlerts','partialupdate','TYPE_ID_SMALL_BUSINESS','ALLOW');
INSERT INTO `service_permission_mapper` VALUES ('3e3e0d86-d19a-45b6-a586-717f64ad99a7','RBObjects','Transactions','isSecondFactorAuthenticationRequired','TYPE_ID_SMALL_BUSINESS','ALLOW');
INSERT INTO `service_permission_mapper` VALUES ('7f7e2f8a-9d0b-48c0-a431-9cf1e73592a7','RBObjects','DbxUser','requestMFAOTP','TYPE_ID_SMALL_BUSINESS','ALLOW');
INSERT INTO `service_permission_mapper` VALUES ('75bee331-27d9-423b-882c-8bfb6384cf3f','RBObjects','NewUser','getUserPersonalInfo','TYPE_ID_SMALL_BUSINESS','ALLOW');
INSERT INTO `service_permission_mapper` VALUES ('bf8f349b-f3a7-4949-90f6-f3c8f06d73b8','RBObjects','Transactions','getAllTransactionsForAdmin','TYPE_ID_SMALL_BUSINESS','ALLOW');
INSERT INTO `service_permission_mapper` VALUES ('32c7208f-7fca-4070-934f-88c125b8c603','RBObjects','Transactions','partialupdate','TYPE_ID_SMALL_BUSINESS','ALLOW');
INSERT INTO `service_permission_mapper` VALUES ('6291f813-5427-41cb-ba34-4ac3a91a325c','RBObjects','DbxUser','verifyDbxUserName','TYPE_ID_SMALL_BUSINESS','ALLOW');
INSERT INTO `service_permission_mapper` VALUES ('2d6d36b3-90cd-45e6-8ef0-11b0f38854b5','RBObjects','DbxUser','sendKMSEmail','TYPE_ID_SMALL_BUSINESS','ALLOW');
INSERT INTO `service_permission_mapper` VALUES ('68952836-7aff-40a5-8597-7824e19b28da','RBObjects','DbxUser','updateCustomerProfile','TYPE_ID_SMALL_BUSINESS','ALLOW');
INSERT INTO `service_permission_mapper` VALUES ('624f796a-aa51-44a3-a8bf-74a2bf0c38e6','RBObjects','Accounts','unLinkOrgAccounts','TYPE_ID_SMALL_BUSINESS','ALLOW');
INSERT INTO `service_permission_mapper` VALUES ('486e2bbe-f619-4d9a-87bd-e285f6f3f6f2','RBObjects','DbxUser','getOrganizationUserDetails','TYPE_ID_SMALL_BUSINESS','ALLOW');
INSERT INTO `service_permission_mapper` VALUES ('f8728daf-40ac-4801-a208-e5780400105f','RBObjects','Transactions','createTransfer','TYPE_ID_SMALL_BUSINESS','ALLOW');
INSERT INTO `service_permission_mapper` VALUES ('96cecd5d-1177-4635-9ef6-9bb4f1128baa','RBObjects','DbxUser','partialupdate','TYPE_ID_SMALL_BUSINESS','ALLOW');
INSERT INTO `service_permission_mapper` VALUES ('a8748892-2fe4-4300-96f1-f1786630dfd5','RBObjects','SecurityQuestions','createCustomerSecurityQuestions','TYPE_ID_SMALL_BUSINESS','ALLOW');
INSERT INTO `service_permission_mapper` VALUES ('e112bfd1-3d4c-4a59-aafe-522b5b8fb1d2','RBObjects','Transactions','getUsersScheduledBill','TYPE_ID_SMALL_BUSINESS','ALLOW');
INSERT INTO `service_permission_mapper` VALUES ('37bbeefe-3116-495f-9b25-9295fd5ff749','RBObjects','Bills','getDueBillsForPayee','TYPE_ID_SMALL_BUSINESS','ALLOW');
INSERT INTO `service_permission_mapper` VALUES ('25dd453c-5663-4e3b-8d51-7874871b4c68','RBObjects','DbxUser','editBBCustomerServiceLimit','TYPE_ID_SMALL_BUSINESS','ALLOW');
INSERT INTO `service_permission_mapper` VALUES ('4a1b5b7d-13e6-4f99-8e58-29e3884b8b9f','RBObjects','UserAlerts','partialupdate','TYPE_ID_SMALL_BUSINESS','ALLOW');
INSERT INTO `service_permission_mapper` VALUES ('fc4cf7b9-f6e5-47d5-8285-bb8e1bd070b5','RBObjects','NewUser','create','TYPE_ID_SMALL_BUSINESS','ALLOW');
INSERT INTO `service_permission_mapper` VALUES ('22549ac2-c94d-4312-a91a-ef9e2865ea22','RBObjects','Accounts','updateUserAccountSettings','TYPE_ID_SMALL_BUSINESS','ALLOW');
INSERT INTO `service_permission_mapper` VALUES ('7960f972-e15f-431b-8d2c-0d5a9e08a281','RBObjects','Ads','get','TYPE_ID_SMALL_BUSINESS','ALLOW');
INSERT INTO `service_permission_mapper` VALUES ('93429481-d9f8-42e5-8275-3371b4b30162','RBObjects','TimePeriod','get','TYPE_ID_SMALL_BUSINESS','ALLOW');
INSERT INTO `service_permission_mapper` VALUES ('bab993d1-bd3e-49fa-b968-79629e09630b','RBObjects','Informationcontent','getContactUs','TYPE_ID_SMALL_BUSINESS','ALLOW');
INSERT INTO `service_permission_mapper` VALUES ('277ebb48-3855-43c2-a435-4bec4e2d1a33','RBObjects','DbxUser','getUserNameAndPasswordPolicies','TYPE_ID_SMALL_BUSINESS','ALLOW');
INSERT INTO `service_permission_mapper` VALUES ('b12fe1d4-65c7-4ad8-aec1-c5d357703b94','RBObjects','OutageMessage','getOutageMessage','TYPE_ID_SMALL_BUSINESS','ALLOW');
INSERT INTO `service_permission_mapper` VALUES ('97e2ce9c-6678-4a80-bc8d-bb8fd4fd7c26','RBObjects','Transactions','verifyTrialDeposit','TYPE_ID_SMALL_BUSINESS','ALLOW');
INSERT INTO `service_permission_mapper` VALUES ('c234e415-7159-4b8f-8582-21c843f4dc1e','RBObjects','User','getPasswordPolicies','TYPE_ID_SMALL_BUSINESS','ALLOW');
INSERT INTO `service_permission_mapper` VALUES ('1a8f7be1-87b9-44d6-bf23-5ca9a01752e7','RBObjects','Organization','createDbxOrganization','TYPE_ID_SMALL_BUSINESS','ALLOW');
INSERT INTO `service_permission_mapper` VALUES ('8f3c8951-3335-429e-8eb8-30752d6ef81f','RBObjects','Notifications','partialupdate','TYPE_ID_SMALL_BUSINESS','ALLOW');
INSERT INTO `service_permission_mapper` VALUES ('441836a8-fb48-4f24-8573-e5dfc9bb89da','RBObjects','BillerMaster','get','TYPE_ID_SMALL_BUSINESS','ALLOW');
INSERT INTO `service_permission_mapper` VALUES ('bae7a895-804d-44b0-8e8a-5ca222f130b2','RBObjects','DbxUser','smsOTP','TYPE_ID_SMALL_BUSINESS','ALLOW');
INSERT INTO `service_permission_mapper` VALUES ('fb06df94-ab9b-4269-9102-66ae4bab2ddf','RBObjects','Bills','get','TYPE_ID_SMALL_BUSINESS','ALLOW');
INSERT INTO `service_permission_mapper` VALUES ('a1cda329-1a64-4ec2-9427-c621855029da','RBObjects','Transactions','getRecentAccountTransactions','TYPE_ID_SMALL_BUSINESS','ALLOW');
INSERT INTO `service_permission_mapper` VALUES ('e3eb8e36-e067-4013-98a1-f733a021a36c','RBObjects','Messages','partialupdate','TYPE_ID_SMALL_BUSINESS','ALLOW');
INSERT INTO `service_permission_mapper` VALUES ('a4a9baf5-855b-4a6e-8721-98a2b32ef054','RBObjects','DbxUser','verifyLoginMFAOTP','TYPE_ID_SMALL_BUSINESS','ALLOW');
INSERT INTO `service_permission_mapper` VALUES ('515676fb-2ef4-4164-9e95-0683b6165edd','RBObjects','Applicant','createApplicant','TYPE_ID_SMALL_BUSINESS','SERVICE_ID_97');
INSERT INTO `service_permission_mapper` VALUES ('470b7f8b-dde8-49a6-97cc-384478c29fc9','RBObjects','User','createOLBUser','TYPE_ID_SMALL_BUSINESS','ALLOW');
INSERT INTO `service_permission_mapper` VALUES ('42d5d7d3-551f-4bb3-a928-77e4cf468984','RBObjects','ExternalAccounts','getOtherBankAccount','TYPE_ID_SMALL_BUSINESS','ALLOW');
INSERT INTO `service_permission_mapper` VALUES ('4238f7ec-70a3-4b80-8113-2b46acb2a699','RBObjects','SecurityQuestions','getRandomCustomerSecurityQuestions','TYPE_ID_SMALL_BUSINESS','ALLOW');
INSERT INTO `service_permission_mapper` VALUES ('f14ab769-5d0b-49c2-9080-2340d7402c0c','AccountAggregation','ExternalTransactionsAggregation','get','TYPE_ID_SMALL_BUSINESS','ALLOW');
INSERT INTO `service_permission_mapper` VALUES ('ff293f21-5d77-4399-b42f-29b2d9e740e5','RBObjects','Products','get','TYPE_ID_SMALL_BUSINESS','ALLOW');
INSERT INTO `service_permission_mapper` VALUES ('673c332a-6102-4337-8517-ce465b3cd45e','RBObjects','UserSecurityQuestions','verifyUserSecurityQuestions','TYPE_ID_SMALL_BUSINESS','ALLOW');
INSERT INTO `service_permission_mapper` VALUES ('230d288e-fed8-4d3f-a693-fcffb6499876','RBObjects','Locations','getLocationAddress','TYPE_ID_SMALL_BUSINESS','ALLOW');
INSERT INTO `service_permission_mapper` VALUES ('837d1d2d-1934-4dc6-bc1f-c5539aac4209','RBObjects','PayPerson','deletePayPerson','TYPE_ID_SMALL_BUSINESS','ALLOW');
INSERT INTO `service_permission_mapper` VALUES ('7b313a92-94dc-4297-8df9-618524ee59d1','RBObjects','User','verifyOTP','TYPE_ID_SMALL_BUSINESS','ALLOW');
INSERT INTO `service_permission_mapper` VALUES ('63939b33-c9c5-42ed-9c11-b0374a920fcd','RBObjects','DbxUser','requestPreLoginOTP','TYPE_ID_SMALL_BUSINESS','ALLOW');
INSERT INTO `service_permission_mapper` VALUES ('ddc03204-3c4b-45ea-805a-24d1f6efe861','RBObjects','Messages','customDelete','TYPE_ID_SMALL_BUSINESS','ALLOW');
INSERT INTO `service_permission_mapper` VALUES ('8d690ca4-ee00-43e9-82de-6ccb1b4ba001','RBObjects','DbxUser','createDbxCustomer','TYPE_ID_SMALL_BUSINESS','ALLOW');
INSERT INTO `service_permission_mapper` VALUES ('16de0bc8-9320-4a76-93a7-9ae36298c992','RBObjects','Informationcontent','getPrivacyPolicy','TYPE_ID_SMALL_BUSINESS','ALLOW');
INSERT INTO `service_permission_mapper` VALUES ('5dbdca8d-90bd-4700-86e3-f27b149acc5c','RBObjects','DbxUserAlerts','getCustomerAlertTypePreference','TYPE_ID_SMALL_BUSINESS','ALLOW');
INSERT INTO `service_permission_mapper` VALUES ('2adc8e54-7c21-430a-8a61-a701cf1dc267','AccountAggregation','MainUserBankSelectedAccounts','get','TYPE_ID_SMALL_BUSINESS','ALLOW');
INSERT INTO `service_permission_mapper` VALUES ('87122dfb-d9f3-46c3-8d83-f7229403df30','RBObjects','States','get','TYPE_ID_SMALL_BUSINESS','ALLOW');
INSERT INTO `service_permission_mapper` VALUES ('f20a96c0-fe81-4459-9074-a154c95031cd','RBObjects','User','activateBillPaymentForUser','TYPE_ID_SMALL_BUSINESS','ALLOW');
INSERT INTO `service_permission_mapper` VALUES ('80db8b54-d6c4-46b7-98b8-b8f7d9c45a33','RBObjects','Informationcontent','getAboutUs','TYPE_ID_SMALL_BUSINESS','ALLOW');
INSERT INTO `service_permission_mapper` VALUES ('bb2f6709-c921-44a9-bb1f-436452c332b7','RBObjects','DeviceRegistration','dbx_registerCustomerDevice','TYPE_ID_SMALL_BUSINESS','ALLOW');
INSERT INTO `service_permission_mapper` VALUES ('b20d0ec3-c967-4191-a809-220ba1c323ed','AccountAggregation','SelectedAccounts','get','TYPE_ID_SMALL_BUSINESS','ALLOW');
INSERT INTO `service_permission_mapper` VALUES ('fc94df5e-7120-4c04-9dc5-12f37e1b65ee','RBObjects','DbxUser','updateDBXUserStatus','TYPE_ID_SMALL_BUSINESS','ALLOW');
INSERT INTO `service_permission_mapper` VALUES ('ebb037e3-ca27-4aaa-898d-c231bb567706','RBObjects','User','updateSecureAccessCode','TYPE_ID_SMALL_BUSINESS','ALLOW');
INSERT INTO `service_permission_mapper` VALUES ('cd02e244-b4f7-4f4e-bd48-9083b425bedb','RBObjects','Cards','updateTravelNotification','TYPE_ID_SMALL_BUSINESS','ALLOW');
INSERT INTO `service_permission_mapper` VALUES ('8cd61b7a-cb94-433c-879a-7323f0e8196f','RBObjects','Payee','partialupdate','TYPE_ID_SMALL_BUSINESS','ALLOW');
INSERT INTO `service_permission_mapper` VALUES ('b9de8ccc-f020-4baa-91cb-7ea37065f836','RBObjects','Notifications','get','TYPE_ID_SMALL_BUSINESS','ALLOW');
INSERT INTO `service_permission_mapper` VALUES ('397e8dc0-8778-4d65-97d9-2f8418239aa9','RBObjects','Informationcontent','get','TYPE_ID_SMALL_BUSINESS','ALLOW');
INSERT INTO `service_permission_mapper` VALUES ('5654f914-7a0e-4e6a-b8f7-52fb238b7d14','BackgroundVerification','ApplicantVerification','verifyExistingUserByEmail','TYPE_ID_SMALL_BUSINESS','ALLOW');
INSERT INTO `service_permission_mapper` VALUES ('6c4b3ed4-3997-472b-9481-2c1b37056b02','RBObjects','DbxUser','downloadEAgreementPdf','TYPE_ID_SMALL_BUSINESS','ALLOW');
INSERT INTO `service_permission_mapper` VALUES ('d11c1cf2-a2c0-47e4-b3d9-f2358c412797','RBObjects','ChartTransactions','get','TYPE_ID_SMALL_BUSINESS','ALLOW');
INSERT INTO `service_permission_mapper` VALUES ('cc82f08a-2bb5-444e-8b8d-b3af6e7d683c','RBObjects','Transactions','getExternalAccountTransactions','TYPE_ID_SMALL_BUSINESS','ALLOW');
INSERT INTO `service_permission_mapper` VALUES ('61442a62-1776-4be4-a671-d2d6fe6979a0','RBObjects','SecureMessaging','getRequestCategory','TYPE_ID_SMALL_BUSINESS','ALLOW');
INSERT INTO `service_permission_mapper` VALUES ('94d99054-1b36-4d03-a7f6-e932f6e29920','RBObjects','UserAlerts','get','TYPE_ID_SMALL_BUSINESS','ALLOW');
INSERT INTO `service_permission_mapper` VALUES ('c292bd21-ede9-401e-b003-d267dbe7f7c6','RBObjects','Bills','getBillsForBiller','TYPE_ID_SMALL_BUSINESS','ALLOW');
INSERT INTO `service_permission_mapper` VALUES ('64c03371-0007-41e3-989b-4bb06798fdbf','RBObjects','Transactions','downloadfile','TYPE_ID_SMALL_BUSINESS','ALLOW');
INSERT INTO `service_permission_mapper` VALUES ('e0d6297b-fa5f-49ad-b559-7bf90e8e122d','RBObjects','Transactions','create','TYPE_ID_SMALL_BUSINESS','SERVICE_ID_1,SERVICE_ID_10,SERVICE_ID_11,SERVICE_ID_12,SERVICE_ID_13,SERVICE_ID_14,SERVICE_ID_15,SERVICE_ID_2,SERVICE_ID_3,SERVICE_ID_4');
INSERT INTO `service_permission_mapper` VALUES ('bd18d1db-22ef-4b9a-bb89-83668d20bbc1','RBObjects','DbxUser','CreateDbxMicroBusinessOwner','TYPE_ID_SMALL_BUSINESS','ALLOW');
INSERT INTO `service_permission_mapper` VALUES ('15769f9f-c22f-4ff0-b78b-727aa2f01604','RBObjects','Phone','createPhone','TYPE_ID_SMALL_BUSINESS','ALLOW');
INSERT INTO `service_permission_mapper` VALUES ('e29bf0a5-c9c5-41d3-a581-0566a636c225','RBObjects','Payee','delete','TYPE_ID_SMALL_BUSINESS','SERVICE_ID_103');
INSERT INTO `service_permission_mapper` VALUES ('38318a78-bd9b-47fa-a836-ec7b55a69a38','RBObjects','Country','getCountryCodes','TYPE_ID_SMALL_BUSINESS','ALLOW');
INSERT INTO `service_permission_mapper` VALUES ('0c326692-be16-4a2f-83a6-c1f51a95aeee','RBObjects','Membership','get','TYPE_ID_SMALL_BUSINESS','ALLOW');
INSERT INTO `service_permission_mapper` VALUES ('69a52f3b-829e-4dae-ace2-93abb83bfb4b','RBObjects','Messages','get','TYPE_ID_SMALL_BUSINESS','ALLOW');
INSERT INTO `service_permission_mapper` VALUES ('ea37e954-5a2d-4731-900f-8660566ed58a','RBObjects','DeviceRegistration','customCreate','TYPE_ID_SMALL_BUSINESS','ALLOW');
INSERT INTO `service_permission_mapper` VALUES ('59672bd7-e135-4fff-977e-c191aa586b29','RBObjects','DbxUser','getDbxUserStatus','TYPE_ID_SMALL_BUSINESS','ALLOW');
INSERT INTO `service_permission_mapper` VALUES ('673a87c8-ec4c-4f25-abb1-f1647cba0512','RBObjects','ExternalAccounts','get','TYPE_ID_SMALL_BUSINESS','ALLOW');
INSERT INTO `service_permission_mapper` VALUES ('8a910d03-2f63-4fb9-91b9-e1c6f3a5db79','RBObjects','Transactions','getPayPersonHistory','TYPE_ID_SMALL_BUSINESS','ALLOW');
INSERT INTO `service_permission_mapper` VALUES ('2af1829c-cc84-43b9-a406-f77c1a451bd0','RBObjects','DbxUser','getPasswordLockoutSettings','TYPE_ID_SMALL_BUSINESS','ALLOW');
INSERT INTO `service_permission_mapper` VALUES ('07b04aca-995e-443e-b3e7-679afbdeda7c','RBObjects','ExternalAccounts','getSameBankAccount','TYPE_ID_SMALL_BUSINESS','ALLOW');
INSERT INTO `service_permission_mapper` VALUES ('96b0ba7a-8f81-48dd-b0de-7b5f7e6105ed','RBObjects','User','getAllEntitlements','TYPE_ID_SMALL_BUSINESS','ALLOW');
INSERT INTO `service_permission_mapper` VALUES ('ed1a8689-6206-4455-ab9b-fd05548be440','RBObjects','Informationcontent','getTermsAndConditions','TYPE_ID_SMALL_BUSINESS','ALLOW');
INSERT INTO `service_permission_mapper` VALUES ('bba7dadf-ffb0-4a79-8dc8-8104e8687c65','AccountAggregation','SelectedAccounts','delete','TYPE_ID_SMALL_BUSINESS','ALLOW');
INSERT INTO `service_permission_mapper` VALUES ('46a35fc7-a0a7-44f4-add7-bd64cada7a05','BackgroundVerification','ApplicantVerification','verifyUserByGeotrace','TYPE_ID_SMALL_BUSINESS','ALLOW');
INSERT INTO `service_permission_mapper` VALUES ('74583ebb-cb2d-4518-ab0d-a28d5d3ad644','RBObjects','DbxUser','getBBCustomerServiceLimit','TYPE_ID_SMALL_BUSINESS','ALLOW');
INSERT INTO `service_permission_mapper` VALUES ('1c3e9463-e4e2-4783-bbf8-5b89b019b255','RBObjects','User','lockUnlockUser','TYPE_ID_SMALL_BUSINESS','ALLOW');
INSERT INTO `service_permission_mapper` VALUES ('2ae6ba9e-0652-41fa-b565-745085f38338','AccountAggregation','ExternalBanks','get','TYPE_ID_SMALL_BUSINESS','ALLOW');
INSERT INTO `service_permission_mapper` VALUES ('3b9a6a23-bd8a-4b75-b955-79d3b1087358','RBObjects','UserAlerts','getAllAlerts','TYPE_ID_SMALL_BUSINESS','ALLOW');
INSERT INTO `service_permission_mapper` VALUES ('57d74abe-2e72-4e18-9186-1d513b8f7497','RBObjects','DbxUser','resetUserPasswordFromEmail','TYPE_ID_SMALL_BUSINESS','ALLOW');
INSERT INTO `service_permission_mapper` VALUES ('04ad01f2-24b8-411c-99d8-14e7487a336f','RBObjects','Organization','getDbxOrganizationDetails','TYPE_ID_SMALL_BUSINESS','ALLOW');
INSERT INTO `service_permission_mapper` VALUES ('47d58d12-0276-4fc6-af32-d638cd37e3cd','RBObjects','DbxUser','getMFAServiceConfig','TYPE_ID_SMALL_BUSINESS','ALLOW');
INSERT INTO `service_permission_mapper` VALUES ('215e7f6a-f30d-4ca8-a6d7-bf14f56b836b','RBObjects','ExternalAccounts','getUnverifiedExternalAccounts','TYPE_ID_SMALL_BUSINESS','ALLOW');
INSERT INTO `service_permission_mapper` VALUES ('8ad8cdcd-2739-4f2e-a843-b18786d3fbe8','RBObjects','PFMAccounts','getPFMAccounts','TYPE_ID_SMALL_BUSINESS','ALLOW');
INSERT INTO `service_permission_mapper` VALUES ('7e1f4770-73f9-46c9-bc45-a85e17bfd07a','RBObjects','DbxUser','CreateMicroOrganizationEmployee','TYPE_ID_SMALL_BUSINESS','ALLOW');
INSERT INTO `service_permission_mapper` VALUES ('e7a0249c-8560-493c-b750-56d9503317d5','RBObjects','DeviceRegistration','create','TYPE_ID_SMALL_BUSINESS','ALLOW');
INSERT INTO `service_permission_mapper` VALUES ('6260f096-7237-4aed-a6f0-8a26c3dcf04f','RBObjects','AccountStatement','get','TYPE_ID_SMALL_BUSINESS','ALLOW');
INSERT INTO `service_permission_mapper` VALUES ('c9477bf3-9d25-4154-8b50-e38eda4ef17e','RBObjects','Accounts','getMembershipAccounts','TYPE_ID_SMALL_BUSINESS','ALLOW');
INSERT INTO `service_permission_mapper` VALUES ('a90c41e8-88a9-4915-bbab-2308906f0e2c','RBObjects','InterestRates','get','TYPE_ID_SMALL_BUSINESS','ALLOW');
INSERT INTO `service_permission_mapper` VALUES ('11d887b2-dc65-4974-b6a6-637aea6f919b','RBObjects','CoreMembership','get','TYPE_ID_SMALL_BUSINESS','ALLOW');
INSERT INTO `service_permission_mapper` VALUES ('83d2007f-031f-4004-b227-cdadf7fdfd5f','RBObjects','Cards','reportLost','TYPE_ID_SMALL_BUSINESS','ALLOW');
INSERT INTO `service_permission_mapper` VALUES ('5925559c-afb7-4e81-a3b5-c6e8f68d91e4','RBObjects','NewUser','createPersonalInfo','TYPE_ID_SMALL_BUSINESS','ALLOW');
INSERT INTO `service_permission_mapper` VALUES ('199261b6-f413-4d96-9471-7b32b58e9210','RBObjects','SecurityQuestions','verifyCustomerSecurityQuestions','TYPE_ID_SMALL_BUSINESS','ALLOW');
INSERT INTO `service_permission_mapper` VALUES ('cb24b843-bdce-49c9-be09-4de65920ed29','RBObjects','Transactions','getUserScheduledTransactions','TYPE_ID_SMALL_BUSINESS','ALLOW');
INSERT INTO `service_permission_mapper` VALUES ('3bfdc627-71f7-490e-9032-0b2d8f298188','RBObjects','DbxUser','getEmpDetails','TYPE_ID_SMALL_BUSINESS','ALLOW');
INSERT INTO `service_permission_mapper` VALUES ('0ae3b8e5-28b4-42e9-a62a-c0c9790784cb','RBObjects','User','deactivateP2P','TYPE_ID_SMALL_BUSINESS','ALLOW');
INSERT INTO `service_permission_mapper` VALUES ('267d9a8f-b58e-4b47-834e-179a2133d834','RBObjects','OutageMessage','updateOutageMessage','TYPE_ID_SMALL_BUSINESS','ALLOW');
INSERT INTO `service_permission_mapper` VALUES ('2016a1a8-7704-41a6-9ccd-a36f2674547f','RBObjects','QrCode','create','TYPE_ID_SMALL_BUSINESS','ALLOW');
INSERT INTO `service_permission_mapper` VALUES ('f6cb96a7-9170-4366-bc36-7f508293c4ea','RBObjects','DbxUser','requestResetPasswordOTP','TYPE_ID_SMALL_BUSINESS','ALLOW');
INSERT INTO `service_permission_mapper` VALUES ('8847a6fa-c664-4157-9fe7-64790bd90ab4','AccountAggregation','SelectedAccounts','update','TYPE_ID_SMALL_BUSINESS','ALLOW');
INSERT INTO `service_permission_mapper` VALUES ('29712128-01d3-4512-8159-3e12f1cd29ec','RBObjects','NewUser','resetNewUserData','TYPE_ID_SMALL_BUSINESS','ALLOW');
INSERT INTO `service_permission_mapper` VALUES ('40cac510-72e3-44ba-b7ca-69e5999548c5','RBObjects','Organization','getOrganizationName','TYPE_ID_SMALL_BUSINESS','ALLOW');
INSERT INTO `service_permission_mapper` VALUES ('760bae33-bc07-45db-8c76-c2478b4ec31d','RBObjects','Locations','getLocationDetails','TYPE_ID_SMALL_BUSINESS','ALLOW');
INSERT INTO `service_permission_mapper` VALUES ('a3dcc6f3-216e-4a40-b4a8-955247f9f417','RBObjects','p2registration','get','TYPE_ID_SMALL_BUSINESS','ALLOW');
INSERT INTO `service_permission_mapper` VALUES ('17570d31-9812-4622-a42f-9cea3a243e04','RBObjects','Transactions','getUserWiredTransactions','TYPE_ID_SMALL_BUSINESS','ALLOW');
INSERT INTO `service_permission_mapper` VALUES ('626e9d8e-ee3b-4bb7-84c0-754b046fec4d','RBObjects','Browser','getSupportedBrowserMatrix','TYPE_ID_SMALL_BUSINESS','ALLOW');
INSERT INTO `service_permission_mapper` VALUES ('389f936b-1024-4294-ae72-fec52c43eb09','RBObjects','Cards','replaceCard','TYPE_ID_SMALL_BUSINESS','SERVICE_ID_72');
INSERT INTO `service_permission_mapper` VALUES ('d793be08-f588-475f-b98c-41d8d4bc7134','RBObjects','ExternalAccounts','getFrequentOtherBankAccounts','TYPE_ID_SMALL_BUSINESS','ALLOW');
INSERT INTO `service_permission_mapper` VALUES ('18c55ddd-9e4a-41d2-a0e1-ad320395fd69','RBObjects','Products','getProductList','TYPE_ID_SMALL_BUSINESS','ALLOW');
INSERT INTO `service_permission_mapper` VALUES ('7f0049da-0f69-45e6-a5ef-7a0b33ed35ac','RBObjects','UserSecurityQuestions','get','TYPE_ID_SMALL_BUSINESS','ALLOW');
INSERT INTO `service_permission_mapper` VALUES ('7b1ae053-d18f-4db9-99a3-c0de544b5017','RBObjects','SecureMessaging','getAllMessagesForARequest','TYPE_ID_SMALL_BUSINESS','ALLOW');
INSERT INTO `service_permission_mapper` VALUES ('0228eaec-be8f-4385-940a-c75ab3ebf375','RBObjects','Transactions','getPayeeBills','TYPE_ID_SMALL_BUSINESS','SERVICE_ID_100');
INSERT INTO `service_permission_mapper` VALUES ('1d073a57-7d1f-4aaf-9131-eb941f1405d8','RBObjects','User','updatePreferredDbxP2PAccounts','TYPE_ID_SMALL_BUSINESS','ALLOW');
INSERT INTO `service_permission_mapper` VALUES ('71e5f840-7688-439e-9b5b-8f4f8ceb7252','RBObjects','User','activateDbxP2PForUser','TYPE_ID_SMALL_BUSINESS','ALLOW');
INSERT INTO `service_permission_mapper` VALUES ('52164b98-f266-4db5-bfd4-3ed3ee3cb717','RBObjects','User','checkSecureAccessCode','TYPE_ID_SMALL_BUSINESS','ALLOW');
INSERT INTO `service_permission_mapper` VALUES ('e114730d-1baa-4d15-8e23-671e3214b739','RBObjects','DbxOrganization','updateOrganization','TYPE_ID_SMALL_BUSINESS','ALLOW');
INSERT INTO `service_permission_mapper` VALUES ('f0d62d3d-8028-4209-8aa7-5d6fa2960617','RBObjects','DbxUser','GetOrgEmployeeDetails','TYPE_ID_SMALL_BUSINESS','ALLOW');
INSERT INTO `service_permission_mapper` VALUES ('01960a73-2667-4419-a829-6fa95cb895c9','RBObjects','User','updatePreferredBillPayAccount','TYPE_ID_SMALL_BUSINESS','ALLOW');
INSERT INTO `service_permission_mapper` VALUES ('44bcdbf4-69c1-4531-b275-f64d47f805e0','RBObjects','User','verifyCoreUserName','TYPE_ID_SMALL_BUSINESS','ALLOW');
INSERT INTO `service_permission_mapper` VALUES ('0b1a74ac-7631-4834-87a5-791566b4a625','RBObjects','ExternalAccounts','editExternalAccount','TYPE_ID_SMALL_BUSINESS','ALLOW');
INSERT INTO `service_permission_mapper` VALUES ('fb3cd347-06d8-49ca-9851-cdf68345778f','RBObjects','DbxUser','checkIfOrgMemberExists','TYPE_ID_SMALL_BUSINESS','ALLOW');
INSERT INTO `service_permission_mapper` VALUES ('55a3e477-bf73-4114-8f3b-b18e145b102a','RBObjects','DbxUser','updateDbxCustomer','TYPE_ID_SMALL_BUSINESS','ALLOW');
INSERT INTO `service_permission_mapper` VALUES ('7d1fa585-4ec0-4492-9e11-5e7723aac25f','AccountAggregation','MainUserBankIdentity','create','TYPE_ID_SMALL_BUSINESS','ALLOW');
INSERT INTO `service_permission_mapper` VALUES ('9d7bb3d8-761a-4967-90de-e5aa1f466804','RBObjects','User','verifyDbxExistingPassword','TYPE_ID_SMALL_BUSINESS','ALLOW');
INSERT INTO `service_permission_mapper` VALUES ('aaa341d6-1e86-4f6b-b4f7-1c13a98f001f','RBObjects','Accounts','getOrganizationAccounts','TYPE_ID_SMALL_BUSINESS','ALLOW');
INSERT INTO `service_permission_mapper` VALUES ('6dfdc715-9f0a-4e72-95bf-1d97c77345b4','RBObjects','DbxUser','requestUpdateSecurityQuestionsOTP','TYPE_ID_SMALL_BUSINESS','SERVICE_ID_104');
INSERT INTO `service_permission_mapper` VALUES ('22ca3b42-d036-4f92-aa16-f481bab36fd9','RBObjects','DbxUser','getCustomerTypes','TYPE_ID_SMALL_BUSINESS','ALLOW');
INSERT INTO `service_permission_mapper` VALUES ('d7fa5f03-4635-4052-843a-fac9b857cdeb','RBObjects','User','delete','TYPE_ID_SMALL_BUSINESS','ALLOW');
INSERT INTO `service_permission_mapper` VALUES ('643784c1-1ae7-4463-b91f-ecf493008415','RBObjects','User','checkP2PEligibilityForUser','TYPE_ID_SMALL_BUSINESS','ALLOW');
INSERT INTO `service_permission_mapper` VALUES ('fe23fa97-9857-4be2-873d-85673a01e277','RBObjects','Payee','getRecentPayee','TYPE_ID_SMALL_BUSINESS','ALLOW');
INSERT INTO `service_permission_mapper` VALUES ('0cd4c252-0ddb-4d58-a343-def271a514df','RBObjects','User','createUserFeedback','TYPE_ID_SMALL_BUSINESS','ALLOW');
INSERT INTO `service_permission_mapper` VALUES ('6c6bbcdc-d3e6-4a19-be01-b6772d23c1fa','RBObjects','Transactions','deleteTransaction','TYPE_ID_SMALL_BUSINESS','SERVICE_ID_98');
INSERT INTO `service_permission_mapper` VALUES ('805c2202-55a4-401c-8cbf-e7fba4fb1433','RBObjects','Organization','editDbxOrganization','TYPE_ID_SMALL_BUSINESS','ALLOW');
INSERT INTO `service_permission_mapper` VALUES ('1bc13052-6799-437b-9399-2fa399819411','RBObjects','SecureMessaging','updateRequest','TYPE_ID_SMALL_BUSINESS','SERVICE_ID_91');
INSERT INTO `service_permission_mapper` VALUES ('447a0cf0-9a6a-4a69-84af-358d7e5f860a','RBObjects','DirectMarketing','sendDmResponse','TYPE_ID_SMALL_BUSINESS','ALLOW');
INSERT INTO `service_permission_mapper` VALUES ('9ba02ab9-899e-4bed-a166-61c8fe81db9d','RBObjects','DeviceRegistration','get','TYPE_ID_SMALL_BUSINESS','ALLOW');
INSERT INTO `service_permission_mapper` VALUES ('908e88c1-9764-489f-b43b-ed3d958a262d','RBObjects','DirectMarketing','getDirectMarketingAds','TYPE_ID_SMALL_BUSINESS','ALLOW');
INSERT INTO `service_permission_mapper` VALUES ('6116cb05-1f29-46c7-8a98-968cde7d7f60','RBObjects','AccountType','get','TYPE_ID_SMALL_BUSINESS','ALLOW');
INSERT INTO `service_permission_mapper` VALUES ('02fb80ef-0bcf-461f-b193-95405a3ceb11','AccountAggregation','UserBanks','get','TYPE_ID_SMALL_BUSINESS','ALLOW');
INSERT INTO `service_permission_mapper` VALUES ('e239591b-1e34-4086-9e14-4f4ff4125445','RBObjects','Dashboard','getDashboard','TYPE_ID_SMALL_BUSINESS','ALLOW');
INSERT INTO `service_permission_mapper` VALUES ('9ceb731c-6f4b-40de-8db3-c00dbd71406a','RBObjects','Accounts','updateFavouriteStatus','TYPE_ID_SMALL_BUSINESS','ALLOW');
INSERT INTO `service_permission_mapper` VALUES ('ac7436a5-3606-4837-b821-f39893ba6898','RBObjects','Transactions','downloadTransactions','TYPE_ID_SMALL_BUSINESS','ALLOW');
INSERT INTO `service_permission_mapper` VALUES ('b8d802a5-b55b-4953-9ddb-56c3354ac73b','BackgroundVerification','ApplicantVerification','verifyPatroitAct','TYPE_ID_SMALL_BUSINESS','ALLOW');
INSERT INTO `service_permission_mapper` VALUES ('d2feee2f-3802-4495-b324-1e9cf3c1437d','RBObjects','Messages','MessageCount','TYPE_ID_SMALL_BUSINESS','ALLOW');
INSERT INTO `service_permission_mapper` VALUES ('76af8c19-7bf1-48cd-9b0b-8859982c95bc','RBObjects','DbxUser','getAPIPasswordLockoutSettings','TYPE_ID_SMALL_BUSINESS','ALLOW');
INSERT INTO `service_permission_mapper` VALUES ('704f59d0-19af-4095-ab4f-0606c5043c27','RBObjects','User','createCoreUser','TYPE_ID_SMALL_BUSINESS','ALLOW');
INSERT INTO `service_permission_mapper` VALUES ('58b100e1-b68a-4362-8c1f-883dc066ede3','RBObjects','User','getAllAddress','TYPE_ID_SMALL_BUSINESS','ALLOW');
INSERT INTO `service_permission_mapper` VALUES ('0c214592-eda4-4e89-ad1a-301389aa3207','RBObjects','Cards','cancelCard','TYPE_ID_SMALL_BUSINESS','ALLOW');
INSERT INTO `service_permission_mapper` VALUES ('195f6a89-cb13-479f-b149-71289462dc6e','RBObjects','DbxUser','getLocaleList','TYPE_ID_SMALL_BUSINESS','ALLOW');
INSERT INTO `service_permission_mapper` VALUES ('f1761a15-fc77-4ff9-a464-0651bd215aab','RBObjects','User','verifyCoreUser','TYPE_ID_SMALL_BUSINESS','ALLOW');
INSERT INTO `service_permission_mapper` VALUES ('95df7b01-e8d2-4058-a54c-a0bb360ed59b','AccountAggregation','SelectedAccounts','create','TYPE_ID_SMALL_BUSINESS','ALLOW');
INSERT INTO `service_permission_mapper` VALUES ('23e85caf-222a-40e9-b9be-26163dc28810','RBObjects','Payee','updateRecipient','TYPE_ID_SMALL_BUSINESS','ALLOW');
INSERT INTO `service_permission_mapper` VALUES ('1736a47e-d0e6-4619-a81f-7ffb7cb2dac4','RBObjects','User','deleteAddress','TYPE_ID_SMALL_BUSINESS','ALLOW');
INSERT INTO `service_permission_mapper` VALUES ('ef2f3e2f-4955-423b-9337-e45eb607e074','RBObjects','Payee','create','TYPE_ID_SMALL_BUSINESS','SERVICE_ID_96,SERVICE_ID_101,SERVICE_ID_102');
INSERT INTO `service_permission_mapper` VALUES ('b74e9f33-f327-4d0c-a031-e9a0973c808d','RBObjects','DbxUser','updateDbxCustomerNew','TYPE_ID_SMALL_BUSINESS','ALLOW');
INSERT INTO `service_permission_mapper` VALUES ('da46f40e-310c-4c60-b880-4c49ad174e51','RBObjects','SecureMessaging','getMessageAttachment','TYPE_ID_SMALL_BUSINESS','ALLOW');
INSERT INTO `service_permission_mapper` VALUES ('02308e6c-86cb-4c31-9e0a-c721fb2d9a2d','RBObjects','States','getRegionDetails','TYPE_ID_SMALL_BUSINESS','ALLOW');
INSERT INTO `service_permission_mapper` VALUES ('117c5afd-7fce-4a2d-b468-0be365f30b60','RBObjects','PayPerson','getRecentPayPerson','TYPE_ID_SMALL_BUSINESS','ALLOW');
INSERT INTO `service_permission_mapper` VALUES ('f3fe14d5-2f48-405b-afe7-c9d8edbc24e7','RBObjects','Transactions','getPostedDeposits','TYPE_ID_SMALL_BUSINESS','ALLOW');
INSERT INTO `service_permission_mapper` VALUES ('f3a243aa-ebb9-4b37-83f4-cfb43464335e','RBObjects','Membership','partialupdate','TYPE_ID_SMALL_BUSINESS','ALLOW');
INSERT INTO `service_permission_mapper` VALUES ('97ce1308-afed-443f-b734-952913a7483d','RBObjects','DbxUser','dbxVerifyOTP','TYPE_ID_SMALL_BUSINESS','ALLOW');
INSERT INTO `service_permission_mapper` VALUES ('71632a72-f90c-4cd1-9fc1-37299bc449cb','RBObjects','DbxUser','verifyOrganisationUser','TYPE_ID_SMALL_BUSINESS','ALLOW');
INSERT INTO `service_permission_mapper` VALUES ('819cd248-dd92-4421-b34c-f532346a09d7','RBObjects','PFMAccounts','get','TYPE_ID_SMALL_BUSINESS','ALLOW');
INSERT INTO `service_permission_mapper` VALUES ('93167a94-4c93-4bb5-9121-2a4a29d73bc5','RBObjects','DbxUser','EditOrganizationEmployee','TYPE_ID_SMALL_BUSINESS','ALLOW');
INSERT INTO `service_permission_mapper` VALUES ('2882ed4e-26c5-4494-a787-896ce31dfbdc','RBObjects','NewUser','userCreditCheck','TYPE_ID_SMALL_BUSINESS','ALLOW');
INSERT INTO `service_permission_mapper` VALUES ('20525532-b5c6-488b-b0aa-8e4beab034cd','RBObjects','ExchangeRates','get','TYPE_ID_SMALL_BUSINESS','ALLOW');
INSERT INTO `service_permission_mapper` VALUES ('31c81943-472a-4685-933c-3e73324b746c','RBObjects','Cards','unlockCard','TYPE_ID_SMALL_BUSINESS','SERVICE_ID_71');
INSERT INTO `service_permission_mapper` VALUES ('2be121a5-c46c-4cb9-9a2a-02a20f237846','RBObjects','Accounts','updateUserAccountSettingsForAdmin','TYPE_ID_SMALL_BUSINESS','ALLOW');
INSERT INTO `service_permission_mapper` VALUES ('bad7c37d-16a5-4488-bdef-ad1aeee42ec7','RBObjects','User','getUsername','TYPE_ID_SMALL_BUSINESS','ALLOW');
INSERT INTO `service_permission_mapper` VALUES ('08f132a6-a920-43cf-b9cc-f71902ca87ae','RBObjects','UserSecurityQuestions','partialupdate','TYPE_ID_SMALL_BUSINESS','ALLOW');
INSERT INTO `service_permission_mapper` VALUES ('26d93f91-878a-42cb-9cf9-a216a3f40e67','RBObjects','Informationcontent','getFAQs','TYPE_ID_SMALL_BUSINESS','ALLOW');
INSERT INTO `service_permission_mapper` VALUES ('b3246ee0-3509-46e9-bbc4-53626dbd4295','RBObjects','Transactions','getRecipientWireTransaction','TYPE_ID_SMALL_BUSINESS','ALLOW');
INSERT INTO `service_permission_mapper` VALUES ('a4a0336d-3c31-480a-a732-b5578c21555f','RBObjects','DbxUser','getPasswordRulesAndPolicy','TYPE_ID_SMALL_BUSINESS','ALLOW');
INSERT INTO `service_permission_mapper` VALUES ('aaa0f4b6-4a23-4908-81aa-e2a0e973ef3d','RBObjects','DbxUser','getCustomerCommunication','TYPE_ID_SMALL_BUSINESS','ALLOW');
INSERT INTO `service_permission_mapper` VALUES ('2fd2f362-8a8d-4dbd-9b49-ddc8c23b7388','RBObjects','DownloadTransaction','get','TYPE_ID_SMALL_BUSINESS','ALLOW');
INSERT INTO `service_permission_mapper` VALUES ('af2d1c96-bc19-4572-a7ab-6c584f1717b4','RBObjects','Transactions','createCardlessTransaction','TYPE_ID_SMALL_BUSINESS','ALLOW');
INSERT INTO `service_permission_mapper` VALUES ('ac13f910-0eee-49de-9540-d91de1ef22ae','RBObjects','DemoData','create','TYPE_ID_SMALL_BUSINESS','ALLOW');
INSERT INTO `service_permission_mapper` VALUES ('edf4178d-6cef-4cec-8820-fa9f4d1d75af','RBObjects','DbxUser','getUserNameRules','TYPE_ID_SMALL_BUSINESS','ALLOW');
INSERT INTO `service_permission_mapper` VALUES ('dc725c58-1d15-4f74-b96e-9d87cc345280','RBObjects','User','getUserDetailsToAdmin','TYPE_ID_SMALL_BUSINESS','ALLOW');
INSERT INTO `service_permission_mapper` VALUES ('62cc8f5b-b491-4563-a927-fba42a22865c','RBObjects','DbxUser','getGroupEntitlements','TYPE_ID_SMALL_BUSINESS','ALLOW');
INSERT INTO `service_permission_mapper` VALUES ('c067d1e4-40fe-48e8-8b86-bf55ea0abddb','RBObjects','DbxUser','requestEnrollOTP','TYPE_ID_SMALL_BUSINESS','ALLOW');
INSERT INTO `service_permission_mapper` VALUES ('4851085a-f7bd-468a-b567-16d909a302e3','RBObjects','DbxUser','dbxRequestOTP','TYPE_ID_SMALL_BUSINESS','ALLOW');
INSERT INTO `service_permission_mapper` VALUES ('98942d14-3a91-4c15-8456-0c376a0fe2bf','RBObjects','Messages','delete','TYPE_ID_SMALL_BUSINESS','ALLOW');
INSERT INTO `service_permission_mapper` VALUES ('7d5a11ca-792b-4eb7-83a9-77e98c93e36b','RBObjects','Applicant','CreateCoreApplicant','TYPE_ID_SMALL_BUSINESS','ALLOW');
INSERT INTO `service_permission_mapper` VALUES ('d76ffeb0-f30c-4a8e-be32-fd9e389699b5','RBObjects','DbxUserAlerts','getCustomerAlertCategoryChannelPreference','TYPE_ID_SMALL_BUSINESS','ALLOW');
INSERT INTO `service_permission_mapper` VALUES ('a5c8ca8a-82a5-4763-a99d-c31c9f476490','RBObjects','Organization','validateTin','TYPE_ID_SMALL_BUSINESS','ALLOW');
INSERT INTO `service_permission_mapper` VALUES ('efa109fd-178b-4520-9cd3-016f620d57ae','RBObjects','User','create','TYPE_ID_SMALL_BUSINESS','SERVICE_ID_43');
INSERT INTO `service_permission_mapper` VALUES ('5a0bbef8-70c2-4005-95ca-2c3719f3ac21','RBObjects','Payee','saveRecipientAfterWireTransfer','TYPE_ID_SMALL_BUSINESS','ALLOW');
INSERT INTO `service_permission_mapper` VALUES ('129986ab-3e69-4236-b99a-2597e821839d','RBObjects','UserAccountAlerts','getUserAccountAlertsForAdmin','TYPE_ID_SMALL_BUSINESS','ALLOW');
INSERT INTO `service_permission_mapper` VALUES ('467128e9-a921-4d41-a5cf-af8b5a4fd072','RBObjects','User','verifyCVV','TYPE_ID_SMALL_BUSINESS','ALLOW');
INSERT INTO `service_permission_mapper` VALUES ('6eee5d28-e5a4-44f6-b0ce-5664832cafd2','RBObjects','Campaign','getCampaignSpecifications','TYPE_ID_SMALL_BUSINESS','ALLOW');
INSERT INTO `service_permission_mapper` VALUES ('cfd6d052-ed19-4329-a3f5-3a039407683c','RBObjects','OutageMessage','createOutageMessage','TYPE_ID_SMALL_BUSINESS','ALLOW');
INSERT INTO `service_permission_mapper` VALUES ('2eb07d53-8891-4ceb-bf88-39e866fa81d7','RBObjects','AccountFeatures','get','TYPE_ID_SMALL_BUSINESS','ALLOW');
INSERT INTO `service_permission_mapper` VALUES ('c52eb044-d49a-4564-b1fe-30323db8955f','RBObjects','Transactions','getToExternalAccountTransactions','TYPE_ID_SMALL_BUSINESS','ALLOW');
INSERT INTO `service_permission_mapper` VALUES ('c7a8103d-ddc1-4a78-a837-cbf9b936a994','RBObjects','DbxUser','resetDbxUserPassword','TYPE_ID_SMALL_BUSINESS','ALLOW');
INSERT INTO `service_permission_mapper` VALUES ('bc9d5b59-81cd-44b7-9d66-e02ddd7f937e','RBObjects','Cards','getCardListForEnrolment','TYPE_ID_SMALL_BUSINESS','ALLOW');
INSERT INTO `service_permission_mapper` VALUES ('e578554e-e2cc-45b5-b6ba-029dbd560d2b','RBObjects','MessageSubCategory','get','TYPE_ID_SMALL_BUSINESS','ALLOW');
INSERT INTO `service_permission_mapper` VALUES ('8e6d75a5-4ccd-430e-a5f7-fde2a92739fe','RBObjects','ExternalAccounts','createExternalAccount','TYPE_ID_SMALL_BUSINESS','ALLOW');
INSERT INTO `service_permission_mapper` VALUES ('bf1ebfac-d4d8-49d5-a9d5-cad4b0f21903','AccountAggregation','RefreshAccounts','get','TYPE_ID_SMALL_BUSINESS','ALLOW');
INSERT INTO `service_permission_mapper` VALUES ('0b6b1ee9-9580-46e2-a728-101cf6d68503','RBObjects','AllLocations','get','TYPE_ID_SMALL_BUSINESS','ALLOW');
INSERT INTO `service_permission_mapper` VALUES ('48fa09d2-a5c8-4e50-a1c8-f54a1c4ff5fa','RBObjects','Browser','logBrowser','TYPE_ID_SMALL_BUSINESS','ALLOW');
INSERT INTO `service_permission_mapper` VALUES ('e87fa3d5-b49a-4940-997d-0b9e91d32f2b','RBObjects','CheckOrder','get','TYPE_ID_SMALL_BUSINESS','ALLOW');
INSERT INTO `service_permission_mapper` VALUES ('058592c2-5ed9-4764-9b7a-954e1120fda5','RBObjects','Phone','updatePhone','TYPE_ID_SMALL_BUSINESS','ALLOW');
INSERT INTO `service_permission_mapper` VALUES ('1366a788-5dc6-4fea-bb21-9c8a271818ae','RBObjects','ExternalAccounts','create','TYPE_ID_SMALL_BUSINESS','ALLOW');
INSERT INTO `service_permission_mapper` VALUES ('44c636e0-ec1a-4629-9b1f-5057dabb44b5','RBObjects','Cards','lockCard','TYPE_ID_SMALL_BUSINESS','SERVICE_ID_70');
INSERT INTO `service_permission_mapper` VALUES ('a40889a4-ec5d-4217-bf56-b32953b25110','RBObjects','DbxUser','updateOrganizationEmployee','TYPE_ID_SMALL_BUSINESS','ALLOW');
INSERT INTO `service_permission_mapper` VALUES ('81438d3b-8865-4fed-9f27-0f441b46a496','RBObjects','PayPerson','editPayPerson','TYPE_ID_SMALL_BUSINESS','ALLOW');
INSERT INTO `service_permission_mapper` VALUES ('4b6a5826-592f-4e57-9735-1969145ded50','RBObjects','DbxUser','getUserNameAndPasswordRules','TYPE_ID_SMALL_BUSINESS','ALLOW');
INSERT INTO `service_permission_mapper` VALUES ('a1f384f8-bcb8-4d3d-85fb-6b56ebb50c6a','RBObjects','LinkedIn','get','TYPE_ID_SMALL_BUSINESS','ALLOW');
INSERT INTO `service_permission_mapper` VALUES ('d9222b2f-60e1-461f-a646-77cb61c8b92a','RBObjects','uploadDocuments','create','TYPE_ID_SMALL_BUSINESS','ALLOW');
INSERT INTO `service_permission_mapper` VALUES ('1e5f2f71-ca12-4024-af31-ddbed42370b4','RBObjects','Transactions','getRecentUserTransactions','TYPE_ID_SMALL_BUSINESS','ALLOW');
INSERT INTO `service_permission_mapper` VALUES ('4a0414e9-e6e6-4532-9aa8-45eac5e94f9e','RBObjects','User','resetPassword','TYPE_ID_SMALL_BUSINESS','ALLOW');
INSERT INTO `service_permission_mapper` VALUES ('9bd0072a-9b32-46c6-8252-802785db88e0','RBObjects','Phone','deletePhone','TYPE_ID_SMALL_BUSINESS','ALLOW');
INSERT INTO `service_permission_mapper` VALUES ('53e4ac64-87a5-4079-a53b-d76875260c8e','RBObjects','PFMTransactions','updateBulkPFMTransaction','TYPE_ID_SMALL_BUSINESS','ALLOW');
INSERT INTO `service_permission_mapper` VALUES ('1c2be475-7c4e-4464-8670-efdc33a4ce8d','RBObjects','NewUser','uploadDocuments','TYPE_ID_SMALL_BUSINESS','ALLOW');
INSERT INTO `service_permission_mapper` VALUES ('3232225c-4fa2-457d-8afc-68dcdc8c9405','RBObjects','User','getUserStatus','TYPE_ID_SMALL_BUSINESS','ALLOW');
INSERT INTO `service_permission_mapper` VALUES ('d8bcbdb1-bacb-432a-b35b-4b046eed37d7','RBObjects','Application','get','TYPE_ID_SMALL_BUSINESS','ALLOW');
INSERT INTO `service_permission_mapper` VALUES ('77b3c6b9-77a3-44a7-9f53-c19081d8ea72','RBObjects','NewUser','getUserState','TYPE_ID_SMALL_BUSINESS','ALLOW');
INSERT INTO `service_permission_mapper` VALUES ('fb9352fc-5255-4b39-9750-02a5337de41c','RBObjects','User','checkUserEnrolled','TYPE_ID_SMALL_BUSINESS','ALLOW');
INSERT INTO `service_permission_mapper` VALUES ('cefec6b1-e22e-4634-a542-e76dabab9fb6','RBObjects','BillerMaster','searchBillerByName','TYPE_ID_SMALL_BUSINESS','ALLOW');
INSERT INTO `service_permission_mapper` VALUES ('cb3b5f5c-1489-4ae2-8e2a-16c7b436f0e4','RBObjects','DbxUser','createBBCustomerServiceLimit','TYPE_ID_SMALL_BUSINESS','ALLOW');
INSERT INTO `service_permission_mapper` VALUES ('438698e9-5712-4a90-94c4-b825114371b8','RBObjects','User','get','TYPE_ID_SMALL_BUSINESS','ALLOW');
INSERT INTO `service_permission_mapper` VALUES ('f5a201c6-46d7-4340-acac-550e4b451d58','RBObjects','Cards','getActiveCards','TYPE_ID_SMALL_BUSINESS','ALLOW');
INSERT INTO `service_permission_mapper` VALUES ('20b3dad8-4f9d-4250-ad49-674ae8d9aee4','RBObjects','DbxUser','verifyMFAOTP','TYPE_ID_SMALL_BUSINESS','ALLOW');
INSERT INTO `service_permission_mapper` VALUES ('fa441347-91de-41c7-a288-202250b12056','RBObjects','NewUserProducts','get','TYPE_ID_SMALL_BUSINESS','ALLOW');
INSERT INTO `service_permission_mapper` VALUES ('06b84bac-c741-483f-ab3c-ec2784ae5e70','RBObjects','NewUser','verifyExistingUserByEmail','TYPE_ID_SMALL_BUSINESS','ALLOW');
INSERT INTO `service_permission_mapper` VALUES ('244cdf1f-8048-40f9-860a-8fc98b82d0e5','RBObjects','SecureMessaging','createCustomerRequest','TYPE_ID_SMALL_BUSINESS','SERVICE_ID_86,SERVICE_ID_92');
INSERT INTO `service_permission_mapper` VALUES ('498b67e1-5106-463b-a3b2-f7281c6248a6','RBObjects','Transactions','getAccountPendingTransactions','TYPE_ID_SMALL_BUSINESS','ALLOW');
INSERT INTO `service_permission_mapper` VALUES ('9d6d5d43-7160-4fd3-9f3c-aa252ae799eb','RBObjects','UserAlerts','updateAlerts','TYPE_ID_SMALL_BUSINESS','ALLOW');
INSERT INTO `service_permission_mapper` VALUES ('014530ef-9e14-4146-b113-f424c14bbe81','RBObjects','Applicant','create','TYPE_ID_SMALL_BUSINESS','ALLOW');
INSERT INTO `service_permission_mapper` VALUES ('95982851-d64f-4046-ab0b-d3688cb2e8bd','RBObjects','User','verifyExternalBankAccount','TYPE_ID_SMALL_BUSINESS','ALLOW');
INSERT INTO `service_permission_mapper` VALUES ('2c954e80-4839-4c17-9f5f-eba94afb59cc','RBObjects','DbxUser','updateDBXUserPassword','TYPE_ID_SMALL_BUSINESS','ALLOW');
INSERT INTO `service_permission_mapper` VALUES ('8648f08e-b03a-4d57-9a97-d15cc75504a8','RBObjects','Payee','addRecipient','TYPE_ID_SMALL_BUSINESS','ALLOW');
INSERT INTO `service_permission_mapper` VALUES ('e32530e8-842c-44d2-a70e-564e715c9c30','RBObjects','Transactions','getScheduledTransferAndP2pTransactions','TYPE_ID_SMALL_BUSINESS','ALLOW');
INSERT INTO `service_permission_mapper` VALUES ('85b48d02-9d66-4c03-bd54-15c07d78f01a','RBObjects','SecureMessaging','getUnreadMessageCount','TYPE_ID_SMALL_BUSINESS','ALLOW');
INSERT INTO `service_permission_mapper` VALUES ('85c91e54-d4e5-4e1e-82d7-f23c4400f1e2','RBObjects','User','verifyDbxPin','TYPE_ID_SMALL_BUSINESS','ALLOW');
INSERT INTO `service_permission_mapper` VALUES ('55314d54-df30-4ffd-8f5e-6a2f9a890d09','RBObjects','Accounts','getCustomerAccounts','TYPE_ID_SMALL_BUSINESS','ALLOW');
INSERT INTO `service_permission_mapper` VALUES ('454c147e-fe8f-4ae7-9a3d-ff59a3363f3b','RBObjects','Transactions','getSentP2PTransactions','TYPE_ID_SMALL_BUSINESS','ALLOW');
INSERT INTO `service_permission_mapper` VALUES ('7cf46513-6960-4966-b37e-78712b687925','RBObjects','DeviceRegistration','delete','TYPE_ID_SMALL_BUSINESS','ALLOW');
INSERT INTO `service_permission_mapper` VALUES ('efdbdc75-41df-42bc-a42c-945ec6c1687f','RBObjects','SecurityQuestions','getRequests','TYPE_ID_SMALL_BUSINESS','ALLOW');
INSERT INTO `service_permission_mapper` VALUES ('0e94d026-58d6-44ed-a834-fb7c0dd5c44a','RBObjects','User','checkSecurityQuestionStatus','TYPE_ID_SMALL_BUSINESS','ALLOW');
INSERT INTO `service_permission_mapper` VALUES ('aa5e2efe-1db5-4efb-a04e-9e525cbbfedb','RBObjects','Campaign','getCampaignSpecificationsPreLogin','TYPE_ID_SMALL_BUSINESS','ALLOW');
INSERT INTO `service_permission_mapper` VALUES ('921768b8-896b-4f17-8eeb-30639ac11645','RBObjects','NewUser','signatureUpload','TYPE_ID_SMALL_BUSINESS','ALLOW');
INSERT INTO `service_permission_mapper` VALUES ('d40e333a-3fee-47c7-960a-0a22dd7583f0','RBObjects','PFMCategory','get','TYPE_ID_SMALL_BUSINESS','ALLOW');
INSERT INTO `service_permission_mapper` VALUES ('a0389bf0-3405-4108-8645-fab907da3459','RBObjects','DbxOrganization','createOrganization','TYPE_ID_SMALL_BUSINESS','ALLOW');
INSERT INTO `service_permission_mapper` VALUES ('9feb2e96-756c-47a3-8b6f-37047006840a','RBObjects','User','activateP2PForUser','TYPE_ID_SMALL_BUSINESS','ALLOW');
INSERT INTO `service_permission_mapper` VALUES ('a8b2101d-4355-429a-ba85-4ee2171f62ee','RBObjects','PayPerson','create','TYPE_ID_SMALL_BUSINESS','ALLOW');
INSERT INTO `service_permission_mapper` VALUES ('5e014eb0-de39-457a-a7a6-ac5d37c2d04c','RBObjects','OrganizationType','get','TYPE_ID_SMALL_BUSINESS','ALLOW');
INSERT INTO `service_permission_mapper` VALUES ('30e091a4-b3eb-4e18-a26b-0523ff125b3d','RBObjects','Transactions','getReceivedP2PTransactions','TYPE_ID_SMALL_BUSINESS','ALLOW');
INSERT INTO `service_permission_mapper` VALUES ('1d604bdc-587f-4901-9f78-556c2228d5e9','RBObjects','DbxUser','getGroups','TYPE_ID_SMALL_BUSINESS','ALLOW');
INSERT INTO `service_permission_mapper` VALUES ('dd651f87-55c6-4a73-86ba-53d10cb502a8','RBObjects','Organization','createOrganization','TYPE_ID_SMALL_BUSINESS','ALLOW');
INSERT INTO `service_permission_mapper` VALUES ('0a61192d-1ce4-4bdb-9dc1-abadcfec034a','RBObjects','User','partialupdate','TYPE_ID_SMALL_BUSINESS','ALLOW');
INSERT INTO `service_permission_mapper` VALUES ('3a7c38eb-d890-4cc4-9870-9cc2433e13a8','RBObjects','DbxUser','lockUnlockCustomer','TYPE_ID_SMALL_BUSINESS','ALLOW');
INSERT INTO `service_permission_mapper` VALUES ('aa1c5db4-4a58-4889-aa70-74a899550de4','RBObjects','Accounts','partialupdate','TYPE_ID_SMALL_BUSINESS','ALLOW');
INSERT INTO `service_permission_mapper` VALUES ('4c97eed8-5aea-4799-8b77-8fd5d242d80e','RBObjects','Application','create','TYPE_ID_SMALL_BUSINESS','ALLOW');
INSERT INTO `service_permission_mapper` VALUES ('9b1e6f52-24e9-4c83-837e-a66712038c2d','RBObjects','DbxUser','createDbxCorporateUser','TYPE_ID_SMALL_BUSINESS','ALLOW');
INSERT INTO `service_permission_mapper` VALUES ('7e7c6f66-6291-4c88-91b4-69238c128812','RBObjects','ExternalAccounts','getFrequentInternationalExternalAccounts','TYPE_ID_SMALL_BUSINESS','ALLOW');
INSERT INTO `service_permission_mapper` VALUES ('ab0b28aa-ab02-4b87-9fb8-c0c70e9248e4','RBObjects','DbxUser','getPasswordPolicy','TYPE_ID_SMALL_BUSINESS','ALLOW');
INSERT INTO `service_permission_mapper` VALUES ('07613be1-808b-4a00-85f3-40fb7d5b1c6c','RBObjects','NewUserSecurityQuestions','partialupdate','TYPE_ID_SMALL_BUSINESS','ALLOW');
INSERT INTO `service_permission_mapper` VALUES ('cc2a5e1e-27cd-4713-a070-08f1b1d07c4f','RBObjects','Accounts','updateAccountPreference','TYPE_ID_SMALL_BUSINESS','ALLOW');
INSERT INTO `service_permission_mapper` VALUES ('7a55482b-8897-4f36-bf4e-5e56eb18ba12','RBObjects','SecurityQuestions','get','TYPE_ID_SMALL_BUSINESS','ALLOW');
INSERT INTO `service_permission_mapper` VALUES ('337e1945-e750-4fdf-90a1-1773e2f7995d','RBObjects','Locations','getLocationsQuery','TYPE_ID_SMALL_BUSINESS','ALLOW');
INSERT INTO `service_permission_mapper` VALUES ('de035ba3-9f74-4fd4-a049-a7ca95c4184a','RBObjects','DbxUser','IsEmailLinkActive','TYPE_ID_SMALL_BUSINESS','ALLOW');
INSERT INTO `service_permission_mapper` VALUES ('617f9d96-a704-4ff2-b6f7-22b7300c0e5b','RBObjects','DbxUser','createDbxProspect','TYPE_ID_SMALL_BUSINESS','ALLOW');
INSERT INTO `service_permission_mapper` VALUES ('bb27434f-99d5-49b7-a95b-7f2a5557d024','RBObjects','DbxUser','requestOTPRegisterMB','TYPE_ID_SMALL_BUSINESS','ALLOW');
INSERT INTO `service_permission_mapper` VALUES ('d894eb5c-47f9-45a2-9e7f-6be195aae0d4','RBObjects','DbxUserAlerts','setAlertPreferences','TYPE_ID_SMALL_BUSINESS','SERVICE_ID_45');
INSERT INTO `service_permission_mapper` VALUES ('1f0e9d66-2f15-459d-abad-24868ce7aee4','RBObjects','Organization','verifyDbxOrganizationUser','TYPE_ID_SMALL_BUSINESS','ALLOW');
INSERT INTO `service_permission_mapper` VALUES ('19a19d12-3575-4279-8923-cbdfec321d04','RBObjects','NewUserProducts','create','TYPE_ID_SMALL_BUSINESS','ALLOW');
INSERT INTO `service_permission_mapper` VALUES ('57e01b6f-6a34-4628-8af8-32cda15577e3','RBObjects','AccountCashFlow','get','TYPE_ID_SMALL_BUSINESS','ALLOW');
INSERT INTO `service_permission_mapper` VALUES ('3fe08c4e-2709-42a6-85d0-b543c2e89b4f','RBObjects','PushNotification','get','TYPE_ID_SMALL_BUSINESS','ALLOW');
INSERT INTO `service_permission_mapper` VALUES ('3b776140-5d84-4d2e-b40c-f8378407e7b3','RBObjects','PFMBudgetGraph','get','TYPE_ID_SMALL_BUSINESS','ALLOW');
INSERT INTO `service_permission_mapper` VALUES ('f7c13638-ef8c-4189-b56d-b3bcfffe9210','RBObjects','PFMPieChart','get','TYPE_ID_SMALL_BUSINESS','ALLOW');
INSERT INTO `service_permission_mapper` VALUES ('440162fd-5db4-47f6-9876-8bbae6d5f23d','RBObjects','DigitalProfile','get','TYPE_ID_SMALL_BUSINESS','ALLOW');
INSERT INTO `service_permission_mapper` VALUES ('9937c209-0a3a-4331-a765-6675749aa554','RBObjects','ExternalAccounts','getAllExternalAccountsWithPagination','TYPE_ID_SMALL_BUSINESS','ALLOW');
INSERT INTO `service_permission_mapper` VALUES ('58e84125-5c45-4f5f-8f5f-35a96b4c7660','RBObjects','Organization','updateOrganization','TYPE_ID_SMALL_BUSINESS','ALLOW');
INSERT INTO `service_permission_mapper` VALUES ('84c6d9c0-7a76-4fd0-bfe8-e5b1632b93e8','RBObjects','Transactions','get','TYPE_ID_SMALL_BUSINESS','ALLOW');
INSERT INTO `service_permission_mapper` VALUES ('079e9145-e2a4-477b-ba24-3a015cd8b140','RBObjects','Transactions','getReceivedP2PRequest','TYPE_ID_SMALL_BUSINESS','ALLOW');
INSERT INTO `service_permission_mapper` VALUES ('69ff7376-851a-48a7-b35c-605ac6ecec0d','RBObjects','Accounts','getAccountsForAdmin','TYPE_ID_SMALL_BUSINESS','ALLOW');
INSERT INTO `service_permission_mapper` VALUES ('eb3e2002-4988-4144-86b9-8d5644f9bbcf','RBObjects','DigitalProfile','partialupdate','TYPE_ID_SMALL_BUSINESS','ALLOW');
INSERT INTO `service_permission_mapper` VALUES ('c70ce5de-87f2-4e7c-9bde-54acfe5e5445','RBObjects','ExternalAccounts','getFrequentSameBankAccount','TYPE_ID_SMALL_BUSINESS','ALLOW');
INSERT INTO `service_permission_mapper` VALUES ('23adf7ab-c6dd-4837-aa4a-402a2f3a7330','RBObjects','Transactions','createBulkBillPay','TYPE_ID_SMALL_BUSINESS','SERVICE_ID_14');
INSERT INTO `service_permission_mapper` VALUES ('473ad4af-c669-4471-a85f-0fa551827a8c','RBObjects','Currency','get','TYPE_ID_SMALL_BUSINESS','ALLOW');
INSERT INTO `service_permission_mapper` VALUES ('85c60958-13dd-4f07-871d-b45d38a33c9f','RBObjects','p2registration','create','TYPE_ID_SMALL_BUSINESS','ALLOW');
INSERT INTO `service_permission_mapper` VALUES ('671c4a7a-5757-4fb9-bb0a-1ea3bfb8bf4a','RBObjects','Cards','getTravelNotification','TYPE_ID_SMALL_BUSINESS','ALLOW');
INSERT INTO `service_permission_mapper` VALUES ('41d0d201-a7f2-49bd-b67d-e15f772e4eba','AccountAggregation','ExternalAccountsAggregation','get','TYPE_ID_SMALL_BUSINESS','ALLOW');
INSERT INTO `service_permission_mapper` VALUES ('ce6e1be2-1364-45c3-ab65-6f762fb43e37','RBObjects','User','createAddress','TYPE_ID_SMALL_BUSINESS','ALLOW');
INSERT INTO `service_permission_mapper` VALUES ('95632d2b-1fb7-4b14-99b6-0678ad90ac9b','RBObjects','Cards','createTravelNotification','TYPE_ID_SMALL_BUSINESS','ALLOW');
INSERT INTO `service_permission_mapper` VALUES ('e1c05c4e-e402-48d5-997f-a63b7e8f486e','RBObjects','UserSecurityQuestions','updateUserSecurityQuestions','TYPE_ID_SMALL_BUSINESS','ALLOW');
INSERT INTO `service_permission_mapper` VALUES ('2c799324-efe4-4c6a-8e10-a85a72e9c744','RBObjects','Cards','getCardsForAdmin','TYPE_ID_SMALL_BUSINESS','ALLOW');
INSERT INTO `service_permission_mapper` VALUES ('868823a2-319c-40bf-b072-e289f1ddafab','RBObjects','DbxUser','RegisterMBOwner','TYPE_ID_SMALL_BUSINESS','ALLOW');
INSERT INTO `service_permission_mapper` VALUES ('eaf64548-63fb-4590-b954-48b06db61b79','RBObjects','SecurityQuestions','resetSecurityQuestions','TYPE_ID_SMALL_BUSINESS','ALLOW');
INSERT INTO `service_permission_mapper` VALUES ('71159331-66aa-48fe-8cdc-bdc0444e0ae9','RBObjects','User','updatePreferredP2PAccounts','TYPE_ID_SMALL_BUSINESS','ALLOW');
INSERT INTO `service_permission_mapper` VALUES ('4a98f97d-0baa-444a-8f93-ee42c24574d7','RBObjects','Transactions','getAllP2PRequestMoneyForUser','TYPE_ID_SMALL_BUSINESS','ALLOW');
INSERT INTO `service_permission_mapper` VALUES ('4d8fa5ea-d50b-46e2-937b-cffbb2f0979b','RBObjects','Payee','getWireTransferRecipient','TYPE_ID_SMALL_BUSINESS','ALLOW');
INSERT INTO `service_permission_mapper` VALUES ('9c51c4dd-9cfa-4402-bff0-c00974698e94','RBObjects','PFMBarGraph','get','TYPE_ID_SMALL_BUSINESS','ALLOW');
INSERT INTO `service_permission_mapper` VALUES ('4449ccea-9b02-4ec4-9f65-75e0e1d007fa','AccountAggregation','MainUserBankUsers','get','TYPE_ID_SMALL_BUSINESS','ALLOW');
INSERT INTO `service_permission_mapper` VALUES ('e99dd8f7-27a6-4b6d-a103-eef69c22f9f3','RBObjects','DbxUser','upgradeToMicroBusinessUser','TYPE_ID_SMALL_BUSINESS','ALLOW');
INSERT INTO `service_permission_mapper` VALUES ('2767bbad-b5f8-4afe-8098-11502b4ab901','RBObjects','DbxUser','CoreUpdateUser','TYPE_ID_SMALL_BUSINESS','ALLOW');
INSERT INTO `service_permission_mapper` VALUES ('b00340ed-0965-4cfa-92fa-8950af08be94','RBObjects','ExternalAccounts','getDomesticAccount','TYPE_ID_SMALL_BUSINESS','ALLOW');
INSERT INTO `service_permission_mapper` VALUES ('38c61c01-0e61-4450-abb8-030270fc417e','RBObjects','Notifications','deleteNotification','TYPE_ID_SMALL_BUSINESS','SERVICE_ID_94');
INSERT INTO `service_permission_mapper` VALUES ('704e5066-1ea7-49a5-9063-30fd2e7d5fa8','RBObjects','NewUser','verifyExistingUserName','TYPE_ID_SMALL_BUSINESS','ALLOW');
INSERT INTO `service_permission_mapper` VALUES ('dcbf7c38-6651-44d3-aae6-a668cbae4aae','RBObjects','Bills','getPreviousBillsForBiller','TYPE_ID_SMALL_BUSINESS','ALLOW');
INSERT INTO `service_permission_mapper` VALUES ('25d8979c-5495-4d7b-a2bf-9fe81897199f','RBObjects','Notifications','getUnreadNotificationCount','TYPE_ID_SMALL_BUSINESS','ALLOW');
INSERT INTO `service_permission_mapper` VALUES ('6ef65c57-afe7-4a39-b360-085fc2b96167','RBObjects','ExternalAccounts','deleteExternalAccount','TYPE_ID_SMALL_BUSINESS','ALLOW');
INSERT INTO `service_permission_mapper` VALUES ('0395ced1-c647-44a9-80eb-42ae8c643cba','RBObjects','User','verifyExistingPassword','TYPE_ID_SMALL_BUSINESS','ALLOW');
INSERT INTO `service_permission_mapper` VALUES ('4a38b844-4529-4311-940f-ee37abcb5492','RBObjects','SecurityQuestions','getSecurityQuestions','TYPE_ID_SMALL_BUSINESS','ALLOW');
INSERT INTO `service_permission_mapper` VALUES ('f3e34fde-68fa-4597-81a0-22a7642a8843','RBObjects','Cards','deleteTravelNotification','TYPE_ID_SMALL_BUSINESS','ALLOW');
INSERT INTO `service_permission_mapper` VALUES ('a4b0cbc2-1502-44b8-a0bd-8f71a1975d8d','RBObjects','PFMTransactions','partialupdate','TYPE_ID_SMALL_BUSINESS','ALLOW');
INSERT INTO `service_permission_mapper` VALUES ('054fbca9-066a-45f1-9789-e86dac78ee5f','RBObjects','DbxUserAlerts','getCustomerAccountAlertPreference','TYPE_ID_SMALL_BUSINESS','ALLOW');
INSERT INTO `service_permission_mapper` VALUES ('dec4ca16-9169-4ee4-b620-e8b19c139dd3','ACHObjects','ACHAccountTypes','get','TYPE_ID_SMALL_BUSINESS','ALLOW');
INSERT INTO `service_permission_mapper` VALUES ('f8a71940-478f-44c2-9cf7-c2ec6e00f9cf','ACHObjects','ACHFile','processACHFileWithVendor','TYPE_ID_SMALL_BUSINESS','ALLOW');
INSERT INTO `service_permission_mapper` VALUES ('ffec7ee2-2956-48c8-a49e-170449220e0e','ACHObjects','ACHFile','RejectedFiles','TYPE_ID_SMALL_BUSINESS','SERVICE_ID_50,SERVICE_ID_54,SERVICE_ID_51,SERVICE_ID_55');
INSERT INTO `service_permission_mapper` VALUES ('45347297-73f9-435e-b10a-1caa962badff','ACHObjects','ACHFile','get','TYPE_ID_SMALL_BUSINESS','SERVICE_ID_49,SERVICE_ID_53');
INSERT INTO `service_permission_mapper` VALUES ('36b278d0-9538-48fb-abef-5dd897b53694','ACHObjects','ACHFile','getFileDetailsByID','TYPE_ID_SMALL_BUSINESS','SERVICE_ID_49,SERVICE_ID_53');
INSERT INTO `service_permission_mapper` VALUES ('9b15243f-5549-4823-9401-1f6b6c903086','ACHObjects','ACHFileFormats','get','TYPE_ID_SMALL_BUSINESS','ALLOW');
INSERT INTO `service_permission_mapper` VALUES ('c1b816ea-d7dd-4b76-bec7-57f5592a4886','ACHObjects','ACHTemplates','Execute','TYPE_ID_SMALL_BUSINESS','SERVICE_ID_47,SERVICE_ID_48');
INSERT INTO `service_permission_mapper` VALUES ('02794a05-1b69-40a7-84d3-1d773f41043c','ACHObjects','ACHTemplates','getTemplateDetailsById','TYPE_ID_SMALL_BUSINESS','SERVICE_ID_49,SERVICE_ID_53,SERVICE_ID_47,SERVICE_ID_48,SERVICE_ID_50,SERVICE_ID_51,SERVICE_ID_54,SERVICE_ID_55');
INSERT INTO `service_permission_mapper` VALUES ('1e62bcb4-0949-46f0-bb87-711204f96567','ACHObjects','ACHTemplates','get','TYPE_ID_SMALL_BUSINESS','SERVICE_ID_49,SERVICE_ID_53,SERVICE_ID_47,SERVICE_ID_48,SERVICE_ID_50,SERVICE_ID_51,SERVICE_ID_54,SERVICE_ID_55');
INSERT INTO `service_permission_mapper` VALUES ('0383687e-eec1-4b65-90f4-0f0d87fc2092','ACHObjects','ACHTemplates','createACHTemplate','TYPE_ID_SMALL_BUSINESS','ALLOW');
INSERT INTO `service_permission_mapper` VALUES ('dd9b460d-94e1-4936-ba33-6dffd768d863','ACHObjects','ACHTransactions','createACHCollectionWithVendor','TYPE_ID_SMALL_BUSINESS','ALLOW');
INSERT INTO `service_permission_mapper` VALUES ('49412632-282c-42be-a763-2dbf1dbb0f33','ACHObjects','ACHTransactions','getACHTransactionDetailsById','TYPE_ID_SMALL_BUSINESS','SERVICE_ID_49,SERVICE_ID_53,SERVICE_ID_47,SERVICE_ID_48,SERVICE_ID_50,SERVICE_ID_51,SERVICE_ID_54,SERVICE_ID_55');
INSERT INTO `service_permission_mapper` VALUES ('c7a914c2-bb13-47a8-b0da-0fc22a3b3d35','ACHObjects','ACHTransactions','createACHTransaction','TYPE_ID_SMALL_BUSINESS','SERVICE_ID_47,SERVICE_ID_48');
INSERT INTO `service_permission_mapper` VALUES ('450a551d-a66a-482f-86fa-b7a1a2e78635','ACHObjects','ACHTransactions','createACHPaymentWithVendor','TYPE_ID_SMALL_BUSINESS','SERVICE_ID_50,SERVICE_ID_51,SERVICE_ID_54,SERVICE_ID_55');
INSERT INTO `service_permission_mapper` VALUES ('44242b1a-3097-4383-a414-db46037defec','ACHObjects','ACHTransactions','get','TYPE_ID_SMALL_BUSINESS','SERVICE_ID_47,SERVICE_ID_49,SERVICE_ID_50,SERVICE_ID_51,SERVICE_ID_48,SERVICE_ID_53,SERVICE_ID_54,SERVICE_ID_55');
INSERT INTO `service_permission_mapper` VALUES ('c4c1fb16-44f4-4c5f-a96a-9371f713267e','ACHObjects','ACHTransactions','RejectedTransactions','TYPE_ID_SMALL_BUSINESS','SERVICE_ID_50,SERVICE_ID_51,SERVICE_ID_54,SERVICE_ID_55');
INSERT INTO `service_permission_mapper` VALUES ('24ee0dda-3748-4d1d-93ae-f1eee96001ad','ACHObjects','ACHTransactions','SaveAsTemplate','TYPE_ID_SMALL_BUSINESS','SERVICE_ID_47,SERVICE_ID_48');
INSERT INTO `service_permission_mapper` VALUES ('59f68d93-278e-4656-aa82-167c2909fab6','ACHObjects','CashPositions','getCashPositions','TYPE_ID_SMALL_BUSINESS','ALLOW');
INSERT INTO `service_permission_mapper` VALUES ('076d79dd-db61-4ea1-bc1f-0c62d4fcf7fd','ACHObjects','TaxSubType','FetchTaxSubTypes','TYPE_ID_SMALL_BUSINESS','ALLOW');
INSERT INTO `service_permission_mapper` VALUES ('1223e87f-d4e5-45a2-881d-2463c89d1637','ACHObjects','TaxType','get','TYPE_ID_SMALL_BUSINESS','ALLOW');
INSERT INTO `service_permission_mapper` VALUES ('9046cbc3-1f86-4f4b-906d-5fa39a2a3ffb','ACHObjects','TemplateRecords','fetchTemplateRecordById','TYPE_ID_SMALL_BUSINESS','SERVICE_ID_47,SERVICE_ID_48,SERVICE_ID_49,SERVICE_ID_53,SERVICE_ID_50,SERVICE_ID_54,SERVICE_ID_51,SERVICE_ID_55');
INSERT INTO `service_permission_mapper` VALUES ('0461c588-651b-4388-b836-587ec404576a','ACHObjects','TemplateRequestTypes','FetchTemplateRequestTypes','TYPE_ID_SMALL_BUSINESS','ALLOW');
INSERT INTO `service_permission_mapper` VALUES ('015aa32c-e85d-44c8-83cd-beb6c1ff7a34','ACHObjects','TemplateSubRecord','fetchTemplateSubRecords','TYPE_ID_SMALL_BUSINESS','SERVICE_ID_47,SERVICE_ID_48,SERVICE_ID_49,SERVICE_ID_53,SERVICE_ID_50,SERVICE_ID_54,SERVICE_ID_51,SERVICE_ID_55');
INSERT INTO `service_permission_mapper` VALUES ('de841c11-54fa-4106-a816-593646b99bf2','ACHObjects','TemplateTypes','get','TYPE_ID_SMALL_BUSINESS','ALLOW');
INSERT INTO `service_permission_mapper` VALUES ('a63d0579-fa73-45f3-bc4e-9e12569ecb86','ACHObjects','TransactionRecords','fetchTransactionRecordsById','TYPE_ID_SMALL_BUSINESS','SERVICE_ID_47,SERVICE_ID_48,SERVICE_ID_49,SERVICE_ID_53,SERVICE_ID_50,SERVICE_ID_54,SERVICE_ID_51,SERVICE_ID_55');
INSERT INTO `service_permission_mapper` VALUES ('346c1333-97bd-4a66-b02d-f6f4543c8576','ACHObjects','TransactionSubRecord','fetchTransactionSubRecords','TYPE_ID_SMALL_BUSINESS','SERVICE_ID_47,SERVICE_ID_48,SERVICE_ID_49,SERVICE_ID_53,SERVICE_ID_50,SERVICE_ID_54,SERVICE_ID_51,SERVICE_ID_55');
INSERT INTO `service_permission_mapper` VALUES ('a0e7bb1e-cb6f-4372-99e3-aee943b8d868','ACHObjects','TransactionTypes','get','TYPE_ID_SMALL_BUSINESS','ALLOW');
INSERT INTO `service_permission_mapper` VALUES ('316c652f-ae6b-4889-9e87-62868cd1fb2b','ApprovalRequestObjects','Counts','get','TYPE_ID_SMALL_BUSINESS','SERVICE_ID_50,SERVICE_ID_51,SERVICE_ID_54,SERVICE_ID_55');
INSERT INTO `service_permission_mapper` VALUES ('c6c5791c-e1c5-4f2d-b32a-19412cbead22','ApprovalRequestObjects','MyApprovals','rejectACHTransaction','TYPE_ID_SMALL_BUSINESS','SERVICE_ID_50,SERVICE_ID_51,SERVICE_ID_54,SERVICE_ID_55');
INSERT INTO `service_permission_mapper` VALUES ('670727b1-89a5-482a-aff7-02cf2937dc32','ApprovalRequestObjects','MyApprovals','getACHFiles','TYPE_ID_SMALL_BUSINESS','SERVICE_ID_50,SERVICE_ID_51,SERVICE_ID_54,SERVICE_ID_55');
INSERT INTO `service_permission_mapper` VALUES ('2276f41d-7774-4561-8f98-68f658054440','ApprovalRequestObjects','MyApprovals','approveACHTransaction','TYPE_ID_SMALL_BUSINESS','SERVICE_ID_50,SERVICE_ID_51,SERVICE_ID_54,SERVICE_ID_55');
INSERT INTO `service_permission_mapper` VALUES ('bc07e4e7-2f8b-4d6a-a61f-b15417f54b6d','ApprovalRequestObjects','MyApprovals','approveACHFile','TYPE_ID_SMALL_BUSINESS','SERVICE_ID_50,SERVICE_ID_51,SERVICE_ID_54,SERVICE_ID_55');
INSERT INTO `service_permission_mapper` VALUES ('22dea97e-8e24-4a91-8151-5049381b7160','ApprovalRequestObjects','MyApprovals','approveBBGeneralTransaction','TYPE_ID_SMALL_BUSINESS','SERVICE_ID_17,SERVICE_ID_18,SERVICE_ID_20,SERVICE_ID_21,SERVICE_ID_24,SERVICE_ID_25,SERVICE_ID_28,SERVICE_ID_29,SERVICE_ID_32,SERVICE_ID_33,SERVICE_ID_60,SERVICE_ID_61,SERVICE_ID_64,SERVICE_ID_65');
INSERT INTO `service_permission_mapper` VALUES ('59cc67ca-5352-4cbd-9f3b-cd421c4e9599','ApprovalRequestObjects','MyApprovals','rejectBBGeneralTransaction','TYPE_ID_SMALL_BUSINESS','SERVICE_ID_17,SERVICE_ID_18,SERVICE_ID_20,SERVICE_ID_21,SERVICE_ID_24,SERVICE_ID_25,SERVICE_ID_28,SERVICE_ID_29,SERVICE_ID_32,SERVICE_ID_33,SERVICE_ID_60,SERVICE_ID_61,SERVICE_ID_64,SERVICE_ID_65');
INSERT INTO `service_permission_mapper` VALUES ('479e7075-4e50-460e-9a87-f8121d68bcd4','ApprovalRequestObjects','MyApprovals','getGeneralTransactions','TYPE_ID_SMALL_BUSINESS','SERVICE_ID_17,SERVICE_ID_18,SERVICE_ID_20,SERVICE_ID_21,SERVICE_ID_24,SERVICE_ID_25,SERVICE_ID_28,SERVICE_ID_29,SERVICE_ID_32,SERVICE_ID_33,SERVICE_ID_60,SERVICE_ID_61,SERVICE_ID_64,SERVICE_ID_65');
INSERT INTO `service_permission_mapper` VALUES ('346446e8-4406-4ef1-b015-60508aa2fc86','ApprovalRequestObjects','MyApprovals','rejectACHFile','TYPE_ID_SMALL_BUSINESS','SERVICE_ID_50,SERVICE_ID_51,SERVICE_ID_54,SERVICE_ID_55');
INSERT INTO `service_permission_mapper` VALUES ('862f202d-72f7-4c23-b823-1ebc0e8d9d30','ApprovalRequestObjects','MyApprovals','getACHTransactions','TYPE_ID_SMALL_BUSINESS','SERVICE_ID_50,SERVICE_ID_51,SERVICE_ID_54,SERVICE_ID_55');
INSERT INTO `service_permission_mapper` VALUES ('896e2cab-846a-4234-9dd1-e638e07532fe','ApprovalRequestObjects','MyRequests','getGeneralTransactionsReqeustedByMe','TYPE_ID_SMALL_BUSINESS','SERVICE_ID_10,SERVICE_ID_11,SERVICE_ID_12,SERVICE_ID_13,SERVICE_ID_14,SERVICE_ID_57,SERVICE_ID_58');
INSERT INTO `service_permission_mapper` VALUES ('0f44044e-8bdd-47a5-b633-e8c7d0ddc62f','ApprovalRequestObjects','MyRequests','withdrawACHTransaction','TYPE_ID_SMALL_BUSINESS','SERVICE_ID_47,SERVICE_ID_48');
INSERT INTO `service_permission_mapper` VALUES ('ca91c180-6707-445e-a083-65469ceb332d','ApprovalRequestObjects','MyRequests','get','TYPE_ID_SMALL_BUSINESS','SERVICE_ID_47,SERVICE_ID_48');
INSERT INTO `service_permission_mapper` VALUES ('6d56695b-81ac-4296-a333-5a90a2e07adc','ApprovalRequestObjects','MyRequests','getACHTransactionsRequestedByMe','TYPE_ID_SMALL_BUSINESS','SERVICE_ID_47,SERVICE_ID_48');
INSERT INTO `service_permission_mapper` VALUES ('d3f32f95-911f-49ae-ade0-d1775cb32628','ApprovalRequestObjects','MyRequests','withdrawGeneralTransaction','TYPE_ID_SMALL_BUSINESS','SERVICE_ID_10,SERVICE_ID_11,SERVICE_ID_12,SERVICE_ID_13,SERVICE_ID_14,SERVICE_ID_57,SERVICE_ID_58');
INSERT INTO `service_permission_mapper` VALUES ('4f54f243-26d9-4551-bd8f-51e35a0bc879','ApprovalRequestObjects','MyRequests','withdrawACHFile','TYPE_ID_SMALL_BUSINESS','SERVICE_ID_47,SERVICE_ID_48');
INSERT INTO `service_permission_mapper` VALUES ('b4997d93-00d4-43d7-9c74-2e2bc0dd3727','ApprovalRequestObjects','MyRequests','getACHFilesRequestedByMe','TYPE_ID_SMALL_BUSINESS','SERVICE_ID_47,SERVICE_ID_48');
INSERT INTO `service_permission_mapper` VALUES ('9ded3859-ac13-4db2-a2cb-242d8749844d','TransactionObjects','BBGeneralTransactions','getBBGeneralTransactionDetailsByID','TYPE_ID_SMALL_BUSINESS','SERVICE_ID_17,SERVICE_ID_18,SERVICE_ID_20,SERVICE_ID_21,SERVICE_ID_24,SERVICE_ID_25,SERVICE_ID_28,SERVICE_ID_29,SERVICE_ID_32,SERVICE_ID_33,SERVICE_ID_60,SERVICE_ID_61,SERVICE_ID_64,SERVICE_ID_65');
INSERT INTO `service_permission_mapper` VALUES ('1cde6117-bc60-403a-8a4e-0a0074c9742b','TransactionObjects','BBGeneralTransactions','RejectedGenTransactions','TYPE_ID_SMALL_BUSINESS','SERVICE_ID_17,SERVICE_ID_20,SERVICE_ID_24,SERVICE_ID_28,SERVICE_ID_32,SERVICE_ID_60,SERVICE_ID_64,SERVICE_ID_18,SERVICE_ID_21,SERVICE_ID_25,SERVICE_ID_29,SERVICE_ID_33,SERVICE_ID_61,SERVICE_ID_65,SERVICE_ID_10,SERVICE_ID_11,SERVICE_ID_12,SERVICE_ID_13,SERVICE_ID_14,SERVICE_ID_57,SERVICE_ID_58');
INSERT INTO `service_permission_mapper` VALUES ('6515ec3b-c834-4c63-b32a-df010b7c8332','TransactionObjects','BBGeneralTransactions','createBBTransaction','TYPE_ID_SMALL_BUSINESS','SERVICE_ID_17,SERVICE_ID_20,SERVICE_ID_24,SERVICE_ID_28,SERVICE_ID_32,SERVICE_ID_60,SERVICE_ID_64,SERVICE_ID_18,SERVICE_ID_21,SERVICE_ID_25,SERVICE_ID_29,SERVICE_ID_33,SERVICE_ID_61,SERVICE_ID_65');
INSERT INTO `service_permission_mapper` VALUES ('b778c454-ada8-411a-9885-9e4dbba7c04f','RBObjects','TermsAndConditions','getCustomerTermsAndConditionsPostLogin','TYPE_ID_SMALL_BUSINESS','ALLOW');
INSERT INTO `service_permission_mapper` VALUES ('c7894456-16e5-4440-8955-d54b4a354f45', 'RBObjects', 'TermsAndConditions', 'createCustomerTNCForLogin', 'TYPE_ID_SMALL_BUSINESS', 'ALLOW');
INSERT INTO `service_permission_mapper` VALUES ('b3cceb13-06f6-446b-afd9-0b4e7a7e0d27', 'RBObjects', 'TermsAndConditions', 'getCustomerTermsAndConditionsPreLogin', 'TYPE_ID_SMALL_BUSINESS', 'ALLOW');

-- Terms And Conditions for ACH

INSERT INTO `termandcondition` (`id`, `Code`, `Title`, `Description`) VALUES ('1920022', 'ACH_TnC', 'ACH Payments and Collections', 'T&C for ACH Payments and Collections');
INSERT INTO `termandconditiontext` (`id`, `TermAndConditionId`, `LanguageCode`, `Version_Id`, `Description`, `ContentType_id`, `ContentModifiedBy`, `Status_id`) VALUES ('3450022', '1920022', 'en-US', '1.0', 'T&C for ACH Payments and Collections', 'TEXT', 'Kony User', 'SID_TANDC_ACTIVE');
UPDATE `termandconditiontext` SET `Content` = '<b class=\"\">Service<o :P class=\"\"></o:p></b>&nbsp;<div>&nbsp;\n<br>Bank provides automated clearing\nhouse (ACH) origination services that will enable Customer to do one or more\nof the following: originate ACH Debit Entries; originate ACH Credit Entries;\nand instruct the Bank to issue or transmit prenotifications, reversals,\nrequests for return, notifications of change or other information pertaining to\nthe Entries.&nbsp;</div><div><o :P class=\"\"></o:p>\n\n<br>Origination of ACH Credit Entries\nand origination of ACH Debit Entries are two separate services and approval or\nset up for one ACH service does not automatically create the ability to utilize\nthe other. The Rules and these Service Terms shall apply to all Entries,\nwhether or not transmitted through an ACH Operator. It is Customers\nresponsibility to provide Entries and instructions to Bank with all the necessary\ninformation to complete Customers requested transactions.&nbsp;</div><div><o :P class=\"\"></o:p>\n\n<br>Customer agrees to transmit\nEntries to Bank in the manner, at the times and in accordance with approved\nmedia, content and format as agreed by Bank and Customer. Bank may reject or\ndelay processing transactions or information if instructions are not complete\nor are inaccurate, contain an inactive Company ID or otherwise do not meet the\ncriteria Bank specifies for acceptance.&nbsp;</div><div><o :P class=\"\"></o:p>\n\n<br>All requests to Bank must be\nreceived by Bank before Banks established cut-off time in order for processing\nto commence on that ACH processing day. Any request that is incomplete or that\nBank finishes receiving after the relevant cut-off time will be processed by\nBank on the next day Bank processes ACH transactions. All transactions are\nsubject to acceptance by Bank. Bank will notify Customer of any transactions or\nother transmissions that are rejected or returned. If Customer wants Bank to\nre-process those transactions or transmissions, Customer must correct them and\nre-submit them.&nbsp;</div><div><o :P class=\"\"></o:p>\n\n<br>Customer agrees to furnish Bank\nwith copies of any authorizations or notifications, if requested, as well as\nany other information reasonably requested by Bank relating to Entries\noriginated by the Customer. Customer shall provide Banks auditors and other\npersonnel with reasonable access at all reasonable times to the Customers\nfacilities, data and records relating to the initiation of Entries for the\npurpose of auditing Customers compliance with these Service Terms and the\nRules.&nbsp;</div><div><o :P class=\"\"></o:p>\n\n<br><b class=\"\">Security and Data Protection Procedures.&nbsp;</b></div><div><b class=\"\"><o :P class=\"\"></o:p></b>\n\n<b><br></b>All instructions received by Bank\nin Customers name are subject to verification pursuant to mutually agreed\nsecurity procedures. If Bank follows those procedures, Bank may process and\ntransmit transactions or information in Customers name.&nbsp;<o :P class=\"\"></o:p></div>' WHERE (`id` = '3450022'); 
INSERT INTO `termandconditionapp` (`id`, `TermAndConditionId`, `AppId`, `createdby`) VALUES ('2312352', '1920022', 'BUSINESS_BANKING', 'Kony user');

